================================================================================
COLUMN GENERATION SF - PRICING SUBPROBLEM LOGS
================================================================================
Instance: ../Facility_Location/instances/cap91.txt
K: 2, S: 25
Pricing Type: 2
Started: 2025-12-03T03:03:42.540
================================================================================

================================================================================
PRICING SUBPROBLEM TYPE 2 (SF) - ITERATION 1
================================================================================
Timestamp: 2025-12-03T03:03:44.661
Problem size: 25 scenarios, 25 facilities, 50 customers
================================================================================

Gurobi 12.0.3 (mac64[arm]) logging started Wed Dec  3 03:03:44 2025

Set parameter LogFile to value "/Users/arnav/projects/Candidate-Selection-via-Stochastic-IP/CCG/logs/CG_SF_FL_cap91_K2_S25_pricing_20251203_030342.log"
Set parameter LogToConsole to value 0
Set parameter MIPFocus to value 1
Set parameter WorkLimit to value 300

Gurobi 12.0.3 (mac64[arm]) logging started Wed Dec  3 03:03:44 2025

Set parameter LogFile to value "/Users/arnav/projects/Candidate-Selection-via-Stochastic-IP/CCG/logs/CG_SF_FL_cap91_K2_S25_pricing_20251203_030342.log"
Gurobi Optimizer version 12.0.3 build v12.0.3rc0 (mac64[arm] - Darwin 24.6.0 24G84)

CPU model: Apple M4
Thread count: 10 physical cores, 10 logical processors, using up to 10 threads

Non-default parameters:
WorkLimit  300
MIPFocus  1
LogToConsole  0
PoolSearchMode  2

Optimize a model with 3750 rows, 33175 columns and 69996 nonzeros
Model fingerprint: 0x21dc53ed
Variable types: 32500 continuous, 675 integer (675 binary)
Coefficient statistics:
  Matrix range     [1e+00, 2e+04]
  Objective range  [3e-01, 2e+06]
  Bounds range     [0e+00, 0e+00]
  RHS range        [1e+00, 1e+00]
Found heuristic solution: objective 0.0000000
Presolve removed 629 rows and 16354 columns
Presolve time: 0.02s
Presolved: 3121 rows, 16821 columns, 37292 nonzeros
Variable types: 16146 continuous, 675 integer (675 binary)
Found heuristic solution: objective -2335409.121
Found heuristic solution: objective -2895261.142

Root relaxation: objective -3.116738e+06, 275 iterations, 0.00 seconds (0.01 work units)

    Nodes    |    Current Node    |     Objective Bounds      |     Work
 Expl Unexpl |  Obj  Depth IntInf | Incumbent    BestBd   Gap | It/Node Time

     0     0 -3116737.8    0   30 -2895261.1 -3116737.8  7.65%     -    0s
H    0     0                    -2975818.993 -3116737.8  4.74%     -    0s
H    0     0                    -3011980.983 -3116737.8  3.48%     -    0s
H    0     0                    -3042115.208 -3116737.8  2.45%     -    0s
H    0     0                    -3096981.355 -3116737.8  0.64%     -    0s
H    0     0                    -3098935.195 -3116737.8  0.57%     -    0s
     0     0 -3109391.5    0   33 -3098935.2 -3109391.5  0.34%     -    0s
     0     0 -3108507.6    0   33 -3098935.2 -3108507.6  0.31%     -    0s
     0     0 -3108401.8    0   30 -3098935.2 -3108401.8  0.31%     -    0s
     0     0 -3108064.1    0   33 -3098935.2 -3108064.1  0.29%     -    0s
     0     0 -3107905.5    0   33 -3098935.2 -3107905.5  0.29%     -    0s
     0     0 -3105421.5    0   27 -3098935.2 -3105421.5  0.21%     -    0s
     0     0 -3104640.8    0   27 -3098935.2 -3104640.8  0.18%     -    0s
     0     0 -3104569.7    0   27 -3098935.2 -3104569.7  0.18%     -    0s
     0     0 -3104557.9    0   27 -3098935.2 -3104557.9  0.18%     -    0s
     0     0 -3104539.7    0   27 -3098935.2 -3104539.7  0.18%     -    0s
     0     0 -3104491.8    0   27 -3098935.2 -3104491.8  0.18%     -    0s
     0     0 -3102945.1    0   24 -3098935.2 -3102945.1  0.13%     -    0s
     0     0 -3102067.3    0   12 -3098935.2 -3102067.3  0.10%     -    0s
     0     0 -3102035.4    0   21 -3098935.2 -3102035.4  0.10%     -    0s
     0     0 -3102021.7    0   21 -3098935.2 -3102021.7  0.10%     -    0s
     0     0 -3102021.4    0   18 -3098935.2 -3102021.4  0.10%     -    0s
     0     0 -3101924.1    0    6 -3098935.2 -3101924.1  0.10%     -    0s
     0     0 -3101902.8    0    6 -3098935.2 -3101902.8  0.10%     -    0s
     0     0 -3101901.5    0   18 -3098935.2 -3101901.5  0.10%     -    0s
     0     0 -3101901.0    0    6 -3098935.2 -3101901.0  0.10%     -    0s
     0     2 -3101882.2    0    6 -3098935.2 -3101882.2  0.10%     -    0s

Optimal solution found at node 212 - now completing solution pool...

    Nodes    |    Current Node    |      Pool Obj. Bounds     |     Work
             |                    |   Worst                   |
 Expl Unexpl |  Obj  Depth IntInf | Incumbent    BestBd   Gap | It/Node Time

   212   118     cutoff    9      -3095762.2 -3098935.2  0.10%  19.0    0s

Cutting planes:
  Gomory: 1
  Lift-and-project: 5
  Implied bound: 104
  MIR: 10
  Flow cover: 8
  RLT: 12
  Relax-and-lift: 19

Explored 414 nodes (5651 simplex iterations) in 0.72 seconds (1.12 work units)
Thread count was 10 (of 10 available processors)

Solution count 10: -3.09894e+06 -3.09735e+06 -3.0971e+06 ... -3.09584e+06
No other solutions better than -3.09584e+06

Optimal solution found (tolerance 1.00e-04)
Best objective -3.098935194577e+06, best bound -3.098935194577e+06, gap -0.0000%

User-callback calls 1514, time in user-callback 0.00 sec

================================================================================
PRICING SUBPROBLEM TYPE 2 (SF) - ITERATION 2
================================================================================
Timestamp: 2025-12-03T03:03:47.171
Problem size: 25 scenarios, 25 facilities, 50 customers
================================================================================

Gurobi 12.0.3 (mac64[arm]) logging started Wed Dec  3 03:03:47 2025

Set parameter LogFile to value "/Users/arnav/projects/Candidate-Selection-via-Stochastic-IP/CCG/logs/CG_SF_FL_cap91_K2_S25_pricing_20251203_030342.log"
Set parameter LogToConsole to value 0
Set parameter MIPFocus to value 1
Set parameter WorkLimit to value 300

Gurobi 12.0.3 (mac64[arm]) logging started Wed Dec  3 03:03:47 2025

Set parameter LogFile to value "/Users/arnav/projects/Candidate-Selection-via-Stochastic-IP/CCG/logs/CG_SF_FL_cap91_K2_S25_pricing_20251203_030342.log"
Gurobi Optimizer version 12.0.3 build v12.0.3rc0 (mac64[arm] - Darwin 24.6.0 24G84)

CPU model: Apple M4
Thread count: 10 physical cores, 10 logical processors, using up to 10 threads

Non-default parameters:
WorkLimit  300
MIPFocus  1
LogToConsole  0
PoolSearchMode  2

Optimize a model with 3750 rows, 33175 columns and 69996 nonzeros
Model fingerprint: 0xd146b15f
Variable types: 32500 continuous, 675 integer (675 binary)
Coefficient statistics:
  Matrix range     [1e+00, 2e+04]
  Objective range  [3e-01, 3e+06]
  Bounds range     [0e+00, 0e+00]
  RHS range        [1e+00, 1e+00]
Found heuristic solution: objective 0.0000000
Presolve removed 629 rows and 16354 columns
Presolve time: 0.02s
Presolved: 3121 rows, 16821 columns, 37292 nonzeros
Variable types: 16146 continuous, 675 integer (675 binary)
Found heuristic solution: objective -4051691.752
Found heuristic solution: objective -4506862.956

Root relaxation: objective -4.717333e+06, 298 iterations, 0.00 seconds (0.01 work units)

    Nodes    |    Current Node    |     Objective Bounds      |     Work
 Expl Unexpl |  Obj  Depth IntInf | Incumbent    BestBd   Gap | It/Node Time

     0     0 -4717332.6    0   33 -4506863.0 -4717332.6  4.67%     -    0s
H    0     0                    -4571945.697 -4717332.6  3.18%     -    0s
H    0     0                    -4609915.718 -4717332.6  2.33%     -    0s
H    0     0                    -4648602.662 -4717332.6  1.48%     -    0s
H    0     0                    -4689720.817 -4717332.6  0.59%     -    0s
H    0     0                    -4690934.602 -4717332.6  0.56%     -    0s
H    0     0                    -4691198.009 -4717332.6  0.56%     -    0s
H    0     0                    -4692154.334 -4717332.6  0.54%     -    0s
     0     0 -4702197.8    0   33 -4692154.3 -4702197.8  0.21%     -    0s
     0     0 -4701420.1    0   30 -4692154.3 -4701420.1  0.20%     -    0s
     0     0 -4701384.9    0   30 -4692154.3 -4701384.9  0.20%     -    0s
     0     0 -4701330.8    0   30 -4692154.3 -4701330.8  0.20%     -    0s
     0     0 -4699488.9    0   33 -4692154.3 -4699488.9  0.16%     -    0s
     0     0 -4697545.5    0   30 -4692154.3 -4697545.5  0.11%     -    0s
     0     0 -4696776.0    0   24 -4692154.3 -4696776.0  0.10%     -    0s
     0     0 -4696762.2    0   27 -4692154.3 -4696762.2  0.10%     -    0s
     0     0 -4696728.5    0   30 -4692154.3 -4696728.5  0.10%     -    0s
     0     0 -4695863.3    0   21 -4692154.3 -4695863.3  0.08%     -    0s
     0     0 -4695519.8    0   27 -4692154.3 -4695519.8  0.07%     -    0s
     0     0 -4695177.5    0   12 -4692154.3 -4695177.5  0.06%     -    0s
     0     0 -4695161.9    0   24 -4692154.3 -4695161.9  0.06%     -    0s
     0     0 -4695161.0    0   12 -4692154.3 -4695161.0  0.06%     -    0s
     0     0 -4694345.1    0   21 -4692154.3 -4694345.1  0.05%     -    0s
     0     0 -4694031.4    0   15 -4692154.3 -4694031.4  0.04%     -    0s
     0     0 -4693987.1    0   18 -4692154.3 -4693987.1  0.04%     -    0s
     0     0 -4693956.3    0   15 -4692154.3 -4693956.3  0.04%     -    0s
     0     0 -4693951.8    0   15 -4692154.3 -4693951.8  0.04%     -    0s
     0     0 -4693939.3    0   15 -4692154.3 -4693939.3  0.04%     -    0s
     0     0 -4693911.7    0   18 -4692154.3 -4693911.7  0.04%     -    0s
     0     2 -4692318.9    0   18 -4692154.3 -4692318.9  0.00%     -    0s

Optimal solution found at node 154 - now completing solution pool...

    Nodes    |    Current Node    |      Pool Obj. Bounds     |     Work
             |                    |   Worst                   |
 Expl Unexpl |  Obj  Depth IntInf | Incumbent    BestBd   Gap | It/Node Time

   154    97          -   12      -4689907.3 -4692154.3  0.05%  17.2    0s

Cutting planes:
  Lift-and-project: 4
  Implied bound: 97
  MIR: 9
  Flow cover: 6
  RLT: 2
  Relax-and-lift: 24

Explored 406 nodes (4532 simplex iterations) in 0.76 seconds (1.19 work units)
Thread count was 10 (of 10 available processors)

Solution count 10: -4.69215e+06 -4.69203e+06 -4.69139e+06 ... -4.69074e+06
No other solutions better than -4.69074e+06

Optimal solution found (tolerance 1.00e-04)
Best objective -4.692154334169e+06, best bound -4.692154334169e+06, gap -0.0000%

User-callback calls 1528, time in user-callback 0.00 sec

================================================================================
PRICING SUBPROBLEM TYPE 2 (SF) - ITERATION 3
================================================================================
Timestamp: 2025-12-03T03:03:49.179
Problem size: 25 scenarios, 25 facilities, 50 customers
================================================================================

Gurobi 12.0.3 (mac64[arm]) logging started Wed Dec  3 03:03:49 2025

Set parameter LogFile to value "/Users/arnav/projects/Candidate-Selection-via-Stochastic-IP/CCG/logs/CG_SF_FL_cap91_K2_S25_pricing_20251203_030342.log"
Set parameter LogToConsole to value 0
Set parameter MIPFocus to value 1
Set parameter WorkLimit to value 300

Gurobi 12.0.3 (mac64[arm]) logging started Wed Dec  3 03:03:49 2025

Set parameter LogFile to value "/Users/arnav/projects/Candidate-Selection-via-Stochastic-IP/CCG/logs/CG_SF_FL_cap91_K2_S25_pricing_20251203_030342.log"
Gurobi Optimizer version 12.0.3 build v12.0.3rc0 (mac64[arm] - Darwin 24.6.0 24G84)

CPU model: Apple M4
Thread count: 10 physical cores, 10 logical processors, using up to 10 threads

Non-default parameters:
WorkLimit  300
MIPFocus  1
LogToConsole  0
PoolSearchMode  2

Optimize a model with 3750 rows, 33175 columns and 69996 nonzeros
Model fingerprint: 0xe7161170
Variable types: 32500 continuous, 675 integer (675 binary)
Coefficient statistics:
  Matrix range     [1e+00, 2e+04]
  Objective range  [3e-01, 2e+06]
  Bounds range     [0e+00, 0e+00]
  RHS range        [1e+00, 1e+00]
Found heuristic solution: objective 0.0000000
Presolve removed 629 rows and 16354 columns
Presolve time: 0.03s
Presolved: 3121 rows, 16821 columns, 37292 nonzeros
Variable types: 16146 continuous, 675 integer (675 binary)
Found heuristic solution: objective -2455250.561
Found heuristic solution: objective -3072061.142

Root relaxation: objective -3.403119e+06, 571 iterations, 0.01 seconds (0.01 work units)

    Nodes    |    Current Node    |     Objective Bounds      |     Work
 Expl Unexpl |  Obj  Depth IntInf | Incumbent    BestBd   Gap | It/Node Time

     0     0 -3403118.5    0   64 -3072061.1 -3403118.5  10.8%     -    0s
H    0     0                    -3145613.089 -3403118.5  8.19%     -    0s
H    0     0                    -3159499.631 -3403118.5  7.71%     -    0s
H    0     0                    -3173137.422 -3403118.5  7.25%     -    0s
H    0     0                    -3337989.285 -3403118.5  1.95%     -    0s
H    0     0                    -3338963.548 -3403118.5  1.92%     -    0s
H    0     0                    -3361074.393 -3403118.5  1.25%     -    0s
     0     0 -3375203.7    0   60 -3361074.4 -3375203.7  0.42%     -    0s
     0     0 -3372213.9    0   56 -3361074.4 -3372213.9  0.33%     -    0s
     0     0 -3372102.7    0   60 -3361074.4 -3372102.7  0.33%     -    0s
     0     0 -3372073.5    0   60 -3361074.4 -3372073.5  0.33%     -    0s
     0     0 -3364861.3    0   56 -3361074.4 -3364861.3  0.11%     -    0s
     0     0 -3364510.8    0   40 -3361074.4 -3364510.8  0.10%     -    0s
     0     0 -3364465.5    0   36 -3361074.4 -3364465.5  0.10%     -    0s
     0     0 -3364385.0    0   40 -3361074.4 -3364385.0  0.10%     -    0s
     0     0 -3364378.6    0   36 -3361074.4 -3364378.6  0.10%     -    0s
     0     0 -3363483.4    0   44 -3361074.4 -3363483.4  0.07%     -    0s
     0     0 -3362813.2    0   28 -3361074.4 -3362813.2  0.05%     -    0s
     0     0 -3362118.0    0   40 -3361074.4 -3362118.0  0.03%     -    0s
     0     0 -3362032.8    0   28 -3361074.4 -3362032.8  0.03%     -    0s
     0     0 -3362009.5    0   20 -3361074.4 -3362009.5  0.03%     -    0s
     0     0 -3361814.8    0   28 -3361074.4 -3361814.8  0.02%     -    0s
     0     0 -3361737.8    0   32 -3361074.4 -3361737.8  0.02%     -    0s
     0     0 -3361705.6    0   36 -3361074.4 -3361705.6  0.02%     -    0s
     0     0 -3361705.2    0   36 -3361074.4 -3361705.2  0.02%     -    0s
     0     0 -3361644.7    0   44 -3361074.4 -3361644.7  0.02%     -    0s
     0     2 -3361446.1    0   44 -3361074.4 -3361446.1  0.01%     -    0s

Optimal solution found at node 231 - now completing solution pool...

    Nodes    |    Current Node    |      Pool Obj. Bounds     |     Work
             |                    |   Worst                   |
 Expl Unexpl |  Obj  Depth IntInf | Incumbent    BestBd   Gap | It/Node Time

   231    79          -   18      -3359577.4 -3360949.7  0.04%  19.0    1s

Cutting planes:
  Gomory: 1
  Lift-and-project: 10
  Implied bound: 154
  MIR: 27
  Flow cover: 6
  RLT: 4
  Relax-and-lift: 18

Explored 365 nodes (6100 simplex iterations) in 1.58 seconds (2.44 work units)
Thread count was 10 (of 10 available processors)

Solution count 10: -3.36107e+06 -3.36095e+06 -3.36089e+06 ... -3.35966e+06
No other solutions better than -3.35966e+06

Optimal solution found (tolerance 1.00e-04)
Best objective -3.361074392887e+06, best bound -3.361074392887e+06, gap -0.0000%

User-callback calls 1940, time in user-callback 0.00 sec

================================================================================
PRICING SUBPROBLEM TYPE 2 (SF) - ITERATION 4
================================================================================
Timestamp: 2025-12-03T03:03:52.419
Problem size: 25 scenarios, 25 facilities, 50 customers
================================================================================

Gurobi 12.0.3 (mac64[arm]) logging started Wed Dec  3 03:03:52 2025

Set parameter LogFile to value "/Users/arnav/projects/Candidate-Selection-via-Stochastic-IP/CCG/logs/CG_SF_FL_cap91_K2_S25_pricing_20251203_030342.log"
Set parameter LogToConsole to value 0
Set parameter MIPFocus to value 1
Set parameter WorkLimit to value 300

Gurobi 12.0.3 (mac64[arm]) logging started Wed Dec  3 03:03:52 2025

Set parameter LogFile to value "/Users/arnav/projects/Candidate-Selection-via-Stochastic-IP/CCG/logs/CG_SF_FL_cap91_K2_S25_pricing_20251203_030342.log"
Gurobi Optimizer version 12.0.3 build v12.0.3rc0 (mac64[arm] - Darwin 24.6.0 24G84)

CPU model: Apple M4
Thread count: 10 physical cores, 10 logical processors, using up to 10 threads

Non-default parameters:
WorkLimit  300
MIPFocus  1
LogToConsole  0
PoolSearchMode  2

Optimize a model with 3750 rows, 33175 columns and 69996 nonzeros
Model fingerprint: 0xfab15b36
Variable types: 32500 continuous, 675 integer (675 binary)
Coefficient statistics:
  Matrix range     [1e+00, 2e+04]
  Objective range  [3e-01, 2e+06]
  Bounds range     [0e+00, 0e+00]
  RHS range        [1e+00, 1e+00]
Found heuristic solution: objective 0.0000000
Presolve removed 629 rows and 16354 columns
Presolve time: 0.03s
Presolved: 3121 rows, 16821 columns, 37292 nonzeros
Variable types: 16146 continuous, 675 integer (675 binary)
Found heuristic solution: objective -2587975.875
Found heuristic solution: objective -3382671.523

Root relaxation: objective -3.693144e+06, 516 iterations, 0.01 seconds (0.01 work units)

    Nodes    |    Current Node    |     Objective Bounds      |     Work
 Expl Unexpl |  Obj  Depth IntInf | Incumbent    BestBd   Gap | It/Node Time

     0     0 -3693143.9    0   56 -3382671.5 -3693143.9  9.18%     -    0s
H    0     0                    -3465417.479 -3693143.9  6.57%     -    0s
H    0     0                    -3471525.865 -3693143.9  6.38%     -    0s
H    0     0                    -3609786.134 -3693143.9  2.31%     -    0s
H    0     0                    -3631449.279 -3693143.9  1.70%     -    0s
H    0     0                    -3631485.914 -3693143.9  1.70%     -    0s
H    0     0                    -3658429.006 -3693143.9  0.95%     -    0s
H    0     0                    -3658587.760 -3693143.9  0.94%     -    0s
     0     0 -3672197.5    0   52 -3658587.8 -3672197.5  0.37%     -    0s
     0     0 -3670801.7    0   48 -3658587.8 -3670801.7  0.33%     -    0s
     0     0 -3669873.4    0   48 -3658587.8 -3669873.4  0.31%     -    0s
     0     0 -3669811.4    0   48 -3658587.8 -3669811.4  0.31%     -    0s
     0     0 -3669768.6    0   44 -3658587.8 -3669768.6  0.31%     -    0s
     0     0 -3669687.9    0   48 -3658587.8 -3669687.9  0.30%     -    0s
H    0     0                    -3658870.421 -3669687.9  0.30%     -    0s
     0     0 -3666252.0    0   48 -3658870.4 -3666252.0  0.20%     -    0s
     0     0 -3665197.3    0   44 -3658870.4 -3665197.3  0.17%     -    0s
     0     0 -3664936.9    0   44 -3658870.4 -3664936.9  0.17%     -    0s
     0     0 -3664900.0    0   40 -3658870.4 -3664900.0  0.16%     -    0s
     0     0 -3664899.1    0   40 -3658870.4 -3664899.1  0.16%     -    0s
H    0     0                    -3659750.835 -3664899.1  0.14%     -    0s
H    0     0                    -3661098.443 -3664899.1  0.10%     -    0s
     0     0 -3663425.4    0   40 -3661098.4 -3663425.4  0.06%     -    0s
     0     0 -3662932.6    0   36 -3661098.4 -3662932.6  0.05%     -    0s
     0     0 -3662900.1    0   24 -3661098.4 -3662900.1  0.05%     -    0s
     0     0 -3662883.6    0   24 -3661098.4 -3662883.6  0.05%     -    0s
     0     0 -3662881.6    0   24 -3661098.4 -3662881.6  0.05%     -    0s
     0     0 -3662465.5    0   28 -3661098.4 -3662465.5  0.04%     -    0s
     0     0 -3662441.1    0   28 -3661098.4 -3662441.1  0.04%     -    0s
     0     0 -3662438.3    0   28 -3661098.4 -3662438.3  0.04%     -    0s
     0     0 -3662429.3    0   36 -3661098.4 -3662429.3  0.04%     -    0s
     0     2 -3661555.7    0   36 -3661098.4 -3661555.7  0.01%     -    0s

Optimal solution found at node 231 - now completing solution pool...

    Nodes    |    Current Node    |      Pool Obj. Bounds     |     Work
             |                    |   Worst                   |
 Expl Unexpl |  Obj  Depth IntInf | Incumbent    BestBd   Gap | It/Node Time

   231   173 -3658709.6    8   20 -3657043.8 -3661098.4  0.11%  26.8    0s

Cutting planes:
  Gomory: 1
  Lift-and-project: 11
  Implied bound: 133
  MIR: 14
  Flow cover: 9
  RLT: 10
  Relax-and-lift: 42

Explored 571 nodes (10167 simplex iterations) in 0.88 seconds (1.42 work units)
Thread count was 10 (of 10 available processors)

Solution count 10: -3.6611e+06 -3.65962e+06 -3.65953e+06 ... -3.65852e+06
No other solutions better than -3.65852e+06

Optimal solution found (tolerance 1.00e-04)
Best objective -3.661098443268e+06, best bound -3.661098443268e+06, gap -0.0000%

User-callback calls 1914, time in user-callback 0.00 sec

================================================================================
PRICING SUBPROBLEM TYPE 2 (SF) - ITERATION 5
================================================================================
Timestamp: 2025-12-03T03:03:54.621
Problem size: 25 scenarios, 25 facilities, 50 customers
================================================================================

Gurobi 12.0.3 (mac64[arm]) logging started Wed Dec  3 03:03:54 2025

Set parameter LogFile to value "/Users/arnav/projects/Candidate-Selection-via-Stochastic-IP/CCG/logs/CG_SF_FL_cap91_K2_S25_pricing_20251203_030342.log"
Set parameter LogToConsole to value 0
Set parameter MIPFocus to value 1
Set parameter WorkLimit to value 300

Gurobi 12.0.3 (mac64[arm]) logging started Wed Dec  3 03:03:54 2025

Set parameter LogFile to value "/Users/arnav/projects/Candidate-Selection-via-Stochastic-IP/CCG/logs/CG_SF_FL_cap91_K2_S25_pricing_20251203_030342.log"
Gurobi Optimizer version 12.0.3 build v12.0.3rc0 (mac64[arm] - Darwin 24.6.0 24G84)

CPU model: Apple M4
Thread count: 10 physical cores, 10 logical processors, using up to 10 threads

Non-default parameters:
WorkLimit  300
MIPFocus  1
LogToConsole  0
PoolSearchMode  2

Optimize a model with 3750 rows, 33175 columns and 69996 nonzeros
Model fingerprint: 0x34454c2b
Variable types: 32500 continuous, 675 integer (675 binary)
Coefficient statistics:
  Matrix range     [1e+00, 2e+04]
  Objective range  [3e-01, 2e+06]
  Bounds range     [0e+00, 0e+00]
  RHS range        [1e+00, 1e+00]
Found heuristic solution: objective 0.0000000
Presolve removed 629 rows and 16354 columns
Presolve time: 0.03s
Presolved: 3121 rows, 16821 columns, 37292 nonzeros
Variable types: 16146 continuous, 675 integer (675 binary)
Found heuristic solution: objective -2206047.810
Found heuristic solution: objective -2723633.829

Root relaxation: objective -3.223616e+06, 842 iterations, 0.01 seconds (0.03 work units)

    Nodes    |    Current Node    |     Objective Bounds      |     Work
 Expl Unexpl |  Obj  Depth IntInf | Incumbent    BestBd   Gap | It/Node Time

     0     0 -3223616.2    0   95 -2723633.8 -3223616.2  18.4%     -    0s
H    0     0                    -2841440.098 -3223616.2  13.5%     -    0s
H    0     0                    -3088188.590 -3223616.2  4.39%     -    0s
H    0     0                    -3127232.531 -3223616.2  3.08%     -    0s
H    0     0                    -3164949.878 -3223616.2  1.85%     -    0s
H    0     0                    -3165056.621 -3223616.2  1.85%     -    0s
H    0     0                    -3169516.961 -3223616.2  1.71%     -    0s
H    0     0                    -3171113.864 -3223616.2  1.66%     -    0s
H    0     0                    -3171296.417 -3223616.2  1.65%     -    0s
     0     0 -3194766.1    0   80 -3171296.4 -3194766.1  0.74%     -    0s
     0     0 -3190976.2    0   75 -3171296.4 -3190976.2  0.62%     -    0s
     0     0 -3189239.1    0   80 -3171296.4 -3189239.1  0.57%     -    0s
     0     0 -3189218.1    0   80 -3171296.4 -3189218.1  0.57%     -    0s
     0     0 -3189217.0    0   80 -3171296.4 -3189217.0  0.57%     -    0s
     0     0 -3181071.8    0   90 -3171296.4 -3181071.8  0.31%     -    0s
     0     0 -3179038.8    0  110 -3171296.4 -3179038.8  0.24%     -    0s
     0     0 -3178452.0    0  100 -3171296.4 -3178452.0  0.23%     -    0s
     0     0 -3178337.6    0   95 -3171296.4 -3178337.6  0.22%     -    0s
     0     0 -3178320.7    0   95 -3171296.4 -3178320.7  0.22%     -    0s
     0     0 -3178318.0    0   95 -3171296.4 -3178318.0  0.22%     -    0s
     0     0 -3176151.1    0   65 -3171296.4 -3176151.1  0.15%     -    0s
     0     0 -3175122.0    0   60 -3171296.4 -3175122.0  0.12%     -    0s
     0     0 -3174769.4    0   65 -3171296.4 -3174769.4  0.11%     -    0s
     0     0 -3174714.9    0   75 -3171296.4 -3174714.9  0.11%     -    0s
     0     0 -3174619.7    0   70 -3171296.4 -3174619.7  0.10%     -    0s
     0     0 -3174559.6    0   70 -3171296.4 -3174559.6  0.10%     -    0s
     0     0 -3174554.4    0   75 -3171296.4 -3174554.4  0.10%     -    0s
     0     0 -3174536.9    0   75 -3171296.4 -3174536.9  0.10%     -    0s
     0     0 -3174535.8    0   75 -3171296.4 -3174535.8  0.10%     -    0s
     0     0 -3173703.7    0   70 -3171296.4 -3173703.7  0.08%     -    0s
     0     0 -3173470.3    0   45 -3171296.4 -3173470.3  0.07%     -    0s
     0     0 -3173385.9    0   55 -3171296.4 -3173385.9  0.07%     -    0s
     0     0 -3173383.2    0   45 -3171296.4 -3173383.2  0.07%     -    0s
     0     0 -3173290.2    0   50 -3171296.4 -3173290.2  0.06%     -    0s
     0     2 -3173137.3    0   50 -3171296.4 -3173137.3  0.06%     -    0s

Optimal solution found at node 264 - now completing solution pool...

    Nodes    |    Current Node    |      Pool Obj. Bounds     |     Work
             |                    |   Worst                   |
 Expl Unexpl |  Obj  Depth IntInf | Incumbent    BestBd   Gap | It/Node Time

   264   162 -3169855.3    7   10 -3166510.4 -3170208.1  0.12%  37.1    1s

Cutting planes:
  Gomory: 1
  Lift-and-project: 10
  Implied bound: 244
  MIR: 38
  Flow cover: 26
  RLT: 47
  Relax-and-lift: 46

Explored 515 nodes (15065 simplex iterations) in 1.21 seconds (2.05 work units)
Thread count was 10 (of 10 available processors)

Solution count 10: -3.1713e+06 -3.1695e+06 -3.16862e+06 ... -3.16688e+06
No other solutions better than -3.16688e+06

Optimal solution found (tolerance 1.00e-04)
Best objective -3.171296417083e+06, best bound -3.171296417083e+06, gap -0.0000%

User-callback calls 1975, time in user-callback 0.00 sec

================================================================================
PRICING SUBPROBLEM TYPE 2 (SF) - ITERATION 6
================================================================================
Timestamp: 2025-12-03T03:03:57.932
Problem size: 25 scenarios, 25 facilities, 50 customers
================================================================================

Gurobi 12.0.3 (mac64[arm]) logging started Wed Dec  3 03:03:57 2025

Set parameter LogFile to value "/Users/arnav/projects/Candidate-Selection-via-Stochastic-IP/CCG/logs/CG_SF_FL_cap91_K2_S25_pricing_20251203_030342.log"
Set parameter LogToConsole to value 0
Set parameter MIPFocus to value 1
Set parameter WorkLimit to value 300

Gurobi 12.0.3 (mac64[arm]) logging started Wed Dec  3 03:03:57 2025

Set parameter LogFile to value "/Users/arnav/projects/Candidate-Selection-via-Stochastic-IP/CCG/logs/CG_SF_FL_cap91_K2_S25_pricing_20251203_030342.log"
Gurobi Optimizer version 12.0.3 build v12.0.3rc0 (mac64[arm] - Darwin 24.6.0 24G84)

CPU model: Apple M4
Thread count: 10 physical cores, 10 logical processors, using up to 10 threads

Non-default parameters:
WorkLimit  300
MIPFocus  1
LogToConsole  0
PoolSearchMode  2

Optimize a model with 3750 rows, 33175 columns and 69996 nonzeros
Model fingerprint: 0xc787a715
Variable types: 32500 continuous, 675 integer (675 binary)
Coefficient statistics:
  Matrix range     [1e+00, 2e+04]
  Objective range  [3e-01, 2e+06]
  Bounds range     [0e+00, 0e+00]
  RHS range        [1e+00, 1e+00]
Found heuristic solution: objective 0.0000000
Presolve removed 629 rows and 16354 columns
Presolve time: 0.02s
Presolved: 3121 rows, 16821 columns, 37292 nonzeros
Variable types: 16146 continuous, 675 integer (675 binary)
Found heuristic solution: objective -1763310.588
Found heuristic solution: objective -2861671.957

Root relaxation: objective -3.261174e+06, 758 iterations, 0.01 seconds (0.02 work units)

    Nodes    |    Current Node    |     Objective Bounds      |     Work
 Expl Unexpl |  Obj  Depth IntInf | Incumbent    BestBd   Gap | It/Node Time

     0     0 -3261174.2    0   95 -2861672.0 -3261174.2  14.0%     -    0s
H    0     0                    -2891671.957 -3261174.2  12.8%     -    0s
H    0     0                    -2901307.693 -3261174.2  12.4%     -    0s
H    0     0                    -3207225.742 -3261174.2  1.68%     -    0s
H    0     0                    -3216185.931 -3261174.2  1.40%     -    0s
H    0     0                    -3217461.361 -3261174.2  1.36%     -    0s
H    0     0                    -3220696.988 -3261174.2  1.26%     -    0s
H    0     0                    -3221201.499 -3261174.2  1.24%     -    0s
     0     0 -3239704.9    0   55 -3221201.5 -3239704.9  0.57%     -    0s
H    0     0                    -3222887.261 -3239704.9  0.52%     -    0s
H    0     0                    -3224031.053 -3239704.9  0.49%     -    0s
     0     0 -3237128.9    0   70 -3224031.1 -3237128.9  0.41%     -    0s
     0     0 -3236181.8    0   65 -3224031.1 -3236181.8  0.38%     -    0s
     0     0 -3236159.9    0   65 -3224031.1 -3236159.9  0.38%     -    0s
     0     0 -3236152.0    0   65 -3224031.1 -3236152.0  0.38%     -    0s
     0     0 -3236151.7    0   65 -3224031.1 -3236151.7  0.38%     -    0s
     0     0 -3230779.3    0   55 -3224031.1 -3230779.3  0.21%     -    0s
     0     0 -3229806.7    0   55 -3224031.1 -3229806.7  0.18%     -    0s
     0     0 -3229563.5    0   60 -3224031.1 -3229563.5  0.17%     -    0s
     0     0 -3229532.3    0   55 -3224031.1 -3229532.3  0.17%     -    0s
     0     0 -3229529.2    0   50 -3224031.1 -3229529.2  0.17%     -    0s
     0     0 -3227660.0    0   45 -3224031.1 -3227660.0  0.11%     -    0s
     0     0 -3227368.6    0   40 -3224031.1 -3227368.6  0.10%     -    0s
     0     0 -3227299.2    0   20 -3224031.1 -3227299.2  0.10%     -    0s
     0     0 -3227291.8    0   15 -3224031.1 -3227291.8  0.10%     -    0s
     0     0 -3227140.3    0   20 -3224031.1 -3227140.3  0.10%     -    0s
     0     0 -3227050.1    0   25 -3224031.1 -3227050.1  0.09%     -    0s
     0     0 -3227022.7    0   30 -3224031.1 -3227022.7  0.09%     -    0s
     0     0 -3227022.7    0   30 -3224031.1 -3227022.7  0.09%     -    0s
     0     0 -3226943.0    0   25 -3224031.1 -3226943.0  0.09%     -    0s
     0     2 -3226723.9    0   25 -3224031.1 -3226723.9  0.08%     -    0s

Optimal solution found at node 269 - now completing solution pool...

    Nodes    |    Current Node    |      Pool Obj. Bounds     |     Work
             |                    |   Worst                   |
 Expl Unexpl |  Obj  Depth IntInf | Incumbent    BestBd   Gap | It/Node Time

   269   127 infeasible   23      -3221004.8 -3224031.1  0.09%  37.4    0s

Cutting planes:
  Lift-and-project: 3
  Implied bound: 182
  MIR: 31
  Flow cover: 24
  RLT: 13
  Relax-and-lift: 43

Explored 457 nodes (13105 simplex iterations) in 0.91 seconds (1.45 work units)
Thread count was 10 (of 10 available processors)

Solution count 10: -3.22403e+06 -3.22289e+06 -3.22239e+06 ... -3.221e+06
No other solutions better than -3.221e+06

Optimal solution found (tolerance 1.00e-04)
Best objective -3.224031052634e+06, best bound -3.224031052634e+06, gap -0.0000%

User-callback calls 1686, time in user-callback 0.00 sec

================================================================================
PRICING SUBPROBLEM TYPE 2 (SF) - ITERATION 7
================================================================================
Timestamp: 2025-12-03T03:04:00.604
Problem size: 25 scenarios, 25 facilities, 50 customers
================================================================================

Gurobi 12.0.3 (mac64[arm]) logging started Wed Dec  3 03:04:00 2025

Set parameter LogFile to value "/Users/arnav/projects/Candidate-Selection-via-Stochastic-IP/CCG/logs/CG_SF_FL_cap91_K2_S25_pricing_20251203_030342.log"
Set parameter LogToConsole to value 0
Set parameter MIPFocus to value 1
Set parameter WorkLimit to value 300

Gurobi 12.0.3 (mac64[arm]) logging started Wed Dec  3 03:04:00 2025

Set parameter LogFile to value "/Users/arnav/projects/Candidate-Selection-via-Stochastic-IP/CCG/logs/CG_SF_FL_cap91_K2_S25_pricing_20251203_030342.log"
Gurobi Optimizer version 12.0.3 build v12.0.3rc0 (mac64[arm] - Darwin 24.6.0 24G84)

CPU model: Apple M4
Thread count: 10 physical cores, 10 logical processors, using up to 10 threads

Non-default parameters:
WorkLimit  300
MIPFocus  1
LogToConsole  0
PoolSearchMode  2

Optimize a model with 3750 rows, 33175 columns and 69996 nonzeros
Model fingerprint: 0xce8d8ee7
Variable types: 32500 continuous, 675 integer (675 binary)
Coefficient statistics:
  Matrix range     [1e+00, 2e+04]
  Objective range  [3e-01, 2e+06]
  Bounds range     [0e+00, 0e+00]
  RHS range        [1e+00, 1e+00]
Found heuristic solution: objective 0.0000000
Presolve removed 629 rows and 16354 columns
Presolve time: 0.02s
Presolved: 3121 rows, 16821 columns, 37292 nonzeros
Variable types: 16146 continuous, 675 integer (675 binary)
Found heuristic solution: objective -606323.8275
Found heuristic solution: objective -1922521.103

Root relaxation: objective -2.952344e+06, 1027 iterations, 0.01 seconds (0.03 work units)

    Nodes    |    Current Node    |     Objective Bounds      |     Work
 Expl Unexpl |  Obj  Depth IntInf | Incumbent    BestBd   Gap | It/Node Time

     0     0 -2952343.9    0  138 -1922521.1 -2952343.9  53.6%     -    0s
H    0     0                    -2080429.307 -2952343.9  41.9%     -    0s
H    0     0                    -2353583.684 -2952343.9  25.4%     -    0s
H    0     0                    -2534059.404 -2952343.9  16.5%     -    0s
H    0     0                    -2627104.028 -2952343.9  12.4%     -    0s
H    0     0                    -2739038.371 -2952343.9  7.79%     -    0s
H    0     0                    -2859909.530 -2952343.9  3.23%     -    0s
H    0     0                    -2880458.737 -2952343.9  2.50%     -    0s
H    0     0                    -2894541.188 -2952343.9  2.00%     -    0s
H    0     0                    -2895712.782 -2952343.9  1.96%     -    0s
H    0     0                    -2895717.788 -2952343.9  1.96%     -    0s
     0     0 -2917749.7    0  102 -2895717.8 -2917749.7  0.76%     -    0s
     0     0 -2913716.9    0   96 -2895717.8 -2913716.9  0.62%     -    0s
     0     0 -2910938.7    0  102 -2895717.8 -2910938.7  0.53%     -    0s
     0     0 -2910624.0    0  102 -2895717.8 -2910624.0  0.51%     -    0s
     0     0 -2910607.0    0  102 -2895717.8 -2910607.0  0.51%     -    0s
     0     0 -2904892.4    0   96 -2895717.8 -2904892.4  0.32%     -    0s
     0     0 -2903386.6    0  102 -2895717.8 -2903386.6  0.26%     -    0s
     0     0 -2902834.4    0  102 -2895717.8 -2902834.4  0.25%     -    0s
     0     0 -2902682.6    0  108 -2895717.8 -2902682.6  0.24%     -    0s
     0     0 -2902657.7    0  102 -2895717.8 -2902657.7  0.24%     -    0s
     0     0 -2902642.7    0  102 -2895717.8 -2902642.7  0.24%     -    0s
     0     0 -2902642.5    0  102 -2895717.8 -2902642.5  0.24%     -    0s
     0     0 -2900542.1    0   72 -2895717.8 -2900542.1  0.17%     -    0s
     0     0 -2899939.9    0   54 -2895717.8 -2899939.9  0.15%     -    0s
     0     0 -2899791.8    0   54 -2895717.8 -2899791.8  0.14%     -    0s
     0     0 -2899780.7    0   54 -2895717.8 -2899780.7  0.14%     -    0s
     0     0 -2899766.0    0   42 -2895717.8 -2899766.0  0.14%     -    0s
     0     0 -2899759.3    0   54 -2895717.8 -2899759.3  0.14%     -    0s
     0     0 -2899758.0    0   48 -2895717.8 -2899758.0  0.14%     -    0s
     0     0 -2899664.2    0   72 -2895717.8 -2899664.2  0.14%     -    0s
     0     0 -2899609.0    0   66 -2895717.8 -2899609.0  0.13%     -    0s
     0     0 -2899583.1    0   78 -2895717.8 -2899583.1  0.13%     -    0s
     0     0 -2899573.0    0   72 -2895717.8 -2899573.0  0.13%     -    0s
     0     0 -2899572.6    0   42 -2895717.8 -2899572.6  0.13%     -    0s
     0     0 -2899468.3    0   72 -2895717.8 -2899468.3  0.13%     -    0s
     0     2 -2899468.3    0   72 -2895717.8 -2899468.3  0.13%     -    0s

Cutting planes:
  Lift-and-project: 6
  Implied bound: 270
  MIR: 36
  Flow cover: 19
  RLT: 31
  Relax-and-lift: 70

Explored 705 nodes (20064 simplex iterations) in 1.31 seconds (2.07 work units)
Thread count was 10 (of 10 available processors)

Solution count 10: -2.89572e+06 -2.89571e+06 -2.89555e+06 ... -2.89459e+06
No other solutions better than -2.89459e+06

Optimal solution found (tolerance 1.00e-04)
Best objective -2.895717787774e+06, best bound -2.895717787774e+06, gap -0.0000%

User-callback calls 2368, time in user-callback 0.00 sec

================================================================================
PRICING SUBPROBLEM TYPE 2 (SF) - ITERATION 8
================================================================================
Timestamp: 2025-12-03T03:04:04.360
Problem size: 25 scenarios, 25 facilities, 50 customers
================================================================================

Gurobi 12.0.3 (mac64[arm]) logging started Wed Dec  3 03:04:04 2025

Set parameter LogFile to value "/Users/arnav/projects/Candidate-Selection-via-Stochastic-IP/CCG/logs/CG_SF_FL_cap91_K2_S25_pricing_20251203_030342.log"
Set parameter LogToConsole to value 0
Set parameter MIPFocus to value 1
Set parameter WorkLimit to value 300

Gurobi 12.0.3 (mac64[arm]) logging started Wed Dec  3 03:04:04 2025

Set parameter LogFile to value "/Users/arnav/projects/Candidate-Selection-via-Stochastic-IP/CCG/logs/CG_SF_FL_cap91_K2_S25_pricing_20251203_030342.log"
Gurobi Optimizer version 12.0.3 build v12.0.3rc0 (mac64[arm] - Darwin 24.6.0 24G84)

CPU model: Apple M4
Thread count: 10 physical cores, 10 logical processors, using up to 10 threads

Non-default parameters:
WorkLimit  300
MIPFocus  1
LogToConsole  0
PoolSearchMode  2

Optimize a model with 3750 rows, 33175 columns and 69996 nonzeros
Model fingerprint: 0x5fcfb03a
Variable types: 32500 continuous, 675 integer (675 binary)
Coefficient statistics:
  Matrix range     [1e+00, 2e+04]
  Objective range  [3e-01, 2e+06]
  Bounds range     [0e+00, 0e+00]
  RHS range        [1e+00, 1e+00]
Found heuristic solution: objective 0.0000000
Presolve removed 629 rows and 16354 columns
Presolve time: 0.03s
Presolved: 3121 rows, 16821 columns, 37292 nonzeros
Variable types: 16146 continuous, 675 integer (675 binary)
Found heuristic solution: objective -388717.8844
Found heuristic solution: objective -2037344.856

Root relaxation: objective -2.885585e+06, 982 iterations, 0.01 seconds (0.03 work units)

    Nodes    |    Current Node    |     Objective Bounds      |     Work
 Expl Unexpl |  Obj  Depth IntInf | Incumbent    BestBd   Gap | It/Node Time

     0     0 -2885585.1    0  133 -2037344.9 -2885585.1  41.6%     -    0s
H    0     0                    -2410583.092 -2885585.1  19.7%     -    0s
H    0     0                    -2477338.591 -2885585.1  16.5%     -    0s
H    0     0                    -2482235.209 -2885585.1  16.2%     -    0s
H    0     0                    -2734140.841 -2885585.1  5.54%     -    0s
H    0     0                    -2772662.833 -2885585.1  4.07%     -    0s
H    0     0                    -2813415.192 -2885585.1  2.57%     -    0s
H    0     0                    -2813943.750 -2885585.1  2.55%     -    0s
H    0     0                    -2814683.590 -2885585.1  2.52%     -    0s
H    0     0                    -2818941.831 -2885585.1  2.36%     -    0s
     0     0 -2856557.2    0  124 -2818941.8 -2856557.2  1.33%     -    0s
H    0     0                    -2824963.647 -2856557.2  1.12%     -    0s
     0     0 -2853194.0    0  119 -2824963.6 -2853194.0  1.00%     -    0s
     0     0 -2852961.8    0  124 -2824963.6 -2852961.8  0.99%     -    0s
     0     0 -2852924.1    0  124 -2824963.6 -2852924.1  0.99%     -    0s
     0     0 -2852923.9    0  124 -2824963.6 -2852923.9  0.99%     -    0s
     0     0 -2846177.2    0  122 -2824963.6 -2846177.2  0.75%     -    0s
H    0     0                    -2829319.613 -2844162.7  0.52%     -    0s
     0     0 -2844162.7    0  114 -2829319.6 -2844162.7  0.52%     -    0s
     0     0 -2843447.6    0  115 -2829319.6 -2843447.6  0.50%     -    0s
     0     0 -2843350.3    0  109 -2829319.6 -2843350.3  0.50%     -    0s
     0     0 -2843306.2    0  109 -2829319.6 -2843306.2  0.49%     -    0s
     0     0 -2843206.0    0  109 -2829319.6 -2843206.0  0.49%     -    0s
     0     0 -2843202.1    0  109 -2829319.6 -2843202.1  0.49%     -    0s
     0     0 -2843200.6    0  109 -2829319.6 -2843200.6  0.49%     -    0s
     0     0 -2836393.6    0   92 -2829319.6 -2836393.6  0.25%     -    0s
     0     0 -2836330.0    0   99 -2829319.6 -2836330.0  0.25%     -    0s
     0     0 -2836330.0    0   99 -2829319.6 -2836330.0  0.25%     -    0s
     0     0 -2836330.0    0   93 -2829319.6 -2836330.0  0.25%     -    0s
     0     0 -2836330.0    0   87 -2829319.6 -2836330.0  0.25%     -    0s
     0     0 -2836330.0    0   93 -2829319.6 -2836330.0  0.25%     -    0s
     0     0 -2836330.0    0   93 -2829319.6 -2836330.0  0.25%     -    0s
     0     0 -2836286.6    0   93 -2829319.6 -2836286.6  0.25%     -    0s
     0     0 -2836286.6    0   81 -2829319.6 -2836286.6  0.25%     -    0s
     0     0 -2836286.6    0   87 -2829319.6 -2836286.6  0.25%     -    0s
     0     0 -2836286.6    0   81 -2829319.6 -2836286.6  0.25%     -    0s
     0     0 -2836286.6    0   81 -2829319.6 -2836286.6  0.25%     -    0s
     0     0 -2836286.6    0   81 -2829319.6 -2836286.6  0.25%     -    0s
     0     0 -2834936.7    0   81 -2829319.6 -2834936.7  0.20%     -    0s
     0     0 -2834936.7    0   81 -2829319.6 -2834936.7  0.20%     -    0s
     0     2 -2834936.7    0   81 -2829319.6 -2834936.7  0.20%     -    1s

Optimal solution found at node 187 - now completing solution pool...

    Nodes    |    Current Node    |      Pool Obj. Bounds     |     Work
             |                    |   Worst                   |
 Expl Unexpl |  Obj  Depth IntInf | Incumbent    BestBd   Gap | It/Node Time

   187   116 -2827198.4    5   30 -2822868.4 -2829319.6  0.23%  45.6    1s

Cutting planes:
  Lift-and-project: 2
  Implied bound: 275
  MIR: 39
  Flow cover: 24
  Inf proof: 1
  RLT: 20
  Relax-and-lift: 51

Explored 498 nodes (16941 simplex iterations) in 1.27 seconds (2.14 work units)
Thread count was 10 (of 10 available processors)

Solution count 10: -2.82932e+06 -2.82611e+06 -2.82591e+06 ... -2.82319e+06
No other solutions better than -2.82319e+06

Optimal solution found (tolerance 1.00e-04)
Best objective -2.829319612797e+06, best bound -2.829319612797e+06, gap -0.0000%

User-callback calls 1936, time in user-callback 0.00 sec

================================================================================
PRICING SUBPROBLEM TYPE 2 (SF) - ITERATION 9
================================================================================
Timestamp: 2025-12-03T03:04:07.928
Problem size: 25 scenarios, 25 facilities, 50 customers
================================================================================

Gurobi 12.0.3 (mac64[arm]) logging started Wed Dec  3 03:04:07 2025

Set parameter LogFile to value "/Users/arnav/projects/Candidate-Selection-via-Stochastic-IP/CCG/logs/CG_SF_FL_cap91_K2_S25_pricing_20251203_030342.log"
Set parameter LogToConsole to value 0
Set parameter MIPFocus to value 1
Set parameter WorkLimit to value 300

Gurobi 12.0.3 (mac64[arm]) logging started Wed Dec  3 03:04:07 2025

Set parameter LogFile to value "/Users/arnav/projects/Candidate-Selection-via-Stochastic-IP/CCG/logs/CG_SF_FL_cap91_K2_S25_pricing_20251203_030342.log"
Gurobi Optimizer version 12.0.3 build v12.0.3rc0 (mac64[arm] - Darwin 24.6.0 24G84)

CPU model: Apple M4
Thread count: 10 physical cores, 10 logical processors, using up to 10 threads

Non-default parameters:
WorkLimit  300
MIPFocus  1
LogToConsole  0
PoolSearchMode  2

Optimize a model with 3750 rows, 33175 columns and 69996 nonzeros
Model fingerprint: 0xe354a80b
Variable types: 32500 continuous, 675 integer (675 binary)
Coefficient statistics:
  Matrix range     [1e+00, 2e+04]
  Objective range  [3e-01, 2e+06]
  Bounds range     [0e+00, 0e+00]
  RHS range        [1e+00, 1e+00]
Found heuristic solution: objective 0.0000000
Presolve removed 629 rows and 16354 columns
Presolve time: 0.02s
Presolved: 3121 rows, 16821 columns, 37292 nonzeros
Variable types: 16146 continuous, 675 integer (675 binary)
Found heuristic solution: objective -1367629.880

Root relaxation: objective -2.510658e+06, 1443 iterations, 0.02 seconds (0.05 work units)

    Nodes    |    Current Node    |     Objective Bounds      |     Work
 Expl Unexpl |  Obj  Depth IntInf | Incumbent    BestBd   Gap | It/Node Time

     0     0 -2510658.4    0  177 -1367629.9 -2510658.4  83.6%     -    0s
H    0     0                    -1769297.918 -2510658.4  41.9%     -    0s
H    0     0                    -2094098.988 -2510658.4  19.9%     -    0s
H    0     0                    -2326399.611 -2510658.4  7.92%     -    0s
H    0     0                    -2354384.402 -2510658.4  6.64%     -    0s
H    0     0                    -2382516.756 -2510658.4  5.38%     -    0s
H    0     0                    -2388292.180 -2510658.4  5.12%     -    0s
H    0     0                    -2391735.615 -2510658.4  4.97%     -    0s
H    0     0                    -2392005.099 -2510658.4  4.96%     -    0s
     0     0 -2471963.0    0  145 -2392005.1 -2471963.0  3.34%     -    0s
H    0     0                    -2393218.827 -2471963.0  3.29%     -    0s
H    0     0                    -2402950.722 -2465433.6  2.60%     -    0s
H    0     0                    -2420704.242 -2465433.6  1.85%     -    0s
H    0     0                    -2425918.550 -2465433.6  1.63%     -    0s
     0     0 -2465006.8    0  141 -2425918.6 -2465006.8  1.61%     -    0s
     0     0 -2464509.9    0  135 -2425918.6 -2464509.9  1.59%     -    0s
     0     0 -2464509.9    0  134 -2425918.6 -2464509.9  1.59%     -    0s
     0     0 -2464345.1    0  133 -2425918.6 -2464345.1  1.58%     -    0s
     0     0 -2464343.4    0  133 -2425918.6 -2464343.4  1.58%     -    0s
     0     0 -2456700.0    0  132 -2425918.6 -2456700.0  1.27%     -    0s
H    0     0                    -2429782.544 -2456700.0  1.11%     -    0s
H    0     0                    -2437014.179 -2454393.2  0.71%     -    0s
     0     0 -2454393.2    0  129 -2437014.2 -2454393.2  0.71%     -    0s
     0     0 -2453801.0    0  119 -2437014.2 -2453801.0  0.69%     -    0s
     0     0 -2453761.0    0  119 -2437014.2 -2453761.0  0.69%     -    0s
     0     0 -2453756.5    0  119 -2437014.2 -2453756.5  0.69%     -    0s
H    0     0                    -2438012.889 -2453756.5  0.65%     -    0s
     0     0 -2451302.4    0  133 -2438012.9 -2451302.4  0.55%     -    0s
     0     0 -2450304.4    0  129 -2438012.9 -2450304.4  0.50%     -    0s
     0     0 -2449509.0    0  137 -2438012.9 -2449509.0  0.47%     -    0s
     0     0 -2449157.8    0  127 -2438012.9 -2449157.8  0.46%     -    0s
     0     0 -2449036.2    0  132 -2438012.9 -2449036.2  0.45%     -    0s
     0     0 -2448977.7    0  129 -2438012.9 -2448977.7  0.45%     -    0s
     0     0 -2448877.6    0  134 -2438012.9 -2448877.6  0.45%     -    0s
     0     0 -2448876.0    0  131 -2438012.9 -2448876.0  0.45%     -    0s
H    0     0                    -2443156.148 -2448876.0  0.23%     -    0s
     0     0 -2448735.3    0  116 -2443156.1 -2448735.3  0.23%     -    0s
     0     0 -2446086.0    0  116 -2443156.1 -2446086.0  0.12%     -    0s
     0     0 -2446086.0    0  117 -2443156.1 -2446086.0  0.12%     -    0s
     0     0 -2446086.0    0  111 -2443156.1 -2446086.0  0.12%     -    0s
     0     0 -2446086.0    0  107 -2443156.1 -2446086.0  0.12%     -    0s
     0     0 -2445787.9    0  130 -2443156.1 -2445787.9  0.11%     -    0s
     0     0 -2445787.9    0  104 -2443156.1 -2445787.9  0.11%     -    1s
     0     0 -2445787.9    0   78 -2443156.1 -2445787.9  0.11%     -    1s
     0     0 -2445787.9    0   77 -2443156.1 -2445787.9  0.11%     -    1s
     0     0 -2445787.9    0   77 -2443156.1 -2445787.9  0.11%     -    1s
     0     0 -2445787.9    0   74 -2443156.1 -2445787.9  0.11%     -    1s
     0     0 -2445787.9    0   73 -2443156.1 -2445787.9  0.11%     -    1s
     0     0 -2445787.9    0   73 -2443156.1 -2445787.9  0.11%     -    1s
     0     0 -2445787.9    0   75 -2443156.1 -2445787.9  0.11%     -    1s
     0     0 -2445787.9    0   67 -2443156.1 -2445787.9  0.11%     -    1s
     0     0 -2445787.9    0   71 -2443156.1 -2445787.9  0.11%     -    1s
     0     0 -2445787.9    0   71 -2443156.1 -2445787.9  0.11%     -    1s
     0     0 -2445787.9    0   69 -2443156.1 -2445787.9  0.11%     -    1s
     0     0 -2445787.9    0   65 -2443156.1 -2445787.9  0.11%     -    1s
     0     0 -2445787.9    0   64 -2443156.1 -2445787.9  0.11%     -    1s
     0     0 -2445787.9    0   65 -2443156.1 -2445787.9  0.11%     -    1s
     0     0 -2445787.9    0   63 -2443156.1 -2445787.9  0.11%     -    1s
     0     0 -2445787.9    0   63 -2443156.1 -2445787.9  0.11%     -    1s
     0     0 -2445787.9    0   66 -2443156.1 -2445787.9  0.11%     -    1s
     0     0 -2445787.9    0   67 -2443156.1 -2445787.9  0.11%     -    1s
     0     0 -2445787.9    0   64 -2443156.1 -2445787.9  0.11%     -    1s
     0     0 -2445787.9    0   66 -2443156.1 -2445787.9  0.11%     -    1s
     0     0 -2445787.9    0   66 -2443156.1 -2445787.9  0.11%     -    1s
     0     0 -2445787.9    0   63 -2443156.1 -2445787.9  0.11%     -    1s
     0     0 -2445787.9    0   66 -2443156.1 -2445787.9  0.11%     -    1s
     0     0 -2445787.9    0   64 -2443156.1 -2445787.9  0.11%     -    1s
     0     0 -2445787.9    0   64 -2443156.1 -2445787.9  0.11%     -    1s
     0     0 -2445787.9    0   65 -2443156.1 -2445787.9  0.11%     -    1s
     0     0 -2445787.9    0   63 -2443156.1 -2445787.9  0.11%     -    1s
     0     0 -2445787.9    0   63 -2443156.1 -2445787.9  0.11%     -    1s
     0     0 -2445787.9    0   63 -2443156.1 -2445787.9  0.11%     -    1s
     0     0 -2445787.9    0   63 -2443156.1 -2445787.9  0.11%     -    2s
     0     0 -2445787.9    0  104 -2443156.1 -2445787.9  0.11%     -    2s
     0     0 -2445787.9    0   82 -2443156.1 -2445787.9  0.11%     -    2s
     0     0 -2445787.9    0   79 -2443156.1 -2445787.9  0.11%     -    2s
     0     0 -2445787.9    0   81 -2443156.1 -2445787.9  0.11%     -    2s
     0     0 -2445787.9    0   76 -2443156.1 -2445787.9  0.11%     -    2s
     0     0 -2445787.9    0   73 -2443156.1 -2445787.9  0.11%     -    2s
     0     0 -2445787.9    0   72 -2443156.1 -2445787.9  0.11%     -    2s
     0     0 -2445787.9    0   72 -2443156.1 -2445787.9  0.11%     -    2s
     0     0 -2445787.9    0   69 -2443156.1 -2445787.9  0.11%     -    2s
     0     0 -2445787.9    0   67 -2443156.1 -2445787.9  0.11%     -    2s
     0     0 -2445787.9    0   65 -2443156.1 -2445787.9  0.11%     -    2s
     0     0 -2445787.9    0   66 -2443156.1 -2445787.9  0.11%     -    2s
     0     0 -2445787.9    0   64 -2443156.1 -2445787.9  0.11%     -    2s
     0     0 -2445787.9    0   65 -2443156.1 -2445787.9  0.11%     -    2s
     0     0 -2445787.9    0   64 -2443156.1 -2445787.9  0.11%     -    2s
     0     0 -2445787.9    0   61 -2443156.1 -2445787.9  0.11%     -    2s
     0     0 -2445787.9    0   65 -2443156.1 -2445787.9  0.11%     -    2s
     0     0 -2445787.9    0   62 -2443156.1 -2445787.9  0.11%     -    2s
     0     0 -2445787.9    0   62 -2443156.1 -2445787.9  0.11%     -    2s
     0     0 -2445787.9    0   62 -2443156.1 -2445787.9  0.11%     -    2s
     0     0 -2445787.9    0   62 -2443156.1 -2445787.9  0.11%     -    2s
     0     0 -2445787.9    0   67 -2443156.1 -2445787.9  0.11%     -    2s
     0     0 -2445787.9    0   64 -2443156.1 -2445787.9  0.11%     -    2s
     0     0 -2445787.9    0   63 -2443156.1 -2445787.9  0.11%     -    2s
     0     0 -2445787.9    0   64 -2443156.1 -2445787.9  0.11%     -    2s
     0     0 -2445787.9    0   64 -2443156.1 -2445787.9  0.11%     -    2s
     0     0 -2445787.9    0   64 -2443156.1 -2445787.9  0.11%     -    2s
     0     0 -2445787.9    0   63 -2443156.1 -2445787.9  0.11%     -    2s
     0     0 -2445787.9    0   63 -2443156.1 -2445787.9  0.11%     -    2s
     0     0 -2445705.4    0  104 -2443156.1 -2445705.4  0.10%     -    3s
     0     0 -2445705.4    0   82 -2443156.1 -2445705.4  0.10%     -    3s
     0     0 -2445705.4    0   79 -2443156.1 -2445705.4  0.10%     -    3s
     0     0 -2445705.4    0   80 -2443156.1 -2445705.4  0.10%     -    3s
     0     0 -2445705.4    0   74 -2443156.1 -2445705.4  0.10%     -    3s
     0     0 -2445705.4    0   72 -2443156.1 -2445705.4  0.10%     -    3s
     0     0 -2445705.4    0   73 -2443156.1 -2445705.4  0.10%     -    3s
     0     0 -2445705.4    0   70 -2443156.1 -2445705.4  0.10%     -    3s
     0     0 -2445705.4    0   71 -2443156.1 -2445705.4  0.10%     -    3s
     0     0 -2445705.4    0   68 -2443156.1 -2445705.4  0.10%     -    3s
     0     0 -2445705.4    0   70 -2443156.1 -2445705.4  0.10%     -    3s
     0     0 -2445705.4    0   69 -2443156.1 -2445705.4  0.10%     -    3s
     0     0 -2445705.4    0   63 -2443156.1 -2445705.4  0.10%     -    3s
     0     0 -2445705.4    0   62 -2443156.1 -2445705.4  0.10%     -    3s
     0     0 -2445705.4    0   66 -2443156.1 -2445705.4  0.10%     -    3s
     0     0 -2445705.4    0   61 -2443156.1 -2445705.4  0.10%     -    3s
     0     0 -2445705.4    0   62 -2443156.1 -2445705.4  0.10%     -    3s
     0     0 -2445705.4    0   64 -2443156.1 -2445705.4  0.10%     -    3s
     0     0 -2445705.4    0   64 -2443156.1 -2445705.4  0.10%     -    3s
     0     0 -2445705.4    0   61 -2443156.1 -2445705.4  0.10%     -    3s
     0     0 -2445705.4    0   64 -2443156.1 -2445705.4  0.10%     -    3s
     0     0 -2445705.4    0   64 -2443156.1 -2445705.4  0.10%     -    3s
     0     0 -2445705.4    0   62 -2443156.1 -2445705.4  0.10%     -    3s
     0     0 -2445705.4    0   64 -2443156.1 -2445705.4  0.10%     -    3s
     0     0 -2445705.4    0   63 -2443156.1 -2445705.4  0.10%     -    3s
     0     0 -2445705.4    0   63 -2443156.1 -2445705.4  0.10%     -    3s
     0     0 -2445705.4    0   63 -2443156.1 -2445705.4  0.10%     -    3s
     0     0 -2445705.4    0   63 -2443156.1 -2445705.4  0.10%     -    3s
     0     0 -2445705.4    0  104 -2443156.1 -2445705.4  0.10%     -    3s
     0     0 -2445705.4    0   83 -2443156.1 -2445705.4  0.10%     -    3s
     0     0 -2445705.4    0   78 -2443156.1 -2445705.4  0.10%     -    3s
     0     0 -2445705.4    0   79 -2443156.1 -2445705.4  0.10%     -    3s
     0     0 -2445705.4    0   74 -2443156.1 -2445705.4  0.10%     -    3s
     0     0 -2445705.4    0   72 -2443156.1 -2445705.4  0.10%     -    3s
     0     0 -2445705.4    0   72 -2443156.1 -2445705.4  0.10%     -    3s
     0     0 -2445705.4    0   69 -2443156.1 -2445705.4  0.10%     -    3s
     0     0 -2445705.4    0   68 -2443156.1 -2445705.4  0.10%     -    3s
     0     0 -2445705.4    0   64 -2443156.1 -2445705.4  0.10%     -    3s
     0     0 -2445705.4    0   65 -2443156.1 -2445705.4  0.10%     -    4s
     0     0 -2445705.4    0   65 -2443156.1 -2445705.4  0.10%     -    4s
     0     0 -2445705.4    0   62 -2443156.1 -2445705.4  0.10%     -    4s
     0     0 -2445705.4    0   66 -2443156.1 -2445705.4  0.10%     -    4s
     0     0 -2445705.4    0   63 -2443156.1 -2445705.4  0.10%     -    4s
     0     0 -2445705.4    0   63 -2443156.1 -2445705.4  0.10%     -    4s
     0     0 -2445705.4    0   64 -2443156.1 -2445705.4  0.10%     -    4s
     0     0 -2445705.4    0   65 -2443156.1 -2445705.4  0.10%     -    4s
     0     0 -2445705.4    0   62 -2443156.1 -2445705.4  0.10%     -    4s
     0     0 -2445705.4    0   67 -2443156.1 -2445705.4  0.10%     -    4s
     0     0 -2445705.4    0   65 -2443156.1 -2445705.4  0.10%     -    4s
     0     0 -2445705.4    0   64 -2443156.1 -2445705.4  0.10%     -    4s
     0     0 -2445705.4    0   63 -2443156.1 -2445705.4  0.10%     -    4s
     0     0 -2445705.4    0   64 -2443156.1 -2445705.4  0.10%     -    4s
     0     0 -2445705.4    0   63 -2443156.1 -2445705.4  0.10%     -    4s
     0     0 -2445705.4    0   63 -2443156.1 -2445705.4  0.10%     -    4s
     0     2 -2445705.4    0   63 -2443156.1 -2445705.4  0.10%     -    4s

Optimal solution found at node 21 - now completing solution pool...

    Nodes    |    Current Node    |      Pool Obj. Bounds     |     Work
             |                    |   Worst                   |
 Expl Unexpl |  Obj  Depth IntInf | Incumbent    BestBd   Gap | It/Node Time

    21    25     cutoff    6      -2429782.5 -2443156.1  0.55%  61.7    4s

Cutting planes:
  Lift-and-project: 7
  Implied bound: 317
  MIR: 32
  Flow cover: 19
  RLT: 25
  Relax-and-lift: 20

Explored 535 nodes (21920 simplex iterations) in 4.45 seconds (7.44 work units)
Thread count was 10 (of 10 available processors)

Solution count 10: -2.44316e+06 -2.44195e+06 -2.44167e+06 ... -2.43902e+06
No other solutions better than -2.43902e+06

Optimal solution found (tolerance 1.00e-04)
Best objective -2.443156148221e+06, best bound -2.443156148221e+06, gap -0.0000%

User-callback calls 4110, time in user-callback 0.00 sec

================================================================================
PRICING SUBPROBLEM TYPE 2 (SF) - ITERATION 10
================================================================================
Timestamp: 2025-12-03T03:04:13.778
Problem size: 25 scenarios, 25 facilities, 50 customers
================================================================================

Gurobi 12.0.3 (mac64[arm]) logging started Wed Dec  3 03:04:13 2025

Set parameter LogFile to value "/Users/arnav/projects/Candidate-Selection-via-Stochastic-IP/CCG/logs/CG_SF_FL_cap91_K2_S25_pricing_20251203_030342.log"
Set parameter LogToConsole to value 0
Set parameter MIPFocus to value 1
Set parameter WorkLimit to value 300

Gurobi 12.0.3 (mac64[arm]) logging started Wed Dec  3 03:04:13 2025

Set parameter LogFile to value "/Users/arnav/projects/Candidate-Selection-via-Stochastic-IP/CCG/logs/CG_SF_FL_cap91_K2_S25_pricing_20251203_030342.log"
Gurobi Optimizer version 12.0.3 build v12.0.3rc0 (mac64[arm] - Darwin 24.6.0 24G84)

CPU model: Apple M4
Thread count: 10 physical cores, 10 logical processors, using up to 10 threads

Non-default parameters:
WorkLimit  300
MIPFocus  1
LogToConsole  0
PoolSearchMode  2

Optimize a model with 3750 rows, 33175 columns and 69996 nonzeros
Model fingerprint: 0xeb81a366
Variable types: 32500 continuous, 675 integer (675 binary)
Coefficient statistics:
  Matrix range     [1e+00, 2e+04]
  Objective range  [3e-01, 2e+06]
  Bounds range     [0e+00, 0e+00]
  RHS range        [1e+00, 1e+00]
Found heuristic solution: objective 0.0000000
Presolve removed 629 rows and 16354 columns
Presolve time: 0.03s
Presolved: 3121 rows, 16821 columns, 37292 nonzeros
Variable types: 16146 continuous, 675 integer (675 binary)
Found heuristic solution: objective -1422560.929

Root relaxation: objective -2.494045e+06, 1395 iterations, 0.02 seconds (0.04 work units)

    Nodes    |    Current Node    |     Objective Bounds      |     Work
 Expl Unexpl |  Obj  Depth IntInf | Incumbent    BestBd   Gap | It/Node Time

     0     0 -2494045.4    0  199 -1422560.9 -2494045.4  75.3%     -    0s
H    0     0                    -1604716.451 -2494045.4  55.4%     -    0s
H    0     0                    -2022263.475 -2494045.4  23.3%     -    0s
H    0     0                    -2048591.019 -2494045.4  21.7%     -    0s
H    0     0                    -2064731.660 -2494045.4  20.8%     -    0s
H    0     0                    -2367180.419 -2494045.4  5.36%     -    0s
H    0     0                    -2373057.475 -2494045.4  5.10%     -    0s
H    0     0                    -2373468.918 -2494045.4  5.08%     -    0s
H    0     0                    -2389187.986 -2494045.4  4.39%     -    0s
     0     0 -2456046.2    0  159 -2389188.0 -2456046.2  2.80%     -    0s
H    0     0                    -2391901.206 -2456046.2  2.68%     -    0s
     0     0 -2451205.8    0  158 -2391901.2 -2451205.8  2.48%     -    0s
     0     0 -2450088.0    0  164 -2391901.2 -2450088.0  2.43%     -    0s
     0     0 -2450055.7    0  157 -2391901.2 -2450055.7  2.43%     -    0s
     0     0 -2450032.8    0  157 -2391901.2 -2450032.8  2.43%     -    0s
     0     0 -2449983.2    0  157 -2391901.2 -2449983.2  2.43%     -    0s
     0     0 -2449979.4    0  157 -2391901.2 -2449979.4  2.43%     -    0s
H    0     0                    -2392888.688 -2449979.4  2.39%     -    0s
H    0     0                    -2398112.451 -2441056.7  1.79%     -    0s
     0     0 -2441056.7    0  155 -2398112.5 -2441056.7  1.79%     -    0s
H    0     0                    -2406843.196 -2441056.7  1.42%     -    0s
     0     0 -2438836.7    0  156 -2406843.2 -2438836.7  1.33%     -    0s
     0     0 -2438156.6    0  147 -2406843.2 -2438156.6  1.30%     -    0s
     0     0 -2438039.0    0  141 -2406843.2 -2438039.0  1.30%     -    0s
     0     0 -2437993.8    0  141 -2406843.2 -2437993.8  1.29%     -    0s
     0     0 -2437976.8    0  141 -2406843.2 -2437976.8  1.29%     -    0s
     0     0 -2420926.0    0  129 -2406843.2 -2420926.0  0.59%     -    0s
     0     0 -2420926.0    0  120 -2406843.2 -2420926.0  0.59%     -    0s
     0     0 -2420926.0    0  139 -2406843.2 -2420926.0  0.59%     -    0s
     0     0 -2420926.0    0  113 -2406843.2 -2420926.0  0.59%     -    0s
     0     0 -2420926.0    0  119 -2406843.2 -2420926.0  0.59%     -    0s
     0     0 -2420926.0    0  113 -2406843.2 -2420926.0  0.59%     -    0s
     0     0 -2420227.0    0  113 -2406843.2 -2420227.0  0.56%     -    0s
H    0     0                    -2410067.888 -2420227.0  0.42%     -    0s
     0     0 -2418590.0    0  121 -2410067.9 -2418590.0  0.35%     -    0s
     0     0 -2418590.0    0  114 -2410067.9 -2418590.0  0.35%     -    0s
     0     0 -2418590.0    0  112 -2410067.9 -2418590.0  0.35%     -    0s
     0     0 -2418590.0    0  136 -2410067.9 -2418590.0  0.35%     -    0s
     0     0 -2418590.0    0  127 -2410067.9 -2418590.0  0.35%     -    1s
     0     0 -2418590.0    0  109 -2410067.9 -2418590.0  0.35%     -    1s
     0     0 -2418590.0    0   90 -2410067.9 -2418590.0  0.35%     -    1s
     0     0 -2418590.0    0   92 -2410067.9 -2418590.0  0.35%     -    1s
     0     0 -2418590.0    0   91 -2410067.9 -2418590.0  0.35%     -    1s
     0     0 -2418590.0    0   94 -2410067.9 -2418590.0  0.35%     -    1s
     0     0 -2418590.0    0   85 -2410067.9 -2418590.0  0.35%     -    1s
     0     0 -2418590.0    0   90 -2410067.9 -2418590.0  0.35%     -    1s
     0     0 -2418590.0    0   81 -2410067.9 -2418590.0  0.35%     -    1s
     0     0 -2418590.0    0   83 -2410067.9 -2418590.0  0.35%     -    1s
     0     0 -2418590.0    0   79 -2410067.9 -2418590.0  0.35%     -    1s
     0     0 -2418590.0    0   80 -2410067.9 -2418590.0  0.35%     -    1s
     0     0 -2418590.0    0   83 -2410067.9 -2418590.0  0.35%     -    1s
     0     0 -2418590.0    0   83 -2410067.9 -2418590.0  0.35%     -    1s
     0     0 -2418590.0    0   83 -2410067.9 -2418590.0  0.35%     -    1s
     0     0 -2418590.0    0   77 -2410067.9 -2418590.0  0.35%     -    1s
     0     0 -2418590.0    0   76 -2410067.9 -2418590.0  0.35%     -    1s
     0     0 -2418590.0    0   84 -2410067.9 -2418590.0  0.35%     -    1s
     0     0 -2418590.0    0   88 -2410067.9 -2418590.0  0.35%     -    1s
     0     0 -2418590.0    0   77 -2410067.9 -2418590.0  0.35%     -    1s
     0     0 -2418590.0    0   71 -2410067.9 -2418590.0  0.35%     -    1s
     0     0 -2418590.0    0   89 -2410067.9 -2418590.0  0.35%     -    1s
     0     0 -2418500.4    0   72 -2410067.9 -2418500.4  0.35%     -    2s
     0     0 -2418312.9    0   72 -2410067.9 -2418312.9  0.34%     -    2s
     0     0 -2417083.3    0   75 -2410067.9 -2417083.3  0.29%     -    2s
     0     2 -2417083.3    0   75 -2410067.9 -2417083.3  0.29%     -    2s

Optimal solution found at node 319 - now completing solution pool...

    Nodes    |    Current Node    |      Pool Obj. Bounds     |     Work
             |                    |   Worst                   |
 Expl Unexpl |  Obj  Depth IntInf | Incumbent    BestBd   Gap | It/Node Time

   319   187 -2407361.2    6    6 -2404642.1 -2409969.1  0.22%  35.7    2s

Cutting planes:
  Gomory: 1
  Lift-and-project: 22
  Implied bound: 407
  MIR: 48
  Flow cover: 27
  RLT: 15
  Relax-and-lift: 33

Explored 693 nodes (23642 simplex iterations) in 3.08 seconds (5.45 work units)
Thread count was 10 (of 10 available processors)

Solution count 10: -2.41007e+06 -2.40877e+06 -2.40821e+06 ... -2.40643e+06
No other solutions better than -2.40643e+06

Optimal solution found (tolerance 1.00e-04)
Best objective -2.410067888499e+06, best bound -2.410067888499e+06, gap -0.0000%

User-callback calls 3359, time in user-callback 0.00 sec

================================================================================
PRICING SUBPROBLEM TYPE 2 (SF) - ITERATION 11
================================================================================
Timestamp: 2025-12-03T03:04:18.800
Problem size: 25 scenarios, 25 facilities, 50 customers
================================================================================

Gurobi 12.0.3 (mac64[arm]) logging started Wed Dec  3 03:04:18 2025

Set parameter LogFile to value "/Users/arnav/projects/Candidate-Selection-via-Stochastic-IP/CCG/logs/CG_SF_FL_cap91_K2_S25_pricing_20251203_030342.log"
Set parameter LogToConsole to value 0
Set parameter MIPFocus to value 1
Set parameter WorkLimit to value 300

Gurobi 12.0.3 (mac64[arm]) logging started Wed Dec  3 03:04:18 2025

Set parameter LogFile to value "/Users/arnav/projects/Candidate-Selection-via-Stochastic-IP/CCG/logs/CG_SF_FL_cap91_K2_S25_pricing_20251203_030342.log"
Gurobi Optimizer version 12.0.3 build v12.0.3rc0 (mac64[arm] - Darwin 24.6.0 24G84)

CPU model: Apple M4
Thread count: 10 physical cores, 10 logical processors, using up to 10 threads

Non-default parameters:
WorkLimit  300
MIPFocus  1
LogToConsole  0
PoolSearchMode  2

Optimize a model with 3750 rows, 33175 columns and 69996 nonzeros
Model fingerprint: 0xffec91e6
Variable types: 32500 continuous, 675 integer (675 binary)
Coefficient statistics:
  Matrix range     [1e+00, 2e+04]
  Objective range  [3e-01, 2e+06]
  Bounds range     [0e+00, 0e+00]
  RHS range        [1e+00, 1e+00]
Found heuristic solution: objective 0.0000000
Presolve removed 629 rows and 16354 columns
Presolve time: 0.03s
Presolved: 3121 rows, 16821 columns, 37292 nonzeros
Variable types: 16146 continuous, 675 integer (675 binary)
Found heuristic solution: objective -799902.8959

Root relaxation: objective -2.250772e+06, 1646 iterations, 0.02 seconds (0.07 work units)

    Nodes    |    Current Node    |     Objective Bounds      |     Work
 Expl Unexpl |  Obj  Depth IntInf | Incumbent    BestBd   Gap | It/Node Time

     0     0 -2250772.1    0  221 -799902.90 -2250772.1   181%     -    0s
H    0     0                    -1180561.137 -2250772.1  90.7%     -    0s
H    0     0                    -1791596.077 -2250772.1  25.6%     -    0s
H    0     0                    -1799621.962 -2194248.5  21.9%     -    0s
     0     0 -2194248.5    0  209 -1799622.0 -2194248.5  21.9%     -    0s
H    0     0                    -1842861.895 -2194248.5  19.1%     -    0s
H    0     0                    -1863326.258 -2194248.5  17.8%     -    0s
H    0     0                    -1942303.776 -2194248.5  13.0%     -    0s
H    0     0                    -1992891.922 -2194248.5  10.1%     -    0s
H    0     0                    -2004228.380 -2194248.5  9.48%     -    0s
     0     0 -2186943.7    0  203 -2004228.4 -2186943.7  9.12%     -    0s
     0     0 -2185063.6    0  201 -2004228.4 -2185063.6  9.02%     -    0s
     0     0 -2184575.3    0  202 -2004228.4 -2184575.3  9.00%     -    0s
     0     0 -2184497.1    0  201 -2004228.4 -2184497.1  8.99%     -    0s
H    0     0                    -2067821.108 -2184497.1  5.64%     -    0s
     0     0 -2173933.5    0  196 -2067821.1 -2173933.5  5.13%     -    0s
H    0     0                    -2079998.429 -2173933.5  4.52%     -    0s
H    0     0                    -2100242.443 -2169323.4  3.29%     -    0s
H    0     0                    -2101381.057 -2169323.4  3.23%     -    0s
     0     0 -2169323.4    0  196 -2101381.1 -2169323.4  3.23%     -    0s
     0     0 -2167597.9    0  196 -2101381.1 -2167597.9  3.15%     -    0s
     0     0 -2167498.8    0  195 -2101381.1 -2167498.8  3.15%     -    0s
     0     0 -2167450.0    0  194 -2101381.1 -2167450.0  3.14%     -    0s
     0     0 -2167436.8    0  193 -2101381.1 -2167436.8  3.14%     -    0s
     0     0 -2167436.6    0  193 -2101381.1 -2167436.6  3.14%     -    0s
H    0     0                    -2116795.014 -2167436.6  2.39%     -    0s
H    0     0                    -2118117.098 -2162127.3  2.08%     -    0s
     0     0 -2162127.3    0  188 -2118117.1 -2162127.3  2.08%     -    0s
H    0     0                    -2120680.382 -2160791.0  1.89%     -    0s
H    0     0                    -2124631.746 -2160791.0  1.70%     -    0s
     0     0 -2160791.0    0  191 -2124631.7 -2160791.0  1.70%     -    0s
     0     0 -2159478.0    0  186 -2124631.7 -2159478.0  1.64%     -    0s
     0     0 -2159271.2    0  190 -2124631.7 -2159271.2  1.63%     -    0s
     0     0 -2159127.1    0  185 -2124631.7 -2159127.1  1.62%     -    0s
     0     0 -2159082.0    0  185 -2124631.7 -2159082.0  1.62%     -    0s
H    0     0                    -2125871.806 -2159072.0  1.56%     -    0s
     0     0 -2159072.0    0  184 -2125871.8 -2159072.0  1.56%     -    0s
     0     0 -2159065.2    0  184 -2125871.8 -2159065.2  1.56%     -    0s
     0     0 -2157438.3    0  185 -2125871.8 -2157438.3  1.48%     -    0s
     0     0 -2156928.0    0  185 -2125871.8 -2156928.0  1.46%     -    0s
     0     0 -2153086.3    0  185 -2125871.8 -2153086.3  1.28%     -    0s
     0     0 -2153086.3    0  184 -2125871.8 -2153086.3  1.28%     -    0s
     0     0 -2153086.3    0  187 -2125871.8 -2153086.3  1.28%     -    0s
     0     0 -2153086.3    0  186 -2125871.8 -2153086.3  1.28%     -    0s
     0     0 -2153086.3    0  185 -2125871.8 -2153086.3  1.28%     -    0s
     0     0 -2153086.3    0  181 -2125871.8 -2153086.3  1.28%     -    1s
     0     2 -2153086.3    0  181 -2125871.8 -2153086.3  1.28%     -    2s

Optimal solution found at node 390 - now completing solution pool...

    Nodes    |    Current Node    |      Pool Obj. Bounds     |     Work
             |                    |   Worst                   |
 Expl Unexpl |  Obj  Depth IntInf | Incumbent    BestBd   Gap | It/Node Time

   390   148     cutoff   11      -2124141.3 -2125792.9  0.08%  58.8    2s

Cutting planes:
  Gomory: 1
  Implied bound: 574
  MIR: 56
  Flow cover: 40
  Zero half: 24
  RLT: 9
  Relax-and-lift: 63

Explored 614 nodes (29637 simplex iterations) in 3.03 seconds (6.46 work units)
Thread count was 10 (of 10 available processors)

Solution count 10: -2.12587e+06 -2.12579e+06 -2.1253e+06 ... -2.12436e+06
No other solutions better than -2.12436e+06

Optimal solution found (tolerance 1.00e-04)
Best objective -2.125871805828e+06, best bound -2.125871805828e+06, gap -0.0000%

User-callback calls 2872, time in user-callback 0.00 sec

================================================================================
PRICING SUBPROBLEM TYPE 2 (SF) - ITERATION 12
================================================================================
Timestamp: 2025-12-03T03:04:24.061
Problem size: 25 scenarios, 25 facilities, 50 customers
================================================================================

Gurobi 12.0.3 (mac64[arm]) logging started Wed Dec  3 03:04:24 2025

Set parameter LogFile to value "/Users/arnav/projects/Candidate-Selection-via-Stochastic-IP/CCG/logs/CG_SF_FL_cap91_K2_S25_pricing_20251203_030342.log"
Set parameter LogToConsole to value 0
Set parameter MIPFocus to value 1
Set parameter WorkLimit to value 300

Gurobi 12.0.3 (mac64[arm]) logging started Wed Dec  3 03:04:24 2025

Set parameter LogFile to value "/Users/arnav/projects/Candidate-Selection-via-Stochastic-IP/CCG/logs/CG_SF_FL_cap91_K2_S25_pricing_20251203_030342.log"
Gurobi Optimizer version 12.0.3 build v12.0.3rc0 (mac64[arm] - Darwin 24.6.0 24G84)

CPU model: Apple M4
Thread count: 10 physical cores, 10 logical processors, using up to 10 threads

Non-default parameters:
WorkLimit  300
MIPFocus  1
LogToConsole  0
PoolSearchMode  2

Optimize a model with 3750 rows, 33175 columns and 69996 nonzeros
Model fingerprint: 0x647951de
Variable types: 32500 continuous, 675 integer (675 binary)
Coefficient statistics:
  Matrix range     [1e+00, 2e+04]
  Objective range  [3e-01, 1e+06]
  Bounds range     [0e+00, 0e+00]
  RHS range        [1e+00, 1e+00]
Found heuristic solution: objective 0.0000000
Presolve removed 629 rows and 16354 columns
Presolve time: 0.02s
Presolved: 3121 rows, 16821 columns, 37292 nonzeros
Variable types: 16146 continuous, 675 integer (675 binary)
Found heuristic solution: objective -645330.2041

Root relaxation: objective -2.149654e+06, 1742 iterations, 0.03 seconds (0.07 work units)

    Nodes    |    Current Node    |     Objective Bounds      |     Work
 Expl Unexpl |  Obj  Depth IntInf | Incumbent    BestBd   Gap | It/Node Time

     0     0 -2149653.6    0  240 -645330.20 -2149653.6   233%     -    0s
H    0     0                    -1016412.338 -2149653.6   111%     -    0s
H    0     0                    -1704156.795 -2149653.6  26.1%     -    0s
H    0     0                    -1722687.509 -2149653.6  24.8%     -    0s
H    0     0                    -1743528.716 -2149653.6  23.3%     -    0s
H    0     0                    -1753708.510 -2149653.6  22.6%     -    0s
H    0     0                    -1840448.020 -2149653.6  16.8%     -    0s
H    0     0                    -1842517.111 -2149653.6  16.7%     -    0s
H    0     0                    -1904466.134 -2149653.6  12.9%     -    0s
H    0     0                    -1971773.120 -2149653.6  9.02%     -    0s
H    0     0                    -1995542.859 -2093335.1  4.90%     -    0s
     0     0 -2092726.0    0  227 -1995542.9 -2092726.0  4.87%     -    0s
     0     0 -2087788.9    0  225 -1995542.9 -2087788.9  4.62%     -    0s
     0     0 -2086969.5    0  220 -1995542.9 -2086969.5  4.58%     -    0s
     0     0 -2086240.7    0  217 -1995542.9 -2086240.7  4.55%     -    0s
     0     0 -2085434.6    0  219 -1995542.9 -2085434.6  4.50%     -    0s
     0     0 -2085418.4    0  218 -1995542.9 -2085418.4  4.50%     -    0s
H    0     0                    -2001952.214 -2075344.5  3.67%     -    0s
     0     0 -2075056.1    0  222 -2001952.2 -2075056.1  3.65%     -    0s
H    0     0                    -2015045.082 -2075056.1  2.98%     -    0s
     0     0 -2072152.9    0  216 -2015045.1 -2072152.9  2.83%     -    0s
     0     0 -2070625.4    0  212 -2015045.1 -2070625.4  2.76%     -    0s
     0     0 -2070237.2    0  205 -2015045.1 -2070237.2  2.74%     -    0s
     0     0 -2070163.2    0  212 -2015045.1 -2070163.2  2.74%     -    0s
     0     0 -2070152.5    0  206 -2015045.1 -2070152.5  2.73%     -    0s
     0     0 -2070152.3    0  206 -2015045.1 -2070152.3  2.73%     -    0s
H    0     0                    -2017388.388 -2070152.3  2.62%     -    0s
     0     0 -2066700.1    0  200 -2017388.4 -2066700.1  2.44%     -    0s
H    0     0                    -2029649.880 -2066700.1  1.83%     -    0s
H    0     0                    -2040237.768 -2064793.6  1.20%     -    0s
H    0     0                    -2040722.649 -2064793.6  1.18%     -    0s
     0     0 -2062909.0    0  204 -2040722.6 -2062909.0  1.09%     -    0s
     0     0 -2062909.0    0  193 -2040722.6 -2062909.0  1.09%     -    0s
     0     0 -2062494.9    0  201 -2040722.6 -2062494.9  1.07%     -    0s
     0     0 -2062494.9    0  200 -2040722.6 -2062494.9  1.07%     -    0s
     0     0 -2062494.9    0  201 -2040722.6 -2062494.9  1.07%     -    0s
H    0     0                    -2043926.731 -2062494.9  0.91%     -    0s
     0     0 -2062494.9    0  196 -2043926.7 -2062494.9  0.91%     -    0s
     0     0 -2062494.9    0  202 -2043926.7 -2062494.9  0.91%     -    0s
     0     0 -2062494.9    0  197 -2043926.7 -2062494.9  0.91%     -    0s
     0     0 -2056026.7    0  195 -2043926.7 -2056026.7  0.59%     -    0s
     0     0 -2056026.7    0  158 -2043926.7 -2056026.7  0.59%     -    0s
     0     0 -2056026.7    0  147 -2043926.7 -2056026.7  0.59%     -    0s
     0     0 -2056026.7    0  149 -2043926.7 -2056026.7  0.59%     -    0s
     0     0 -2056026.7    0  150 -2043926.7 -2056026.7  0.59%     -    0s
     0     0 -2056026.7    0  194 -2043926.7 -2056026.7  0.59%     -    1s
     0     2 -2056026.7    0  194 -2043926.7 -2056026.7  0.59%     -    2s

Optimal solution found at node 268 - now completing solution pool...

    Nodes    |    Current Node    |      Pool Obj. Bounds     |     Work
             |                    |   Worst                   |
 Expl Unexpl |  Obj  Depth IntInf | Incumbent    BestBd   Gap | It/Node Time

   268   144     cutoff    8      -2036582.1 -2043926.7  0.36%  63.6    2s

Cutting planes:
  Implied bound: 597
  MIR: 63
  Flow cover: 65
  Zero half: 4
  RLT: 8
  Relax-and-lift: 63

Explored 589 nodes (25881 simplex iterations) in 2.72 seconds (5.50 work units)
Thread count was 10 (of 10 available processors)

Solution count 10: -2.04393e+06 -2.04346e+06 -2.04197e+06 ... -2.03873e+06
No other solutions better than -2.03873e+06

Optimal solution found (tolerance 1.00e-04)
Best objective -2.043926731057e+06, best bound -2.043926731057e+06, gap -0.0000%

User-callback calls 2667, time in user-callback 0.00 sec

================================================================================
PRICING SUBPROBLEM TYPE 2 (SF) - ITERATION 13
================================================================================
Timestamp: 2025-12-03T03:04:28.418
Problem size: 25 scenarios, 25 facilities, 50 customers
================================================================================

Gurobi 12.0.3 (mac64[arm]) logging started Wed Dec  3 03:04:28 2025

Set parameter LogFile to value "/Users/arnav/projects/Candidate-Selection-via-Stochastic-IP/CCG/logs/CG_SF_FL_cap91_K2_S25_pricing_20251203_030342.log"
Set parameter LogToConsole to value 0
Set parameter MIPFocus to value 1
Set parameter WorkLimit to value 300

Gurobi 12.0.3 (mac64[arm]) logging started Wed Dec  3 03:04:28 2025

Set parameter LogFile to value "/Users/arnav/projects/Candidate-Selection-via-Stochastic-IP/CCG/logs/CG_SF_FL_cap91_K2_S25_pricing_20251203_030342.log"
Gurobi Optimizer version 12.0.3 build v12.0.3rc0 (mac64[arm] - Darwin 24.6.0 24G84)

CPU model: Apple M4
Thread count: 10 physical cores, 10 logical processors, using up to 10 threads

Non-default parameters:
WorkLimit  300
MIPFocus  1
LogToConsole  0
PoolSearchMode  2

Optimize a model with 3750 rows, 33175 columns and 69996 nonzeros
Model fingerprint: 0xcab175ca
Variable types: 32500 continuous, 675 integer (675 binary)
Coefficient statistics:
  Matrix range     [1e+00, 2e+04]
  Objective range  [3e-01, 1e+06]
  Bounds range     [0e+00, 0e+00]
  RHS range        [1e+00, 1e+00]
Found heuristic solution: objective 0.0000000
Presolve removed 629 rows and 16354 columns
Presolve time: 0.02s
Presolved: 3121 rows, 16821 columns, 37292 nonzeros
Variable types: 16146 continuous, 675 integer (675 binary)
Found heuristic solution: objective -306138.3435

Root relaxation: objective -1.904825e+06, 1820 iterations, 0.03 seconds (0.08 work units)

    Nodes    |    Current Node    |     Objective Bounds      |     Work
 Expl Unexpl |  Obj  Depth IntInf | Incumbent    BestBd   Gap | It/Node Time

     0     0 -1904824.9    0  254 -306138.34 -1904824.9   522%     -    0s
H    0     0                    -634610.3916 -1904824.9   200%     -    0s
H    0     0                    -1430545.247 -1904824.9  33.2%     -    0s
H    0     0                    -1468844.540 -1904824.9  29.7%     -    0s
H    0     0                    -1679116.635 -1904824.9  13.4%     -    0s
H    0     0                    -1691465.701 -1904824.9  12.6%     -    0s
H    0     0                    -1698274.986 -1904824.9  12.2%     -    0s
     0     0 -1850586.4    0  243 -1698275.0 -1850586.4  8.97%     -    0s
     0     0 -1841655.1    0  221 -1698275.0 -1841655.1  8.44%     -    0s
H    0     0                    -1699421.722 -1840737.9  8.32%     -    0s
     0     0 -1840737.9    0  235 -1699421.7 -1840737.9  8.32%     -    0s
H    0     0                    -1702031.048 -1840526.2  8.14%     -    0s
     0     0 -1840526.2    0  228 -1702031.0 -1840526.2  8.14%     -    0s
     0     0 -1840338.2    0  230 -1702031.0 -1840338.2  8.13%     -    0s
     0     0 -1840324.8    0  230 -1702031.0 -1840324.8  8.13%     -    0s
     0     0 -1840091.3    0  236 -1702031.0 -1840091.3  8.11%     -    0s
     0     0 -1840034.1    0  236 -1702031.0 -1840034.1  8.11%     -    0s
     0     0 -1840030.1    0  236 -1702031.0 -1840030.1  8.11%     -    0s
     0     0 -1829019.1    0  228 -1702031.0 -1829019.1  7.46%     -    0s
H    0     0                    -1704439.792 -1829019.1  7.31%     -    0s
     0     0 -1825628.6    0  201 -1704439.8 -1825628.6  7.11%     -    0s
H    0     0                    -1710629.292 -1824807.5  6.67%     -    0s
H    0     0                    -1720467.493 -1824807.5  6.06%     -    0s
     0     0 -1824807.5    0  208 -1720467.5 -1824807.5  6.06%     -    0s
     0     0 -1824689.4    0  210 -1720467.5 -1824689.4  6.06%     -    0s
     0     0 -1824595.4    0  210 -1720467.5 -1824595.4  6.05%     -    0s
     0     0 -1824592.0    0  211 -1720467.5 -1824592.0  6.05%     -    0s
H    0     0                    -1722640.481 -1824592.0  5.92%     -    0s
H    0     0                    -1725199.796 -1824592.0  5.76%     -    0s
H    0     0                    -1726627.092 -1824592.0  5.67%     -    0s
H    0     0                    -1726880.609 -1824592.0  5.66%     -    0s
     0     0 -1817942.0    0  198 -1726880.6 -1817942.0  5.27%     -    0s
H    0     0                    -1731069.561 -1817942.0  5.02%     -    0s
     0     0 -1816063.2    0  193 -1731069.6 -1816063.2  4.91%     -    0s
     0     0 -1815560.9    0  192 -1731069.6 -1815560.9  4.88%     -    0s
     0     0 -1815394.0    0  198 -1731069.6 -1815394.0  4.87%     -    0s
     0     0 -1815248.1    0  194 -1731069.6 -1815248.1  4.86%     -    0s
     0     0 -1815185.7    0  196 -1731069.6 -1815185.7  4.86%     -    0s
     0     0 -1815184.3    0  194 -1731069.6 -1815184.3  4.86%     -    0s
     0     0 -1813780.2    0  197 -1731069.6 -1813780.2  4.78%     -    0s
H    0     0                    -1732926.486 -1813780.2  4.67%     -    0s
     0     0 -1813264.8    0  187 -1732926.5 -1813264.8  4.64%     -    1s
     0     0 -1813182.6    0  178 -1732926.5 -1813182.6  4.63%     -    1s
     0     0 -1813073.4    0  182 -1732926.5 -1813073.4  4.62%     -    1s
     0     0 -1813047.3    0  183 -1732926.5 -1813047.3  4.62%     -    1s
     0     0 -1812955.0    0  186 -1732926.5 -1812955.0  4.62%     -    1s
     0     0 -1812925.1    0  184 -1732926.5 -1812925.1  4.62%     -    1s
     0     0 -1812923.9    0  185 -1732926.5 -1812923.9  4.62%     -    1s
     0     0 -1812014.4    0  183 -1732926.5 -1812014.4  4.56%     -    1s
H    0     0                    -1747347.434 -1812014.4  3.70%     -    1s
H    0     0                    -1747980.983 -1812014.4  3.66%     -    1s
H    0     0                    -1753118.467 -1812014.4  3.36%     -    2s
H    0     0                    -1761254.607 -1812014.4  2.88%     -    2s
H    0     0                    -1761345.494 -1812014.4  2.88%     -    2s
H    0     0                    -1761978.398 -1812014.4  2.84%     -    2s
     0     2 -1812014.4    0  183 -1761978.4 -1812014.4  2.84%     -    2s
H   33    46                    -1762839.237 -1779892.3  0.97%   350    2s
*  123   135               9    -1764226.438 -1772158.0  0.45%   150    3s
*  362   222              12    -1764878.888 -1766630.9  0.10%  76.5    3s

Optimal solution found at node 603 - now completing solution pool...

    Nodes    |    Current Node    |      Pool Obj. Bounds     |     Work
             |                    |   Worst                   |
 Expl Unexpl |  Obj  Depth IntInf | Incumbent    BestBd   Gap | It/Node Time

   603     0 -1763209.4   13   14 -1762778.7 -1763797.0  0.06%  51.1    3s

Cutting planes:
  Implied bound: 632
  MIR: 65
  Flow cover: 52
  Zero half: 34
  RLT: 9
  Relax-and-lift: 48

Explored 718 nodes (37091 simplex iterations) in 3.28 seconds (6.81 work units)
Thread count was 10 (of 10 available processors)

Solution count 10: -1.76488e+06 -1.76423e+06 -1.76422e+06 ... -1.76278e+06
No other solutions better than -1.76278e+06

Optimal solution found (tolerance 1.00e-04)
Best objective -1.764878887598e+06, best bound -1.764878887598e+06, gap -0.0000%

User-callback calls 3208, time in user-callback 0.00 sec

================================================================================
PRICING SUBPROBLEM TYPE 2 (SF) - ITERATION 14
================================================================================
Timestamp: 2025-12-03T03:04:33.569
Problem size: 25 scenarios, 25 facilities, 50 customers
================================================================================

Gurobi 12.0.3 (mac64[arm]) logging started Wed Dec  3 03:04:33 2025

Set parameter LogFile to value "/Users/arnav/projects/Candidate-Selection-via-Stochastic-IP/CCG/logs/CG_SF_FL_cap91_K2_S25_pricing_20251203_030342.log"
Set parameter LogToConsole to value 0
Set parameter MIPFocus to value 1
Set parameter WorkLimit to value 300

Gurobi 12.0.3 (mac64[arm]) logging started Wed Dec  3 03:04:33 2025

Set parameter LogFile to value "/Users/arnav/projects/Candidate-Selection-via-Stochastic-IP/CCG/logs/CG_SF_FL_cap91_K2_S25_pricing_20251203_030342.log"
Gurobi Optimizer version 12.0.3 build v12.0.3rc0 (mac64[arm] - Darwin 24.6.0 24G84)

CPU model: Apple M4
Thread count: 10 physical cores, 10 logical processors, using up to 10 threads

Non-default parameters:
WorkLimit  300
MIPFocus  1
LogToConsole  0
PoolSearchMode  2

Optimize a model with 3750 rows, 33175 columns and 69996 nonzeros
Model fingerprint: 0x3765b75b
Variable types: 32500 continuous, 675 integer (675 binary)
Coefficient statistics:
  Matrix range     [1e+00, 2e+04]
  Objective range  [3e-01, 1e+06]
  Bounds range     [0e+00, 0e+00]
  RHS range        [1e+00, 1e+00]
Found heuristic solution: objective 0.0000000
Presolve removed 629 rows and 16354 columns
Presolve time: 0.02s
Presolved: 3121 rows, 16821 columns, 37292 nonzeros
Variable types: 16146 continuous, 675 integer (675 binary)
Found heuristic solution: objective -343245.7021

Root relaxation: objective -1.866066e+06, 2064 iterations, 0.03 seconds (0.10 work units)

    Nodes    |    Current Node    |     Objective Bounds      |     Work
 Expl Unexpl |  Obj  Depth IntInf | Incumbent    BestBd   Gap | It/Node Time

     0     0 -1866065.8    0  298 -343245.70 -1866065.8   444%     -    0s
H    0     0                    -1373213.526 -1866065.8  35.9%     -    0s
H    0     0                    -1375247.819 -1866065.8  35.7%     -    0s
H    0     0                    -1537031.487 -1802549.1  17.3%     -    0s
     0     0 -1802549.1    0  280 -1537031.5 -1802549.1  17.3%     -    0s
H    0     0                    -1636401.348 -1802549.1  10.2%     -    0s
H    0     0                    -1652790.537 -1792795.3  8.47%     -    0s
H    0     0                    -1680359.483 -1792795.3  6.69%     -    0s
H    0     0                    -1682588.608 -1792795.3  6.55%     -    0s
H    0     0                    -1685349.008 -1792795.3  6.38%     -    0s
     0     0 -1792795.3    0  274 -1685349.0 -1792795.3  6.38%     -    0s
     0     0 -1791271.8    0  265 -1685349.0 -1791271.8  6.28%     -    0s
     0     0 -1791152.4    0  264 -1685349.0 -1791152.4  6.28%     -    0s
     0     0 -1791084.9    0  264 -1685349.0 -1791084.9  6.27%     -    0s
     0     0 -1791071.3    0  268 -1685349.0 -1791071.3  6.27%     -    0s
     0     0 -1791062.2    0  264 -1685349.0 -1791062.2  6.27%     -    0s
     0     0 -1775869.2    0  259 -1685349.0 -1775869.2  5.37%     -    0s
     0     0 -1771885.6    0  263 -1685349.0 -1771885.6  5.13%     -    0s
H    0     0                    -1687305.006 -1770726.7  4.94%     -    0s
     0     0 -1770726.7    0  254 -1687305.0 -1770726.7  4.94%     -    0s
     0     0 -1770290.3    0  258 -1687305.0 -1770290.3  4.92%     -    0s
     0     0 -1770237.4    0  255 -1687305.0 -1770237.4  4.92%     -    0s
     0     0 -1770237.3    0  255 -1687305.0 -1770237.3  4.92%     -    0s
     0     0 -1765099.5    0  232 -1687305.0 -1765099.5  4.61%     -    0s
     0     0 -1763231.5    0  228 -1687305.0 -1763231.5  4.50%     -    0s
     0     0 -1761776.5    0  227 -1687305.0 -1761776.5  4.41%     -    0s
     0     0 -1761474.4    0  233 -1687305.0 -1761474.4  4.40%     -    0s
     0     0 -1761202.3    0  225 -1687305.0 -1761202.3  4.38%     -    0s
     0     0 -1761160.6    0  234 -1687305.0 -1761160.6  4.38%     -    0s
     0     0 -1761155.1    0  225 -1687305.0 -1761155.1  4.38%     -    0s
H    0     0                    -1698150.385 -1757792.4  3.51%     -    1s
     0     0 -1757792.4    0  209 -1698150.4 -1757792.4  3.51%     -    1s
H    0     0                    -1700065.075 -1757271.6  3.36%     -    1s
H    0     0                    -1707459.175 -1757271.6  2.92%     -    1s
     0     0 -1757271.6    0  209 -1707459.2 -1757271.6  2.92%     -    1s
     0     0 -1757060.7    0  206 -1707459.2 -1757060.7  2.90%     -    1s
     0     0 -1756936.1    0  197 -1707459.2 -1756936.1  2.90%     -    1s
     0     0 -1756852.5    0  204 -1707459.2 -1756852.5  2.89%     -    1s
     0     0 -1756822.8    0  203 -1707459.2 -1756822.8  2.89%     -    1s
     0     0 -1756819.7    0  201 -1707459.2 -1756819.7  2.89%     -    1s
     0     0 -1755814.6    0  204 -1707459.2 -1755814.6  2.83%     -    1s
H    0     0                    -1709091.062 -1755814.6  2.73%     -    2s
H    0     0                    -1713484.928 -1755814.6  2.47%     -    2s
     0     2 -1755814.6    0  204 -1713484.9 -1755814.6  2.47%     -    3s

Optimal solution found at node 615 - now completing solution pool...

    Nodes    |    Current Node    |      Pool Obj. Bounds     |     Work
             |                    |   Worst                   |
 Expl Unexpl |  Obj  Depth IntInf | Incumbent    BestBd   Gap | It/Node Time

   615   265     cutoff   16      -1709387.3 -1712284.1  0.17%  82.7    4s

Cutting planes:
  Gomory: 1
  Implied bound: 735
  MIR: 58
  Flow cover: 45
  Zero half: 27
  RLT: 14
  Relax-and-lift: 81

Explored 990 nodes (61273 simplex iterations) in 4.49 seconds (10.26 work units)
Thread count was 10 (of 10 available processors)

Solution count 10: -1.71348e+06 -1.71255e+06 -1.7118e+06 ... -1.70939e+06
No other solutions better than -1.70939e+06

Optimal solution found (tolerance 1.00e-04)
Best objective -1.713484927539e+06, best bound -1.713484927539e+06, gap -0.0000%

User-callback calls 4132, time in user-callback 0.00 sec

================================================================================
PRICING SUBPROBLEM TYPE 2 (SF) - ITERATION 15
================================================================================
Timestamp: 2025-12-03T03:04:40.816
Problem size: 25 scenarios, 25 facilities, 50 customers
================================================================================

Gurobi 12.0.3 (mac64[arm]) logging started Wed Dec  3 03:04:40 2025

Set parameter LogFile to value "/Users/arnav/projects/Candidate-Selection-via-Stochastic-IP/CCG/logs/CG_SF_FL_cap91_K2_S25_pricing_20251203_030342.log"
Set parameter LogToConsole to value 0
Set parameter MIPFocus to value 1
Set parameter WorkLimit to value 300

Gurobi 12.0.3 (mac64[arm]) logging started Wed Dec  3 03:04:40 2025

Set parameter LogFile to value "/Users/arnav/projects/Candidate-Selection-via-Stochastic-IP/CCG/logs/CG_SF_FL_cap91_K2_S25_pricing_20251203_030342.log"
Gurobi Optimizer version 12.0.3 build v12.0.3rc0 (mac64[arm] - Darwin 24.6.0 24G84)

CPU model: Apple M4
Thread count: 10 physical cores, 10 logical processors, using up to 10 threads

Non-default parameters:
WorkLimit  300
MIPFocus  1
LogToConsole  0
PoolSearchMode  2

Optimize a model with 3750 rows, 33175 columns and 69996 nonzeros
Model fingerprint: 0xc15d2f37
Variable types: 32500 continuous, 675 integer (675 binary)
Coefficient statistics:
  Matrix range     [1e+00, 2e+04]
  Objective range  [3e-01, 1e+06]
  Bounds range     [0e+00, 0e+00]
  RHS range        [1e+00, 1e+00]
Found heuristic solution: objective 0.0000000
Presolve removed 629 rows and 16354 columns
Presolve time: 0.06s
Presolved: 3121 rows, 16821 columns, 37292 nonzeros
Variable types: 16146 continuous, 675 integer (675 binary)

Root relaxation: objective -1.748469e+06, 1984 iterations, 0.05 seconds (0.09 work units)

    Nodes    |    Current Node    |     Objective Bounds      |     Work
 Expl Unexpl |  Obj  Depth IntInf | Incumbent    BestBd   Gap | It/Node Time

     0     0 -1748468.7    0  306    0.00000 -1748468.7      -     -    0s
H    0     0                    -152557.5578 -1748468.7  1046%     -    0s
H    0     0                    -1202100.760 -1748468.7  45.5%     -    0s
H    0     0                    -1262482.174 -1748468.7  38.5%     -    0s
H    0     0                    -1301843.862 -1748468.7  34.3%     -    0s
H    0     0                    -1313427.106 -1748468.7  33.1%     -    0s
H    0     0                    -1439660.986 -1748468.7  21.5%     -    0s
H    0     0                    -1445829.505 -1748468.7  20.9%     -    0s
H    0     0                    -1447549.402 -1748468.7  20.8%     -    0s
     0     0 -1676443.6    0  289 -1447549.4 -1676443.6  15.8%     -    0s
H    0     0                    -1449179.816 -1667784.3  15.1%     -    0s
     0     0 -1667784.3    0  283 -1449179.8 -1667784.3  15.1%     -    0s
     0     0 -1666005.1    0  284 -1449179.8 -1666005.1  15.0%     -    0s
     0     0 -1665795.6    0  276 -1449179.8 -1665795.6  14.9%     -    0s
H    0     0                    -1452443.723 -1665736.3  14.7%     -    0s
     0     0 -1665736.3    0  280 -1452443.7 -1665736.3  14.7%     -    0s
     0     0 -1665726.8    0  279 -1452443.7 -1665726.8  14.7%     -    0s
     0     0 -1650502.7    0  279 -1452443.7 -1650502.7  13.6%     -    0s
H    0     0                    -1476943.987 -1645082.8  11.4%     -    0s
     0     0 -1645082.8    0  284 -1476944.0 -1645082.8  11.4%     -    0s
     0     0 -1643322.7    0  280 -1476944.0 -1643322.7  11.3%     -    1s
     0     0 -1642980.2    0  281 -1476944.0 -1642980.2  11.2%     -    1s
     0     0 -1642894.1    0  281 -1476944.0 -1642894.1  11.2%     -    1s
     0     0 -1642760.6    0  281 -1476944.0 -1642760.6  11.2%     -    1s
     0     0 -1642752.9    0  281 -1476944.0 -1642752.9  11.2%     -    1s
H    0     0                    -1533298.758 -1637639.4  6.80%     -    1s
H    0     0                    -1540132.497 -1637639.4  6.33%     -    1s
     0     0 -1637639.4    0  263 -1540132.5 -1637639.4  6.33%     -    1s
     0     0 -1635793.7    0  260 -1540132.5 -1635793.7  6.21%     -    1s
     0     0 -1634629.4    0  261 -1540132.5 -1634629.4  6.14%     -    1s
H    0     0                    -1551906.279 -1634355.1  5.31%     -    1s
     0     0 -1634355.1    0  263 -1551906.3 -1634355.1  5.31%     -    1s
     0     0 -1634273.3    0  262 -1551906.3 -1634273.3  5.31%     -    1s
H    0     0                    -1556005.590 -1634219.6  5.03%     -    1s
     0     0 -1634219.6    0  261 -1556005.6 -1634219.6  5.03%     -    1s
     0     0 -1634217.3    0  264 -1556005.6 -1634217.3  5.03%     -    1s
H    0     0                    -1567310.181 -1634217.3  4.27%     -    1s
     0     0 -1633286.5    0  249 -1567310.2 -1633286.5  4.21%     -    1s
     0     0 -1632617.9    0  250 -1567310.2 -1632617.9  4.17%     -    1s
     0     0 -1632270.8    0  237 -1567310.2 -1632270.8  4.14%     -    1s
     0     0 -1632125.8    0  243 -1567310.2 -1632125.8  4.14%     -    1s
     0     0 -1632054.5    0  239 -1567310.2 -1632054.5  4.13%     -    1s
     0     0 -1631987.7    0  236 -1567310.2 -1631987.7  4.13%     -    1s
     0     0 -1631962.5    0  238 -1567310.2 -1631962.5  4.13%     -    1s
     0     0 -1631961.6    0  236 -1567310.2 -1631961.6  4.12%     -    1s
H    0     0                    -1574356.725 -1631961.6  3.66%     -    2s
     0     0 -1631695.1    0  234 -1574356.7 -1631695.1  3.64%     -    2s
H    0     0                    -1575552.236 -1631695.1  3.56%     -    2s
H    0     0                    -1580730.049 -1631695.1  3.22%     -    2s
H    0     0                    -1582546.286 -1631695.1  3.11%     -    2s
     0     2 -1631695.1    0  234 -1582546.3 -1631695.1  3.11%     -    4s
    48    48 -1521844.1    6  174 -1582546.3 -1612409.5  1.89%   470    5s
H  139   140                    -1583260.448 -1612409.5  1.84%   298    5s

Optimal solution found at node 439 - now completing solution pool...

    Nodes    |    Current Node    |      Pool Obj. Bounds     |     Work
             |                    |   Worst                   |
 Expl Unexpl |  Obj  Depth IntInf | Incumbent    BestBd   Gap | It/Node Time

   439   271 -1581454.8   14   32 -1579489.1 -1583260.4  0.24%   132    5s

Cutting planes:
  Implied bound: 824
  MIR: 78
  Flow cover: 85
  Zero half: 10
  RLT: 22
  Relax-and-lift: 67

Explored 888 nodes (68307 simplex iterations) in 5.66 seconds (11.30 work units)
Thread count was 10 (of 10 available processors)

Solution count 10: -1.58326e+06 -1.58255e+06 -1.58194e+06 ... -1.58005e+06
No other solutions better than -1.58005e+06

Optimal solution found (tolerance 1.00e-04)
Best objective -1.583260448145e+06, best bound -1.583260448145e+06, gap -0.0000%

User-callback calls 4011, time in user-callback 0.00 sec

================================================================================
PRICING SUBPROBLEM TYPE 2 (SF) - ITERATION 16
================================================================================
Timestamp: 2025-12-03T03:04:49.312
Problem size: 25 scenarios, 25 facilities, 50 customers
================================================================================

Gurobi 12.0.3 (mac64[arm]) logging started Wed Dec  3 03:04:49 2025

Set parameter LogFile to value "/Users/arnav/projects/Candidate-Selection-via-Stochastic-IP/CCG/logs/CG_SF_FL_cap91_K2_S25_pricing_20251203_030342.log"
Set parameter LogToConsole to value 0
Set parameter MIPFocus to value 1
Set parameter WorkLimit to value 300

Gurobi 12.0.3 (mac64[arm]) logging started Wed Dec  3 03:04:49 2025

Set parameter LogFile to value "/Users/arnav/projects/Candidate-Selection-via-Stochastic-IP/CCG/logs/CG_SF_FL_cap91_K2_S25_pricing_20251203_030342.log"
Gurobi Optimizer version 12.0.3 build v12.0.3rc0 (mac64[arm] - Darwin 24.6.0 24G84)

CPU model: Apple M4
Thread count: 10 physical cores, 10 logical processors, using up to 10 threads

Non-default parameters:
WorkLimit  300
MIPFocus  1
LogToConsole  0
PoolSearchMode  2

Optimize a model with 3750 rows, 33175 columns and 69996 nonzeros
Model fingerprint: 0x08c6a5bb
Variable types: 32500 continuous, 675 integer (675 binary)
Coefficient statistics:
  Matrix range     [1e+00, 2e+04]
  Objective range  [3e-01, 1e+06]
  Bounds range     [0e+00, 0e+00]
  RHS range        [1e+00, 1e+00]
Found heuristic solution: objective 0.0000000
Presolve removed 629 rows and 16354 columns
Presolve time: 0.03s
Presolved: 3121 rows, 16821 columns, 37292 nonzeros
Variable types: 16146 continuous, 675 integer (675 binary)

Root relaxation: objective -1.625299e+06, 2196 iterations, 0.04 seconds (0.10 work units)

    Nodes    |    Current Node    |     Objective Bounds      |     Work
 Expl Unexpl |  Obj  Depth IntInf | Incumbent    BestBd   Gap | It/Node Time

     0     0 -1625298.5    0  327    0.00000 -1625298.5      -     -    0s
H    0     0                    -1065237.953 -1625298.5  52.6%     -    0s
H    0     0                    -1066640.464 -1625298.5  52.4%     -    0s
H    0     0                    -1070182.739 -1625298.5  51.9%     -    0s
H    0     0                    -1077569.466 -1625298.5  50.8%     -    0s
H    0     0                    -1137389.248 -1625298.5  42.9%     -    0s
H    0     0                    -1163660.718 -1625298.5  39.7%     -    0s
H    0     0                    -1200081.208 -1625298.5  35.4%     -    0s
H    0     0                    -1200706.085 -1625298.5  35.4%     -    0s
H    0     0                    -1201246.811 -1625298.5  35.3%     -    0s
H    0     0                    -1247860.561 -1625298.5  30.2%     -    0s
H    0     0                    -1310912.429 -1625298.5  24.0%     -    0s
H    0     0                    -1314418.672 -1625298.5  23.7%     -    0s
H    0     0                    -1341368.559 -1543357.0  15.1%     -    0s
     0     0 -1543357.0    0  306 -1341368.6 -1543357.0  15.1%     -    0s
     0     0 -1534547.1    0  301 -1341368.6 -1534547.1  14.4%     -    0s
     0     0 -1533538.8    0  294 -1341368.6 -1533538.8  14.3%     -    0s
     0     0 -1533277.6    0  293 -1341368.6 -1533277.6  14.3%     -    0s
     0     0 -1533227.6    0  293 -1341368.6 -1533227.6  14.3%     -    0s
     0     0 -1533205.4    0  293 -1341368.6 -1533205.4  14.3%     -    0s
     0     0 -1533197.5    0  293 -1341368.6 -1533197.5  14.3%     -    0s
H    0     0                    -1380950.153 -1514389.3  9.66%     -    0s
     0     0 -1514389.3    0  295 -1380950.2 -1514389.3  9.66%     -    0s
H    0     0                    -1391687.164 -1514389.3  8.82%     -    0s
H    0     0                    -1401297.155 -1514389.3  8.07%     -    0s
     0     0 -1508513.9    0  294 -1401297.2 -1508513.9  7.65%     -    0s
     0     0 -1507271.7    0  299 -1401297.2 -1507271.7  7.56%     -    0s
     0     0 -1506502.2    0  300 -1401297.2 -1506502.2  7.51%     -    0s
     0     0 -1506329.2    0  300 -1401297.2 -1506329.2  7.50%     -    0s
     0     0 -1506225.6    0  302 -1401297.2 -1506225.6  7.49%     -    0s
     0     0 -1506180.4    0  301 -1401297.2 -1506180.4  7.48%     -    0s
     0     0 -1506178.1    0  302 -1401297.2 -1506178.1  7.48%     -    0s
H    0     0                    -1408427.010 -1506178.1  6.94%     -    1s
H    0     0                    -1409410.392 -1506178.1  6.87%     -    1s
H    0     0                    -1416203.759 -1506178.1  6.35%     -    1s
     0     0 -1496977.4    0  274 -1416203.8 -1496977.4  5.70%     -    1s
     0     0 -1495162.4    0  270 -1416203.8 -1495162.4  5.58%     -    1s
     0     0 -1494497.7    0  286 -1416203.8 -1494497.7  5.53%     -    1s
     0     0 -1494379.1    0  270 -1416203.8 -1494379.1  5.52%     -    1s
     0     0 -1494328.1    0  273 -1416203.8 -1494328.1  5.52%     -    1s
     0     0 -1494301.3    0  289 -1416203.8 -1494301.3  5.51%     -    1s
     0     0 -1494301.0    0  270 -1416203.8 -1494301.0  5.51%     -    1s
     0     0 -1492243.5    0  251 -1416203.8 -1492243.5  5.37%     -    1s
     0     0 -1491488.7    0  272 -1416203.8 -1491488.7  5.32%     -    2s
     0     0 -1491198.0    0  263 -1416203.8 -1491198.0  5.30%     -    2s
     0     0 -1491030.7    0  267 -1416203.8 -1491030.7  5.28%     -    2s
     0     0 -1490946.8    0  261 -1416203.8 -1490946.8  5.28%     -    2s
     0     0 -1490847.2    0  258 -1416203.8 -1490847.2  5.27%     -    2s
     0     0 -1490843.7    0  261 -1416203.8 -1490843.7  5.27%     -    2s
H    0     0                    -1418283.863 -1490843.7  5.12%     -    2s
     0     0 -1489776.1    0  237 -1418283.9 -1489776.1  5.04%     -    2s
H    0     0                    -1421160.968 -1489776.1  4.83%     -    2s
H    0     0                    -1431335.425 -1489776.1  4.08%     -    2s
H    0     0                    -1433073.288 -1489776.1  3.96%     -    3s
H    0     0                    -1433096.036 -1489776.1  3.96%     -    3s
     0     2 -1489776.1    0  237 -1433096.0 -1489776.1  3.96%     -    4s
    15    24 -1419815.2    4  169 -1433096.0 -1459886.1  1.87%   901    5s

Optimal solution found at node 690 - now completing solution pool...

    Nodes    |    Current Node    |      Pool Obj. Bounds     |     Work
             |                    |   Worst                   |
 Expl Unexpl |  Obj  Depth IntInf | Incumbent    BestBd   Gap | It/Node Time

   690     0     cutoff   18      -1430443.6 -1431670.9  0.09%   112    6s

Cutting planes:
  Implied bound: 926
  MIR: 79
  Flow cover: 78
  Zero half: 28
  RLT: 15
  Relax-and-lift: 59

Explored 828 nodes (87591 simplex iterations) in 6.48 seconds (14.26 work units)
Thread count was 10 (of 10 available processors)

Solution count 10: -1.4331e+06 -1.43307e+06 -1.43173e+06 ... -1.43044e+06
No other solutions better than -1.43044e+06

Optimal solution found (tolerance 1.00e-04)
Best objective -1.433096035769e+06, best bound -1.433096035769e+06, gap -0.0000%

User-callback calls 3962, time in user-callback 0.00 sec

================================================================================
PRICING SUBPROBLEM TYPE 2 (SF) - ITERATION 17
================================================================================
Timestamp: 2025-12-03T03:04:58.264
Problem size: 25 scenarios, 25 facilities, 50 customers
================================================================================

Gurobi 12.0.3 (mac64[arm]) logging started Wed Dec  3 03:04:58 2025

Set parameter LogFile to value "/Users/arnav/projects/Candidate-Selection-via-Stochastic-IP/CCG/logs/CG_SF_FL_cap91_K2_S25_pricing_20251203_030342.log"
Set parameter LogToConsole to value 0
Set parameter MIPFocus to value 1
Set parameter WorkLimit to value 300

Gurobi 12.0.3 (mac64[arm]) logging started Wed Dec  3 03:04:58 2025

Set parameter LogFile to value "/Users/arnav/projects/Candidate-Selection-via-Stochastic-IP/CCG/logs/CG_SF_FL_cap91_K2_S25_pricing_20251203_030342.log"
Gurobi Optimizer version 12.0.3 build v12.0.3rc0 (mac64[arm] - Darwin 24.6.0 24G84)

CPU model: Apple M4
Thread count: 10 physical cores, 10 logical processors, using up to 10 threads

Non-default parameters:
WorkLimit  300
MIPFocus  1
LogToConsole  0
PoolSearchMode  2

Optimize a model with 3750 rows, 33175 columns and 69996 nonzeros
Model fingerprint: 0x4efd2c5f
Variable types: 32500 continuous, 675 integer (675 binary)
Coefficient statistics:
  Matrix range     [1e+00, 2e+04]
  Objective range  [3e-01, 8e+05]
  Bounds range     [0e+00, 0e+00]
  RHS range        [1e+00, 1e+00]
Found heuristic solution: objective 1068047.1148
Presolve removed 629 rows and 16354 columns
Presolve time: 0.03s
Presolved: 3121 rows, 16821 columns, 37292 nonzeros
Variable types: 16146 continuous, 675 integer (675 binary)
Found heuristic solution: objective -594314.2572

Root relaxation: objective -2.417773e+06, 2736 iterations, 0.04 seconds (0.09 work units)

    Nodes    |    Current Node    |     Objective Bounds      |     Work
 Expl Unexpl |  Obj  Depth IntInf | Incumbent    BestBd   Gap | It/Node Time

     0     0 -2417773.3    0  338 -594314.26 -2417773.3   307%     -    0s
H    0     0                    -792810.3634 -2417773.3   205%     -    0s
H    0     0                    -943983.9956 -2417773.3   156%     -    0s
H    0     0                    -1492213.268 -2417773.3  62.0%     -    0s
H    0     0                    -2002381.394 -2417773.3  20.7%     -    0s
H    0     0                    -2052505.289 -2330640.3  13.6%     -    0s
     0     0 -2327328.9    0  274 -2052505.3 -2327328.9  13.4%     -    0s
     0     0 -2321548.5    0  258 -2052505.3 -2321548.5  13.1%     -    0s
     0     0 -2317006.4    0  257 -2052505.3 -2317006.4  12.9%     -    0s
     0     0 -2316150.1    0  259 -2052505.3 -2316150.1  12.8%     -    0s
     0     0 -2316120.0    0  260 -2052505.3 -2316120.0  12.8%     -    0s
H    0     0                    -2053286.045 -2316118.8  12.8%     -    0s
     0     0 -2316118.8    0  260 -2053286.0 -2316118.8  12.8%     -    0s
     0     0 -2297952.8    0  255 -2053286.0 -2297952.8  11.9%     -    0s
     0     0 -2292161.2    0  255 -2053286.0 -2292161.2  11.6%     -    0s
     0     0 -2289786.8    0  255 -2053286.0 -2289786.8  11.5%     -    0s
     0     0 -2289162.0    0  255 -2053286.0 -2289162.0  11.5%     -    0s
     0     0 -2288754.0    0  269 -2053286.0 -2288754.0  11.5%     -    0s
     0     0 -2288680.6    0  255 -2053286.0 -2288680.6  11.5%     -    0s
     0     0 -2288650.7    0  255 -2053286.0 -2288650.7  11.5%     -    0s
     0     0 -2288647.9    0  254 -2053286.0 -2288647.9  11.5%     -    0s
H    0     0                    -2225975.526 -2288647.9  2.82%     -    0s
H    0     0                    -2264880.655 -2288647.9  1.05%     -    0s
     0     0 -2283222.6    0  266 -2264880.7 -2283222.6  0.81%     -    0s
     0     0 -2281935.0    0  263 -2264880.7 -2281935.0  0.75%     -    0s
     0     0 -2281162.2    0  252 -2264880.7 -2281162.2  0.72%     -    0s
     0     0 -2280952.9    0  250 -2264880.7 -2280952.9  0.71%     -    0s
     0     0 -2280942.5    0  250 -2264880.7 -2280942.5  0.71%     -    0s
     0     0 -2279516.7    0  233 -2264880.7 -2279516.7  0.65%     -    0s
H    0     0                    -2270219.258 -2279064.3  0.39%     -    0s
     0     0 -2279064.3    0  232 -2270219.3 -2279064.3  0.39%     -    0s
     0     0 -2278925.7    0  231 -2270219.3 -2278925.7  0.38%     -    0s
     0     0 -2278869.3    0  230 -2270219.3 -2278869.3  0.38%     -    0s
     0     0 -2278838.0    0  230 -2270219.3 -2278838.0  0.38%     -    0s
     0     0 -2278836.8    0  230 -2270219.3 -2278836.8  0.38%     -    0s
     0     0 -2278579.1    0  218 -2270219.3 -2278579.1  0.37%     -    0s
     0     2 -2278579.1    0  218 -2270219.3 -2278579.1  0.37%     -    1s

Optimal solution found at node 232 - now completing solution pool...

    Nodes    |    Current Node    |      Pool Obj. Bounds     |     Work
             |                    |   Worst                   |
 Expl Unexpl |  Obj  Depth IntInf | Incumbent    BestBd   Gap | It/Node Time

   232   114 -2263598.3    8   45 -2263374.3 -2270219.3  0.30%  93.0    2s

Cutting planes:
  Implied bound: 777
  MIR: 89
  Flow cover: 66
  RLT: 60
  Relax-and-lift: 111

Explored 543 nodes (31429 simplex iterations) in 2.30 seconds (4.39 work units)
Thread count was 10 (of 10 available processors)

Solution count 10: -2.27022e+06 -2.26756e+06 -2.26754e+06 ... -2.2639e+06
No other solutions better than -2.2639e+06

Optimal solution found (tolerance 1.00e-04)
Best objective -2.270219258274e+06, best bound -2.270219258274e+06, gap -0.0000%

User-callback calls 2251, time in user-callback 0.00 sec

================================================================================
PRICING SUBPROBLEM TYPE 2 (SF) - ITERATION 18
================================================================================
Timestamp: 2025-12-03T03:05:05.468
Problem size: 25 scenarios, 25 facilities, 50 customers
================================================================================

Gurobi 12.0.3 (mac64[arm]) logging started Wed Dec  3 03:05:05 2025

Set parameter LogFile to value "/Users/arnav/projects/Candidate-Selection-via-Stochastic-IP/CCG/logs/CG_SF_FL_cap91_K2_S25_pricing_20251203_030342.log"
Set parameter LogToConsole to value 0
Set parameter MIPFocus to value 1
Set parameter WorkLimit to value 300

Gurobi 12.0.3 (mac64[arm]) logging started Wed Dec  3 03:05:05 2025

Set parameter LogFile to value "/Users/arnav/projects/Candidate-Selection-via-Stochastic-IP/CCG/logs/CG_SF_FL_cap91_K2_S25_pricing_20251203_030342.log"
Gurobi Optimizer version 12.0.3 build v12.0.3rc0 (mac64[arm] - Darwin 24.6.0 24G84)

CPU model: Apple M4
Thread count: 10 physical cores, 10 logical processors, using up to 10 threads

Non-default parameters:
WorkLimit  300
MIPFocus  1
LogToConsole  0
PoolSearchMode  2

Optimize a model with 3750 rows, 33175 columns and 69996 nonzeros
Model fingerprint: 0xdde68a63
Variable types: 32500 continuous, 675 integer (675 binary)
Coefficient statistics:
  Matrix range     [1e+00, 2e+04]
  Objective range  [3e-01, 1e+06]
  Bounds range     [0e+00, 0e+00]
  RHS range        [1e+00, 1e+00]
Found heuristic solution: objective 0.0000000
Presolve removed 629 rows and 16354 columns
Presolve time: 0.03s
Presolved: 3121 rows, 16821 columns, 37292 nonzeros
Variable types: 16146 continuous, 675 integer (675 binary)

Root relaxation: objective -1.843896e+06, 2035 iterations, 0.03 seconds (0.08 work units)

    Nodes    |    Current Node    |     Objective Bounds      |     Work
 Expl Unexpl |  Obj  Depth IntInf | Incumbent    BestBd   Gap | It/Node Time

     0     0 -1843895.9    0  278    0.00000 -1843895.9      -     -    0s
H    0     0                    -498938.9329 -1843895.9   270%     -    0s
H    0     0                    -1142457.050 -1843895.9  61.4%     -    0s
H    0     0                    -1519691.164 -1780784.9  17.2%     -    0s
H    0     0                    -1579127.587 -1780784.9  12.8%     -    0s
H    0     0                    -1590564.945 -1780784.9  12.0%     -    0s
     0     0 -1771222.9    0  234 -1590564.9 -1771222.9  11.4%     -    0s
     0     0 -1767735.5    0  231 -1590564.9 -1767735.5  11.1%     -    0s
     0     0 -1759444.6    0  232 -1590564.9 -1759444.6  10.6%     -    0s
     0     0 -1758404.1    0  231 -1590564.9 -1758404.1  10.6%     -    0s
     0     0 -1758404.1    0  232 -1590564.9 -1758404.1  10.6%     -    0s
     0     0 -1758404.1    0  232 -1590564.9 -1758404.1  10.6%     -    0s
     0     0 -1747518.4    0  229 -1590564.9 -1747518.4  9.87%     -    0s
H    0     0                    -1613207.375 -1747518.4  8.33%     -    0s
     0     0 -1744007.6    0  234 -1613207.4 -1744007.6  8.11%     -    0s
     0     0 -1742410.7    0  233 -1613207.4 -1742410.7  8.01%     -    0s
     0     0 -1741702.9    0  223 -1613207.4 -1741702.9  7.97%     -    0s
     0     0 -1740204.7    0  225 -1613207.4 -1740204.7  7.87%     -    0s
H    0     0                    -1655464.554 -1740204.7  5.12%     -    0s
     0     0 -1740204.7    0  224 -1655464.6 -1740204.7  5.12%     -    0s
H    0     0                    -1657751.264 -1740204.7  4.97%     -    0s
     0     0 -1740204.7    0  224 -1657751.3 -1740204.7  4.97%     -    0s
     0     0 -1693725.8    0  224 -1657751.3 -1693725.8  2.17%     -    0s
H    0     0                    -1665005.319 -1693725.8  1.72%     -    0s
     0     0 -1693725.8    0  219 -1665005.3 -1693725.8  1.72%     -    0s
     0     0 -1693725.8    0  220 -1665005.3 -1693725.8  1.72%     -    0s
     0     0 -1693725.8    0  212 -1665005.3 -1693725.8  1.72%     -    0s
     0     0 -1693725.8    0  212 -1665005.3 -1693725.8  1.72%     -    0s
     0     0 -1693725.8    0  212 -1665005.3 -1693725.8  1.72%     -    0s
     0     0 -1693725.8    0  212 -1665005.3 -1693725.8  1.72%     -    0s
     0     0 -1693647.2    0  212 -1665005.3 -1693647.2  1.72%     -    1s
     0     0 -1693647.2    0  237 -1665005.3 -1693647.2  1.72%     -    1s
     0     0 -1693647.2    0  223 -1665005.3 -1693647.2  1.72%     -    1s
     0     0 -1693647.2    0  223 -1665005.3 -1693647.2  1.72%     -    1s
     0     0 -1693647.2    0  223 -1665005.3 -1693647.2  1.72%     -    1s
     0     0 -1693647.2    0  223 -1665005.3 -1693647.2  1.72%     -    1s
     0     0 -1693647.2    0  213 -1665005.3 -1693647.2  1.72%     -    1s
     0     0 -1693647.2    0  213 -1665005.3 -1693647.2  1.72%     -    1s
     0     0 -1693647.2    0  213 -1665005.3 -1693647.2  1.72%     -    1s
     0     0 -1693647.2    0  212 -1665005.3 -1693647.2  1.72%     -    1s
     0     2 -1693647.2    0  212 -1665005.3 -1693647.2  1.72%     -    2s

Optimal solution found at node 210 - now completing solution pool...

    Nodes    |    Current Node    |      Pool Obj. Bounds     |     Work
             |                    |   Worst                   |
 Expl Unexpl |  Obj  Depth IntInf | Incumbent    BestBd   Gap | It/Node Time

   210   107 -1660884.6    8   50 -1657654.8 -1665005.3  0.44%   108    3s

Cutting planes:
  Gomory: 1
  Implied bound: 653
  MIR: 75
  Flow cover: 55
  Zero half: 3
  RLT: 74
  Relax-and-lift: 75

Explored 606 nodes (32102 simplex iterations) in 3.33 seconds (7.23 work units)
Thread count was 10 (of 10 available processors)

Solution count 10: -1.66501e+06 -1.66335e+06 -1.66283e+06 ... -1.65961e+06
No other solutions better than -1.65961e+06

Optimal solution found (tolerance 1.00e-04)
Best objective -1.665005319478e+06, best bound -1.665005319478e+06, gap -0.0000%

User-callback calls 2962, time in user-callback 0.00 sec

================================================================================
PRICING SUBPROBLEM TYPE 2 (SF) - ITERATION 19
================================================================================
Timestamp: 2025-12-03T03:05:11.256
Problem size: 25 scenarios, 25 facilities, 50 customers
================================================================================

Gurobi 12.0.3 (mac64[arm]) logging started Wed Dec  3 03:05:11 2025

Set parameter LogFile to value "/Users/arnav/projects/Candidate-Selection-via-Stochastic-IP/CCG/logs/CG_SF_FL_cap91_K2_S25_pricing_20251203_030342.log"
Set parameter LogToConsole to value 0
Set parameter MIPFocus to value 1
Set parameter WorkLimit to value 300

Gurobi 12.0.3 (mac64[arm]) logging started Wed Dec  3 03:05:11 2025

Set parameter LogFile to value "/Users/arnav/projects/Candidate-Selection-via-Stochastic-IP/CCG/logs/CG_SF_FL_cap91_K2_S25_pricing_20251203_030342.log"
Gurobi Optimizer version 12.0.3 build v12.0.3rc0 (mac64[arm] - Darwin 24.6.0 24G84)

CPU model: Apple M4
Thread count: 10 physical cores, 10 logical processors, using up to 10 threads

Non-default parameters:
WorkLimit  300
MIPFocus  1
LogToConsole  0
PoolSearchMode  2

Optimize a model with 3750 rows, 33175 columns and 69996 nonzeros
Model fingerprint: 0x6cc22367
Variable types: 32500 continuous, 675 integer (675 binary)
Coefficient statistics:
  Matrix range     [1e+00, 2e+04]
  Objective range  [3e-01, 8e+05]
  Bounds range     [0e+00, 0e+00]
  RHS range        [1e+00, 1e+00]
Found heuristic solution: objective 0.0000000
Presolve removed 629 rows and 16354 columns
Presolve time: 0.03s
Presolved: 3121 rows, 16821 columns, 37292 nonzeros
Variable types: 16146 continuous, 675 integer (675 binary)

Root relaxation: objective -1.294218e+06, 2204 iterations, 0.03 seconds (0.09 work units)

    Nodes    |    Current Node    |     Objective Bounds      |     Work
 Expl Unexpl |  Obj  Depth IntInf | Incumbent    BestBd   Gap | It/Node Time

     0     0 -1294218.0    0  389    0.00000 -1294218.0      -     -    0s
H    0     0                    -733357.2752 -1294218.0  76.5%     -    0s
H    0     0                    -773579.6464 -1294218.0  67.3%     -    0s
H    0     0                    -947085.1487 -1200229.9  26.7%     -    0s
     0     0 -1200229.9    0  358 -947085.15 -1200229.9  26.7%     -    0s
H    0     0                    -955491.9591 -1200229.9  25.6%     -    0s
H    0     0                    -963627.5875 -1200229.9  24.6%     -    0s
H    0     0                    -987595.3198 -1190843.1  20.6%     -    0s
     0     0 -1190843.1    0  347 -987595.32 -1190843.1  20.6%     -    0s
     0     0 -1189657.2    0  339 -987595.32 -1189657.2  20.5%     -    0s
     0     0 -1189484.2    0  339 -987595.32 -1189484.2  20.4%     -    0s
     0     0 -1189482.6    0  339 -987595.32 -1189482.6  20.4%     -    0s
     0     0 -1169275.4    0  327 -987595.32 -1169275.4  18.4%     -    0s
H    0     0                    -1037083.012 -1169275.4  12.7%     -    0s
H    0     0                    -1040332.801 -1169275.4  12.4%     -    0s
     0     0 -1163809.1    0  327 -1040332.8 -1163809.1  11.9%     -    0s
     0     0 -1162281.6    0  326 -1040332.8 -1162281.6  11.7%     -    0s
     0     0 -1161734.5    0  322 -1040332.8 -1161734.5  11.7%     -    0s
     0     0 -1161628.3    0  331 -1040332.8 -1161628.3  11.7%     -    0s
     0     0 -1161611.8    0  321 -1040332.8 -1161611.8  11.7%     -    0s
     0     0 -1161592.2    0  321 -1040332.8 -1161592.2  11.7%     -    0s
     0     0 -1151541.8    0  319 -1040332.8 -1151541.8  10.7%     -    1s
     0     0 -1149211.6    0  320 -1040332.8 -1149211.6  10.5%     -    1s
     0     0 -1148386.1    0  329 -1040332.8 -1148386.1  10.4%     -    1s
     0     0 -1148101.8    0  324 -1040332.8 -1148101.8  10.4%     -    1s
     0     0 -1148022.2    0  326 -1040332.8 -1148022.2  10.4%     -    1s
     0     0 -1148015.5    0  326 -1040332.8 -1148015.5  10.4%     -    1s
     0     0 -1135391.1    0  281 -1040332.8 -1135391.1  9.14%     -    1s
     0     0 -1135391.1    0  307 -1040332.8 -1135391.1  9.14%     -    1s
     0     0 -1135391.1    0  281 -1040332.8 -1135391.1  9.14%     -    1s
     0     0 -1135391.1    0  264 -1040332.8 -1135391.1  9.14%     -    1s
     0     0 -1135391.1    0  272 -1040332.8 -1135391.1  9.14%     -    1s
     0     0 -1135391.1    0  273 -1040332.8 -1135391.1  9.14%     -    1s
     0     0 -1135391.1    0  264 -1040332.8 -1135391.1  9.14%     -    1s
     0     0 -1135391.1    0  265 -1040332.8 -1135391.1  9.14%     -    1s
     0     0 -1135391.1    0  298 -1040332.8 -1135391.1  9.14%     -    2s
H    0     0                    -1044408.753 -1135391.1  8.71%     -    5s
H    0     0                    -1045982.874 -1135391.1  8.55%     -    5s
     0     2 -1135391.1    0  298 -1045982.9 -1135391.1  8.55%     -    5s
   610   501     cutoff    9      -1045982.9 -1065270.3  1.84%   265   10s

Cutting planes:
  Gomory: 2
  Implied bound: 1072
  MIR: 119
  Flow cover: 115
  Zero half: 47
  RLT: 17
  Relax-and-lift: 79

Explored 1606 nodes (229395 simplex iterations) in 11.24 seconds (28.73 work units)
Thread count was 10 (of 10 available processors)

Solution count 10: -1.04598e+06 -1.04591e+06 -1.04584e+06 ... -1.04522e+06
No other solutions better than -1.04522e+06

Optimal solution found (tolerance 1.00e-04)
Best objective -1.045982873750e+06, best bound -1.045982873750e+06, gap 0.0000%

User-callback calls 6876, time in user-callback 0.00 sec

================================================================================
PRICING SUBPROBLEM TYPE 2 (SF) - ITERATION 20
================================================================================
Timestamp: 2025-12-03T03:05:25.383
Problem size: 25 scenarios, 25 facilities, 50 customers
================================================================================

Gurobi 12.0.3 (mac64[arm]) logging started Wed Dec  3 03:05:25 2025

Set parameter LogFile to value "/Users/arnav/projects/Candidate-Selection-via-Stochastic-IP/CCG/logs/CG_SF_FL_cap91_K2_S25_pricing_20251203_030342.log"
Set parameter LogToConsole to value 0
Set parameter MIPFocus to value 1
Set parameter WorkLimit to value 300

Gurobi 12.0.3 (mac64[arm]) logging started Wed Dec  3 03:05:25 2025

Set parameter LogFile to value "/Users/arnav/projects/Candidate-Selection-via-Stochastic-IP/CCG/logs/CG_SF_FL_cap91_K2_S25_pricing_20251203_030342.log"
Gurobi Optimizer version 12.0.3 build v12.0.3rc0 (mac64[arm] - Darwin 24.6.0 24G84)

CPU model: Apple M4
Thread count: 10 physical cores, 10 logical processors, using up to 10 threads

Non-default parameters:
WorkLimit  300
MIPFocus  1
LogToConsole  0
PoolSearchMode  2

Optimize a model with 3750 rows, 33175 columns and 69996 nonzeros
Model fingerprint: 0xdf6b0697
Variable types: 32500 continuous, 675 integer (675 binary)
Coefficient statistics:
  Matrix range     [1e+00, 2e+04]
  Objective range  [3e-01, 6e+05]
  Bounds range     [0e+00, 0e+00]
  RHS range        [1e+00, 1e+00]
Found heuristic solution: objective 0.0000000
Presolve removed 629 rows and 16354 columns
Presolve time: 0.03s
Presolved: 3121 rows, 16821 columns, 37292 nonzeros
Variable types: 16146 continuous, 675 integer (675 binary)

Root relaxation: objective -1.027563e+06, 2720 iterations, 0.05 seconds (0.15 work units)

    Nodes    |    Current Node    |     Objective Bounds      |     Work
 Expl Unexpl |  Obj  Depth IntInf | Incumbent    BestBd   Gap | It/Node Time

     0     0 -1027563.3    0  406    0.00000 -1027563.3      -     -    0s
H    0     0                    -446011.8963 -1027563.3   130%     -    0s
H    0     0                    -448881.6112 -1027563.3   129%     -    0s
H    0     0                    -607200.8046 -1027563.3  69.2%     -    0s
H    0     0                    -608462.2783 -1027563.3  68.9%     -    0s
H    0     0                    -611270.2448 -1027563.3  68.1%     -    0s
H    0     0                    -666854.6147 -929548.78  39.4%     -    0s
H    0     0                    -677515.0052 -929548.78  37.2%     -    0s
     0     0 -929548.78    0  375 -677515.01 -929548.78  37.2%     -    0s
H    0     0                    -733239.7749 -929548.78  26.8%     -    0s
H    0     0                    -735372.6216 -929548.78  26.4%     -    0s
     0     0 -923070.63    0  368 -735372.62 -923070.63  25.5%     -    0s
     0     0 -922364.58    0  368 -735372.62 -922364.58  25.4%     -    0s
     0     0 -922171.00    0  365 -735372.62 -922171.00  25.4%     -    0s
     0     0 -922108.01    0  365 -735372.62 -922108.01  25.4%     -    0s
     0     0 -902257.32    0  351 -735372.62 -902257.32  22.7%     -    0s
     0     0 -897335.46    0  325 -735372.62 -897335.46  22.0%     -    0s
     0     0 -896576.46    0  309 -735372.62 -896576.46  21.9%     -    0s
     0     0 -896356.60    0  312 -735372.62 -896356.60  21.9%     -    0s
     0     0 -896238.55    0  318 -735372.62 -896238.55  21.9%     -    0s
     0     0 -896226.01    0  319 -735372.62 -896226.01  21.9%     -    0s
     0     0 -896224.88    0  319 -735372.62 -896224.88  21.9%     -    0s
     0     0 -884995.93    0  309 -735372.62 -884995.93  20.3%     -    1s
     0     0 -882689.22    0  317 -735372.62 -882689.22  20.0%     -    1s
     0     0 -882367.35    0  317 -735372.62 -882367.35  20.0%     -    1s
     0     0 -882220.67    0  315 -735372.62 -882220.67  20.0%     -    1s
     0     0 -882179.77    0  315 -735372.62 -882179.77  20.0%     -    1s
     0     0 -882165.69    0  315 -735372.62 -882165.69  20.0%     -    1s
H    0     0                    -736231.1779 -882165.69  19.8%     -    1s
H    0     0                    -744088.8755 -882165.69  18.6%     -    1s
     0     0 -874520.69    0  302 -744088.88 -874520.69  17.5%     -    1s
H    0     0                    -747380.8745 -873138.35  16.8%     -    1s
H    0     0                    -748238.4595 -873138.35  16.7%     -    1s
H    0     0                    -749085.6561 -873138.35  16.6%     -    1s
     0     0 -873138.35    0  302 -749085.66 -873138.35  16.6%     -    1s
     0     0 -872800.09    0  306 -749085.66 -872800.09  16.5%     -    1s
     0     0 -872633.68    0  293 -749085.66 -872633.68  16.5%     -    1s
     0     0 -872583.51    0  295 -749085.66 -872583.51  16.5%     -    1s
     0     0 -872570.42    0  293 -749085.66 -872570.42  16.5%     -    1s
     0     0 -871076.86    0  290 -749085.66 -871076.86  16.3%     -    2s
H    0     0                    -762882.9423 -871076.86  14.2%     -    2s
H    0     0                    -765558.0144 -871076.86  13.8%     -    3s
H    0     0                    -769096.5304 -871076.86  13.3%     -    4s
H    0     0                    -776161.6696 -871076.86  12.2%     -    4s
H    0     0                    -780927.2265 -871076.86  11.5%     -    4s
H    0     0                    -781118.8547 -871076.86  11.5%     -    4s
H    0     0                    -781578.2970 -871076.86  11.5%     -    4s
     0     2 -871076.86    0  290 -781578.30 -871076.86  11.5%     -    5s
*  269   257              21    -783618.5497 -840054.37  7.20%   327    7s
H  506   366                    -788828.6096 -832782.44  5.57%   269    8s
   709   452     cutoff    6      -788828.61 -812186.59  2.96%   293   10s

Cutting planes:
  Implied bound: 1067
  MIR: 112
  Flow cover: 146
  Zero half: 48
  RLT: 4
  Relax-and-lift: 93

Explored 1766 nodes (315651 simplex iterations) in 11.85 seconds (31.30 work units)
Thread count was 10 (of 10 available processors)

Solution count 10: -788829 -788594 -788478 ... -785900
No other solutions better than -785900

Optimal solution found (tolerance 1.00e-04)
Best objective -7.888286096227e+05, best bound -7.888286096227e+05, gap 0.0000%

User-callback calls 7043, time in user-callback 0.00 sec

================================================================================
PRICING SUBPROBLEM TYPE 2 (SF) - ITERATION 21
================================================================================
Timestamp: 2025-12-03T03:05:40.593
Problem size: 25 scenarios, 25 facilities, 50 customers
================================================================================

Gurobi 12.0.3 (mac64[arm]) logging started Wed Dec  3 03:05:40 2025

Set parameter LogFile to value "/Users/arnav/projects/Candidate-Selection-via-Stochastic-IP/CCG/logs/CG_SF_FL_cap91_K2_S25_pricing_20251203_030342.log"
Set parameter LogToConsole to value 0
Set parameter MIPFocus to value 1
Set parameter WorkLimit to value 300

Gurobi 12.0.3 (mac64[arm]) logging started Wed Dec  3 03:05:40 2025

Set parameter LogFile to value "/Users/arnav/projects/Candidate-Selection-via-Stochastic-IP/CCG/logs/CG_SF_FL_cap91_K2_S25_pricing_20251203_030342.log"
Gurobi Optimizer version 12.0.3 build v12.0.3rc0 (mac64[arm] - Darwin 24.6.0 24G84)

CPU model: Apple M4
Thread count: 10 physical cores, 10 logical processors, using up to 10 threads

Non-default parameters:
WorkLimit  300
MIPFocus  1
LogToConsole  0
PoolSearchMode  2

Optimize a model with 3750 rows, 33175 columns and 69996 nonzeros
Model fingerprint: 0x3efe53c8
Variable types: 32500 continuous, 675 integer (675 binary)
Coefficient statistics:
  Matrix range     [1e+00, 2e+04]
  Objective range  [3e-01, 5e+05]
  Bounds range     [0e+00, 0e+00]
  RHS range        [1e+00, 1e+00]
Found heuristic solution: objective 0.0000000
Presolve removed 629 rows and 16354 columns
Presolve time: 0.03s
Presolved: 3121 rows, 16821 columns, 37292 nonzeros
Variable types: 16146 continuous, 675 integer (675 binary)

Root relaxation: objective -8.832745e+05, 2732 iterations, 0.05 seconds (0.14 work units)

    Nodes    |    Current Node    |     Objective Bounds      |     Work
 Expl Unexpl |  Obj  Depth IntInf | Incumbent    BestBd   Gap | It/Node Time

     0     0 -883274.51    0  439    0.00000 -883274.51      -     -    0s
H    0     0                    -239848.4035 -883274.51   268%     -    0s
H    0     0                    -357609.5910 -883274.51   147%     -    0s
H    0     0                    -605914.0213 -772238.18  27.5%     -    0s
     0     0 -772238.18    0  401 -605914.02 -772238.18  27.5%     -    0s
     0     0 -764091.53    0  393 -605914.02 -764091.53  26.1%     -    0s
     0     0 -762908.21    0  390 -605914.02 -762908.21  25.9%     -    0s
     0     0 -762563.27    0  372 -605914.02 -762563.27  25.9%     -    0s
     0     0 -762456.28    0  385 -605914.02 -762456.28  25.8%     -    0s
     0     0 -762454.96    0  385 -605914.02 -762454.96  25.8%     -    0s
H    0     0                    -613493.1661 -737663.82  20.2%     -    0s
H    0     0                    -616739.6272 -737663.82  19.6%     -    0s
     0     0 -737663.82    0  380 -616739.63 -737663.82  19.6%     -    0s
     0     0 -731478.74    0  381 -616739.63 -731478.74  18.6%     -    1s
     0     0 -729924.56    0  371 -616739.63 -729924.56  18.4%     -    1s
     0     0 -729351.95    0  373 -616739.63 -729351.95  18.3%     -    1s
     0     0 -729006.47    0  370 -616739.63 -729006.47  18.2%     -    1s
     0     0 -728829.97    0  373 -616739.63 -728829.97  18.2%     -    1s
     0     0 -728779.50    0  373 -616739.63 -728779.50  18.2%     -    1s
     0     0 -728776.61    0  372 -616739.63 -728776.61  18.2%     -    1s
     0     0 -715800.28    0  367 -616739.63 -715800.28  16.1%     -    1s
     0     0 -712648.22    0  337 -616739.63 -712648.22  15.6%     -    1s
H    0     0                    -617947.5637 -711687.26  15.2%     -    1s
     0     0 -711687.26    0  346 -617947.56 -711687.26  15.2%     -    1s
     0     0 -711407.24    0  350 -617947.56 -711407.24  15.1%     -    1s
     0     0 -711307.55    0  353 -617947.56 -711307.55  15.1%     -    1s
     0     0 -711262.64    0  350 -617947.56 -711262.64  15.1%     -    1s
     0     0 -711231.56    0  340 -617947.56 -711231.56  15.1%     -    1s
     0     0 -711215.35    0  339 -617947.56 -711215.35  15.1%     -    1s
H    0     0                    -632659.6723 -705730.58  11.5%     -    2s
H    0     0                    -636614.1102 -705730.58  10.9%     -    2s
     0     0 -705730.58    0  340 -636614.11 -705730.58  10.9%     -    2s
     0     0 -703992.04    0  324 -636614.11 -703992.04  10.6%     -    2s
     0     0 -703132.55    0  354 -636614.11 -703132.55  10.4%     -    2s
     0     0 -702863.51    0  334 -636614.11 -702863.51  10.4%     -    2s
     0     0 -702741.14    0  359 -636614.11 -702741.14  10.4%     -    2s
     0     0 -702677.70    0  357 -636614.11 -702677.70  10.4%     -    2s
     0     0 -702649.08    0  343 -636614.11 -702649.08  10.4%     -    2s
     0     0 -702646.59    0  343 -636614.11 -702646.59  10.4%     -    2s
     0     0 -700195.56    0  308 -636614.11 -700195.56  10.0%     -    2s
     0     2 -700195.56    0  308 -636614.11 -700195.56  10.0%     -    5s

Optimal solution found at node 689 - now completing solution pool...

    Nodes    |    Current Node    |      Pool Obj. Bounds     |     Work
             |                    |   Worst                   |
 Expl Unexpl |  Obj  Depth IntInf | Incumbent    BestBd   Gap | It/Node Time

   689   189     cutoff   39      -630921.38 -634650.35  0.59%   214   10s

Cutting planes:
  Implied bound: 1237
  MIR: 92
  Flow cover: 112
  Zero half: 65
  RLT: 7
  Relax-and-lift: 69

Explored 993 nodes (163785 simplex iterations) in 10.09 seconds (27.34 work units)
Thread count was 10 (of 10 available processors)

Solution count 10: -636614 -634650 -633824 ... -630921
No other solutions better than -630921

Optimal solution found (tolerance 1.00e-04)
Best objective -6.366141101952e+05, best bound -6.366141101952e+05, gap 0.0000%

User-callback calls 5307, time in user-callback 0.00 sec

================================================================================
PRICING SUBPROBLEM TYPE 2 (SF) - ITERATION 22
================================================================================
Timestamp: 2025-12-03T03:05:52.647
Problem size: 25 scenarios, 25 facilities, 50 customers
================================================================================

Gurobi 12.0.3 (mac64[arm]) logging started Wed Dec  3 03:05:52 2025

Set parameter LogFile to value "/Users/arnav/projects/Candidate-Selection-via-Stochastic-IP/CCG/logs/CG_SF_FL_cap91_K2_S25_pricing_20251203_030342.log"
Set parameter LogToConsole to value 0
Set parameter MIPFocus to value 1
Set parameter WorkLimit to value 300

Gurobi 12.0.3 (mac64[arm]) logging started Wed Dec  3 03:05:52 2025

Set parameter LogFile to value "/Users/arnav/projects/Candidate-Selection-via-Stochastic-IP/CCG/logs/CG_SF_FL_cap91_K2_S25_pricing_20251203_030342.log"
Gurobi Optimizer version 12.0.3 build v12.0.3rc0 (mac64[arm] - Darwin 24.6.0 24G84)

CPU model: Apple M4
Thread count: 10 physical cores, 10 logical processors, using up to 10 threads

Non-default parameters:
WorkLimit  300
MIPFocus  1
LogToConsole  0
PoolSearchMode  2

Optimize a model with 3750 rows, 33175 columns and 69996 nonzeros
Model fingerprint: 0xcd1ede5f
Variable types: 32500 continuous, 675 integer (675 binary)
Coefficient statistics:
  Matrix range     [1e+00, 2e+04]
  Objective range  [3e-01, 1e+06]
  Bounds range     [0e+00, 0e+00]
  RHS range        [1e+00, 1e+00]
Found heuristic solution: objective 22212.112512
Presolve removed 629 rows and 16354 columns
Presolve time: 0.02s
Presolved: 3121 rows, 16821 columns, 37292 nonzeros
Variable types: 16146 continuous, 675 integer (675 binary)
Found heuristic solution: objective -368448.8067

Root relaxation: objective -2.555879e+06, 2981 iterations, 0.05 seconds (0.15 work units)

    Nodes    |    Current Node    |     Objective Bounds      |     Work
 Expl Unexpl |  Obj  Depth IntInf | Incumbent    BestBd   Gap | It/Node Time

     0     0 -2555878.5    0  449 -368448.81 -2555878.5   594%     -    0s
H    0     0                    -476496.5669 -2555878.5   436%     -    0s
H    0     0                    -2039468.168 -2443283.1  19.8%     -    0s
H    0     0                    -2044684.757 -2443283.1  19.5%     -    0s
     0     0 -2443283.1    0  428 -2044684.8 -2443283.1  19.5%     -    0s
H    0     0                    -2046334.495 -2434241.4  19.0%     -    0s
     0     0 -2434241.4    0  399 -2046334.5 -2434241.4  19.0%     -    0s
     0     0 -2432767.6    0  402 -2046334.5 -2432767.6  18.9%     -    0s
     0     0 -2432292.3    0  402 -2046334.5 -2432292.3  18.9%     -    0s
     0     0 -2432242.1    0  402 -2046334.5 -2432242.1  18.9%     -    0s
     0     0 -2432242.1    0  402 -2046334.5 -2432242.1  18.9%     -    0s
H    0     0                    -2121879.412 -2406193.9  13.4%     -    0s
     0     0 -2406193.9    0  404 -2121879.4 -2406193.9  13.4%     -    0s
     0     0 -2399202.6    0  392 -2121879.4 -2399202.6  13.1%     -    0s
     0     0 -2397187.9    0  403 -2121879.4 -2397187.9  13.0%     -    0s
     0     0 -2396672.1    0  397 -2121879.4 -2396672.1  13.0%     -    0s
     0     0 -2396579.0    0  397 -2121879.4 -2396579.0  12.9%     -    0s
     0     0 -2396478.8    0  399 -2121879.4 -2396478.8  12.9%     -    0s
     0     0 -2396458.5    0  399 -2121879.4 -2396458.5  12.9%     -    0s
     0     0 -2396455.6    0  399 -2121879.4 -2396455.6  12.9%     -    0s
H    0     0                    -2198015.869 -2396455.6  9.03%     -    1s
     0     0 -2385326.2    0  390 -2198015.9 -2385326.2  8.52%     -    1s
     0     0 -2382112.9    0  395 -2198015.9 -2382112.9  8.38%     -    1s
     0     0 -2381078.5    0  395 -2198015.9 -2381078.5  8.33%     -    1s
H    0     0                    -2206448.762 -2380830.4  7.90%     -    1s
     0     0 -2380830.4    0  399 -2206448.8 -2380830.4  7.90%     -    1s
H    0     0                    -2224034.819 -2380533.1  7.04%     -    1s
     0     0 -2380533.1    0  400 -2224034.8 -2380533.1  7.04%     -    1s
H    0     0                    -2226763.161 -2380499.0  6.90%     -    1s
     0     0 -2380499.0    0  400 -2226763.2 -2380499.0  6.90%     -    1s
     0     0 -2380479.5    0  398 -2226763.2 -2380479.5  6.90%     -    1s
     0     0 -2380477.5    0  399 -2226763.2 -2380477.5  6.90%     -    1s
     0     0 -2373959.3    0  365 -2226763.2 -2373959.3  6.61%     -    2s
     0     0 -2372772.8    0  367 -2226763.2 -2372772.8  6.56%     -    2s
     0     0 -2372248.7    0  352 -2226763.2 -2372248.7  6.53%     -    2s
     0     0 -2372016.2    0  355 -2226763.2 -2372016.2  6.52%     -    2s
H    0     0                    -2231690.724 -2371971.0  6.29%     -    2s
     0     0 -2371971.0    0  355 -2231690.7 -2371971.0  6.29%     -    2s
     0     0 -2371948.2    0  351 -2231690.7 -2371948.2  6.28%     -    2s
     0     0 -2371946.1    0  353 -2231690.7 -2371946.1  6.28%     -    2s
     0     0 -2369733.9    0  336 -2231690.7 -2369733.9  6.19%     -    2s
H    0     0                    -2248940.115 -2369733.9  5.37%     -    3s
H    0     0                    -2250816.724 -2369733.9  5.28%     -    3s
H    0     0                    -2252624.562 -2369733.9  5.20%     -    3s
H    0     0                    -2257336.155 -2369733.9  4.98%     -    5s
H    0     0                    -2259635.178 -2369733.9  4.87%     -    5s
H    0     0                    -2260720.448 -2369733.9  4.82%     -    5s
     0     2 -2369733.9    0  336 -2260720.4 -2369733.9  4.82%     -    6s
   436   398 -2251615.6   19   91 -2260720.4 -2303420.3  1.89%   375   10s
  1181   667     cutoff   22      -2260720.4 -2284400.5  1.05%   330   15s
  2339   332 -2258584.8   20   88 -2260720.4 -2264366.9  0.16%   292   20s

Optimal solution found at node 2809 - now completing solution pool...

    Nodes    |    Current Node    |      Pool Obj. Bounds     |     Work
             |                    |   Worst                   |
 Expl Unexpl |  Obj  Depth IntInf | Incumbent    BestBd   Gap | It/Node Time

  2809     0     cutoff   11      -2257619.3 -2258673.4  0.05%   253   20s

Cutting planes:
  Gomory: 1
  Implied bound: 1268
  MIR: 140
  Flow cover: 126
  Zero half: 63
  RLT: 18
  Relax-and-lift: 92

Explored 3143 nodes (725769 simplex iterations) in 20.38 seconds (52.30 work units)
Thread count was 10 (of 10 available processors)

Solution count 10: -2.26072e+06 -2.25964e+06 -2.2596e+06 ... -2.25762e+06
No other solutions better than -2.25762e+06

Optimal solution found (tolerance 1.00e-04)
Best objective -2.260720448369e+06, best bound -2.260720448369e+06, gap -0.0000%

User-callback calls 12030, time in user-callback 0.00 sec

================================================================================
PRICING SUBPROBLEM TYPE 2 (SF) - ITERATION 23
================================================================================
Timestamp: 2025-12-03T03:06:16.406
Problem size: 25 scenarios, 25 facilities, 50 customers
================================================================================

Gurobi 12.0.3 (mac64[arm]) logging started Wed Dec  3 03:06:16 2025

Set parameter LogFile to value "/Users/arnav/projects/Candidate-Selection-via-Stochastic-IP/CCG/logs/CG_SF_FL_cap91_K2_S25_pricing_20251203_030342.log"
Set parameter LogToConsole to value 0
Set parameter MIPFocus to value 1
Set parameter WorkLimit to value 300

Gurobi 12.0.3 (mac64[arm]) logging started Wed Dec  3 03:06:16 2025

Set parameter LogFile to value "/Users/arnav/projects/Candidate-Selection-via-Stochastic-IP/CCG/logs/CG_SF_FL_cap91_K2_S25_pricing_20251203_030342.log"
Gurobi Optimizer version 12.0.3 build v12.0.3rc0 (mac64[arm] - Darwin 24.6.0 24G84)

CPU model: Apple M4
Thread count: 10 physical cores, 10 logical processors, using up to 10 threads

Non-default parameters:
WorkLimit  300
MIPFocus  1
LogToConsole  0
PoolSearchMode  2

Optimize a model with 3750 rows, 33175 columns and 69996 nonzeros
Model fingerprint: 0x29b4a217
Variable types: 32500 continuous, 675 integer (675 binary)
Coefficient statistics:
  Matrix range     [1e+00, 2e+04]
  Objective range  [3e-01, 6e+05]
  Bounds range     [0e+00, 0e+00]
  RHS range        [1e+00, 1e+00]
Found heuristic solution: objective 0.0000000
Presolve removed 629 rows and 16354 columns
Presolve time: 0.03s
Presolved: 3121 rows, 16821 columns, 37292 nonzeros
Variable types: 16146 continuous, 675 integer (675 binary)

Root relaxation: objective -1.019149e+06, 2786 iterations, 0.05 seconds (0.14 work units)

    Nodes    |    Current Node    |     Objective Bounds      |     Work
 Expl Unexpl |  Obj  Depth IntInf | Incumbent    BestBd   Gap | It/Node Time

     0     0 -1019149.5    0  437    0.00000 -1019149.5      -     -    0s
H    0     0                    -344880.9205 -1019149.5   196%     -    0s
H    0     0                    -406131.4850 -1019149.5   151%     -    0s
H    0     0                    -520430.6397 -1019149.5  95.8%     -    0s
H    0     0                    -572566.9853 -1019149.5  78.0%     -    0s
H    0     0                    -574739.5426 -1019149.5  77.3%     -    0s
H    0     0                    -581439.7594 -1019149.5  75.3%     -    0s
H    0     0                    -585503.5744 -1019149.5  74.1%     -    0s
H    0     0                    -601572.8750 -905615.95  50.5%     -    0s
     0     0 -905615.95    0  407 -601572.88 -905615.95  50.5%     -    0s
     0     0 -897954.09    0  393 -601572.88 -897954.09  49.3%     -    0s
     0     0 -896541.51    0  382 -601572.88 -896541.51  49.0%     -    0s
H    0     0                    -649447.6895 -896240.79  38.0%     -    0s
     0     0 -896240.79    0  394 -649447.69 -896240.79  38.0%     -    0s
     0     0 -896230.78    0  394 -649447.69 -896230.78  38.0%     -    0s
H    0     0                    -676622.0807 -873536.78  29.1%     -    0s
     0     0 -873536.78    0  382 -676622.08 -873536.78  29.1%     -    0s
H    0     0                    -740596.4294 -873536.78  18.0%     -    0s
H    0     0                    -744498.6691 -873536.78  17.3%     -    0s
     0     0 -865863.51    0  378 -744498.67 -865863.51  16.3%     -    0s
     0     0 -864423.30    0  365 -744498.67 -864423.30  16.1%     -    0s
     0     0 -863849.87    0  370 -744498.67 -863849.87  16.0%     -    0s
     0     0 -863458.08    0  370 -744498.67 -863458.08  16.0%     -    1s
     0     0 -863379.40    0  367 -744498.67 -863379.40  16.0%     -    1s
     0     0 -863372.89    0  368 -744498.67 -863372.89  16.0%     -    1s
     0     0 -850304.86    0  362 -744498.67 -850304.86  14.2%     -    1s
     0     0 -847387.40    0  372 -744498.67 -847387.40  13.8%     -    1s
     0     0 -846334.27    0  376 -744498.67 -846334.27  13.7%     -    1s
     0     0 -846012.50    0  356 -744498.67 -846012.50  13.6%     -    1s
     0     0 -845866.11    0  355 -744498.67 -845866.11  13.6%     -    1s
     0     0 -845830.81    0  357 -744498.67 -845830.81  13.6%     -    1s
     0     0 -845829.12    0  353 -744498.67 -845829.12  13.6%     -    1s
     0     0 -841980.42    0  370 -744498.67 -841980.42  13.1%     -    1s
     0     0 -840814.30    0  338 -744498.67 -840814.30  12.9%     -    2s
     0     0 -840412.51    0  334 -744498.67 -840412.51  12.9%     -    2s
     0     0 -840126.46    0  344 -744498.67 -840126.46  12.8%     -    2s
     0     0 -839975.84    0  346 -744498.67 -839975.84  12.8%     -    2s
     0     0 -839954.88    0  352 -744498.67 -839954.88  12.8%     -    2s
     0     0 -839852.55    0  345 -744498.67 -839852.55  12.8%     -    2s
     0     0 -839838.42    0  342 -744498.67 -839838.42  12.8%     -    2s
     0     0 -837788.75    0  312 -744498.67 -837788.75  12.5%     -    2s
H    0     0                    -749386.9523 -837788.75  11.8%     -    3s
H    0     0                    -759412.7890 -837788.75  10.3%     -    3s
H    0     0                    -759515.2554 -837788.75  10.3%     -    3s
H    0     0                    -761379.0493 -837788.75  10.0%     -    3s
H    0     0                    -761423.2544 -837788.75  10.0%     -    3s
H    0     0                    -764700.5369 -837788.75  9.56%     -    3s
H    0     0                    -770589.4964 -837788.75  8.72%     -    5s
H    0     0                    -775397.3967 -837788.75  8.05%     -    5s
H    0     0                    -776783.8054 -837788.75  7.85%     -    5s
H    0     0                    -777652.3423 -837788.75  7.73%     -    5s
     0     2 -837788.75    0  312 -777652.34 -837788.75  7.73%     -    5s

Optimal solution found at node 660 - now completing solution pool...

    Nodes    |    Current Node    |      Pool Obj. Bounds     |     Work
             |                    |   Worst                   |
 Expl Unexpl |  Obj  Depth IntInf | Incumbent    BestBd   Gap | It/Node Time

   660   182     cutoff   23      -771968.63 -776783.81  0.62%   193    9s

Cutting planes:
  Implied bound: 1271
  MIR: 109
  Flow cover: 118
  Zero half: 65
  RLT: 9
  Relax-and-lift: 81

Explored 960 nodes (142466 simplex iterations) in 9.52 seconds (26.51 work units)
Thread count was 10 (of 10 available processors)

Solution count 10: -777652 -776784 -776001 ... -771969
No other solutions better than -771969

Optimal solution found (tolerance 1.00e-04)
Best objective -7.776523423417e+05, best bound -7.776523423417e+05, gap 0.0000%

User-callback calls 5092, time in user-callback 0.00 sec

================================================================================
PRICING SUBPROBLEM TYPE 2 (SF) - ITERATION 24
================================================================================
Timestamp: 2025-12-03T03:06:29.326
Problem size: 25 scenarios, 25 facilities, 50 customers
================================================================================

Gurobi 12.0.3 (mac64[arm]) logging started Wed Dec  3 03:06:29 2025

Set parameter LogFile to value "/Users/arnav/projects/Candidate-Selection-via-Stochastic-IP/CCG/logs/CG_SF_FL_cap91_K2_S25_pricing_20251203_030342.log"
Set parameter LogToConsole to value 0
Set parameter MIPFocus to value 1
Set parameter WorkLimit to value 300

Gurobi 12.0.3 (mac64[arm]) logging started Wed Dec  3 03:06:29 2025

Set parameter LogFile to value "/Users/arnav/projects/Candidate-Selection-via-Stochastic-IP/CCG/logs/CG_SF_FL_cap91_K2_S25_pricing_20251203_030342.log"
Gurobi Optimizer version 12.0.3 build v12.0.3rc0 (mac64[arm] - Darwin 24.6.0 24G84)

CPU model: Apple M4
Thread count: 10 physical cores, 10 logical processors, using up to 10 threads

Non-default parameters:
WorkLimit  300
MIPFocus  1
LogToConsole  0
PoolSearchMode  2

Optimize a model with 3750 rows, 33175 columns and 69996 nonzeros
Model fingerprint: 0xcb7bb9f0
Variable types: 32500 continuous, 675 integer (675 binary)
Coefficient statistics:
  Matrix range     [1e+00, 2e+04]
  Objective range  [3e-01, 3e+05]
  Bounds range     [0e+00, 0e+00]
  RHS range        [1e+00, 1e+00]
Found heuristic solution: objective 7877.4743201
Presolve removed 629 rows and 16354 columns
Presolve time: 0.03s
Presolved: 3121 rows, 16821 columns, 37292 nonzeros
Variable types: 16146 continuous, 675 integer (675 binary)

Root relaxation: objective -6.366105e+05, 3074 iterations, 0.06 seconds (0.17 work units)

    Nodes    |    Current Node    |     Objective Bounds      |     Work
 Expl Unexpl |  Obj  Depth IntInf | Incumbent    BestBd   Gap | It/Node Time

     0     0 -636610.48    0  470 7877.47432 -636610.48  8181%     -    0s
H    0     0                    -13966.17986 -636610.48  4458%     -    0s
H    0     0                    -14055.65961 -516840.99  3577%     -    0s
     0     0 -516840.99    0  444 -14055.660 -516840.99  3577%     -    0s
H    0     0                    -19268.24757 -516840.99  2582%     -    0s
H    0     0                    -25558.75555 -516840.99  1922%     -    0s
     0     0 -505594.83    0  433 -25558.756 -505594.83  1878%     -    0s
     0     0 -505151.81    0  429 -25558.756 -505151.81  1876%     -    0s
     0     0 -505049.14    0  430 -25558.756 -505049.14  1876%     -    0s
     0     0 -505036.95    0  431 -25558.756 -505036.95  1876%     -    0s
H    0     0                    -60086.39819 -477563.36   695%     -    0s
     0     0 -477563.36    0  433 -60086.398 -477563.36   695%     -    0s
H    0     0                    -89706.03949 -477563.36   432%     -    0s
     0     0 -470613.32    0  415 -89706.039 -470613.32   425%     -    1s
     0     0 -468752.05    0  416 -89706.039 -468752.05   423%     -    1s
     0     0 -467740.40    0  418 -89706.039 -467740.40   421%     -    1s
     0     0 -467329.01    0  422 -89706.039 -467329.01   421%     -    1s
     0     0 -467129.73    0  429 -89706.039 -467129.73   421%     -    1s
     0     0 -467089.13    0  422 -89706.039 -467089.13   421%     -    1s
     0     0 -467014.77    0  422 -89706.039 -467014.77   421%     -    1s
     0     0 -467013.54    0  422 -89706.039 -467013.54   421%     -    1s
H    0     0                    -97390.07000 -467013.54   380%     -    1s
H    0     0                    -100476.9054 -454937.07   353%     -    1s
H    0     0                    -100699.1161 -454937.07   352%     -    1s
H    0     0                    -140333.3514 -454937.07   224%     -    1s
     0     0 -454937.07    0  405 -140333.35 -454937.07   224%     -    1s
     0     0 -451816.70    0  406 -140333.35 -451816.70   222%     -    1s
     0     0 -451074.99    0  414 -140333.35 -451074.99   221%     -    1s
     0     0 -450737.03    0  412 -140333.35 -450737.03   221%     -    1s
     0     0 -450436.74    0  407 -140333.35 -450436.74   221%     -    1s
     0     0 -450377.25    0  411 -140333.35 -450377.25   221%     -    1s
     0     0 -450361.97    0  413 -140333.35 -450361.97   221%     -    1s
H    0     0                    -145827.9698 -443916.68   204%     -    2s
H    0     0                    -158958.6624 -443916.68   179%     -    2s
     0     0 -443916.68    0  387 -158958.66 -443916.68   179%     -    2s
H    0     0                    -186917.8135 -443916.68   137%     -    2s
H    0     0                    -277792.5626 -441745.44  59.0%     -    2s
     0     0 -433017.96    0  379 -277792.56 -433017.96  55.9%     -    2s
     0     0 -433017.96    0  379 -277792.56 -433017.96  55.9%     -    2s
     0     0 -433017.96    0  371 -277792.56 -433017.96  55.9%     -    2s
     0     0 -433017.96    0  384 -277792.56 -433017.96  55.9%     -    2s
     0     0 -433017.96    0  369 -277792.56 -433017.96  55.9%     -    2s
     0     0 -433017.96    0  371 -277792.56 -433017.96  55.9%     -    3s
H    0     0                    -281524.9743 -433017.96  53.8%     -    6s
H    0     0                    -286775.0407 -433017.96  51.0%     -    7s
H    0     0                    -289097.8812 -433017.96  49.8%     -    7s
H    0     0                    -291779.1651 -433017.96  48.4%     -    8s
H    0     0                    -292508.2092 -433017.96  48.0%     -    8s
     0     2 -433017.96    0  371 -292508.21 -433017.96  48.0%     -    8s
    25    46 -386206.35    5  288 -292508.21 -391894.48  34.0%  1435   10s
   386   368 -330565.32   10  265 -292508.21 -374817.12  28.1%   536   15s
   715   565 -283195.97   12  283 -292508.21 -357317.30  22.2%   493   20s
  1266   754 -278609.45   18  164 -292508.21 -340123.63  16.3%   460   25s
  1747  1006     cutoff   11      -292508.21 -330820.02  13.1%   445   30s
  2394   805 -292508.21   17  371 -292508.21 -323301.82  10.5%   428   41s
  2414   818 -292508.21   11  372 -292508.21 -323301.82  10.5%   425   45s
H 2414   737                    -293396.2677 -323301.82  10.2%   425   50s
H 2430   722                    -293724.0365 -323301.82  10.1%   438   52s
  2551   762 -323301.82   23  244 -293724.04 -323301.82  10.1%   457   55s
  2800   842 -323301.82   24  241 -293724.04 -323301.82  10.1%   466   60s
  3297   839 -287412.25   23  293 -293724.04 -323301.82  10.1%   461   65s
  3639   852     cutoff   33      -293724.04 -323301.82  10.1%   458   70s
  4096   779     cutoff   24      -293724.04 -323301.82  10.1%   453   75s
  4638   937 -287668.38   39   11 -293724.04 -323301.82  10.1%   447   80s
H 4678   894                    -294484.1616 -323301.82  9.79%   447   81s
  5156   796 -304855.98   30  223 -294484.16 -316877.30  7.60%   437   85s
H 5490   670                    -294851.3739 -315115.99  6.87%   430   86s
  5969   607     cutoff   23      -294851.37 -305563.71  3.63%   420   90s
H 5982   509                    -295245.3542 -305563.71  3.49%   420   90s

Cutting planes:
  Implied bound: 1521
  MIR: 151
  Flow cover: 108
  Zero half: 80
  RLT: 2
  Relax-and-lift: 55

Explored 7197 nodes (2623372 simplex iterations) in 90.83 seconds (246.80 work units)
Thread count was 10 (of 10 available processors)

Solution count 10: -295245 -294851 -294484 ... -291673
No other solutions better than -291673

Optimal solution found (tolerance 1.00e-04)
Best objective -2.952453541768e+05, best bound -2.952453541768e+05, gap 0.0000%

User-callback calls 38577, time in user-callback 0.02 sec

================================================================================
PRICING SUBPROBLEM TYPE 2 (SF) - ITERATION 25
================================================================================
Timestamp: 2025-12-03T03:08:05.890
Problem size: 25 scenarios, 25 facilities, 50 customers
================================================================================

Gurobi 12.0.3 (mac64[arm]) logging started Wed Dec  3 03:08:05 2025

Set parameter LogFile to value "/Users/arnav/projects/Candidate-Selection-via-Stochastic-IP/CCG/logs/CG_SF_FL_cap91_K2_S25_pricing_20251203_030342.log"
Set parameter LogToConsole to value 0
Set parameter MIPFocus to value 1
Set parameter WorkLimit to value 300

Gurobi 12.0.3 (mac64[arm]) logging started Wed Dec  3 03:08:05 2025

Set parameter LogFile to value "/Users/arnav/projects/Candidate-Selection-via-Stochastic-IP/CCG/logs/CG_SF_FL_cap91_K2_S25_pricing_20251203_030342.log"
Gurobi Optimizer version 12.0.3 build v12.0.3rc0 (mac64[arm] - Darwin 24.6.0 24G84)

CPU model: Apple M4
Thread count: 10 physical cores, 10 logical processors, using up to 10 threads

Non-default parameters:
WorkLimit  300
MIPFocus  1
LogToConsole  0
PoolSearchMode  2

Optimize a model with 3750 rows, 33175 columns and 69996 nonzeros
Model fingerprint: 0x92567826
Variable types: 32500 continuous, 675 integer (675 binary)
Coefficient statistics:
  Matrix range     [1e+00, 2e+04]
  Objective range  [3e-01, 5e+05]
  Bounds range     [0e+00, 0e+00]
  RHS range        [1e+00, 1e+00]
Found heuristic solution: objective 352519.39183
Presolve removed 629 rows and 16354 columns
Presolve time: 0.03s
Presolved: 3121 rows, 16821 columns, 37292 nonzeros
Variable types: 16146 continuous, 675 integer (675 binary)

Root relaxation: objective -1.558453e+06, 2852 iterations, 0.05 seconds (0.12 work units)

    Nodes    |    Current Node    |     Objective Bounds      |     Work
 Expl Unexpl |  Obj  Depth IntInf | Incumbent    BestBd   Gap | It/Node Time

     0     0 -1558453.2    0  394 352519.392 -1558453.2   542%     -    0s
H    0     0                    184647.29628 -1558453.2   944%     -    0s
H    0     0                    -779488.9185 -1558453.2   100%     -    0s
H    0     0                    -1296599.213 -1467773.0  13.2%     -    0s
     0     0 -1464828.9    0  371 -1296599.2 -1464828.9  13.0%     -    0s
     0     0 -1457905.6    0  352 -1296599.2 -1457905.6  12.4%     -    0s
H    0     0                    -1333051.215 -1452977.3  9.00%     -    0s
     0     0 -1452802.9    0  355 -1333051.2 -1452802.9  8.98%     -    0s
     0     0 -1452006.4    0  352 -1333051.2 -1452006.4  8.92%     -    0s
     0     0 -1451886.1    0  352 -1333051.2 -1451886.1  8.91%     -    0s
     0     0 -1451818.3    0  352 -1333051.2 -1451818.3  8.91%     -    0s
     0     0 -1451818.1    0  352 -1333051.2 -1451818.1  8.91%     -    0s
H    0     0                    -1368735.135 -1451818.1  6.07%     -    0s
H    0     0                    -1376260.874 -1451818.1  5.49%     -    0s
     0     0 -1433841.1    0  335 -1376260.9 -1433841.1  4.18%     -    0s
     0     0 -1429144.5    0  358 -1376260.9 -1429144.5  3.84%     -    0s
     0     0 -1427114.3    0  355 -1376260.9 -1427114.3  3.70%     -    0s
     0     0 -1426460.9    0  356 -1376260.9 -1426460.9  3.65%     -    0s
     0     0 -1426391.9    0  357 -1376260.9 -1426391.9  3.64%     -    1s
     0     0 -1426348.3    0  358 -1376260.9 -1426348.3  3.64%     -    1s
     0     0 -1426345.1    0  358 -1376260.9 -1426345.1  3.64%     -    1s
     0     0 -1420139.9    0  366 -1376260.9 -1420139.9  3.19%     -    1s
     0     0 -1417959.0    0  370 -1376260.9 -1417959.0  3.03%     -    1s
     0     0 -1417143.0    0  371 -1376260.9 -1417143.0  2.97%     -    1s
     0     0 -1416934.2    0  370 -1376260.9 -1416934.2  2.96%     -    1s
     0     0 -1416782.8    0  372 -1376260.9 -1416782.8  2.94%     -    1s
     0     0 -1416776.9    0  371 -1376260.9 -1416776.9  2.94%     -    1s
     0     0 -1411360.2    0  316 -1376260.9 -1411360.2  2.55%     -    2s
     0     0 -1411360.2    0  309 -1376260.9 -1411360.2  2.55%     -    2s
     0     0 -1411360.2    0  312 -1376260.9 -1411360.2  2.55%     -    2s
     0     0 -1411360.2    0  249 -1376260.9 -1411360.2  2.55%     -    2s
     0     0 -1411360.2    0  306 -1376260.9 -1411360.2  2.55%     -    2s
     0     0 -1411360.2    0  251 -1376260.9 -1411360.2  2.55%     -    2s
     0     0 -1411360.2    0  251 -1376260.9 -1411360.2  2.55%     -    2s
     0     0 -1411360.2    0  248 -1376260.9 -1411360.2  2.55%     -    2s
     0     2 -1411360.2    0  248 -1376260.9 -1411360.2  2.55%     -    3s
   236   198 -1372272.5    9   56 -1376260.9 -1378589.9  0.17%   132    5s

Optimal solution found at node 599 - now completing solution pool...

    Nodes    |    Current Node    |      Pool Obj. Bounds     |     Work
             |                    |   Worst                   |
 Expl Unexpl |  Obj  Depth IntInf | Incumbent    BestBd   Gap | It/Node Time

   599   236     cutoff   13      -1368307.3 -1372694.3  0.32%  83.4    5s

Cutting planes:
  Implied bound: 957
  MIR: 109
  Flow cover: 88
  Zero half: 7
  RLT: 53
  Relax-and-lift: 93

Explored 932 nodes (61302 simplex iterations) in 5.59 seconds (8.11 work units)
Thread count was 10 (of 10 available processors)

Solution count 10: -1.37626e+06 -1.37436e+06 -1.37151e+06 ... -1.36831e+06
No other solutions better than -1.36831e+06

Optimal solution found (tolerance 1.00e-04)
Best objective -1.376260874038e+06, best bound -1.376260874038e+06, gap -0.0000%

User-callback calls 3612, time in user-callback 0.00 sec

================================================================================
PRICING SUBPROBLEM TYPE 2 (SF) - ITERATION 26
================================================================================
Timestamp: 2025-12-03T03:08:16.509
Problem size: 25 scenarios, 25 facilities, 50 customers
================================================================================

Gurobi 12.0.3 (mac64[arm]) logging started Wed Dec  3 03:08:16 2025

Set parameter LogFile to value "/Users/arnav/projects/Candidate-Selection-via-Stochastic-IP/CCG/logs/CG_SF_FL_cap91_K2_S25_pricing_20251203_030342.log"
Set parameter LogToConsole to value 0
Set parameter MIPFocus to value 1
Set parameter WorkLimit to value 300

Gurobi 12.0.3 (mac64[arm]) logging started Wed Dec  3 03:08:16 2025

Set parameter LogFile to value "/Users/arnav/projects/Candidate-Selection-via-Stochastic-IP/CCG/logs/CG_SF_FL_cap91_K2_S25_pricing_20251203_030342.log"
Gurobi Optimizer version 12.0.3 build v12.0.3rc0 (mac64[arm] - Darwin 24.6.0 24G84)

CPU model: Apple M4
Thread count: 10 physical cores, 10 logical processors, using up to 10 threads

Non-default parameters:
WorkLimit  300
MIPFocus  1
LogToConsole  0
PoolSearchMode  2

Optimize a model with 3750 rows, 33175 columns and 69996 nonzeros
Model fingerprint: 0x3ce0d78e
Variable types: 32500 continuous, 675 integer (675 binary)
Coefficient statistics:
  Matrix range     [1e+00, 2e+04]
  Objective range  [3e-01, 3e+05]
  Bounds range     [0e+00, 0e+00]
  RHS range        [1e+00, 1e+00]
Found heuristic solution: objective 95168.402056
Presolve removed 629 rows and 16354 columns
Presolve time: 0.03s
Presolved: 3121 rows, 16821 columns, 37292 nonzeros
Variable types: 16146 continuous, 675 integer (675 binary)

Root relaxation: objective -8.000073e+05, 3150 iterations, 0.08 seconds (0.18 work units)

    Nodes    |    Current Node    |     Objective Bounds      |     Work
 Expl Unexpl |  Obj  Depth IntInf | Incumbent    BestBd   Gap | It/Node Time

     0     0 -800007.33    0  480 95168.4021 -800007.33   941%     -    0s
H    0     0                    -123785.7715 -800007.33   546%     -    0s
H    0     0                    -190189.8939 -800007.33   321%     -    0s
H    0     0                    -247868.0981 -687389.00   177%     -    0s
     0     0 -684916.77    0  403 -247868.10 -684916.77   176%     -    0s
     0     0 -673110.19    0  401 -247868.10 -673110.19   172%     -    0s
     0     0 -671443.70    0  404 -247868.10 -671443.70   171%     -    0s
     0     0 -670912.63    0  398 -247868.10 -670912.63   171%     -    0s
     0     0 -670360.46    0  400 -247868.10 -670360.46   170%     -    0s
     0     0 -670359.14    0  400 -247868.10 -670359.14   170%     -    0s
     0     0 -648639.87    0  390 -247868.10 -648639.87   162%     -    1s
     0     0 -641543.51    0  381 -247868.10 -641543.51   159%     -    1s
     0     0 -638810.01    0  379 -247868.10 -638810.01   158%     -    1s
H    0     0                    -291087.4148 -638356.81   119%     -    1s
     0     0 -638356.81    0  378 -291087.41 -638356.81   119%     -    1s
     0     0 -638332.22    0  379 -291087.41 -638332.22   119%     -    1s
     0     0 -638329.71    0  379 -291087.41 -638329.71   119%     -    1s
H    0     0                    -332103.1831 -630199.00  89.8%     -    1s
H    0     0                    -356009.3332 -630199.00  77.0%     -    1s
     0     0 -630199.00    0  380 -356009.33 -630199.00  77.0%     -    1s
     0     0 -627498.72    0  358 -356009.33 -627498.72  76.3%     -    1s
H    0     0                    -380723.1390 -626753.38  64.6%     -    2s
     0     0 -626753.38    0  358 -380723.14 -626753.38  64.6%     -    2s
     0     0 -625976.23    0  349 -380723.14 -625976.23  64.4%     -    2s
     0     0 -625819.34    0  347 -380723.14 -625819.34  64.4%     -    2s
     0     0 -625761.84    0  346 -380723.14 -625761.84  64.4%     -    2s
     0     0 -625749.12    0  345 -380723.14 -625749.12  64.4%     -    2s
     0     0 -623088.43    0  353 -380723.14 -623088.43  63.7%     -    2s
H    0     0                    -410360.8267 -623088.43  51.8%     -    2s
     0     0 -621628.54    0  347 -410360.83 -621628.54  51.5%     -    2s
H    0     0                    -445629.4131 -621159.86  39.4%     -    2s
     0     0 -621159.86    0  351 -445629.41 -621159.86  39.4%     -    2s
     0     0 -620928.12    0  346 -445629.41 -620928.12  39.3%     -    2s
     0     0 -620890.21    0  347 -445629.41 -620890.21  39.3%     -    2s
     0     0 -620880.45    0  348 -445629.41 -620880.45  39.3%     -    2s
     0     0 -619849.05    0  328 -445629.41 -619849.05  39.1%     -    3s
H    0     0                    -461611.8027 -619849.05  34.3%     -    3s
H    0     0                    -466281.0657 -619849.05  32.9%     -    4s
H    0     0                    -467104.5024 -619849.05  32.7%     -    7s
     0     2 -619849.05    0  328 -467104.50 -619849.05  32.7%     -    7s
    36    54 -481263.22    6  241 -467104.50 -535216.57  14.6%  1142   10s
   364   338 -485653.49    9  303 -467104.50 -529245.83  13.3%   384   15s
   830   541 -478597.64   14  258 -467104.50 -492909.99  5.52%   295   20s

Optimal solution found at node 2200 - now completing solution pool...

    Nodes    |    Current Node    |      Pool Obj. Bounds     |     Work
             |                    |   Worst                   |
 Expl Unexpl |  Obj  Depth IntInf | Incumbent    BestBd   Gap | It/Node Time

  2200    52 -463799.52   16  132 -462017.50 -466894.74  1.06%   167   24s

Cutting planes:
  Implied bound: 1248
  MIR: 131
  Flow cover: 163
  Zero half: 11
  RLT: 35
  Relax-and-lift: 101

Explored 2501 nodes (383963 simplex iterations) in 24.75 seconds (35.23 work units)
Thread count was 10 (of 10 available processors)

Solution count 10: -467105 -466281 -466048 ... -462017
No other solutions better than -462017

Optimal solution found (tolerance 1.00e-04)
Best objective -4.671045023982e+05, best bound -4.671045023982e+05, gap 0.0000%

User-callback calls 9214, time in user-callback 0.00 sec

================================================================================
PRICING SUBPROBLEM TYPE 2 (SF) - ITERATION 27
================================================================================
Timestamp: 2025-12-03T03:08:50.561
Problem size: 25 scenarios, 25 facilities, 50 customers
================================================================================

Gurobi 12.0.3 (mac64[arm]) logging started Wed Dec  3 03:08:50 2025

Set parameter LogFile to value "/Users/arnav/projects/Candidate-Selection-via-Stochastic-IP/CCG/logs/CG_SF_FL_cap91_K2_S25_pricing_20251203_030342.log"
Set parameter LogToConsole to value 0
Set parameter MIPFocus to value 1
Set parameter WorkLimit to value 300

Gurobi 12.0.3 (mac64[arm]) logging started Wed Dec  3 03:08:50 2025

Set parameter LogFile to value "/Users/arnav/projects/Candidate-Selection-via-Stochastic-IP/CCG/logs/CG_SF_FL_cap91_K2_S25_pricing_20251203_030342.log"
Gurobi Optimizer version 12.0.3 build v12.0.3rc0 (mac64[arm] - Darwin 24.6.0 24G84)

CPU model: Apple M4
Thread count: 10 physical cores, 10 logical processors, using up to 10 threads

Non-default parameters:
WorkLimit  300
MIPFocus  1
LogToConsole  0
PoolSearchMode  2

Optimize a model with 3750 rows, 33175 columns and 69996 nonzeros
Model fingerprint: 0xee0bab17
Variable types: 32500 continuous, 675 integer (675 binary)
Coefficient statistics:
  Matrix range     [1e+00, 2e+04]
  Objective range  [3e-01, 3e+05]
  Bounds range     [0e+00, 0e+00]
  RHS range        [1e+00, 1e+00]
Found heuristic solution: objective 84441.626804
Presolve removed 629 rows and 16354 columns
Presolve time: 0.05s
Presolved: 3121 rows, 16821 columns, 37292 nonzeros
Variable types: 16146 continuous, 675 integer (675 binary)

Root relaxation: objective -5.390781e+05, 3117 iterations, 0.11 seconds (0.18 work units)

    Nodes    |    Current Node    |     Objective Bounds      |     Work
 Expl Unexpl |  Obj  Depth IntInf | Incumbent    BestBd   Gap | It/Node Time

     0     0 -539078.11    0  513 84441.6268 -539078.11   738%     -    0s
H    0     0                    55620.441011 -539078.11  1069%     -    0s
H    0     0                    55143.332461 -539078.11  1078%     -    0s
     0     0 -401681.94    0  489 55143.3325 -401681.94   828%     -    1s
H    0     0                    48896.537280 -401681.94   921%     -    1s
H    0     0                    48833.786262 -401681.94   923%     -    1s
H    0     0                    43410.928688 -401681.94  1025%     -    1s
H    0     0                    40956.734880 -401681.94  1081%     -    1s
     0     0 -390489.74    0  471 40956.7349 -390489.74  1053%     -    2s
     0     0 -389130.59    0  459 40956.7349 -389130.59  1050%     -    2s
     0     0 -388825.48    0  452 40956.7349 -388825.48  1049%     -    2s
     0     0 -388822.41    0  455 40956.7349 -388822.41  1049%     -    2s
     0     0 -356468.32    0  451 40956.7349 -356468.32   970%     -    2s
H    0     0                    16196.157140 -356468.32  2301%     -    3s
     0     0 -349589.76    0  442 16196.1571 -349589.76  2258%     -    3s
     0     0 -347489.43    0  440 16196.1571 -347489.43  2246%     -    3s
     0     0 -347004.24    0  439 16196.1571 -347004.24  2243%     -    3s
     0     0 -346909.69    0  443 16196.1571 -346909.69  2242%     -    3s
     0     0 -346873.00    0  444 16196.1571 -346873.00  2242%     -    3s
     0     0 -346860.23    0  444 16196.1571 -346860.23  2242%     -    3s
H    0     0                    9123.7242696 -346860.23  3902%     -    3s
H    0     0                    8855.3250916 -346860.23  4017%     -    3s
H    0     0                    8402.9707132 -346860.23  4228%     -    3s
     0     0 -329633.98    0  428 8402.97071 -329633.98  4023%     -    4s
H    0     0                    3072.3786934 -328749.46      -     -    5s
     0     0 -328749.46    0  427 3072.37869 -328749.46      -     -    5s
H    0     0                    -5949.964742 -327601.84  5406%     -    5s
H    0     0                    -8295.397953 -327601.84  3849%     -    5s
     0     0 -312120.10    0  418 -8295.3980 -312120.10  3663%     -    5s
     0     0 -312120.10    0  414 -8295.3980 -312120.10  3663%     -    5s
     0     0 -312120.10    0  418 -8295.3980 -312120.10  3663%     -    5s
     0     0 -312120.10    0  418 -8295.3980 -312120.10  3663%     -    5s
     0     0 -312120.10    0  416 -8295.3980 -312120.10  3663%     -    5s
     0     0 -312120.10    0  419 -8295.3980 -312120.10  3663%     -    6s
H    0     0                    -14991.03313 -312120.10  1982%     -    6s
H    0     0                    -16566.38551 -312120.10  1784%     -    6s
     0     0 -312120.10    0  408 -16566.386 -312120.10  1784%     -    6s
     0     0 -312120.10    0  401 -16566.386 -312120.10  1784%     -    6s
H    0     0                    -25051.57696 -312120.10  1146%     -    7s
     0     0 -312120.10    0  401 -25051.577 -312120.10  1146%     -    7s
     0     0 -312120.10    0  401 -25051.577 -312120.10  1146%     -    7s
     0     0 -312120.10    0  404 -25051.577 -312120.10  1146%     -    7s
     0     0 -312120.10    0  403 -25051.577 -312120.10  1146%     -    7s
     0     0 -312120.10    0  386 -25051.577 -312120.10  1146%     -    8s
H    0     0                    -95530.94796 -312120.10   227%     -   10s
H    0     0                    -97601.96641 -312120.10   220%     -   18s
H    0     0                    -101436.8366 -312120.10   208%     -   20s
H    0     0                    -106394.7228 -312120.10   193%     -   20s
H    0     0                    -114352.0596 -312120.10   173%     -   20s
H    0     0                    -114417.3766 -312120.10   173%     -   21s
H    0     0                    -116223.6404 -312120.10   169%     -   21s
H    0     0                    -126617.7924 -312120.10   147%     -   22s
H    0     0                    -138681.1009 -312120.10   125%     -   24s
     0     2 -312120.10    0  386 -138681.10 -312120.10   125%     -   25s
    25    48 -214044.03    5  287 -138681.10 -260115.53  87.6%  1616   30s
   192   200          -   30      -138681.10 -250711.23  80.8%   888   35s
   411   371     cutoff   27      -138681.10 -229145.83  65.2%   677   40s
   644   574 -111581.51   18  120 -138681.10 -216081.61  55.8%   671   45s
   872   684 -162614.73    8  313 -138681.10 -211934.53  52.8%   640   50s
  1071   784 -144228.26   11  303 -138681.10 -204794.19  47.7%   629   55s
  1253   936 -163390.39    6  318 -138681.10 -201962.46  45.6%   631   60s
  1429  1038 -160847.18    7  313 -138681.10 -200392.97  44.5%   624   66s
  1662  1164 -112507.16   11  310 -138681.10 -193910.78  39.8%   613   71s
  1868  1302     cutoff   10      -138681.10 -191956.04  38.4%   608   76s
  2145  1452 -144617.73   12  289 -138681.10 -189037.50  36.3%   600   81s
  2263   916 -138681.10   11  386 -138681.10 -186429.72  34.4%   596   98s
  2267   919 -138681.10   14  471 -138681.10 -186429.72  34.4%   595  100s
  2279   927 -138681.10   13  375 -138681.10 -186429.72  34.4%   592  105s
  2285   931 -138681.10   15  386 -138681.10 -186429.72  34.4%   591  121s
  2300   952 -186429.72   18  308 -138681.10 -186429.72  34.4%   607  128s
  2310   977 -186429.72   19  296 -138681.10 -186429.72  34.4%   610  130s
  2414  1019 -182651.60   24  230 -138681.10 -186429.72  34.4%   626  135s
  2500  1049 -135989.48   32  166 -138681.10 -186429.72  34.4%   628  141s
  2547  1040 -126024.94   37    9 -138681.10 -186429.72  34.4%   630  145s
  2637  1046 -158299.00   25  316 -138681.10 -186429.72  34.4%   631  151s
  2738  1044 -139061.22   23  261 -138681.10 -186429.72  34.4%   628  155s
  2881  1097 -118988.03   27  336 -138681.10 -186429.72  34.4%   627  161s
  2986  1124     cutoff   28      -138681.10 -186429.72  34.4%   627  165s
  3133  1172 -127758.18   26  282 -138681.10 -186429.72  34.4%   628  170s
  3343  1235 -152881.44   25  306 -138681.10 -186429.72  34.4%   628  175s
  3461  1273 -129965.65   26  321 -138681.10 -186429.72  34.4%   629  180s
  3621  1309 -134630.21   22  345 -138681.10 -186429.72  34.4%   628  185s
  3838  1366     cutoff   29      -138681.10 -186429.72  34.4%   625  190s
  4085  1434 -136014.09   28  197 -138681.10 -186429.72  34.4%   624  196s
  4249  1473 -131210.00   30  232 -138681.10 -183615.24  32.4%   620  202s
  4369  1444 -147870.43   24  309 -138681.10 -183242.89  32.1%   618  205s
  4530  1517 -141632.50   24  301 -138681.10 -181676.01  31.0%   613  210s
  4810  1464     cutoff   27      -138681.10 -178985.77  29.1%   607  217s

Cutting planes:
  Implied bound: 1683
  MIR: 168
  Flow cover: 123
  Zero half: 92
  RLT: 3
  Relax-and-lift: 50

Explored 4956 nodes (3013702 simplex iterations) in 217.61 seconds (300.23 work units)
Thread count was 10 (of 10 available processors)

Solution count 10: -138681 -138317 -133117 ... -119472

Work limit reached
Best objective -1.386811008689e+05, best bound -1.778715472965e+05, gap 28.2594%

User-callback calls 33868, time in user-callback 0.06 sec

================================================================================
PRICING SUBPROBLEM TYPE 2 (SF) - ITERATION 28
================================================================================
Timestamp: 2025-12-03T03:12:35.123
Problem size: 25 scenarios, 25 facilities, 50 customers
================================================================================

Gurobi 12.0.3 (mac64[arm]) logging started Wed Dec  3 03:12:35 2025

Set parameter LogFile to value "/Users/arnav/projects/Candidate-Selection-via-Stochastic-IP/CCG/logs/CG_SF_FL_cap91_K2_S25_pricing_20251203_030342.log"
Set parameter LogToConsole to value 0
Set parameter MIPFocus to value 1
Set parameter WorkLimit to value 300

Gurobi 12.0.3 (mac64[arm]) logging started Wed Dec  3 03:12:35 2025

Set parameter LogFile to value "/Users/arnav/projects/Candidate-Selection-via-Stochastic-IP/CCG/logs/CG_SF_FL_cap91_K2_S25_pricing_20251203_030342.log"
Gurobi Optimizer version 12.0.3 build v12.0.3rc0 (mac64[arm] - Darwin 24.6.0 24G84)

CPU model: Apple M4
Thread count: 10 physical cores, 10 logical processors, using up to 10 threads

Non-default parameters:
WorkLimit  300
MIPFocus  1
LogToConsole  0
PoolSearchMode  2

Optimize a model with 3750 rows, 33175 columns and 69996 nonzeros
Model fingerprint: 0xc9bb54a4
Variable types: 32500 continuous, 675 integer (675 binary)
Coefficient statistics:
  Matrix range     [1e+00, 2e+04]
  Objective range  [3e-01, 2e+05]
  Bounds range     [0e+00, 0e+00]
  RHS range        [1e+00, 1e+00]
Found heuristic solution: objective 54582.779947
Presolve removed 629 rows and 16354 columns
Presolve time: 0.05s
Presolved: 3121 rows, 16821 columns, 37292 nonzeros
Variable types: 16146 continuous, 675 integer (675 binary)

Root relaxation: objective -5.850876e+05, 2887 iterations, 0.10 seconds (0.16 work units)

    Nodes    |    Current Node    |     Objective Bounds      |     Work
 Expl Unexpl |  Obj  Depth IntInf | Incumbent    BestBd   Gap | It/Node Time

     0     0 -585087.64    0  479 54582.7799 -585087.64  1172%     -    0s
H    0     0                    31324.751997 -585087.64  1968%     -    0s
H    0     0                    -58216.87177 -464823.77   698%     -    0s
     0     0 -464823.77    0  411 -58216.872 -464823.77   698%     -    0s
     0     0 -450499.59    0  392 -58216.872 -450499.59   674%     -    1s
     0     0 -448613.59    0  390 -58216.872 -448613.59   671%     -    1s
     0     0 -448328.77    0  386 -58216.872 -448328.77   670%     -    1s
     0     0 -448312.84    0  387 -58216.872 -448312.84   670%     -    1s
     0     0 -425821.80    0  382 -58216.872 -425821.80   631%     -    1s
H    0     0                    -66115.30119 -419080.95   534%     -    2s
     0     0 -419080.95    0  372 -66115.301 -419080.95   534%     -    2s
     0     0 -416294.66    0  380 -66115.301 -416294.66   530%     -    2s
H    0     0                    -169413.7188 -415649.15   145%     -    2s
     0     0 -415649.15    0  378 -169413.72 -415649.15   145%     -    2s
     0     0 -415455.19    0  378 -169413.72 -415455.19   145%     -    2s
     0     0 -415437.19    0  378 -169413.72 -415437.19   145%     -    2s
     0     0 -415403.39    0  380 -169413.72 -415403.39   145%     -    2s
     0     0 -393628.58    0  371 -169413.72 -393628.58   132%     -    3s
     0     0 -393628.58    0  358 -169413.72 -393628.58   132%     -    3s
     0     0 -393628.58    0  363 -169413.72 -393628.58   132%     -    3s
     0     0 -393628.58    0  365 -169413.72 -393628.58   132%     -    3s
     0     0 -393628.58    0  367 -169413.72 -393628.58   132%     -    3s
     0     0 -393628.58    0  362 -169413.72 -393628.58   132%     -    3s
     0     0 -393628.58    0  361 -169413.72 -393628.58   132%     -    3s
     0     0 -393628.58    0  362 -169413.72 -393628.58   132%     -    3s
H    0     0                    -217979.6732 -393628.58  80.6%     -    3s
H    0     0                    -220532.3521 -393628.58  78.5%     -    3s
H    0     0                    -220561.0973 -393628.58  78.5%     -    3s
     0     0 -393628.58    0  356 -220561.10 -393628.58  78.5%     -    3s
H    0     0                    -222181.5648 -393588.19  77.1%     -    4s
H    0     0                    -229818.3353 -393588.19  71.3%     -    4s
     0     0 -393588.19    0  355 -229818.34 -393588.19  71.3%     -    4s
     0     0 -393208.17    0  346 -229818.34 -393208.17  71.1%     -    4s
     0     0 -392960.84    0  352 -229818.34 -392960.84  71.0%     -    4s
     0     0 -392828.69    0  355 -229818.34 -392828.69  70.9%     -    4s
     0     0 -392663.21    0  358 -229818.34 -392663.21  70.9%     -    4s
     0     0 -392602.70    0  354 -229818.34 -392602.70  70.8%     -    4s
     0     0 -392579.22    0  355 -229818.34 -392579.22  70.8%     -    4s
     0     0 -392576.32    0  354 -229818.34 -392576.32  70.8%     -    4s
     0     0 -390716.55    0  338 -229818.34 -390716.55  70.0%     -    5s
H    0     0                    -246537.5353 -390716.55  58.5%     -   13s
H    0     0                    -250897.1918 -390716.55  55.7%     -   13s
H    0     0                    -252940.9283 -390716.55  54.5%     -   13s
H    0     0                    -252984.1706 -390716.55  54.4%     -   13s
     0     2 -390716.55    0  338 -252984.17 -390716.55  54.4%     -   14s
     7    16 -341562.87    3  284 -252984.17 -352449.65  39.3%  1298   15s
   105   119 -266841.00   12  228 -252984.17 -311826.53  23.3%   829   20s
   279   257 -234251.77    9  296 -252984.17 -299961.26  18.6%   576   25s
   533   465 -269158.08    8  283 -252984.17 -287111.00  13.5%   459   30s
   687   532 -227900.08    6  295 -252984.17 -282515.63  11.7%   455   35s
   825   577 -223471.33   14  184 -252984.17 -273829.90  8.24%   438   40s
  1098   600     cutoff   10      -252984.17 -263979.49  4.35%   418   45s

Optimal solution found at node 1604 - now completing solution pool...

    Nodes    |    Current Node    |      Pool Obj. Bounds     |     Work
             |                    |   Worst                   |
 Expl Unexpl |  Obj  Depth IntInf | Incumbent    BestBd   Gap | It/Node Time

  1604   444          -   36      -245074.40 -252984.17  3.23%   358   50s

Cutting planes:
  Implied bound: 1320
  MIR: 119
  Flow cover: 172
  Zero half: 32
  RLT: 17
  Relax-and-lift: 71

Explored 2515 nodes (596316 simplex iterations) in 50.67 seconds (59.14 work units)
Thread count was 10 (of 10 available processors)

Solution count 10: -252984 -251736 -250897 ... -246794
No other solutions better than -246794

Optimal solution found (tolerance 1.00e-04)
Best objective -2.529841705555e+05, best bound -2.529841705555e+05, gap 0.0000%

User-callback calls 9977, time in user-callback 0.02 sec

================================================================================
PRICING SUBPROBLEM TYPE 2 (SF) - ITERATION 29
================================================================================
Timestamp: 2025-12-03T03:13:34.246
Problem size: 25 scenarios, 25 facilities, 50 customers
================================================================================

Gurobi 12.0.3 (mac64[arm]) logging started Wed Dec  3 03:13:34 2025

Set parameter LogFile to value "/Users/arnav/projects/Candidate-Selection-via-Stochastic-IP/CCG/logs/CG_SF_FL_cap91_K2_S25_pricing_20251203_030342.log"
Set parameter LogToConsole to value 0
Set parameter MIPFocus to value 1
Set parameter WorkLimit to value 300

Gurobi 12.0.3 (mac64[arm]) logging started Wed Dec  3 03:13:34 2025

Set parameter LogFile to value "/Users/arnav/projects/Candidate-Selection-via-Stochastic-IP/CCG/logs/CG_SF_FL_cap91_K2_S25_pricing_20251203_030342.log"
Gurobi Optimizer version 12.0.3 build v12.0.3rc0 (mac64[arm] - Darwin 24.6.0 24G84)

CPU model: Apple M4
Thread count: 10 physical cores, 10 logical processors, using up to 10 threads

Non-default parameters:
WorkLimit  300
MIPFocus  1
LogToConsole  0
PoolSearchMode  2

Optimize a model with 3750 rows, 33175 columns and 69996 nonzeros
Model fingerprint: 0x63509fee
Variable types: 32500 continuous, 675 integer (675 binary)
Coefficient statistics:
  Matrix range     [1e+00, 2e+04]
  Objective range  [3e-01, 3e+05]
  Bounds range     [0e+00, 0e+00]
  RHS range        [1e+00, 1e+00]
Found heuristic solution: objective 49306.059518
Presolve removed 629 rows and 16354 columns
Presolve time: 0.04s
Presolved: 3121 rows, 16821 columns, 37292 nonzeros
Variable types: 16146 continuous, 675 integer (675 binary)

Root relaxation: objective -6.084320e+05, 2965 iterations, 0.11 seconds (0.14 work units)

    Nodes    |    Current Node    |     Objective Bounds      |     Work
 Expl Unexpl |  Obj  Depth IntInf | Incumbent    BestBd   Gap | It/Node Time

     0     0 -608432.04    0  438 49306.0595 -608432.04  1334%     -    0s
H    0     0                    -50313.46313 -608432.04  1109%     -    0s
H    0     0                    -138095.0258 -608432.04   341%     -    0s
H    0     0                    -184842.3853 -608432.04   229%     -    0s
H    0     0                    -191445.1406 -608432.04   218%     -    0s
H    0     0                    -330501.8097 -510152.97  54.4%     -    1s
     0     0 -510152.97    0  327 -330501.81 -510152.97  54.4%     -    1s
     0     0 -501514.15    0  320 -330501.81 -501514.15  51.7%     -    1s
     0     0 -500764.38    0  319 -330501.81 -500764.38  51.5%     -    1s
     0     0 -500642.02    0  314 -330501.81 -500642.02  51.5%     -    1s
     0     0 -482915.03    0  313 -330501.81 -482915.03  46.1%     -    1s
     0     0 -476886.77    0  310 -330501.81 -476886.77  44.3%     -    2s
     0     0 -475522.38    0  306 -330501.81 -475522.38  43.9%     -    2s
     0     0 -475029.01    0  309 -330501.81 -475029.01  43.7%     -    2s
     0     0 -474934.65    0  313 -330501.81 -474934.65  43.7%     -    2s
     0     0 -474931.99    0  313 -330501.81 -474931.99  43.7%     -    2s
H    0     0                    -338120.7193 -474931.99  40.5%     -    2s
     0     0 -465859.80    0  293 -338120.72 -465859.80  37.8%     -    3s
     0     0 -463741.23    0  304 -338120.72 -463741.23  37.2%     -    3s
     0     0 -463057.83    0  303 -338120.72 -463057.83  37.0%     -    3s
     0     0 -462786.34    0  301 -338120.72 -462786.34  36.9%     -    3s
H    0     0                    -343087.1428 -462671.59  34.9%     -    3s
     0     0 -462671.59    0  299 -343087.14 -462671.59  34.9%     -    3s
     0     0 -462626.36    0  299 -343087.14 -462626.36  34.8%     -    3s
     0     0 -462625.46    0  298 -343087.14 -462625.46  34.8%     -    3s
H    0     0                    -358979.6060 -462625.46  28.9%     -    3s
     0     0 -458672.83    0  293 -358979.61 -458672.83  27.8%     -    3s
     0     0 -457100.74    0  291 -358979.61 -457100.74  27.3%     -    4s
     0     0 -456862.02    0  294 -358979.61 -456862.02  27.3%     -    4s
     0     0 -456745.72    0  293 -358979.61 -456745.72  27.2%     -    4s
     0     0 -456727.50    0  294 -358979.61 -456727.50  27.2%     -    4s
     0     0 -456726.86    0  294 -358979.61 -456726.86  27.2%     -    4s
     0     0 -454834.15    0  247 -358979.61 -454834.15  26.7%     -    4s
H    0     0                    -362030.8983 -454834.15  25.6%     -    4s
H    0     0                    -364809.6427 -454834.15  24.7%     -    5s
H    0     0                    -365489.1926 -454834.15  24.4%     -    6s
H    0     0                    -365686.3638 -454834.15  24.4%     -    6s
H    0     0                    -366601.6433 -454834.15  24.1%     -    6s
H    0     0                    -368685.3378 -454834.15  23.4%     -    9s
     0     2 -454834.15    0  247 -368685.34 -454834.15  23.4%     -   10s
*  442   315              19    -369316.1698 -387642.64  4.96%   188   14s
   704   329     cutoff   16      -369316.17 -370320.61  0.27%   142   15s

Optimal solution found at node 894 - now completing solution pool...

    Nodes    |    Current Node    |      Pool Obj. Bounds     |     Work
             |                    |   Worst                   |
 Expl Unexpl |  Obj  Depth IntInf | Incumbent    BestBd   Gap | It/Node Time

   894    88     cutoff   18      -366887.42 -368692.37  0.49%   116   15s

Cutting planes:
  Implied bound: 1067
  MIR: 87
  Flow cover: 88
  Zero half: 26
  RLT: 11
  Relax-and-lift: 56

Explored 1074 nodes (115366 simplex iterations) in 15.20 seconds (15.01 work units)
Thread count was 10 (of 10 available processors)

Solution count 10: -369316 -368685 -367942 ... -366887
No other solutions better than -366887

Optimal solution found (tolerance 1.00e-04)
Best objective -3.693161697976e+05, best bound -3.693161697976e+05, gap 0.0000%

User-callback calls 5314, time in user-callback 0.00 sec

================================================================================
PRICING SUBPROBLEM TYPE 2 (SF) - ITERATION 30
================================================================================
Timestamp: 2025-12-03T03:13:54.285
Problem size: 25 scenarios, 25 facilities, 50 customers
================================================================================

Gurobi 12.0.3 (mac64[arm]) logging started Wed Dec  3 03:13:54 2025

Set parameter LogFile to value "/Users/arnav/projects/Candidate-Selection-via-Stochastic-IP/CCG/logs/CG_SF_FL_cap91_K2_S25_pricing_20251203_030342.log"
Set parameter LogToConsole to value 0
Set parameter MIPFocus to value 1
Set parameter WorkLimit to value 300

Gurobi 12.0.3 (mac64[arm]) logging started Wed Dec  3 03:13:54 2025

Set parameter LogFile to value "/Users/arnav/projects/Candidate-Selection-via-Stochastic-IP/CCG/logs/CG_SF_FL_cap91_K2_S25_pricing_20251203_030342.log"
Gurobi Optimizer version 12.0.3 build v12.0.3rc0 (mac64[arm] - Darwin 24.6.0 24G84)

CPU model: Apple M4
Thread count: 10 physical cores, 10 logical processors, using up to 10 threads

Non-default parameters:
WorkLimit  300
MIPFocus  1
LogToConsole  0
PoolSearchMode  2

Optimize a model with 3750 rows, 33175 columns and 69996 nonzeros
Model fingerprint: 0x6c57cac1
Variable types: 32500 continuous, 675 integer (675 binary)
Coefficient statistics:
  Matrix range     [1e+00, 2e+04]
  Objective range  [3e-01, 3e+05]
  Bounds range     [0e+00, 0e+00]
  RHS range        [1e+00, 1e+00]
Found heuristic solution: objective 45599.780817
Presolve removed 629 rows and 16354 columns
Presolve time: 0.03s
Presolved: 3121 rows, 16821 columns, 37292 nonzeros
Variable types: 16146 continuous, 675 integer (675 binary)

Root relaxation: objective -5.500712e+05, 2887 iterations, 0.06 seconds (0.14 work units)

    Nodes    |    Current Node    |     Objective Bounds      |     Work
 Expl Unexpl |  Obj  Depth IntInf | Incumbent    BestBd   Gap | It/Node Time

     0     0 -550071.17    0  471 45599.7808 -550071.17  1306%     -    0s
H    0     0                    -43527.49195 -550071.17  1164%     -    0s
H    0     0                    -63858.73597 -437013.87   584%     -    0s
     0     0 -437013.87    0  427 -63858.736 -437013.87   584%     -    0s
     0     0 -426579.61    0  416 -63858.736 -426579.61   568%     -    0s
     0     0 -425073.58    0  416 -63858.736 -425073.58   566%     -    0s
     0     0 -424755.66    0  416 -63858.736 -424755.66   565%     -    0s
     0     0 -424744.24    0  415 -63858.736 -424744.24   565%     -    0s
H    0     0                    -75144.50300 -424744.24   465%     -    1s
H    0     0                    -155725.0252 -396547.49   155%     -    1s
H    0     0                    -162771.4253 -396547.49   144%     -    1s
     0     0 -396547.49    0  401 -162771.43 -396547.49   144%     -    1s
     0     0 -389107.28    0  404 -162771.43 -389107.28   139%     -    1s
     0     0 -386732.16    0  397 -162771.43 -386732.16   138%     -    1s
     0     0 -385768.23    0  397 -162771.43 -385768.23   137%     -    1s
     0     0 -385286.23    0  401 -162771.43 -385286.23   137%     -    1s
     0     0 -385220.01    0  406 -162771.43 -385220.01   137%     -    1s
     0     0 -385192.80    0  404 -162771.43 -385192.80   137%     -    1s
     0     0 -385191.42    0  404 -162771.43 -385191.42   137%     -    1s
     0     0 -375348.90    0  390 -162771.43 -375348.90   131%     -    1s
     0     0 -372415.94    0  371 -162771.43 -372415.94   129%     -    2s
     0     0 -371621.06    0  355 -162771.43 -371621.06   128%     -    2s
     0     0 -371222.68    0  363 -162771.43 -371222.68   128%     -    2s
     0     0 -371060.00    0  374 -162771.43 -371060.00   128%     -    2s
     0     0 -370981.43    0  378 -162771.43 -370981.43   128%     -    2s
     0     0 -370962.16    0  373 -162771.43 -370962.16   128%     -    2s
     0     0 -370961.17    0  375 -162771.43 -370961.17   128%     -    2s
     0     0 -366275.18    0  348 -162771.43 -366275.18   125%     -    2s
H    0     0                    -182063.1839 -366275.18   101%     -    2s
     0     0 -364394.20    0  343 -182063.18 -364394.20   100%     -    2s
     0     0 -363814.81    0  354 -182063.18 -363814.81   100%     -    2s
     0     0 -363484.25    0  350 -182063.18 -363484.25   100%     -    2s
     0     0 -363384.60    0  355 -182063.18 -363384.60   100%     -    2s
     0     0 -363360.80    0  353 -182063.18 -363360.80   100%     -    2s
     0     0 -363354.75    0  352 -182063.18 -363354.75   100%     -    2s
     0     0 -360765.75    0  344 -182063.18 -360765.75  98.2%     -    3s
H    0     0                    -185828.7920 -360765.75  94.1%     -    4s
H    0     0                    -187174.4502 -360765.75  92.7%     -    4s
H    0     0                    -192669.3341 -360765.75  87.2%     -    4s
H    0     0                    -208541.0071 -360765.75  73.0%     -    7s
H    0     0                    -209129.3651 -360765.75  72.5%     -    8s
H    0     0                    -213473.6273 -360765.75  69.0%     -    8s
     0     2 -360765.75    0  344 -213473.63 -360765.75  69.0%     -    9s
     3     8 -288694.71    2  321 -213473.63 -341040.90  59.8%  1585   10s
   236   233 -224358.80   11  289 -213473.63 -292459.92  37.0%   574   15s
   589   514 -206257.12   12  191 -213473.63 -272512.46  27.7%   463   20s
   819   557 -212047.32   10  269 -213473.63 -262417.52  22.9%   431   25s
  1200   696     cutoff   11      -213473.63 -244040.00  14.3%   413   30s
  1766   972 -207573.30   10  223 -213473.63 -234010.96  9.62%   386   35s
  2288   964     cutoff   14      -213473.63 -223526.73  4.71%   380   41s
  2840   374     cutoff   12      -213473.63 -213831.75  0.17%   356   45s

Optimal solution found at node 3327 - now completing solution pool...

    Nodes    |    Current Node    |      Pool Obj. Bounds     |     Work
             |                    |   Worst                   |
 Expl Unexpl |  Obj  Depth IntInf | Incumbent    BestBd   Gap | It/Node Time

  3327     0     cutoff   19      -204094.73 -209340.33  2.57%   318   45s

Cutting planes:
  Implied bound: 1426
  MIR: 129
  Flow cover: 143
  Zero half: 44
  RLT: 6
  Relax-and-lift: 76

Explored 3768 nodes (1084635 simplex iterations) in 45.98 seconds (85.92 work units)
Thread count was 10 (of 10 available processors)

Solution count 10: -213474 -211110 -209129 ... -205169
No other solutions better than -205169

Optimal solution found (tolerance 1.00e-04)
Best objective -2.134736272776e+05, best bound -2.134736272776e+05, gap 0.0000%

User-callback calls 14109, time in user-callback 0.01 sec

================================================================================
PRICING SUBPROBLEM TYPE 2 (SF) - ITERATION 31
================================================================================
Timestamp: 2025-12-03T03:14:51.343
Problem size: 25 scenarios, 25 facilities, 50 customers
================================================================================

Gurobi 12.0.3 (mac64[arm]) logging started Wed Dec  3 03:14:51 2025

Set parameter LogFile to value "/Users/arnav/projects/Candidate-Selection-via-Stochastic-IP/CCG/logs/CG_SF_FL_cap91_K2_S25_pricing_20251203_030342.log"
Set parameter LogToConsole to value 0
Set parameter MIPFocus to value 1
Set parameter WorkLimit to value 300

Gurobi 12.0.3 (mac64[arm]) logging started Wed Dec  3 03:14:51 2025

Set parameter LogFile to value "/Users/arnav/projects/Candidate-Selection-via-Stochastic-IP/CCG/logs/CG_SF_FL_cap91_K2_S25_pricing_20251203_030342.log"
Gurobi Optimizer version 12.0.3 build v12.0.3rc0 (mac64[arm] - Darwin 24.6.0 24G84)

CPU model: Apple M4
Thread count: 10 physical cores, 10 logical processors, using up to 10 threads

Non-default parameters:
WorkLimit  300
MIPFocus  1
LogToConsole  0
PoolSearchMode  2

Optimize a model with 3750 rows, 33175 columns and 69996 nonzeros
Model fingerprint: 0x94983e6e
Variable types: 32500 continuous, 675 integer (675 binary)
Coefficient statistics:
  Matrix range     [1e+00, 2e+04]
  Objective range  [3e-01, 3e+05]
  Bounds range     [0e+00, 0e+00]
  RHS range        [1e+00, 1e+00]
Found heuristic solution: objective 163907.45313
Presolve removed 629 rows and 16354 columns
Presolve time: 0.06s
Presolved: 3121 rows, 16821 columns, 37292 nonzeros
Variable types: 16146 continuous, 675 integer (675 binary)

Root relaxation: objective -6.197135e+05, 3166 iterations, 0.12 seconds (0.19 work units)

    Nodes    |    Current Node    |     Objective Bounds      |     Work
 Expl Unexpl |  Obj  Depth IntInf | Incumbent    BestBd   Gap | It/Node Time

     0     0 -619713.51    0  506 163907.453 -619713.51   478%     -    0s
H    0     0                    156652.84831 -619713.51   496%     -    0s
H    0     0                    113088.94188 -619713.51   648%     -    0s
H    0     0                    109543.16416 -619713.51   666%     -    0s
H    0     0                    99337.984390 -619713.51   724%     -    0s
     0     0 -497692.23    0  442 99337.9844 -497692.23   601%     -    1s
H    0     0                    93656.907600 -497692.23   631%     -    1s
H    0     0                    87437.815458 -497692.23   669%     -    1s
     0     0 -485718.24    0  433 87437.8155 -485718.24   656%     -    1s
     0     0 -483678.12    0  434 87437.8155 -483678.12   653%     -    1s
     0     0 -483262.47    0  433 87437.8155 -483262.47   653%     -    1s
     0     0 -483219.79    0  432 87437.8155 -483219.79   653%     -    1s
     0     0 -483201.77    0  429 87437.8155 -483201.77   653%     -    1s
     0     0 -483200.16    0  433 87437.8155 -483200.16   653%     -    1s
     0     0 -455797.38    0  423 87437.8155 -455797.38   621%     -    2s
H    0     0                    74359.789729 -455797.38   713%     -    2s
H    0     0                    42071.322747 -455797.38  1183%     -    2s
H    0     0                    38915.591258 -455797.38  1271%     -    2s
H    0     0                    32739.069656 -455797.38  1492%     -    2s
H    0     0                    32331.504059 -455797.38  1510%     -    2s
H    0     0                    31028.396318 -455797.38  1569%     -    2s
H    0     0                    29858.592914 -455797.38  1627%     -    2s
     0     0 -447785.19    0  417 29858.5929 -447785.19  1600%     -    3s
     0     0 -445105.23    0  410 29858.5929 -445105.23  1591%     -    3s
H    0     0                    2516.5406475 -444552.48      -     -    3s
     0     0 -444552.48    0  415 2516.54065 -444552.48      -     -    3s
     0     0 -444265.48    0  411 2516.54065 -444265.48      -     -    3s
     0     0 -444236.53    0  413 2516.54065 -444236.53      -     -    3s
     0     0 -444236.36    0  413 2516.54065 -444236.36      -     -    3s
     0     0 -432029.70    0  409 2516.54065 -432029.70      -     -    4s
H    0     0                    -2008.796567 -432029.70      -     -    4s
H    0     0                    -14638.27754 -432029.70  2851%     -    4s
H    0     0                    -160190.5021 -429547.86   168%     -    4s
     0     0 -429547.86    0  406 -160190.50 -429547.86   168%     -    4s
     0     0 -428142.76    0  398 -160190.50 -428142.76   167%     -    5s
     0     0 -427820.90    0  411 -160190.50 -427820.90   167%     -    5s
     0     0 -427681.38    0  409 -160190.50 -427681.38   167%     -    5s
     0     0 -427625.76    0  407 -160190.50 -427625.76   167%     -    5s
     0     0 -427621.11    0  409 -160190.50 -427621.11   167%     -    5s
H    0     0                    -182135.8181 -427621.11   135%     -    5s
     0     0 -423255.97    0  387 -182135.82 -423255.97   132%     -    5s
     0     0 -422145.94    0  385 -182135.82 -422145.94   132%     -    5s
     0     0 -421580.18    0  385 -182135.82 -421580.18   131%     -    6s
     0     0 -421493.90    0  380 -182135.82 -421493.90   131%     -    6s
H    0     0                    -199835.9364 -421460.48   111%     -    6s
     0     0 -421460.48    0  379 -199835.94 -421460.48   111%     -    6s
     0     0 -421420.70    0  378 -199835.94 -421420.70   111%     -    6s
     0     0 -421411.05    0  376 -199835.94 -421411.05   111%     -    6s
     0     0 -419613.36    0  361 -199835.94 -419613.36   110%     -    6s
H    0     0                    -226287.6208 -419613.36  85.4%     -    7s
H    0     0                    -236070.4422 -419613.36  77.7%     -    8s
H    0     0                    -239813.4106 -419613.36  75.0%     -    8s
H    0     0                    -239921.3819 -419613.36  74.9%     -    9s
H    0     0                    -246657.3948 -419613.36  70.1%     -   15s
H    0     0                    -247389.5100 -419613.36  69.6%     -   15s
H    0     0                    -249150.5576 -419613.36  68.4%     -   15s
H    0     0                    -251937.7203 -419613.36  66.6%     -   15s
H    0     0                    -253190.7552 -419613.36  65.7%     -   15s
H    0     0                    -254059.1237 -419613.36  65.2%     -   16s
H    0     0                    -258805.3995 -419613.36  62.1%     -   16s
H    0     0                    -259111.4931 -419613.36  61.9%     -   16s
H    0     0                    -261013.6488 -419613.36  60.8%     -   16s
     0     2 -419613.36    0  361 -261013.65 -419613.36  60.8%     -   17s
    15    18     cutoff    4      -261013.65 -372899.30  42.9%  1900   20s
H   40    40                    -262155.1286 -351437.72  34.1%  1269   20s
   180   171 -253522.52   22   98 -262155.13 -346980.18  32.4%   701   25s
   433   319 -297904.27   11  298 -262155.13 -334717.18  27.7%   499   30s
   690   474 -260831.84    8  260 -262155.13 -317955.68  21.3%   464   35s
  1114   569     cutoff   17      -262155.13 -303379.64  15.7%   417   40s
  1537   753     cutoff   14      -262155.13 -292751.75  11.7%   390   45s
* 1663   663              28    -264512.6238 -290731.66  9.91%   379   45s
H 1780   625                    -266365.1280 -289326.55  8.62%   371   47s
  2103   598 -262664.12   19   84 -266365.13 -280085.05  5.15%   355   50s

Optimal solution found at node 2962 - now completing solution pool...

    Nodes    |    Current Node    |      Pool Obj. Bounds     |     Work
             |                    |   Worst                   |
 Expl Unexpl |  Obj  Depth IntInf | Incumbent    BestBd   Gap | It/Node Time

  2962    16 -261453.05   20   84 -261319.46 -264997.59  1.41%   288   53s

Cutting planes:
  Implied bound: 1429
  MIR: 124
  Flow cover: 168
  Zero half: 41
  RLT: 9
  Relax-and-lift: 92

Explored 3495 nodes (879053 simplex iterations) in 53.67 seconds (75.30 work units)
Thread count was 10 (of 10 available processors)

Solution count 10: -266365 -264513 -263569 ... -261334
No other solutions better than -261334

Optimal solution found (tolerance 1.00e-04)
Best objective -2.663651279704e+05, best bound -2.663651279704e+05, gap 0.0000%

User-callback calls 14338, time in user-callback 0.03 sec

================================================================================
PRICING SUBPROBLEM TYPE 2 (SF) - ITERATION 32
================================================================================
Timestamp: 2025-12-03T03:15:50.368
Problem size: 25 scenarios, 25 facilities, 50 customers
================================================================================

Gurobi 12.0.3 (mac64[arm]) logging started Wed Dec  3 03:15:50 2025

Set parameter LogFile to value "/Users/arnav/projects/Candidate-Selection-via-Stochastic-IP/CCG/logs/CG_SF_FL_cap91_K2_S25_pricing_20251203_030342.log"
Set parameter LogToConsole to value 0
Set parameter MIPFocus to value 1
Set parameter WorkLimit to value 300

Gurobi 12.0.3 (mac64[arm]) logging started Wed Dec  3 03:15:50 2025

Set parameter LogFile to value "/Users/arnav/projects/Candidate-Selection-via-Stochastic-IP/CCG/logs/CG_SF_FL_cap91_K2_S25_pricing_20251203_030342.log"
Gurobi Optimizer version 12.0.3 build v12.0.3rc0 (mac64[arm] - Darwin 24.6.0 24G84)

CPU model: Apple M4
Thread count: 10 physical cores, 10 logical processors, using up to 10 threads

Non-default parameters:
WorkLimit  300
MIPFocus  1
LogToConsole  0
PoolSearchMode  2

Optimize a model with 3750 rows, 33175 columns and 69996 nonzeros
Model fingerprint: 0x6f95400c
Variable types: 32500 continuous, 675 integer (675 binary)
Coefficient statistics:
  Matrix range     [1e+00, 2e+04]
  Objective range  [3e-01, 3e+05]
  Bounds range     [0e+00, 0e+00]
  RHS range        [1e+00, 1e+00]
Found heuristic solution: objective 150642.28568
Presolve removed 629 rows and 16354 columns
Presolve time: 0.03s
Presolved: 3121 rows, 16821 columns, 37292 nonzeros
Variable types: 16146 continuous, 675 integer (675 binary)

Root relaxation: objective -5.019208e+05, 3293 iterations, 0.09 seconds (0.18 work units)

    Nodes    |    Current Node    |     Objective Bounds      |     Work
 Expl Unexpl |  Obj  Depth IntInf | Incumbent    BestBd   Gap | It/Node Time

     0     0 -501920.78    0  547 150642.286 -501920.78   433%     -    0s
H    0     0                    121715.49395 -501920.78   512%     -    0s
H    0     0                    116549.58653 -501920.78   531%     -    0s
H    0     0                     511.0882804 -361924.07      -     -    0s
     0     0 -359558.62    0  480  511.08828 -359558.62      -     -    0s
     0     0 -349409.98    0  454  511.08828 -349409.98      -     -    1s
     0     0 -348363.41    0  458  511.08828 -348363.41      -     -    1s
     0     0 -348001.25    0  454  511.08828 -348001.25      -     -    1s
H    0     0                    -29275.10334 -347931.06  1088%     -    1s
H    0     0                    -45374.79894 -347931.06   667%     -    1s
     0     0 -347931.06    0  455 -45374.799 -347931.06   667%     -    1s
H    0     0                    -45854.76175 -347930.63   659%     -    1s
     0     0 -347930.63    0  455 -45854.762 -347930.63   659%     -    1s
H    0     0                    -47177.89598 -347930.63   637%     -    1s
H    0     0                    -50616.15591 -347930.63   587%     -    1s
     0     0 -315346.05    0  438 -50616.156 -315346.05   523%     -    2s
     0     0 -311628.92    0  433 -50616.156 -311628.92   516%     -    2s
     0     0 -308492.89    0  434 -50616.156 -308492.89   509%     -    3s
     0     0 -307780.77    0  437 -50616.156 -307780.77   508%     -    3s
     0     0 -307337.35    0  430 -50616.156 -307337.35   507%     -    3s
     0     0 -307278.76    0  434 -50616.156 -307278.76   507%     -    3s
     0     0 -307270.15    0  435 -50616.156 -307270.15   507%     -    3s
     0     0 -294156.99    0  418 -50616.156 -294156.99   481%     -    4s
     0     0 -291381.87    0  432 -50616.156 -291381.87   476%     -    4s
     0     0 -289995.02    0  425 -50616.156 -289995.02   473%     -    4s
     0     0 -289764.26    0  431 -50616.156 -289764.26   472%     -    4s
     0     0 -289609.05    0  426 -50616.156 -289609.05   472%     -    4s
     0     0 -289520.96    0  426 -50616.156 -289520.96   472%     -    4s
     0     0 -289520.05    0  426 -50616.156 -289520.05   472%     -    4s
     0     0 -281656.99    0  413 -50616.156 -281656.99   456%     -    5s
H    0     0                    -62032.53922 -281656.99   354%     -    6s
     0     0 -280632.94    0  404 -62032.539 -280632.94   352%     -    6s
     0     0 -280018.73    0  408 -62032.539 -280018.73   351%     -    6s
     0     0 -279872.93    0  403 -62032.539 -279872.93   351%     -    6s
H    0     0                    -72553.34878 -279810.62   286%     -    6s
H    0     0                    -73077.30316 -279810.62   283%     -    6s
     0     0 -279810.62    0  406 -73077.303 -279810.62   283%     -    6s
     0     0 -279789.38    0  404 -73077.303 -279789.38   283%     -    6s
     0     0 -274889.24    0  389 -73077.303 -274889.24   276%     -    7s
H    0     0                    -96705.12275 -274889.24   184%     -    9s
H    0     0                    -109169.1048 -274889.24   152%     -   17s
H    0     0                    -115440.2944 -274889.24   138%     -   17s
H    0     0                    -117306.0133 -274889.24   134%     -   18s
     0     2 -274889.24    0  389 -117306.01 -274889.24   134%     -   19s
     1     4 -193017.66    1  395 -117306.01 -274878.08   134%  3099   20s
    43    56 -149604.87    7  285 -117306.01 -235927.40   101%  1362   25s
   200   204 -183915.85    8  283 -117306.01 -219289.33  86.9%   715   31s
   374   388 -135603.96   15  201 -117306.01 -214907.85  83.2%   540   35s
   717   567 -152844.05   11  251 -117306.01 -203341.43  73.3%   424   40s
   913   631 -100138.21   14  338 -117306.01 -203341.43  73.3%   425   45s
  1152   698 -176004.59    9  278 -117306.01 -192132.24  63.8%   419   51s
  1278   793     cutoff   16      -117306.01 -188595.34  60.8%   422   55s
  1440   900 -159579.63   10  315 -117306.01 -186308.15  58.8%   420   60s
  1674  1015 -151974.32   10  272 -117306.01 -184781.92  57.5%   417   66s
  1879  1192 -121750.34   15  284 -117306.01 -184767.65  57.5%   417   71s
  2123   715 -117306.01   16  389 -117306.01 -178466.16  52.1%   401   91s
  2129   719 -141704.78   15  445 -117306.01 -178466.16  52.1%   400   95s
  2139   726 -117306.01   27  389 -117306.01 -178466.16  52.1%   398  100s
  2146   730 -117306.01   20  379 -117306.01 -178466.16  52.1%   397  112s
  2153   744 -170983.27   17  343 -117306.01 -178466.16  52.1%   410  115s
  2276   813 -178466.16   21  328 -117306.01 -178466.16  52.1%   445  120s
  2433   862 -155699.97   25  232 -117306.01 -178466.16  52.1%   456  125s
  2657   896 -131047.60   28  284 -117306.01 -178466.16  52.1%   457  130s
  2842   877 -153087.70   24  321 -117306.01 -178466.16  52.1%   455  135s
  3073   893 -176744.40   21  307 -117306.01 -178466.16  52.1%   459  140s
H 3160   877                    -118900.3763 -178466.16  50.1%   463  142s
H 3182   844                    -118989.3407 -178466.16  50.0%   463  143s
  3240   861     cutoff   26      -118989.34 -178466.16  50.0%   464  145s
  3543   899 -135600.54   27  282 -118989.34 -176783.67  48.6%   467  151s
  3691   916 -134853.65   26  242 -118989.34 -175698.30  47.7%   467  155s
  3866   983 -134063.85   25  301 -118989.34 -171106.78  43.8%   469  160s
  4184  1110     cutoff   27      -118989.34 -167880.94  41.1%   468  166s
  4351  1236 -108652.65   33   80 -118989.34 -165336.06  39.0%   468  171s
  4628  1354     cutoff   32      -118989.34 -163395.40  37.3%   465  177s
  4783  1428 -115480.69   25  224 -118989.34 -163062.96  37.0%   462  180s
  5068  1487 -119021.28   23  247 -118989.34 -160913.25  35.2%   458  186s
  5194  1492 -134297.27   24  328 -118989.34 -160844.43  35.2%   460  190s
  5382  1638 -113132.16   28  242 -118989.34 -159704.43  34.2%   459  197s
  5571  1631     cutoff   30      -118989.34 -158255.15  33.0%   456  200s
  5974  1802 -146571.31   23  331 -118989.34 -155924.22  31.0%   452  207s
  6202  1867 -124638.79   22  330 -118989.34 -154810.84  30.1%   450  212s
  6366  1957     cutoff   32      -118989.34 -154426.57  29.8%   449  216s
  6617  1742 -117316.31   25  292 -118989.34 -153841.03  29.3%   447  220s
  7096  1836 -138757.57   29  205 -118989.34 -151913.41  27.7%   442  228s
  7273  1888     cutoff   28      -118989.34 -150650.94  26.6%   440  232s
  7563  1949     cutoff   31      -118989.34 -149590.92  25.7%   437  236s

Cutting planes:
  Implied bound: 1689
  MIR: 201
  Flow cover: 132
  Zero half: 90
  RLT: 3
  Relax-and-lift: 50

Explored 7917 nodes (3456863 simplex iterations) in 237.86 seconds (300.96 work units)
Thread count was 10 (of 10 available processors)

Solution count 10: -118989 -118900 -117306 ... -113036

Work limit reached
Best objective -1.189893407078e+05, best bound -1.481584438950e+05, gap 24.5140%

User-callback calls 39061, time in user-callback 0.06 sec

================================================================================
PRICING SUBPROBLEM TYPE 2 (SF) - ITERATION 33
================================================================================
Timestamp: 2025-12-03T03:19:52.329
Problem size: 25 scenarios, 25 facilities, 50 customers
================================================================================

Gurobi 12.0.3 (mac64[arm]) logging started Wed Dec  3 03:19:52 2025

Set parameter LogFile to value "/Users/arnav/projects/Candidate-Selection-via-Stochastic-IP/CCG/logs/CG_SF_FL_cap91_K2_S25_pricing_20251203_030342.log"
Set parameter LogToConsole to value 0
Set parameter MIPFocus to value 1
Set parameter WorkLimit to value 300

Gurobi 12.0.3 (mac64[arm]) logging started Wed Dec  3 03:19:52 2025

Set parameter LogFile to value "/Users/arnav/projects/Candidate-Selection-via-Stochastic-IP/CCG/logs/CG_SF_FL_cap91_K2_S25_pricing_20251203_030342.log"
Gurobi Optimizer version 12.0.3 build v12.0.3rc0 (mac64[arm] - Darwin 24.6.0 24G84)

CPU model: Apple M4
Thread count: 10 physical cores, 10 logical processors, using up to 10 threads

Non-default parameters:
WorkLimit  300
MIPFocus  1
LogToConsole  0
PoolSearchMode  2

Optimize a model with 3750 rows, 33175 columns and 69996 nonzeros
Model fingerprint: 0x7df0fe8d
Variable types: 32500 continuous, 675 integer (675 binary)
Coefficient statistics:
  Matrix range     [1e+00, 2e+04]
  Objective range  [3e-01, 3e+05]
  Bounds range     [0e+00, 0e+00]
  RHS range        [1e+00, 1e+00]
Found heuristic solution: objective 170780.63154
Presolve removed 629 rows and 16354 columns
Presolve time: 0.04s
Presolved: 3121 rows, 16821 columns, 37292 nonzeros
Variable types: 16146 continuous, 675 integer (675 binary)

Root relaxation: objective -5.214047e+05, 3403 iterations, 0.11 seconds (0.21 work units)

    Nodes    |    Current Node    |     Objective Bounds      |     Work
 Expl Unexpl |  Obj  Depth IntInf | Incumbent    BestBd   Gap | It/Node Time

     0     0 -521404.68    0  538 170780.632 -521404.68   405%     -    0s
H    0     0                    159744.43404 -521404.68   426%     -    0s
H    0     0                    159313.08175 -521404.68   427%     -    0s
     0     0 -379712.14    0  485 159313.082 -379712.14   338%     -    0s
H    0     0                    133367.45931 -379712.14   385%     -    1s
H    0     0                    122707.57132 -379712.14   409%     -    1s
H    0     0                    107621.85899 -366048.20   440%     -    1s
H    0     0                    92891.607567 -366048.20   494%     -    1s
H    0     0                    89721.756866 -366048.20   508%     -    1s
     0     0 -366048.20    0  475 89721.7569 -366048.20   508%     -    1s
H    0     0                    41053.623852 -364080.25   987%     -    1s
     0     0 -364080.25    0  469 41053.6239 -364080.25   987%     -    1s
     0     0 -363509.41    0  469 41053.6239 -363509.41   985%     -    1s
     0     0 -363315.92    0  468 41053.6239 -363315.92   985%     -    1s
     0     0 -363315.87    0  468 41053.6239 -363315.87   985%     -    1s
     0     0 -336723.80    0  461 41053.6239 -336723.80   920%     -    2s
H    0     0                    38653.346885 -336723.80   971%     -    2s
H    0     0                    10925.249672 -336723.80  3182%     -    2s
     0     0 -327695.63    0  458 10925.2497 -327695.63  3099%     -    2s
     0     0 -323469.24    0  448 10925.2497 -323469.24  3061%     -    2s
     0     0 -322407.01    0  457 10925.2497 -322407.01  3051%     -    2s
     0     0 -322248.45    0  460 10925.2497 -322248.45  3050%     -    2s
     0     0 -322182.93    0  458 10925.2497 -322182.93  3049%     -    2s
     0     0 -322155.48    0  459 10925.2497 -322155.48  3049%     -    2s
     0     0 -322155.43    0  459 10925.2497 -322155.43  3049%     -    2s
H    0     0                    -1535.597895 -310192.08      -     -    3s
H    0     0                    -2234.308808 -310192.08      -     -    3s
H    0     0                    -3162.357585 -310192.08  9709%     -    3s
H    0     0                    -25306.10007 -310192.08  1126%     -    3s
H    0     0                    -26851.29292 -310192.08  1055%     -    3s
H    0     0                    -28329.18998 -310192.08   995%     -    3s
H    0     0                    -29445.76895 -310192.08   953%     -    3s
     0     0 -310192.08    0  442 -29445.769 -310192.08   953%     -    3s
     0     0 -306003.14    0  422 -29445.769 -306003.14   939%     -    3s
     0     0 -304709.44    0  425 -29445.769 -304709.44   935%     -    3s
     0     0 -304264.70    0  425 -29445.769 -304264.70   933%     -    3s
     0     0 -303901.25    0  428 -29445.769 -303901.25   932%     -    3s
     0     0 -303860.09    0  426 -29445.769 -303860.09   932%     -    3s
     0     0 -303851.31    0  427 -29445.769 -303851.31   932%     -    3s
H    0     0                    -38120.48381 -296217.25   677%     -    4s
     0     0 -296217.25    0  437 -38120.484 -296217.25   677%     -    4s
H    0     0                    -74471.38250 -296217.25   298%     -    4s
     0     0 -293947.55    0  433 -74471.383 -293947.55   295%     -    4s
     0     0 -293205.35    0  424 -74471.383 -293205.35   294%     -    5s
     0     0 -292936.61    0  430 -74471.383 -292936.61   293%     -    5s
     0     0 -292841.73    0  434 -74471.383 -292841.73   293%     -    5s
     0     0 -292780.49    0  435 -74471.383 -292780.49   293%     -    5s
     0     0 -292738.64    0  432 -74471.383 -292738.64   293%     -    5s
     0     0 -292733.95    0  433 -74471.383 -292733.95   293%     -    5s
     0     0 -289647.88    0  423 -74471.383 -289647.88   289%     -    6s
H    0     0                    -87243.68990 -289647.88   232%     -    8s
H    0     0                    -106620.1842 -289647.88   172%     -   15s
H    0     0                    -116092.9699 -289647.88   149%     -   18s
H    0     0                    -117453.9047 -289647.88   147%     -   20s
H    0     0                    -118428.9984 -289647.88   145%     -   20s
H    0     0                    -118655.7371 -289647.88   144%     -   21s
H    0     0                    -118742.4411 -289647.88   144%     -   21s
H    0     0                    -118977.3445 -289647.88   143%     -   22s
H    0     0                    -124362.6337 -289647.88   133%     -   22s
H    0     0                    -125248.6913 -289647.88   131%     -   22s
H    0     0                    -125534.3699 -289647.88   131%     -   23s
     0     2 -289647.88    0  423 -125534.37 -289647.88   131%     -   23s
     3     8 -183297.02    2  385 -125534.37 -273666.33   118%  2081   25s
    25    46 -134222.02    5  320 -125534.37 -243945.68  94.3%  1515   30s
   119   128 -176800.97    9  326 -125534.37 -243903.91  94.3%   988   35s
   222   216 -162844.89    9  321 -125534.37 -233508.92  86.0%   851   40s
   386   313 -175098.60   11  329 -125534.37 -230000.65  83.2%   704   46s
   517   414 -188019.29   11  347 -125534.37 -227553.68  81.3%   672   51s
   629   502 -153685.19    9  324 -125534.37 -227553.68  81.3%   669   56s
   774   604 -155553.34   13  297 -125534.37 -222576.28  77.3%   645   61s
   934   569     cutoff   17      -125534.37 -222576.28  77.3%   616   65s
  1053   661 -143995.66   16  251 -125534.37 -207359.03  65.2%   599   71s
  1201   728 -125560.57   11  320 -125534.37 -205367.06  63.6%   584   75s
  1344   759 -152622.66   10  312 -125534.37 -201510.91  60.5%   571   80s
  1499   847 -122660.79   15  261 -125534.37 -200038.33  59.3%   565   87s
  1544   875 -160766.57   16  240 -125534.37 -200038.33  59.3%   562   90s
  1830  1027 -137724.96   12  339 -125534.37 -193755.17  54.3%   551   97s
  1927  1079 -167483.34    9  333 -125534.37 -193755.17  54.3%   546  100s
  2178  1165 -125427.54   16  342 -125534.37 -190827.94  52.0%   533  107s
  2191  1201 -120686.44   17  326 -125534.37 -190827.94  52.0%   532  111s
  2297  1230     cutoff   16      -125534.37 -189454.86  50.9%   530  115s
  2466  1318     cutoff   13      -125534.37 -187539.52  49.4%   529  122s
  2564   831 -125534.37   23  423 -125534.37 -187539.52  49.4%   528  136s
  2576   839 -162592.83   14  413 -125534.37 -187539.52  49.4%   526  140s
  2587   846 -177372.09    8  414 -125534.37 -187539.52  49.4%   523  157s
  2590   853 -176983.75   16  390 -125534.37 -187539.52  49.4%   534  160s
H 2613   839                    -125854.7294 -187539.52  49.0%   546  164s
  2636   849 -118886.04   21  278 -125854.73 -187539.52  49.0%   551  165s
  2725   872 -187539.52   22  316 -125854.73 -187539.52  49.0%   559  170s
  2823   905 -165748.66   26  247 -125854.73 -187539.52  49.0%   565  175s
  2995   951 -167132.11   24  325 -125854.73 -187539.52  49.0%   565  180s
  3137   973 -163640.46   22  350 -125854.73 -187539.52  49.0%   565  185s
  3284  1014 -128593.09   27  312 -125854.73 -187539.52  49.0%   563  191s
  3433  1019 -136303.26   27  309 -125854.73 -187539.52  49.0%   560  195s
  3555  1045 -131686.24   28  321 -125854.73 -187539.52  49.0%   563  201s
  3627  1073 -162517.95   22  342 -125854.73 -187539.52  49.0%   564  206s
  3742  1078     cutoff   27      -125854.73 -187539.52  49.0%   564  210s
  3821  1078 -131962.03   25  355 -125854.73 -187539.52  49.0%   567  217s
  3899  1098 -144433.45   28  305 -125854.73 -187539.52  49.0%   568  223s
  3933  1120 -129559.97   30  257 -125854.73 -187539.52  49.0%   568  225s
  4128  1103 -133152.35   24  321 -125854.73 -187539.52  49.0%   564  230s

Cutting planes:
  Implied bound: 1683
  MIR: 187
  Flow cover: 116
  Zero half: 106
  RLT: 1
  Relax-and-lift: 56

Explored 4332 nodes (2455318 simplex iterations) in 232.35 seconds (301.29 work units)
Thread count was 10 (of 10 available processors)

Solution count 10: -125855 -125534 -125249 ... -118429

Work limit reached
Best objective -1.258547294309e+05, best bound -1.875395211378e+05, gap 49.0127%

User-callback calls 32380, time in user-callback 0.04 sec

================================================================================
PRICING SUBPROBLEM TYPE 2 (SF) - ITERATION 34
================================================================================
Timestamp: 2025-12-03T03:23:50.880
Problem size: 25 scenarios, 25 facilities, 50 customers
================================================================================

Gurobi 12.0.3 (mac64[arm]) logging started Wed Dec  3 03:23:50 2025

Set parameter LogFile to value "/Users/arnav/projects/Candidate-Selection-via-Stochastic-IP/CCG/logs/CG_SF_FL_cap91_K2_S25_pricing_20251203_030342.log"
Set parameter LogToConsole to value 0
Set parameter MIPFocus to value 1
Set parameter WorkLimit to value 300

Gurobi 12.0.3 (mac64[arm]) logging started Wed Dec  3 03:23:51 2025

Set parameter LogFile to value "/Users/arnav/projects/Candidate-Selection-via-Stochastic-IP/CCG/logs/CG_SF_FL_cap91_K2_S25_pricing_20251203_030342.log"
Gurobi Optimizer version 12.0.3 build v12.0.3rc0 (mac64[arm] - Darwin 24.6.0 24G84)

CPU model: Apple M4
Thread count: 10 physical cores, 10 logical processors, using up to 10 threads

Non-default parameters:
WorkLimit  300
MIPFocus  1
LogToConsole  0
PoolSearchMode  2

Optimize a model with 3750 rows, 33175 columns and 69996 nonzeros
Model fingerprint: 0x6fbccaa5
Variable types: 32500 continuous, 675 integer (675 binary)
Coefficient statistics:
  Matrix range     [1e+00, 2e+04]
  Objective range  [3e-01, 3e+05]
  Bounds range     [0e+00, 0e+00]
  RHS range        [1e+00, 1e+00]
Found heuristic solution: objective 150722.01368
Presolve removed 629 rows and 16354 columns
Presolve time: 0.04s
Presolved: 3121 rows, 16821 columns, 37292 nonzeros
Variable types: 16146 continuous, 675 integer (675 binary)

Root relaxation: objective -5.380886e+05, 3368 iterations, 0.13 seconds (0.22 work units)

    Nodes    |    Current Node    |     Objective Bounds      |     Work
 Expl Unexpl |  Obj  Depth IntInf | Incumbent    BestBd   Gap | It/Node Time

     0     0 -538088.62    0  517 150722.014 -538088.62   457%     -    0s
H    0     0                    117900.35892 -538088.62   556%     -    0s
H    0     0                    112313.20797 -538088.62   579%     -    0s
     0     0 -406070.30    0  458 112313.208 -406070.30   462%     -    0s
H    0     0                    87349.019058 -392846.07   550%     -    1s
H    0     0                    85681.770392 -392846.07   558%     -    1s
     0     0 -392846.07    0  447 85681.7704 -392846.07   558%     -    1s
     0     0 -389729.33    0  442 85681.7704 -389729.33   555%     -    1s
     0     0 -388691.61    0  442 85681.7704 -388691.61   554%     -    1s
     0     0 -388593.68    0  444 85681.7704 -388593.68   554%     -    1s
     0     0 -388592.40    0  444 85681.7704 -388592.40   554%     -    1s
     0     0 -357997.95    0  438 85681.7704 -357997.95   518%     -    1s
H    0     0                    75076.898850 -357997.95   577%     -    1s
H    0     0                    66475.023986 -357997.95   639%     -    1s
H    0     0                    64474.024739 -357997.95   655%     -    1s
H    0     0                    49901.934017 -357997.95   817%     -    1s
H    0     0                    -3150.769407 -350000.51      -     -    2s
     0     0 -350000.51    0  429 -3150.7694 -350000.51      -     -    2s
     0     0 -346449.93    0  435 -3150.7694 -346449.93      -     -    2s
     0     0 -345419.99    0  438 -3150.7694 -345419.99      -     -    2s
     0     0 -345253.82    0  438 -3150.7694 -345253.82      -     -    2s
     0     0 -345226.66    0  436 -3150.7694 -345226.66      -     -    2s
     0     0 -345225.98    0  436 -3150.7694 -345225.98      -     -    2s
H    0     0                    -9439.283543 -331248.98  3409%     -    2s
H    0     0                    -19077.70699 -331248.98  1636%     -    2s
     0     0 -331248.98    0  421 -19077.707 -331248.98  1636%     -    2s
     0     0 -327405.07    0  425 -19077.707 -327405.07  1616%     -    3s
H    0     0                    -25231.43363 -326049.10  1192%     -    3s
     0     0 -326049.10    0  433 -25231.434 -326049.10  1192%     -    3s
     0     0 -325213.76    0  431 -25231.434 -325213.76  1189%     -    3s
     0     0 -325085.45    0  433 -25231.434 -325085.45  1188%     -    3s
     0     0 -325011.69    0  429 -25231.434 -325011.69  1188%     -    3s
     0     0 -325008.69    0  432 -25231.434 -325008.69  1188%     -    3s
H    0     0                    -25353.55407 -317667.90  1153%     -    3s
     0     0 -317667.90    0  419 -25353.554 -317667.90  1153%     -    3s
H    0     0                    -40555.12668 -314991.89   677%     -    3s
     0     0 -314991.89    0  409 -40555.127 -314991.89   677%     -    3s
     0     0 -314424.12    0  415 -40555.127 -314424.12   675%     -    4s
     0     0 -314307.69    0  414 -40555.127 -314307.69   675%     -    4s
     0     0 -314191.01    0  410 -40555.127 -314191.01   675%     -    4s
     0     0 -314172.07    0  409 -40555.127 -314172.07   675%     -    4s
     0     0 -311799.11    0  400 -40555.127 -311799.11   669%     -    4s
H    0     0                    -53626.86977 -311799.11   481%     -    5s
H    0     0                    -64980.81648 -311799.11   380%     -    5s
H    0     0                    -91136.55220 -311799.11   242%     -    5s
H    0     0                    -91497.45276 -311799.11   241%     -    6s
H    0     0                    -125292.7337 -311799.11   149%     -   10s
H    0     0                    -127081.3263 -311799.11   145%     -   12s
H    0     0                    -131654.1435 -311799.11   137%     -   14s
     0     2 -311799.11    0  400 -131654.14 -311799.11   137%     -   16s
    15    26 -207527.72    4  333 -131654.14 -255635.84  94.2%  1810   20s
    81    92 -136529.37   10  316 -131654.14 -245932.34  86.8%  1205   25s
   242   256     cutoff   18      -131654.14 -243332.84  84.8%   687   30s
   342   331 -159624.70   12  346 -131654.14 -238314.10  81.0%   704   35s
   577   555 -148259.25   11  337 -131654.14 -224111.51  70.2%   584   40s
   697   554 -182403.08    8  352 -131654.14 -224111.51  70.2%   587   45s
   869   600 -147388.64   12  363 -131654.14 -216450.74  64.4%   583   50s
   985   659 -178635.47    9  316 -131654.14 -212979.11  61.8%   580   55s
  1138   753 -134125.86   10  242 -131654.14 -211254.28  60.5%   574   60s
  1292   879 -152508.39   10  339 -131654.14 -210843.54  60.1%   570   65s
  1482  1013 -116876.62   19  100 -131654.14 -207025.23  57.2%   561   71s
  1623  1066 -149362.17   11  329 -131654.14 -207025.23  57.2%   561   76s
  1729  1184 -146901.79   11  298 -131654.14 -207025.23  57.2%   558   80s
  1984  1327 -139491.47   11  304 -131654.14 -201621.73  53.1%   554   86s
  2053   803 -157388.67   15  400 -131654.14 -197356.32  49.9%   553  103s
  2059   807 -131654.14   14  430 -131654.14 -197356.32  49.9%   552  105s
  2074   817 -155121.53   11  392 -131654.14 -197356.32  49.9%   548  120s
  2099   855 -180583.12   19  305 -131654.14 -197356.32  49.9%   572  125s
  2253   915     cutoff   26      -131654.14 -197356.32  49.9%   586  130s
  2441   940 -195884.99   20  336 -131654.14 -197356.32  49.9%   584  135s
  2628  1027 -197356.32   22  307 -131654.14 -197356.32  49.9%   581  140s
  2789  1052     cutoff   29      -131654.14 -197356.32  49.9%   578  146s
  2889  1119 -127655.05   35   65 -131654.14 -197356.32  49.9%   578  150s
  3135  1081 -124843.22   26  235 -131654.14 -197356.32  49.9%   567  156s
  3310  1146 -173319.27   24  345 -131654.14 -197356.32  49.9%   565  161s
  3460  1211 -162723.54   23  302 -131654.14 -197356.32  49.9%   560  165s
  3778  1154     cutoff   23      -131654.14 -194735.15  47.9%   544  170s
  3925  1172     cutoff   27      -131654.14 -193436.64  46.9%   545  175s
  4215  1309 -156495.83   26  327 -131654.14 -189541.12  44.0%   541  181s
  4425  1375 -155079.84   25  309 -131654.14 -186709.44  41.8%   538  186s
  4597  1492 -136199.25   27  285 -131654.14 -184873.99  40.4%   535  191s
  4793  1585 -137906.38   27  289 -131654.14 -184686.25  40.3%   532  198s
  4879  1646 -135817.43   23  306 -131654.14 -183396.77  39.3%   531  201s
  5167  1778     cutoff   28      -131654.14 -180494.77  37.1%   526  208s
  5331  1839 -149857.89   24  304 -131654.14 -179599.37  36.4%   524  212s
  5448  1875 -130282.59   28  260 -131654.14 -178845.10  35.8%   521  215s
  5873  2109 -137347.23   28  194 -131654.14 -176357.01  34.0%   513  224s

Cutting planes:
  Implied bound: 1607
  MIR: 174
  Flow cover: 128
  Zero half: 64
  Relax-and-lift: 47

Explored 6094 nodes (3105700 simplex iterations) in 224.35 seconds (300.12 work units)
Thread count was 10 (of 10 available processors)

Solution count 10: -131654 -131584 -128463 ... -123820

Work limit reached
Best objective -1.316541434953e+05, best bound -1.747296504627e+05, gap 32.7187%

User-callback calls 33556, time in user-callback 0.05 sec

================================================================================
PRICING SUBPROBLEM TYPE 2 (SF) - ITERATION 35
================================================================================
Timestamp: 2025-12-03T03:27:45.121
Problem size: 25 scenarios, 25 facilities, 50 customers
================================================================================

Gurobi 12.0.3 (mac64[arm]) logging started Wed Dec  3 03:27:45 2025

Set parameter LogFile to value "/Users/arnav/projects/Candidate-Selection-via-Stochastic-IP/CCG/logs/CG_SF_FL_cap91_K2_S25_pricing_20251203_030342.log"
Set parameter LogToConsole to value 0
Set parameter MIPFocus to value 1
Set parameter WorkLimit to value 300

Gurobi 12.0.3 (mac64[arm]) logging started Wed Dec  3 03:27:45 2025

Set parameter LogFile to value "/Users/arnav/projects/Candidate-Selection-via-Stochastic-IP/CCG/logs/CG_SF_FL_cap91_K2_S25_pricing_20251203_030342.log"
Gurobi Optimizer version 12.0.3 build v12.0.3rc0 (mac64[arm] - Darwin 24.6.0 24G84)

CPU model: Apple M4
Thread count: 10 physical cores, 10 logical processors, using up to 10 threads

Non-default parameters:
WorkLimit  300
MIPFocus  1
LogToConsole  0
PoolSearchMode  2

Optimize a model with 3750 rows, 33175 columns and 69996 nonzeros
Model fingerprint: 0xaa8ee23f
Variable types: 32500 continuous, 675 integer (675 binary)
Coefficient statistics:
  Matrix range     [1e+00, 2e+04]
  Objective range  [3e-01, 3e+05]
  Bounds range     [0e+00, 0e+00]
  RHS range        [1e+00, 1e+00]
Found heuristic solution: objective 164839.73179
Presolve removed 629 rows and 16354 columns
Presolve time: 0.05s
Presolved: 3121 rows, 16821 columns, 37292 nonzeros
Variable types: 16146 continuous, 675 integer (675 binary)

Root relaxation: objective -5.689356e+05, 3126 iterations, 0.10 seconds (0.15 work units)

    Nodes    |    Current Node    |     Objective Bounds      |     Work
 Expl Unexpl |  Obj  Depth IntInf | Incumbent    BestBd   Gap | It/Node Time

     0     0 -568935.62    0  483 164839.732 -568935.62   445%     -    0s
H    0     0                    153377.69129 -568935.62   471%     -    0s
H    0     0                    69044.181379 -568935.62   924%     -    0s
H    0     0                    68263.268686 -568935.62   933%     -    0s
H    0     0                    63382.833092 -568935.62   998%     -    0s
H    0     0                    -138034.6504 -451848.42   227%     -    0s
     0     0 -447727.66    0  434 -138034.65 -447727.66   224%     -    0s
     0     0 -438982.35    0  421 -138034.65 -438982.35   218%     -    1s
     0     0 -436443.05    0  421 -138034.65 -436443.05   216%     -    1s
     0     0 -436201.31    0  419 -138034.65 -436201.31   216%     -    1s
     0     0 -436201.07    0  420 -138034.65 -436201.07   216%     -    1s
H    0     0                    -173211.8510 -408742.80   136%     -    1s
     0     0 -408742.80    0  413 -173211.85 -408742.80   136%     -    1s
     0     0 -400361.20    0  406 -173211.85 -400361.20   131%     -    1s
     0     0 -397234.63    0  410 -173211.85 -397234.63   129%     -    2s
     0     0 -396326.36    0  409 -173211.85 -396326.36   129%     -    2s
     0     0 -396126.23    0  410 -173211.85 -396126.23   129%     -    2s
     0     0 -396094.73    0  411 -173211.85 -396094.73   129%     -    2s
     0     0 -396094.22    0  411 -173211.85 -396094.22   129%     -    2s
     0     0 -383277.51    0  402 -173211.85 -383277.51   121%     -    3s
     0     0 -380455.70    0  398 -173211.85 -380455.70   120%     -    3s
     0     0 -379134.34    0  395 -173211.85 -379134.34   119%     -    3s
     0     0 -378972.50    0  399 -173211.85 -378972.50   119%     -    3s
     0     0 -378845.47    0  398 -173211.85 -378845.47   119%     -    3s
     0     0 -378792.80    0  397 -173211.85 -378792.80   119%     -    3s
     0     0 -378758.25    0  399 -173211.85 -378758.25   119%     -    3s
     0     0 -378758.15    0  399 -173211.85 -378758.15   119%     -    3s
     0     0 -375308.23    0  388 -173211.85 -375308.23   117%     -    4s
     0     0 -374405.70    0  374 -173211.85 -374405.70   116%     -    4s
H    0     0                    -204275.1796 -373974.75  83.1%     -    4s
H    0     0                    -205647.3597 -373974.75  81.9%     -    4s
H    0     0                    -207803.6200 -373974.75  80.0%     -    4s
     0     0 -373974.75    0  372 -207803.62 -373974.75  80.0%     -    4s
     0     0 -373706.58    0  369 -207803.62 -373706.58  79.8%     -    4s
     0     0 -373639.40    0  372 -207803.62 -373639.40  79.8%     -    4s
     0     0 -373615.28    0  369 -207803.62 -373615.28  79.8%     -    4s
     0     0 -373610.67    0  371 -207803.62 -373610.67  79.8%     -    4s
H    0     0                    -212335.0316 -373610.67  76.0%     -    4s
     0     0 -371591.37    0  355 -212335.03 -371591.37  75.0%     -    5s
H    0     0                    -233940.1471 -371591.37  58.8%     -    5s
H    0     0                    -253075.3923 -371591.37  46.8%     -    6s
H    0     0                    -253346.5285 -371591.37  46.7%     -    7s
H    0     0                    -266153.2736 -371591.37  39.6%     -    9s
H    0     0                    -272485.0220 -371591.37  36.4%     -    9s
H    0     0                    -273921.2023 -371591.37  35.7%     -    9s
H    0     0                    -275374.6093 -371591.37  34.9%     -    9s
H    0     0                    -280091.3173 -371591.37  32.7%     -    9s
     0     2 -371591.37    0  355 -280091.32 -371591.37  32.7%     -   10s
    95   108     cutoff    9      -280091.32 -325115.01  16.1%   945   15s
   415   366 -301474.35   10  331 -280091.32 -311902.92  11.4%   418   20s
H  501   416                    -282401.1151 -311902.92  10.4%   373   22s
   894   549 -279945.12   24   55 -282401.12 -290327.37  2.81%   264   25s

Optimal solution found at node 1340 - now completing solution pool...

    Nodes    |    Current Node    |      Pool Obj. Bounds     |     Work
             |                    |   Worst                   |
 Expl Unexpl |  Obj  Depth IntInf | Incumbent    BestBd   Gap | It/Node Time

  1340   310     cutoff   17      -278584.03 -281112.98  0.91%   203   26s

Cutting planes:
  Implied bound: 1467
  MIR: 129
  Flow cover: 177
  Zero half: 56
  RLT: 2
  Relax-and-lift: 97

Explored 1831 nodes (289162 simplex iterations) in 26.94 seconds (40.12 work units)
Thread count was 10 (of 10 available processors)

Solution count 10: -282401 -281113 -280091 ... -278628
No other solutions better than -278628

Optimal solution found (tolerance 1.00e-04)
Best objective -2.824011150922e+05, best bound -2.824011150922e+05, gap 0.0000%

User-callback calls 8187, time in user-callback 0.01 sec

================================================================================
PRICING SUBPROBLEM TYPE 2 (SF) - ITERATION 36
================================================================================
Timestamp: 2025-12-03T03:28:20.411
Problem size: 25 scenarios, 25 facilities, 50 customers
================================================================================

Gurobi 12.0.3 (mac64[arm]) logging started Wed Dec  3 03:28:20 2025

Set parameter LogFile to value "/Users/arnav/projects/Candidate-Selection-via-Stochastic-IP/CCG/logs/CG_SF_FL_cap91_K2_S25_pricing_20251203_030342.log"
Set parameter LogToConsole to value 0
Set parameter MIPFocus to value 1
Set parameter WorkLimit to value 300

Gurobi 12.0.3 (mac64[arm]) logging started Wed Dec  3 03:28:20 2025

Set parameter LogFile to value "/Users/arnav/projects/Candidate-Selection-via-Stochastic-IP/CCG/logs/CG_SF_FL_cap91_K2_S25_pricing_20251203_030342.log"
Gurobi Optimizer version 12.0.3 build v12.0.3rc0 (mac64[arm] - Darwin 24.6.0 24G84)

CPU model: Apple M4
Thread count: 10 physical cores, 10 logical processors, using up to 10 threads

Non-default parameters:
WorkLimit  300
MIPFocus  1
LogToConsole  0
PoolSearchMode  2

Optimize a model with 3750 rows, 33175 columns and 69996 nonzeros
Model fingerprint: 0x9123dd26
Variable types: 32500 continuous, 675 integer (675 binary)
Coefficient statistics:
  Matrix range     [1e+00, 2e+04]
  Objective range  [3e-01, 3e+05]
  Bounds range     [0e+00, 0e+00]
  RHS range        [1e+00, 1e+00]
Found heuristic solution: objective 124314.31439
Presolve removed 629 rows and 16354 columns
Presolve time: 0.08s
Presolved: 3121 rows, 16821 columns, 37292 nonzeros
Variable types: 16146 continuous, 675 integer (675 binary)

Root relaxation: objective -5.147435e+05, 3109 iterations, 0.17 seconds (0.16 work units)

    Nodes    |    Current Node    |     Objective Bounds      |     Work
 Expl Unexpl |  Obj  Depth IntInf | Incumbent    BestBd   Gap | It/Node Time

     0     0 -514743.53    0  528 124314.314 -514743.53   514%     -    0s
H    0     0                    119445.71083 -514743.53   531%     -    0s
     0     0 -389812.84    0  463 119445.711 -389812.84   426%     -    1s
H    0     0                    76010.540498 -375907.93   595%     -    1s
     0     0 -375907.93    0  451 76010.5405 -375907.93   595%     -    1s
     0     0 -374281.53    0  451 76010.5405 -374281.53   592%     -    1s
     0     0 -373516.14    0  449 76010.5405 -373516.14   591%     -    1s
     0     0 -373320.99    0  447 76010.5405 -373320.99   591%     -    2s
     0     0 -373319.69    0  447 76010.5405 -373319.69   591%     -    2s
     0     0 -342939.37    0  436 76010.5405 -342939.37   551%     -    2s
H    0     0                    51164.907658 -342939.37   770%     -    3s
     0     0 -332995.49    0  430 51164.9077 -332995.49   751%     -    3s
     0     0 -329765.04    0  430 51164.9077 -329765.04   745%     -    3s
     0     0 -328783.10    0  427 51164.9077 -328783.10   743%     -    3s
H    0     0                    30721.506257 -328494.23  1169%     -    3s
     0     0 -328494.23    0  429 30721.5063 -328494.23  1169%     -    3s
     0     0 -328365.24    0  427 30721.5063 -328365.24  1169%     -    3s
     0     0 -328345.30    0  427 30721.5063 -328345.30  1169%     -    3s
     0     0 -328257.09    0  422 30721.5063 -328257.09  1168%     -    4s
     0     0 -328256.96    0  422 30721.5063 -328256.96  1168%     -    4s
H    0     0                    -28045.76878 -328256.96  1070%     -    4s
     0     0 -314671.52    0  407 -28045.769 -314671.52  1022%     -    4s
     0     0 -311900.64    0  402 -28045.769 -311900.64  1012%     -    4s
     0     0 -310770.88    0  405 -28045.769 -310770.88  1008%     -    5s
     0     0 -310378.08    0  409 -28045.769 -310378.08  1007%     -    5s
     0     0 -305985.65    0  408 -28045.769 -305985.65   991%     -    5s
     0     0 -305985.65    0  409 -28045.769 -305985.65   991%     -    5s
     0     0 -305985.65    0  412 -28045.769 -305985.65   991%     -    5s
     0     0 -305985.65    0  407 -28045.769 -305985.65   991%     -    5s
     0     0 -304763.44    0  400 -28045.769 -304763.44   987%     -    5s
H    0     0                    -35891.21894 -304763.44   749%     -    6s
H    0     0                    -46467.18107 -303194.96   552%     -    6s
H    0     0                    -55603.54326 -303194.96   445%     -    6s
H    0     0                    -57429.95742 -303194.96   428%     -    6s
H    0     0                    -71811.54248 -303194.96   322%     -    6s
H    0     0                    -84466.36422 -303194.96   259%     -    6s
     0     0 -303194.96    0  404 -84466.364 -303194.96   259%     -    6s
     0     0 -302711.59    0  399 -84466.364 -302711.59   258%     -    6s
     0     0 -302588.07    0  396 -84466.364 -302588.07   258%     -    6s
     0     0 -302496.67    0  402 -84466.364 -302496.67   258%     -    6s
     0     0 -302473.58    0  401 -84466.364 -302473.58   258%     -    6s
     0     0 -302463.74    0  398 -84466.364 -302463.74   258%     -    6s
     0     0 -297390.82    0  385 -84466.364 -297390.82   252%     -    7s
H    0     0                    -98494.03320 -297390.82   202%     -   13s
H    0     0                    -123293.4458 -297390.82   141%     -   18s
H    0     0                    -131831.2543 -297390.82   126%     -   19s
     0     2 -297390.82    0  385 -131831.25 -297390.82   126%     -   23s
     3     8 -219010.78    2  355 -131831.25 -286606.06   117%  1938   25s
    44    62 -179905.29    6  291 -131831.25 -249623.29  89.4%  1540   31s
   100   109 -131347.12   12  291 -131831.25 -248975.65  88.9%  1111   35s
H  190   191                    -133836.2546 -237539.72  77.5%   799   38s
   216   225 -226335.09    5  326 -133836.25 -237539.72  77.5%   752   40s
   399   394 -204443.53    9  289 -133836.25 -221003.31  65.1%   587   46s
H  537   494                    -134485.5471 -215763.76  60.4%   543   49s
   544   527 -131113.35   21  138 -134485.55 -213261.22  58.6%   543   50s
   798   562 -163621.14    9  259 -134485.55 -209135.76  55.5%   475   56s
   983   602 -127619.58   18  190 -134485.55 -209135.76  55.5%   471   62s
  1124   623     cutoff   14      -134485.55 -201576.18  49.9%   458   66s
  1447   789     cutoff   14      -134485.55 -198335.36  47.5%   438   70s
  1726   818 -149623.15   10  296 -134485.55 -193956.83  44.2%   435   75s
  2238   964     cutoff   14      -134485.55 -186486.07  38.7%   423   81s
  2485  1021 -132051.28   12  256 -134485.55 -185155.83  37.7%   422   85s
  2893  1120     cutoff   13      -134485.55 -180994.89  34.6%   418   90s
  3220  1190 -136856.76   14  239 -134485.55 -178522.31  32.7%   414   96s
  3557  1266 -132109.24   16  232 -134485.55 -174994.18  30.1%   411  101s
  3917  1320     cutoff   15      -134485.55 -172821.98  28.5%   409  105s
  4226  1334 -148672.87    9  280 -134485.55 -171076.80  27.2%   409  111s
  4450  1378 -130173.94   10  301 -134485.55 -169920.78  26.3%   408  116s
  4876  1404     cutoff   13      -134485.55 -167281.93  24.4%   406  121s
  5338  1423 -146358.34   12  338 -134485.55 -163863.04  21.8%   405  127s
  5526  1424 -130174.15   15  176 -134485.55 -162690.50  21.0%   405  130s
  6021  1396 -137769.07   14  241 -134485.55 -158514.47  17.9%   405  139s
  6266  1293     cutoff   15      -134485.55 -156664.15  16.5%   405  144s
  6541  1139 -130503.63   20  125 -134485.55 -152766.49  13.6%   405  148s
  6906   783     cutoff   14      -134485.55 -146154.60  8.68%   401  152s

Optimal solution found at node 8199 - now completing solution pool...

    Nodes    |    Current Node    |      Pool Obj. Bounds     |     Work
             |                    |   Worst                   |
 Expl Unexpl |  Obj  Depth IntInf | Incumbent    BestBd   Gap | It/Node Time

  8199     0     cutoff   17      -131917.95 -133385.05  1.11%   352  153s

Cutting planes:
  Gomory: 1
  Implied bound: 1553
  MIR: 152
  Flow cover: 195
  Zero half: 60
  RLT: 4
  Relax-and-lift: 98

Explored 8609 nodes (2905204 simplex iterations) in 153.19 seconds (218.30 work units)
Thread count was 10 (of 10 available processors)

Solution count 10: -134486 -133836 -133688 ... -131918
No other solutions better than -131918

Optimal solution found (tolerance 1.00e-04)
Best objective -1.344855470726e+05, best bound -1.344855470726e+05, gap 0.0000%

User-callback calls 31651, time in user-callback 0.04 sec

================================================================================
PRICING SUBPROBLEM TYPE 2 (SF) - ITERATION 37
================================================================================
Timestamp: 2025-12-03T03:31:01.592
Problem size: 25 scenarios, 25 facilities, 50 customers
================================================================================

Gurobi 12.0.3 (mac64[arm]) logging started Wed Dec  3 03:31:01 2025

Set parameter LogFile to value "/Users/arnav/projects/Candidate-Selection-via-Stochastic-IP/CCG/logs/CG_SF_FL_cap91_K2_S25_pricing_20251203_030342.log"
Set parameter LogToConsole to value 0
Set parameter MIPFocus to value 1
Set parameter WorkLimit to value 300

Gurobi 12.0.3 (mac64[arm]) logging started Wed Dec  3 03:31:01 2025

Set parameter LogFile to value "/Users/arnav/projects/Candidate-Selection-via-Stochastic-IP/CCG/logs/CG_SF_FL_cap91_K2_S25_pricing_20251203_030342.log"
Gurobi Optimizer version 12.0.3 build v12.0.3rc0 (mac64[arm] - Darwin 24.6.0 24G84)

CPU model: Apple M4
Thread count: 10 physical cores, 10 logical processors, using up to 10 threads

Non-default parameters:
WorkLimit  300
MIPFocus  1
LogToConsole  0
PoolSearchMode  2

Optimize a model with 3750 rows, 33175 columns and 69996 nonzeros
Model fingerprint: 0x43a89031
Variable types: 32500 continuous, 675 integer (675 binary)
Coefficient statistics:
  Matrix range     [1e+00, 2e+04]
  Objective range  [3e-01, 3e+05]
  Bounds range     [0e+00, 0e+00]
  RHS range        [1e+00, 1e+00]
Found heuristic solution: objective 90663.133705
Presolve removed 629 rows and 16354 columns
Presolve time: 0.08s
Presolved: 3121 rows, 16821 columns, 37292 nonzeros
Variable types: 16146 continuous, 675 integer (675 binary)

Root relaxation: objective -5.122278e+05, 3077 iterations, 0.15 seconds (0.16 work units)

    Nodes    |    Current Node    |     Objective Bounds      |     Work
 Expl Unexpl |  Obj  Depth IntInf | Incumbent    BestBd   Gap | It/Node Time

     0     0 -512227.84    0  512 90663.1337 -512227.84   665%     -    0s
H    0     0                    56945.985243 -512227.84   999%     -    0s
H    0     0                    52175.513508 -376697.77   822%     -    1s
H    0     0                    50536.775692 -376697.77   845%     -    1s
H    0     0                    21488.486887 -376697.77  1853%     -    1s
     0     0 -375133.67    0  492 21488.4869 -375133.67  1846%     -    1s
     0     0 -365495.51    0  483 21488.4869 -365495.51  1801%     -    1s
     0     0 -363052.01    0  480 21488.4869 -363052.01  1790%     -    2s
     0     0 -362455.36    0  479 21488.4869 -362455.36  1787%     -    2s
     0     0 -362344.46    0  479 21488.4869 -362344.46  1786%     -    2s
     0     0 -362268.25    0  480 21488.4869 -362268.25  1786%     -    2s
     0     0 -330716.72    0  457 21488.4869 -330716.72  1639%     -    2s
H    0     0                    -1081.276811 -330716.72      -     -    2s
     0     0 -323448.88    0  450 -1081.2768 -323448.88      -     -    3s
     0     0 -321722.68    0  453 -1081.2768 -321722.68      -     -    3s
     0     0 -320929.92    0  451 -1081.2768 -320929.92      -     -    3s
     0     0 -320439.32    0  452 -1081.2768 -320439.32      -     -    3s
     0     0 -320359.25    0  450 -1081.2768 -320359.25      -     -    3s
     0     0 -320326.56    0  450 -1081.2768 -320326.56      -     -    3s
     0     0 -320325.89    0  451 -1081.2768 -320325.89      -     -    3s
     0     0 -306332.36    0  436 -1081.2768 -306332.36      -     -    4s
     0     0 -302413.66    0  430 -1081.2768 -302413.66      -     -    4s
H    0     0                    -30652.54166 -300597.76   881%     -    4s
     0     0 -300597.76    0  430 -30652.542 -300597.76   881%     -    4s
     0     0 -299849.87    0  432 -30652.542 -299849.87   878%     -    4s
     0     0 -299708.68    0  427 -30652.542 -299708.68   878%     -    5s
     0     0 -299683.00    0  430 -30652.542 -299683.00   878%     -    5s
     0     0 -299644.33    0  429 -30652.542 -299644.33   878%     -    5s
     0     0 -299641.64    0  429 -30652.542 -299641.64   878%     -    5s
     0     0 -293671.60    0  419 -30652.542 -293671.60   858%     -    5s
H    0     0                    -35937.13059 -293671.60   717%     -    5s
     0     0 -292152.77    0  416 -35937.131 -292152.77   713%     -    6s
     0     0 -291366.75    0  413 -35937.131 -291366.75   711%     -    6s
     0     0 -291027.50    0  417 -35937.131 -291027.50   710%     -    6s
     0     0 -290844.56    0  415 -35937.131 -290844.56   709%     -    6s
     0     0 -290835.58    0  413 -35937.131 -290835.58   709%     -    6s
     0     0 -287419.20    0  405 -35937.131 -287419.20   700%     -    7s
H    0     0                    -66740.27838 -287419.20   331%     -    9s
H    0     0                    -74983.79273 -287419.20   283%     -   10s
H    0     0                    -76966.85158 -287419.20   273%     -   10s
H    0     0                    -77168.58979 -287419.20   272%     -   15s
H    0     0                    -82368.17709 -287419.20   249%     -   16s
H    0     0                    -88163.62065 -287419.20   226%     -   17s
H    0     0                    -103721.8879 -287419.20   177%     -   21s
H    0     0                    -104597.9517 -287419.20   175%     -   22s
H    0     0                    -119676.3334 -287419.20   140%     -   23s
     0     2 -287419.20    0  405 -119676.33 -287419.20   140%     -   23s
     3     8 -230808.28    2  384 -119676.33 -277050.81   132%  1699   25s
    44    59 -185431.77    7  279 -119676.33 -229113.14  91.4%  1632   31s
   109   132 -150067.94   13  262 -119676.33 -226192.82  89.0%  1151   35s
H  256   252                    -119676.3334 -217753.94  82.0%   794   39s
   274   277 -169234.19   10  324 -119676.33 -217753.94  82.0%   777   40s
   457   436 -176169.12    7  327 -119676.33 -206952.07  72.9%   638   45s
   668   563     cutoff   15      -119676.33 -196986.69  64.6%   592   50s
   943   644 -103002.28   13  288 -119676.33 -191391.14  59.9%   546   55s
  1121   759 -168970.21    9  266 -119676.33 -190851.65  59.5%   531   60s
  1365   893 -166765.42    9  309 -119676.33 -186040.57  55.5%   519   67s
H 1382   874                    -120754.4553 -186040.57  54.1%   517   67s
  1443   957 -140027.42   12  273 -120754.46 -183947.13  52.3%   512   70s
  1597  1026 -148806.88    8  277 -120754.46 -181598.02  50.4%   505   75s
  1849  1186     cutoff   15      -120754.46 -177801.28  47.2%   497   81s
  2066  1307 -124020.54   14  271 -120754.46 -175124.12  45.0%   494   86s
  2294   867 -120754.46   15  405 -120754.46 -173595.40  43.8%   491  107s
  2299   870 -120754.46   13  456 -120754.46 -173595.40  43.8%   490  110s
  2311   878 -138355.63   13  400 -120754.46 -173595.40  43.8%   487  115s
  2316   882 -167465.00   10  396 -120754.46 -173595.40  43.8%   486  137s
  2319   889 -173595.40   16  387 -120754.46 -173595.40  43.8%   495  141s
  2341   920 -173595.40   19  328 -120754.46 -173595.40  43.8%   507  146s
  2421   956 -165576.72   24  242 -120754.46 -173595.40  43.8%   524  150s
  2562  1025 -154335.81   24  280 -120754.46 -173595.40  43.8%   532  155s
  2799  1095 -123175.08   26  271 -120754.46 -173595.40  43.8%   534  161s
  2957  1152 -117290.43   25  251 -120754.46 -173595.40  43.8%   537  165s
  3222  1208 -163633.15   22  321 -120754.46 -173595.40  43.8%   537  170s
  3487  1305 -106117.34   31  190 -120754.46 -173595.40  43.8%   534  175s
  3751  1393 -134549.43   26  263 -120754.46 -173595.40  43.8%   537  181s
  3866  1420 -117941.80   26  304 -120754.46 -173595.40  43.8%   537  185s
  4004  1461     cutoff   32      -120754.46 -173595.40  43.8%   534  191s
  4243  1503 -113008.00   28  272 -120754.46 -173595.40  43.8%   533  196s
  4546  1598     cutoff   29      -120754.46 -171619.19  42.1%   534  201s
  4789  1636 -130474.68   23  288 -120754.46 -168283.64  39.4%   534  206s
  4918  1722 -137072.28   27  239 -120754.46 -167881.98  39.0%   533  210s
  5072  1839 -111751.07   25  322 -120754.46 -166171.15  37.6%   527  215s

Cutting planes:
  Implied bound: 1627
  MIR: 181
  Flow cover: 116
  Zero half: 84
  RLT: 2
  Relax-and-lift: 59

Explored 5452 nodes (2855952 simplex iterations) in 219.47 seconds (300.79 work units)
Thread count was 10 (of 10 available processors)

Solution count 10: -120754 -119676 -119676 ... -104598

Work limit reached
Best objective -1.207544553154e+05, best bound -1.648696695940e+05, gap 36.5330%

User-callback calls 37931, time in user-callback 0.05 sec

================================================================================
PRICING SUBPROBLEM TYPE 2 (SF) - ITERATION 38
================================================================================
Timestamp: 2025-12-03T03:34:49.587
Problem size: 25 scenarios, 25 facilities, 50 customers
================================================================================

Gurobi 12.0.3 (mac64[arm]) logging started Wed Dec  3 03:34:49 2025

Set parameter LogFile to value "/Users/arnav/projects/Candidate-Selection-via-Stochastic-IP/CCG/logs/CG_SF_FL_cap91_K2_S25_pricing_20251203_030342.log"
Set parameter LogToConsole to value 0
Set parameter MIPFocus to value 1
Set parameter WorkLimit to value 300

Gurobi 12.0.3 (mac64[arm]) logging started Wed Dec  3 03:34:49 2025

Set parameter LogFile to value "/Users/arnav/projects/Candidate-Selection-via-Stochastic-IP/CCG/logs/CG_SF_FL_cap91_K2_S25_pricing_20251203_030342.log"
Gurobi Optimizer version 12.0.3 build v12.0.3rc0 (mac64[arm] - Darwin 24.6.0 24G84)

CPU model: Apple M4
Thread count: 10 physical cores, 10 logical processors, using up to 10 threads

Non-default parameters:
WorkLimit  300
MIPFocus  1
LogToConsole  0
PoolSearchMode  2

Optimize a model with 3750 rows, 33175 columns and 69996 nonzeros
Model fingerprint: 0x51b652d5
Variable types: 32500 continuous, 675 integer (675 binary)
Coefficient statistics:
  Matrix range     [1e+00, 2e+04]
  Objective range  [3e-01, 3e+05]
  Bounds range     [0e+00, 0e+00]
  RHS range        [1e+00, 1e+00]
Found heuristic solution: objective 152565.91368
Presolve removed 629 rows and 16354 columns
Presolve time: 0.05s
Presolved: 3121 rows, 16821 columns, 37292 nonzeros
Variable types: 16146 continuous, 675 integer (675 binary)

Root relaxation: objective -4.880295e+05, 3297 iterations, 0.12 seconds (0.18 work units)

    Nodes    |    Current Node    |     Objective Bounds      |     Work
 Expl Unexpl |  Obj  Depth IntInf | Incumbent    BestBd   Gap | It/Node Time

     0     0 -488029.46    0  556 152565.914 -488029.46   420%     -    0s
H    0     0                    150261.15544 -488029.46   425%     -    1s
H    0     0                    142718.91632 -488029.46   442%     -    1s
H    0     0                    142063.53636 -488029.46   444%     -    1s
H    0     0                    72737.888346 -346966.01   577%     -    1s
     0     0 -346966.01    0  520 72737.8883 -346966.01   577%     -    1s
     0     0 -334093.14    0  509 72737.8883 -334093.14   559%     -    2s
     0     0 -333779.16    0  510 72737.8883 -333779.16   559%     -    2s
H    0     0                    41884.038243 -333033.17   895%     -    2s
H    0     0                    13699.919915 -333033.17  2531%     -    2s
     0     0 -333033.17    0  511 13699.9199 -333033.17  2531%     -    2s
     0     0 -332940.76    0  511 13699.9199 -332940.76  2530%     -    2s
     0     0 -332934.35    0  511 13699.9199 -332934.35  2530%     -    2s
     0     0 -298314.84    0  507 13699.9199 -298314.84  2277%     -    3s
H    0     0                    9540.7442867 -298314.84  3227%     -    3s
     0     0 -288858.62    0  499 9540.74429 -288858.62  3128%     -    4s
     0     0 -286540.75    0  501 9540.74429 -286540.75  3103%     -    4s
     0     0 -285933.36    0  502 9540.74429 -285933.36  3097%     -    4s
     0     0 -285801.40    0  496 9540.74429 -285801.40  3096%     -    4s
     0     0 -285792.44    0  498 9540.74429 -285792.44  3095%     -    4s
     0     0 -271298.01    0  473 9540.74429 -271298.01  2944%     -    5s
H    0     0                    9147.7011914 -271298.01  3066%     -    5s
H    0     0                    7928.6699146 -266103.31  3456%     -    5s
H    0     0                    7315.9644352 -266103.31  3737%     -    5s
H    0     0                    6437.3327380 -266103.31  4234%     -    5s
     0     0 -266103.31    0  481 6437.33274 -266103.31  4234%     -    5s
     0     0 -264847.18    0  476 6437.33274 -264847.18  4214%     -    6s
     0     0 -264125.13    0  477 6437.33274 -264125.13  4203%     -    6s
     0     0 -263907.39    0  477 6437.33274 -263907.39  4200%     -    6s
     0     0 -263819.96    0  482 6437.33274 -263819.96  4198%     -    6s
     0     0 -263779.78    0  480 6437.33274 -263779.78  4198%     -    6s
     0     0 -263732.65    0  477 6437.33274 -263732.65  4197%     -    6s
     0     0 -263724.94    0  479 6437.33274 -263724.94  4197%     -    6s
H    0     0                    -819.0166643 -263724.94      -     -    6s
     0     0 -254032.39    0  461 -819.01666 -254032.39      -     -    7s
H    0     0                    -27361.38975 -254032.39   828%     -    7s
     0     0 -252534.28    0  454 -27361.390 -252534.28   823%     -    8s
     0     0 -251656.29    0  446 -27361.390 -251656.29   820%     -    8s
     0     0 -251519.98    0  445 -27361.390 -251519.98   819%     -    8s
     0     0 -251468.52    0  448 -27361.390 -251468.52   819%     -    8s
     0     0 -251434.49    0  444 -27361.390 -251434.49   819%     -    8s
     0     0 -251434.21    0  443 -27361.390 -251434.21   819%     -    8s
     0     0 -246531.21    0  431 -27361.390 -246531.21   801%     -   10s
H    0     0                    -34067.46997 -246531.21   624%     -   19s
H    0     0                    -37892.87384 -246531.21   551%     -   22s
H    0     0                    -38249.37204 -246531.21   545%     -   23s
H    0     0                    -44878.74853 -246531.21   449%     -   23s
H    0     0                    -46315.26074 -246531.21   432%     -   26s
H    0     0                    -51392.62301 -246531.21   380%     -   29s
     0     2 -246531.21    0  431 -51392.623 -246531.21   380%     -   29s
     1     4 -231616.65    1  417 -51392.623 -246517.98   380%  1376   30s
    15    26 -126005.83    4  368 -51392.623 -210984.41   311%  1941   35s
H   28    44                    -52268.68683 -205359.21   293%  1696   36s
H   61    80                    -53144.75064 -205315.31   286%  1536   38s
   100   109 -71254.356   13  262 -53144.751 -199924.89   276%  1266   41s
   198   202 -20575.549   24  131 -53144.751 -198641.89   274%   988   45s
   396   383 -112976.10   11  356 -53144.751 -184920.41   248%   787   50s
   596   554 -133827.33    8  344 -53144.751 -172420.71   224%   693   55s
H  681   574                    -54725.64943 -168356.48   208%   687   56s
   739   579 -76957.339   12  291 -54725.649 -167421.28   206%   681   60s
H  849   595                    -57246.43709 -165439.79   189%   665   62s
   916   676 -59214.371   16  301 -57246.437 -164997.12   188%   665   65s
  1174   822 -120574.40   10  295 -57246.437 -161328.58   182%   627   71s
  1276   908 -88368.389   14  226 -57246.437 -160167.08   180%   623   75s
  1399   956 -84431.093   11  323 -57246.437 -160167.08   180%   618   81s
  1523  1053 -113078.76   10  322 -57246.437 -155299.63   171%   611   86s
  1673  1133 -133389.85    9  340 -57246.437 -149432.64   161%   607   91s
  1821  1270     cutoff   19      -57246.437 -148989.14   160%   599   95s
  2007  1400 -88698.046   13  264 -57246.437 -148432.19   159%   598  101s
  2124   883 -134901.64    8  431 -57246.437 -148432.19   159%   592  124s
  2126   884 -106079.13   12  556 -57246.437 -148432.19   159%   591  125s
  2131   888 -85009.282   10  476 -57246.437 -148432.19   159%   590  130s
  2142   895 -57246.437   17  420 -57246.437 -148432.19   159%   587  135s
  2147   898 -85370.629   15  418 -57246.437 -148432.19   159%   585  140s
  2148   899 -139617.01   10  418 -57246.437 -148432.19   159%   585  158s
  2155   913 -137594.54   17  387 -57246.437 -148432.19   159%   603  160s
  2229   969 -95858.415   22  286 -57246.437 -148432.19   159%   628  165s
  2341  1026     cutoff   28      -57246.437 -148432.19   159%   635  170s
  2467  1049 -127561.25   22  362 -57246.437 -148432.19   159%   640  175s
  2593  1097 -148432.19   20  371 -57246.437 -148432.19   159%   642  180s
  2725  1144 -84676.371   28  308 -57246.437 -148432.19   159%   645  185s
  2880  1182 -114196.51   25  338 -57246.437 -148432.19   159%   642  190s
  3020  1200 -130639.31   24  327 -57246.437 -148432.19   159%   642  197s
  3083  1286 -67303.728   33  226 -57246.437 -148432.19   159%   642  201s
  3262  1255 -85911.605   31  251 -57246.437 -148432.19   159%   635  207s

Cutting planes:
  Gomory: 1
  Implied bound: 1902
  MIR: 201
  Flow cover: 123
  Zero half: 124
  RLT: 1
  Relax-and-lift: 57

Explored 3355 nodes (2148059 simplex iterations) in 208.51 seconds (300.69 work units)
Thread count was 10 (of 10 available processors)

Solution count 10: -57246.4 -54725.6 -53144.8 ... -47792.8

Work limit reached
Best objective -5.724643709214e+04, best bound -1.484321906077e+05, gap 159.2863%

User-callback calls 34866, time in user-callback 0.06 sec

================================================================================
PRICING SUBPROBLEM TYPE 2 (SF) - ITERATION 39
================================================================================
Timestamp: 2025-12-03T03:38:24.824
Problem size: 25 scenarios, 25 facilities, 50 customers
================================================================================

Gurobi 12.0.3 (mac64[arm]) logging started Wed Dec  3 03:38:24 2025

Set parameter LogFile to value "/Users/arnav/projects/Candidate-Selection-via-Stochastic-IP/CCG/logs/CG_SF_FL_cap91_K2_S25_pricing_20251203_030342.log"
Set parameter LogToConsole to value 0
Set parameter MIPFocus to value 1
Set parameter WorkLimit to value 300

Gurobi 12.0.3 (mac64[arm]) logging started Wed Dec  3 03:38:24 2025

Set parameter LogFile to value "/Users/arnav/projects/Candidate-Selection-via-Stochastic-IP/CCG/logs/CG_SF_FL_cap91_K2_S25_pricing_20251203_030342.log"
Gurobi Optimizer version 12.0.3 build v12.0.3rc0 (mac64[arm] - Darwin 24.6.0 24G84)

CPU model: Apple M4
Thread count: 10 physical cores, 10 logical processors, using up to 10 threads

Non-default parameters:
WorkLimit  300
MIPFocus  1
LogToConsole  0
PoolSearchMode  2

Optimize a model with 3750 rows, 33175 columns and 69996 nonzeros
Model fingerprint: 0x9275ad94
Variable types: 32500 continuous, 675 integer (675 binary)
Coefficient statistics:
  Matrix range     [1e+00, 2e+04]
  Objective range  [3e-01, 3e+05]
  Bounds range     [0e+00, 0e+00]
  RHS range        [1e+00, 1e+00]
Found heuristic solution: objective 151896.94725
Presolve removed 629 rows and 16354 columns
Presolve time: 0.04s
Presolved: 3121 rows, 16821 columns, 37292 nonzeros
Variable types: 16146 continuous, 675 integer (675 binary)

Root relaxation: objective -5.120033e+05, 3147 iterations, 0.11 seconds (0.18 work units)

    Nodes    |    Current Node    |     Objective Bounds      |     Work
 Expl Unexpl |  Obj  Depth IntInf | Incumbent    BestBd   Gap | It/Node Time

     0     0 -512003.35    0  514 151896.947 -512003.35   437%     -    0s
H    0     0                    135326.10416 -512003.35   478%     -    0s
H    0     0                    134392.24316 -512003.35   481%     -    0s
H    0     0                    67159.086978 -373809.60   657%     -    1s
     0     0 -371977.06    0  492 67159.0870 -371977.06   654%     -    1s
     0     0 -364165.87    0  479 67159.0870 -364165.87   642%     -    1s
     0     0 -362372.48    0  483 67159.0870 -362372.48   640%     -    1s
     0     0 -361848.09    0  482 67159.0870 -361848.09   639%     -    2s
     0     0 -361687.20    0  480 67159.0870 -361687.20   639%     -    2s
     0     0 -361659.30    0  480 67159.0870 -361659.30   639%     -    2s
     0     0 -361659.27    0  480 67159.0870 -361659.27   639%     -    2s
     0     0 -331184.15    0  464 67159.0870 -331184.15   593%     -    2s
     0     0 -323364.10    0  460 67159.0870 -323364.10   581%     -    2s
H    0     0                    66146.579816 -321250.71   586%     -    3s
     0     0 -321250.71    0  464 66146.5798 -321250.71   586%     -    3s
     0     0 -320524.94    0  448 66146.5798 -320524.94   585%     -    3s
     0     0 -320245.60    0  448 66146.5798 -320245.60   584%     -    3s
     0     0 -320205.47    0  450 66146.5798 -320205.47   584%     -    3s
     0     0 -320201.34    0  449 66146.5798 -320201.34   584%     -    3s
     0     0 -308439.71    0  450 66146.5798 -308439.71   566%     -    3s
H    0     0                    55616.827079 -303932.22   646%     -    3s
H    0     0                    42546.612246 -303932.22   814%     -    3s
     0     0 -303932.22    0  442 42546.6122 -303932.22   814%     -    3s
     0     0 -302497.33    0  443 42546.6122 -302497.33   811%     -    4s
     0     0 -301906.46    0  447 42546.6122 -301906.46   810%     -    4s
     0     0 -301820.54    0  449 42546.6122 -301820.54   809%     -    4s
     0     0 -301775.67    0  444 42546.6122 -301775.67   809%     -    4s
     0     0 -301763.77    0  447 42546.6122 -301763.77   809%     -    4s
H    0     0                    -28551.18613 -294688.79   932%     -    5s
     0     0 -294688.79    0  409 -28551.186 -294688.79   932%     -    5s
     0     0 -292634.20    0  434 -28551.186 -292634.20   925%     -    5s
     0     0 -291934.33    0  416 -28551.186 -291934.33   922%     -    5s
H    0     0                    -44143.45781 -291677.93   561%     -    5s
     0     0 -291677.93    0  413 -44143.458 -291677.93   561%     -    5s
     0     0 -291594.54    0  415 -44143.458 -291594.54   561%     -    5s
     0     0 -291590.56    0  416 -44143.458 -291590.56   561%     -    5s
     0     0 -285248.54    0  416 -44143.458 -285248.54   546%     -    7s
H    0     0                    -54042.44663 -285248.54   428%     -    8s
H    0     0                    -58098.99203 -285248.54   391%     -   10s
H    0     0                    -79491.22351 -285248.54   259%     -   18s
H    0     0                    -84054.06469 -285248.54   239%     -   19s
H    0     0                    -86035.92736 -285248.54   232%     -   20s
     0     2 -285248.54    0  416 -86035.927 -285248.54   232%     -   22s
    15    26 -178957.96    4  345 -86035.927 -257534.33   199%  1617   25s
    98   117 -126785.39    9  259 -86035.927 -245540.21   185%  1095   30s
   309   326 -78781.694   21  205 -86035.927 -245540.21   185%   588   35s
   440   427 -167129.74    8  267 -86035.927 -228288.99   165%   642   40s
   563   591 -80001.852   19  257 -86035.927 -228288.99   165%   623   46s
   710   578 -146116.85   12  231 -86035.927 -211547.94   146%   593   50s
   907   701 -176755.37    8  322 -86035.927 -207580.97   141%   586   56s
  1031   887 -79148.149   14  222 -86035.927 -207580.97   141%   604   60s
* 1085   846              36    -90601.37026 -207580.97   129%   591   60s
H 1139   873                    -91161.42706 -202785.53   122%   579   61s
  1349   999     cutoff   18      -91161.427 -202785.53   122%   547   66s
  1497  1017 -106385.33   14  290 -91161.427 -201304.73   121%   554   71s
  1626  1010 -160670.93   11  261 -91161.427 -195366.91   114%   549   75s
  1836  1156 -174151.89    7  305 -91161.427 -192921.01   112%   558   80s
  1890   729 -97691.990   14  416 -91161.427 -192921.01   112%   562   98s
  1893   731 -145107.92   10  498 -91161.427 -192921.01   112%   561  100s
  1902   737 -143296.68   11  412 -91161.427 -192921.01   112%   558  105s
  1912   744 -173164.84   10  387 -91161.427 -192921.01   112%   555  110s
  1913   744 -92978.263   16  387 -91161.427 -192921.01   112%   555  131s
  1920   758 -185391.92   17  355 -91161.427 -192921.01   112%   568  135s
  1977   804 -136777.62   21  279 -91161.427 -192921.01   112%   590  140s
  2053   854 -112435.84   25  224 -91161.427 -192921.01   112%   601  145s
  2120   869 -96658.463   29  187 -91161.427 -192921.01   112%   602  150s
  2225   918 -138867.52   25  273 -91161.427 -192921.01   112%   608  155s
  2317   950 -191880.70   20  373 -91161.427 -192921.01   112%   608  160s
  2421  1002 -123369.34   29  292 -91161.427 -192921.01   112%   608  166s
  2564  1037 -131317.77   25  252 -91161.427 -192921.01   112%   599  170s
  2723  1107 -128139.57   28  287 -91161.427 -192921.01   112%   596  176s
  2850  1106 -156816.92   24  283 -91161.427 -192921.01   112%   591  180s
  2971  1187 -153587.07   26  329 -91161.427 -192921.01   112%   591  185s
  3159  1201 -125702.17   26  225 -91161.427 -192921.01   112%   585  190s
  3294  1112 -124957.53   27  204 -91161.427 -192921.01   112%   582  196s
  3394  1148 -176728.26   23  305 -91161.427 -192921.01   112%   579  200s
  3548  1183 -93936.912   32  219 -91161.427 -192921.01   112%   577  205s
  3699  1197     cutoff   31      -91161.427 -190678.57   109%   575  213s
  3748  1248 -129210.37   24  271 -91161.427 -190678.57   109%   576  216s
  3858  1293     cutoff   29      -91161.427 -186656.80   105%   572  220s
  4047  1421 -141140.30   23  324 -91161.427 -186656.80   105%   571  226s
  4159  1500     cutoff   29      -91161.427 -184910.88   103%   569  230s
  4293  1549 -142801.27   24  378 -91161.427 -181795.31  99.4%   565  235s
  4394  1588     cutoff   32      -91161.427 -181795.31  99.4%   564  241s
  4475  1651 -98373.225   25  265 -91161.427 -181795.31  99.4%   564  245s
  4596  1688 -143126.00   22  283 -91161.427 -181795.31  99.4%   561  250s
  4810  1854 -102384.01   31  293 -91161.427 -181795.31  99.4%   558  260s
  5101  2027 -114422.07   27  226 -91161.427 -175635.75  92.7%   556  269s
  5266  2139 -89386.807   29  258 -91161.427 -175389.55  92.4%   555  274s
  5456  2234 -143254.68   24  328 -91161.427 -173620.72  90.5%   553  280s
  5650  2298 -92273.922   34  123 -91161.427 -171980.06  88.7%   550  286s

Cutting planes:
  Implied bound: 1680
  MIR: 211
  Flow cover: 104
  Zero half: 83
  Relax-and-lift: 51

Explored 5795 nodes (3192676 simplex iterations) in 287.82 seconds (300.57 work units)
Thread count was 10 (of 10 available processors)

Solution count 10: -91161.4 -90601.4 -90107.5 ... -82171.9

Work limit reached
Best objective -9.116142706388e+04, best bound -1.716963446276e+05, gap 88.3432%

User-callback calls 36200, time in user-callback 0.13 sec

================================================================================
PRICING SUBPROBLEM TYPE 2 (SF) - ITERATION 40
================================================================================
Timestamp: 2025-12-03T03:43:26.522
Problem size: 25 scenarios, 25 facilities, 50 customers
================================================================================

Gurobi 12.0.3 (mac64[arm]) logging started Wed Dec  3 03:43:26 2025

Set parameter LogFile to value "/Users/arnav/projects/Candidate-Selection-via-Stochastic-IP/CCG/logs/CG_SF_FL_cap91_K2_S25_pricing_20251203_030342.log"
Set parameter LogToConsole to value 0
Set parameter MIPFocus to value 1
Set parameter WorkLimit to value 300

Gurobi 12.0.3 (mac64[arm]) logging started Wed Dec  3 03:43:26 2025

Set parameter LogFile to value "/Users/arnav/projects/Candidate-Selection-via-Stochastic-IP/CCG/logs/CG_SF_FL_cap91_K2_S25_pricing_20251203_030342.log"
Gurobi Optimizer version 12.0.3 build v12.0.3rc0 (mac64[arm] - Darwin 24.6.0 24G84)

CPU model: Apple M4
Thread count: 10 physical cores, 10 logical processors, using up to 10 threads

Non-default parameters:
WorkLimit  300
MIPFocus  1
LogToConsole  0
PoolSearchMode  2

Optimize a model with 3750 rows, 33175 columns and 69996 nonzeros
Model fingerprint: 0x1c6a865d
Variable types: 32500 continuous, 675 integer (675 binary)
Coefficient statistics:
  Matrix range     [1e+00, 2e+04]
  Objective range  [3e-01, 3e+05]
  Bounds range     [0e+00, 0e+00]
  RHS range        [1e+00, 1e+00]
Found heuristic solution: objective 78986.651262
Presolve removed 629 rows and 16354 columns
Presolve time: 0.08s
Presolved: 3121 rows, 16821 columns, 37292 nonzeros
Variable types: 16146 continuous, 675 integer (675 binary)

Root relaxation: objective -4.574763e+05, 3060 iterations, 0.19 seconds (0.15 work units)

    Nodes    |    Current Node    |     Objective Bounds      |     Work
 Expl Unexpl |  Obj  Depth IntInf | Incumbent    BestBd   Gap | It/Node Time

     0     0 -457476.34    0  543 78986.6513 -457476.34   679%     -    0s
H    0     0                    67315.739338 -314087.63   567%     -    1s
H    0     0                    62274.880930 -314087.63   604%     -    1s
     0     0 -314087.63    0  495 62274.8809 -314087.63   604%     -    1s
H    0     0                    55638.663689 -314087.63   665%     -    2s
H    0     0                    45309.170902 -314087.63   793%     -    2s
H    0     0                    45251.066380 -314087.63   794%     -    2s
H    0     0                    45172.353358 -314087.63   795%     -    2s
     0     0 -304645.54    0  480 45172.3534 -304645.54   774%     -    2s
     0     0 -303470.03    0  484 45172.3534 -303470.03   772%     -    2s
     0     0 -303239.28    0  481 45172.3534 -303239.28   771%     -    2s
     0     0 -303213.87    0  484 45172.3534 -303213.87   771%     -    2s
     0     0 -269132.98    0  470 45172.3534 -269132.98   696%     -    3s
H    0     0                    30782.182688 -269132.98   974%     -    4s
H    0     0                    28046.956141 -269132.98  1060%     -    4s
     0     0 -259501.38    0  467 28046.9561 -259501.38  1025%     -    4s
     0     0 -257444.29    0  465 28046.9561 -257444.29  1018%     -    4s
     0     0 -256763.93    0  469 28046.9561 -256763.93  1015%     -    4s
     0     0 -256488.22    0  473 28046.9561 -256488.22  1014%     -    5s
     0     0 -256335.50    0  473 28046.9561 -256335.50  1014%     -    5s
     0     0 -256214.79    0  471 28046.9561 -256214.79  1014%     -    5s
     0     0 -256126.28    0  470 28046.9561 -256126.28  1013%     -    5s
     0     0 -256125.08    0  470 28046.9561 -256125.08  1013%     -    5s
     0     0 -239961.48    0  460 28046.9561 -239961.48   956%     -    6s
     0     0 -235447.90    0  448 28046.9561 -235447.90   939%     -    7s
     0     0 -234086.73    0  454 28046.9561 -234086.73   935%     -    7s
     0     0 -233448.47    0  455 28046.9561 -233448.47   932%     -    7s
H    0     0                    27420.255126 -233124.25   950%     -    7s
H    0     0                    25087.798013 -233124.25  1029%     -    7s
H    0     0                    -20977.92919 -233124.25  1011%     -    7s
     0     0 -233124.25    0  450 -20977.929 -233124.25  1011%     -    7s
     0     0 -233041.97    0  450 -20977.929 -233041.97  1011%     -    7s
     0     0 -233026.87    0  453 -20977.929 -233026.87  1011%     -    8s
     0     0 -225751.77    0  438 -20977.929 -225751.77   976%     -    9s
     0     0 -222696.22    0  434 -20977.929 -222696.22   962%     -   10s
     0     0 -222089.89    0  437 -20977.929 -222089.89   959%     -   10s
     0     0 -221935.06    0  439 -20977.929 -221935.06   958%     -   10s
     0     0 -221853.55    0  439 -20977.929 -221853.55   958%     -   10s
     0     0 -221846.61    0  439 -20977.929 -221846.61   958%     -   11s
     0     0 -216736.39    0  420 -20977.929 -216736.39   933%     -   13s
H    0     0                    -31589.19184 -216736.39   586%     -   15s
H    0     0                    -38149.88193 -216736.39   468%     -   18s
H    0     0                    -41863.08916 -216736.39   418%     -   24s
H    0     0                    -43299.93626 -216736.39   401%     -   26s
H    0     0                    -52371.73546 -216736.39   314%     -   31s
H    0     0                    -56807.48760 -216736.39   282%     -   32s
     0     2 -216736.39    0  420 -56807.488 -216736.39   282%     -   39s
     1     4 -201490.80    1  399 -56807.488 -216729.01   282%  1528   41s
    15    26 -140855.52    4  365 -56807.488 -188476.58   232%  1805   45s
    54    83 -113482.63    9  264 -56807.488 -177101.61   212%  1478   50s
   182   205 -50231.109   22  129 -56807.488 -173981.66   206%   824   56s
H  193   205                    -57162.93173 -173981.66   204%   784   56s
   275   266 -130606.00    8  328 -57162.932 -173981.66   204%   684   60s
   322   322 -73970.438   12  309 -57162.932 -173981.66   204%   691   65s
H  342   322                    -62279.07846 -173981.66   179%   681   65s
   468   432 -100152.45   13  294 -62279.078 -162870.73   162%   644   70s
   558   500 -115789.11    6  367 -62279.078 -159370.66   156%   639   75s
   708   577 -51873.956   13  338 -62279.078 -158328.38   154%   620   81s
   833   677 -64934.618   16  216 -62279.078 -156286.71   151%   608   86s
   906   705 -88477.641   11  273 -62279.078 -150537.43   142%   600   92s
  1009   752 -59850.923   14  248 -62279.078 -150537.43   142%   593   96s
  1086   820 -116102.05    8  317 -62279.078 -144263.20   132%   595  101s
  1208   874     cutoff   18      -62279.078 -143112.64   130%   591  107s
  1220   933 -104137.30    9  278 -62279.078 -143112.64   130%   594  111s
  1361  1024 -96854.365    8  338 -62279.078 -141474.68   127%   587  116s
  1509  1063 -112061.80    9  301 -62279.078 -141177.93   127%   580  123s
  1519  1106 -106190.79   10  290 -62279.078 -141177.93   127%   580  127s
  1584  1157 -52230.641   15  231 -62279.078 -141177.93   127%   579  130s
  1748  1246 -115595.08   11  230 -62279.078 -141177.93   127%   576  139s
  1798  1282 -68762.305   12  258 -62279.078 -141177.93   127%   581  147s
  1842  1335 -46050.142   14  249 -62279.078 -141177.93   127%   584  152s
  1935  1396 -79865.867   11  318 -62279.078 -135025.43   117%   585  157s
  2020  1469     cutoff   16      -62279.078 -132813.60   113%   586  161s
  2132   918 -69818.690   16  420 -62279.078 -132473.46   113%   581  199s
  2134   919 -62279.078   13  543 -62279.078 -132473.46   113%   581  200s
  2138   922 -121271.84   12  466 -62279.078 -132473.46   113%   580  205s
  2145   927 -62279.078   16  419 -62279.078 -132473.46   113%   578  210s
  2152   931 -114331.71    5  407 -62279.078 -132473.46   113%   576  215s
  2155   933 -102344.01   12  396 -62279.078 -132473.46   113%   575  243s
  2156   937 -132473.46   15  399 -62279.078 -132473.46   113%   587  246s
  2170   954 -132473.46   18  357 -62279.078 -132473.46   113%   594  251s
  2202   987 -127424.08   21  320 -62279.078 -132473.46   113%   610  256s
  2264  1019 -113391.61   23  276 -62279.078 -132473.46   113%   621  261s
  2313  1051 -79716.787   26  231 -62279.078 -132473.46   113%   635  265s
  2392  1087 -62819.623   29  192 -62279.078 -132473.46   113%   639  270s
  2454  1114 -43641.151   35   81 -62279.078 -132473.46   113%   645  275s
  2524  1098 -118300.86   20  366 -62279.078 -132473.46   113%   644  280s
  2672  1154 -78033.431   25  284 -62279.078 -132473.46   113%   648  285s
  2752  1213 -108217.40   20  379 -62279.078 -132473.46   113%   653  290s
  2911  1269     cutoff   25      -62279.078 -132473.46   113%   655  295s
  3052  1261 -94319.039   27  266 -62279.078 -132473.46   113%   658  301s
  3206  1313 -84715.043   25  316 -62279.078 -132473.46   113%   658  306s
  3416  1353 -73244.824   28  275 -62279.078 -132473.46   113%   655  310s

Cutting planes:
  Implied bound: 1788
  MIR: 194
  Flow cover: 119
  Zero half: 121
  Relax-and-lift: 55

Explored 3430 nodes (2262673 simplex iterations) in 310.15 seconds (300.37 work units)
Thread count was 10 (of 10 available processors)

Solution count 10: -62279.1 -57162.9 -56807.5 ... -45205

Work limit reached
Best objective -6.227907845912e+04, best bound -1.324734610072e+05, gap 112.7094%

User-callback calls 35402, time in user-callback 0.11 sec

================================================================================
PRICING SUBPROBLEM TYPE 2 (SF) - ITERATION 41
================================================================================
Timestamp: 2025-12-03T03:48:42.420
Problem size: 25 scenarios, 25 facilities, 50 customers
================================================================================

Gurobi 12.0.3 (mac64[arm]) logging started Wed Dec  3 03:48:42 2025

Set parameter LogFile to value "/Users/arnav/projects/Candidate-Selection-via-Stochastic-IP/CCG/logs/CG_SF_FL_cap91_K2_S25_pricing_20251203_030342.log"
Set parameter LogToConsole to value 0
Set parameter MIPFocus to value 1
Set parameter WorkLimit to value 300

Gurobi 12.0.3 (mac64[arm]) logging started Wed Dec  3 03:48:42 2025

Set parameter LogFile to value "/Users/arnav/projects/Candidate-Selection-via-Stochastic-IP/CCG/logs/CG_SF_FL_cap91_K2_S25_pricing_20251203_030342.log"
Gurobi Optimizer version 12.0.3 build v12.0.3rc0 (mac64[arm] - Darwin 24.6.0 24G84)

CPU model: Apple M4
Thread count: 10 physical cores, 10 logical processors, using up to 10 threads

Non-default parameters:
WorkLimit  300
MIPFocus  1
LogToConsole  0
PoolSearchMode  2

Optimize a model with 3750 rows, 33175 columns and 69996 nonzeros
Model fingerprint: 0xebbd81a2
Variable types: 32500 continuous, 675 integer (675 binary)
Coefficient statistics:
  Matrix range     [1e+00, 2e+04]
  Objective range  [3e-01, 3e+05]
  Bounds range     [0e+00, 0e+00]
  RHS range        [1e+00, 1e+00]
Found heuristic solution: objective 131113.13938
Presolve removed 629 rows and 16354 columns
Presolve time: 0.05s
Presolved: 3121 rows, 16821 columns, 37292 nonzeros
Variable types: 16146 continuous, 675 integer (675 binary)

Root relaxation: objective -4.839894e+05, 3186 iterations, 0.09 seconds (0.16 work units)

    Nodes    |    Current Node    |     Objective Bounds      |     Work
 Expl Unexpl |  Obj  Depth IntInf | Incumbent    BestBd   Gap | It/Node Time

     0     0 -483989.39    0  546 131113.139 -483989.39   469%     -    0s
H    0     0                    100078.43704 -350525.13   450%     -    0s
H    0     0                    83527.662547 -350525.13   520%     -    0s
H    0     0                    81924.102424 -350525.13   528%     -    0s
H    0     0                    81574.948620 -350525.13   530%     -    0s
H    0     0                    81565.734359 -350525.13   530%     -    0s
H    0     0                    23684.781258 -350525.13  1580%     -    0s
     0     0 -350525.13    0  501 23684.7813 -350525.13  1580%     -    0s
     0     0 -336611.57    0  480 23684.7813 -336611.57  1521%     -    1s
     0     0 -334622.23    0  477 23684.7813 -334622.23  1513%     -    1s
     0     0 -334355.67    0  472 23684.7813 -334355.67  1512%     -    1s
     0     0 -334342.46    0  476 23684.7813 -334342.46  1512%     -    1s
     0     0 -301494.56    0  470 23684.7813 -301494.56  1373%     -    2s
H    0     0                    3490.2944562 -301494.56  8738%     -    2s
     0     0 -292260.24    0  463 3490.29446 -292260.24  8474%     -    2s
     0     0 -289451.77    0  440 3490.29446 -289451.77  8393%     -    2s
     0     0 -288970.31    0  446 3490.29446 -288970.31  8379%     -    2s
H    0     0                    -70193.15417 -288767.45   311%     -    3s
     0     0 -288767.45    0  442 -70193.154 -288767.45   311%     -    3s
     0     0 -288731.85    0  446 -70193.154 -288731.85   311%     -    3s
     0     0 -288730.45    0  445 -70193.154 -288730.45   311%     -    3s
     0     0 -273072.83    0  451 -70193.154 -273072.83   289%     -    3s
     0     0 -269020.49    0  436 -70193.154 -269020.49   283%     -    4s
     0     0 -267512.05    0  432 -70193.154 -267512.05   281%     -    4s
H    0     0                    -70470.65457 -267161.00   279%     -    4s
     0     0 -267161.00    0  432 -70470.655 -267161.00   279%     -    4s
     0     0 -267045.13    0  430 -70470.655 -267045.13   279%     -    4s
     0     0 -266956.48    0  431 -70470.655 -266956.48   279%     -    4s
     0     0 -266948.46    0  430 -70470.655 -266948.46   279%     -    4s
     0     0 -260691.08    0  432 -70470.655 -260691.08   270%     -    5s
     0     0 -259487.13    0  425 -70470.655 -259487.13   268%     -    5s
     0     0 -258720.38    0  429 -70470.655 -258720.38   267%     -    5s
     0     0 -258452.53    0  429 -70470.655 -258452.53   267%     -    6s
     0     0 -258340.39    0  430 -70470.655 -258340.39   267%     -    6s
     0     0 -258218.27    0  431 -70470.655 -258218.27   266%     -    6s
     0     0 -258187.45    0  432 -70470.655 -258187.45   266%     -    6s
     0     0 -258180.15    0  433 -70470.655 -258180.15   266%     -    6s
     0     0 -253552.49    0  425 -70470.655 -253552.49   260%     -    7s
H    0     0                    -71960.59892 -253552.49   252%     -    9s
H    0     0                    -96843.07199 -253552.49   162%     -   11s
H    0     0                    -101463.0068 -253552.49   150%     -   18s
H    0     0                    -101692.8303 -253552.49   149%     -   18s
H    0     0                    -103436.9973 -253552.49   145%     -   19s
H    0     0                    -105628.8217 -253552.49   140%     -   20s
     0     2 -253552.49    0  425 -105628.82 -253552.49   140%     -   23s
     3     8 -170281.62    2  387 -105628.82 -249212.67   136%  2076   25s
    61    75 -109726.76    8  290 -105628.82 -204676.88  93.8%  1170   30s
H  154   148                    -105691.9142 -193026.07  82.6%   874   34s
   157   175 -157558.93    5  359 -105691.91 -193026.07  82.6%   871   35s
   297   292 -90937.759   13  294 -105691.91 -186246.67  76.2%   638   40s
H  448   405                    -106012.6199 -181290.34  71.0%   574   44s
   455   438 -126153.76   11  318 -106012.62 -181290.34  71.0%   573   45s
H  496   454                    -106391.1367 -179278.92  68.5%   559   46s
   621   576 -92623.790   15  246 -106391.14 -172641.42  62.3%   555   50s
   797   552 -150535.01    9  361 -106391.14 -165864.64  55.9%   513   55s
   992   620 -97683.450   13  314 -106391.14 -159327.58  49.8%   500   60s
  1121   698     cutoff   16      -106391.14 -159147.78  49.6%   493   65s
  1333   805 -115878.34   13  263 -106391.14 -157114.32  47.7%   475   71s
  1562   914 -102667.19   12  262 -106391.14 -152654.08  43.5%   470   76s
H 1617   790                    -106761.0359 -151261.33  41.7%   470   76s
  1708   843 -112521.43    8  354 -106761.04 -150471.44  40.9%   468   80s
H 1719   718                    -107317.4176 -150471.44  40.2%   468   80s
  1961   804 -116409.68   10  330 -107317.42 -147120.12  37.1%   458   86s
  2306   857 -124833.57   10  284 -107317.42 -143942.82  34.1%   447   90s
  2657   936     cutoff   14      -107317.42 -141197.73  31.6%   441   95s
  3067  1074     cutoff   14      -107317.42 -137856.29  28.5%   429  100s
  3540   724 -112774.31   23  425 -107317.42 -134426.59  25.3%   417  116s
  3550   731 -121888.55   11  424 -107317.42 -134426.59  25.3%   416  120s
  3561   738 -107366.49   16  381 -107317.42 -134426.59  25.3%   415  135s
  3586   773 -134426.59   19  302 -107317.42 -134426.59  25.3%   428  140s
  3728   802 -111795.45   24  234 -107317.42 -134426.59  25.3%   441  145s
  3835   831 -134426.59   23  324 -107317.42 -134426.59  25.3%   444  150s
  3965   839 -134426.59   21  324 -107317.42 -134426.59  25.3%   445  155s
  4070   847 -112107.58   26  319 -107317.42 -134426.59  25.3%   447  160s
  4206   859 -130290.82   24  317 -107317.42 -134426.59  25.3%   450  166s
  4356   870 -107629.64   27  276 -107317.42 -134426.59  25.3%   454  171s
  4570   867     cutoff   28      -107317.42 -134426.59  25.3%   455  176s
  4744   892 -105154.90   37   55 -107317.42 -134426.59  25.3%   455  181s
  4874   891 -110666.88   28  249 -107317.42 -134426.59  25.3%   455  185s
  5095   863     cutoff   31      -107317.42 -134426.59  25.3%   455  191s
  5253   846 -119889.06   28  270 -107317.42 -134426.59  25.3%   455  195s
  5333   863 -113701.69   26  253 -107317.42 -134426.59  25.3%   456  200s
  5567   883 -107204.58   24  317 -107317.42 -134426.59  25.3%   455  205s
  5802   812 -126690.35   22  301 -107317.42 -134426.59  25.3%   452  211s
  6064   859 -114775.01   26  293 -107317.42 -134426.59  25.3%   450  216s
  6378   913 -117175.41   25  268 -107317.42 -134426.59  25.3%   446  223s
  6561   907     cutoff   36      -107317.42 -134426.59  25.3%   443  226s

Cutting planes:
  Implied bound: 1743
  MIR: 184
  Flow cover: 128
  Zero half: 77
  RLT: 1
  Relax-and-lift: 53

Explored 6818 nodes (3024777 simplex iterations) in 229.15 seconds (301.09 work units)
Thread count was 10 (of 10 available processors)

Solution count 10: -107317 -106761 -106391 ... -103304

Work limit reached
Best objective -1.073174175865e+05, best bound -1.322918079481e+05, gap 23.2715%

User-callback calls 34617, time in user-callback 0.04 sec

================================================================================
PRICING SUBPROBLEM TYPE 2 (SF) - ITERATION 42
================================================================================
Timestamp: 2025-12-03T03:52:40.517
Problem size: 25 scenarios, 25 facilities, 50 customers
================================================================================

Gurobi 12.0.3 (mac64[arm]) logging started Wed Dec  3 03:52:40 2025

Set parameter LogFile to value "/Users/arnav/projects/Candidate-Selection-via-Stochastic-IP/CCG/logs/CG_SF_FL_cap91_K2_S25_pricing_20251203_030342.log"
Set parameter LogToConsole to value 0
Set parameter MIPFocus to value 1
Set parameter WorkLimit to value 300

Gurobi 12.0.3 (mac64[arm]) logging started Wed Dec  3 03:52:40 2025

Set parameter LogFile to value "/Users/arnav/projects/Candidate-Selection-via-Stochastic-IP/CCG/logs/CG_SF_FL_cap91_K2_S25_pricing_20251203_030342.log"
Gurobi Optimizer version 12.0.3 build v12.0.3rc0 (mac64[arm] - Darwin 24.6.0 24G84)

CPU model: Apple M4
Thread count: 10 physical cores, 10 logical processors, using up to 10 threads

Non-default parameters:
WorkLimit  300
MIPFocus  1
LogToConsole  0
PoolSearchMode  2

Optimize a model with 3750 rows, 33175 columns and 69996 nonzeros
Model fingerprint: 0x33c7271a
Variable types: 32500 continuous, 675 integer (675 binary)
Coefficient statistics:
  Matrix range     [1e+00, 2e+04]
  Objective range  [3e-01, 3e+05]
  Bounds range     [0e+00, 0e+00]
  RHS range        [1e+00, 1e+00]
Found heuristic solution: objective 91695.052984
Presolve removed 629 rows and 16354 columns
Presolve time: 0.07s
Presolved: 3121 rows, 16821 columns, 37292 nonzeros
Variable types: 16146 continuous, 675 integer (675 binary)

Root relaxation: objective -4.813634e+05, 2960 iterations, 0.16 seconds (0.13 work units)

    Nodes    |    Current Node    |     Objective Bounds      |     Work
 Expl Unexpl |  Obj  Depth IntInf | Incumbent    BestBd   Gap | It/Node Time

     0     0 -481363.44    0  492 91695.0530 -481363.44   625%     -    0s
H    0     0                    -3641.141059 -354766.64  9643%     -    1s
     0     0 -352879.79    0  451 -3641.1411 -352879.79  9591%     -    1s
H    0     0                    -29965.99688 -343316.92  1046%     -    2s
H    0     0                    -33769.16238 -343316.92   917%     -    2s
H    0     0                    -71721.64137 -343316.92   379%     -    2s
     0     0 -343316.92    0  451 -71721.641 -343316.92   379%     -    2s
     0     0 -342283.52    0  453 -71721.641 -342283.52   377%     -    2s
     0     0 -341839.99    0  452 -71721.641 -341839.99   377%     -    2s
     0     0 -341773.75    0  450 -71721.641 -341773.75   377%     -    2s
     0     0 -341773.08    0  450 -71721.641 -341773.08   377%     -    2s
     0     0 -315327.52    0  440 -71721.641 -315327.52   340%     -    3s
H    0     0                    -89457.35115 -315327.52   252%     -    3s
H    0     0                    -90398.99237 -315327.52   249%     -    3s
H    0     0                    -94747.16907 -315327.52   233%     -    3s
H    0     0                    -94838.11226 -315327.52   232%     -    3s
H    0     0                    -97961.86849 -315327.52   222%     -    3s
     0     0 -306023.67    0  439 -97961.868 -306023.67   212%     -    3s
H    0     0                    -103112.2138 -302494.39   193%     -    4s
     0     0 -302494.39    0  433 -103112.21 -302494.39   193%     -    4s
     0     0 -301526.52    0  433 -103112.21 -301526.52   192%     -    4s
     0     0 -301341.72    0  432 -103112.21 -301341.72   192%     -    4s
     0     0 -301287.76    0  432 -103112.21 -301287.76   192%     -    4s
     0     0 -301258.23    0  432 -103112.21 -301258.23   192%     -    4s
     0     0 -294839.19    0  432 -103112.21 -294839.19   186%     -    4s
     0     0 -294839.19    0  432 -103112.21 -294839.19   186%     -    4s
     0     0 -287484.87    0  419 -103112.21 -287484.87   179%     -    6s
     0     0 -283012.03    0  409 -103112.21 -283012.03   174%     -    6s
     0     0 -281669.12    0  410 -103112.21 -281669.12   173%     -    6s
     0     0 -281049.17    0  410 -103112.21 -281049.17   173%     -    6s
     0     0 -280931.80    0  410 -103112.21 -280931.80   172%     -    6s
     0     0 -280779.23    0  412 -103112.21 -280779.23   172%     -    7s
     0     0 -280740.56    0  408 -103112.21 -280740.56   172%     -    7s
     0     0 -280731.07    0  408 -103112.21 -280731.07   172%     -    7s
     0     0 -273174.74    0  414 -103112.21 -273174.74   165%     -    8s
     0     0 -271656.09    0  402 -103112.21 -271656.09   163%     -    8s
     0     0 -270965.53    0  399 -103112.21 -270965.53   163%     -    9s
     0     0 -270761.40    0  409 -103112.21 -270761.40   163%     -    9s
     0     0 -270704.62    0  409 -103112.21 -270704.62   163%     -    9s
     0     0 -270647.57    0  403 -103112.21 -270647.57   162%     -    9s
     0     0 -270637.69    0  406 -103112.21 -270637.69   162%     -    9s
H    0     0                    -106743.0021 -270637.69   154%     -   10s
     0     0 -268923.55    0  376 -106743.00 -268923.55   152%     -   10s
H    0     0                    -108946.2162 -268923.55   147%     -   24s
H    0     0                    -120272.6667 -268923.55   124%     -   24s
H    0     0                    -122058.4694 -268923.55   120%     -   26s
H    0     0                    -127609.6570 -268923.55   111%     -   26s
     0     2 -268923.55    0  376 -127609.66 -268923.55   111%     -   27s
     7    16 -174784.74    3  334 -127609.66 -240744.39  88.7%  1849   31s
    55    80 -133099.47    8  269 -127609.66 -225299.46  76.6%  1249   35s
   176   181 -151968.42    7  312 -127609.66 -219346.73  71.9%   757   40s
   352   334 -150246.17    7  301 -127609.66 -204429.00  60.2%   537   45s
   444   438     cutoff   12      -127609.66 -203300.74  59.3%   514   50s
   655   562     cutoff   11      -127609.66 -203300.74  59.3%   468   55s
   807   624 -143020.35    9  294 -127609.66 -187402.31  46.9%   472   61s
   912   677 -114272.77   12  250 -127609.66 -187402.31  46.9%   466   65s
  1097   759 -153218.88    7  299 -127609.66 -185421.15  45.3%   463   70s
  1202   852 -122446.51   10  318 -127609.66 -182943.77  43.4%   465   75s
  1410   887 -121670.37   12  294 -127609.66 -180205.16  41.2%   459   80s
  1619  1052 -138313.85   11  249 -127609.66 -172895.45  35.5%   452   87s
  1719   997 -130695.57   11  216 -127609.66 -172209.43  35.0%   444   91s
  1813  1098 -127172.11   12  212 -127609.66 -171882.87  34.7%   440   96s
  2003  1142 -141831.14   11  252 -127609.66 -167439.24  31.2%   438  102s
  2108  1210 -151414.62    6  314 -127609.66 -166821.08  30.7%   433  105s
  2328  1298     cutoff   11      -127609.66 -163678.52  28.3%   428  110s
  2443   819 -157694.73   11  376 -127609.66 -163417.12  28.1%   428  135s
  2449   823 -127609.66   15  430 -127609.66 -163417.12  28.1%   427  140s
  2456   828 -127609.66   19  376 -127609.66 -163417.12  28.1%   426  145s
  2463   832 -152639.17   14  359 -127609.66 -163417.12  28.1%   425  150s
  2465   834 -135518.16   12  367 -127609.66 -163417.12  28.1%   424  171s
  2472   845 -163417.12   17  324 -127609.66 -163417.12  28.1%   436  175s
  2511   879 -138155.92   20  266 -127609.66 -163417.12  28.1%   446  180s
  2565   907     cutoff   24      -127609.66 -163417.12  28.1%   455  185s
  2637   916 -163417.12   23  345 -127609.66 -163417.12  28.1%   461  191s
  2705   953 -127394.22   31  123 -127609.66 -163417.12  28.1%   466  196s
  2773   967 -162697.54   23  302 -127609.66 -163417.12  28.1%   472  200s
  2831   990 -130279.82   27  208 -127609.66 -163417.12  28.1%   480  205s
  2920   996 -163417.12   24  304 -127609.66 -163417.12  28.1%   488  210s
  2985  1017 -133179.95   30   77 -127609.66 -163417.12  28.1%   490  215s
  3087  1068 -128939.26   25  218 -127609.66 -163417.12  28.1%   498  220s
  3185  1056 -163417.12   22  291 -127609.66 -163417.12  28.1%   498  226s
  3305  1076 -128185.98   27  224 -127609.66 -163417.12  28.1%   499  230s
  3393  1097 -127820.25   25  267 -127609.66 -163417.12  28.1%   504  237s
  3507  1074     cutoff   27      -127609.66 -163417.12  28.1%   504  241s
  3670  1099 -142340.85   28  185 -127609.66 -163417.12  28.1%   500  246s
  3799  1096 -128261.74   24  254 -127609.66 -163417.12  28.1%   501  252s
  3901  1145     cutoff   26      -127609.66 -163417.12  28.1%   504  256s
  4061  1176 -137253.47   24  256 -127609.66 -163417.12  28.1%   505  261s
  4252  1174 -125275.63   24  284 -127609.66 -163417.12  28.1%   506  266s
  4369  1195     cutoff   27      -127609.66 -163417.12  28.1%   509  272s
  4473  1200 -141081.92   25  283 -127609.66 -163417.12  28.1%   508  275s
  4686  1223 -128900.91   24  265 -127609.66 -162154.65  27.1%   508  281s
  4971  1340     cutoff   26      -127609.66 -159076.41  24.7%   504  288s
  5110  1351     cutoff   27      -127609.66 -156251.80  22.4%   503  291s
  5133  1448 -126028.43   25  213 -127609.66 -155728.62  22.0%   503  295s
  5537  1587     cutoff   28      -127609.66 -153258.87  20.1%   495  302s
  5677  1631     cutoff   23      -127609.66 -152502.87  19.5%   495  306s
  5828  1679     cutoff   25      -127609.66 -150894.19  18.2%   496  310s
  5978  1733 -130824.06   24  247 -127609.66 -149896.36  17.5%   496  315s
  6143  1807 -130044.65   26  250 -127609.66 -148496.40  16.4%   495  320s
  6616  1990 -133495.62   27  240 -127609.66 -144917.25  13.6%   488  329s
  6879  2028     cutoff   25      -127609.66 -142119.47  11.4%   484  335s

Cutting planes:
  Implied bound: 1636
  MIR: 171
  Flow cover: 107
  Zero half: 60
  RLT: 1
  Relax-and-lift: 52

Explored 7019 nodes (3389565 simplex iterations) in 335.10 seconds (302.23 work units)
Thread count was 10 (of 10 available processors)

Solution count 10: -127610 -122496 -122333 ... -120344

Work limit reached
Best objective -1.276096569841e+05, best bound -1.404803353113e+05, gap 10.0860%

User-callback calls 43016, time in user-callback 0.13 sec

================================================================================
PRICING SUBPROBLEM TYPE 2 (SF) - ITERATION 43
================================================================================
Timestamp: 2025-12-03T03:58:26.473
Problem size: 25 scenarios, 25 facilities, 50 customers
================================================================================

Gurobi 12.0.3 (mac64[arm]) logging started Wed Dec  3 03:58:26 2025

Set parameter LogFile to value "/Users/arnav/projects/Candidate-Selection-via-Stochastic-IP/CCG/logs/CG_SF_FL_cap91_K2_S25_pricing_20251203_030342.log"
Set parameter LogToConsole to value 0
Set parameter MIPFocus to value 1
Set parameter WorkLimit to value 300

Gurobi 12.0.3 (mac64[arm]) logging started Wed Dec  3 03:58:26 2025

Set parameter LogFile to value "/Users/arnav/projects/Candidate-Selection-via-Stochastic-IP/CCG/logs/CG_SF_FL_cap91_K2_S25_pricing_20251203_030342.log"
Gurobi Optimizer version 12.0.3 build v12.0.3rc0 (mac64[arm] - Darwin 24.6.0 24G84)

CPU model: Apple M4
Thread count: 10 physical cores, 10 logical processors, using up to 10 threads

Non-default parameters:
WorkLimit  300
MIPFocus  1
LogToConsole  0
PoolSearchMode  2

Optimize a model with 3750 rows, 33175 columns and 69996 nonzeros
Model fingerprint: 0xb8518179
Variable types: 32500 continuous, 675 integer (675 binary)
Coefficient statistics:
  Matrix range     [1e+00, 2e+04]
  Objective range  [3e-01, 3e+05]
  Bounds range     [0e+00, 0e+00]
  RHS range        [1e+00, 1e+00]
Found heuristic solution: objective 124587.15137
Presolve removed 629 rows and 16354 columns
Presolve time: 0.05s
Presolved: 3121 rows, 16821 columns, 37292 nonzeros
Variable types: 16146 continuous, 675 integer (675 binary)

Root relaxation: objective -4.759282e+05, 3293 iterations, 0.12 seconds (0.18 work units)

    Nodes    |    Current Node    |     Objective Bounds      |     Work
 Expl Unexpl |  Obj  Depth IntInf | Incumbent    BestBd   Gap | It/Node Time

     0     0 -475928.20    0  550 124587.151 -475928.20   482%     -    0s
     0     0 -326842.40    0  517 124587.151 -326842.40   362%     -    0s
H    0     0                    106281.81398 -319103.16   400%     -    1s
     0     0 -317979.65    0  501 106281.814 -317979.65   399%     -    2s
     0     0 -316883.02    0  506 106281.814 -316883.02   398%     -    2s
     0     0 -316692.14    0  505 106281.814 -316692.14   398%     -    2s
     0     0 -316649.50    0  507 106281.814 -316649.50   398%     -    2s
     0     0 -316647.62    0  506 106281.814 -316647.62   398%     -    2s
H    0     0                    81684.726571 -281521.06   445%     -    3s
H    0     0                    70704.393282 -281521.06   498%     -    3s
H    0     0                    69661.377335 -281521.06   504%     -    3s
H    0     0                    33138.877748 -281521.06   950%     -    3s
H    0     0                    30767.250568 -281521.06  1015%     -    3s
     0     0 -279234.84    0  504 30767.2506 -279234.84  1008%     -    3s
H    0     0                    9643.8889367 -279234.84  2995%     -    3s
H    0     0                    9635.9212923 -279234.84  2998%     -    3s
     0     0 -271550.17    0  483 9635.92129 -271550.17  2918%     -    4s
     0     0 -269214.18    0  483 9635.92129 -269214.18  2894%     -    4s
     0     0 -268410.84    0  482 9635.92129 -268410.84  2886%     -    4s
     0     0 -268054.21    0  484 9635.92129 -268054.21  2882%     -    4s
     0     0 -268025.47    0  484 9635.92129 -268025.47  2882%     -    4s
     0     0 -268025.10    0  483 9635.92129 -268025.10  2882%     -    4s
H    0     0                    -19582.88862 -268025.10  1269%     -    5s
     0     0 -250738.88    0  459 -19582.889 -250738.88  1180%     -    6s
     0     0 -246883.67    0  461 -19582.889 -246883.67  1161%     -    6s
     0     0 -245854.54    0  455 -19582.889 -245854.54  1155%     -    7s
H    0     0                    -20832.86549 -245152.39  1077%     -    7s
     0     0 -245152.39    0  465 -20832.865 -245152.39  1077%     -    7s
     0     0 -245020.39    0  453 -20832.865 -245020.39  1076%     -    7s
     0     0 -244969.29    0  452 -20832.865 -244969.29  1076%     -    7s
     0     0 -244952.78    0  453 -20832.865 -244952.78  1076%     -    7s
H    0     0                    -23291.02461 -237710.42   921%     -    8s
     0     0 -237710.42    0  447 -23291.025 -237710.42   921%     -    8s
     0     0 -236079.68    0  440 -23291.025 -236079.68   914%     -    9s
     0     0 -235519.85    0  436 -23291.025 -235519.85   911%     -    9s
     0     0 -235377.45    0  431 -23291.025 -235377.45   911%     -    9s
     0     0 -235298.98    0  432 -23291.025 -235298.98   910%     -    9s
     0     0 -235268.93    0  433 -23291.025 -235268.93   910%     -    9s
     0     0 -235266.60    0  432 -23291.025 -235266.60   910%     -    9s
H    0     0                    -31986.03960 -235266.60   636%     -   10s
H    0     0                    -47756.31883 -235266.60   393%     -   10s
     0     0 -232269.97    0  419 -47756.319 -232269.97   386%     -   11s
H    0     0                    -55454.85514 -232269.97   319%     -   15s
H    0     0                    -57068.40627 -232269.97   307%     -   15s
     0     2 -232269.97    0  419 -57068.406 -232269.97   307%     -   34s
     1     4 -182048.08    1  423 -57068.406 -232265.07   307%  2346   35s
    15    26 -138283.48    4  342 -57068.406 -203169.37   256%  2156   41s
H   20    26                    -57411.43825 -203126.01   254%  1916   41s
    49    66 -113378.35    7  334 -57411.438 -189910.74   231%  1662   45s
   100   107 -82646.633   12  312 -57411.438 -186711.18   225%  1367   52s
   139   160 -62934.804   15  307 -57411.438 -186420.06   225%  1200   55s
   231   233 -137785.72    6  393 -57411.438 -177802.12   210%   931   60s
   310   319 -53973.141   13  339 -57411.438 -177802.12   210%   848   65s
   477   438 -123587.48   11  283 -57411.438 -172987.74   201%   686   70s
   591   539 -137119.56    8  360 -57411.438 -172987.74   201%   675   76s
   694   598 -61066.318   20  171 -57411.438 -172987.74   201%   648   80s
   830   635 -104500.89   14  301 -57411.438 -160399.02   179%   623   85s
  1013   709 -73672.458   12  336 -57411.438 -159917.49   179%   592   91s
H 1131   719                    -58418.55238 -152858.23   162%   581   95s
  1211   774 -65121.588   14  332 -58418.552 -147692.83   153%   579  100s
  1332   840 -106733.80   11  284 -58418.552 -145717.02   149%   576  105s
  1489   903 -99160.068   14  268 -58418.552 -143901.94   146%   565  110s
  1627   994     cutoff   19      -58418.552 -142445.15   144%   559  116s
  1720  1013 -99176.177   13  252 -58418.552 -142445.15   144%   551  120s
  1811  1101     cutoff   16      -58418.552 -139690.10   139%   551  126s
  1998  1164 -59242.092   15  356 -58418.552 -137759.61   136%   548  134s
  2031  1231     cutoff   17      -58418.552 -137759.61   136%   548  137s
  2146  1274 -55788.927   17  307 -58418.552 -134424.55   130%   546  141s
  2351   846 -118860.31   12  419 -58418.552 -134424.55   130%   543  168s
  2355   849 -75480.623   13  499 -58418.552 -134424.55   130%   542  170s
  2367   857 -118646.19   12  414 -58418.552 -134424.55   130%   540  175s
  2376   863 -75825.592   14  423 -58418.552 -134424.55   130%   538  189s
  2377   866 -134424.55   15  404 -58418.552 -134424.55   130%   548  190s
  2426   917 -116430.53   21  312 -58418.552 -134424.55   130%   571  195s
  2540   969 -66949.090   27  216 -58418.552 -134424.55   130%   597  200s
  2664   997 -101799.17   21  313 -58418.552 -134424.55   130%   608  205s
  2806  1066 -120318.29   20  412 -58418.552 -134424.55   130%   613  210s
  2983  1133     cutoff   32      -58418.552 -134424.55   130%   619  215s
  3221  1194 -89335.940   23  332 -58418.552 -134424.55   130%   621  220s

Cutting planes:
  Implied bound: 1784
  MIR: 195
  Flow cover: 119
  Zero half: 107
  Relax-and-lift: 45

Explored 3406 nodes (2132485 simplex iterations) in 223.45 seconds (300.32 work units)
Thread count was 10 (of 10 available processors)

Solution count 10: -58418.6 -57411.4 -57068.4 ... -47234

Work limit reached
Best objective -5.841855238415e+04, best bound -1.344245511888e+05, gap 130.1059%

User-callback calls 37792, time in user-callback 0.08 sec

================================================================================
PRICING SUBPROBLEM TYPE 2 (SF) - ITERATION 44
================================================================================
Timestamp: 2025-12-03T04:02:14.368
Problem size: 25 scenarios, 25 facilities, 50 customers
================================================================================

Gurobi 12.0.3 (mac64[arm]) logging started Wed Dec  3 04:02:14 2025

Set parameter LogFile to value "/Users/arnav/projects/Candidate-Selection-via-Stochastic-IP/CCG/logs/CG_SF_FL_cap91_K2_S25_pricing_20251203_030342.log"
Set parameter LogToConsole to value 0
Set parameter MIPFocus to value 1
Set parameter WorkLimit to value 300

Gurobi 12.0.3 (mac64[arm]) logging started Wed Dec  3 04:02:14 2025

Set parameter LogFile to value "/Users/arnav/projects/Candidate-Selection-via-Stochastic-IP/CCG/logs/CG_SF_FL_cap91_K2_S25_pricing_20251203_030342.log"
Gurobi Optimizer version 12.0.3 build v12.0.3rc0 (mac64[arm] - Darwin 24.6.0 24G84)

CPU model: Apple M4
Thread count: 10 physical cores, 10 logical processors, using up to 10 threads

Non-default parameters:
WorkLimit  300
MIPFocus  1
LogToConsole  0
PoolSearchMode  2

Optimize a model with 3750 rows, 33175 columns and 69996 nonzeros
Model fingerprint: 0x69edafbb
Variable types: 32500 continuous, 675 integer (675 binary)
Coefficient statistics:
  Matrix range     [1e+00, 2e+04]
  Objective range  [3e-01, 2e+05]
  Bounds range     [0e+00, 0e+00]
  RHS range        [1e+00, 1e+00]
Found heuristic solution: objective 221402.12890
Presolve removed 629 rows and 16354 columns
Presolve time: 0.03s
Presolved: 3121 rows, 16821 columns, 37292 nonzeros
Variable types: 16146 continuous, 675 integer (675 binary)

Root relaxation: objective -5.496803e+05, 3381 iterations, 0.07 seconds (0.16 work units)

    Nodes    |    Current Node    |     Objective Bounds      |     Work
 Expl Unexpl |  Obj  Depth IntInf | Incumbent    BestBd   Gap | It/Node Time

     0     0 -549680.27    0  517 221402.129 -549680.27   348%     -    0s
H    0     0                    189398.44608 -549680.27   390%     -    0s
H    0     0                    154291.44082 -549680.27   456%     -    0s
H    0     0                    67792.212395 -549680.27   911%     -    0s
H    0     0                    62623.120109 -419219.36   769%     -    0s
     0     0 -416411.36    0  485 62623.1201 -416411.36   765%     -    0s
H    0     0                    -19567.92288 -403255.41  1961%     -    1s
     0     0 -402032.86    0  479 -19567.923 -402032.86  1955%     -    1s
     0     0 -400573.18    0  481 -19567.923 -400573.18  1947%     -    1s
     0     0 -399824.79    0  476 -19567.923 -399824.79  1943%     -    1s
     0     0 -399528.04    0  479 -19567.923 -399528.04  1942%     -    1s
H    0     0                    -41460.03451 -368494.19   789%     -    1s
     0     0 -366908.96    0  447 -41460.035 -366908.96   785%     -    1s
     0     0 -360962.63    0  456 -41460.035 -360962.63   771%     -    1s
     0     0 -358397.20    0  452 -41460.035 -358397.20   764%     -    2s
H    0     0                    -49272.57197 -357877.27   626%     -    2s
     0     0 -357877.27    0  447 -49272.572 -357877.27   626%     -    2s
     0     0 -357677.34    0  447 -49272.572 -357677.34   626%     -    2s
     0     0 -357620.24    0  446 -49272.572 -357620.24   626%     -    2s
     0     0 -357610.02    0  447 -49272.572 -357610.02   626%     -    2s
     0     0 -345837.33    0  442 -49272.572 -345837.33   602%     -    2s
     0     0 -332839.46    0  431 -49272.572 -332839.46   576%     -    2s
     0     0 -332839.46    0  443 -49272.572 -332839.46   576%     -    2s
     0     0 -332839.46    0  438 -49272.572 -332839.46   576%     -    2s
     0     0 -332839.46    0  425 -49272.572 -332839.46   576%     -    2s
     0     0 -332839.46    0  425 -49272.572 -332839.46   576%     -    2s
     0     0 -332839.46    0  425 -49272.572 -332839.46   576%     -    2s
     0     0 -305309.95    0  423 -49272.572 -305309.95   520%     -    3s
     0     0 -305309.95    0  427 -49272.572 -305309.95   520%     -    3s
     0     0 -305309.95    0  426 -49272.572 -305309.95   520%     -    3s
     0     0 -305309.95    0  427 -49272.572 -305309.95   520%     -    3s
H    0     0                    -53564.69920 -305309.95   470%     -    3s
     0     0 -305309.95    0  430 -53564.699 -305309.95   470%     -    3s
     0     0 -305309.95    0  432 -53564.699 -305309.95   470%     -    3s
     0     0 -305309.95    0  410 -53564.699 -305309.95   470%     -    4s
H    0     0                    -98664.21754 -305309.95   209%     -    4s
H    0     0                    -117038.6306 -305309.95   161%     -    4s
H    0     0                    -127897.6732 -305309.95   139%     -    4s
H    0     0                    -136219.2027 -305309.95   124%     -    5s
H    0     0                    -137648.5124 -305309.95   122%     -    5s
H    0     0                    -142999.3751 -305309.95   114%     -    5s
H    0     0                    -158422.7493 -305309.95  92.7%     -    7s
H    0     0                    -161260.1442 -305309.95  89.3%     -    8s
H    0     0                    -167623.5294 -305309.95  82.1%     -    8s
H    0     0                    -168369.4442 -305309.95  81.3%     -    8s
H    0     0                    -168432.5404 -305309.95  81.3%     -    8s
H    0     0                    -171939.5282 -305309.95  77.6%     -    8s
H    0     0                    -171981.3899 -305309.95  77.5%     -    8s
     0     2 -305309.95    0  410 -171981.39 -305309.95  77.5%     -    9s
     3     8 -275975.97    2  367 -171981.39 -298594.63  73.6%  2020   10s
H   25    44                    -173558.0745 -256859.97  48.0%  1463   11s
   216   215 -187742.64   13  231 -173558.07 -242746.96  39.9%   636   15s
   508   402     cutoff   10      -173558.07 -230467.70  32.8%   492   20s
H  547   417                    -174587.6300 -224970.04  28.9%   490   20s
   792   547 -185062.60   11  323 -174587.63 -219137.64  25.5%   450   25s
  1209   589 -177478.55   15  233 -174587.63 -209413.98  19.9%   420   30s
  1567   649 -172413.95   10  278 -174587.63 -204754.29  17.3%   402   35s
  2254   641 -177364.50   14  171 -174587.63 -191966.01  10.0%   369   40s

Cutting planes:
  Implied bound: 1587
  MIR: 127
  Flow cover: 163
  Zero half: 58
  Relax-and-lift: 88

Explored 3583 nodes (968416 simplex iterations) in 43.40 seconds (95.15 work units)
Thread count was 10 (of 10 available processors)

Solution count 10: -174588 -174333 -174249 ... -173237
No other solutions better than -173237

Optimal solution found (tolerance 1.00e-04)
Best objective -1.745876299951e+05, best bound -1.745876299951e+05, gap 0.0000%

User-callback calls 17829, time in user-callback 0.01 sec

================================================================================
PRICING SUBPROBLEM TYPE 2 (SF) - ITERATION 45
================================================================================
Timestamp: 2025-12-03T04:03:03.264
Problem size: 25 scenarios, 25 facilities, 50 customers
================================================================================

Gurobi 12.0.3 (mac64[arm]) logging started Wed Dec  3 04:03:03 2025

Set parameter LogFile to value "/Users/arnav/projects/Candidate-Selection-via-Stochastic-IP/CCG/logs/CG_SF_FL_cap91_K2_S25_pricing_20251203_030342.log"
Set parameter LogToConsole to value 0
Set parameter MIPFocus to value 1
Set parameter WorkLimit to value 300

Gurobi 12.0.3 (mac64[arm]) logging started Wed Dec  3 04:03:03 2025

Set parameter LogFile to value "/Users/arnav/projects/Candidate-Selection-via-Stochastic-IP/CCG/logs/CG_SF_FL_cap91_K2_S25_pricing_20251203_030342.log"
Gurobi Optimizer version 12.0.3 build v12.0.3rc0 (mac64[arm] - Darwin 24.6.0 24G84)

CPU model: Apple M4
Thread count: 10 physical cores, 10 logical processors, using up to 10 threads

Non-default parameters:
WorkLimit  300
MIPFocus  1
LogToConsole  0
PoolSearchMode  2

Optimize a model with 3750 rows, 33175 columns and 69996 nonzeros
Model fingerprint: 0x71d3d213
Variable types: 32500 continuous, 675 integer (675 binary)
Coefficient statistics:
  Matrix range     [1e+00, 2e+04]
  Objective range  [3e-01, 4e+05]
  Bounds range     [0e+00, 0e+00]
  RHS range        [1e+00, 1e+00]
Found heuristic solution: objective 222293.69345
Presolve removed 629 rows and 16354 columns
Presolve time: 0.03s
Presolved: 3121 rows, 16821 columns, 37292 nonzeros
Variable types: 16146 continuous, 675 integer (675 binary)

Root relaxation: objective -5.218087e+05, 3634 iterations, 0.09 seconds (0.25 work units)

    Nodes    |    Current Node    |     Objective Bounds      |     Work
 Expl Unexpl |  Obj  Depth IntInf | Incumbent    BestBd   Gap | It/Node Time

     0     0 -521808.74    0  556 222293.693 -521808.74   335%     -    0s
H    0     0                    216331.35189 -521808.74   341%     -    0s
H    0     0                    210189.15187 -379948.05   281%     -    0s
H    0     0                    206473.94322 -379948.05   284%     -    0s
H    0     0                    123060.79472 -379948.05   409%     -    0s
     0     0 -377477.24    0  527 123060.795 -377477.24   407%     -    0s
H    0     0                    80829.954563 -366333.46   553%     -    0s
H    0     0                    68717.719904 -366333.46   633%     -    0s
     0     0 -366333.46    0  499 68717.7199 -366333.46   633%     -    0s
     0     0 -363641.17    0  502 68717.7199 -363641.17   629%     -    0s
     0     0 -363325.01    0  502 68717.7199 -363325.01   629%     -    0s
     0     0 -363227.34    0  502 68717.7199 -363227.34   629%     -    1s
H    0     0                    50573.957877 -363225.98   818%     -    1s
     0     0 -363225.98    0  502 50573.9579 -363225.98   818%     -    1s
     0     0 -332821.77    0  471 50573.9579 -332821.77   758%     -    1s
H    0     0                    2800.9368865 -332821.77      -     -    1s
H    0     0                    -4135.741628 -332821.77  7947%     -    1s
H    0     0                    -17354.20048 -332821.77  1818%     -    1s
H    0     0                    -24043.84131 -332821.77  1284%     -    1s
     0     0 -324343.76    0  476 -24043.841 -324343.76  1249%     -    1s
H    0     0                    -32307.67205 -321712.32   896%     -    1s
     0     0 -321712.32    0  475 -32307.672 -321712.32   896%     -    1s
     0     0 -321321.11    0  479 -32307.672 -321321.11   895%     -    1s
     0     0 -321233.47    0  477 -32307.672 -321233.47   894%     -    2s
     0     0 -321230.19    0  475 -32307.672 -321230.19   894%     -    2s
     0     0 -303472.17    0  465 -32307.672 -303472.17   839%     -    2s
     0     0 -300609.06    0  448 -32307.672 -300609.06   830%     -    2s
H    0     0                    -39683.61773 -299612.57   655%     -    2s
     0     0 -299612.57    0  459 -39683.618 -299612.57   655%     -    2s
     0     0 -295582.37    0  453 -39683.618 -295582.37   645%     -    2s
     0     0 -295582.37    0  458 -39683.618 -295582.37   645%     -    3s
     0     0 -295582.37    0  455 -39683.618 -295582.37   645%     -    3s
     0     0 -295582.37    0  454 -39683.618 -295582.37   645%     -    3s
H    0     0                    -43211.98682 -293189.70   578%     -    3s
     0     0 -293189.70    0  448 -43211.987 -293189.70   578%     -    3s
H    0     0                    -73325.07047 -291867.28   298%     -    3s
     0     0 -291867.28    0  441 -73325.070 -291867.28   298%     -    3s
     0     0 -291354.41    0  449 -73325.070 -291354.41   297%     -    4s
     0     0 -291087.87    0  439 -73325.070 -291087.87   297%     -    4s
     0     0 -290938.47    0  438 -73325.070 -290938.47   297%     -    4s
     0     0 -290888.83    0  439 -73325.070 -290888.83   297%     -    4s
     0     0 -290886.29    0  439 -73325.070 -290886.29   297%     -    4s
H    0     0                    -74112.93478 -290886.29   292%     -    4s
     0     0 -285602.70    0  425 -74112.935 -285602.70   285%     -    4s
H    0     0                    -77245.86254 -285602.70   270%     -   11s
H    0     0                    -79845.12909 -285602.70   258%     -   11s
H    0     0                    -83365.76205 -285602.70   243%     -   11s
H    0     0                    -84600.70104 -285602.70   238%     -   11s
H    0     0                    -89763.28314 -285602.70   218%     -   11s
H    0     0                    -92273.18210 -285602.70   210%     -   12s
H    0     0                    -92656.89073 -285602.70   208%     -   13s
H    0     0                    -92870.79404 -285602.70   208%     -   13s
H    0     0                    -92912.65575 -285602.70   207%     -   13s
     0     2 -285602.70    0  425 -92912.656 -285602.70   207%     -   14s
     1     4 -261057.89    1  410 -92912.656 -285578.70   207%  2094   15s
    75    89 -80862.442    9  295 -92912.656 -234841.85   153%  1357   20s
   330   316 -138435.52   10  366 -92912.656 -234841.85   153%   686   25s
   528   490 -164019.70    9  351 -92912.656 -225699.58   143%   639   30s
   718   590 -104223.59   11  298 -92912.656 -208810.02   125%   630   35s
H  961   697                    -96605.72854 -203661.16   111%   587   39s
   967   716 -168883.48   10  311 -96605.729 -203661.16   111%   585   40s
H 1061   763                    -99357.69411 -202953.34   104%   577   42s
  1232   847 -128227.64   11  367 -99357.694 -198654.59   100%   566   45s
H 1239   832                    -100647.9524 -198654.59  97.4%   565   45s
  1461   947     cutoff   15      -100647.95 -196918.62  95.7%   556   50s
  1688  1084 -106405.55   14  309 -100647.95 -196070.94  94.8%   549   55s
H 1721  1024                    -101007.9134 -196070.94  94.1%   548   55s
  1869  1163 -92174.848   18  289 -101007.91 -194445.95  92.5%   543   60s
  2132   798 -154740.14   11  425 -101007.91 -185165.00  83.3%   543   75s
  2143   805 -128775.90   14  433 -101007.91 -185165.00  83.3%   540   80s
  2156   814 -142314.49   11  417 -101007.91 -185165.00  83.3%   537   94s
  2157   818 -185165.00   15  407 -101007.91 -185165.00  83.3%   549   95s
  2196   856     cutoff   20      -101007.91 -185165.00  83.3%   575  100s
  2310   903 -174579.69   24  343 -101007.91 -185165.00  83.3%   594  105s
  2420   959 -185165.00   20  369 -101007.91 -185165.00  83.3%   602  110s
  2551  1012 -115762.56   28  294 -101007.91 -185165.00  83.3%   605  115s
  2761  1095 -149654.91   22  350 -101007.91 -185165.00  83.3%   607  120s
  2939  1182 -171690.66   21  381 -101007.91 -185165.00  83.3%   609  125s
  3160  1225 -163529.87   22  357 -101007.91 -185165.00  83.3%   605  130s
  3322  1262 -152595.26   22  370 -101007.91 -185165.00  83.3%   605  135s
  3542  1317 -121733.91   26  245 -101007.91 -184304.18  82.5%   604  140s
  3766  1355 -96472.036   33  238 -101007.91 -181652.39  79.8%   606  146s

Cutting planes:
  Implied bound: 1828
  MIR: 157
  Flow cover: 92
  Zero half: 145
  Relax-and-lift: 49

Explored 3889 nodes (2374312 simplex iterations) in 148.35 seconds (300.01 work units)
Thread count was 10 (of 10 available processors)

Solution count 10: -101008 -100648 -99357.7 ... -86711.5

Work limit reached
Best objective -1.010079134126e+05, best bound -1.816523927489e+05, gap 79.8398%

User-callback calls 40067, time in user-callback 0.05 sec

================================================================================
PRICING SUBPROBLEM TYPE 2 (SF) - ITERATION 46
================================================================================
Timestamp: 2025-12-03T04:05:37.093
Problem size: 25 scenarios, 25 facilities, 50 customers
================================================================================

Gurobi 12.0.3 (mac64[arm]) logging started Wed Dec  3 04:05:37 2025

Set parameter LogFile to value "/Users/arnav/projects/Candidate-Selection-via-Stochastic-IP/CCG/logs/CG_SF_FL_cap91_K2_S25_pricing_20251203_030342.log"
Set parameter LogToConsole to value 0
Set parameter MIPFocus to value 1
Set parameter WorkLimit to value 300

Gurobi 12.0.3 (mac64[arm]) logging started Wed Dec  3 04:05:37 2025

Set parameter LogFile to value "/Users/arnav/projects/Candidate-Selection-via-Stochastic-IP/CCG/logs/CG_SF_FL_cap91_K2_S25_pricing_20251203_030342.log"
Gurobi Optimizer version 12.0.3 build v12.0.3rc0 (mac64[arm] - Darwin 24.6.0 24G84)

CPU model: Apple M4
Thread count: 10 physical cores, 10 logical processors, using up to 10 threads

Non-default parameters:
WorkLimit  300
MIPFocus  1
LogToConsole  0
PoolSearchMode  2

Optimize a model with 3750 rows, 33175 columns and 69996 nonzeros
Model fingerprint: 0xcea9e7e3
Variable types: 32500 continuous, 675 integer (675 binary)
Coefficient statistics:
  Matrix range     [1e+00, 2e+04]
  Objective range  [3e-01, 4e+05]
  Bounds range     [0e+00, 0e+00]
  RHS range        [1e+00, 1e+00]
Found heuristic solution: objective 246638.88309
Presolve removed 629 rows and 16354 columns
Presolve time: 0.05s
Presolved: 3121 rows, 16821 columns, 37292 nonzeros
Variable types: 16146 continuous, 675 integer (675 binary)

Root relaxation: objective -5.373477e+05, 3597 iterations, 0.18 seconds (0.23 work units)

    Nodes    |    Current Node    |     Objective Bounds      |     Work
 Expl Unexpl |  Obj  Depth IntInf | Incumbent    BestBd   Gap | It/Node Time

     0     0 -537347.71    0  567 246638.883 -537347.71   318%     -    0s
H    0     0                    226352.49094 -391708.23   273%     -    1s
H    0     0                    218762.84735 -391708.23   279%     -    1s
H    0     0                    218634.08419 -391708.23   279%     -    1s
H    0     0                    217767.25458 -391708.23   280%     -    1s
H    0     0                    217677.23242 -391708.23   280%     -    1s
     0     0 -391708.23    0  537 217677.232 -391708.23   280%     -    1s
H    0     0                    209702.45814 -391708.23   287%     -    1s
H    0     0                    208633.96140 -391708.23   288%     -    1s
H    0     0                    204650.52174 -391708.23   291%     -    1s
H    0     0                    163496.09212 -382078.42   334%     -    1s
     0     0 -381931.62    0  528 163496.092 -381931.62   334%     -    1s
     0     0 -380334.29    0  529 163496.092 -380334.29   333%     -    1s
     0     0 -380237.96    0  531 163496.092 -380237.96   333%     -    1s
     0     0 -379967.76    0  529 163496.092 -379967.76   332%     -    1s
     0     0 -379949.33    0  530 163496.092 -379949.33   332%     -    1s
     0     0 -379948.81    0  530 163496.092 -379948.81   332%     -    1s
H    0     0                    158340.67163 -348031.11   320%     -    2s
     0     0 -348031.11    0  495 158340.672 -348031.11   320%     -    2s
H    0     0                    97329.855633 -348031.11   458%     -    2s
H    0     0                    48225.954369 -348031.11   822%     -    2s
     0     0 -337731.27    0  497 48225.9544 -337731.27   800%     -    2s
H    0     0                    45886.018361 -335517.10   831%     -    2s
     0     0 -335517.10    0  497 45886.0184 -335517.10   831%     -    2s
     0     0 -334923.85    0  502 45886.0184 -334923.85   830%     -    3s
H    0     0                    40486.377611 -334637.27   927%     -    3s
H    0     0                    36364.683345 -334637.27  1020%     -    3s
     0     0 -334637.27    0  506 36364.6833 -334637.27  1020%     -    3s
     0     0 -334412.90    0  500 36364.6833 -334412.90  1020%     -    3s
     0     0 -334328.29    0  503 36364.6833 -334328.29  1019%     -    3s
     0     0 -334239.09    0  504 36364.6833 -334239.09  1019%     -    3s
     0     0 -334239.02    0  504 36364.6833 -334239.02  1019%     -    3s
     0     0 -317430.18    0  481 36364.6833 -317430.18   973%     -    4s
H    0     0                    22261.711348 -313461.39  1508%     -    4s
     0     0 -313461.39    0  469 22261.7113 -313461.39  1508%     -    4s
H    0     0                    21900.233425 -312228.67  1526%     -    4s
     0     0 -312228.67    0  470 21900.2334 -312228.67  1526%     -    4s
     0     0 -311861.99    0  470 21900.2334 -311861.99  1524%     -    4s
     0     0 -311776.25    0  471 21900.2334 -311776.25  1524%     -    4s
     0     0 -311714.07    0  466 21900.2334 -311714.07  1523%     -    4s
     0     0 -311706.12    0  468 21900.2334 -311706.12  1523%     -    4s
H    0     0                    15734.653463 -311706.12  2081%     -    4s
     0     0 -302025.33    0  473 15734.6535 -302025.33  2019%     -    5s
     0     0 -299755.93    0  461 15734.6535 -299755.93  2005%     -    5s
     0     0 -299020.12    0  468 15734.6535 -299020.12  2000%     -    5s
H    0     0                    12670.855341 -298770.42  2458%     -    5s
H    0     0                    10766.531690 -298770.42  2875%     -    5s
     0     0 -298770.42    0  464 10766.5317 -298770.42  2875%     -    5s
     0     0 -298650.60    0  466 10766.5317 -298650.60  2874%     -    5s
     0     0 -298558.91    0  461 10766.5317 -298558.91  2873%     -    5s
     0     0 -298550.27    0  462 10766.5317 -298550.27  2873%     -    5s
     0     0 -293033.81    0  449 10766.5317 -293033.81  2822%     -    6s
H    0     0                    -47496.78629 -293033.81   517%     -    7s
H    0     0                    -48923.60933 -293033.81   499%     -    7s
H    0     0                    -52774.86564 -293033.81   455%     -   15s
H    0     0                    -53503.41569 -293033.81   448%     -   15s
H    0     0                    -55368.48673 -293033.81   429%     -   15s
H    0     0                    -55961.48397 -293033.81   424%     -   15s
H    0     0                    -73880.30924 -293033.81   297%     -   16s
     0     2 -293033.81    0  449 -73880.309 -293033.81   297%     -   17s
    15    26 -250085.86    4  381 -73880.309 -262679.42   256%  1985   20s
    93   117 -174396.94   10  312 -73880.309 -250041.56   238%  1303   25s
   275   270 -208836.74    6  414 -73880.309 -240565.59   226%   929   30s
   454   443 -52482.444   22  188 -73880.309 -236633.10   220%   836   35s
   588   553 -106697.48   12  430 -73880.309 -229426.54   211%   813   40s
   798   697 -167598.57    9  378 -73880.309 -223741.83   203%   784   46s
   982   865 -73718.525   14  331 -73880.309 -220766.28   199%   762   50s
  1276  1060 -83408.253   13  360 -73880.309 -218827.44   196%   712   55s
  1583  1242 -159144.16   11  335 -73880.309 -213753.24   189%   690   61s
  1781  1433 -185363.97    8  312 -73880.309 -213753.24   189%   684   66s
  1954   950 -73880.309   17  449 -73880.309 -206229.54   179%   679   78s
  1959   953 -144396.66   11  522 -73880.309 -206229.54   179%   678   80s
  1978   966 -73880.309   18  469 -73880.309 -206229.54   179%   671   85s
  1979   967 -142750.94   11  469 -73880.309 -206229.54   179%   671   99s
  1980   970 -206229.54   15  440 -73880.309 -206229.54   179%   687  100s
  2004  1010 -206229.54   19  379 -73880.309 -206229.54   179%   708  105s
  2118  1066 -157510.65   24  269 -73880.309 -206229.54   179%   739  110s
  2263  1131 -77453.618   30  126 -73880.309 -206229.54   179%   745  115s
  2414  1200 -132500.19   26  433 -73880.309 -206229.54   179%   751  120s

Cutting planes:
  Implied bound: 1841
  MIR: 201
  Flow cover: 102
  Zero half: 178
  Relax-and-lift: 62

Explored 2518 nodes (1916185 simplex iterations) in 124.10 seconds (300.39 work units)
Thread count was 10 (of 10 available processors)

Solution count 10: -73880.3 -66011.6 -62311.6 ... -53503.4

Work limit reached
Best objective -7.388030923819e+04, best bound -2.062295402758e+05, gap 179.1401%

User-callback calls 38847, time in user-callback 0.02 sec

================================================================================
PRICING SUBPROBLEM TYPE 2 (SF) - ITERATION 47
================================================================================
Timestamp: 2025-12-03T04:07:48.498
Problem size: 25 scenarios, 25 facilities, 50 customers
================================================================================

Gurobi 12.0.3 (mac64[arm]) logging started Wed Dec  3 04:07:48 2025

Set parameter LogFile to value "/Users/arnav/projects/Candidate-Selection-via-Stochastic-IP/CCG/logs/CG_SF_FL_cap91_K2_S25_pricing_20251203_030342.log"
Set parameter LogToConsole to value 0
Set parameter MIPFocus to value 1
Set parameter WorkLimit to value 300

Gurobi 12.0.3 (mac64[arm]) logging started Wed Dec  3 04:07:48 2025

Set parameter LogFile to value "/Users/arnav/projects/Candidate-Selection-via-Stochastic-IP/CCG/logs/CG_SF_FL_cap91_K2_S25_pricing_20251203_030342.log"
Gurobi Optimizer version 12.0.3 build v12.0.3rc0 (mac64[arm] - Darwin 24.6.0 24G84)

CPU model: Apple M4
Thread count: 10 physical cores, 10 logical processors, using up to 10 threads

Non-default parameters:
WorkLimit  300
MIPFocus  1
LogToConsole  0
PoolSearchMode  2

Optimize a model with 3750 rows, 33175 columns and 69996 nonzeros
Model fingerprint: 0x510bdc4a
Variable types: 32500 continuous, 675 integer (675 binary)
Coefficient statistics:
  Matrix range     [1e+00, 2e+04]
  Objective range  [3e-01, 3e+05]
  Bounds range     [0e+00, 0e+00]
  RHS range        [1e+00, 1e+00]
Found heuristic solution: objective 220546.72341
Presolve removed 629 rows and 16354 columns
Presolve time: 0.03s
Presolved: 3121 rows, 16821 columns, 37292 nonzeros
Variable types: 16146 continuous, 675 integer (675 binary)

Root relaxation: objective -5.152062e+05, 3603 iterations, 0.09 seconds (0.25 work units)

    Nodes    |    Current Node    |     Objective Bounds      |     Work
 Expl Unexpl |  Obj  Depth IntInf | Incumbent    BestBd   Gap | It/Node Time

     0     0 -515206.15    0  563 220546.723 -515206.15   334%     -    0s
H    0     0                    202341.84743 -515206.15   355%     -    0s
H    0     0                    201088.49822 -515206.15   356%     -    0s
H    0     0                    99668.131469 -367851.64   469%     -    0s
     0     0 -367851.64    0  536 99668.1315 -367851.64   469%     -    0s
H    0     0                    98254.382914 -354618.11   461%     -    1s
H    0     0                    77881.083661 -354618.11   555%     -    1s
H    0     0                    77195.478538 -354618.11   559%     -    1s
     0     0 -354164.50    0  533 77195.4785 -354164.50   559%     -    1s
     0     0 -352603.76    0  535 77195.4785 -352603.76   557%     -    1s
     0     0 -352136.28    0  537 77195.4785 -352136.28   556%     -    1s
     0     0 -352130.18    0  537 77195.4785 -352130.18   556%     -    1s
H    0     0                    68314.420601 -314162.03   560%     -    1s
H    0     0                    59842.767966 -314162.03   625%     -    1s
     0     0 -313157.32    0  512 59842.7680 -313157.32   623%     -    1s
H    0     0                    47016.896424 -313157.32   766%     -    1s
H    0     0                    44937.584869 -313157.32   797%     -    1s
     0     0 -304393.14    0  509 44937.5849 -304393.14   777%     -    1s
     0     0 -301810.77    0  512 44937.5849 -301810.77   772%     -    1s
     0     0 -301042.83    0  514 44937.5849 -301042.83   770%     -    2s
     0     0 -300826.36    0  511 44937.5849 -300826.36   769%     -    2s
     0     0 -300775.62    0  511 44937.5849 -300775.62   769%     -    2s
     0     0 -300774.75    0  511 44937.5849 -300774.75   769%     -    2s
H    0     0                    44228.959878 -286415.63   748%     -    2s
     0     0 -286415.63    0  491 44228.9599 -286415.63   748%     -    2s
     0     0 -281916.20    0  503 44228.9599 -281916.20   737%     -    2s
     0     0 -280748.60    0  496 44228.9599 -280748.60   735%     -    2s
     0     0 -280101.12    0  494 44228.9599 -280101.12   733%     -    3s
     0     0 -280038.68    0  493 44228.9599 -280038.68   733%     -    3s
     0     0 -279979.22    0  494 44228.9599 -279979.22   733%     -    3s
     0     0 -279978.19    0  495 44228.9599 -279978.19   733%     -    3s
H    0     0                    36208.656922 -271353.70   849%     -    3s
H    0     0                    36208.656223 -271353.70   849%     -    3s
     0     0 -271353.70    0  477 36208.6562 -271353.70   849%     -    3s
H    0     0                    34010.597309 -271353.70   898%     -    3s
H    0     0                    3469.1980815 -268900.06  7851%     -    3s
     0     0 -268900.06    0  462 3469.19808 -268900.06  7851%     -    3s
     0     0 -268324.46    0  471 3469.19808 -268324.46  7834%     -    4s
     0     0 -268016.96    0  467 3469.19808 -268016.96  7826%     -    4s
     0     0 -267941.40    0  460 3469.19808 -267941.40  7823%     -    4s
     0     0 -267934.15    0  457 3469.19808 -267934.15  7823%     -    4s
H    0     0                    2870.6492631 -267934.15  9434%     -    4s
H    0     0                     491.8211131 -267934.15      -     -    4s
H    0     0                    -37291.32833 -267934.15   618%     -    4s
     0     0 -263093.43    0  453 -37291.328 -263093.43   606%     -    5s
H    0     0                    -42490.45885 -263093.43   519%     -   11s
H    0     0                    -46435.47420 -263093.43   467%     -   12s
H    0     0                    -50113.49001 -263093.43   425%     -   12s
H    0     0                    -58228.44389 -263093.43   352%     -   13s
H    0     0                    -58480.84488 -263093.43   350%     -   13s
H    0     0                    -59881.43849 -263093.43   339%     -   13s
H    0     0                    -60611.83193 -263093.43   334%     -   13s
H    0     0                    -63884.43520 -263093.43   312%     -   14s
H    0     0                    -64790.60885 -263093.43   306%     -   14s
     0     2 -263093.43    0  453 -64790.609 -263093.43   306%     -   14s
     3     8 -144367.72    2  439 -64790.609 -252131.85   289%  2459   15s
    74    92 -43311.223   11  327 -64790.609 -223341.75   245%  1475   20s
   262   261 -93899.567   17  348 -64790.609 -210845.82   225%   912   25s
   455   437 -150993.50   11  295 -64790.609 -203289.27   214%   743   30s
   785   649 -164085.89    7  379 -64790.609 -196506.13   203%   665   35s
   947   765     cutoff   18      -64790.609 -192281.19   197%   656   40s
  1210   976 -71720.935   14  339 -64790.609 -183548.39   183%   627   45s
  1467  1151 -127424.83   12  314 -64790.609 -182391.60   182%   615   50s
  1718  1333 -90013.235   16  298 -64790.609 -178840.68   176%   599   55s
  1932   866 -82809.897   16  453 -64790.609 -178840.68   176%   582   66s
  1950   878 -74017.764    9  436 -64790.609 -178840.68   176%   577   70s
  1957   883 -119701.06   11  443 -64790.609 -178840.68   176%   575   81s
  1982   917 -112608.92   19  375 -64790.609 -178840.68   176%   603   85s
  2089   980 -76132.162   24  281 -64790.609 -178840.68   176%   635   90s
H 2127   932                    -65158.70903 -178840.68   174%   638   90s
  2265   981 -155910.48   24  432 -65158.709 -178840.68   174%   648   95s
H 2288   942                    -65269.20917 -178840.68   174%   649   96s
H 2294   900                    -65828.19739 -178840.68   172%   649   96s
  2429   969 -62855.472   34  180 -65828.197 -178840.68   172%   648  100s
  2599  1031 -69447.134   36  150 -65828.197 -178840.68   172%   648  105s
  2749  1051 -135461.17   25  356 -65828.197 -178840.68   172%   646  110s
  3023  1145 -112118.00   29  308 -65828.197 -178840.68   172%   647  115s
  3181  1139 -91530.199   28  318 -65828.197 -176332.03   168%   645  120s

Cutting planes:
  Implied bound: 1893
  MIR: 190
  Flow cover: 98
  Zero half: 148
  RLT: 1
  Relax-and-lift: 56

Explored 3392 nodes (2191872 simplex iterations) in 123.22 seconds (300.85 work units)
Thread count was 10 (of 10 available processors)

Solution count 10: -65828.2 -65269.2 -65158.7 ... -58480.8

Work limit reached
Best objective -6.582819739179e+04, best bound -1.715093239363e+05, gap 160.5408%

User-callback calls 38471, time in user-callback 0.02 sec

================================================================================
PRICING SUBPROBLEM TYPE 2 (SF) - ITERATION 48
================================================================================
Timestamp: 2025-12-03T04:09:57.054
Problem size: 25 scenarios, 25 facilities, 50 customers
================================================================================

Gurobi 12.0.3 (mac64[arm]) logging started Wed Dec  3 04:09:57 2025

Set parameter LogFile to value "/Users/arnav/projects/Candidate-Selection-via-Stochastic-IP/CCG/logs/CG_SF_FL_cap91_K2_S25_pricing_20251203_030342.log"
Set parameter LogToConsole to value 0
Set parameter MIPFocus to value 1
Set parameter WorkLimit to value 300

Gurobi 12.0.3 (mac64[arm]) logging started Wed Dec  3 04:09:57 2025

Set parameter LogFile to value "/Users/arnav/projects/Candidate-Selection-via-Stochastic-IP/CCG/logs/CG_SF_FL_cap91_K2_S25_pricing_20251203_030342.log"
Gurobi Optimizer version 12.0.3 build v12.0.3rc0 (mac64[arm] - Darwin 24.6.0 24G84)

CPU model: Apple M4
Thread count: 10 physical cores, 10 logical processors, using up to 10 threads

Non-default parameters:
WorkLimit  300
MIPFocus  1
LogToConsole  0
PoolSearchMode  2

Optimize a model with 3750 rows, 33175 columns and 69996 nonzeros
Model fingerprint: 0x6e04502b
Variable types: 32500 continuous, 675 integer (675 binary)
Coefficient statistics:
  Matrix range     [1e+00, 2e+04]
  Objective range  [3e-01, 4e+05]
  Bounds range     [0e+00, 0e+00]
  RHS range        [1e+00, 1e+00]
Found heuristic solution: objective 221111.03510
Presolve removed 629 rows and 16354 columns
Presolve time: 0.03s
Presolved: 3121 rows, 16821 columns, 37292 nonzeros
Variable types: 16146 continuous, 675 integer (675 binary)

Root relaxation: objective -5.267542e+05, 3550 iterations, 0.09 seconds (0.22 work units)

    Nodes    |    Current Node    |     Objective Bounds      |     Work
 Expl Unexpl |  Obj  Depth IntInf | Incumbent    BestBd   Gap | It/Node Time

     0     0 -526754.17    0  561 221111.035 -526754.17   338%     -    0s
H    0     0                    219532.18926 -385549.46   276%     -    0s
H    0     0                    212341.36253 -385549.46   282%     -    0s
H    0     0                    210412.41068 -385549.46   283%     -    0s
     0     0 -384976.31    0  538 210412.411 -384976.31   283%     -    0s
     0     0 -374132.94    0  515 210412.411 -374132.94   278%     -    0s
H    0     0                    46346.470501 -372338.69   903%     -    0s
     0     0 -372338.69    0  515 46346.4705 -372338.69   903%     -    0s
     0     0 -371950.56    0  515 46346.4705 -371950.56   903%     -    0s
     0     0 -371915.56    0  515 46346.4705 -371915.56   902%     -    0s
     0     0 -371913.58    0  514 46346.4705 -371913.58   902%     -    1s
     0     0 -339492.80    0  499 46346.4705 -339492.80   833%     -    1s
     0     0 -330263.01    0  501 46346.4705 -330263.01   813%     -    1s
     0     0 -327814.06    0  500 46346.4705 -327814.06   807%     -    1s
     0     0 -327232.29    0  520 46346.4705 -327232.29   806%     -    1s
H    0     0                    35827.128743 -327022.44  1013%     -    1s
     0     0 -327022.44    0  497 35827.1287 -327022.44  1013%     -    1s
     0     0 -326971.21    0  514 35827.1287 -326971.21  1013%     -    1s
H    0     0                    23622.881010 -326968.86  1484%     -    1s
     0     0 -326968.86    0  509 23622.8810 -326968.86  1484%     -    1s
     0     0 -312432.17    0  482 23622.8810 -312432.17  1423%     -    2s
H    0     0                    21292.318585 -312432.17  1567%     -    2s
     0     0 -308499.50    0  474 21292.3186 -308499.50  1549%     -    2s
     0     0 -307150.78    0  470 21292.3186 -307150.78  1543%     -    2s
     0     0 -306608.44    0  463 21292.3186 -306608.44  1540%     -    2s
     0     0 -306479.45    0  465 21292.3186 -306479.45  1539%     -    2s
     0     0 -306317.83    0  462 21292.3186 -306317.83  1539%     -    2s
     0     0 -306301.40    0  465 21292.3186 -306301.40  1539%     -    2s
H    0     0                    -27507.05474 -296013.61   976%     -    3s
     0     0 -296013.61    0  466 -27507.055 -296013.61   976%     -    3s
     0     0 -293369.44    0  470 -27507.055 -293369.44   967%     -    3s
     0     0 -292540.88    0  456 -27507.055 -292540.88   964%     -    3s
     0     0 -292375.86    0  457 -27507.055 -292375.86   963%     -    3s
     0     0 -292305.91    0  458 -27507.055 -292305.91   963%     -    3s
     0     0 -292256.08    0  461 -27507.055 -292256.08   962%     -    3s
     0     0 -292219.71    0  458 -27507.055 -292219.71   962%     -    3s
     0     0 -292216.67    0  459 -27507.055 -292216.67   962%     -    3s
H    0     0                    -43922.64918 -292216.67   565%     -    4s
     0     0 -285026.68    0  444 -43922.649 -285026.68   549%     -    4s
H    0     0                    -47575.04474 -285026.68   499%     -   11s
H    0     0                    -56315.15747 -285026.68   406%     -   11s
H    0     0                    -57891.20941 -285026.68   392%     -   11s
H    0     0                    -70283.07497 -285026.68   306%     -   12s
     0     2 -285026.68    0  444 -70283.075 -285026.68   306%     -   13s
     3     8 -258719.36    2  407 -70283.075 -265548.77   278%  2006   15s
    99   110 -144286.51   11  279 -70283.075 -245188.12   249%  1260   20s
   289   284 -191745.78    5  405 -70283.075 -227587.19   224%   828   25s
   399   395 -114135.39   13  339 -70283.075 -219408.35   212%   819   30s
   602   575 -92987.700   12  327 -70283.075 -217445.06   209%   746   35s
   786   660 -103521.00   16  323 -70283.075 -210423.37   199%   717   40s
  1025   870 -160622.05    8  370 -70283.075 -202502.30   188%   694   45s
  1293  1096 -89270.135   13  383 -70283.075 -202502.30   188%   682   51s
  1458  1243 -64906.498   17  296 -70283.075 -198222.77   182%   690   55s
  1649  1404 -50276.602   19  316 -70283.075 -198222.77   182%   683   61s
  1868   951 -70283.075   15  444 -70283.075 -194571.59   177%   670   74s
  1871   953 -87800.454   20  537 -70283.075 -194571.59   177%   669   75s
  1886   963 -152939.75    9  433 -70283.075 -194571.59   177%   664   80s
  1890   966 -86285.010   14  443 -70283.075 -194571.59   177%   663   94s
  1891   969 -194571.59   15  414 -70283.075 -194571.59   177%   677   95s
  1915  1007 -194571.59   19  347 -70283.075 -194571.59   177%   701  100s
  2042  1079 -60345.660   24  300 -70283.075 -194571.59   177%   732  106s
  2158  1133     cutoff   31      -70283.075 -194571.59   177%   736  110s
  2299  1157 -170511.89   22  323 -70283.075 -194571.59   177%   742  115s
  2429  1243 -134717.10   26  243 -70283.075 -194571.59   177%   747  120s
  2581  1312 -161097.89   20  384 -70283.075 -194571.59   177%   747  125s

Cutting planes:
  Implied bound: 1811
  MIR: 210
  Flow cover: 115
  Zero half: 128
  Relax-and-lift: 57

Explored 2646 nodes (1988809 simplex iterations) in 125.58 seconds (300.31 work units)
Thread count was 10 (of 10 available processors)

Solution count 10: -70283.1 -57891.2 -56315.2 ... -40243

Work limit reached
Best objective -7.028307497409e+04, best bound -1.945715914524e+05, gap 176.8399%

User-callback calls 36459, time in user-callback 0.02 sec

================================================================================
PRICING SUBPROBLEM TYPE 2 (SF) - ITERATION 49
================================================================================
Timestamp: 2025-12-03T04:12:09.618
Problem size: 25 scenarios, 25 facilities, 50 customers
================================================================================

Gurobi 12.0.3 (mac64[arm]) logging started Wed Dec  3 04:12:09 2025

Set parameter LogFile to value "/Users/arnav/projects/Candidate-Selection-via-Stochastic-IP/CCG/logs/CG_SF_FL_cap91_K2_S25_pricing_20251203_030342.log"
Set parameter LogToConsole to value 0
Set parameter MIPFocus to value 1
Set parameter WorkLimit to value 300

Gurobi 12.0.3 (mac64[arm]) logging started Wed Dec  3 04:12:09 2025

Set parameter LogFile to value "/Users/arnav/projects/Candidate-Selection-via-Stochastic-IP/CCG/logs/CG_SF_FL_cap91_K2_S25_pricing_20251203_030342.log"
Gurobi Optimizer version 12.0.3 build v12.0.3rc0 (mac64[arm] - Darwin 24.6.0 24G84)

CPU model: Apple M4
Thread count: 10 physical cores, 10 logical processors, using up to 10 threads

Non-default parameters:
WorkLimit  300
MIPFocus  1
LogToConsole  0
PoolSearchMode  2

Optimize a model with 3750 rows, 33175 columns and 69996 nonzeros
Model fingerprint: 0x32e453bf
Variable types: 32500 continuous, 675 integer (675 binary)
Coefficient statistics:
  Matrix range     [1e+00, 2e+04]
  Objective range  [3e-01, 3e+05]
  Bounds range     [0e+00, 0e+00]
  RHS range        [1e+00, 1e+00]
Found heuristic solution: objective 175595.93766
Presolve removed 629 rows and 16354 columns
Presolve time: 0.03s
Presolved: 3121 rows, 16821 columns, 37292 nonzeros
Variable types: 16146 continuous, 675 integer (675 binary)

Root relaxation: objective -5.018482e+05, 3259 iterations, 0.08 seconds (0.20 work units)

    Nodes    |    Current Node    |     Objective Bounds      |     Work
 Expl Unexpl |  Obj  Depth IntInf | Incumbent    BestBd   Gap | It/Node Time

     0     0 -501848.23    0  560 175595.938 -501848.23   386%     -    0s
H    0     0                    169605.52731 -501848.23   396%     -    0s
H    0     0                    169129.51616 -501848.23   397%     -    0s
H    0     0                    157254.07126 -501848.23   419%     -    0s
     0     0 -357481.08    0  536 157254.071 -357481.08   327%     -    0s
H    0     0                    151786.58430 -357481.08   336%     -    0s
H    0     0                    147661.45647 -357481.08   342%     -    0s
H    0     0                    147086.73982 -357481.08   343%     -    0s
H    0     0                    139737.69126 -357481.08   356%     -    0s
H    0     0                    139397.34719 -357481.08   356%     -    0s
H    0     0                    126519.01397 -343102.72   371%     -    1s
     0     0 -342381.11    0  518 126519.014 -342381.11   371%     -    1s
     0     0 -341625.94    0  515 126519.014 -341625.94   370%     -    1s
     0     0 -341108.27    0  513 126519.014 -341108.27   370%     -    1s
     0     0 -341023.32    0  515 126519.014 -341023.32   370%     -    1s
     0     0 -341023.00    0  514 126519.014 -341023.00   370%     -    1s
     0     0 -307001.89    0  504 126519.014 -307001.89   343%     -    1s
H    0     0                    102496.09481 -307001.89   400%     -    1s
H    0     0                    81326.130725 -307001.89   477%     -    1s
H    0     0                    73346.982605 -307001.89   519%     -    1s
H    0     0                    63522.586903 -307001.89   583%     -    1s
H    0     0                    62879.672274 -307001.89   588%     -    1s
     0     0 -298697.37    0  497 62879.6723 -298697.37   575%     -    1s
     0     0 -295360.07    0  493 62879.6723 -295360.07   570%     -    2s
     0     0 -294919.51    0  499 62879.6723 -294919.51   569%     -    2s
     0     0 -294578.39    0  497 62879.6723 -294578.39   568%     -    2s
     0     0 -294350.25    0  500 62879.6723 -294350.25   568%     -    2s
     0     0 -294283.89    0  502 62879.6723 -294283.89   568%     -    2s
     0     0 -294270.79    0  501 62879.6723 -294270.79   568%     -    2s
H    0     0                    59804.552199 -279155.24   567%     -    2s
H    0     0                    53042.215281 -279155.24   626%     -    2s
H    0     0                    46797.327553 -279155.24   697%     -    2s
     0     0 -279155.24    0  474 46797.3276 -279155.24   697%     -    2s
     0     0 -275337.53    0  484 46797.3276 -275337.53   688%     -    2s
     0     0 -273477.58    0  469 46797.3276 -273477.58   684%     -    2s
H    0     0                    27356.592158 -273168.72  1099%     -    2s
     0     0 -273168.72    0  477 27356.5922 -273168.72  1099%     -    2s
     0     0 -272928.14    0  481 27356.5922 -272928.14  1098%     -    3s
     0     0 -272770.43    0  474 27356.5922 -272770.43  1097%     -    3s
     0     0 -272746.05    0  475 27356.5922 -272746.05  1097%     -    3s
     0     0 -272742.63    0  474 27356.5922 -272742.63  1097%     -    3s
H    0     0                    16511.025397 -262793.40  1692%     -    3s
     0     0 -262793.40    0  459 16511.0254 -262793.40  1692%     -    3s
H    0     0                    -17607.83880 -262793.40  1392%     -    3s
     0     0 -261421.91    0  469 -17607.839 -261421.91  1385%     -    3s
     0     0 -260790.46    0  464 -17607.839 -260790.46  1381%     -    3s
     0     0 -260679.24    0  467 -17607.839 -260679.24  1380%     -    3s
     0     0 -260575.41    0  460 -17607.839 -260575.41  1380%     -    3s
     0     0 -260564.00    0  460 -17607.839 -260564.00  1380%     -    3s
     0     0 -255169.44    0  453 -17607.839 -255169.44  1349%     -    4s
H    0     0                    -24490.70564 -255169.44   942%     -    5s
H    0     0                    -25163.92820 -255169.44   914%     -    8s
H    0     0                    -25669.51152 -255169.44   894%     -    8s
H    0     0                    -30293.97384 -255169.44   742%     -    8s
H    0     0                    -31907.39733 -255169.44   700%     -   10s
H    0     0                    -38598.09303 -255169.44   561%     -   11s
H    0     0                    -41158.53708 -255169.44   520%     -   12s
H    0     0                    -47393.05847 -255169.44   438%     -   12s
H    0     0                    -48164.27839 -255169.44   430%     -   12s
     0     2 -255169.44    0  453 -48164.278 -255169.44   430%     -   13s
     7    16 -150376.38    3  415 -48164.278 -234302.13   386%  1931   15s
   106   122 -77983.237   10  292 -48164.278 -218537.39   354%  1097   20s
   291   299 -176964.96    7  357 -48164.278 -201236.36   318%   806   25s
   497   477 -156948.58    6  372 -48164.278 -189405.24   293%   700   30s
   711   674 -93881.555   14  294 -48164.278 -188966.33   292%   664   35s
   870   824 -47285.201   18  323 -48164.278 -176047.96   266%   647   40s
  1097   898 -36042.682   16  337 -48164.278 -176047.96   266%   616   46s
  1377  1130 -131963.92   12  322 -48164.278 -174042.81   261%   593   50s
H 1572  1191                    -49105.43372 -167662.38   241%   575   53s
H 1579  1129                    -50242.11728 -167662.38   234%   576   53s
  1595  1148 -102226.38    9  383 -50242.117 -167662.38   234%   576   55s
  1878  1362     cutoff   18      -50242.117 -165439.41   229%   565   60s
  2010   859 -76684.743   15  453 -50242.117 -165439.41   229%   552   70s
  2028   871 -79320.514   14  438 -50242.117 -165439.41   229%   547   75s
  2033   874 -50242.117   49  429 -50242.117 -165439.41   229%   545   91s
  2058   914 -106478.84   19  362 -50242.117 -165439.41   229%   573   95s
  2177   998 -57323.071   26  260 -50242.117 -165439.41   229%   605  100s
  2312  1028 -165439.41   22  334 -50242.117 -165439.41   229%   613  105s
  2462  1105     cutoff   31      -50242.117 -165439.41   229%   629  110s
  2612  1165 -143039.18   24  370 -50242.117 -165439.41   229%   633  115s
  2783  1225 -119774.81   25  318 -50242.117 -165439.41   229%   637  120s
  2988  1313 -62567.919   30  262 -50242.117 -165439.41   229%   642  125s
  3174  1388 -49268.575   32  232 -50242.117 -164644.82   228%   641  130s

Cutting planes:
  Implied bound: 1875
  MIR: 209
  Flow cover: 138
  Zero half: 120
  Relax-and-lift: 54

Explored 3428 nodes (2166243 simplex iterations) in 134.72 seconds (300.87 work units)
Thread count was 10 (of 10 available processors)

Solution count 10: -50242.1 -49640 -49105.4 ... -39369.3

Work limit reached
Best objective -5.024211728230e+04, best bound -1.611727167540e+05, gap 220.7920%

User-callback calls 38595, time in user-callback 0.03 sec

================================================================================
PRICING SUBPROBLEM TYPE 2 (SF) - ITERATION 50
================================================================================
Timestamp: 2025-12-03T04:14:30.535
Problem size: 25 scenarios, 25 facilities, 50 customers
================================================================================

Gurobi 12.0.3 (mac64[arm]) logging started Wed Dec  3 04:14:30 2025

Set parameter LogFile to value "/Users/arnav/projects/Candidate-Selection-via-Stochastic-IP/CCG/logs/CG_SF_FL_cap91_K2_S25_pricing_20251203_030342.log"
Set parameter LogToConsole to value 0
Set parameter MIPFocus to value 1
Set parameter WorkLimit to value 300

Gurobi 12.0.3 (mac64[arm]) logging started Wed Dec  3 04:14:30 2025

Set parameter LogFile to value "/Users/arnav/projects/Candidate-Selection-via-Stochastic-IP/CCG/logs/CG_SF_FL_cap91_K2_S25_pricing_20251203_030342.log"
Gurobi Optimizer version 12.0.3 build v12.0.3rc0 (mac64[arm] - Darwin 24.6.0 24G84)

CPU model: Apple M4
Thread count: 10 physical cores, 10 logical processors, using up to 10 threads

Non-default parameters:
WorkLimit  300
MIPFocus  1
LogToConsole  0
PoolSearchMode  2

Optimize a model with 3750 rows, 33175 columns and 69996 nonzeros
Model fingerprint: 0x25bb0335
Variable types: 32500 continuous, 675 integer (675 binary)
Coefficient statistics:
  Matrix range     [1e+00, 2e+04]
  Objective range  [3e-01, 3e+05]
  Bounds range     [0e+00, 0e+00]
  RHS range        [1e+00, 1e+00]
Found heuristic solution: objective 204701.15416
Presolve removed 629 rows and 16354 columns
Presolve time: 0.04s
Presolved: 3121 rows, 16821 columns, 37292 nonzeros
Variable types: 16146 continuous, 675 integer (675 binary)

Root relaxation: objective -5.255478e+05, 3420 iterations, 0.11 seconds (0.23 work units)

    Nodes    |    Current Node    |     Objective Bounds      |     Work
 Expl Unexpl |  Obj  Depth IntInf | Incumbent    BestBd   Gap | It/Node Time

     0     0 -525547.82    0  554 204701.154 -525547.82   357%     -    0s
H    0     0                    199721.00548 -379491.16   290%     -    0s
H    0     0                    194418.71043 -379491.16   295%     -    0s
     0     0 -379491.16    0  533 194418.710 -379491.16   295%     -    0s
H    0     0                    188155.79424 -379491.16   302%     -    1s
H    0     0                    187619.24933 -379491.16   302%     -    1s
H    0     0                    186993.48111 -379491.16   303%     -    1s
H    0     0                    180691.27826 -379491.16   310%     -    1s
H    0     0                    130868.75278 -366297.72   380%     -    1s
H    0     0                    121554.53475 -366297.72   401%     -    1s
H    0     0                    67000.416588 -366297.72   647%     -    1s
     0     0 -366297.72    0  517 67000.4166 -366297.72   647%     -    1s
     0     0 -364257.56    0  513 67000.4166 -364257.56   644%     -    1s
     0     0 -363474.06    0  513 67000.4166 -363474.06   642%     -    1s
     0     0 -363437.61    0  515 67000.4166 -363437.61   642%     -    1s
     0     0 -363426.74    0  514 67000.4166 -363426.74   642%     -    1s
     0     0 -327456.55    0  512 67000.4166 -327456.55   589%     -    1s
H    0     0                    24293.784818 -327456.55  1448%     -    1s
     0     0 -318349.74    0  498 24293.7848 -318349.74  1410%     -    2s
     0     0 -316615.54    0  513 24293.7848 -316615.54  1403%     -    2s
     0     0 -315399.85    0  508 24293.7848 -315399.85  1398%     -    2s
     0     0 -315026.06    0  512 24293.7848 -315026.06  1397%     -    2s
     0     0 -314958.16    0  513 24293.7848 -314958.16  1396%     -    2s
     0     0 -314827.06    0  515 24293.7848 -314827.06  1396%     -    2s
     0     0 -314788.20    0  514 24293.7848 -314788.20  1396%     -    2s
     0     0 -314783.08    0  515 24293.7848 -314783.08  1396%     -    2s
     0     0 -294475.66    0  479 24293.7848 -294475.66  1312%     -    3s
     0     0 -290031.58    0  490 24293.7848 -290031.58  1294%     -    3s
     0     0 -288023.69    0  479 24293.7848 -288023.69  1286%     -    3s
     0     0 -287079.28    0  481 24293.7848 -287079.28  1282%     -    3s
     0     0 -287028.88    0  473 24293.7848 -287028.88  1281%     -    3s
     0     0 -286991.55    0  480 24293.7848 -286991.55  1281%     -    3s
     0     0 -286975.40    0  476 24293.7848 -286975.40  1281%     -    3s
H    0     0                    8160.0054976 -286975.40  3617%     -    3s
     0     0 -278976.73    0  477 8160.00550 -278976.73  3519%     -    4s
H    0     0                    3659.8887898 -278976.73  7723%     -    4s
     0     0 -277439.77    0  487 3659.88879 -277439.77  7681%     -    4s
     0     0 -276741.53    0  480 3659.88879 -276741.53  7661%     -    4s
     0     0 -276395.12    0  483 3659.88879 -276395.12  7652%     -    4s
     0     0 -276237.48    0  484 3659.88879 -276237.48  7648%     -    4s
     0     0 -276210.92    0  481 3659.88879 -276210.92  7647%     -    4s
     0     0 -276176.98    0  489 3659.88879 -276176.98  7646%     -    4s
     0     0 -276162.13    0  489 3659.88879 -276162.13  7646%     -    4s
     0     0 -270173.57    0  459 3659.88879 -270173.57  7482%     -    5s
H    0     0                    -3361.855351 -270173.57  7936%     -    6s
H    0     0                    -7137.734233 -270173.57  3685%     -    6s
H    0     0                    -15470.15324 -270173.57  1646%     -   13s
H    0     0                    -21715.95775 -270173.57  1144%     -   14s
H    0     0                    -48327.36364 -270173.57   459%     -   14s
H    0     0                    -51957.93198 -270173.57   420%     -   14s
H    0     0                    -65168.50185 -270173.57   315%     -   16s
     0     2 -270173.57    0  459 -65168.502 -270173.57   315%     -   16s
    25    48 -124337.22    5  376 -65168.502 -231052.66   255%  1993   20s
H   60    70                    -67049.16811 -231052.66   245%  1458   21s
   119   133 -75431.262   15  243 -67049.168 -231052.66   245%  1212   25s
H  179   189                    -77181.66968 -231052.66   199%   989   26s
H  186   189                    -84127.53304 -231052.66   175%   971   26s
   298   291 -206304.55    7  384 -84127.533 -223935.83   166%   842   30s
   500   471          -   36      -84127.533 -207706.98   147%   760   36s
   599   550 -88719.332   14  306 -84127.533 -207706.98   147%   757   41s
   730   601 -109107.04   13  290 -84127.533 -207706.98   147%   747   45s
   902   788 -160175.64    7  389 -84127.533 -195893.34   133%   721   50s
  1084   832 -155099.96    8  344 -84127.533 -191241.17   127%   694   55s
  1224   944 -169416.29   10  319 -84127.533 -189478.80   125%   689   61s
  1433  1105 -124891.27   10  400 -84127.533 -189034.67   125%   681   66s
  1649  1278 -107196.32   14  296 -84127.533 -180051.08   114%   679   72s
  1820  1354     cutoff   18      -84127.533 -179833.02   114%   672   75s
  2069   933 -137612.14   13  459 -84127.533 -177864.47   111%   656   91s
  2085   944 -97474.738   13  460 -84127.533 -177864.47   111%   651   95s
  2092   948 -86467.663   15  456 -84127.533 -177864.47   111%   649  110s
  2117   989 -120811.60   19  366 -84127.533 -177864.47   111%   679  115s
  2198  1038 -91888.136   24  290 -84127.533 -177864.47   111%   707  120s
  2304  1068 -67380.017   32  244 -84127.533 -177864.47   111%   719  125s
  2417  1126 -123770.96   26  350 -84127.533 -177864.47   111%   737  130s
  2548  1187 -144514.25   24  354 -84127.533 -177864.47   111%   741  135s

Cutting planes:
  Implied bound: 1861
  MIR: 210
  Flow cover: 113
  Zero half: 120
  Relax-and-lift: 54

Explored 2628 nodes (1982537 simplex iterations) in 137.92 seconds (300.17 work units)
Thread count was 10 (of 10 available processors)

Solution count 10: -84127.5 -77181.7 -72972.3 ... -62967.4

Work limit reached
Best objective -8.412753304303e+04, best bound -1.778644652267e+05, gap 111.4224%

User-callback calls 37714, time in user-callback 0.03 sec

================================================================================
PRICING SUBPROBLEM TYPE 2 (SF) - ITERATION 51
================================================================================
Timestamp: 2025-12-03T04:16:52.838
Problem size: 25 scenarios, 25 facilities, 50 customers
================================================================================

Gurobi 12.0.3 (mac64[arm]) logging started Wed Dec  3 04:16:52 2025

Set parameter LogFile to value "/Users/arnav/projects/Candidate-Selection-via-Stochastic-IP/CCG/logs/CG_SF_FL_cap91_K2_S25_pricing_20251203_030342.log"
Set parameter LogToConsole to value 0
Set parameter MIPFocus to value 1
Set parameter WorkLimit to value 300

Gurobi 12.0.3 (mac64[arm]) logging started Wed Dec  3 04:16:52 2025

Set parameter LogFile to value "/Users/arnav/projects/Candidate-Selection-via-Stochastic-IP/CCG/logs/CG_SF_FL_cap91_K2_S25_pricing_20251203_030342.log"
Gurobi Optimizer version 12.0.3 build v12.0.3rc0 (mac64[arm] - Darwin 24.6.0 24G84)

CPU model: Apple M4
Thread count: 10 physical cores, 10 logical processors, using up to 10 threads

Non-default parameters:
WorkLimit  300
MIPFocus  1
LogToConsole  0
PoolSearchMode  2

Optimize a model with 3750 rows, 33175 columns and 69996 nonzeros
Model fingerprint: 0x4309925c
Variable types: 32500 continuous, 675 integer (675 binary)
Coefficient statistics:
  Matrix range     [1e+00, 2e+04]
  Objective range  [3e-01, 4e+05]
  Bounds range     [0e+00, 0e+00]
  RHS range        [1e+00, 1e+00]
Found heuristic solution: objective 229845.87259
Presolve removed 629 rows and 16354 columns
Presolve time: 0.03s
Presolved: 3121 rows, 16821 columns, 37292 nonzeros
Variable types: 16146 continuous, 675 integer (675 binary)

Root relaxation: objective -5.295216e+05, 3473 iterations, 0.08 seconds (0.20 work units)

    Nodes    |    Current Node    |     Objective Bounds      |     Work
 Expl Unexpl |  Obj  Depth IntInf | Incumbent    BestBd   Gap | It/Node Time

     0     0 -529521.55    0  575 229845.873 -529521.55   330%     -    0s
H    0     0                    160734.12918 -385398.09   340%     -    0s
     0     0 -385398.09    0  543 160734.129 -385398.09   340%     -    0s
H    0     0                    65562.455104 -385398.09   688%     -    0s
H    0     0                    53032.005793 -385398.09   827%     -    0s
     0     0 -373978.21    0  543 53032.0058 -373978.21   805%     -    0s
     0     0 -372141.28    0  545 53032.0058 -372141.28   802%     -    1s
     0     0 -371761.55    0  541 53032.0058 -371761.55   801%     -    1s
     0     0 -371620.10    0  541 53032.0058 -371620.10   801%     -    1s
     0     0 -371619.77    0  541 53032.0058 -371619.77   801%     -    1s
     0     0 -337238.91    0  510 53032.0058 -337238.91   736%     -    1s
H    0     0                    35830.614916 -337238.91  1041%     -    1s
H    0     0                    17327.421638 -337238.91  2046%     -    1s
H    0     0                    17324.177057 -337238.91  2047%     -    1s
     0     0 -327633.28    0  504 17324.1771 -327633.28  1991%     -    1s
     0     0 -324974.52    0  498 17324.1771 -324974.52  1976%     -    1s
     0     0 -324069.06    0  501 17324.1771 -324069.06  1971%     -    2s
     0     0 -323774.30    0  502 17324.1771 -323774.30  1969%     -    2s
     0     0 -323633.79    0  503 17324.1771 -323633.79  1968%     -    2s
     0     0 -323616.24    0  505 17324.1771 -323616.24  1968%     -    2s
     0     0 -306777.86    0  477 17324.1771 -306777.86  1871%     -    2s
     0     0 -300567.38    0  481 17324.1771 -300567.38  1835%     -    2s
     0     0 -299286.78    0  478 17324.1771 -299286.78  1828%     -    2s
     0     0 -298864.53    0  474 17324.1771 -298864.53  1825%     -    2s
     0     0 -298493.65    0  475 17324.1771 -298493.65  1823%     -    2s
     0     0 -298295.18    0  475 17324.1771 -298295.18  1822%     -    2s
     0     0 -298259.86    0  476 17324.1771 -298259.86  1822%     -    2s
     0     0 -298236.92    0  474 17324.1771 -298236.92  1822%     -    2s
     0     0 -298236.66    0  475 17324.1771 -298236.66  1822%     -    2s
     0     0 -289637.12    0  471 17324.1771 -289637.12  1772%     -    3s
     0     0 -285184.92    0  460 17324.1771 -285184.92  1746%     -    3s
     0     0 -284653.84    0  463 17324.1771 -284653.84  1743%     -    3s
     0     0 -284478.24    0  464 17324.1771 -284478.24  1742%     -    3s
     0     0 -284364.48    0  460 17324.1771 -284364.48  1741%     -    3s
     0     0 -284354.33    0  465 17324.1771 -284354.33  1741%     -    3s
H    0     0                    14484.631818 -284354.33  2063%     -    4s
H    0     0                    13334.874374 -284354.33  2232%     -    4s
     0     0 -278076.68    0  455 13334.8744 -278076.68  2185%     -    4s
H    0     0                    1799.6812622 -278076.68      -     -    8s
H    0     0                    -6556.461275 -278076.68  4141%     -   11s
H    0     0                    -19483.33224 -278076.68  1327%     -   11s
H    0     0                    -25044.58410 -278076.68  1010%     -   11s
     0     2 -278076.68    0  455 -25044.584 -278076.68  1010%     -   13s
     7    16 -231670.12    3  404 -25044.584 -255116.54   919%  2047   15s
H   35    46                    -26373.68175 -228828.29   768%  1972   17s
H   37    46                    -28276.34270 -228828.29   709%  1920   17s
    80    92 -88251.783   10  304 -28276.343 -228828.29   709%  1597   20s
H  198   208                    -29334.56249 -224709.43   666%  1106   24s
H  200   208                    -32828.85327 -224709.43   584%  1097   24s
*  213   228              29    -34212.92211 -224709.43   557%  1074   24s
   239   246          -   32      -34212.922 -224709.43   557%  1019   25s
   415   370 -168433.84    7  383 -34212.922 -218841.35   540%   849   30s
   578   518 -14140.018   20  291 -34212.922 -218841.35   540%   809   35s
   748   648 -52299.476   18  376 -34212.922 -206561.61   504%   806   40s
   983   811 -177343.96    8  364 -34212.922 -200935.29   487%   762   46s
  1169  1034 -30139.107   22  142 -34212.922 -200935.29   487%   748   51s
  1356  1153 -86499.290   12  348 -34212.922 -195089.80   470%   725   55s
  1606  1366 -130652.61    9  318 -34212.922 -191656.70   460%   719   61s
  1894   968 -34212.922   24  455 -34212.922 -184493.10   439%   706   75s
  1915   982 -138351.69   11  447 -34212.922 -184493.10   439%   698   80s
  1919   985 -67292.511   19  465 -34212.922 -184493.10   439%   697   94s
  1920   988 -184493.10   15  436 -34212.922 -184493.10   439%   712   95s
  1944  1027 -111761.94   19  397 -34212.922 -184493.10   439%   738  100s
  2060  1096 -59398.064   24  310 -34212.922 -184493.10   439%   769  105s
  2159  1170 -72716.890   28  250 -34212.922 -184493.10   439%   772  110s
  2330  1180 -184493.10   21  381 -34212.922 -184493.10   439%   769  115s
  2482  1265 -180860.34   20  424 -34212.922 -184493.10   439%   768  120s
  2628  1326 -62571.465   30  304 -34212.922 -184493.10   439%   769  125s

Cutting planes:
  Implied bound: 1912
  MIR: 233
  Flow cover: 103
  Zero half: 167
  Relax-and-lift: 61

Explored 2695 nodes (2102120 simplex iterations) in 126.29 seconds (301.31 work units)
Thread count was 10 (of 10 available processors)

Solution count 10: -34212.9 -29334.6 -28276.3 ... -7651.84

Work limit reached
Best objective -3.421292211001e+04, best bound -1.844931015123e+05, gap 439.2498%

User-callback calls 39140, time in user-callback 0.02 sec

================================================================================
PRICING SUBPROBLEM TYPE 2 (SF) - ITERATION 52
================================================================================
Timestamp: 2025-12-03T04:19:04.474
Problem size: 25 scenarios, 25 facilities, 50 customers
================================================================================

Gurobi 12.0.3 (mac64[arm]) logging started Wed Dec  3 04:19:04 2025

Set parameter LogFile to value "/Users/arnav/projects/Candidate-Selection-via-Stochastic-IP/CCG/logs/CG_SF_FL_cap91_K2_S25_pricing_20251203_030342.log"
Set parameter LogToConsole to value 0
Set parameter MIPFocus to value 1
Set parameter WorkLimit to value 300

Gurobi 12.0.3 (mac64[arm]) logging started Wed Dec  3 04:19:04 2025

Set parameter LogFile to value "/Users/arnav/projects/Candidate-Selection-via-Stochastic-IP/CCG/logs/CG_SF_FL_cap91_K2_S25_pricing_20251203_030342.log"
Gurobi Optimizer version 12.0.3 build v12.0.3rc0 (mac64[arm] - Darwin 24.6.0 24G84)

CPU model: Apple M4
Thread count: 10 physical cores, 10 logical processors, using up to 10 threads

Non-default parameters:
WorkLimit  300
MIPFocus  1
LogToConsole  0
PoolSearchMode  2

Optimize a model with 3750 rows, 33175 columns and 69996 nonzeros
Model fingerprint: 0x7c17c00b
Variable types: 32500 continuous, 675 integer (675 binary)
Coefficient statistics:
  Matrix range     [1e+00, 2e+04]
  Objective range  [3e-01, 4e+05]
  Bounds range     [0e+00, 0e+00]
  RHS range        [1e+00, 1e+00]
Found heuristic solution: objective 226041.76860
Presolve removed 629 rows and 16354 columns
Presolve time: 0.03s
Presolved: 3121 rows, 16821 columns, 37292 nonzeros
Variable types: 16146 continuous, 675 integer (675 binary)

Root relaxation: objective -5.208246e+05, 3382 iterations, 0.08 seconds (0.20 work units)

    Nodes    |    Current Node    |     Objective Bounds      |     Work
 Expl Unexpl |  Obj  Depth IntInf | Incumbent    BestBd   Gap | It/Node Time

     0     0 -520824.64    0  555 226041.769 -520824.64   330%     -    0s
H    0     0                    225686.35292 -377534.41   267%     -    0s
H    0     0                    220931.85696 -377534.41   271%     -    0s
H    0     0                    217139.74762 -377534.41   274%     -    0s
H    0     0                    213397.14778 -377534.41   277%     -    0s
H    0     0                    210096.84920 -377534.41   280%     -    0s
H    0     0                    208953.20477 -377534.41   281%     -    0s
H    0     0                    184764.27021 -377534.41   304%     -    0s
     0     0 -377534.41    0  543 184764.270 -377534.41   304%     -    0s
     0     0 -367563.00    0  534 184764.270 -367563.00   299%     -    0s
     0     0 -365724.40    0  532 184764.270 -365724.40   298%     -    0s
     0     0 -365393.06    0  532 184764.270 -365393.06   298%     -    0s
     0     0 -365320.84    0  531 184764.270 -365320.84   298%     -    0s
     0     0 -365320.83    0  531 184764.270 -365320.83   298%     -    0s
H    0     0                    63953.336399 -365320.83   671%     -    1s
     0     0 -332003.37    0  505 63953.3364 -332003.37   619%     -    1s
H    0     0                    36203.397640 -332003.37  1017%     -    1s
     0     0 -322415.00    0  505 36203.3976 -322415.00   991%     -    1s
H    0     0                    32537.790418 -319530.28  1082%     -    1s
     0     0 -319530.28    0  509 32537.7904 -319530.28  1082%     -    1s
H    0     0                    29222.448662 -319135.00  1192%     -    1s
     0     0 -319135.00    0  509 29222.4487 -319135.00  1192%     -    1s
     0     0 -318901.35    0  510 29222.4487 -318901.35  1191%     -    1s
     0     0 -318858.26    0  509 29222.4487 -318858.26  1191%     -    1s
     0     0 -318855.78    0  511 29222.4487 -318855.78  1191%     -    1s
H    0     0                    14706.443096 -299829.24  2139%     -    2s
     0     0 -299829.24    0  488 14706.4431 -299829.24  2139%     -    2s
     0     0 -294684.29    0  479 14706.4431 -294684.29  2104%     -    2s
     0     0 -293263.42    0  480 14706.4431 -293263.42  2094%     -    2s
     0     0 -292716.77    0  488 14706.4431 -292716.77  2090%     -    2s
     0     0 -292552.38    0  471 14706.4431 -292552.38  2089%     -    2s
     0     0 -292522.57    0  475 14706.4431 -292522.57  2089%     -    2s
     0     0 -292485.78    0  464 14706.4431 -292485.78  2089%     -    2s
     0     0 -292478.21    0  463 14706.4431 -292478.21  2089%     -    3s
H    0     0                    10690.549941 -282779.28  2745%     -    3s
H    0     0                    9428.6401376 -282779.28  3099%     -    3s
H    0     0                    2671.9866001 -282779.28      -     -    3s
     0     0 -282779.28    0  482 2671.98660 -282779.28      -     -    3s
H    0     0                    -2098.571184 -282779.28      -     -    3s
     0     0 -280200.58    0  470 -2098.5712 -280200.58      -     -    3s
     0     0 -279272.47    0  473 -2098.5712 -279272.47      -     -    4s
     0     0 -278982.03    0  465 -2098.5712 -278982.03      -     -    4s
     0     0 -278911.21    0  473 -2098.5712 -278911.21      -     -    4s
     0     0 -278849.67    0  469 -2098.5712 -278849.67      -     -    4s
     0     0 -278849.40    0  471 -2098.5712 -278849.40      -     -    4s
     0     0 -274347.23    0  446 -2098.5712 -274347.23      -     -    5s
H    0     0                    -14065.02309 -274347.23  1851%     -    6s
H    0     0                    -21274.02327 -274347.23  1190%     -    9s
H    0     0                    -26492.63970 -274347.23   936%     -   11s
H    0     0                    -30693.96827 -274347.23   794%     -   13s
     0     2 -274347.23    0  446 -30693.968 -274347.23   794%     -   13s
     7    16 -232976.94    3  367 -30693.968 -249602.00   713%  1668   15s
H   26    48                    -32237.84121 -230648.56   615%  2011   17s
H   42    48                    -33463.88841 -230648.56   589%  1671   17s
H   52    66                    -35007.76135 -230648.56   559%  1569   18s
    96   108 -128761.57   11  312 -35007.761 -230648.56   559%  1293   20s
   301   296     cutoff   20      -35007.761 -224584.23   542%   770   25s
   543   536 -184209.79    6  380 -35007.761 -218964.75   525%   701   30s
   725   681 -122928.75   10  378 -35007.761 -205783.63   488%   666   35s
  1031   837 -58158.630   16  324 -35007.761 -196671.17   462%   613   40s
H 1050   778                    -37211.24639 -196671.17   429%   611   40s
  1248   916 -106144.93   12  369 -37211.246 -196671.17   429%   606   45s
  1404  1043 -161284.29    9  374 -37211.246 -192970.45   419%   610   50s
  1661  1151 -161679.08    9  291 -37211.246 -189763.14   410%   599   55s
  1855  1328 -142270.84   10  365 -37211.246 -188016.89   405%   594   61s
  2070   873 -94842.049   16  446 -37211.246 -188016.89   405%   591   74s
  2072   874 -68988.955   19  555 -37211.246 -188016.89   405%   590   75s
  2091   887 -102080.02   13  454 -37211.246 -188016.89   405%   585   80s
  2095   845 -44593.046   22  448 -37211.246 -188016.89   405%   584   95s
  2139   893 -94755.066   20  350 -37211.246 -188016.89   405%   622  100s
  2218   943 -76102.918   24  267 -37211.246 -188016.89   405%   640  105s
  2416  1034 -32640.410   29  232 -37211.246 -188016.89   405%   645  110s
  2558  1088 -167134.50   21  374 -37211.246 -188016.89   405%   650  115s
  2772  1197 -163641.15   20  409 -37211.246 -188016.89   405%   654  120s
  2965  1279 -157230.19   23  329 -37211.246 -188016.89   405%   656  126s

Cutting planes:
  Implied bound: 1941
  MIR: 211
  Flow cover: 118
  Zero half: 149
  RLT: 1
  Relax-and-lift: 57

Explored 3228 nodes (2113269 simplex iterations) in 129.68 seconds (300.18 work units)
Thread count was 10 (of 10 available processors)

Solution count 10: -37211.2 -35007.8 -33463.9 ... -26492.6

Work limit reached
Best objective -3.721124638971e+04, best bound -1.878660341842e+05, gap 404.8636%

User-callback calls 36856, time in user-callback 0.02 sec

================================================================================
PRICING SUBPROBLEM TYPE 2 (SF) - ITERATION 53
================================================================================
Timestamp: 2025-12-03T04:21:18.851
Problem size: 25 scenarios, 25 facilities, 50 customers
================================================================================

Gurobi 12.0.3 (mac64[arm]) logging started Wed Dec  3 04:21:18 2025

Set parameter LogFile to value "/Users/arnav/projects/Candidate-Selection-via-Stochastic-IP/CCG/logs/CG_SF_FL_cap91_K2_S25_pricing_20251203_030342.log"
Set parameter LogToConsole to value 0
Set parameter MIPFocus to value 1
Set parameter WorkLimit to value 300

Gurobi 12.0.3 (mac64[arm]) logging started Wed Dec  3 04:21:18 2025

Set parameter LogFile to value "/Users/arnav/projects/Candidate-Selection-via-Stochastic-IP/CCG/logs/CG_SF_FL_cap91_K2_S25_pricing_20251203_030342.log"
Gurobi Optimizer version 12.0.3 build v12.0.3rc0 (mac64[arm] - Darwin 24.6.0 24G84)

CPU model: Apple M4
Thread count: 10 physical cores, 10 logical processors, using up to 10 threads

Non-default parameters:
WorkLimit  300
MIPFocus  1
LogToConsole  0
PoolSearchMode  2

Optimize a model with 3750 rows, 33175 columns and 69996 nonzeros
Model fingerprint: 0xd73537e0
Variable types: 32500 continuous, 675 integer (675 binary)
Coefficient statistics:
  Matrix range     [1e+00, 2e+04]
  Objective range  [3e-01, 4e+05]
  Bounds range     [0e+00, 0e+00]
  RHS range        [1e+00, 1e+00]
Found heuristic solution: objective 205925.75836
Presolve removed 629 rows and 16354 columns
Presolve time: 0.03s
Presolved: 3121 rows, 16821 columns, 37292 nonzeros
Variable types: 16146 continuous, 675 integer (675 binary)

Root relaxation: objective -5.142932e+05, 3665 iterations, 0.09 seconds (0.25 work units)

    Nodes    |    Current Node    |     Objective Bounds      |     Work
 Expl Unexpl |  Obj  Depth IntInf | Incumbent    BestBd   Gap | It/Node Time

     0     0 -514293.21    0  559 205925.758 -514293.21   350%     -    0s
H    0     0                    161034.03903 -370048.24   330%     -    0s
H    0     0                    159552.74255 -370048.24   332%     -    0s
H    0     0                    97493.254381 -370048.24   480%     -    0s
     0     0 -370048.24    0  535 97493.2544 -370048.24   480%     -    0s
     0     0 -359272.35    0  532 97493.2544 -359272.35   469%     -    1s
     0     0 -358879.53    0  531 97493.2544 -358879.53   468%     -    1s
     0     0 -358014.51    0  531 97493.2544 -358014.51   467%     -    1s
     0     0 -358004.41    0  530 97493.2544 -358004.41   467%     -    1s
     0     0 -322414.97    0  511 97493.2544 -322414.97   431%     -    1s
H    0     0                    51973.810297 -322414.97   720%     -    1s
     0     0 -315523.12    0  499 51973.8103 -315523.12   707%     -    1s
     0     0 -313798.34    0  500 51973.8103 -313798.34   704%     -    1s
     0     0 -312839.35    0  502 51973.8103 -312839.35   702%     -    2s
     0     0 -312418.57    0  501 51973.8103 -312418.57   701%     -    2s
     0     0 -312311.10    0  499 51973.8103 -312311.10   701%     -    2s
     0     0 -312297.60    0  499 51973.8103 -312297.60   701%     -    2s
     0     0 -295424.79    0  483 51973.8103 -295424.79   668%     -    2s
H    0     0                    29322.671581 -295424.79  1107%     -    2s
H    0     0                    7689.5692714 -295424.79  3942%     -    2s
H    0     0                    6366.9342975 -295424.79  4740%     -    2s
     0     0 -290536.51    0  483 6366.93430 -290536.51  4663%     -    2s
     0     0 -286050.24    0  487 6366.93430 -286050.24  4593%     -    2s
     0     0 -286050.24    0  493 6366.93430 -286050.24  4593%     -    3s
     0     0 -286050.24    0  485 6366.93430 -286050.24  4593%     -    3s
     0     0 -286050.24    0  487 6366.93430 -286050.24  4593%     -    3s
     0     0 -286050.24    0  489 6366.93430 -286050.24  4593%     -    3s
     0     0 -275089.43    0  467 6366.93430 -275089.43  4421%     -    3s
     0     0 -272925.67    0  464 6366.93430 -272925.67  4387%     -    3s
     0     0 -271926.19    0  463 6366.93430 -271926.19  4371%     -    4s
     0     0 -271493.98    0  470 6366.93430 -271493.98  4364%     -    4s
     0     0 -271416.40    0  467 6366.93430 -271416.40  4363%     -    4s
     0     0 -271375.96    0  462 6366.93430 -271375.96  4362%     -    4s
     0     0 -271327.36    0  465 6366.93430 -271327.36  4362%     -    4s
     0     0 -271310.09    0  466 6366.93430 -271310.09  4361%     -    4s
     0     0 -266266.99    0  446 6366.93430 -266266.99  4282%     -    5s
H    0     0                    5573.1754208 -266266.99  4878%     -    6s
H    0     0                    2845.2138163 -266266.99  9458%     -    6s
H    0     0                    1839.8148138 -266266.99      -     -    6s
H    0     0                     240.9618180 -266266.99      -     -    8s
H    0     0                    -1639.346207 -266266.99      -     -    9s
H    0     0                    -9874.525276 -266266.99  2597%     -   11s
H    0     0                    -10926.50362 -266266.99  2337%     -   12s
H    0     0                    -14435.70384 -266266.99  1745%     -   13s
     0     2 -266266.99    0  446 -14435.704 -266266.99  1745%     -   14s
     1     4 -258449.82    1  431 -14435.704 -266181.22  1744%  1305   15s
H    8    16                    -15598.61990 -242930.86  1457%  1718   16s
H   34    46                    -17014.43462 -224775.42  1221%  1846   18s
    55    76 -178311.31    8  320 -17014.435 -224775.42  1221%  1644   20s
   181   206 -37479.501   17  228 -17014.435 -224210.53  1218%  1138   25s
   371   356 -69332.394   16  274 -17014.435 -217375.79  1178%   942   30s
   600   544 -137924.80    9  382 -17014.435 -211332.61  1142%   795   36s
   717   666 -21860.925   20  196 -17014.435 -201483.74  1084%   785   40s
   947   847 -42869.697   17  397 -17014.435 -201483.74  1084%   736   45s
  1291  1036 -20805.016   21  165 -17014.435 -198646.41  1068%   695   50s
H 1311  1012                    -17805.03112 -198126.64  1013%   694   50s
H 1362  1080                    -17856.47219 -198126.64  1010%   686   52s
  1574  1274 -171567.02   10  343 -17856.472 -195256.30   993%   667   56s
  1842  1455 -82923.257   15  294 -17856.472 -187445.65   950%   638   60s
  1967   915 -17856.472   23  446 -17856.472 -187445.65   950%   629   70s
  1986   928 -153263.68   10  448 -17856.472 -187445.65   950%   623   75s
  1993   932 -112972.13   13  456 -17856.472 -187445.65   950%   621   90s
  2008   953 -187445.65   18  366 -17856.472 -187445.65   950%   648   95s
  2083  1016 -183883.57   21  330 -17856.472 -187445.65   950%   678  100s
  2243  1115 -48510.965   28  220 -17856.472 -187445.65   950%   687  105s
  2467  1217 -140933.32   24  373 -17856.472 -187445.65   950%   688  110s
  2648  1284     cutoff   37      -17856.472 -187445.65   950%   684  115s
  2805  1384 -88507.737   29  311 -17856.472 -187445.65   950%   691  120s

Cutting planes:
  Implied bound: 1890
  MIR: 244
  Flow cover: 130
  Zero half: 163
  Relax-and-lift: 62

Explored 2930 nodes (2039982 simplex iterations) in 121.90 seconds (300.64 work units)
Thread count was 10 (of 10 available processors)

Solution count 10: -17856.5 -17014.4 -15598.6 ... -2404.2

Work limit reached
Best objective -1.785647219004e+04, best bound -1.874456491523e+05, gap 949.7351%

User-callback calls 38510, time in user-callback 0.02 sec

================================================================================
PRICING SUBPROBLEM TYPE 2 (SF) - ITERATION 54
================================================================================
Timestamp: 2025-12-03T04:23:24.547
Problem size: 25 scenarios, 25 facilities, 50 customers
================================================================================

Gurobi 12.0.3 (mac64[arm]) logging started Wed Dec  3 04:23:24 2025

Set parameter LogFile to value "/Users/arnav/projects/Candidate-Selection-via-Stochastic-IP/CCG/logs/CG_SF_FL_cap91_K2_S25_pricing_20251203_030342.log"
Set parameter LogToConsole to value 0
Set parameter MIPFocus to value 1
Set parameter WorkLimit to value 300

Gurobi 12.0.3 (mac64[arm]) logging started Wed Dec  3 04:23:24 2025

Set parameter LogFile to value "/Users/arnav/projects/Candidate-Selection-via-Stochastic-IP/CCG/logs/CG_SF_FL_cap91_K2_S25_pricing_20251203_030342.log"
Gurobi Optimizer version 12.0.3 build v12.0.3rc0 (mac64[arm] - Darwin 24.6.0 24G84)

CPU model: Apple M4
Thread count: 10 physical cores, 10 logical processors, using up to 10 threads

Non-default parameters:
WorkLimit  300
MIPFocus  1
LogToConsole  0
PoolSearchMode  2

Optimize a model with 3750 rows, 33175 columns and 69996 nonzeros
Model fingerprint: 0x6a977407
Variable types: 32500 continuous, 675 integer (675 binary)
Coefficient statistics:
  Matrix range     [1e+00, 2e+04]
  Objective range  [3e-01, 4e+05]
  Bounds range     [0e+00, 0e+00]
  RHS range        [1e+00, 1e+00]
Found heuristic solution: objective 219310.56511
Presolve removed 629 rows and 16354 columns
Presolve time: 0.03s
Presolved: 3121 rows, 16821 columns, 37292 nonzeros
Variable types: 16146 continuous, 675 integer (675 binary)

Root relaxation: objective -5.185772e+05, 3399 iterations, 0.08 seconds (0.21 work units)

    Nodes    |    Current Node    |     Objective Bounds      |     Work
 Expl Unexpl |  Obj  Depth IntInf | Incumbent    BestBd   Gap | It/Node Time

     0     0 -518577.17    0  564 219310.565 -518577.17   336%     -    0s
H    0     0                    213118.50561 -518577.17   343%     -    0s
H    0     0                    211595.93699 -518577.17   345%     -    0s
     0     0 -375918.53    0  548 211595.937 -375918.53   278%     -    0s
H    0     0                    177695.79063 -363732.67   305%     -    1s
     0     0 -362631.49    0  538 177695.791 -362631.49   304%     -    1s
     0     0 -361792.69    0  539 177695.791 -361792.69   304%     -    1s
     0     0 -361419.13    0  545 177695.791 -361419.13   303%     -    1s
     0     0 -361389.36    0  544 177695.791 -361389.36   303%     -    1s
     0     0 -361378.47    0  543 177695.791 -361378.47   303%     -    1s
H    0     0                    84890.970985 -325924.24   484%     -    1s
H    0     0                    84835.963412 -325924.24   484%     -    1s
H    0     0                    55118.782512 -325924.24   691%     -    1s
H    0     0                    53002.186616 -325924.24   715%     -    1s
     0     0 -325924.24    0  510 53002.1866 -325924.24   715%     -    1s
H    0     0                    24418.185685 -325924.24  1435%     -    1s
     0     0 -317237.35    0  515 24418.1857 -317237.35  1399%     -    1s
     0     0 -314642.47    0  511 24418.1857 -314642.47  1389%     -    1s
     0     0 -313917.52    0  517 24418.1857 -313917.52  1386%     -    2s
     0     0 -313666.06    0  517 24418.1857 -313666.06  1385%     -    2s
     0     0 -313608.24    0  514 24418.1857 -313608.24  1384%     -    2s
     0     0 -313607.52    0  514 24418.1857 -313607.52  1384%     -    2s
     0     0 -296634.90    0  501 24418.1857 -296634.90  1315%     -    2s
     0     0 -291942.75    0  479 24418.1857 -291942.75  1296%     -    2s
     0     0 -290674.83    0  481 24418.1857 -290674.83  1290%     -    2s
     0     0 -290316.43    0  489 24418.1857 -290316.43  1289%     -    2s
     0     0 -290158.70    0  487 24418.1857 -290158.70  1288%     -    2s
     0     0 -290136.54    0  487 24418.1857 -290136.54  1288%     -    2s
     0     0 -281326.96    0  484 24418.1857 -281326.96  1252%     -    3s
H    0     0                    14351.452433 -281326.96  2060%     -    3s
H    0     0                    13456.926173 -281326.96  2191%     -    3s
H    0     0                    3217.2354775 -281326.96  8844%     -    3s
     0     0 -279005.62    0  477 3217.23548 -279005.62  8772%     -    3s
     0     0 -278366.09    0  469 3217.23548 -278366.09  8752%     -    3s
     0     0 -277951.78    0  468 3217.23548 -277951.78  8739%     -    3s
     0     0 -277801.85    0  472 3217.23548 -277801.85  8735%     -    3s
     0     0 -277767.99    0  471 3217.23548 -277767.99  8734%     -    3s
     0     0 -277738.00    0  465 3217.23548 -277738.00  8733%     -    3s
     0     0 -277719.91    0  467 3217.23548 -277719.91  8732%     -    3s
     0     0 -271801.76    0  450 3217.23548 -271801.76  8548%     -    4s
H    0     0                    1871.7818817 -271801.76      -     -    5s
H    0     0                    1576.1306265 -271801.76      -     -    6s
H    0     0                    -11363.41281 -271801.76  2292%     -   10s
H    0     0                    -12328.57566 -271801.76  2105%     -   13s
     0     2 -271801.76    0  450 -12328.576 -271801.76  2105%     -   13s
     7    16 -236675.10    3  399 -12328.576 -247236.21  1905%  2200   15s
H   78    93                    -16191.14645 -229000.35  1314%  1332   18s
   110   131 -140466.57   11  273 -16191.146 -229000.35  1314%  1233   20s
   293   283     cutoff   23      -16191.146 -215938.78  1234%   931   25s
   510   485 -164589.69    9  364 -16191.146 -208927.21  1190%   803   30s
H  547   513                    -16191.15052 -208927.21  1190%   798   31s
   664   633 -10886.487   21  319 -16191.151 -206885.06  1178%   754   35s
H  769   675                    -22169.22332 -201878.54   811%   726   37s
   882   772 9270.06134   23  223 -22169.223 -199597.63   800%   709   40s
H  915   747                    -25843.32780 -198554.07   668%   712   42s
  1058   924 -93387.999   10  418 -25843.328 -198554.07   668%   686   45s
  1373  1205 -36034.041   15  387 -25843.328 -198554.07   668%   674   50s
  1637  1400 -151634.69    7  411 -25843.328 -190027.86   635%   655   55s
  1879   958 -108841.06   14  450 -25843.328 -189088.61   632%   648   67s
  1888   964 -25843.328   24  461 -25843.328 -189088.61   632%   645   70s
  1903   974 -25843.328   22  455 -25843.328 -189088.61   632%   640   85s
H 1939   959                    -27451.33447 -189088.61   589%   677   89s
  1948   975 -98268.169   20  357 -27451.334 -189088.61   589%   680   90s
  2053  1048 -67923.094   24  287 -27451.334 -189088.61   589%   707   95s
  2185  1126 -32736.582   30  244 -27451.334 -189088.61   589%   721  101s
  2308  1185 -125677.08   21  414 -27451.334 -189088.61   589%   741  105s
  2454  1274 -155892.69   23  360 -27451.334 -189088.61   589%   761  110s
  2607  1189 -153806.89   23  401 -27451.334 -189088.61   589%   778  115s

Cutting planes:
  Implied bound: 1906
  MIR: 197
  Flow cover: 112
  Zero half: 158
  Relax-and-lift: 59

Explored 2676 nodes (2124896 simplex iterations) in 117.71 seconds (300.92 work units)
Thread count was 10 (of 10 available processors)

Solution count 10: -27451.3 -25843.3 -22169.2 ... -2355.24

Work limit reached
Best objective -2.745133447163e+04, best bound -1.890886058452e+05, gap 588.8139%

User-callback calls 36840, time in user-callback 0.02 sec

================================================================================
PRICING SUBPROBLEM TYPE 2 (SF) - ITERATION 55
================================================================================
Timestamp: 2025-12-03T04:25:25.647
Problem size: 25 scenarios, 25 facilities, 50 customers
================================================================================

Gurobi 12.0.3 (mac64[arm]) logging started Wed Dec  3 04:25:25 2025

Set parameter LogFile to value "/Users/arnav/projects/Candidate-Selection-via-Stochastic-IP/CCG/logs/CG_SF_FL_cap91_K2_S25_pricing_20251203_030342.log"
Set parameter LogToConsole to value 0
Set parameter MIPFocus to value 1
Set parameter WorkLimit to value 300

Gurobi 12.0.3 (mac64[arm]) logging started Wed Dec  3 04:25:25 2025

Set parameter LogFile to value "/Users/arnav/projects/Candidate-Selection-via-Stochastic-IP/CCG/logs/CG_SF_FL_cap91_K2_S25_pricing_20251203_030342.log"
Gurobi Optimizer version 12.0.3 build v12.0.3rc0 (mac64[arm] - Darwin 24.6.0 24G84)

CPU model: Apple M4
Thread count: 10 physical cores, 10 logical processors, using up to 10 threads

Non-default parameters:
WorkLimit  300
MIPFocus  1
LogToConsole  0
PoolSearchMode  2

Optimize a model with 3750 rows, 33175 columns and 69996 nonzeros
Model fingerprint: 0xf73fd76b
Variable types: 32500 continuous, 675 integer (675 binary)
Coefficient statistics:
  Matrix range     [1e+00, 2e+04]
  Objective range  [3e-01, 4e+05]
  Bounds range     [0e+00, 0e+00]
  RHS range        [1e+00, 1e+00]
Found heuristic solution: objective 228549.35333
Presolve removed 629 rows and 16354 columns
Presolve time: 0.03s
Presolved: 3121 rows, 16821 columns, 37292 nonzeros
Variable types: 16146 continuous, 675 integer (675 binary)

Root relaxation: objective -5.210901e+05, 3413 iterations, 0.07 seconds (0.19 work units)

    Nodes    |    Current Node    |     Objective Bounds      |     Work
 Expl Unexpl |  Obj  Depth IntInf | Incumbent    BestBd   Gap | It/Node Time

     0     0 -521090.10    0  564 228549.353 -521090.10   328%     -    0s
H    0     0                    205769.31849 -374189.07   282%     -    0s
H    0     0                    199831.29181 -374189.07   287%     -    0s
     0     0 -374189.07    0  543 199831.292 -374189.07   287%     -    0s
H    0     0                    190649.95018 -374189.07   296%     -    0s
H    0     0                    179521.65567 -374189.07   308%     -    0s
H    0     0                    178701.28636 -374189.07   309%     -    0s
     0     0 -363659.02    0  529 178701.286 -363659.02   304%     -    0s
H    0     0                    124897.03441 -362080.65   390%     -    0s
     0     0 -362080.65    0  530 124897.034 -362080.65   390%     -    0s
     0     0 -361858.36    0  530 124897.034 -361858.36   390%     -    0s
     0     0 -361808.16    0  528 124897.034 -361808.16   390%     -    1s
     0     0 -361808.11    0  526 124897.034 -361808.11   390%     -    1s
H    0     0                    99301.955197 -327720.55   430%     -    1s
H    0     0                    41133.477623 -327720.55   897%     -    1s
     0     0 -327720.55    0  512 41133.4776 -327720.55   897%     -    1s
H    0     0                    31167.538066 -327720.55  1151%     -    1s
     0     0 -318377.56    0  510 31167.5381 -318377.56  1122%     -    1s
     0     0 -315744.72    0  500 31167.5381 -315744.72  1113%     -    1s
     0     0 -315006.00    0  512 31167.5381 -315006.00  1111%     -    1s
     0     0 -314348.19    0  507 31167.5381 -314348.19  1109%     -    1s
     0     0 -314245.11    0  504 31167.5381 -314245.11  1108%     -    1s
     0     0 -314179.14    0  503 31167.5381 -314179.14  1108%     -    1s
     0     0 -314175.85    0  504 31167.5381 -314175.85  1108%     -    1s
H    0     0                    29859.427893 -298021.11  1098%     -    2s
     0     0 -298021.11    0  483 29859.4279 -298021.11  1098%     -    2s
H    0     0                    15655.376654 -294202.27  1979%     -    2s
     0     0 -294202.27    0  488 15655.3767 -294202.27  1979%     -    2s
     0     0 -292957.23    0  468 15655.3767 -292957.23  1971%     -    2s
     0     0 -292445.86    0  475 15655.3767 -292445.86  1968%     -    2s
     0     0 -292290.70    0  480 15655.3767 -292290.70  1967%     -    3s
     0     0 -292262.96    0  475 15655.3767 -292262.96  1967%     -    3s
     0     0 -292258.10    0  471 15655.3767 -292258.10  1967%     -    3s
     0     0 -283074.16    0  486 15655.3767 -283074.16  1908%     -    3s
     0     0 -280023.40    0  471 15655.3767 -280023.40  1889%     -    3s
H    0     0                    11571.876144 -279297.13  2514%     -    4s
H    0     0                    11424.111044 -279297.13  2545%     -    4s
     0     0 -279297.13    0  465 11424.1110 -279297.13  2545%     -    4s
     0     0 -278903.94    0  467 11424.1110 -278903.94  2541%     -    4s
H    0     0                    10987.786203 -278724.48  2637%     -    4s
     0     0 -278724.48    0  471 10987.7862 -278724.48  2637%     -    4s
     0     0 -278682.70    0  469 10987.7862 -278682.70  2636%     -    4s
     0     0 -278674.69    0  472 10987.7862 -278674.69  2636%     -    4s
H    0     0                    -6895.112225 -278674.69  3942%     -    4s
     0     0 -273166.26    0  450 -6895.1122 -273166.26  3862%     -    5s
H    0     0                    -10571.29065 -273166.26  2484%     -    6s
H    0     0                    -11303.70911 -273166.26  2317%     -    6s
H    0     0                    -20225.49136 -273166.26  1251%     -   10s
H    0     0                    -25355.68327 -273166.26   977%     -   14s
     0     2 -273166.26    0  450 -25355.683 -273166.26   977%     -   14s
     1     4 -255241.21    1  442 -25355.683 -273118.35   977%  1903   15s
H   35    46                    -26618.43332 -235128.82   783%  1796   18s
    55    79 -84148.015    8  324 -26618.433 -235128.82   783%  1605   20s
H   91    97                    -28943.35620 -235128.82   712%  1412   21s
H   96   118                    -28954.71272 -235128.82   712%  1401   22s
   209   225 -977.58677   24  203 -28954.713 -235128.82   712%  1033   25s
H  297   288                    -28971.47559 -217682.62   651%   961   28s
   341   336 -156523.80   10  423 -28971.476 -217682.62   651%   927   30s
H  403   393                    -30739.43124 -217682.62   608%   907   32s
   466   481     cutoff   23      -30739.431 -209335.25   581%   869   35s
   722   667 -2592.8972   23  220 -30739.431 -203349.88   562%   793   41s
   881   798 -55904.152   17  386 -30739.431 -195857.77   537%   768   45s
H 1033   832                    -30957.66009 -193104.78   524%   748   49s
  1039   870 -140927.60    8  383 -30957.660 -193104.78   524%   748   50s
  1331  1068 -118602.80   13  415 -30957.660 -192294.70   521%   705   55s
  1604  1260 -159629.82    8  370 -30957.660 -192294.70   521%   676   60s
  1828  1323 -102101.05   15  264 -30957.660 -182523.23   490%   640   65s
  1943   834 -145525.22   12  450 -30957.660 -182523.23   490%   633   76s
  1956   843 -49222.865   19  461 -30957.660 -182523.23   490%   628   80s
  1970   852 -39625.340   22  460 -30957.660 -182523.23   490%   624   96s
  1995   890 -101068.23   19  394 -30957.660 -182523.23   490%   660  100s
  2070   934 -72045.186   22  332 -30957.660 -182523.23   490%   690  105s
  2220  1017 -40481.214   28  228 -30957.660 -182523.23   490%   700  110s
  2384  1061 -149183.77   21  378 -30957.660 -182523.23   490%   701  115s
  2564  1148 -138745.80   24  401 -30957.660 -182523.23   490%   705  120s

Cutting planes:
  Implied bound: 1900
  MIR: 232
  Flow cover: 109
  Zero half: 156
  Relax-and-lift: 62

Explored 2653 nodes (1891016 simplex iterations) in 121.69 seconds (300.87 work units)
Thread count was 10 (of 10 available processors)

Solution count 10: -30957.7 -30739.4 -28971.5 ... -19508.3

Work limit reached
Best objective -3.095766008745e+04, best bound -1.825232340595e+05, gap 489.5899%

User-callback calls 35206, time in user-callback 0.02 sec

================================================================================
PRICING SUBPROBLEM TYPE 2 (SF) - ITERATION 56
================================================================================
Timestamp: 2025-12-03T04:27:31.509
Problem size: 25 scenarios, 25 facilities, 50 customers
================================================================================

Gurobi 12.0.3 (mac64[arm]) logging started Wed Dec  3 04:27:31 2025

Set parameter LogFile to value "/Users/arnav/projects/Candidate-Selection-via-Stochastic-IP/CCG/logs/CG_SF_FL_cap91_K2_S25_pricing_20251203_030342.log"
Set parameter LogToConsole to value 0
Set parameter MIPFocus to value 1
Set parameter WorkLimit to value 300

Gurobi 12.0.3 (mac64[arm]) logging started Wed Dec  3 04:27:31 2025

Set parameter LogFile to value "/Users/arnav/projects/Candidate-Selection-via-Stochastic-IP/CCG/logs/CG_SF_FL_cap91_K2_S25_pricing_20251203_030342.log"
Gurobi Optimizer version 12.0.3 build v12.0.3rc0 (mac64[arm] - Darwin 24.6.0 24G84)

CPU model: Apple M4
Thread count: 10 physical cores, 10 logical processors, using up to 10 threads

Non-default parameters:
WorkLimit  300
MIPFocus  1
LogToConsole  0
PoolSearchMode  2

Optimize a model with 3750 rows, 33175 columns and 69996 nonzeros
Model fingerprint: 0x8926ea07
Variable types: 32500 continuous, 675 integer (675 binary)
Coefficient statistics:
  Matrix range     [1e+00, 2e+04]
  Objective range  [3e-01, 4e+05]
  Bounds range     [0e+00, 0e+00]
  RHS range        [1e+00, 1e+00]
Found heuristic solution: objective 222874.86310
Presolve removed 629 rows and 16354 columns
Presolve time: 0.03s
Presolved: 3121 rows, 16821 columns, 37292 nonzeros
Variable types: 16146 continuous, 675 integer (675 binary)

Root relaxation: objective -5.183456e+05, 3581 iterations, 0.09 seconds (0.22 work units)

    Nodes    |    Current Node    |     Objective Bounds      |     Work
 Expl Unexpl |  Obj  Depth IntInf | Incumbent    BestBd   Gap | It/Node Time

     0     0 -518345.58    0  567 222874.863 -518345.58   333%     -    0s
H    0     0                    205655.83007 -518345.58   352%     -    0s
H    0     0                    202557.23613 -518345.58   356%     -    0s
H    0     0                    200691.65026 -518345.58   358%     -    0s
     0     0 -373768.87    0  544 200691.650 -373768.87   286%     -    0s
H    0     0                    179114.11426 -363196.44   303%     -    1s
H    0     0                    170741.76901 -363196.44   313%     -    1s
H    0     0                    161117.41912 -363196.44   325%     -    1s
H    0     0                    134570.32795 -363196.44   370%     -    1s
     0     0 -363196.44    0  533 134570.328 -363196.44   370%     -    1s
H    0     0                    128519.66778 -360708.40   381%     -    1s
     0     0 -360708.40    0  538 128519.668 -360708.40   381%     -    1s
     0     0 -360418.37    0  538 128519.668 -360418.37   380%     -    1s
     0     0 -360303.23    0  539 128519.668 -360303.23   380%     -    1s
     0     0 -360303.22    0  539 128519.668 -360303.22   380%     -    1s
     0     0 -326257.02    0  495 128519.668 -326257.02   354%     -    1s
H    0     0                    127119.58056 -326257.02   357%     -    1s
H    0     0                    121306.49429 -326257.02   369%     -    1s
H    0     0                    98211.683015 -326257.02   432%     -    1s
H    0     0                    95730.294814 -326257.02   441%     -    1s
     0     0 -316814.20    0  493 95730.2948 -316814.20   431%     -    1s
     0     0 -314417.58    0  494 95730.2948 -314417.58   428%     -    1s
H    0     0                    23345.429868 -313375.24  1442%     -    2s
     0     0 -313375.24    0  493 23345.4299 -313375.24  1442%     -    2s
     0     0 -313113.94    0  493 23345.4299 -313113.94  1441%     -    2s
     0     0 -313018.77    0  498 23345.4299 -313018.77  1441%     -    2s
     0     0 -312987.82    0  492 23345.4299 -312987.82  1441%     -    2s
     0     0 -312987.50    0  492 23345.4299 -312987.50  1441%     -    2s
     0     0 -294279.06    0  506 23345.4299 -294279.06  1361%     -    2s
H    0     0                    21439.470833 -294279.06  1473%     -    2s
     0     0 -289578.23    0  493 21439.4708 -289578.23  1451%     -    3s
     0     0 -286455.79    0  496 21439.4708 -286455.79  1436%     -    3s
     0     0 -286455.79    0  488 21439.4708 -286455.79  1436%     -    3s
     0     0 -286455.79    0  487 21439.4708 -286455.79  1436%     -    3s
     0     0 -286455.79    0  488 21439.4708 -286455.79  1436%     -    3s
     0     0 -278797.07    0  477 21439.4708 -278797.07  1400%     -    3s
H    0     0                    18023.921359 -278797.07  1647%     -    3s
     0     0 -276590.20    0  489 18023.9214 -276590.20  1635%     -    4s
     0     0 -276147.11    0  484 18023.9214 -276147.11  1632%     -    4s
     0     0 -275675.94    0  478 18023.9214 -275675.94  1630%     -    4s
     0     0 -275580.55    0  476 18023.9214 -275580.55  1629%     -    4s
     0     0 -275538.72    0  479 18023.9214 -275538.72  1629%     -    4s
     0     0 -275523.33    0  475 18023.9214 -275523.33  1629%     -    4s
H    0     0                    16336.736079 -275523.33  1787%     -    4s
H    0     0                    15791.197305 -275523.33  1845%     -    4s
     0     0 -270252.24    0  457 15791.1973 -270252.24  1811%     -    5s
H    0     0                    14861.635766 -270252.24  1918%     -    6s
H    0     0                    -1767.240546 -270252.24      -     -    7s
H    0     0                    -10803.58356 -270252.24  2402%     -   10s
H    0     0                    -20707.92422 -270252.24  1205%     -   13s
     0     2 -270252.24    0  457 -20707.924 -270252.24  1205%     -   15s
    46    68 -199629.85    8  349 -20707.924 -230185.17  1012%  1823   20s
   200   205 -41955.461   19  297 -20707.924 -220936.28   967%  1014   25s
   329   324 -194624.15    6  387 -20707.924 -210755.58   918%   900   30s
   497   494 -27948.743   21  315 -20707.924 -210755.58   918%   832   36s
   657   618 -103580.11   14  329 -20707.924 -204708.96   889%   794   40s
H  688   630                    -22233.05283 -202563.74   811%   790   41s
H  749   683                    -23293.03049 -202563.74   770%   776   43s
   839   791 -162019.37    8  313 -23293.030 -200261.30   760%   765   45s
  1068   923 -63480.209   15  215 -23293.030 -199182.38   755%   724   51s
  1258  1092 -58824.775   14  291 -23293.030 -192989.96   729%   700   55s
  1526  1313 -155656.46    7  380 -23293.030 -191052.69   720%   692   61s
  1713  1404 -148269.09   10  329 -23293.030 -187407.37   705%   684   65s
  1820   936 -40028.829   20  457 -23293.030 -185696.67   697%   684   80s
  1839   949 -94547.936   13  460 -23293.030 -185696.67   697%   677   85s
  1844   904 -23293.030   21  460 -23293.030 -185696.67   697%   675   98s
  1847   911 -185696.67   16  428 -23293.030 -185696.67   697%   693  100s
  1894   958 -87991.687   21  339 -23293.030 -185696.67   697%   721  106s
  1974  1011 -67362.521   25  299 -23293.030 -185696.67   697%   747  110s
  2096  1115 -13424.973   31  228 -23293.030 -185696.67   697%   752  115s
  2283  1195 -174728.97   23  359 -23293.030 -185696.67   697%   747  120s

Cutting planes:
  Implied bound: 1921
  MIR: 220
  Flow cover: 105
  Zero half: 163
  Relax-and-lift: 69

Explored 2378 nodes (1795875 simplex iterations) in 122.12 seconds (300.22 work units)
Thread count was 10 (of 10 available processors)

Solution count 10: -23293 -23293 -20707.9 ... 8299.69

Work limit reached
Best objective -2.329303048842e+04, best bound -1.856966740102e+05, gap 697.2199%

User-callback calls 34942, time in user-callback 0.02 sec

================================================================================
PRICING SUBPROBLEM TYPE 2 (SF) - ITERATION 57
================================================================================
Timestamp: 2025-12-03T04:29:38.253
Problem size: 25 scenarios, 25 facilities, 50 customers
================================================================================

Gurobi 12.0.3 (mac64[arm]) logging started Wed Dec  3 04:29:38 2025

Set parameter LogFile to value "/Users/arnav/projects/Candidate-Selection-via-Stochastic-IP/CCG/logs/CG_SF_FL_cap91_K2_S25_pricing_20251203_030342.log"
Set parameter LogToConsole to value 0
Set parameter MIPFocus to value 1
Set parameter WorkLimit to value 300

Gurobi 12.0.3 (mac64[arm]) logging started Wed Dec  3 04:29:38 2025

Set parameter LogFile to value "/Users/arnav/projects/Candidate-Selection-via-Stochastic-IP/CCG/logs/CG_SF_FL_cap91_K2_S25_pricing_20251203_030342.log"
Gurobi Optimizer version 12.0.3 build v12.0.3rc0 (mac64[arm] - Darwin 24.6.0 24G84)

CPU model: Apple M4
Thread count: 10 physical cores, 10 logical processors, using up to 10 threads

Non-default parameters:
WorkLimit  300
MIPFocus  1
LogToConsole  0
PoolSearchMode  2

Optimize a model with 3750 rows, 33175 columns and 69996 nonzeros
Model fingerprint: 0x30b1e44f
Variable types: 32500 continuous, 675 integer (675 binary)
Coefficient statistics:
  Matrix range     [1e+00, 2e+04]
  Objective range  [3e-01, 4e+05]
  Bounds range     [0e+00, 0e+00]
  RHS range        [1e+00, 1e+00]
Found heuristic solution: objective 226385.85620
Presolve removed 629 rows and 16354 columns
Presolve time: 0.03s
Presolved: 3121 rows, 16821 columns, 37292 nonzeros
Variable types: 16146 continuous, 675 integer (675 binary)

Root relaxation: objective -5.203015e+05, 3579 iterations, 0.09 seconds (0.23 work units)

    Nodes    |    Current Node    |     Objective Bounds      |     Work
 Expl Unexpl |  Obj  Depth IntInf | Incumbent    BestBd   Gap | It/Node Time

     0     0 -520301.52    0  561 226385.856 -520301.52   330%     -    0s
H    0     0                    203676.22417 -520301.52   355%     -    0s
H    0     0                    203588.66543 -520301.52   356%     -    0s
H    0     0                    192484.79378 -374018.12   294%     -    0s
     0     0 -372113.35    0  542 192484.794 -372113.35   293%     -    0s
H    0     0                    140422.58801 -372113.35   365%     -    0s
H    0     0                    136074.73818 -372113.35   373%     -    1s
H    0     0                    132687.27832 -372113.35   380%     -    1s
H    0     0                    129512.85664 -363802.12   381%     -    1s
H    0     0                    107100.79620 -363802.12   440%     -    1s
H    0     0                    76049.578633 -363802.12   578%     -    1s
     0     0 -363802.12    0  532 76049.5786 -363802.12   578%     -    1s
     0     0 -361763.41    0  535 76049.5786 -361763.41   576%     -    1s
     0     0 -361533.21    0  532 76049.5786 -361533.21   575%     -    1s
     0     0 -361240.66    0  535 76049.5786 -361240.66   575%     -    1s
     0     0 -361237.51    0  532 76049.5786 -361237.51   575%     -    1s
     0     0 -326460.47    0  516 76049.5786 -326460.47   529%     -    1s
H    0     0                    59426.180849 -326460.47   649%     -    1s
H    0     0                    52118.266182 -326460.47   726%     -    1s
H    0     0                    49857.412875 -326460.47   755%     -    1s
H    0     0                    39921.371947 -326460.47   918%     -    1s
H    0     0                    35464.293666 -317771.01   996%     -    2s
     0     0 -317771.01    0  507 35464.2937 -317771.01   996%     -    2s
     0     0 -315299.58    0  508 35464.2937 -315299.58   989%     -    2s
     0     0 -314636.06    0  511 35464.2937 -314636.06   987%     -    2s
     0     0 -314123.52    0  501 35464.2937 -314123.52   986%     -    2s
     0     0 -314070.21    0  502 35464.2937 -314070.21   986%     -    2s
     0     0 -314058.29    0  508 35464.2937 -314058.29   986%     -    2s
     0     0 -296916.28    0  498 35464.2937 -296916.28   937%     -    2s
H    0     0                    9427.3017337 -293160.91  3210%     -    3s
     0     0 -290245.43    0  499 9427.30173 -290245.43  3179%     -    3s
     0     0 -290212.34    0  495 9427.30173 -290212.34  3178%     -    3s
     0     0 -290212.34    0  495 9427.30173 -290212.34  3178%     -    3s
     0     0 -290212.34    0  497 9427.30173 -290212.34  3178%     -    3s
     0     0 -290212.34    0  496 9427.30173 -290212.34  3178%     -    3s
     0     0 -290212.34    0  495 9427.30173 -290212.34  3178%     -    3s
H    0     0                    -106.0155323 -280758.86      -     -    3s
H    0     0                    -5574.497874 -280758.86  4936%     -    3s
     0     0 -280758.86    0  473 -5574.4979 -280758.86  4936%     -    3s
H    0     0                    -13232.06939 -280758.86  2022%     -    4s
     0     0 -278579.54    0  478 -13232.069 -278579.54  2005%     -    4s
     0     0 -277895.81    0  471 -13232.069 -277895.81  2000%     -    4s
     0     0 -277615.90    0  472 -13232.069 -277615.90  1998%     -    4s
     0     0 -277428.76    0  479 -13232.069 -277428.76  1997%     -    4s
     0     0 -277421.01    0  475 -13232.069 -277421.01  1997%     -    4s
H    0     0                    -18063.15718 -277421.01  1436%     -    4s
     0     0 -271883.95    0  449 -18063.157 -271883.95  1405%     -    5s
H    0     0                    -20425.58425 -271883.95  1231%     -    9s
H    0     0                    -24286.39716 -271883.95  1019%     -   11s
H    0     0                    -25680.75672 -271883.95   959%     -   11s
     0     2 -271883.95    0  449 -25680.757 -271883.95   959%     -   14s
     1     4 -250475.90    1  438 -25680.757 -271861.49   959%  1891   15s
H   21    26                    -25699.39260 -240178.95   835%  1686   17s
    55    76 -68893.055    8  331 -25699.393 -236539.22   820%  1575   20s
H  164   177                    -25880.09057 -236539.22   814%  1002   23s
   236   249 -177979.73    5  390 -25880.091 -221107.62   754%   883   25s
H  250   249                    -25983.38908 -221107.62   751%   866   25s
   407   418 -51405.294   19  213 -25983.389 -214538.59   726%   776   30s
   650   576 -168855.67    6  403 -25983.389 -214538.59   726%   696   35s
H  759   626                    -25990.88179 -214538.59   725%   690   40s
H  785   605                    -27459.29593 -214538.59   681%   685   41s
H  909   687                    -28903.51042 -203533.08   604%   668   44s
   953   717 -130354.28   12  350 -28903.510 -203533.08   604%   664   45s
  1226   897     cutoff   22      -28903.510 -203533.08   604%   640   50s
  1490  1068 -145557.78    9  390 -28903.510 -203533.08   604%   617   55s
  1861  1312 -137260.07   10  325 -28903.510 -189220.05   555%   596   60s
  2100   890 -90805.294   15  449 -28903.510 -189220.05   555%   586   73s
  2105   893 -156580.88   11  512 -28903.510 -189220.05   555%   585   75s
  2123   905 -52207.782   19  437 -28903.510 -189220.05   555%   580   90s
  2148   944 -99057.081   19  378 -28903.510 -189220.05   555%   608   95s
  2268  1020 -67171.136   24  289 -28903.510 -189220.05   555%   634  100s
  2474  1087 -175918.24   21  378 -28903.510 -189220.05   555%   637  105s
  2674  1161 -70402.206   32  333 -28903.510 -189220.05   555%   642  110s
  2822  1222 -91401.981   27  314 -28903.510 -189220.05   555%   646  115s
  2925  1276 -75472.422   28  338 -28903.510 -189220.05   555%   651  120s
  3237  1385 -87539.120   26  386 -28903.510 -189220.05   555%   644  125s

Cutting planes:
  Gomory: 1
  Implied bound: 1933
  MIR: 193
  Flow cover: 133
  Zero half: 147
  RLT: 2
  Relax-and-lift: 50

Explored 3375 nodes (2182242 simplex iterations) in 127.06 seconds (300.34 work units)
Thread count was 10 (of 10 available processors)

Solution count 10: -28903.5 -27459.3 -25990.9 ... -20425.6

Work limit reached
Best objective -2.890351042308e+04, best bound -1.892200493022e+05, gap 554.6611%

User-callback calls 34740, time in user-callback 0.03 sec

================================================================================
PRICING SUBPROBLEM TYPE 2 (SF) - ITERATION 58
================================================================================
Timestamp: 2025-12-03T04:31:49.010
Problem size: 25 scenarios, 25 facilities, 50 customers
================================================================================

Gurobi 12.0.3 (mac64[arm]) logging started Wed Dec  3 04:31:49 2025

Set parameter LogFile to value "/Users/arnav/projects/Candidate-Selection-via-Stochastic-IP/CCG/logs/CG_SF_FL_cap91_K2_S25_pricing_20251203_030342.log"
Set parameter LogToConsole to value 0
Set parameter MIPFocus to value 1
Set parameter WorkLimit to value 300

Gurobi 12.0.3 (mac64[arm]) logging started Wed Dec  3 04:31:49 2025

Set parameter LogFile to value "/Users/arnav/projects/Candidate-Selection-via-Stochastic-IP/CCG/logs/CG_SF_FL_cap91_K2_S25_pricing_20251203_030342.log"
Gurobi Optimizer version 12.0.3 build v12.0.3rc0 (mac64[arm] - Darwin 24.6.0 24G84)

CPU model: Apple M4
Thread count: 10 physical cores, 10 logical processors, using up to 10 threads

Non-default parameters:
WorkLimit  300
MIPFocus  1
LogToConsole  0
PoolSearchMode  2

Optimize a model with 3750 rows, 33175 columns and 69996 nonzeros
Model fingerprint: 0x7a608dc2
Variable types: 32500 continuous, 675 integer (675 binary)
Coefficient statistics:
  Matrix range     [1e+00, 2e+04]
  Objective range  [3e-01, 4e+05]
  Bounds range     [0e+00, 0e+00]
  RHS range        [1e+00, 1e+00]
Found heuristic solution: objective 243989.63383
Presolve removed 629 rows and 16354 columns
Presolve time: 0.03s
Presolved: 3121 rows, 16821 columns, 37292 nonzeros
Variable types: 16146 continuous, 675 integer (675 binary)

Root relaxation: objective -5.287997e+05, 3416 iterations, 0.08 seconds (0.19 work units)

    Nodes    |    Current Node    |     Objective Bounds      |     Work
 Expl Unexpl |  Obj  Depth IntInf | Incumbent    BestBd   Gap | It/Node Time

     0     0 -528799.69    0  558 243989.634 -528799.69   317%     -    0s
H    0     0                    220850.43969 -528799.69   339%     -    0s
     0     0 -381794.26    0  535 220850.440 -381794.26   273%     -    0s
H    0     0                    202475.04084 -381794.26   289%     -    1s
H    0     0                    198690.62981 -381794.26   292%     -    1s
H    0     0                    198605.90984 -381794.26   292%     -    1s
H    0     0                    198337.78186 -381794.26   292%     -    1s
H    0     0                    198034.22148 -381794.26   293%     -    1s
H    0     0                    195230.68418 -370509.34   290%     -    1s
H    0     0                    193722.84761 -370509.34   291%     -    1s
H    0     0                    138839.35521 -370509.34   367%     -    1s
     0     0 -369181.68    0  534 138839.355 -369181.68   366%     -    1s
     0     0 -368262.14    0  535 138839.355 -368262.14   365%     -    1s
     0     0 -367898.23    0  530 138839.355 -367898.23   365%     -    1s
     0     0 -367897.49    0  532 138839.355 -367897.49   365%     -    1s
H    0     0                    94803.568276 -333880.28   452%     -    1s
     0     0 -333251.79    0  526 94803.5683 -333251.79   452%     -    1s
H    0     0                    66988.307346 -333251.79   597%     -    1s
     0     0 -325398.12    0  517 66988.3073 -325398.12   586%     -    1s
     0     0 -322997.38    0  517 66988.3073 -322997.38   582%     -    2s
     0     0 -322331.51    0  516 66988.3073 -322331.51   581%     -    2s
H    0     0                    59798.811102 -322088.42   639%     -    2s
     0     0 -322088.42    0  524 59798.8111 -322088.42   639%     -    2s
     0     0 -322049.02    0  519 59798.8111 -322049.02   639%     -    2s
     0     0 -322043.06    0  521 59798.8111 -322043.06   639%     -    2s
     0     0 -302536.30    0  499 59798.8111 -302536.30   606%     -    2s
H    0     0                    47061.038367 -298849.48   735%     -    2s
     0     0 -298849.48    0  484 47061.0384 -298849.48   735%     -    2s
     0     0 -297600.84    0  489 47061.0384 -297600.84   732%     -    2s
H    0     0                    46382.381775 -297029.25   740%     -    2s
H    0     0                    45994.024790 -297029.25   746%     -    2s
H    0     0                    45519.059464 -297029.25   753%     -    2s
H    0     0                    39373.500875 -297029.25   854%     -    2s
H    0     0                    37689.619595 -297029.25   888%     -    2s
     0     0 -297029.25    0  493 37689.6196 -297029.25   888%     -    2s
     0     0 -296777.30    0  488 37689.6196 -296777.30   887%     -    3s
     0     0 -296734.86    0  488 37689.6196 -296734.86   887%     -    3s
     0     0 -296722.37    0  493 37689.6196 -296722.37   887%     -    3s
H    0     0                    33778.893694 -284148.53   941%     -    3s
H    0     0                    32832.548162 -284148.53   965%     -    3s
H    0     0                    28187.151690 -284148.53  1108%     -    3s
H    0     0                    24733.653746 -284148.53  1249%     -    3s
     0     0 -284148.53    0  488 24733.6537 -284148.53  1249%     -    3s
     0     0 -281383.66    0  480 24733.6537 -281383.66  1238%     -    3s
     0     0 -280501.30    0  478 24733.6537 -280501.30  1234%     -    4s
     0     0 -280230.79    0  484 24733.6537 -280230.79  1233%     -    4s
H    0     0                    21478.175907 -280172.95  1404%     -    4s
H    0     0                    18414.537115 -280172.95  1621%     -    4s
     0     0 -280172.95    0  485 18414.5371 -280172.95  1621%     -    4s
     0     0 -280151.40    0  483 18414.5371 -280151.40  1621%     -    4s
H    0     0                    14376.086497 -280151.40  2049%     -    4s
     0     0 -275024.23    0  467 14376.0865 -275024.23  2013%     -    5s
H    0     0                    11375.040902 -275024.23  2518%     -    6s
H    0     0                    4249.0269058 -275024.23  6573%     -    6s
H    0     0                    4035.3437324 -275024.23  6915%     -    7s
H    0     0                    -778.8438357 -275024.23      -     -   12s
H    0     0                    -1603.145954 -275024.23      -     -   13s
H    0     0                    -5433.513689 -275024.23  4962%     -   14s
H    0     0                    -30260.95123 -275024.23   809%     -   15s
     0     2 -275024.23    0  467 -30260.951 -275024.23   809%     -   15s
H   27    45                    -30614.19685 -235568.78   669%  2026   19s
H   30    45                    -34365.43681 -235568.78   585%  2029   19s
H   32    45                    -34718.68243 -235568.78   579%  1961   19s
    44    63 -98591.713    6  348 -34718.682 -235551.82   578%  1741   20s
H   92    98                    -36095.74259 -235551.82   553%  1334   21s
   198   216 -30601.286   17  257 -36095.743 -230606.85   539%  1076   25s
   366   358 -192013.52    7  386 -36095.743 -217903.84   504%   947   30s
H  462   445                    -37127.79615 -214845.27   479%   921   33s
   532   522 -153580.08   10  328 -37127.796 -214839.07   479%   889   35s
H  561   558                    -38855.30733 -214839.07   453%   880   36s
   722   663 -172347.25    6  366 -38855.307 -213531.12   450%   867   40s
   915   825 -18320.710   20  263 -38855.307 -213531.12   450%   858   45s
  1162   857 -89448.799   14  325 -38855.307 -208426.16   436%   809   50s
  1412  1044 -126540.93    8  412 -38855.307 -198487.88   411%   806   56s
  1685  1215 -119218.17   11  358 -38855.307 -198416.62   411%   787   61s
  1887  1378 -129252.84   11  379 -38855.307 -190816.54   391%   784   66s
  1943   869 -53374.201   16  467 -38855.307 -190816.54   391%   785   77s
  1949   873 -38855.307   21  514 -38855.307 -190816.54   391%   783   80s
  1969   886 -130186.68   10  452 -38855.307 -190816.54   391%   775   96s
  1984   907 -123830.47   18  397 -38855.307 -190816.54   391%   801  100s
  2053   963 -90889.636   21  339 -38855.307 -190816.54   391%   826  105s
  2205  1045 -48357.795   28  245 -38855.307 -190816.54   391%   826  110s
  2343  1080 -158134.13   21  374 -38855.307 -190816.54   391%   825  115s

Cutting planes:
  Implied bound: 1857
  MIR: 204
  Flow cover: 109
  Zero half: 147
  RLT: 2
  Relax-and-lift: 50

Explored 2413 nodes (2014634 simplex iterations) in 116.84 seconds (300.51 work units)
Thread count was 10 (of 10 available processors)

Solution count 10: -38855.3 -37127.8 -36095.7 ... -25076.7

Work limit reached
Best objective -3.885530732707e+04, best bound -1.908165418375e+05, gap 391.0952%

User-callback calls 35362, time in user-callback 0.02 sec

================================================================================
PRICING SUBPROBLEM TYPE 2 (SF) - ITERATION 59
================================================================================
Timestamp: 2025-12-03T04:33:49.812
Problem size: 25 scenarios, 25 facilities, 50 customers
================================================================================

Gurobi 12.0.3 (mac64[arm]) logging started Wed Dec  3 04:33:49 2025

Set parameter LogFile to value "/Users/arnav/projects/Candidate-Selection-via-Stochastic-IP/CCG/logs/CG_SF_FL_cap91_K2_S25_pricing_20251203_030342.log"
Set parameter LogToConsole to value 0
Set parameter MIPFocus to value 1
Set parameter WorkLimit to value 300

Gurobi 12.0.3 (mac64[arm]) logging started Wed Dec  3 04:33:49 2025

Set parameter LogFile to value "/Users/arnav/projects/Candidate-Selection-via-Stochastic-IP/CCG/logs/CG_SF_FL_cap91_K2_S25_pricing_20251203_030342.log"
Gurobi Optimizer version 12.0.3 build v12.0.3rc0 (mac64[arm] - Darwin 24.6.0 24G84)

CPU model: Apple M4
Thread count: 10 physical cores, 10 logical processors, using up to 10 threads

Non-default parameters:
WorkLimit  300
MIPFocus  1
LogToConsole  0
PoolSearchMode  2

Optimize a model with 3750 rows, 33175 columns and 69996 nonzeros
Model fingerprint: 0x6f588745
Variable types: 32500 continuous, 675 integer (675 binary)
Coefficient statistics:
  Matrix range     [1e+00, 2e+04]
  Objective range  [3e-01, 4e+05]
  Bounds range     [0e+00, 0e+00]
  RHS range        [1e+00, 1e+00]
Found heuristic solution: objective 230659.61442
Presolve removed 629 rows and 16354 columns
Presolve time: 0.03s
Presolved: 3121 rows, 16821 columns, 37292 nonzeros
Variable types: 16146 continuous, 675 integer (675 binary)

Root relaxation: objective -5.223953e+05, 3522 iterations, 0.08 seconds (0.22 work units)

    Nodes    |    Current Node    |     Objective Bounds      |     Work
 Expl Unexpl |  Obj  Depth IntInf | Incumbent    BestBd   Gap | It/Node Time

     0     0 -522395.34    0  573 230659.614 -522395.34   326%     -    0s
H    0     0                    202095.65270 -377001.25   287%     -    0s
H    0     0                    195610.39656 -377001.25   293%     -    0s
     0     0 -377001.25    0  541 195610.397 -377001.25   293%     -    0s
H    0     0                    181066.80176 -367261.37   303%     -    1s
H    0     0                    161081.09254 -367261.37   328%     -    1s
     0     0 -367261.37    0  538 161081.093 -367261.37   328%     -    1s
     0     0 -365530.96    0  537 161081.093 -365530.96   327%     -    1s
     0     0 -365085.22    0  537 161081.093 -365085.22   327%     -    1s
     0     0 -364929.71    0  538 161081.093 -364929.71   327%     -    1s
     0     0 -364928.01    0  538 161081.093 -364928.01   327%     -    1s
H    0     0                    85550.785267 -364928.01   527%     -    1s
     0     0 -330406.08    0  513 85550.7853 -330406.08   486%     -    1s
H    0     0                    84153.761808 -319366.79   480%     -    1s
H    0     0                    75052.454916 -319366.79   526%     -    1s
     0     0 -319366.79    0  510 75052.4549 -319366.79   526%     -    1s
     0     0 -316367.77    0  508 75052.4549 -316367.77   522%     -    1s
     0     0 -315521.67    0  518 75052.4549 -315521.67   520%     -    2s
     0     0 -314837.03    0  512 75052.4549 -314837.03   519%     -    2s
     0     0 -314765.17    0  513 75052.4549 -314765.17   519%     -    2s
     0     0 -314756.81    0  509 75052.4549 -314756.81   519%     -    2s
H    0     0                    66055.014146 -314756.81   577%     -    2s
H    0     0                    63526.677113 -314756.81   595%     -    2s
     0     0 -298168.40    0  517 63526.6771 -298168.40   569%     -    2s
     0     0 -294207.59    0  502 63526.6771 -294207.59   563%     -    2s
     0     0 -292978.54    0  495 63526.6771 -292978.54   561%     -    3s
     0     0 -292552.73    0  504 63526.6771 -292552.73   561%     -    3s
H    0     0                    54260.748597 -292336.13   639%     -    3s
     0     0 -292336.13    0  498 54260.7486 -292336.13   639%     -    3s
     0     0 -292309.43    0  500 54260.7486 -292309.43   639%     -    3s
     0     0 -292307.69    0  499 54260.7486 -292307.69   639%     -    3s
     0     0 -283620.24    0  487 54260.7486 -283620.24   623%     -    3s
H    0     0                    4707.2158018 -281707.65  6085%     -    4s
     0     0 -281707.65    0  471 4707.21580 -281707.65  6085%     -    4s
     0     0 -281053.97    0  477 4707.21580 -281053.97  6071%     -    4s
     0     0 -280769.49    0  473 4707.21580 -280769.49  6065%     -    4s
     0     0 -280689.76    0  471 4707.21580 -280689.76  6063%     -    4s
     0     0 -280622.82    0  471 4707.21580 -280622.82  6062%     -    4s
     0     0 -280588.27    0  470 4707.21580 -280588.27  6061%     -    4s
     0     0 -280565.87    0  466 4707.21580 -280565.87  6060%     -    4s
H    0     0                     221.3819151 -280565.87      -     -    4s
     0     0 -274271.03    0  465  221.38192 -274271.03      -     -    5s
H    0     0                    -38688.66776 -274271.03   609%     -    5s
     0     2 -274271.03    0  465 -38688.668 -274271.03   609%     -   15s
    25    49 -210479.81    5  373 -38688.668 -239432.43   519%  2268   20s
   151   181 -145290.77   11  281 -38688.668 -239432.43   519%  1232   25s
   333   336 -35509.689   18  216 -38688.668 -236434.89   511%   857   30s
   456   478 -111215.95   10  370 -38688.668 -218069.91   464%   848   35s
   672   595 -154049.52    8  367 -38688.668 -207072.46   435%   754   40s
   900   712 -110297.04   13  322 -38688.668 -199794.74   416%   721   45s
  1057   894 -126506.32   10  374 -38688.668 -193996.02   401%   708   50s
  1346  1161 -135708.99   10  355 -38688.668 -193260.97   400%   708   56s
  1565  1344 -139409.88   11  350 -38688.668 -193260.97   400%   694   60s
  1808   923 -38688.668   21  465 -38688.668 -192354.95   397%   686   75s
  1828   936 -53223.101   19  466 -38688.668 -192354.95   397%   679   80s
  1834   940 -168164.92    9  465 -38688.668 -192354.95   397%   677   96s
  1849   961 -192354.95   18  390 -38688.668 -192354.95   397%   705  100s
  1910  1018 -89099.917   21  345 -38688.668 -192354.95   397%   739  105s
  2049  1112 -33752.727   28  254 -38688.668 -192354.95   397%   752  110s
  2162  1168 -7721.0461   36  240 -38688.668 -192354.95   397%   749  115s

Cutting planes:
  Implied bound: 1908
  MIR: 230
  Flow cover: 110
  Zero half: 140
  Relax-and-lift: 47

Explored 2249 nodes (1709937 simplex iterations) in 116.87 seconds (300.62 work units)
Thread count was 10 (of 10 available processors)

Solution count 10: -38688.7 -27641.5 -27080 ... -216.534

Work limit reached
Best objective -3.868866775795e+04, best bound -1.923549451935e+05, gap 397.1868%

User-callback calls 31162, time in user-callback 0.02 sec

================================================================================
PRICING SUBPROBLEM TYPE 2 (SF) - ITERATION 60
================================================================================
Timestamp: 2025-12-03T04:35:54.808
Problem size: 25 scenarios, 25 facilities, 50 customers
================================================================================

Gurobi 12.0.3 (mac64[arm]) logging started Wed Dec  3 04:35:54 2025

Set parameter LogFile to value "/Users/arnav/projects/Candidate-Selection-via-Stochastic-IP/CCG/logs/CG_SF_FL_cap91_K2_S25_pricing_20251203_030342.log"
Set parameter LogToConsole to value 0
Set parameter MIPFocus to value 1
Set parameter WorkLimit to value 300

Gurobi 12.0.3 (mac64[arm]) logging started Wed Dec  3 04:35:54 2025

Set parameter LogFile to value "/Users/arnav/projects/Candidate-Selection-via-Stochastic-IP/CCG/logs/CG_SF_FL_cap91_K2_S25_pricing_20251203_030342.log"
Gurobi Optimizer version 12.0.3 build v12.0.3rc0 (mac64[arm] - Darwin 24.6.0 24G84)

CPU model: Apple M4
Thread count: 10 physical cores, 10 logical processors, using up to 10 threads

Non-default parameters:
WorkLimit  300
MIPFocus  1
LogToConsole  0
PoolSearchMode  2

Optimize a model with 3750 rows, 33175 columns and 69996 nonzeros
Model fingerprint: 0xc8745b0f
Variable types: 32500 continuous, 675 integer (675 binary)
Coefficient statistics:
  Matrix range     [1e+00, 2e+04]
  Objective range  [3e-01, 4e+05]
  Bounds range     [0e+00, 0e+00]
  RHS range        [1e+00, 1e+00]
Found heuristic solution: objective 229061.82989
Presolve removed 629 rows and 16354 columns
Presolve time: 0.03s
Presolved: 3121 rows, 16821 columns, 37292 nonzeros
Variable types: 16146 continuous, 675 integer (675 binary)

Root relaxation: objective -5.205561e+05, 3549 iterations, 0.09 seconds (0.24 work units)

    Nodes    |    Current Node    |     Objective Bounds      |     Work
 Expl Unexpl |  Obj  Depth IntInf | Incumbent    BestBd   Gap | It/Node Time

     0     0 -520556.08    0  564 229061.830 -520556.08   327%     -    0s
H    0     0                    211145.95410 -374727.71   277%     -    0s
H    0     0                    206186.20702 -374727.71   282%     -    0s
H    0     0                    205138.20656 -374727.71   283%     -    0s
H    0     0                    173045.55896 -374727.71   317%     -    0s
     0     0 -372721.58    0  538 173045.559 -372721.58   315%     -    0s
     0     0 -362779.55    0  535 173045.559 -362779.55   310%     -    1s
     0     0 -361524.69    0  535 173045.559 -361524.69   309%     -    1s
     0     0 -361156.70    0  533 173045.559 -361156.70   309%     -    1s
     0     0 -361136.55    0  532 173045.559 -361136.55   309%     -    1s
     0     0 -361133.39    0  533 173045.559 -361133.39   309%     -    1s
H    0     0                    136629.27009 -323809.51   337%     -    1s
     0     0 -323452.66    0  519 136629.270 -323452.66   337%     -    1s
     0     0 -314852.06    0  516 136629.270 -314852.06   330%     -    1s
     0     0 -311282.95    0  509 136629.270 -311282.95   328%     -    2s
     0     0 -310350.19    0  512 136629.270 -310350.19   327%     -    2s
     0     0 -310194.83    0  512 136629.270 -310194.83   327%     -    2s
     0     0 -310116.48    0  511 136629.270 -310116.48   327%     -    2s
     0     0 -310109.15    0  511 136629.270 -310109.15   327%     -    2s
H    0     0                    62956.918609 -291223.86   563%     -    2s
H    0     0                    53811.753704 -291223.86   641%     -    2s
     0     0 -291223.86    0  497 53811.7537 -291223.86   641%     -    2s
     0     0 -286660.29    0  501 53811.7537 -286660.29   633%     -    3s
H    0     0                    39925.998080 -285290.05   815%     -    3s
     0     0 -285290.05    0  493 39925.9981 -285290.05   815%     -    3s
     0     0 -284729.54    0  502 39925.9981 -284729.54   813%     -    3s
     0     0 -284621.00    0  502 39925.9981 -284621.00   813%     -    3s
     0     0 -284583.82    0  502 39925.9981 -284583.82   813%     -    3s
     0     0 -284580.44    0  501 39925.9981 -284580.44   813%     -    3s
     0     0 -275618.94    0  486 39925.9981 -275618.94   790%     -    4s
     0     0 -273356.08    0  481 39925.9981 -273356.08   785%     -    4s
H    0     0                    22623.408016 -272429.01  1304%     -    4s
     0     0 -272429.01    0  485 22623.4080 -272429.01  1304%     -    4s
     0     0 -272178.33    0  481 22623.4080 -272178.33  1303%     -    4s
     0     0 -271994.28    0  481 22623.4080 -271994.28  1302%     -    4s
     0     0 -271949.52    0  481 22623.4080 -271949.52  1302%     -    4s
     0     0 -271944.72    0  483 22623.4080 -271944.72  1302%     -    4s
H    0     0                    16691.417449 -271944.72  1729%     -    5s
     0     0 -267774.99    0  453 16691.4174 -267774.99  1704%     -    5s
H    0     0                    14888.342428 -267774.99  1899%     -    6s
H    0     0                    9388.8453738 -267774.99  2952%     -   13s
H    0     0                    6431.6699421 -267774.99  4263%     -   13s
H    0     0                    -1146.421642 -267774.99      -     -   13s
H    0     0                    -8720.747384 -267774.99  2971%     -   14s
     0     2 -267774.99    0  453 -8720.7474 -267774.99  2971%     -   17s
     7    16 -122303.36    3  431 -8720.7474 -246276.07  2724%  1994   20s
H  111   126                    -10048.74437 -228023.33  2169%  1233   24s
   125   145 10513.6033   20  324 -10048.744 -228023.33  2169%  1176   25s
H  205   203                    -12792.78860 -218261.97  1606%   961   27s
H  242   240                    -17374.43068 -218261.97  1156%   921   29s
   280   274 -165980.79    9  356 -17374.431 -218261.97  1156%   886   30s
   434   451 -139603.67   14  242 -17374.431 -218261.97  1156%   828   35s
   670   610 -141690.90   10  343 -17374.431 -200635.44  1055%   726   40s
   917   836 -95605.603   13  395 -17374.431 -195968.32  1028%   701   45s
  1181  1009 -133723.51   11  381 -17374.431 -190387.47   996%   668   50s
  1440  1235 -107933.05   13  299 -17374.431 -188224.48   983%   643   55s
  1595  1342 -93061.824   13  281 -17374.431 -184902.29   964%   636   61s
  1812  1577 -45229.583   18  320 -17374.431 -181901.27   947%   632   65s
  1934   958 -151592.11   11  453 -17374.431 -181901.27   947%   623   76s
  1948   967 -26523.530   23  448 -17374.431 -181901.27   947%   619   80s
  1958   974 -62914.421   16  455 -17374.431 -181901.27   947%   616   96s
  1973   995 -113829.42   18  403 -17374.431 -181901.27   947%   643  100s
  2045  1051 -81050.189   22  342 -17374.431 -181901.27   947%   677  105s
  2206  1143 -40702.394   28  254 -17374.431 -181901.27   947%   688  110s
  2354  1217 -164164.51   23  387 -17374.431 -181901.27   947%   688  115s
  2564  1292 -15106.896   35  252 -17374.431 -181901.27   947%   684  120s
  2734  1375 -38201.693   34  214 -17374.431 -181901.27   947%   689  125s

Cutting planes:
  Gomory: 1
  Implied bound: 1950
  MIR: 240
  Flow cover: 130
  Zero half: 136
  Relax-and-lift: 55

Explored 2903 nodes (1994611 simplex iterations) in 128.38 seconds (300.90 work units)
Thread count was 10 (of 10 available processors)

Solution count 10: -17374.4 -12792.8 -10048.7 ... -637.583

Work limit reached
Best objective -1.737443067996e+04, best bound -1.819012670165e+05, gap 946.9481%

User-callback calls 30563, time in user-callback 0.02 sec

================================================================================
PRICING SUBPROBLEM TYPE 2 (SF) - ITERATION 61
================================================================================
Timestamp: 2025-12-03T04:38:07.915
Problem size: 25 scenarios, 25 facilities, 50 customers
================================================================================

Gurobi 12.0.3 (mac64[arm]) logging started Wed Dec  3 04:38:07 2025

Set parameter LogFile to value "/Users/arnav/projects/Candidate-Selection-via-Stochastic-IP/CCG/logs/CG_SF_FL_cap91_K2_S25_pricing_20251203_030342.log"
Set parameter LogToConsole to value 0
Set parameter MIPFocus to value 1
Set parameter WorkLimit to value 300

Gurobi 12.0.3 (mac64[arm]) logging started Wed Dec  3 04:38:07 2025

Set parameter LogFile to value "/Users/arnav/projects/Candidate-Selection-via-Stochastic-IP/CCG/logs/CG_SF_FL_cap91_K2_S25_pricing_20251203_030342.log"
Gurobi Optimizer version 12.0.3 build v12.0.3rc0 (mac64[arm] - Darwin 24.6.0 24G84)

CPU model: Apple M4
Thread count: 10 physical cores, 10 logical processors, using up to 10 threads

Non-default parameters:
WorkLimit  300
MIPFocus  1
LogToConsole  0
PoolSearchMode  2

Optimize a model with 3750 rows, 33175 columns and 69996 nonzeros
Model fingerprint: 0x25c733c5
Variable types: 32500 continuous, 675 integer (675 binary)
Coefficient statistics:
  Matrix range     [1e+00, 2e+04]
  Objective range  [3e-01, 4e+05]
  Bounds range     [0e+00, 0e+00]
  RHS range        [1e+00, 1e+00]
Found heuristic solution: objective 232862.08891
Presolve removed 629 rows and 16354 columns
Presolve time: 0.03s
Presolved: 3121 rows, 16821 columns, 37292 nonzeros
Variable types: 16146 continuous, 675 integer (675 binary)

Root relaxation: objective -5.222600e+05, 3544 iterations, 0.09 seconds (0.24 work units)

    Nodes    |    Current Node    |     Objective Bounds      |     Work
 Expl Unexpl |  Obj  Depth IntInf | Incumbent    BestBd   Gap | It/Node Time

     0     0 -522259.95    0  566 232862.089 -522259.95   324%     -    0s
H    0     0                    211366.28370 -377310.74   279%     -    0s
H    0     0                    206922.04428 -377310.74   282%     -    0s
H    0     0                    206704.76426 -377310.74   283%     -    0s
     0     0 -376225.84    0  546 206704.764 -376225.84   282%     -    0s
H    0     0                    197957.72133 -376225.84   290%     -    0s
H    0     0                    191325.51904 -376225.84   297%     -    0s
H    0     0                    189768.73647 -376225.84   298%     -    0s
H    0     0                    188477.68438 -376225.84   300%     -    1s
H    0     0                    103276.07279 -366035.97   454%     -    1s
H    0     0                    96142.804971 -366035.97   481%     -    1s
H    0     0                    89482.948160 -366035.97   509%     -    1s
     0     0 -365727.85    0  537 89482.9482 -365727.85   509%     -    1s
     0     0 -364200.02    0  541 89482.9482 -364200.02   507%     -    1s
     0     0 -363864.84    0  542 89482.9482 -363864.84   507%     -    1s
     0     0 -363563.30    0  539 89482.9482 -363563.30   506%     -    1s
     0     0 -363563.06    0  538 89482.9482 -363563.06   506%     -    1s
H    0     0                    62042.106547 -330021.04   632%     -    1s
H    0     0                    52858.127901 -330021.04   724%     -    1s
     0     0 -329603.29    0  512 52858.1279 -329603.29   724%     -    1s
H    0     0                    44121.196941 -329603.29   847%     -    1s
H    0     0                    40643.127890 -320564.48   889%     -    2s
     0     0 -320564.48    0  503 40643.1279 -320564.48   889%     -    2s
     0     0 -317828.62    0  518 40643.1279 -317828.62   882%     -    2s
     0     0 -317448.91    0  517 40643.1279 -317448.91   881%     -    2s
     0     0 -317092.34    0  512 40643.1279 -317092.34   880%     -    2s
     0     0 -316873.62    0  512 40643.1279 -316873.62   880%     -    2s
     0     0 -316873.45    0  512 40643.1279 -316873.45   880%     -    2s
     0     0 -300955.97    0  507 40643.1279 -300955.97   840%     -    3s
H    0     0                    31731.539624 -300955.97  1048%     -    3s
H    0     0                    29026.584054 -296512.03  1122%     -    3s
H    0     0                    24565.090183 -296512.03  1307%     -    3s
     0     0 -290207.23    0  510 24565.0902 -290207.23  1281%     -    3s
H    0     0                    24228.784975 -290207.23  1298%     -    3s
H    0     0                    23745.799777 -290207.23  1322%     -    3s
     0     0 -290132.87    0  514 23745.7998 -290132.87  1322%     -    3s
     0     0 -290132.87    0  504 23745.7998 -290132.87  1322%     -    3s
     0     0 -290132.87    0  503 23745.7998 -290132.87  1322%     -    3s
     0     0 -290132.87    0  500 23745.7998 -290132.87  1322%     -    3s
     0     0 -284681.28    0  484 23745.7998 -284681.28  1299%     -    4s
H    0     0                    13565.000592 -284681.28  2199%     -    4s
     0     0 -281927.61    0  481 13565.0006 -281927.61  2178%     -    4s
     0     0 -281040.19    0  471 13565.0006 -281040.19  2172%     -    4s
H    0     0                    10452.124632 -280799.22  2787%     -    4s
     0     0 -280799.22    0  473 10452.1246 -280799.22  2787%     -    4s
     0     0 -280666.20    0  469 10452.1246 -280666.20  2785%     -    4s
     0     0 -280644.85    0  469 10452.1246 -280644.85  2785%     -    4s
H    0     0                    6161.0016303 -280644.85  4655%     -    5s
     0     0 -273641.71    0  467 6161.00163 -273641.71  4542%     -    5s
H    0     0                    4296.5465269 -273641.71  6469%     -    9s
H    0     0                    4224.5948591 -273641.71  6577%     -    9s
     0     2 -273641.71    0  467 4224.59486 -273641.71  6577%     -   14s
     1     4 -251593.91    1  437 4224.59486 -273626.84  6577%  2091   15s
    64    75 -76411.439    8  344 4224.59486 -223116.62  5381%  1468   20s
H   79    89                    1463.2247590 -223116.62      -  1361   21s
H  126   134                     380.5377703 -223116.62      -  1101   22s
H  167   180                     305.0059621 -223116.62      -  1001   23s
H  175   180                    -502.6525266 -223116.62      -   994   23s
   210   215 -190088.77    5  408 -502.65253 -219739.72      -   985   25s
H  216   215                    -874.6610190 -219739.72      -   982   25s
H  365   350                    -1995.454015 -215447.72      -   921   29s
H  372   350                    -3304.743724 -215447.72  6419%   923   29s
   398   393 -60979.426   19  278 -3304.7437 -215447.72  6419%   936   30s
H  432   410                    -4447.754057 -215447.72  4744%   930   31s
H  491   461                    -5251.943717 -209421.01  3887%   898   32s
   594   541 -135820.78    9  398 -5251.9437 -209421.01  3887%   879   35s
H  671   551                    -8140.794739 -208834.58  2465%   879   36s
H  674   551                    -8195.001127 -208834.58  2448%   878   36s
H  739   578                    -10513.21071 -208834.58  1886%   865   38s
   808   612 -177807.99    7  355 -10513.211 -208834.58  1886%   861   40s
H  982   711                    -11030.57979 -208834.58  1793%   835   43s
  1056   774 -140761.56   10  387 -11030.580 -208834.58  1793%   830   45s
H 1062   769                    -13343.99913 -208834.58  1465%   830   45s
H 1129   789                    -14653.79368 -208834.58  1325%   822   47s
  1284   885 -164039.47    7  419 -14653.794 -208834.58  1325%   811   50s
  1528  1086 -138727.31   10  362 -14653.794 -195802.20  1236%   811   56s
  1689  1178 -49228.123   16  355 -14653.794 -195802.20  1236%   801   60s
  1877  1361 -103357.91   11  340 -14653.794 -185435.03  1165%   801   65s
  2154   894 -154436.15    8  467 -14653.794 -185435.03  1165%   771   79s
  2158   897 -37589.103   19  524 -14653.794 -185435.03  1165%   770   80s
  2178   910 -14653.794   23  468 -14653.794 -185435.03  1165%   763   85s
  2180   911 -58775.026   19  461 -14653.794 -185435.03  1165%   762  100s
  2205   950 -102986.86   19  372 -14653.794 -185435.03  1165%   792  105s
  2284  1004 -58438.009   24  293 -14653.794 -185435.03  1165%   822  110s
  2444  1090 -7471.3913   31  203 -14653.794 -185435.03  1165%   818  115s

Cutting planes:
  Implied bound: 1896
  MIR: 219
  Flow cover: 102
  Zero half: 156
  Relax-and-lift: 62

Explored 2588 nodes (2111751 simplex iterations) in 119.24 seconds (300.09 work units)
Thread count was 10 (of 10 available processors)

Solution count 10: -14653.8 -13344 -12340.4 ... -3304.74

Work limit reached
Best objective -1.465379368134e+04, best bound -1.854350331217e+05, gap 1165.4405%

User-callback calls 34916, time in user-callback 0.02 sec

================================================================================
PRICING SUBPROBLEM TYPE 2 (SF) - ITERATION 62
================================================================================
Timestamp: 2025-12-03T04:40:12.536
Problem size: 25 scenarios, 25 facilities, 50 customers
================================================================================

Gurobi 12.0.3 (mac64[arm]) logging started Wed Dec  3 04:40:12 2025

Set parameter LogFile to value "/Users/arnav/projects/Candidate-Selection-via-Stochastic-IP/CCG/logs/CG_SF_FL_cap91_K2_S25_pricing_20251203_030342.log"
Set parameter LogToConsole to value 0
Set parameter MIPFocus to value 1
Set parameter WorkLimit to value 300

Gurobi 12.0.3 (mac64[arm]) logging started Wed Dec  3 04:40:12 2025

Set parameter LogFile to value "/Users/arnav/projects/Candidate-Selection-via-Stochastic-IP/CCG/logs/CG_SF_FL_cap91_K2_S25_pricing_20251203_030342.log"
Gurobi Optimizer version 12.0.3 build v12.0.3rc0 (mac64[arm] - Darwin 24.6.0 24G84)

CPU model: Apple M4
Thread count: 10 physical cores, 10 logical processors, using up to 10 threads

Non-default parameters:
WorkLimit  300
MIPFocus  1
LogToConsole  0
PoolSearchMode  2

Optimize a model with 3750 rows, 33175 columns and 69996 nonzeros
Model fingerprint: 0x6a6bf1e0
Variable types: 32500 continuous, 675 integer (675 binary)
Coefficient statistics:
  Matrix range     [1e+00, 2e+04]
  Objective range  [3e-01, 4e+05]
  Bounds range     [0e+00, 0e+00]
  RHS range        [1e+00, 1e+00]
Found heuristic solution: objective 224627.32412
Presolve removed 629 rows and 16354 columns
Presolve time: 0.03s
Presolved: 3121 rows, 16821 columns, 37292 nonzeros
Variable types: 16146 continuous, 675 integer (675 binary)

Root relaxation: objective -5.182208e+05, 3687 iterations, 0.17 seconds (0.25 work units)

    Nodes    |    Current Node    |     Objective Bounds      |     Work
 Expl Unexpl |  Obj  Depth IntInf | Incumbent    BestBd   Gap | It/Node Time

     0     0 -518220.75    0  571 224627.324 -518220.75   331%     -    0s
H    0     0                    213295.00187 -518220.75   343%     -    0s
H    0     0                    209147.23104 -518220.75   348%     -    0s
     0     0 -370714.49    0  542 209147.231 -370714.49   277%     -    1s
H    0     0                    200199.70693 -370714.49   285%     -    1s
H    0     0                    199355.39342 -370714.49   286%     -    1s
H    0     0                    196257.64858 -370714.49   289%     -    1s
H    0     0                    150073.14328 -360519.71   340%     -    1s
H    0     0                    104623.31819 -360519.71   445%     -    1s
H    0     0                    80255.656016 -360519.71   549%     -    1s
H    0     0                    76362.700637 -360519.71   572%     -    1s
     0     0 -360376.90    0  542 76362.7006 -360376.90   572%     -    1s
     0     0 -358872.68    0  541 76362.7006 -358872.68   570%     -    1s
     0     0 -358559.37    0  540 76362.7006 -358559.37   570%     -    1s
     0     0 -358365.30    0  541 76362.7006 -358365.30   569%     -    1s
     0     0 -358364.87    0  540 76362.7006 -358364.87   569%     -    1s
H    0     0                    45875.152788 -324439.19   807%     -    1s
     0     0 -324439.19    0  513 45875.1528 -324439.19   807%     -    1s
H    0     0                    43825.690814 -324439.19   840%     -    2s
     0     0 -314836.42    0  502 43825.6908 -314836.42   818%     -    2s
     0     0 -311043.22    0  508 43825.6908 -311043.22   810%     -    2s
     0     0 -310485.99    0  509 43825.6908 -310485.99   808%     -    2s
     0     0 -310190.77    0  512 43825.6908 -310190.77   808%     -    2s
     0     0 -310061.35    0  511 43825.6908 -310061.35   807%     -    2s
     0     0 -310052.20    0  513 43825.6908 -310052.20   807%     -    2s
H    0     0                    42195.971532 -289692.25   787%     -    3s
     0     0 -289692.25    0  497 42195.9715 -289692.25   787%     -    3s
     0     0 -285434.51    0  489 42195.9715 -285434.51   776%     -    3s
     0     0 -284225.72    0  488 42195.9715 -284225.72   774%     -    3s
     0     0 -283424.73    0  487 42195.9715 -283424.73   772%     -    3s
     0     0 -283121.78    0  489 42195.9715 -283121.78   771%     -    3s
     0     0 -283069.86    0  488 42195.9715 -283069.86   771%     -    3s
     0     0 -283067.88    0  490 42195.9715 -283067.88   771%     -    3s
H    0     0                    35020.868018 -274487.95   884%     -    4s
     0     0 -274487.95    0  475 35020.8680 -274487.95   884%     -    4s
H    0     0                    34151.129934 -274487.95   904%     -    4s
H    0     0                    27793.111890 -271205.41  1076%     -    4s
H    0     0                    26788.758362 -271205.41  1112%     -    4s
H    0     0                    26459.489842 -271205.41  1125%     -    4s
     0     0 -271205.41    0  475 26459.4898 -271205.41  1125%     -    4s
     0     0 -270482.11    0  479 26459.4898 -270482.11  1122%     -    4s
     0     0 -270165.52    0  474 26459.4898 -270165.52  1121%     -    4s
     0     0 -269979.08    0  477 26459.4898 -269979.08  1120%     -    4s
     0     0 -269867.69    0  471 26459.4898 -269867.69  1120%     -    4s
     0     0 -269838.93    0  473 26459.4898 -269838.93  1120%     -    4s
     0     0 -269834.22    0  475 26459.4898 -269834.22  1120%     -    4s
     0     0 -262705.80    0  475 26459.4898 -262705.80  1093%     -    5s
H    0     0                    6685.9884941 -262705.80  4029%     -   10s
H    0     0                    -6650.523206 -262705.80  3850%     -   11s
     0     2 -262705.80    0  475 -6650.5232 -262705.80  3850%     -   17s
    25    43 -109440.60    5  388 -6650.5232 -223069.02  3254%  2113  921s
    58    77 -94199.285    6  368 -6650.5232 -223069.02  3254%  1858  926s
   103   126 -54552.957   10  306 -6650.5232 -223069.02  3254%  1451  930s
   230   245 8748.29479   18  314 -6650.5232 -215164.74  3135%   971  935s
   312   309 -189877.57    5  416 -6650.5232 -207744.75  3024%   919  940s
   410   424 -105582.56   13  389 -6650.5232 -207744.75  3024%   881  945s
   567   554 8019.03899   33   17 -6650.5232 -200705.05  2918%   776  950s
   664   600 -80256.329   14  301 -6650.5232 -200705.05  2918%   759  955s
   768   690 -165863.70    8  341 -6650.5232 -195187.96  2835%   728  960s
   878   790 -97878.969   12  371 -6650.5232 -193988.89  2817%   726  965s
   959   878 -9159.9832   19  363 -6650.5232 -193916.66  2816%   719  970s
  1085   981 -100443.21   11  347 -6650.5232 -189823.72  2754%   721  976s
  1158  1051 -2892.5911   20  337 -6650.5232 -189823.72  2754%   713  981s
H 1269  1052                    -8844.259155 -189220.17  2039%   700  983s
  1281  1077 -130843.82    9  388 -8844.2592 -189220.17  2039%   699  985s
H 1374  1107                    -15714.71934 -189220.17  1104%   696  988s
  1396  1160 -164457.60    7  393 -15714.719 -189220.17  1104%   696 1892s
  1455  1213 -114903.21   10  397 -15714.719 -189220.17  1104%   692 1896s
  1544  1303 -47636.181   16  359 -15714.719 -189220.17  1104%   685 1900s
  1706  1369 -77266.828   16  342 -15714.719 -189220.17  1104%   673 1907s
  1827   863 -15714.719   23  475 -15714.719 -189220.17  1104%   664 1925s
  1834   868 -48818.426   18  497 -15714.719 -189220.17  1104%   661 1930s
  1846   876 -31927.662   14  458 -15714.719 -189220.17  1104%   657 1935s
  1853   880 -45013.506   17  457 -15714.719 -189220.17  1104%   654 1961s
  1860   894 -119307.45   17  425 -15714.719 -189220.17  1104%   679 1965s
  1878   919 -103911.10   19  380 -15714.719 -189220.17  1104%   693 1970s
  1936   962 -75158.011   22  327 -15714.719 -189220.17  1104%   717 1976s
  2012   999 -56196.817   25  285 -15714.719 -189220.17  1104%   730 1980s
  2118  1071 -24218.396   29  206 -15714.719 -189220.17  1104%   728 1985s
  2183  1123 -2934.2406   32  187 -15714.719 -189220.17  1104%   725 1990s
  2300  1154 -112493.44   26  408 -15714.719 -189220.17  1104%   735 1998s
  2349  1220 -72287.486   30  389 -15714.719 -189220.17  1104%   734 2000s

Cutting planes:
  Gomory: 3
  Implied bound: 1920
  MIR: 226
  Flow cover: 127
  Zero half: 152
  Relax-and-lift: 50

Explored 2410 nodes (1782131 simplex iterations) in 2002.66 seconds (300.78 work units)
Thread count was 10 (of 10 available processors)

Solution count 10: -15714.7 -8844.26 -7860.55 ... 11160.7

Work limit reached
Best objective -1.571471933557e+04, best bound -1.892201672288e+05, gap 1104.0951%

User-callback calls 33410, time in user-callback 0.03 sec

================================================================================
PRICING SUBPROBLEM TYPE 2 (SF) - ITERATION 63
================================================================================
Timestamp: 2025-12-03T05:13:39.237
Problem size: 25 scenarios, 25 facilities, 50 customers
================================================================================

Gurobi 12.0.3 (mac64[arm]) logging started Wed Dec  3 05:13:39 2025

Set parameter LogFile to value "/Users/arnav/projects/Candidate-Selection-via-Stochastic-IP/CCG/logs/CG_SF_FL_cap91_K2_S25_pricing_20251203_030342.log"
Set parameter LogToConsole to value 0
Set parameter MIPFocus to value 1
Set parameter WorkLimit to value 300

Gurobi 12.0.3 (mac64[arm]) logging started Wed Dec  3 05:13:39 2025

Set parameter LogFile to value "/Users/arnav/projects/Candidate-Selection-via-Stochastic-IP/CCG/logs/CG_SF_FL_cap91_K2_S25_pricing_20251203_030342.log"
Gurobi Optimizer version 12.0.3 build v12.0.3rc0 (mac64[arm] - Darwin 24.6.0 24G84)

CPU model: Apple M4
Thread count: 10 physical cores, 10 logical processors, using up to 10 threads

Non-default parameters:
WorkLimit  300
MIPFocus  1
LogToConsole  0
PoolSearchMode  2

Optimize a model with 3750 rows, 33175 columns and 69996 nonzeros
Model fingerprint: 0x0332fb90
Variable types: 32500 continuous, 675 integer (675 binary)
Coefficient statistics:
  Matrix range     [1e+00, 2e+04]
  Objective range  [3e-01, 4e+05]
  Bounds range     [0e+00, 0e+00]
  RHS range        [1e+00, 1e+00]
Found heuristic solution: objective 234471.46004
Presolve removed 629 rows and 16354 columns
Presolve time: 0.04s
Presolved: 3121 rows, 16821 columns, 37292 nonzeros
Variable types: 16146 continuous, 675 integer (675 binary)

Root relaxation: objective -5.237597e+05, 3581 iterations, 0.12 seconds (0.22 work units)

    Nodes    |    Current Node    |     Objective Bounds      |     Work
 Expl Unexpl |  Obj  Depth IntInf | Incumbent    BestBd   Gap | It/Node Time

     0     0 -523759.72    0  575 234471.460 -523759.72   323%     -    0s
H    0     0                    200059.62559 -523759.72   362%     -    0s
     0     0 -377015.07    0  542 200059.626 -377015.07   288%     -    0s
     0     0 -366902.18    0  540 200059.626 -366902.18   283%     -    1s
     0     0 -365071.30    0  534 200059.626 -365071.30   282%     -    1s
     0     0 -364823.87    0  530 200059.626 -364823.87   282%     -    1s
     0     0 -364547.92    0  532 200059.626 -364547.92   282%     -    1s
     0     0 -364539.12    0  534 200059.626 -364539.12   282%     -    1s
H    0     0                    87725.117671 -330483.07   477%     -    2s
     0     0 -330483.07    0  517 87725.1177 -330483.07   477%     -    2s
H    0     0                    71405.562941 -330483.07   563%     -    2s
     0     0 -319797.16    0  507 71405.5629 -319797.16   548%     -    3s
H    0     0                    59582.655631 -316492.24   631%     -    3s
     0     0 -316492.24    0  508 59582.6556 -316492.24   631%     -    3s
     0     0 -315648.22    0  514 59582.6556 -315648.22   630%     -    3s
     0     0 -315313.66    0  519 59582.6556 -315313.66   629%     -    3s
     0     0 -315277.92    0  519 59582.6556 -315277.92   629%     -    3s
     0     0 -315275.96    0  520 59582.6556 -315275.96   629%     -    3s
     0     0 -300940.65    0  492 59582.6556 -300940.65   605%     -    4s
H    0     0                    56069.755741 -296684.19   629%     -    4s
H    0     0                    55557.929802 -296684.19   634%     -    4s
H    0     0                    47062.400447 -296684.19   730%     -    4s
     0     0 -296684.19    0  497 47062.4004 -296684.19   730%     -    4s
H    0     0                    41302.944726 -295368.48   815%     -    4s
H    0     0                    39643.191889 -295368.48   845%     -    4s
     0     0 -295368.48    0  482 39643.1919 -295368.48   845%     -    4s
H    0     0                    29234.788160 -294976.17  1109%     -    5s
     0     0 -294976.17    0  483 29234.7882 -294976.17  1109%     -    5s
     0     0 -294712.67    0  483 29234.7882 -294712.67  1108%     -    5s
     0     0 -294669.50    0  485 29234.7882 -294669.50  1108%     -    5s
     0     0 -294667.09    0  487 29234.7882 -294667.09  1108%     -    5s
     0     0 -283840.99    0  488 29234.7882 -283840.99  1071%     -    5s
H    0     0                    25526.946120 -283840.99  1212%     -    5s
H    0     0                    19848.795889 -280321.52  1512%     -    6s
     0     0 -280321.52    0  480 19848.7959 -280321.52  1512%     -    6s
     0     0 -279551.38    0  475 19848.7959 -279551.38  1508%     -    6s
     0     0 -279242.62    0  474 19848.7959 -279242.62  1507%     -    6s
     0     0 -279185.51    0  482 19848.7959 -279185.51  1507%     -    6s
     0     0 -279169.19    0  476 19848.7959 -279169.19  1506%     -    6s
     0     0 -272976.66    0  468 19848.7959 -272976.66  1475%     -    8s
H    0     0                    8994.0878428 -272976.66  3135%     -   13s
H    0     0                    7380.6538061 -272976.66  3799%     -   17s
H    0     0                    -2075.768432 -272976.66      -     -   18s
H    0     0                    -2316.919945 -272976.66      -     -   18s
H    0     0                    -9064.503564 -272976.66  2911%     -   18s
H    0     0                    -9843.767877 -272976.66  2673%     -   21s
H    0     0                    -13907.93025 -272976.66  1863%     -   21s
     0     2 -272976.66    0  468 -13907.930 -272976.66  1863%     -   23s
     7    16 -232610.43    3  402 -13907.930 -246378.80  1671%  2023   25s
H   54    64                    -16823.71900 -227784.75  1254%  1543   29s
    63    74 -196740.35    8  335 -16823.719 -227784.75  1254%  1517   30s
   143   172 -121084.40   12  313 -16823.719 -227784.75  1254%  1104   35s
   223   240 -35911.338   18  286 -16823.719 -227784.75  1254%   974   40s
   363   350 -24963.754   21  110 -16823.719 -223351.83  1228%   812   45s
   498   488 -18894.407   21  282 -16823.719 -223351.83  1228%   786   51s
   612   572 -112494.60    9  398 -16823.719 -211304.66  1156%   787   56s
   719   687 17976.8278   21  161 -16823.719 -205426.36  1121%   765   60s
   799   735 -186312.02    6  400 -16823.719 -205426.36  1121%   757  343s
   819   745 -156933.43    9  344 -16823.719 -205426.36  1121%   762  346s
   884   803 -155245.19    9  358 -16823.719 -205426.36  1121%   751  351s
  1019   941 -83373.990   13  308 -16823.719 -196273.63  1067%   753  356s
  1165  1057 8286.45080   21  206 -16823.719 -192771.96  1046%   732  360s
  1339  1254 -9286.8974   19  271 -16823.719 -192054.67  1042%   728  366s
  1519  1400 -104768.71   10  380 -16823.719 -189652.75  1027%   707  371s
  1684  1498 -136716.77   12  393 -16823.719 -189652.75  1027%   696  377s
  1727  1570 -134446.19   13  347 -16823.719 -189652.75  1027%   694  380s
  1814   990 -94023.756   16  468 -16823.719 -189652.75  1027%   688  395s
  1821   995 -16823.719   21  497 -16823.719 -189652.75  1027%   686  400s
  1834  1003 -52651.109   18  450 -16823.719 -189652.75  1027%   681  405s
  1840  1007 -16823.719   25  458 -16823.719 -189652.75  1027%   678  662s
  1843  1014 -189652.75   16  423 -16823.719 -189652.75  1027%   698  665s
  1855  1028 -102325.25   18  395 -16823.719 -189652.75  1027%   708  670s
  1886  1061 -85494.208   21  342 -16823.719 -189652.75  1027%   724  675s
  1970  1123 -65208.892   24  286 -16823.719 -189652.75  1027%   746  681s
  2064  1173 -39839.096   29  251 -16823.719 -189652.75  1027%   751  685s
  2166  1252 6008.76393   35  184 -16823.719 -189652.75  1027%   746  710s
  2375  1318 -98454.449   30  155 -16823.719 -189652.75  1027%   747  715s

Cutting planes:
  Implied bound: 1975
  MIR: 220
  Flow cover: 111
  Zero half: 160
  Relax-and-lift: 56

Explored 2602 nodes (1965298 simplex iterations) in 719.18 seconds (300.14 work units)
Thread count was 10 (of 10 available processors)

Solution count 10: -16823.7 -13907.9 -9843.77 ... 9114.25

Work limit reached
Best objective -1.682371899998e+04, best bound -1.896527498345e+05, gap 1027.2939%

User-callback calls 34248, time in user-callback 0.06 sec

================================================================================
PRICING SUBPROBLEM TYPE 2 (SF) - ITERATION 64
================================================================================
Timestamp: 2025-12-03T05:25:43.017
Problem size: 25 scenarios, 25 facilities, 50 customers
================================================================================

Gurobi 12.0.3 (mac64[arm]) logging started Wed Dec  3 05:25:43 2025

Set parameter LogFile to value "/Users/arnav/projects/Candidate-Selection-via-Stochastic-IP/CCG/logs/CG_SF_FL_cap91_K2_S25_pricing_20251203_030342.log"
Set parameter LogToConsole to value 0
Set parameter MIPFocus to value 1
Set parameter WorkLimit to value 300

Gurobi 12.0.3 (mac64[arm]) logging started Wed Dec  3 05:25:43 2025

Set parameter LogFile to value "/Users/arnav/projects/Candidate-Selection-via-Stochastic-IP/CCG/logs/CG_SF_FL_cap91_K2_S25_pricing_20251203_030342.log"
Gurobi Optimizer version 12.0.3 build v12.0.3rc0 (mac64[arm] - Darwin 24.6.0 24G84)

CPU model: Apple M4
Thread count: 10 physical cores, 10 logical processors, using up to 10 threads

Non-default parameters:
WorkLimit  300
MIPFocus  1
LogToConsole  0
PoolSearchMode  2

Optimize a model with 3750 rows, 33175 columns and 69996 nonzeros
Model fingerprint: 0x1cac4f5d
Variable types: 32500 continuous, 675 integer (675 binary)
Coefficient statistics:
  Matrix range     [1e+00, 2e+04]
  Objective range  [3e-01, 4e+05]
  Bounds range     [0e+00, 0e+00]
  RHS range        [1e+00, 1e+00]
Found heuristic solution: objective 214968.68687
Presolve removed 629 rows and 16354 columns
Presolve time: 0.03s
Presolved: 3121 rows, 16821 columns, 37292 nonzeros
Variable types: 16146 continuous, 675 integer (675 binary)

Root relaxation: objective -5.199187e+05, 3613 iterations, 0.08 seconds (0.24 work units)

    Nodes    |    Current Node    |     Objective Bounds      |     Work
 Expl Unexpl |  Obj  Depth IntInf | Incumbent    BestBd   Gap | It/Node Time

     0     0 -519918.75    0  570 214968.687 -519918.75   342%     -    0s
H    0     0                    210960.10370 -519918.75   346%     -    0s
H    0     0                    204847.37901 -519918.75   354%     -    0s
H    0     0                    198609.12839 -519918.75   362%     -    0s
     0     0 -376090.68    0  538 198609.128 -376090.68   289%     -    0s
H    0     0                    195328.18651 -376090.68   293%     -    0s
H    0     0                    189456.66433 -376090.68   299%     -    0s
H    0     0                    189332.17789 -376090.68   299%     -    0s
H    0     0                    188421.08948 -376090.68   300%     -    0s
H    0     0                    188378.22338 -376090.68   300%     -    0s
H    0     0                    125247.50873 -365659.23   392%     -    0s
     0     0 -365659.23    0  529 125247.509 -365659.23   392%     -    0s
     0     0 -363572.65    0  533 125247.509 -363572.65   390%     -    0s
     0     0 -363121.05    0  523 125247.509 -363121.05   390%     -    0s
     0     0 -362870.11    0  523 125247.509 -362870.11   390%     -    0s
     0     0 -362869.72    0  523 125247.509 -362869.72   390%     -    0s
H    0     0                    66207.112934 -325667.49   592%     -    1s
     0     0 -325667.49    0  523 66207.1129 -325667.49   592%     -    1s
H    0     0                    55516.089610 -325667.49   687%     -    1s
     0     0 -316499.77    0  521 55516.0896 -316499.77   670%     -    1s
H    0     0                    46545.926837 -314117.02   775%     -    1s
     0     0 -314117.02    0  520 46545.9268 -314117.02   775%     -    1s
     0     0 -313257.45    0  522 46545.9268 -313257.45   773%     -    1s
     0     0 -312898.04    0  522 46545.9268 -312898.04   772%     -    1s
     0     0 -312773.67    0  518 46545.9268 -312773.67   772%     -    1s
     0     0 -312753.20    0  519 46545.9268 -312753.20   772%     -    1s
     0     0 -312753.00    0  519 46545.9268 -312753.00   772%     -    1s
H    0     0                    20863.278901 -294729.24  1513%     -    2s
     0     0 -294729.24    0  497 20863.2789 -294729.24  1513%     -    2s
     0     0 -290413.22    0  485 20863.2789 -290413.22  1492%     -    2s
     0     0 -288667.77    0  492 20863.2789 -288667.77  1484%     -    2s
     0     0 -288032.56    0  483 20863.2789 -288032.56  1481%     -    2s
     0     0 -287878.26    0  485 20863.2789 -287878.26  1480%     -    2s
     0     0 -287821.87    0  489 20863.2789 -287821.87  1480%     -    2s
     0     0 -287821.20    0  490 20863.2789 -287821.20  1480%     -    2s
H    0     0                    11331.725638 -278642.04  2559%     -    2s
     0     0 -278642.04    0  486 11331.7256 -278642.04  2559%     -    2s
     0     0 -275730.98    0  484 11331.7256 -275730.98  2533%     -    3s
     0     0 -274920.99    0  461 11331.7256 -274920.99  2526%     -    3s
     0     0 -274608.53    0  465 11331.7256 -274608.53  2523%     -    3s
H    0     0                    9799.1925104 -274482.72  2901%     -    3s
H    0     0                    9749.6464651 -274482.72  2915%     -    3s
     0     0 -274482.72    0  460 9749.64647 -274482.72  2915%     -    3s
     0     0 -274428.05    0  468 9749.64647 -274428.05  2915%     -    3s
     0     0 -274390.24    0  475 9749.64647 -274390.24  2914%     -    3s
     0     0 -274374.68    0  462 9749.64647 -274374.68  2914%     -    3s
H    0     0                    6241.4128123 -274374.68  4496%     -    3s
H    0     0                    5511.7610935 -274374.68  5078%     -    3s
H    0     0                    1421.4129352 -274374.68      -     -    3s
     0     0 -268455.04    0  469 1421.41294 -268455.04      -     -    4s
H    0     0                    -9032.744996 -268455.04  2872%     -    8s
H    0     0                    -9038.768564 -268455.04  2870%     -    9s
H    0     0                    -15380.37324 -268455.04  1645%     -   11s
     0     2 -268455.04    0  469 -15380.373 -268455.04  1645%     -   14s
     3     8 -245146.24    2  434 -15380.373 -254548.93  1555%  2070   15s
H   74    97                    -15401.19648 -228759.97  1385%  1438   18s
   166   181 -103932.05   15  313 -15401.196 -228759.97  1385%  1058   20s
   414   418 -149986.57   11  391 -15401.196 -215698.71  1301%   834   25s
   754   714 -188094.62    6  365 -15401.196 -208444.71  1253%   716   30s
   998   881 -95828.337   15  205 -15401.196 -201740.65  1210%   682   35s
  1298  1120     cutoff   21      -15401.196 -194381.28  1162%   672   41s
  1411  1256 -116788.46   13  319 -15401.196 -194381.28  1162%   675   45s
  1806  1579 -151711.22   11  325 -15401.196 -190596.53  1138%   675   50s
  1901   996 -105631.37   12  469 -15401.196 -190596.53  1138%   673   61s
  1913  1004 -184379.41    8  466 -15401.196 -190596.53  1138%   669   65s
  1926  1013 -154754.09   11  469 -15401.196 -190596.53  1138%   665   82s
  1941  1034 -105928.17   18  402 -15401.196 -190596.53  1138%   693   85s
  2034  1109 -68346.023   24  303 -15401.196 -190596.53  1138%   735   90s
H 2114  1090                    -18062.26547 -190596.53   955%   741   92s
H 2143  1072                    -18426.61310 -190596.53   934%   743   93s
  2194  1114 -186784.07   20  423 -18426.613 -190596.53   934%   743   95s

Cutting planes:
  Implied bound: 1865
  MIR: 206
  Flow cover: 107
  Zero half: 158
  Relax-and-lift: 57

Explored 2350 nodes (1773277 simplex iterations) in 99.32 seconds (300.88 work units)
Thread count was 10 (of 10 available processors)

Solution count 10: -18426.6 -18062.3 -15401.2 ... 2744.04

Work limit reached
Best objective -1.842661310304e+04, best bound -1.905965265926e+05, gap 934.3546%

User-callback calls 29793, time in user-callback 0.02 sec

================================================================================
PRICING SUBPROBLEM TYPE 2 (SF) - ITERATION 65
================================================================================
Timestamp: 2025-12-03T05:27:24.714
Problem size: 25 scenarios, 25 facilities, 50 customers
================================================================================

Gurobi 12.0.3 (mac64[arm]) logging started Wed Dec  3 05:27:24 2025

Set parameter LogFile to value "/Users/arnav/projects/Candidate-Selection-via-Stochastic-IP/CCG/logs/CG_SF_FL_cap91_K2_S25_pricing_20251203_030342.log"
Set parameter LogToConsole to value 0
Set parameter MIPFocus to value 1
Set parameter WorkLimit to value 300

Gurobi 12.0.3 (mac64[arm]) logging started Wed Dec  3 05:27:24 2025

Set parameter LogFile to value "/Users/arnav/projects/Candidate-Selection-via-Stochastic-IP/CCG/logs/CG_SF_FL_cap91_K2_S25_pricing_20251203_030342.log"
Gurobi Optimizer version 12.0.3 build v12.0.3rc0 (mac64[arm] - Darwin 24.6.0 24G84)

CPU model: Apple M4
Thread count: 10 physical cores, 10 logical processors, using up to 10 threads

Non-default parameters:
WorkLimit  300
MIPFocus  1
LogToConsole  0
PoolSearchMode  2

Optimize a model with 3750 rows, 33175 columns and 69996 nonzeros
Model fingerprint: 0xd0029acc
Variable types: 32500 continuous, 675 integer (675 binary)
Coefficient statistics:
  Matrix range     [1e+00, 2e+04]
  Objective range  [3e-01, 4e+05]
  Bounds range     [0e+00, 0e+00]
  RHS range        [1e+00, 1e+00]
Found heuristic solution: objective 261350.05098
Presolve removed 629 rows and 16354 columns
Presolve time: 0.03s
Presolved: 3121 rows, 16821 columns, 37292 nonzeros
Variable types: 16146 continuous, 675 integer (675 binary)

Root relaxation: objective -5.349021e+05, 3593 iterations, 0.08 seconds (0.24 work units)

    Nodes    |    Current Node    |     Objective Bounds      |     Work
 Expl Unexpl |  Obj  Depth IntInf | Incumbent    BestBd   Gap | It/Node Time

     0     0 -534902.06    0  569 261350.051 -534902.06   305%     -    0s
H    0     0                    260460.34141 -534902.06   305%     -    0s
H    0     0                    256757.53252 -534902.06   308%     -    0s
H    0     0                    238786.05407 -390662.87   264%     -    0s
     0     0 -389925.83    0  550 238786.054 -389925.83   263%     -    0s
H    0     0                    119906.21363 -379733.76   417%     -    1s
     0     0 -379128.98    0  539 119906.214 -379128.98   416%     -    1s
     0     0 -378145.81    0  539 119906.214 -378145.81   415%     -    1s
     0     0 -377764.23    0  537 119906.214 -377764.23   415%     -    1s
     0     0 -377734.14    0  538 119906.214 -377734.14   415%     -    1s
     0     0 -377734.08    0  538 119906.214 -377734.08   415%     -    1s
     0     0 -340915.14    0  513 119906.214 -340915.14   384%     -    1s
     0     0 -331164.17    0  511 119906.214 -331164.17   376%     -    1s
     0     0 -328969.70    0  510 119906.214 -328969.70   374%     -    1s
H    0     0                    36500.895007 -328544.18  1000%     -    1s
H    0     0                    -5110.893921 -328544.18  6328%     -    1s
     0     0 -328544.18    0  514 -5110.8939 -328544.18  6328%     -    1s
     0     0 -328240.78    0  509 -5110.8939 -328240.78  6322%     -    1s
     0     0 -328023.13    0  510 -5110.8939 -328023.13  6318%     -    1s
     0     0 -328011.18    0  511 -5110.8939 -328011.18  6318%     -    1s
     0     0 -311087.05    0  510 -5110.8939 -311087.05  5987%     -    2s
     0     0 -308160.51    0  496 -5110.8939 -308160.51  5929%     -    2s
H    0     0                    -8628.340670 -306601.57  3453%     -    2s
     0     0 -306601.57    0  499 -8628.3407 -306601.57  3453%     -    2s
     0     0 -306342.41    0  512 -8628.3407 -306342.41  3450%     -    2s
H    0     0                    -12852.99378 -306253.81  2283%     -    2s
     0     0 -306253.81    0  505 -12852.994 -306253.81  2283%     -    2s
     0     0 -306128.23    0  506 -12852.994 -306128.23  2282%     -    2s
     0     0 -306098.67    0  506 -12852.994 -306098.67  2282%     -    2s
     0     0 -306092.89    0  507 -12852.994 -306092.89  2281%     -    2s
     0     0 -294772.80    0  493 -12852.994 -294772.80  2193%     -    3s
     0     0 -292399.33    0  488 -12852.994 -292399.33  2175%     -    3s
     0     0 -291675.97    0  474 -12852.994 -291675.97  2169%     -    3s
     0     0 -291282.12    0  489 -12852.994 -291282.12  2166%     -    3s
     0     0 -291157.32    0  472 -12852.994 -291157.32  2165%     -    3s
     0     0 -291097.40    0  475 -12852.994 -291097.40  2165%     -    3s
     0     0 -291060.22    0  473 -12852.994 -291060.22  2165%     -    3s
     0     0 -291042.53    0  474 -12852.994 -291042.53  2164%     -    3s
     0     0 -285194.56    0  474 -12852.994 -285194.56  2119%     -    4s
H    0     0                    -15386.28089 -285194.56  1754%     -    9s
H    0     0                    -15542.62929 -285194.56  1735%     -    9s
H    0     0                    -20930.46356 -285194.56  1263%     -   10s
H    0     0                    -21150.13957 -285194.56  1248%     -   11s
H    0     0                    -21150.36800 -285194.56  1248%     -   11s
H    0     0                    -27983.40123 -285194.56   919%     -   13s
H    0     0                    -28712.04761 -285194.56   893%     -   14s
H    0     0                    -35368.38914 -285194.56   706%     -   14s
     0     2 -285194.56    0  474 -35368.389 -285194.56   706%     -   14s
     1     4 -265578.90    1  438 -35368.389 -285122.66   706%  1324   15s
H   26    44                    -37759.15015 -230870.20   511%  1843   17s
H   30    44                    -44385.19821 -230830.16   420%  1819   17s
H   31    44                    -45202.85090 -230830.16   411%  1792   17s
H   35    44                    -46775.95921 -230830.16   393%  1749   17s
   129   160 -45786.481   12  285 -46775.959 -230830.16   393%  1099   20s
   370   355 -92793.744   15  382 -46775.959 -225196.82   381%   814   25s
   627   600 -39003.347   20  250 -46775.959 -210767.69   351%   736   30s
  1017   871 -189161.35    8  390 -46775.959 -208005.35   345%   659   35s
  1355  1104 -37347.601   18  292 -46775.959 -208005.35   345%   644   41s
  1770  1517 -47063.233   19  193 -46775.959 -200149.39   328%   604   45s
  1912   889 -105749.31   16  474 -46775.959 -200146.65   328%   584   55s
  1933   903 -157071.50   10  472 -46775.959 -200146.65   328%   577   60s
  1937   906 -46775.959   27  459 -46775.959 -200146.65   328%   576   73s
  1940   913 -200146.65   16  428 -46775.959 -200146.65   328%   594   75s
  2030   990 -60080.747   22  338 -46775.959 -200146.65   328%   642   80s
H 2096   969                    -48279.94226 -200146.65   315%   651   81s
  2191  1040 -33169.811   27  244 -48279.942 -200146.65   315%   651   85s
  2395  1142 -108532.34   27  346 -48279.942 -200146.65   315%   660   90s
  2675  1226 -165575.13   22  424 -48279.942 -200146.65   315%   664   95s
H 2820  1179                    -50775.02885 -200146.65   294%   660   97s
H 2939  1229                    -52916.51012 -200146.65   278%   653   98s
  3096  1183 -173111.60   24  331 -52916.510 -198645.39   275%   642  101s

Cutting planes:
  Implied bound: 1931
  MIR: 219
  Flow cover: 111
  Zero half: 143
  Relax-and-lift: 67

Explored 3179 nodes (2056639 simplex iterations) in 101.54 seconds (300.62 work units)
Thread count was 10 (of 10 available processors)

Solution count 10: -52916.5 -50775 -48279.9 ... -34778.8

Work limit reached
Best objective -5.291651012331e+04, best bound -1.958405582500e+05, gap 270.0935%

User-callback calls 31961, time in user-callback 0.01 sec

================================================================================
PRICING SUBPROBLEM TYPE 2 (SF) - ITERATION 66
================================================================================
Timestamp: 2025-12-03T05:29:10.437
Problem size: 25 scenarios, 25 facilities, 50 customers
================================================================================

Gurobi 12.0.3 (mac64[arm]) logging started Wed Dec  3 05:29:10 2025

Set parameter LogFile to value "/Users/arnav/projects/Candidate-Selection-via-Stochastic-IP/CCG/logs/CG_SF_FL_cap91_K2_S25_pricing_20251203_030342.log"
Set parameter LogToConsole to value 0
Set parameter MIPFocus to value 1
Set parameter WorkLimit to value 300

Gurobi 12.0.3 (mac64[arm]) logging started Wed Dec  3 05:29:10 2025

Set parameter LogFile to value "/Users/arnav/projects/Candidate-Selection-via-Stochastic-IP/CCG/logs/CG_SF_FL_cap91_K2_S25_pricing_20251203_030342.log"
Gurobi Optimizer version 12.0.3 build v12.0.3rc0 (mac64[arm] - Darwin 24.6.0 24G84)

CPU model: Apple M4
Thread count: 10 physical cores, 10 logical processors, using up to 10 threads

Non-default parameters:
WorkLimit  300
MIPFocus  1
LogToConsole  0
PoolSearchMode  2

Optimize a model with 3750 rows, 33175 columns and 69996 nonzeros
Model fingerprint: 0xa3b440e4
Variable types: 32500 continuous, 675 integer (675 binary)
Coefficient statistics:
  Matrix range     [1e+00, 2e+04]
  Objective range  [3e-01, 4e+05]
  Bounds range     [0e+00, 0e+00]
  RHS range        [1e+00, 1e+00]
Found heuristic solution: objective 238292.68069
Presolve removed 629 rows and 16354 columns
Presolve time: 0.03s
Presolved: 3121 rows, 16821 columns, 37292 nonzeros
Variable types: 16146 continuous, 675 integer (675 binary)

Root relaxation: objective -5.248754e+05, 3487 iterations, 0.08 seconds (0.22 work units)

    Nodes    |    Current Node    |     Objective Bounds      |     Work
 Expl Unexpl |  Obj  Depth IntInf | Incumbent    BestBd   Gap | It/Node Time

     0     0 -524875.41    0  577 238292.681 -524875.41   320%     -    0s
H    0     0                    229083.96924 -381766.92   267%     -    0s
H    0     0                    222540.89762 -381766.92   272%     -    0s
H    0     0                    190617.77102 -381766.92   300%     -    0s
     0     0 -381766.92    0  548 190617.771 -381766.92   300%     -    0s
H    0     0                    151687.56250 -370652.72   344%     -    0s
     0     0 -369191.18    0  537 151687.562 -369191.18   343%     -    0s
     0     0 -368296.43    0  532 151687.562 -368296.43   343%     -    1s
     0     0 -367800.05    0  531 151687.562 -367800.05   342%     -    1s
     0     0 -367794.08    0  530 151687.562 -367794.08   342%     -    1s
H    0     0                    143011.71469 -334014.31   334%     -    1s
H    0     0                    80401.009300 -334014.31   515%     -    1s
     0     0 -334014.31    0  526 80401.0093 -334014.31   515%     -    1s
H    0     0                    75898.343693 -334014.31   540%     -    1s
     0     0 -324681.84    0  515 75898.3437 -324681.84   528%     -    1s
     0     0 -322345.51    0  520 75898.3437 -322345.51   525%     -    1s
     0     0 -321823.80    0  520 75898.3437 -321823.80   524%     -    1s
     0     0 -321657.48    0  526 75898.3437 -321657.48   524%     -    1s
     0     0 -321592.62    0  522 75898.3437 -321592.62   524%     -    1s
     0     0 -321565.19    0  523 75898.3437 -321565.19   524%     -    1s
     0     0 -321561.54    0  523 75898.3437 -321561.54   524%     -    1s
     0     0 -303567.47    0  513 75898.3437 -303567.47   500%     -    2s
H    0     0                    69544.372068 -299311.11   530%     -    2s
     0     0 -299311.11    0  478 69544.3721 -299311.11   530%     -    2s
     0     0 -297971.76    0  476 69544.3721 -297971.76   528%     -    2s
     0     0 -297513.29    0  479 69544.3721 -297513.29   528%     -    2s
     0     0 -297348.35    0  479 69544.3721 -297348.35   528%     -    2s
     0     0 -297263.11    0  477 69544.3721 -297263.11   527%     -    2s
     0     0 -297214.60    0  477 69544.3721 -297214.60   527%     -    2s
     0     0 -297211.52    0  476 69544.3721 -297211.52   527%     -    2s
H    0     0                    68440.073576 -287997.01   521%     -    3s
H    0     0                    65113.925183 -287997.01   542%     -    3s
H    0     0                    64015.054986 -287997.01   550%     -    3s
     0     0 -287997.01    0  481 64015.0550 -287997.01   550%     -    3s
     0     0 -285339.78    0  483 64015.0550 -285339.78   546%     -    3s
H    0     0                    53987.455731 -284635.25   627%     -    3s
H    0     0                    52427.045968 -284635.25   643%     -    3s
     0     0 -284635.25    0  488 52427.0460 -284635.25   643%     -    3s
     0     0 -284372.44    0  485 52427.0460 -284372.44   642%     -    3s
H    0     0                    44559.079251 -284297.34   738%     -    3s
     0     0 -284297.34    0  482 44559.0793 -284297.34   738%     -    3s
     0     0 -284193.63    0  476 44559.0793 -284193.63   738%     -    3s
     0     0 -284177.13    0  476 44559.0793 -284177.13   738%     -    3s
     0     0 -276853.53    0  457 44559.0793 -276853.53   721%     -    4s
H    0     0                    30817.815186 -276853.53   998%     -    5s
H    0     0                    22604.587811 -276853.53  1325%     -   11s
H    0     0                    20251.838551 -276853.53  1467%     -   11s
H    0     0                    18967.556718 -276853.53  1560%     -   11s
H    0     0                    7904.4982841 -276853.53  3602%     -   12s
H    0     0                     278.5850085 -276853.53      -     -   12s
H    0     0                    -213.2029953 -276853.53      -     -   13s
     0     2 -276853.53    0  457 -213.20300 -276853.53      -     -   13s
     7    16 -225004.44    3  397 -213.20300 -238900.75      -  2305   15s
H   10    16                    -1731.952717 -238900.75      -  1826   15s
   155   167 -122398.11   13  268 -1731.9527 -224553.63      -  1090   20s
   372   380 -130662.66   11  372 -1731.9527 -213316.80      -   839   25s
H  443   452                    -3049.556349 -213194.56  6891%   811   26s
H  537   529                    -6793.379700 -213194.56  3038%   745   27s
H  572   549                    -8870.701452 -213194.56  2303%   737   28s
   659   586 -99339.700   11  403 -8870.7015 -211528.95  2285%   722   30s
   904   767 -110508.30   10  376 -8870.7015 -211379.23  2283%   708   35s
  1026   893 6220.62878   19  359 -8870.7015 -199745.78  2152%   692   40s
H 1152   912                    -10520.50444 -199730.59  1798%   683   42s
  1365  1116 -159124.62    9  340 -10520.504 -199730.59  1798%   660   45s
H 1516  1167                    -10548.60204 -197788.80  1775%   654   47s
  1652  1259 -54041.158   15  337 -10548.602 -197788.80  1775%   651   50s
  1828   825 -133159.27   12  457 -10548.602 -192654.66  1726%   627   61s
  1839   832 -128134.22   12  473 -10548.602 -192654.66  1726%   623   65s
  1852   841 -159961.81    7  456 -10548.602 -192654.66  1726%   619   80s
  1897   889 -87047.904   20  369 -10548.602 -192654.66  1726%   668   85s
  2017   972 -61808.764   24  299 -10548.602 -192654.66  1726%   698   90s
  2210  1046 -160486.06   20  398 -10548.602 -192654.66  1726%   695   95s
  2449  1155 -98909.060   28  251 -10548.602 -192654.66  1726%   700  100s
  2709  1244 -3570.3212   37   98 -10548.602 -192654.66  1726%   695  105s

Cutting planes:
  Implied bound: 1928
  MIR: 235
  Flow cover: 109
  Zero half: 155
  Relax-and-lift: 74

Explored 2754 nodes (1931480 simplex iterations) in 105.55 seconds (300.55 work units)
Thread count was 10 (of 10 available processors)

Solution count 10: -10548.6 -10520.5 -8870.7 ... 776.17

Work limit reached
Best objective -1.054860203988e+04, best bound -1.926546630414e+05, gap 1726.3526%

User-callback calls 35562, time in user-callback 0.01 sec

================================================================================
PRICING SUBPROBLEM TYPE 2 (SF) - ITERATION 67
================================================================================
Timestamp: 2025-12-03T05:30:57.920
Problem size: 25 scenarios, 25 facilities, 50 customers
================================================================================

Gurobi 12.0.3 (mac64[arm]) logging started Wed Dec  3 05:30:57 2025

Set parameter LogFile to value "/Users/arnav/projects/Candidate-Selection-via-Stochastic-IP/CCG/logs/CG_SF_FL_cap91_K2_S25_pricing_20251203_030342.log"
Set parameter LogToConsole to value 0
Set parameter MIPFocus to value 1
Set parameter WorkLimit to value 300

Gurobi 12.0.3 (mac64[arm]) logging started Wed Dec  3 05:30:57 2025

Set parameter LogFile to value "/Users/arnav/projects/Candidate-Selection-via-Stochastic-IP/CCG/logs/CG_SF_FL_cap91_K2_S25_pricing_20251203_030342.log"
Gurobi Optimizer version 12.0.3 build v12.0.3rc0 (mac64[arm] - Darwin 24.6.0 24G84)

CPU model: Apple M4
Thread count: 10 physical cores, 10 logical processors, using up to 10 threads

Non-default parameters:
WorkLimit  300
MIPFocus  1
LogToConsole  0
PoolSearchMode  2

Optimize a model with 3750 rows, 33175 columns and 69996 nonzeros
Model fingerprint: 0xddc88a88
Variable types: 32500 continuous, 675 integer (675 binary)
Coefficient statistics:
  Matrix range     [1e+00, 2e+04]
  Objective range  [3e-01, 4e+05]
  Bounds range     [0e+00, 0e+00]
  RHS range        [1e+00, 1e+00]
Found heuristic solution: objective 236625.02015
Presolve removed 629 rows and 16354 columns
Presolve time: 0.03s
Presolved: 3121 rows, 16821 columns, 37292 nonzeros
Variable types: 16146 continuous, 675 integer (675 binary)

Root relaxation: objective -5.234671e+05, 3552 iterations, 0.08 seconds (0.24 work units)

    Nodes    |    Current Node    |     Objective Bounds      |     Work
 Expl Unexpl |  Obj  Depth IntInf | Incumbent    BestBd   Gap | It/Node Time

     0     0 -523467.12    0  576 236625.020 -523467.12   321%     -    0s
H    0     0                    221810.37589 -523467.12   336%     -    0s
H    0     0                    214622.69189 -523467.12   344%     -    0s
H    0     0                    201618.54210 -523467.12   360%     -    0s
     0     0 -378205.62    0  546 201618.542 -378205.62   288%     -    0s
H    0     0                    197943.89248 -378205.62   291%     -    0s
     0     0 -368545.84    0  540 197943.892 -368545.84   286%     -    1s
     0     0 -366875.08    0  536 197943.892 -366875.08   285%     -    1s
     0     0 -366473.59    0  537 197943.892 -366473.59   285%     -    1s
     0     0 -366421.96    0  538 197943.892 -366421.96   285%     -    1s
     0     0 -366420.66    0  535 197943.892 -366420.66   285%     -    1s
H    0     0                    173437.86896 -332557.84   292%     -    1s
H    0     0                    151670.38165 -332557.84   319%     -    1s
     0     0 -331156.91    0  516 151670.382 -331156.91   318%     -    1s
H    0     0                    143924.95153 -331156.91   330%     -    1s
H    0     0                    118630.81237 -331156.91   379%     -    1s
H    0     0                    83895.592045 -322798.22   485%     -    1s
     0     0 -322798.22    0  520 83895.5920 -322798.22   485%     -    1s
     0     0 -319851.77    0  513 83895.5920 -319851.77   481%     -    1s
     0     0 -319191.93    0  514 83895.5920 -319191.93   480%     -    1s
     0     0 -318902.85    0  512 83895.5920 -318902.85   480%     -    1s
H    0     0                    54645.020885 -318687.31   683%     -    1s
     0     0 -318687.31    0  513 54645.0209 -318687.31   683%     -    1s
     0     0 -318651.04    0  513 54645.0209 -318651.04   683%     -    2s
     0     0 -318648.54    0  513 54645.0209 -318648.54   683%     -    2s
H    0     0                    48422.298208 -318648.54   758%     -    2s
     0     0 -298899.93    0  503 48422.2982 -298899.93   717%     -    2s
H    0     0                    42796.577252 -298899.93   798%     -    2s
     0     0 -293808.81    0  500 42796.5773 -293808.81   787%     -    2s
H    0     0                    41810.472949 -292644.00   800%     -    2s
     0     0 -292644.00    0  495 41810.4729 -292644.00   800%     -    2s
     0     0 -292202.91    0  496 41810.4729 -292202.91   799%     -    2s
     0     0 -292020.20    0  493 41810.4729 -292020.20   798%     -    3s
     0     0 -291959.73    0  500 41810.4729 -291959.73   798%     -    3s
     0     0 -291949.62    0  499 41810.4729 -291949.62   798%     -    3s
     0     0 -280974.45    0  482 41810.4729 -280974.45   772%     -    3s
H    0     0                    33780.509850 -280974.45   932%     -    3s
     0     0 -279054.29    0  487 33780.5098 -279054.29   926%     -    3s
     0     0 -277723.08    0  493 33780.5098 -277723.08   922%     -    4s
     0     0 -277391.20    0  487 33780.5098 -277391.20   921%     -    4s
     0     0 -277233.70    0  478 33780.5098 -277233.70   921%     -    4s
     0     0 -277133.41    0  478 33780.5098 -277133.41   920%     -    4s
     0     0 -277089.37    0  476 33780.5098 -277089.37   920%     -    4s
     0     0 -277048.12    0  477 33780.5098 -277048.12   920%     -    4s
     0     0 -277047.45    0  476 33780.5098 -277047.45   920%     -    4s
H    0     0                    31055.638708 -277047.45   992%     -    4s
     0     0 -273554.18    0  470 31055.6387 -273554.18   981%     -    4s
H    0     0                    27677.789036 -273554.18  1088%     -    5s
H    0     0                    22384.870839 -273554.18  1322%     -    6s
H    0     0                    9703.5168749 -273554.18  2919%     -   12s
H    0     0                    7142.4583490 -273554.18  3930%     -   12s
H    0     0                    4999.2746563 -273554.18  5572%     -   12s
H    0     0                    4912.2675974 -273554.18  5669%     -   13s
H    0     2                    3828.0977408 -273554.18  7246%     -   15s
     0     2 -273554.18    0  470 3828.09774 -273554.18  7246%     -   15s
H   33    47                    3754.8717466 -230604.65  6241%  1858   18s
H   36    47                     353.6042531 -230604.65      -  1781   18s
H   65    80                     -60.7940926 -230604.65      -  1459   19s
    79   102 -159257.64    9  351  -60.79409 -230604.65      -  1385   20s
   285   296 -27825.660   19  174  -60.79409 -220051.42      -   915   25s
   480   482 -101711.01   13  339  -60.79409 -216852.75      -   822   30s
H  713   580                    -1175.001437 -205731.94      -   754   34s
H  724   573                    -3023.004504 -205731.94  6706%   754   34s
   725   619 -106017.71   14  290 -3023.0045 -205731.94  6706%   755   35s
H  777   663                    -3477.558461 -205731.94  5816%   742   35s
H  789   662                    -5016.743004 -205731.94  4001%   736   35s
  1015   853 -93200.605   14  424 -5016.7430 -202777.37  3942%   703   40s
H 1097   837                    -7562.717859 -202777.37  2581%   684   41s
H 1199   879                    -7889.816467 -200846.02  2446%   673   44s
  1307   980 -100763.87   14  318 -7889.8165 -200846.02  2446%   665   46s
H 1355   975                    -10669.05050 -195598.31  1733%   654   46s
  1562  1176 -79250.521   17  393 -10669.051 -192556.76  1705%   648   50s
H 1824  1332                    -12083.42220 -190984.95  1481%   642   54s
  1912  1344 -123180.67    9  431 -12083.422 -190984.95  1481%   641   55s
H 2006  1304                    -12339.60808 -186081.38  1408%   640   65s
  2022   832 -175410.27    7  459 -12339.608 -186081.38  1408%   635   70s
  2032   839 -66733.724   16  460 -12339.608 -186081.38  1408%   632   84s
  2033   842 -186081.38   15  449 -12339.608 -186081.38  1408%   646   85s
  2096   903 -79837.806   22  339 -12339.608 -186081.38  1408%   685   90s
  2244   988 -37997.393   28  265 -12339.608 -186081.38  1408%   702   95s
  2422  1018 -135480.39   22  440 -12339.608 -186081.38  1408%   698  100s

Cutting planes:
  Implied bound: 1881
  MIR: 199
  Flow cover: 115
  Zero half: 142
  Relax-and-lift: 58

Explored 2575 nodes (1824558 simplex iterations) in 103.86 seconds (301.03 work units)
Thread count was 10 (of 10 available processors)

Solution count 10: -12339.6 -12083.4 -11573.1 ... -5016.74

Work limit reached
Best objective -1.233960808314e+04, best bound -1.860813776293e+05, gap 1408.0007%

User-callback calls 32337, time in user-callback 0.01 sec

================================================================================
PRICING SUBPROBLEM TYPE 2 (SF) - ITERATION 68
================================================================================
Timestamp: 2025-12-03T05:32:46.169
Problem size: 25 scenarios, 25 facilities, 50 customers
================================================================================

Gurobi 12.0.3 (mac64[arm]) logging started Wed Dec  3 05:32:46 2025

Set parameter LogFile to value "/Users/arnav/projects/Candidate-Selection-via-Stochastic-IP/CCG/logs/CG_SF_FL_cap91_K2_S25_pricing_20251203_030342.log"
Set parameter LogToConsole to value 0
Set parameter MIPFocus to value 1
Set parameter WorkLimit to value 300

Gurobi 12.0.3 (mac64[arm]) logging started Wed Dec  3 05:32:46 2025

Set parameter LogFile to value "/Users/arnav/projects/Candidate-Selection-via-Stochastic-IP/CCG/logs/CG_SF_FL_cap91_K2_S25_pricing_20251203_030342.log"
Gurobi Optimizer version 12.0.3 build v12.0.3rc0 (mac64[arm] - Darwin 24.6.0 24G84)

CPU model: Apple M4
Thread count: 10 physical cores, 10 logical processors, using up to 10 threads

Non-default parameters:
WorkLimit  300
MIPFocus  1
LogToConsole  0
PoolSearchMode  2

Optimize a model with 3750 rows, 33175 columns and 69996 nonzeros
Model fingerprint: 0xea58c28c
Variable types: 32500 continuous, 675 integer (675 binary)
Coefficient statistics:
  Matrix range     [1e+00, 2e+04]
  Objective range  [3e-01, 4e+05]
  Bounds range     [0e+00, 0e+00]
  RHS range        [1e+00, 1e+00]
Found heuristic solution: objective 229583.05295
Presolve removed 629 rows and 16354 columns
Presolve time: 0.03s
Presolved: 3121 rows, 16821 columns, 37292 nonzeros
Variable types: 16146 continuous, 675 integer (675 binary)

Root relaxation: objective -5.209144e+05, 3532 iterations, 0.08 seconds (0.23 work units)

    Nodes    |    Current Node    |     Objective Bounds      |     Work
 Expl Unexpl |  Obj  Depth IntInf | Incumbent    BestBd   Gap | It/Node Time

     0     0 -520914.39    0  569 229583.053 -520914.39   327%     -    0s
H    0     0                    208290.87812 -520914.39   350%     -    0s
H    0     0                    203067.86268 -520914.39   357%     -    0s
H    0     0                    178456.94567 -520914.39   392%     -    0s
     0     0 -374727.75    0  549 178456.946 -374727.75   310%     -    0s
H    0     0                    173313.86960 -374727.75   316%     -    0s
H    0     0                    160003.92340 -374727.75   334%     -    0s
H    0     0                    136362.07090 -366351.84   369%     -    1s
     0     0 -366351.84    0  529 136362.071 -366351.84   369%     -    1s
     0     0 -364538.29    0  530 136362.071 -364538.29   367%     -    1s
H    0     0                    65362.436597 -364199.78   657%     -    1s
H    0     0                    63788.225305 -364199.78   671%     -    1s
H    0     0                    60053.857413 -364199.78   706%     -    1s
     0     0 -364199.78    0  526 60053.8574 -364199.78   706%     -    1s
     0     0 -363980.66    0  528 60053.8574 -363980.66   706%     -    1s
     0     0 -363974.48    0  529 60053.8574 -363974.48   706%     -    1s
H    0     0                    50065.757072 -326034.70   751%     -    1s
H    0     0                    47032.144185 -326034.70   793%     -    1s
H    0     0                    42970.023726 -326034.70   859%     -    1s
     0     0 -326034.70    0  518 42970.0237 -326034.70   859%     -    1s
H    0     0                    40833.471667 -326034.70   898%     -    1s
H    0     0                    35496.248014 -315707.22   989%     -    1s
     0     0 -315707.22    0  517 35496.2480 -315707.22   989%     -    1s
     0     0 -312627.01    0  521 35496.2480 -312627.01   981%     -    1s
     0     0 -311984.81    0  522 35496.2480 -311984.81   979%     -    2s
     0     0 -311626.19    0  519 35496.2480 -311626.19   978%     -    2s
     0     0 -311506.37    0  523 35496.2480 -311506.37   978%     -    2s
     0     0 -311486.30    0  525 35496.2480 -311486.30   978%     -    2s
     0     0 -311477.48    0  523 35496.2480 -311477.48   977%     -    2s
H    0     0                    32039.307177 -294197.59  1018%     -    2s
H    0     0                    31899.708610 -294197.59  1022%     -    2s
H    0     0                    9765.2264802 -294197.59  3113%     -    2s
     0     0 -294197.59    0  492 9765.22648 -294197.59  3113%     -    2s
     0     0 -290310.62    0  496 9765.22648 -290310.62  3073%     -    2s
     0     0 -289019.01    0  496 9765.22648 -289019.01  3060%     -    3s
     0     0 -288505.80    0  494 9765.22648 -288505.80  3054%     -    3s
     0     0 -288223.58    0  496 9765.22648 -288223.58  3052%     -    3s
     0     0 -288162.20    0  490 9765.22648 -288162.20  3051%     -    3s
     0     0 -288145.04    0  494 9765.22648 -288145.04  3051%     -    3s
     0     0 -278008.61    0  473 9765.22648 -278008.61  2947%     -    3s
     0     0 -275447.46    0  490 9765.22648 -275447.46  2921%     -    4s
     0     0 -274430.87    0  488 9765.22648 -274430.87  2910%     -    4s
     0     0 -274180.53    0  482 9765.22648 -274180.53  2908%     -    4s
     0     0 -274005.37    0  480 9765.22648 -274005.37  2906%     -    4s
     0     0 -273965.07    0  490 9765.22648 -273965.07  2906%     -    4s
     0     0 -273951.10    0  483 9765.22648 -273951.10  2905%     -    4s
     0     0 -267413.53    0  453 9765.22648 -267413.53  2838%     -    5s
H    0     0                    7548.2544013 -267413.53  3643%     -    6s
H    0     0                    6553.0340091 -267413.53  4181%     -    6s
H    0     0                    6546.9537786 -267413.53  4185%     -    7s
H    0     0                    1966.8386760 -267413.53      -     -   15s
     0     2 -267413.53    0  453 1966.83868 -267413.53      -     -   16s
H   19    26                    1112.8902901 -229628.95      -  1727   19s
    25    45 -216783.51    5  375 1112.89029 -225263.32      -  1844   20s
H   32    45                     476.2952298 -225263.32      -  1641   20s
H   60    63                    -2348.994641 -225263.32  9490%  1416   20s
H   68    75                    -5360.393127 -225263.32  4102%  1385   21s
H  101   125                    -6743.779655 -225263.32  3240%  1179   22s
H  108   125                    -6743.779655 -225263.32  3240%  1148   22s
H  110   125                    -8161.135749 -225263.32  2660%  1138   22s
   239   217 -117297.26   14  237 -8161.1357 -217167.28  2561%   874   25s
   474   382 -105024.34   13  327 -8161.1357 -211656.05  2493%   763   30s
   731   571 -160056.81    6  429 -8161.1357 -203245.39  2390%   684   35s
  1033   765 -86695.399   13  330 -8161.1357 -196637.44  2309%   650   40s
  1371  1005 -181780.31    6  364 -8161.1357 -195973.23  2301%   630   45s
  1623  1159 -142249.61    8  359 -8161.1357 -191954.23  2252%   618   50s
  1955  1372 -60735.800   14  343 -8161.1357 -188304.50  2207%   611   55s
  2176   919 -8161.1357   23  453 -8161.1357 -183754.20  2152%   602   67s
  2183   924 -166757.99    7  487 -8161.1357 -183754.20  2152%   600   70s
  2200   935 -138677.68   10  463 -8161.1357 -183754.20  2152%   595   88s
  2203   942 -183754.20   16  432 -8161.1357 -183754.20  2152%   611   90s
  2264   997 -80076.866   22  338 -8161.1357 -183754.20  2152%   644   95s
  2430  1121 -26398.886   30  236 -8161.1357 -183754.20  2152%   673  100s
  2661  1158 -153889.06   21  361 -8161.1357 -183754.20  2152%   669  105s

Cutting planes:
  Implied bound: 1890
  MIR: 193
  Flow cover: 121
  Zero half: 143
  RLT: 2
  Relax-and-lift: 63

Explored 2763 nodes (1869951 simplex iterations) in 106.60 seconds (300.66 work units)
Thread count was 10 (of 10 available processors)

Solution count 10: -8161.14 -8161.14 -6777.75 ... 19.0888

Work limit reached
Best objective -8.161135749079e+03, best bound -1.837542010014e+05, gap 2151.5763%

User-callback calls 32097, time in user-callback 0.01 sec

================================================================================
PRICING SUBPROBLEM TYPE 2 (SF) - ITERATION 69
================================================================================
Timestamp: 2025-12-03T05:34:36
Problem size: 25 scenarios, 25 facilities, 50 customers
================================================================================

Gurobi 12.0.3 (mac64[arm]) logging started Wed Dec  3 05:34:36 2025

Set parameter LogFile to value "/Users/arnav/projects/Candidate-Selection-via-Stochastic-IP/CCG/logs/CG_SF_FL_cap91_K2_S25_pricing_20251203_030342.log"
Set parameter LogToConsole to value 0
Set parameter MIPFocus to value 1
Set parameter WorkLimit to value 300

Gurobi 12.0.3 (mac64[arm]) logging started Wed Dec  3 05:34:36 2025

Set parameter LogFile to value "/Users/arnav/projects/Candidate-Selection-via-Stochastic-IP/CCG/logs/CG_SF_FL_cap91_K2_S25_pricing_20251203_030342.log"
Gurobi Optimizer version 12.0.3 build v12.0.3rc0 (mac64[arm] - Darwin 24.6.0 24G84)

CPU model: Apple M4
Thread count: 10 physical cores, 10 logical processors, using up to 10 threads

Non-default parameters:
WorkLimit  300
MIPFocus  1
LogToConsole  0
PoolSearchMode  2

Optimize a model with 3750 rows, 33175 columns and 69996 nonzeros
Model fingerprint: 0x4427a083
Variable types: 32500 continuous, 675 integer (675 binary)
Coefficient statistics:
  Matrix range     [1e+00, 2e+04]
  Objective range  [3e-01, 4e+05]
  Bounds range     [0e+00, 0e+00]
  RHS range        [1e+00, 1e+00]
Found heuristic solution: objective 235672.84003
Presolve removed 629 rows and 16354 columns
Presolve time: 0.03s
Presolved: 3121 rows, 16821 columns, 37292 nonzeros
Variable types: 16146 continuous, 675 integer (675 binary)

Root relaxation: objective -5.248709e+05, 3517 iterations, 0.08 seconds (0.22 work units)

    Nodes    |    Current Node    |     Objective Bounds      |     Work
 Expl Unexpl |  Obj  Depth IntInf | Incumbent    BestBd   Gap | It/Node Time

     0     0 -524870.90    0  570 235672.840 -524870.90   323%     -    0s
H    0     0                    218969.60844 -380731.70   274%     -    0s
H    0     0                    217861.76333 -380731.70   275%     -    0s
H    0     0                    217266.98919 -380731.70   275%     -    0s
H    0     0                    216831.79980 -380731.70   276%     -    0s
H    0     0                    216000.19427 -380731.70   276%     -    0s
     0     0 -379612.38    0  550 216000.194 -379612.38   276%     -    0s
H    0     0                    203532.91958 -368434.81   281%     -    0s
H    0     0                    195407.61932 -368434.81   289%     -    0s
H    0     0                    121795.17677 -368434.81   403%     -    0s
     0     0 -366760.62    0  538 121795.177 -366760.62   401%     -    0s
     0     0 -366708.99    0  535 121795.177 -366708.99   401%     -    1s
     0     0 -365684.25    0  533 121795.177 -365684.25   400%     -    1s
     0     0 -365613.37    0  533 121795.177 -365613.37   400%     -    1s
     0     0 -365612.92    0  533 121795.177 -365612.92   400%     -    1s
     0     0 -330817.83    0  519 121795.177 -330817.83   372%     -    1s
H    0     0                    102593.25822 -330817.83   422%     -    1s
H    0     0                    79704.926291 -330817.83   515%     -    1s
     0     0 -323141.30    0  520 79704.9263 -323141.30   505%     -    1s
     0     0 -320769.72    0  509 79704.9263 -320769.72   502%     -    1s
     0     0 -320066.27    0  515 79704.9263 -320066.27   502%     -    1s
     0     0 -319833.26    0  516 79704.9263 -319833.26   501%     -    1s
     0     0 -319759.49    0  516 79704.9263 -319759.49   501%     -    1s
     0     0 -319757.24    0  516 79704.9263 -319757.24   501%     -    2s
     0     0 -303655.78    0  496 79704.9263 -303655.78   481%     -    2s
H    0     0                    70241.259358 -303655.78   532%     -    2s
H    0     0                    55908.863722 -303655.78   643%     -    2s
     0     0 -299603.89    0  492 55908.8637 -299603.89   636%     -    2s
H    0     0                    54628.681234 -298074.78   646%     -    2s
H    0     0                    50397.142990 -298074.78   691%     -    2s
     0     0 -298074.78    0  480 50397.1430 -298074.78   691%     -    2s
     0     0 -297600.60    0  485 50397.1430 -297600.60   691%     -    2s
     0     0 -297352.41    0  479 50397.1430 -297352.41   690%     -    2s
     0     0 -297187.50    0  487 50397.1430 -297187.50   690%     -    2s
     0     0 -297142.33    0  484 50397.1430 -297142.33   690%     -    2s
     0     0 -297126.68    0  484 50397.1430 -297126.68   690%     -    2s
     0     0 -288165.41    0  476 50397.1430 -288165.41   672%     -    3s
H    0     0                    40848.936387 -288165.41   805%     -    3s
H    0     0                    39325.873721 -285997.88   827%     -    3s
     0     0 -285997.88    0  465 39325.8737 -285997.88   827%     -    3s
     0     0 -285466.95    0  467 39325.8737 -285466.95   826%     -    3s
     0     0 -285301.67    0  472 39325.8737 -285301.67   825%     -    3s
     0     0 -285231.79    0  472 39325.8737 -285231.79   825%     -    3s
     0     0 -285124.27    0  472 39325.8737 -285124.27   825%     -    3s
     0     0 -285122.16    0  473 39325.8737 -285122.16   825%     -    3s
H    0     0                    38544.721561 -285122.16   840%     -    4s
     0     0 -278198.13    0  446 38544.7216 -278198.13   822%     -    4s
H    0     0                    3236.3088388 -278198.13  8696%     -    5s
H    0     0                    -5609.007006 -278198.13  4860%     -    6s
H    0     0                    -15399.82871 -278198.13  1707%     -   11s
     0     2 -278198.13    0  446 -15399.829 -278198.13  1707%     -   13s
     7    16 -234816.57    3  385 -15399.829 -246253.11  1499%  2278   15s
   100   111 -169715.66    9  309 -15399.829 -228357.23  1383%  1476   20s
   358   351     cutoff   32      -15399.829 -222997.24  1348%   802   25s
   553   564 -105310.96   14  332 -15399.829 -212518.35  1280%   762   30s
   812   719 -102631.26   12  386 -15399.829 -209816.10  1262%   711   35s
  1099   968 -110249.39   13  311 -15399.829 -197329.52  1181%   710   41s
  1195  1055 17137.6694   21  310 -15399.829 -196076.45  1173%   704   45s
  1518  1309 -70994.402   15  367 -15399.829 -193368.05  1156%   699   50s
  1749   910 -149618.92   11  446 -15399.829 -193368.05  1156%   695   64s
  1751   911 -82737.866   17  570 -15399.829 -193368.05  1156%   694   65s
  1771   925 -113570.23   14  455 -15399.829 -193368.05  1156%   686   70s
  1774   880 -78793.207   15  453 -15399.829 -193368.05  1156%   685   82s
  1781   893 -193368.05   17  413 -15399.829 -193368.05  1156%   706   85s
  1819   933 -191130.29   20  356 -15399.829 -193368.05  1156%   732   90s
  1975  1044 -54743.878   26  283 -15399.829 -193368.05  1156%   762   95s
  2176  1098 9066.97951   36  220 -15399.829 -193368.05  1156%   747  100s
  2381  1218     cutoff   36      -15399.829 -193368.05  1156%   755  105s
  2530  1292 -136172.22   23  382 -15399.829 -193368.05  1156%   757  110s

Cutting planes:
  Implied bound: 1948
  MIR: 232
  Flow cover: 129
  Zero half: 158
  Relax-and-lift: 71

Explored 2576 nodes (1967699 simplex iterations) in 110.05 seconds (300.98 work units)
Thread count was 10 (of 10 available processors)

Solution count 10: -15399.8 -10263.6 -5609.01 ... 9809.86

Work limit reached
Best objective -1.539982870519e+04, best bound -1.933680455240e+05, gap 1155.6506%

User-callback calls 33940, time in user-callback 0.01 sec

================================================================================
PRICING SUBPROBLEM TYPE 2 (SF) - ITERATION 70
================================================================================
Timestamp: 2025-12-03T05:36:29.475
Problem size: 25 scenarios, 25 facilities, 50 customers
================================================================================

Gurobi 12.0.3 (mac64[arm]) logging started Wed Dec  3 05:36:29 2025

Set parameter LogFile to value "/Users/arnav/projects/Candidate-Selection-via-Stochastic-IP/CCG/logs/CG_SF_FL_cap91_K2_S25_pricing_20251203_030342.log"
Set parameter LogToConsole to value 0
Set parameter MIPFocus to value 1
Set parameter WorkLimit to value 300

Gurobi 12.0.3 (mac64[arm]) logging started Wed Dec  3 05:36:29 2025

Set parameter LogFile to value "/Users/arnav/projects/Candidate-Selection-via-Stochastic-IP/CCG/logs/CG_SF_FL_cap91_K2_S25_pricing_20251203_030342.log"
Gurobi Optimizer version 12.0.3 build v12.0.3rc0 (mac64[arm] - Darwin 24.6.0 24G84)

CPU model: Apple M4
Thread count: 10 physical cores, 10 logical processors, using up to 10 threads

Non-default parameters:
WorkLimit  300
MIPFocus  1
LogToConsole  0
PoolSearchMode  2

Optimize a model with 3750 rows, 33175 columns and 69996 nonzeros
Model fingerprint: 0x0b8003f8
Variable types: 32500 continuous, 675 integer (675 binary)
Coefficient statistics:
  Matrix range     [1e+00, 2e+04]
  Objective range  [3e-01, 4e+05]
  Bounds range     [0e+00, 0e+00]
  RHS range        [1e+00, 1e+00]
Found heuristic solution: objective 207836.14088
Presolve removed 629 rows and 16354 columns
Presolve time: 0.03s
Presolved: 3121 rows, 16821 columns, 37292 nonzeros
Variable types: 16146 continuous, 675 integer (675 binary)

Root simplex log...

Iteration    Objective       Primal Inf.    Dual Inf.      Time
    3118   -5.2249240e+05   6.813126e+03   0.000000e+00    982s
    3657   -5.1241144e+05   0.000000e+00   0.000000e+00    982s

Root relaxation: objective -5.124114e+05, 3657 iterations, 982.40 seconds (0.27 work units)

    Nodes    |    Current Node    |     Objective Bounds      |     Work
 Expl Unexpl |  Obj  Depth IntInf | Incumbent    BestBd   Gap | It/Node Time

     0     0 -512411.44    0  567 207836.141 -512411.44   347%     -  982s
H    0     0                    197707.06480 -512411.44   359%     -  982s
H    0     0                    196104.33090 -512411.44   361%     -  982s
H    0     0                    194164.60088 -512411.44   364%     -  982s
     0     0 -367002.56    0  548 194164.601 -367002.56   289%     -  983s
H    0     0                    180008.68834 -367002.56   304%     -  983s
H    0     0                    175550.88559 -367002.56   309%     -  983s
H    0     0                    79693.614015 -356240.06   547%     -  983s
     0     0 -356240.06    0  542 79693.6140 -356240.06   547%     -  983s
     0     0 -354355.95    0  536 79693.6140 -354355.95   545%     -  983s
     0     0 -353816.64    0  540 79693.6140 -353816.64   544%     -  983s
     0     0 -353805.80    0  539 79693.6140 -353805.80   544%     -  983s
     0     0 -318982.34    0  518 79693.6140 -318982.34   500%     -  983s
H    0     0                    78393.498155 -318982.34   507%     -  984s
H    0     0                    52249.297940 -318982.34   711%     -  984s
     0     0 -310126.31    0  516 52249.2979 -310126.31   694%     -  984s
     0     0 -306854.47    0  510 52249.2979 -306854.47   687%     -  984s
     0     0 -305889.47    0  523 52249.2979 -305889.47   685%     -  984s
     0     0 -305584.12    0  522 52249.2979 -305584.12   685%     -  984s
     0     0 -305485.10    0  515 52249.2979 -305485.10   685%     -  984s
     0     0 -305482.52    0  516 52249.2979 -305482.52   685%     -  984s
H    0     0                    51887.245990 -289538.88   658%     -  984s
H    0     0                    51071.759824 -289538.88   667%     -  984s
     0     0 -289538.88    0  482 51071.7598 -289538.88   667%     -  984s
     0     0 -285046.21    0  476 51071.7598 -285046.21   658%     -  985s
     0     0 -283924.18    0  470 51071.7598 -283924.18   656%     -  985s
     0     0 -283503.27    0  471 51071.7598 -283503.27   655%     -  985s
     0     0 -283295.64    0  479 51071.7598 -283295.64   655%     -  985s
     0     0 -283204.65    0  475 51071.7598 -283204.65   655%     -  985s
     0     0 -283178.59    0  474 51071.7598 -283178.59   654%     -  985s
     0     0 -283147.72    0  474 51071.7598 -283147.72   654%     -  985s
     0     0 -283147.43    0  475 51071.7598 -283147.43   654%     -  985s
H    0     0                    44696.854421 -274168.13   713%     -  986s
H    0     0                    42909.442765 -274168.13   739%     -  986s
H    0     0                    41516.122171 -274168.13   760%     -  986s
H    0     0                    40328.113677 -274168.13   780%     -  986s
H    0     0                    33997.582343 -274168.13   906%     -  986s
     0     0 -274168.13    0  483 33997.5823 -274168.13   906%     -  986s
H    0     0                    25206.783166 -274168.13  1188%     -  986s
     0     0 -271893.34    0  474 25206.7832 -271893.34  1179%     -  987s
     0     0 -271067.63    0  475 25206.7832 -271067.63  1175%     -  988s
     0     0 -270796.28    0  474 25206.7832 -270796.28  1174%     -  988s
H    0     0                    21481.404640 -270622.96  1360%     -  988s
H    0     0                    18348.053415 -270622.96  1575%     -  988s
     0     0 -270622.96    0  477 18348.0534 -270622.96  1575%     -  988s
     0     0 -270561.81    0  476 18348.0534 -270561.81  1575%     -  988s
     0     0 -270528.95    0  477 18348.0534 -270528.95  1574%     -  988s
     0     0 -270510.21    0  479 18348.0534 -270510.21  1574%     -  988s
H    0     0                    17804.897074 -270510.21  1619%     -  990s
     0     0 -266439.80    0  448 17804.8971 -266439.80  1596%     -  990s
H    0     0                    12318.445793 -266439.80  2263%     -  991s
H    0     0                    8913.6849471 -266439.80  3089%     -  992s
H    0     0                    1025.2479719 -266439.80      -     -  996s
H    0     0                    -1364.836557 -266439.80      -     -  998s
H    0     0                    -8231.582448 -266439.80  3137%     - 1001s
H    0     0                    -11339.78778 -266439.80  2250%     - 1002s
H    0     0                    -12249.45110 -266439.80  2075%     - 1003s
     0     2 -266439.80    0  448 -12249.451 -266439.80  2075%     - 1004s
     1     4 -250256.50    1  431 -12249.451 -266439.57  2075%  1532 1005s
H   33    44                    -18304.01771 -218132.89  1092%  1627 1009s
    43    54 -196168.50    7  338 -18304.018 -218132.89  1092%  1727 1011s
H   86   108                    -22416.52856 -218132.89   873%  1390 1014s
   107   137 -162477.61   10  313 -22416.529 -218132.89   873%  1262 1015s
H  141   148                    -22674.55567 -218132.89   862%  1144 1016s
   218   221 -140539.66   14  243 -22674.556 -218132.89   862%  1069 1020s
   327   317 -22657.997   21  154 -22674.556 -212518.76   837%  1060 1026s
   388   394     cutoff   10      -22674.556 -212518.76   837%  1037 1789s
H  418   394                    -25199.96166 -212518.76   743%  1009 1789s
   435   434     cutoff   12      -25199.962 -211974.86   741%  1006 1790s
   598   564 -102460.82   11  391 -25199.962 -211974.86   741%  1012 1795s
   791   748 -144850.92    8  361 -25199.962 -205514.85   716%   973 1800s
  1058   973 -5234.3235   14  268 -25199.962 -193406.19   667%   934 1805s
  1299  1113 -172066.55    8  352 -25199.962 -193406.19   667%   922 1812s
  1447  1268 -4036.9417   20  307 -25199.962 -189906.29   654%   924 1816s
  1700  1408 -117607.78   13  358 -25199.962 -185207.33   635%   918 1820s
  1915   990 -90094.697   13  448 -25199.962 -180389.88   616%   910 1838s
  1922   995 -58586.966   16  484 -25199.962 -180389.88   616%   907 1840s
  1939  1006 -171386.83    9  450 -25199.962 -180389.88   616%   899 1845s
  1940  1007 -25199.962   22  450 -25199.962 -180389.88   616%   899 1856s
  1965  1047 -180389.88   19  352 -25199.962 -180389.88   616%   936 1860s
  2117  1127 -46462.679   27  254 -25199.962 -180389.88   616%   955 1865s

Cutting planes:
  Implied bound: 1888
  MIR: 192
  Flow cover: 102
  Zero half: 142
  Relax-and-lift: 62

Explored 2281 nodes (2163177 simplex iterations) in 1869.37 seconds (300.29 work units)
Thread count was 10 (of 10 available processors)

Solution count 10: -25200 -22674.6 -22416.5 ... -1227.62

Work limit reached
Best objective -2.519996166435e+04, best bound -1.803898762910e+05, gap 615.8339%

User-callback calls 31934, time in user-callback 0.03 sec

================================================================================
PRICING SUBPROBLEM TYPE 2 (SF) - ITERATION 71
================================================================================
Timestamp: 2025-12-03T06:07:41.875
Problem size: 25 scenarios, 25 facilities, 50 customers
================================================================================

Gurobi 12.0.3 (mac64[arm]) logging started Wed Dec  3 06:07:41 2025

Set parameter LogFile to value "/Users/arnav/projects/Candidate-Selection-via-Stochastic-IP/CCG/logs/CG_SF_FL_cap91_K2_S25_pricing_20251203_030342.log"
Set parameter LogToConsole to value 0
Set parameter MIPFocus to value 1
Set parameter WorkLimit to value 300

Gurobi 12.0.3 (mac64[arm]) logging started Wed Dec  3 06:07:41 2025

Set parameter LogFile to value "/Users/arnav/projects/Candidate-Selection-via-Stochastic-IP/CCG/logs/CG_SF_FL_cap91_K2_S25_pricing_20251203_030342.log"
Gurobi Optimizer version 12.0.3 build v12.0.3rc0 (mac64[arm] - Darwin 24.6.0 24G84)

CPU model: Apple M4
Thread count: 10 physical cores, 10 logical processors, using up to 10 threads

Non-default parameters:
WorkLimit  300
MIPFocus  1
LogToConsole  0
PoolSearchMode  2

Optimize a model with 3750 rows, 33175 columns and 69996 nonzeros
Model fingerprint: 0x06d80163
Variable types: 32500 continuous, 675 integer (675 binary)
Coefficient statistics:
  Matrix range     [1e+00, 2e+04]
  Objective range  [3e-01, 4e+05]
  Bounds range     [0e+00, 0e+00]
  RHS range        [1e+00, 1e+00]
Found heuristic solution: objective 228849.09260
Presolve removed 629 rows and 16354 columns
Presolve time: 0.02s
Presolved: 3121 rows, 16821 columns, 37292 nonzeros
Variable types: 16146 continuous, 675 integer (675 binary)

Root relaxation: objective -5.189069e+05, 3607 iterations, 0.08 seconds (0.24 work units)

    Nodes    |    Current Node    |     Objective Bounds      |     Work
 Expl Unexpl |  Obj  Depth IntInf | Incumbent    BestBd   Gap | It/Node Time

     0     0 -518906.88    0  572 228849.093 -518906.88   327%     -    0s
H    0     0                    187886.31067 -373409.31   299%     -    0s
H    0     0                    115500.95878 -373409.31   423%     -    0s
H    0     0                    111688.71359 -373409.31   434%     -    0s
H    0     0                    72497.335108 -373409.31   615%     -    0s
H    0     0                    65298.559835 -373409.31   672%     -    0s
     0     0 -372557.12    0  546 65298.5598 -372557.12   671%     -    0s
H    0     0                    63807.716265 -372557.12   684%     -    0s
H    0     0                    45828.837692 -372557.12   913%     -    0s
     0     0 -363218.55    0  542 45828.8377 -363218.55   893%     -    0s
     0     0 -360700.64    0  537 45828.8377 -360700.64   887%     -    0s
     0     0 -360327.00    0  539 45828.8377 -360327.00   886%     -    0s
     0     0 -360164.50    0  542 45828.8377 -360164.50   886%     -    0s
     0     0 -360162.96    0  542 45828.8377 -360162.96   886%     -    0s
     0     0 -323957.69    0  513 45828.8377 -323957.69   807%     -    1s
     0     0 -315607.80    0  507 45828.8377 -315607.80   789%     -    1s
H    0     0                    38414.466694 -312975.44   915%     -    1s
     0     0 -312975.44    0  504 38414.4667 -312975.44   915%     -    1s
     0     0 -312243.10    0  511 38414.4667 -312243.10   913%     -    1s
     0     0 -312069.13    0  509 38414.4667 -312069.13   912%     -    1s
     0     0 -312058.20    0  513 38414.4667 -312058.20   912%     -    1s
H    0     0                    31860.886538 -312058.20  1079%     -    1s
     0     0 -296071.49    0  486 31860.8865 -296071.49  1029%     -    2s
     0     0 -291340.05    0  486 31860.8865 -291340.05  1014%     -    2s
     0     0 -290037.31    0  477 31860.8865 -290037.31  1010%     -    2s
     0     0 -289678.80    0  476 31860.8865 -289678.80  1009%     -    2s
     0     0 -289560.27    0  482 31860.8865 -289560.27  1009%     -    2s
     0     0 -289479.36    0  482 31860.8865 -289479.36  1009%     -    2s
     0     0 -289413.68    0  484 31860.8865 -289413.68  1008%     -    2s
     0     0 -289411.99    0  483 31860.8865 -289411.99  1008%     -    2s
H    0     0                    31412.858594 -280561.71   993%     -    3s
     0     0 -280561.71    0  498 31412.8586 -280561.71   993%     -    3s
     0     0 -278075.04    0  476 31412.8586 -278075.04   985%     -    3s
     0     0 -277505.68    0  473 31412.8586 -277505.68   983%     -    3s
     0     0 -277132.58    0  476 31412.8586 -277132.58   982%     -    3s
H    0     0                    28834.410246 -277065.03  1061%     -    3s
     0     0 -277065.03    0  472 28834.4102 -277065.03  1061%     -    3s
     0     0 -277015.95    0  473 28834.4102 -277015.95  1061%     -    3s
     0     0 -276991.47    0  470 28834.4102 -276991.47  1061%     -    3s
     0     0 -276987.32    0  466 28834.4102 -276987.32  1061%     -    3s
     0     0 -271029.27    0  455 28834.4102 -271029.27  1040%     -    4s
H    0     0                    23006.533310 -271029.27  1278%     -    8s
H    0     0                    14066.864594 -271029.27  2027%     -    9s
H    0     0                    13732.046543 -271029.27  2074%     -   10s
H    0     0                    10739.680722 -271029.27  2624%     -   10s
H    0     0                    4386.8392976 -271029.27  6278%     -   11s
H    0     0                    -2034.029236 -271029.27      -     -   12s
H    0     0                    -3120.930834 -271029.27  8584%     -   12s
H    0     0                    -4825.653895 -271029.27  5516%     -   13s
H    0     2                    -11940.15961 -271029.27  2170%     -   13s
     0     2 -271029.27    0  455 -11940.160 -271029.27  2170%     -   13s
    15    26 -218368.77    4  383 -11940.160 -228327.78  1812%  1848   15s
   213   231 -72050.746   15  231 -11940.160 -216852.64  1716%   947   20s
H  233   231                    -11949.78654 -216852.64  1715%   904   20s
   431   444 -102076.01   12  382 -11949.787 -210044.03  1658%   801   25s
   691   659 -110624.81    9  375 -11949.787 -204894.50  1615%   688   30s
   949   826 -82450.622   14  323 -11949.787 -193762.72  1521%   643   35s
  1298  1086 -7189.4156   20  265 -11949.787 -193762.72  1521%   624   42s
  1461  1277 -88268.930   14  323 -11949.787 -188538.58  1478%   627   45s
  1684  1413 -89080.250   13  316 -11949.787 -183979.05  1440%   611   50s
  1933   962 -11949.787   24  455 -11949.787 -178621.61  1395%   610   62s
  1940   967 -155663.00    8  494 -11949.787 -178621.61  1395%   607   65s
  1958   979 -109478.95   14  468 -11949.787 -178621.61  1395%   602   86s
  1973  1000 -178621.61   18  386 -11949.787 -178621.61  1395%   630   90s
  2096  1091 -60849.559   25  274 -11949.787 -178621.61  1395%   670   95s
  2289  1159 -168412.96   21  367 -11949.787 -178621.61  1395%   669  100s
  2419  1255 -95541.142   28  271 -11949.787 -178621.61  1395%   678  105s
  2679  1330 -79922.884   28  338 -11949.787 -178621.61  1395%   682  110s

Cutting planes:
  Implied bound: 1941
  MIR: 244
  Flow cover: 117
  Zero half: 170
  Relax-and-lift: 54

Explored 2918 nodes (2000252 simplex iterations) in 113.88 seconds (300.18 work units)
Thread count was 10 (of 10 available processors)

Solution count 10: -11949.8 -11940.2 -6305.46 ... 1551.6

Work limit reached
Best objective -1.194978653766e+04, best bound -1.786216131110e+05, gap 1394.7682%

User-callback calls 33579, time in user-callback 0.03 sec

================================================================================
PRICING SUBPROBLEM TYPE 2 (SF) - ITERATION 72
================================================================================
Timestamp: 2025-12-03T06:09:38.520
Problem size: 25 scenarios, 25 facilities, 50 customers
================================================================================

Gurobi 12.0.3 (mac64[arm]) logging started Wed Dec  3 06:09:38 2025

Set parameter LogFile to value "/Users/arnav/projects/Candidate-Selection-via-Stochastic-IP/CCG/logs/CG_SF_FL_cap91_K2_S25_pricing_20251203_030342.log"
Set parameter LogToConsole to value 0
Set parameter MIPFocus to value 1
Set parameter WorkLimit to value 300

Gurobi 12.0.3 (mac64[arm]) logging started Wed Dec  3 06:09:38 2025

Set parameter LogFile to value "/Users/arnav/projects/Candidate-Selection-via-Stochastic-IP/CCG/logs/CG_SF_FL_cap91_K2_S25_pricing_20251203_030342.log"
Gurobi Optimizer version 12.0.3 build v12.0.3rc0 (mac64[arm] - Darwin 24.6.0 24G84)

CPU model: Apple M4
Thread count: 10 physical cores, 10 logical processors, using up to 10 threads

Non-default parameters:
WorkLimit  300
MIPFocus  1
LogToConsole  0
PoolSearchMode  2

Optimize a model with 3750 rows, 33175 columns and 69996 nonzeros
Model fingerprint: 0x9425a27f
Variable types: 32500 continuous, 675 integer (675 binary)
Coefficient statistics:
  Matrix range     [1e+00, 2e+04]
  Objective range  [3e-01, 4e+05]
  Bounds range     [0e+00, 0e+00]
  RHS range        [1e+00, 1e+00]
Found heuristic solution: objective 227713.47341
Presolve removed 629 rows and 16354 columns
Presolve time: 0.03s
Presolved: 3121 rows, 16821 columns, 37292 nonzeros
Variable types: 16146 continuous, 675 integer (675 binary)

Root relaxation: objective -5.193363e+05, 3503 iterations, 0.08 seconds (0.24 work units)

    Nodes    |    Current Node    |     Objective Bounds      |     Work
 Expl Unexpl |  Obj  Depth IntInf | Incumbent    BestBd   Gap | It/Node Time

     0     0 -519336.26    0  569 227713.473 -519336.26   328%     -    0s
H    0     0                    224192.24676 -373114.32   266%     -    0s
H    0     0                    217570.07124 -373114.32   271%     -    0s
H    0     0                    217537.53364 -373114.32   272%     -    0s
H    0     0                    217514.63778 -373114.32   272%     -    0s
H    0     0                    215947.32808 -373114.32   273%     -    0s
H    0     0                    214846.87599 -373114.32   274%     -    0s
     0     0 -372426.41    0  545 214846.876 -372426.41   273%     -    0s
H    0     0                    202262.21773 -363443.77   280%     -    0s
     0     0 -363443.77    0  536 202262.218 -363443.77   280%     -    0s
     0     0 -361309.66    0  532 202262.218 -361309.66   279%     -    0s
     0     0 -361023.78    0  536 202262.218 -361023.78   278%     -    0s
     0     0 -360915.47    0  533 202262.218 -360915.47   278%     -    0s
     0     0 -360915.32    0  533 202262.218 -360915.32   278%     -    0s
H    0     0                    106165.13365 -328361.83   409%     -    1s
H    0     0                    103029.75948 -328361.83   419%     -    1s
     0     0 -328361.83    0  514 103029.759 -328361.83   419%     -    1s
H    0     0                    52097.019676 -328361.83   730%     -    1s
H    0     0                    45671.807863 -328361.83   819%     -    1s
H    0     0                    43708.367800 -328361.83   851%     -    1s
H    0     0                    41646.011378 -328361.83   888%     -    1s
H    0     0                    41399.250419 -328361.83   893%     -    1s
H    0     0                    41063.329517 -328361.83   900%     -    1s
     0     0 -319373.57    0  506 41063.3295 -319373.57   878%     -    1s
     0     0 -317496.58    0  510 41063.3295 -317496.58   873%     -    1s
     0     0 -316506.21    0  508 41063.3295 -316506.21   871%     -    1s
     0     0 -316209.84    0  511 41063.3295 -316209.84   870%     -    1s
     0     0 -316090.53    0  510 41063.3295 -316090.53   870%     -    1s
     0     0 -316075.44    0  511 41063.3295 -316075.44   870%     -    1s
     0     0 -299420.70    0  507 41063.3295 -299420.70   829%     -    2s
     0     0 -293758.89    0  492 41063.3295 -293758.89   815%     -    2s
     0     0 -292202.31    0  475 41063.3295 -292202.31   812%     -    2s
H    0     0                    38646.187999 -291781.24   855%     -    2s
     0     0 -291781.24    0  478 38646.1880 -291781.24   855%     -    2s
     0     0 -291578.95    0  481 38646.1880 -291578.95   854%     -    2s
     0     0 -291550.76    0  481 38646.1880 -291550.76   854%     -    2s
     0     0 -291542.82    0  482 38646.1880 -291542.82   854%     -    2s
H    0     0                    35922.809608 -282379.00   886%     -    3s
     0     0 -282379.00    0  486 35922.8096 -282379.00   886%     -    3s
     0     0 -280342.66    0  477 35922.8096 -280342.66   880%     -    3s
     0     0 -279778.00    0  480 35922.8096 -279778.00   879%     -    3s
     0     0 -279413.82    0  478 35922.8096 -279413.82   878%     -    3s
     0     0 -279326.30    0  482 35922.8096 -279326.30   878%     -    3s
     0     0 -279297.08    0  480 35922.8096 -279297.08   877%     -    3s
     0     0 -279270.99    0  478 35922.8096 -279270.99   877%     -    3s
     0     0 -279268.68    0  475 35922.8096 -279268.68   877%     -    3s
H    0     0                    30830.097805 -279268.68  1006%     -    3s
H    0     0                    24192.508043 -279268.68  1254%     -    3s
     0     0 -272434.46    0  468 24192.5080 -272434.46  1226%     -    4s
H    0     0                    6362.2492710 -272434.46  4382%     -    4s
H    0     0                    -1759.227601 -272434.46      -     -    9s
H    0     0                    -14565.63723 -272434.46  1770%     -   11s
H    0     0                    -15034.10943 -272434.46  1712%     -   11s
H    0     0                    -16606.95176 -272434.46  1540%     -   11s
H    0     0                    -17075.42396 -272434.46  1495%     -   12s
     0     2 -272434.46    0  468 -17075.424 -272434.46  1495%     -   12s
    15    26 -218074.85    4  368 -17075.424 -240756.91  1310%  2202   15s
   167   195 -97378.656   14  333 -17075.424 -227539.68  1233%  1058   20s
   422   412 -188541.27    6  384 -17075.424 -214679.80  1157%   776   25s
   593   571 -52236.103   17  389 -17075.424 -211811.07  1140%   736   30s
   858   801 10916.4114   32   68 -17075.424 -199367.11  1068%   694   35s
  1048   985 -70851.427   16  289 -17075.424 -196230.16  1049%   675   40s
  1379  1256 -12083.861   20  331 -17075.424 -194965.45  1042%   642   45s
  1622  1493 5548.41560   23  256 -17075.424 -194965.45  1042%   629   50s
  1742   911 -177326.72    8  468 -17075.424 -188665.59  1005%   617   59s
  1745   913 -17539.388   19  555 -17075.424 -188665.59  1005%   616   60s
  1763   925 -91095.772   17  459 -17075.424 -188665.59  1005%   609   65s
  1767   928 -74284.509   16  456 -17075.424 -188665.59  1005%   608   78s
  1770   935 -188665.59   16  421 -17075.424 -188665.59  1005%   628   80s
  1843  1006 -72215.304   22  325 -17075.424 -188665.59  1005%   676   85s
  2012  1128  237.07236   33  207 -17075.424 -188665.59  1005%   689   90s
  2247  1119 -165677.72   22  356 -17075.424 -188665.59  1005%   684   95s
  2510  1191 -15890.518   36  175 -17075.424 -188665.59  1005%   683  100s
  2734  1225 -11489.020   33  290 -17075.424 -188350.06  1003%   687  105s

Cutting planes:
  Implied bound: 1918
  MIR: 228
  Flow cover: 113
  Zero half: 154
  Relax-and-lift: 56

Explored 2877 nodes (1984643 simplex iterations) in 107.58 seconds (300.77 work units)
Thread count was 10 (of 10 available processors)

Solution count 10: -17075.4 -16607 -15034.1 ... 6362.25

Work limit reached
Best objective -1.707542395682e+04, best bound -1.881785730759e+05, gap 1002.0433%

User-callback calls 33022, time in user-callback 0.02 sec

================================================================================
PRICING SUBPROBLEM TYPE 2 (SF) - ITERATION 73
================================================================================
Timestamp: 2025-12-03T06:11:30.473
Problem size: 25 scenarios, 25 facilities, 50 customers
================================================================================

Gurobi 12.0.3 (mac64[arm]) logging started Wed Dec  3 06:11:30 2025

Set parameter LogFile to value "/Users/arnav/projects/Candidate-Selection-via-Stochastic-IP/CCG/logs/CG_SF_FL_cap91_K2_S25_pricing_20251203_030342.log"
Set parameter LogToConsole to value 0
Set parameter MIPFocus to value 1
Set parameter WorkLimit to value 300

Gurobi 12.0.3 (mac64[arm]) logging started Wed Dec  3 06:11:30 2025

Set parameter LogFile to value "/Users/arnav/projects/Candidate-Selection-via-Stochastic-IP/CCG/logs/CG_SF_FL_cap91_K2_S25_pricing_20251203_030342.log"
Gurobi Optimizer version 12.0.3 build v12.0.3rc0 (mac64[arm] - Darwin 24.6.0 24G84)

CPU model: Apple M4
Thread count: 10 physical cores, 10 logical processors, using up to 10 threads

Non-default parameters:
WorkLimit  300
MIPFocus  1
LogToConsole  0
PoolSearchMode  2

Optimize a model with 3750 rows, 33175 columns and 69996 nonzeros
Model fingerprint: 0x769d3b2c
Variable types: 32500 continuous, 675 integer (675 binary)
Coefficient statistics:
  Matrix range     [1e+00, 2e+04]
  Objective range  [3e-01, 4e+05]
  Bounds range     [0e+00, 0e+00]
  RHS range        [1e+00, 1e+00]
Found heuristic solution: objective 221971.12195
Presolve removed 629 rows and 16354 columns
Presolve time: 0.03s
Presolved: 3121 rows, 16821 columns, 37292 nonzeros
Variable types: 16146 continuous, 675 integer (675 binary)

Root relaxation: objective -5.172721e+05, 3518 iterations, 0.08 seconds (0.24 work units)

    Nodes    |    Current Node    |     Objective Bounds      |     Work
 Expl Unexpl |  Obj  Depth IntInf | Incumbent    BestBd   Gap | It/Node Time

     0     0 -517272.10    0  565 221971.122 -517272.10   333%     -    0s
H    0     0                    209458.70289 -517272.10   347%     -    0s
H    0     0                    197999.12377 -517272.10   361%     -    0s
     0     0 -373091.91    0  545 197999.124 -373091.91   288%     -    0s
H    0     0                    58103.777797 -373091.91   742%     -    0s
H    0     0                    52938.361473 -373091.91   805%     -    0s
H    0     0                    48534.897894 -373091.91   869%     -    0s
     0     0 -363442.20    0  536 48534.8979 -363442.20   849%     -    1s
     0     0 -361402.33    0  531 48534.8979 -361402.33   845%     -    1s
     0     0 -360832.12    0  534 48534.8979 -360832.12   843%     -    1s
     0     0 -360572.70    0  534 48534.8979 -360572.70   843%     -    1s
     0     0 -360569.41    0  533 48534.8979 -360569.41   843%     -    1s
     0     0 -325785.25    0  512 48534.8979 -325785.25   771%     -    1s
H    0     0                    23189.800438 -325785.25  1505%     -    1s
     0     0 -318770.73    0  511 23189.8004 -318770.73  1475%     -    1s
     0     0 -315437.99    0  510 23189.8004 -315437.99  1460%     -    1s
     0     0 -314583.08    0  511 23189.8004 -314583.08  1457%     -    1s
     0     0 -314092.98    0  507 23189.8004 -314092.98  1454%     -    1s
     0     0 -314048.62    0  512 23189.8004 -314048.62  1454%     -    2s
     0     0 -314041.87    0  508 23189.8004 -314041.87  1454%     -    2s
     0     0 -296702.33    0  514 23189.8004 -296702.33  1379%     -    2s
     0     0 -291464.40    0  496 23189.8004 -291464.40  1357%     -    2s
     0     0 -290220.97    0  484 23189.8004 -290220.97  1352%     -    2s
     0     0 -289952.53    0  482 23189.8004 -289952.53  1350%     -    2s
     0     0 -289863.42    0  484 23189.8004 -289863.42  1350%     -    2s
     0     0 -289805.58    0  480 23189.8004 -289805.58  1350%     -    2s
     0     0 -289804.14    0  481 23189.8004 -289804.14  1350%     -    2s
     0     0 -279056.11    0  477 23189.8004 -279056.11  1303%     -    3s
     0     0 -276239.99    0  483 23189.8004 -276239.99  1291%     -    3s
     0     0 -275408.56    0  484 23189.8004 -275408.56  1288%     -    3s
H    0     0                    21982.408707 -274949.64  1351%     -    4s
H    0     0                    21910.114227 -274949.64  1355%     -    4s
     0     0 -274949.64    0  481 21910.1142 -274949.64  1355%     -    4s
     0     0 -274859.93    0  474 21910.1142 -274859.93  1354%     -    4s
     0     0 -274850.41    0  470 21910.1142 -274850.41  1354%     -    4s
     0     0 -268521.85    0  468 21910.1142 -268521.85  1326%     -    4s
H    0     0                    20593.426934 -268521.85  1404%     -   12s
H    0     0                    16866.301477 -268521.85  1692%     -   12s
H    0     0                    14920.724838 -268521.85  1900%     -   12s
H    0     0                    8459.4235862 -268521.85  3274%     -   12s
H    0     0                    4983.1217947 -268521.85  5489%     -   13s
H    0     0                    3561.0963502 -268521.85  7640%     -   13s
H    0     0                    2176.1171592 -268521.85      -     -   14s
H    0     0                    -712.3937151 -268521.85      -     -   14s
H    0     0                    -3427.149817 -268521.85  7735%     -   14s
     0     2 -268521.85    0  468 -3427.1498 -268521.85  7735%     -   14s
     1     4 -249464.74    1  451 -3427.1498 -268405.70  7732%  2058   15s
H   27    46                    -3984.325675 -216375.07  5331%  1867   17s
H   35    46                    -7140.766305 -216375.07  2930%  1750   17s
H   55    70                    -7697.942163 -216375.07  2711%  1662   19s
    90   101 -146585.67   11  336 -7697.9422 -216375.07  2711%  1523   20s
   264   257 -2226.5545   29  149 -7697.9422 -212834.61  2665%   974   25s
H  343   315                    -7729.775501 -207656.96  2586%   943   28s
H  353   345                    -9676.166438 -207656.96  2046%   930   28s
   396   382 -107609.70   13  313 -9676.1664 -207656.96  2046%   895   30s
   626   566 -138709.28    9  393 -9676.1664 -204436.32  2013%   760   35s
   836   688 -73561.272   15  307 -9676.1664 -193485.74  1900%   726   40s
  1194   929     cutoff   25      -9676.1664 -191320.51  1877%   676   45s
  1476  1101     cutoff   21      -9676.1664 -191320.51  1877%   655   51s
  1701  1307 -173566.19    7  392 -9676.1664 -186768.26  1830%   635   55s
  2041   898 -161556.78    8  468 -9676.1664 -186768.26  1830%   616   69s
  2043   899 -102483.31   15  565 -9676.1664 -186768.26  1830%   615   70s
  2059   910 -26405.934   13  452 -9676.1664 -186768.26  1830%   611   75s
  2066   869 -139915.70   12  467 -9676.1664 -186768.26  1830%   608   90s
  2112   917 -25890.604   20  349 -9676.1664 -186768.26  1830%   649   96s
  2233   999 -55017.664   26  270 -9676.1664 -186768.26  1830%   678  100s
  2511  1100 -176211.15   22  334 -9676.1664 -186768.26  1830%   671  105s
  2734  1189 -9419.7333   36  176 -9676.1664 -186768.26  1830%   670  110s

Cutting planes:
  Implied bound: 1902
  MIR: 200
  Flow cover: 85
  Zero half: 164
  Relax-and-lift: 67

Explored 2858 nodes (1958127 simplex iterations) in 112.92 seconds (300.84 work units)
Thread count was 10 (of 10 available processors)

Solution count 10: -9676.17 -7729.78 -7697.94 ... -38.2399

Work limit reached
Best objective -9.676166437697e+03, best bound -1.867682569164e+05, gap 1830.1886%

User-callback calls 33654, time in user-callback 0.02 sec

================================================================================
PRICING SUBPROBLEM TYPE 2 (SF) - ITERATION 74
================================================================================
Timestamp: 2025-12-03T06:13:28.197
Problem size: 25 scenarios, 25 facilities, 50 customers
================================================================================

Gurobi 12.0.3 (mac64[arm]) logging started Wed Dec  3 06:13:28 2025

Set parameter LogFile to value "/Users/arnav/projects/Candidate-Selection-via-Stochastic-IP/CCG/logs/CG_SF_FL_cap91_K2_S25_pricing_20251203_030342.log"
Set parameter LogToConsole to value 0
Set parameter MIPFocus to value 1
Set parameter WorkLimit to value 300

Gurobi 12.0.3 (mac64[arm]) logging started Wed Dec  3 06:13:28 2025

Set parameter LogFile to value "/Users/arnav/projects/Candidate-Selection-via-Stochastic-IP/CCG/logs/CG_SF_FL_cap91_K2_S25_pricing_20251203_030342.log"
Gurobi Optimizer version 12.0.3 build v12.0.3rc0 (mac64[arm] - Darwin 24.6.0 24G84)

CPU model: Apple M4
Thread count: 10 physical cores, 10 logical processors, using up to 10 threads

Non-default parameters:
WorkLimit  300
MIPFocus  1
LogToConsole  0
PoolSearchMode  2

Optimize a model with 3750 rows, 33175 columns and 69996 nonzeros
Model fingerprint: 0xc9a4e019
Variable types: 32500 continuous, 675 integer (675 binary)
Coefficient statistics:
  Matrix range     [1e+00, 2e+04]
  Objective range  [3e-01, 4e+05]
  Bounds range     [0e+00, 0e+00]
  RHS range        [1e+00, 1e+00]
Found heuristic solution: objective 216186.07859
Presolve removed 629 rows and 16354 columns
Presolve time: 0.03s
Presolved: 3121 rows, 16821 columns, 37292 nonzeros
Variable types: 16146 continuous, 675 integer (675 binary)

Root relaxation: objective -5.144429e+05, 3541 iterations, 0.09 seconds (0.26 work units)

    Nodes    |    Current Node    |     Objective Bounds      |     Work
 Expl Unexpl |  Obj  Depth IntInf | Incumbent    BestBd   Gap | It/Node Time

     0     0 -514442.87    0  568 216186.079 -514442.87   338%     -    0s
H    0     0                    208160.74589 -514442.87   347%     -    0s
H    0     0                    201117.45869 -514442.87   356%     -    0s
H    0     0                    194713.18351 -514442.87   364%     -    0s
H    0     0                    188700.76354 -368827.48   295%     -    0s
     0     0 -368827.48    0  544 188700.764 -368827.48   295%     -    0s
H    0     0                    120035.04897 -357389.19   398%     -    0s
     0     0 -357389.19    0  539 120035.049 -357389.19   398%     -    0s
     0     0 -354985.22    0  535 120035.049 -354985.22   396%     -    1s
     0     0 -354537.18    0  534 120035.049 -354537.18   395%     -    1s
     0     0 -354416.01    0  534 120035.049 -354416.01   395%     -    1s
     0     0 -319716.91    0  497 120035.049 -319716.91   366%     -    1s
H    0     0                    88350.583166 -319716.91   462%     -    1s
H    0     0                    83896.545961 -319716.91   481%     -    1s
H    0     0                    71847.221513 -319716.91   545%     -    1s
H    0     0                    67816.007401 -319716.91   571%     -    1s
H    0     0                    65784.187723 -319716.91   586%     -    1s
     0     0 -310335.58    0  500 65784.1877 -310335.58   572%     -    1s
     0     0 -308551.81    0  511 65784.1877 -308551.81   569%     -    1s
H    0     0                    41386.069401 -308198.16   845%     -    1s
H    0     0                    38811.436901 -308198.16   894%     -    1s
     0     0 -308198.16    0  508 38811.4369 -308198.16   894%     -    1s
H    0     0                    35549.624293 -307978.26   966%     -    1s
H    0     0                    34314.592001 -307978.26   998%     -    1s
H    0     0                    33560.325394 -307978.26  1018%     -    1s
H    0     0                    33082.773506 -307978.26  1031%     -    1s
     0     0 -307978.26    0  510 33082.7735 -307978.26  1031%     -    1s
     0     0 -307808.18    0  508 33082.7735 -307808.18  1030%     -    1s
     0     0 -307784.57    0  512 33082.7735 -307784.57  1030%     -    1s
     0     0 -307783.78    0  510 33082.7735 -307783.78  1030%     -    1s
     0     0 -290585.81    0  491 33082.7735 -290585.81   978%     -    2s
     0     0 -285791.50    0  497 33082.7735 -285791.50   964%     -    2s
H    0     0                    31829.506626 -284340.06   993%     -    2s
     0     0 -284340.06    0  495 31829.5066 -284340.06   993%     -    2s
     0     0 -283929.25    0  494 31829.5066 -283929.25   992%     -    2s
     0     0 -283792.38    0  490 31829.5066 -283792.38   992%     -    3s
     0     0 -283767.96    0  490 31829.5066 -283767.96   992%     -    3s
     0     0 -283723.90    0  492 31829.5066 -283723.90   991%     -    3s
     0     0 -283710.85    0  490 31829.5066 -283710.85   991%     -    3s
     0     0 -274572.52    0  471 31829.5066 -274572.52   963%     -    3s
     0     0 -271746.35    0  479 31829.5066 -271746.35   954%     -    3s
     0     0 -270558.13    0  481 31829.5066 -270558.13   950%     -    3s
     0     0 -270186.79    0  470 31829.5066 -270186.79   949%     -    4s
     0     0 -270043.24    0  475 31829.5066 -270043.24   948%     -    4s
     0     0 -269982.36    0  476 31829.5066 -269982.36   948%     -    4s
     0     0 -269965.65    0  475 31829.5066 -269965.65   948%     -    4s
     0     0 -262247.29    0  470 31829.5066 -262247.29   924%     -    4s
H    0     0                    31804.693739 -262247.29   925%     -    6s
H    0     0                    26547.838542 -262247.29  1088%     -    7s
H    0     0                    24399.846557 -262247.29  1175%     -   10s
H    0     0                    20389.548058 -262247.29  1386%     -   13s
H    0     0                    17056.239651 -262247.29  1638%     -   13s
H    0     0                    13677.335911 -262247.29  2017%     -   14s
H    0     0                    3238.0698575 -262247.29  8199%     -   14s
H    0     0                    2737.0034393 -262247.29  9682%     -   15s
H    0     0                    -1827.077699 -262247.29      -     -   15s
     0     2 -262247.29    0  470 -1827.0777 -262247.29      -     -   15s
H   40    46                    -9444.065037 -227285.56  2307%  1494   18s
    77    99 -82690.266    9  321 -9444.0650 -227285.56  2307%  1311   20s
H   81    99                    -9700.250924 -227285.56  2243%  1298   20s
H   92    99                    -12216.90757 -227285.56  1760%  1258   20s
H   98   121                    -12473.09293 -227285.56  1722%  1246   21s
   305   310 -182234.94    7  383 -12473.093 -213674.37  1613%   860   25s
   514   515 -135931.50   14  240 -12473.093 -209155.35  1577%   801   30s
   688   619 -168229.64    6  372 -12473.093 -202791.75  1526%   757   35s
   928   884 -125391.17   11  315 -12473.093 -196132.13  1472%   744   40s
  1223  1120 -98794.356   15  281 -12473.093 -188357.76  1410%   707   45s
  1607  1392 -12542.528   23  274 -12473.093 -185074.48  1384%   670   51s
  1825  1655 -43338.641   19  202 -12473.093 -182844.94  1366%   644   55s
  1970   956 -52042.385   19  470 -12473.093 -182844.94  1366%   627   66s
  1985   966 -44465.532   18  462 -12473.093 -182844.94  1366%   623   70s
  1994   972 -25054.804   21  458 -12473.093 -182844.94  1366%   620   86s
  2009   993 -115203.65   18  407 -12473.093 -182844.94  1366%   644   90s
  2093  1061 -73039.403   23  321 -12473.093 -182844.94  1366%   677   95s
  2213  1151 -44519.201   28  247 -12473.093 -182844.94  1366%   694  100s
  2361  1206 -168563.62   21  390 -12473.093 -182844.94  1366%   689  105s
H 2492  1204                    -14193.47707 -182844.94  1188%   696  109s
  2508  1241 -139266.23   25  293 -14193.477 -182844.94  1188%   698  110s
H 2673  1192                    -14683.49868 -182844.94  1145%   693  115s

Cutting planes:
  Implied bound: 1887
  MIR: 244
  Flow cover: 124
  Zero half: 135
  Relax-and-lift: 55

Explored 2755 nodes (1944730 simplex iterations) in 118.47 seconds (300.18 work units)
Thread count was 10 (of 10 available processors)

Solution count 10: -14683.5 -14193.5 -12473.1 ... 2737

Work limit reached
Best objective -1.468349867660e+04, best bound -1.828449444149e+05, gap 1145.2410%

User-callback calls 33291, time in user-callback 0.04 sec

================================================================================
PRICING SUBPROBLEM TYPE 2 (SF) - ITERATION 75
================================================================================
Timestamp: 2025-12-03T06:15:29.200
Problem size: 25 scenarios, 25 facilities, 50 customers
================================================================================

Gurobi 12.0.3 (mac64[arm]) logging started Wed Dec  3 06:15:29 2025

Set parameter LogFile to value "/Users/arnav/projects/Candidate-Selection-via-Stochastic-IP/CCG/logs/CG_SF_FL_cap91_K2_S25_pricing_20251203_030342.log"
Set parameter LogToConsole to value 0
Set parameter MIPFocus to value 1
Set parameter WorkLimit to value 300

Gurobi 12.0.3 (mac64[arm]) logging started Wed Dec  3 06:15:29 2025

Set parameter LogFile to value "/Users/arnav/projects/Candidate-Selection-via-Stochastic-IP/CCG/logs/CG_SF_FL_cap91_K2_S25_pricing_20251203_030342.log"
Gurobi Optimizer version 12.0.3 build v12.0.3rc0 (mac64[arm] - Darwin 24.6.0 24G84)

CPU model: Apple M4
Thread count: 10 physical cores, 10 logical processors, using up to 10 threads

Non-default parameters:
WorkLimit  300
MIPFocus  1
LogToConsole  0
PoolSearchMode  2

Optimize a model with 3750 rows, 33175 columns and 69996 nonzeros
Model fingerprint: 0x06839dd9
Variable types: 32500 continuous, 675 integer (675 binary)
Coefficient statistics:
  Matrix range     [1e+00, 2e+04]
  Objective range  [3e-01, 4e+05]
  Bounds range     [0e+00, 0e+00]
  RHS range        [1e+00, 1e+00]
Found heuristic solution: objective 210942.38360
Presolve removed 629 rows and 16354 columns
Presolve time: 0.03s
Presolved: 3121 rows, 16821 columns, 37292 nonzeros
Variable types: 16146 continuous, 675 integer (675 binary)

Root relaxation: objective -5.135975e+05, 3520 iterations, 0.08 seconds (0.22 work units)

    Nodes    |    Current Node    |     Objective Bounds      |     Work
 Expl Unexpl |  Obj  Depth IntInf | Incumbent    BestBd   Gap | It/Node Time

     0     0 -513597.53    0  574 210942.384 -513597.53   343%     -    0s
H    0     0                    200250.43525 -513597.53   356%     -    0s
H    0     0                    192946.57409 -513597.53   366%     -    0s
H    0     0                    187027.64410 -513597.53   375%     -    0s
     0     0 -367565.24    0  542 187027.644 -367565.24   297%     -    0s
H    0     0                    186288.15686 -367565.24   297%     -    1s
H    0     0                    179748.67275 -367565.24   304%     -    1s
H    0     0                    61750.604481 -357405.99   679%     -    1s
     0     0 -357405.99    0  538 61750.6045 -357405.99   679%     -    1s
     0     0 -355800.29    0  533 61750.6045 -355800.29   676%     -    1s
     0     0 -355260.48    0  535 61750.6045 -355260.48   675%     -    1s
     0     0 -354638.62    0  531 61750.6045 -354638.62   674%     -    1s
     0     0 -354638.60    0  531 61750.6045 -354638.60   674%     -    1s
     0     0 -321818.63    0  504 61750.6045 -321818.63   621%     -    2s
H    0     0                    60288.251681 -321818.63   634%     -    2s
     0     0 -312144.24    0  500 60288.2517 -312144.24   618%     -    2s
H    0     0                    49795.867190 -309033.63   721%     -    2s
     0     0 -309033.63    0  496 49795.8672 -309033.63   721%     -    2s
     0     0 -308299.45    0  507 49795.8672 -308299.45   719%     -    2s
H    0     0                    45862.520314 -308113.84   772%     -    2s
     0     0 -308113.84    0  503 45862.5203 -308113.84   772%     -    2s
     0     0 -308097.78    0  508 45862.5203 -308097.78   772%     -    2s
     0     0 -287639.70    0  497 45862.5203 -287639.70   727%     -    3s
H    0     0                    34910.294065 -281752.87   907%     -    3s
     0     0 -281752.87    0  472 34910.2941 -281752.87   907%     -    3s
H    0     0                    23483.671758 -279931.35  1292%     -    3s
     0     0 -279931.35    0  480 23483.6718 -279931.35  1292%     -    3s
     0     0 -279019.33    0  483 23483.6718 -279019.33  1288%     -    3s
     0     0 -278748.46    0  487 23483.6718 -278748.46  1287%     -    3s
     0     0 -278601.86    0  479 23483.6718 -278601.86  1286%     -    3s
     0     0 -278580.08    0  477 23483.6718 -278580.08  1286%     -    3s
     0     0 -269170.40    0  484 23483.6718 -269170.40  1246%     -    4s
H    0     0                    21875.603390 -269170.40  1330%     -    4s
H    0     0                    21102.665506 -266847.11  1365%     -    4s
     0     0 -266847.11    0  477 21102.6655 -266847.11  1365%     -    4s
H    0     0                    18083.057055 -266101.36  1572%     -    5s
     0     0 -266101.36    0  474 18083.0571 -266101.36  1572%     -    5s
     0     0 -265845.55    0  479 18083.0571 -265845.55  1570%     -    5s
     0     0 -265719.98    0  476 18083.0571 -265719.98  1569%     -    5s
     0     0 -265581.26    0  475 18083.0571 -265581.26  1569%     -    5s
     0     0 -265547.90    0  479 18083.0571 -265547.90  1568%     -    5s
     0     0 -265534.59    0  472 18083.0571 -265534.59  1568%     -    5s
     0     0 -260996.46    0  469 18083.0571 -260996.46  1543%     -    6s
H    0     0                    17839.636393 -260996.46  1563%     -    7s
H    0     0                    16154.270115 -260996.46  1716%     -    7s
H    0     0                    15831.863037 -260996.46  1749%     -    7s
H    0     0                    13536.362075 -260996.46  2028%     -   11s
H    0     0                    13474.350839 -260996.46  2037%     -   14s
H    0     0                    11987.572357 -260996.46  2277%     -   15s
H    0     0                    2302.7258552 -260996.46      -     -   15s
H    0     0                    -7922.930402 -260996.46  3194%     -   15s
H    0     0                    -16337.44174 -260996.46  1498%     -   16s
H    0     0                    -19284.44692 -260996.46  1253%     -   17s
H    0     0                    -21612.98596 -260996.46  1108%     -   17s
     0     2 -260996.46    0  469 -21612.986 -260996.46  1108%     -   18s
     7    16 -226782.82    3  396 -21612.986 -246432.88  1040%  2346   20s
   135   167 -147338.57   11  322 -21612.986 -219888.79   917%  1200   25s
   295   290 -12089.962   23  258 -21612.986 -212013.06   881%   928   30s
   472   456 -38305.605   13  343 -21612.986 -209879.93   871%   836   35s
   694   676 -151528.21    8  354 -21612.986 -209879.93   871%   759   40s
   797   764 -68176.834   13  310 -21612.986 -198157.80   817%   742   45s
  1022   969 -114943.09    9  393 -21612.986 -189244.30   776%   711   51s
  1207  1107 -155150.82    7  418 -21612.986 -188465.42   772%   691   55s
  1330  1231 -49476.502   17  314 -21612.986 -184177.01   752%   691   60s
  1576  1421 -149515.06    9  399 -21612.986 -184177.01   752%   675   65s
  1786   986 -21612.986   30  469 -21612.986 -183966.77   751%   673   80s
  1801   996 -75840.697   15  461 -21612.986 -183966.77   751%   667   85s
  1810  1002 -166867.23    8  464 -21612.986 -183966.77   751%   664  107s
  1817  1016 -116096.96   17  417 -21612.986 -183966.77   751%   686  110s
  1857  1057 -100997.52   20  349 -21612.986 -183966.77   751%   711  115s
  1960  1124 -70189.339   24  282 -21612.986 -183966.77   751%   743  120s
  2168  1082          -   41      -21612.986 -183966.77   751%   734  125s
  2363  1083 -171901.82   22  348 -21612.986 -183966.77   751%   732  130s

Cutting planes:
  Implied bound: 1904
  MIR: 216
  Flow cover: 141
  Zero half: 180
  Relax-and-lift: 56

Explored 2514 nodes (1852955 simplex iterations) in 134.38 seconds (301.46 work units)
Thread count was 10 (of 10 available processors)

Solution count 10: -21613 -19284.4 -16337.4 ... 4084.2

Work limit reached
Best objective -2.161298595847e+04, best bound -1.839667728723e+05, gap 751.1863%

User-callback calls 37304, time in user-callback 0.04 sec

================================================================================
PRICING SUBPROBLEM TYPE 2 (SF) - ITERATION 76
================================================================================
Timestamp: 2025-12-03T06:17:45.733
Problem size: 25 scenarios, 25 facilities, 50 customers
================================================================================

Gurobi 12.0.3 (mac64[arm]) logging started Wed Dec  3 06:17:45 2025

Set parameter LogFile to value "/Users/arnav/projects/Candidate-Selection-via-Stochastic-IP/CCG/logs/CG_SF_FL_cap91_K2_S25_pricing_20251203_030342.log"
Set parameter LogToConsole to value 0
Set parameter MIPFocus to value 1
Set parameter WorkLimit to value 300

Gurobi 12.0.3 (mac64[arm]) logging started Wed Dec  3 06:17:45 2025

Set parameter LogFile to value "/Users/arnav/projects/Candidate-Selection-via-Stochastic-IP/CCG/logs/CG_SF_FL_cap91_K2_S25_pricing_20251203_030342.log"
Gurobi Optimizer version 12.0.3 build v12.0.3rc0 (mac64[arm] - Darwin 24.6.0 24G84)

CPU model: Apple M4
Thread count: 10 physical cores, 10 logical processors, using up to 10 threads

Non-default parameters:
WorkLimit  300
MIPFocus  1
LogToConsole  0
PoolSearchMode  2

Optimize a model with 3750 rows, 33175 columns and 69996 nonzeros
Model fingerprint: 0xe5249d34
Variable types: 32500 continuous, 675 integer (675 binary)
Coefficient statistics:
  Matrix range     [1e+00, 2e+04]
  Objective range  [3e-01, 4e+05]
  Bounds range     [0e+00, 0e+00]
  RHS range        [1e+00, 1e+00]
Found heuristic solution: objective 217497.86495
Presolve removed 629 rows and 16354 columns
Presolve time: 0.03s
Presolved: 3121 rows, 16821 columns, 37292 nonzeros
Variable types: 16146 continuous, 675 integer (675 binary)

Root relaxation: objective -5.145065e+05, 3555 iterations, 0.08 seconds (0.24 work units)

    Nodes    |    Current Node    |     Objective Bounds      |     Work
 Expl Unexpl |  Obj  Depth IntInf | Incumbent    BestBd   Gap | It/Node Time

     0     0 -514506.46    0  573 217497.865 -514506.46   337%     -    0s
H    0     0                    217200.23328 -370485.09   271%     -    0s
H    0     0                    201290.52073 -370485.09   284%     -    0s
H    0     0                    198315.43023 -370485.09   287%     -    0s
H    0     0                    195780.85888 -370485.09   289%     -    0s
     0     0 -369346.89    0  539 195780.859 -369346.89   289%     -    0s
H    0     0                    188068.51857 -369346.89   296%     -    0s
H    0     0                    186248.93594 -369346.89   298%     -    0s
H    0     0                    186139.18865 -369346.89   298%     -    0s
H    0     0                    87057.073276 -360881.26   515%     -    1s
H    0     0                    79923.805454 -360881.26   552%     -    1s
H    0     0                    73263.948642 -360881.26   593%     -    1s
     0     0 -360881.26    0  536 73263.9486 -360881.26   593%     -    1s
     0     0 -358748.48    0  537 73263.9486 -358748.48   590%     -    1s
     0     0 -358350.50    0  532 73263.9486 -358350.50   589%     -    1s
     0     0 -358339.88    0  530 73263.9486 -358339.88   589%     -    1s
     0     0 -320438.28    0  512 73263.9486 -320438.28   537%     -    1s
H    0     0                    64118.070765 -320438.28   600%     -    1s
H    0     0                    57114.499094 -320438.28   661%     -    1s
H    0     0                    35651.936973 -310366.22   971%     -    1s
H    0     0                    35227.583340 -310366.22   981%     -    1s
H    0     0                    35000.481913 -310366.22   987%     -    1s
H    0     0                    24682.775317 -310366.22  1357%     -    1s
H    0     0                    20147.691741 -310366.22  1640%     -    1s
     0     0 -310366.22    0  507 20147.6917 -310366.22  1640%     -    1s
     0     0 -307878.47    0  512 20147.6917 -307878.47  1628%     -    2s
     0     0 -307082.70    0  507 20147.6917 -307082.70  1624%     -    2s
     0     0 -306751.63    0  508 20147.6917 -306751.63  1623%     -    2s
     0     0 -306730.30    0  510 20147.6917 -306730.30  1622%     -    2s
     0     0 -306726.92    0  512 20147.6917 -306726.92  1622%     -    2s
     0     0 -290604.90    0  494 20147.6917 -290604.90  1542%     -    2s
H    0     0                    17926.008166 -290604.90  1721%     -    2s
     0     0 -286962.35    0  481 17926.0082 -286962.35  1701%     -    3s
     0     0 -285869.73    0  470 17926.0082 -285869.73  1695%     -    3s
     0     0 -285001.55    0  468 17926.0082 -285001.55  1690%     -    3s
     0     0 -284566.75    0  475 17926.0082 -284566.75  1687%     -    3s
     0     0 -284481.56    0  479 17926.0082 -284481.56  1687%     -    3s
     0     0 -284464.80    0  479 17926.0082 -284464.80  1687%     -    3s
     0     0 -272633.19    0  462 17926.0082 -272633.19  1621%     -    3s
H    0     0                    1828.5598336 -272633.19      -     -    3s
     0     0 -270535.21    0  466 1828.55983 -270535.21      -     -    4s
     0     0 -269371.30    0  476 1828.55983 -269371.30      -     -    4s
     0     0 -268634.77    0  474 1828.55983 -268634.77      -     -    4s
     0     0 -268475.50    0  475 1828.55983 -268475.50      -     -    4s
     0     0 -268389.52    0  480 1828.55983 -268389.52      -     -    4s
     0     0 -268338.20    0  474 1828.55983 -268338.20      -     -    4s
     0     0 -268333.46    0  476 1828.55983 -268333.46      -     -    4s
     0     0 -258844.61    0  482 1828.55983 -258844.61      -     -    5s
H    0     0                     204.3533486 -258844.61      -     -    6s
H    0     0                    -132.4037839 -258844.61      -     -    6s
H    0     0                    -2089.939966 -258844.61      -     -    7s
     0     2 -258844.61    0  482 -2089.9400 -258844.61      -     -   18s
     7    16 -227613.69    3  383 -2089.9400 -245867.78      -  2046   21s
H   32    50                    -3444.365416 -227600.53  6508%  2011   23s
    49    71 -97157.119    6  365 -3444.3654 -227600.53  6508%  1711   25s
H   93    97                    -3561.654740 -227600.53  6290%  1420   26s
H   96   107                    -3802.412947 -227600.53  5886%  1395   28s
   157   178 -29323.540   18  257 -3802.4129 -226428.79  5855%  1181   30s
   303   303 -187519.50    5  410 -3802.4129 -209491.69  5409%  1019   35s
   489   465 -54109.812   19  318 -3802.4129 -208577.05  5385%   919   40s
   663   632 -125968.68   11  372 -3802.4129 -205033.64  5292%   926   45s
   861   817 -155507.06    8  387 -3802.4129 -200130.13  5163%   914   50s
  1026   879 2804.49156   22  314 -3802.4129 -200130.13  5163%   893   55s
  1225  1044 -72909.333   16  368 -3802.4129 -200130.13  5163%   897   61s
  1415  1201 -31970.171   15  321 -3802.4129 -189569.23  4885%   890   66s
  1615  1404 4531.25540   22  336 -3802.4129 -189411.20  4881%   883   72s
  1809   930 -92840.825   13  482 -3802.4129 -189411.20  4881%   874   85s
  1827   942 -83067.978   17  451 -3802.4129 -189411.20  4881%   866   90s
  1835   947 -87368.026   15  448 -3802.4129 -189411.20  4881%   862  105s
  1860   986 -99655.006   19  378 -3802.4129 -189411.20  4881%   893  110s
  1910  1016 -17014.976   22  319 -3802.4129 -189411.20  4881%   911  115s
  2038  1116 -39264.104   28  247 -3802.4129 -189411.20  4881%   911  120s

Cutting planes:
  Implied bound: 1892
  MIR: 188
  Flow cover: 105
  Zero half: 165
  Relax-and-lift: 59

Explored 2322 nodes (2018517 simplex iterations) in 124.90 seconds (300.36 work units)
Thread count was 10 (of 10 available processors)

Solution count 10: -3802.41 -3561.65 -3444.37 ... 1845.38

Work limit reached
Best objective -3.802412947212e+03, best bound -1.894112048846e+05, gap 4881.3423%

User-callback calls 36509, time in user-callback 0.03 sec

================================================================================
PRICING SUBPROBLEM TYPE 2 (SF) - ITERATION 77
================================================================================
Timestamp: 2025-12-03T06:19:52.650
Problem size: 25 scenarios, 25 facilities, 50 customers
================================================================================

Gurobi 12.0.3 (mac64[arm]) logging started Wed Dec  3 06:19:52 2025

Set parameter LogFile to value "/Users/arnav/projects/Candidate-Selection-via-Stochastic-IP/CCG/logs/CG_SF_FL_cap91_K2_S25_pricing_20251203_030342.log"
Set parameter LogToConsole to value 0
Set parameter MIPFocus to value 1
Set parameter WorkLimit to value 300

Gurobi 12.0.3 (mac64[arm]) logging started Wed Dec  3 06:19:52 2025

Set parameter LogFile to value "/Users/arnav/projects/Candidate-Selection-via-Stochastic-IP/CCG/logs/CG_SF_FL_cap91_K2_S25_pricing_20251203_030342.log"
Gurobi Optimizer version 12.0.3 build v12.0.3rc0 (mac64[arm] - Darwin 24.6.0 24G84)

CPU model: Apple M4
Thread count: 10 physical cores, 10 logical processors, using up to 10 threads

Non-default parameters:
WorkLimit  300
MIPFocus  1
LogToConsole  0
PoolSearchMode  2

Optimize a model with 3750 rows, 33175 columns and 69996 nonzeros
Model fingerprint: 0x4d226ff7
Variable types: 32500 continuous, 675 integer (675 binary)
Coefficient statistics:
  Matrix range     [1e+00, 2e+04]
  Objective range  [3e-01, 4e+05]
  Bounds range     [0e+00, 0e+00]
  RHS range        [1e+00, 1e+00]
Found heuristic solution: objective 207957.94076
Presolve removed 629 rows and 16354 columns
Presolve time: 0.03s
Presolved: 3121 rows, 16821 columns, 37292 nonzeros
Variable types: 16146 continuous, 675 integer (675 binary)

Root relaxation: objective -5.126440e+05, 3608 iterations, 0.09 seconds (0.24 work units)

    Nodes    |    Current Node    |     Objective Bounds      |     Work
 Expl Unexpl |  Obj  Depth IntInf | Incumbent    BestBd   Gap | It/Node Time

     0     0 -512643.95    0  571 207957.941 -512643.95   347%     -    0s
H    0     0                    197643.57595 -512643.95   359%     -    0s
H    0     0                    162087.30103 -367202.84   327%     -    0s
     0     0 -365648.88    0  543 162087.301 -365648.88   326%     -    0s
H    0     0                    155839.12398 -356228.06   329%     -    1s
H    0     0                    147334.99690 -356228.06   342%     -    1s
     0     0 -356037.81    0  533 147334.997 -356037.81   342%     -    1s
     0     0 -354233.94    0  535 147334.997 -354233.94   340%     -    1s
     0     0 -354013.05    0  534 147334.997 -354013.05   340%     -    1s
     0     0 -353876.83    0  533 147334.997 -353876.83   340%     -    1s
     0     0 -353876.78    0  533 147334.997 -353876.78   340%     -    1s
     0     0 -318673.84    0  513 147334.997 -318673.84   316%     -    1s
H    0     0                    63163.896060 -318673.84   605%     -    1s
H    0     0                    34967.191556 -318673.84  1011%     -    1s
     0     0 -311165.35    0  505 34967.1916 -311165.35   990%     -    1s
     0     0 -308698.86    0  515 34967.1916 -308698.86   983%     -    2s
     0     0 -308017.91    0  515 34967.1916 -308017.91   981%     -    2s
     0     0 -307610.71    0  512 34967.1916 -307610.71   980%     -    2s
     0     0 -307573.28    0  515 34967.1916 -307573.28   980%     -    2s
     0     0 -307569.90    0  517 34967.1916 -307569.90   980%     -    2s
     0     0 -292286.11    0  508 34967.1916 -292286.11   936%     -    2s
     0     0 -286894.62    0  492 34967.1916 -286894.62   920%     -    3s
     0     0 -285544.79    0  504 34967.1916 -285544.79   917%     -    3s
     0     0 -284999.15    0  494 34967.1916 -284999.15   915%     -    3s
     0     0 -284914.24    0  495 34967.1916 -284914.24   915%     -    3s
     0     0 -284889.49    0  497 34967.1916 -284889.49   915%     -    3s
     0     0 -284884.67    0  497 34967.1916 -284884.67   915%     -    3s
     0     0 -273666.57    0  476 34967.1916 -273666.57   883%     -    3s
     0     0 -272158.64    0  480 34967.1916 -272158.64   878%     -    4s
     0     0 -271461.52    0  477 34967.1916 -271461.52   876%     -    4s
     0     0 -271196.59    0  486 34967.1916 -271196.59   876%     -    4s
     0     0 -270903.40    0  479 34967.1916 -270903.40   875%     -    4s
     0     0 -270807.16    0  479 34967.1916 -270807.16   874%     -    4s
     0     0 -270759.42    0  478 34967.1916 -270759.42   874%     -    4s
     0     0 -270718.95    0  470 34967.1916 -270718.95   874%     -    4s
     0     0 -270717.70    0  469 34967.1916 -270717.70   874%     -    4s
     0     0 -265778.39    0  466 34967.1916 -265778.39   860%     -    5s
H    0     0                    22170.172083 -265778.39  1299%     -    6s
H    0     0                    12863.793323 -265778.39  2166%     -   10s
H    0     0                    12713.924326 -265778.39  2190%     -   12s
H    0     0                    12556.443312 -265778.39  2217%     -   13s
H    0     0                    9321.4668164 -265778.39  2951%     -   13s
H    0     0                    1420.7742918 -265778.39      -     -   13s
H    0     0                    -6780.995155 -265778.39  3819%     -   13s
H    0     0                    -9624.042757 -265778.39  2662%     -   13s
     0     2 -265778.39    0  466 -9624.0428 -265778.39  2662%     -   15s
H   25    46                    -10128.41425 -218210.02  2054%  1835   19s
H   44    46                    -11028.29292 -218210.02  1879%  1470   19s
    55    79 -188355.94    8  363 -11028.293 -218210.02  1879%  1369   20s
   250   259 -8521.5316   20  297 -11028.293 -218210.02  1879%   856   25s
   433   428 -131459.00   12  324 -11028.293 -204578.34  1755%   773   30s
   604   577   59.65073   22  166 -11028.293 -203803.66  1748%   749   35s
   825   748 -93774.024   12  348 -11028.293 -200245.13  1716%   729   40s
  1071   939 -78157.687   15  341 -11028.293 -200245.13  1716%   699   45s
  1258  1087 -132734.05    9  325 -11028.293 -187299.52  1598%   692   50s
  1530  1313 -60130.767   15  209 -11028.293 -187299.52  1598%   678   55s
  1740  1528 -114573.77   11  346 -11028.293 -180761.98  1539%   673   60s
  1846   938 -81913.747   16  466 -11028.293 -180761.98  1539%   665   70s
  1862   949 -75781.843   17  442 -11028.293 -180761.98  1539%   660   75s
  1870   954 -133549.38   14  453 -11028.293 -180761.98  1539%   657   91s
  1885   975 -180761.98   18  382 -11028.293 -180761.98  1539%   686   95s
  1958  1040 -81238.421   22  336 -11028.293 -180761.98  1539%   730  100s
  2062  1092     cutoff   25      -11028.293 -180761.98  1539%   753  105s
  2296  1173 -165870.82   20  406 -11028.293 -180761.98  1539%   738  110s
  2420  1265 -24182.066   31  424 -11028.293 -180761.98  1539%   753  115s

Cutting planes:
  Implied bound: 1935
  MIR: 212
  Flow cover: 116
  Zero half: 163
  RLT: 1
  Relax-and-lift: 54

Explored 2507 nodes (1915174 simplex iterations) in 117.95 seconds (301.52 work units)
Thread count was 10 (of 10 available processors)

Solution count 10: -11028.3 -10128.4 -9624.04 ... 9321.47

Work limit reached
Best objective -1.102829291990e+04, best bound -1.807619769534e+05, gap 1539.0749%

User-callback calls 34481, time in user-callback 0.02 sec

================================================================================
PRICING SUBPROBLEM TYPE 2 (SF) - ITERATION 78
================================================================================
Timestamp: 2025-12-03T06:21:54.043
Problem size: 25 scenarios, 25 facilities, 50 customers
================================================================================

Gurobi 12.0.3 (mac64[arm]) logging started Wed Dec  3 06:21:54 2025

Set parameter LogFile to value "/Users/arnav/projects/Candidate-Selection-via-Stochastic-IP/CCG/logs/CG_SF_FL_cap91_K2_S25_pricing_20251203_030342.log"
Set parameter LogToConsole to value 0
Set parameter MIPFocus to value 1
Set parameter WorkLimit to value 300

Gurobi 12.0.3 (mac64[arm]) logging started Wed Dec  3 06:21:54 2025

Set parameter LogFile to value "/Users/arnav/projects/Candidate-Selection-via-Stochastic-IP/CCG/logs/CG_SF_FL_cap91_K2_S25_pricing_20251203_030342.log"
Gurobi Optimizer version 12.0.3 build v12.0.3rc0 (mac64[arm] - Darwin 24.6.0 24G84)

CPU model: Apple M4
Thread count: 10 physical cores, 10 logical processors, using up to 10 threads

Non-default parameters:
WorkLimit  300
MIPFocus  1
LogToConsole  0
PoolSearchMode  2

Optimize a model with 3750 rows, 33175 columns and 69996 nonzeros
Model fingerprint: 0xd17be626
Variable types: 32500 continuous, 675 integer (675 binary)
Coefficient statistics:
  Matrix range     [1e+00, 2e+04]
  Objective range  [3e-01, 4e+05]
  Bounds range     [0e+00, 0e+00]
  RHS range        [1e+00, 1e+00]
Found heuristic solution: objective 202334.82234
Presolve removed 629 rows and 16354 columns
Presolve time: 0.03s
Presolved: 3121 rows, 16821 columns, 37292 nonzeros
Variable types: 16146 continuous, 675 integer (675 binary)

Root relaxation: objective -5.102053e+05, 3571 iterations, 0.09 seconds (0.24 work units)

    Nodes    |    Current Node    |     Objective Bounds      |     Work
 Expl Unexpl |  Obj  Depth IntInf | Incumbent    BestBd   Gap | It/Node Time

     0     0 -510205.33    0  571 202334.822 -510205.33   352%     -    0s
H    0     0                    192945.47126 -510205.33   364%     -    0s
H    0     0                    186296.58338 -510205.33   374%     -    0s
H    0     0                    185542.57723 -510205.33   375%     -    0s
     0     0 -361882.19    0  541 185542.577 -361882.19   295%     -    0s
H    0     0                    179469.05926 -361882.19   302%     -    0s
H    0     0                    172714.37706 -361882.19   310%     -    0s
H    0     0                    172108.78932 -361882.19   310%     -    1s
     0     0 -351999.24    0  540 172108.789 -351999.24   305%     -    1s
     0     0 -350413.52    0  536 172108.789 -350413.52   304%     -    1s
     0     0 -350254.76    0  532 172108.789 -350254.76   304%     -    1s
     0     0 -350136.20    0  532 172108.789 -350136.20   303%     -    1s
     0     0 -350135.94    0  532 172108.789 -350135.94   303%     -    1s
H    0     0                    158788.70732 -315624.26   299%     -    1s
H    0     0                    134453.02290 -315624.26   335%     -    1s
     0     0 -315624.26    0  509 134453.023 -315624.26   335%     -    1s
H    0     0                    93807.526561 -315624.26   436%     -    1s
     0     0 -305647.51    0  507 93807.5266 -305647.51   426%     -    1s
     0     0 -302712.37    0  512 93807.5266 -302712.37   423%     -    1s
     0     0 -302216.05    0  508 93807.5266 -302216.05   422%     -    2s
     0     0 -301995.91    0  512 93807.5266 -301995.91   422%     -    2s
     0     0 -301988.66    0  518 93807.5266 -301988.66   422%     -    2s
H    0     0                    77954.121065 -284662.80   465%     -    2s
     0     0 -284662.80    0  506 77954.1211 -284662.80   465%     -    2s
     0     0 -279154.35    0  485 77954.1211 -279154.35   458%     -    2s
     0     0 -277741.45    0  480 77954.1211 -277741.45   456%     -    3s
H    0     0                    74647.932269 -277259.17   471%     -    3s
H    0     0                    66954.993790 -277259.17   514%     -    3s
H    0     0                    65008.597624 -277259.17   526%     -    3s
     0     0 -277259.17    0  482 65008.5976 -277259.17   526%     -    3s
     0     0 -277145.11    0  483 65008.5976 -277145.11   526%     -    3s
     0     0 -277125.23    0  484 65008.5976 -277125.23   526%     -    3s
H    0     0                    63825.595096 -268132.29   520%     -    3s
H    0     0                    61221.130489 -268132.29   538%     -    3s
H    0     0                    57475.867213 -268132.29   567%     -    3s
H    0     0                    56098.031525 -268132.29   578%     -    3s
H    0     0                    33443.671684 -268132.29   902%     -    3s
     0     0 -268132.29    0  494 33443.6717 -268132.29   902%     -    3s
     0     0 -265604.02    0  487 33443.6717 -265604.02   894%     -    4s
H    0     0                    9350.3685248 -264429.43  2928%     -    4s
     0     0 -264429.43    0  476 9350.36852 -264429.43  2928%     -    4s
     0     0 -264003.48    0  486 9350.36852 -264003.48  2923%     -    4s
     0     0 -263914.15    0  482 9350.36852 -263914.15  2922%     -    4s
     0     0 -263868.43    0  470 9350.36852 -263868.43  2922%     -    4s
     0     0 -263859.00    0  477 9350.36852 -263859.00  2922%     -    4s
     0     0 -255686.00    0  460 9350.36852 -255686.00  2835%     -    5s
H    0     0                     133.1395408 -255686.00      -     -    7s
H    0     0                    -1277.672572 -255686.00      -     -   12s
H    0     0                    -1375.147241 -255686.00      -     -   12s
H    0     0                    -2186.877794 -255686.00      -     -   12s
     0     2 -255686.00    0  460 -2186.8778 -255686.00      -     -   16s
H   28    45                    -2488.417673 -217833.48  8654%  1948   19s
H   36    45                    -3740.192766 -217833.48  5724%  1732   19s
H   44    65                    -4041.732644 -217825.69  5289%  1615   20s
   176   204 -23037.374   14  365 -4041.7326 -213901.39  5192%  1018   25s
   346   338 -146247.01    7  421 -4041.7326 -211055.14  5122%   857   30s
   566   526 infeasible   24      -4041.7326 -200520.28  4861%   733   35s
   836   663 -152841.34   10  362 -4041.7326 -190770.60  4620%   699   40s
   987   836 -89247.712   17  210 -4041.7326 -189322.20  4584%   689   45s
H 1027   833                    -5083.581953 -189322.20  3624%   679   45s
H 1172   904                    -5414.264150 -189322.20  3397%   669   48s
H 1173   828                    -6085.034445 -189322.20  3011%   670   48s
H 1178   818                    -8068.424287 -189322.20  2246%   671   48s
  1253   914 -62017.011   16  362 -8068.4243 -189322.20  2246%   665   50s
H 1347   941                    -8085.497697 -189322.20  2242%   650   51s
  1528  1042 -115640.68   12  321 -8085.4977 -187210.63  2215%   637   56s
  1750  1208 -145220.54    9  317 -8085.4977 -182093.69  2152%   616   60s
  2081   866 -94201.158   14  460 -8085.4977 -182093.69  2152%   599   73s
  2087   870 -8085.4977   21  512 -8085.4977 -182093.69  2152%   597   75s
  2106   883 -152245.48    8  458 -8085.4977 -182093.69  2152%   592   80s
  2107   883 -130745.03   15  458 -8085.4977 -182093.69  2152%   591   95s
  2132   923 -98886.972   19  354 -8085.4977 -182093.69  2152%   624  100s
  2237   992 -64559.922   24  275 -8085.4977 -182093.69  2152%   652  105s
  2453  1102 -7899.7415   35  148 -8085.4977 -182093.69  2152%   646  110s
  2598  1149 -106875.14   27  378 -8085.4977 -182093.69  2152%   654  115s
  2754  1228 -140136.77   22  419 -8085.4977 -182093.69  2152%   655  120s
  2947  1299 -124545.60   25  362 -8085.4977 -182093.69  2152%   653  125s

Cutting planes:
  Implied bound: 1910
  MIR: 225
  Flow cover: 124
  Zero half: 160
  RLT: 1
  Relax-and-lift: 61

Explored 3072 nodes (2016252 simplex iterations) in 128.50 seconds (300.88 work units)
Thread count was 10 (of 10 available processors)

Solution count 10: -8085.5 -6803.3 -6085.03 ... -1375.15

Work limit reached
Best objective -8.085497696956e+03, best bound -1.820936872141e+05, gap 2152.1024%

User-callback calls 36182, time in user-callback 0.03 sec

================================================================================
PRICING SUBPROBLEM TYPE 2 (SF) - ITERATION 79
================================================================================
Timestamp: 2025-12-03T06:24:07.465
Problem size: 25 scenarios, 25 facilities, 50 customers
================================================================================

Gurobi 12.0.3 (mac64[arm]) logging started Wed Dec  3 06:24:07 2025

Set parameter LogFile to value "/Users/arnav/projects/Candidate-Selection-via-Stochastic-IP/CCG/logs/CG_SF_FL_cap91_K2_S25_pricing_20251203_030342.log"
Set parameter LogToConsole to value 0
Set parameter MIPFocus to value 1
Set parameter WorkLimit to value 300

Gurobi 12.0.3 (mac64[arm]) logging started Wed Dec  3 06:24:07 2025

Set parameter LogFile to value "/Users/arnav/projects/Candidate-Selection-via-Stochastic-IP/CCG/logs/CG_SF_FL_cap91_K2_S25_pricing_20251203_030342.log"
Gurobi Optimizer version 12.0.3 build v12.0.3rc0 (mac64[arm] - Darwin 24.6.0 24G84)

CPU model: Apple M4
Thread count: 10 physical cores, 10 logical processors, using up to 10 threads

Non-default parameters:
WorkLimit  300
MIPFocus  1
LogToConsole  0
PoolSearchMode  2

Optimize a model with 3750 rows, 33175 columns and 69996 nonzeros
Model fingerprint: 0x2beb382b
Variable types: 32500 continuous, 675 integer (675 binary)
Coefficient statistics:
  Matrix range     [1e+00, 2e+04]
  Objective range  [3e-01, 4e+05]
  Bounds range     [0e+00, 0e+00]
  RHS range        [1e+00, 1e+00]
Found heuristic solution: objective 204896.91281
Presolve removed 629 rows and 16354 columns
Presolve time: 0.03s
Presolved: 3121 rows, 16821 columns, 37292 nonzeros
Variable types: 16146 continuous, 675 integer (675 binary)

Root relaxation: objective -5.101810e+05, 3475 iterations, 0.08 seconds (0.21 work units)

    Nodes    |    Current Node    |     Objective Bounds      |     Work
 Expl Unexpl |  Obj  Depth IntInf | Incumbent    BestBd   Gap | It/Node Time

     0     0 -510180.96    0  571 204896.913 -510180.96   349%     -    0s
H    0     0                    191988.76419 -510180.96   366%     -    0s
H    0     0                    179828.04732 -510180.96   384%     -    0s
     0     0 -362458.40    0  541 179828.047 -362458.40   302%     -    0s
H    0     0                    175201.89162 -362458.40   307%     -    1s
H    0     0                    174027.41093 -362458.40   308%     -    1s
H    0     0                    169594.25806 -362458.40   314%     -    1s
     0     0 -352553.91    0  540 169594.258 -352553.91   308%     -    1s
     0     0 -351471.77    0  538 169594.258 -351471.77   307%     -    1s
     0     0 -351261.27    0  534 169594.258 -351261.27   307%     -    1s
     0     0 -351241.05    0  535 169594.258 -351241.05   307%     -    1s
H    0     0                    125920.81074 -318000.04   353%     -    1s
     0     0 -316244.43    0  518 125920.811 -316244.43   351%     -    1s
H    0     0                    116822.49657 -316244.43   371%     -    1s
H    0     0                    88910.829606 -316244.43   456%     -    1s
H    0     0                    88877.058896 -316244.43   456%     -    2s
H    0     0                    87451.439414 -316244.43   462%     -    2s
     0     0 -308638.34    0  508 87451.4394 -308638.34   453%     -    2s
     0     0 -305402.13    0  512 87451.4394 -305402.13   449%     -    2s
     0     0 -304523.77    0  522 87451.4394 -304523.77   448%     -    2s
     0     0 -304173.88    0  514 87451.4394 -304173.88   448%     -    2s
     0     0 -304122.07    0  518 87451.4394 -304122.07   448%     -    2s
     0     0 -304110.53    0  518 87451.4394 -304110.53   448%     -    2s
H    0     0                    57503.093622 -286864.69   599%     -    3s
H    0     0                    39074.981772 -286864.69   834%     -    3s
H    0     0                    38699.347210 -286864.69   841%     -    3s
H    0     0                    37696.479543 -286864.69   861%     -    3s
     0     0 -286864.69    0  491 37696.4795 -286864.69   861%     -    3s
H    0     0                    31377.559604 -286864.69  1014%     -    3s
H    0     0                    30960.643337 -286864.69  1027%     -    3s
     0     0 -283484.27    0  489 30960.6433 -283484.27  1016%     -    3s
     0     0 -282462.29    0  485 30960.6433 -282462.29  1012%     -    3s
     0     0 -282121.47    0  478 30960.6433 -282121.47  1011%     -    3s
     0     0 -281946.17    0  480 30960.6433 -281946.17  1011%     -    3s
     0     0 -281855.89    0  479 30960.6433 -281855.89  1010%     -    3s
     0     0 -281849.37    0  480 30960.6433 -281849.37  1010%     -    3s
     0     0 -272758.76    0  477 30960.6433 -272758.76   981%     -    4s
H    0     0                    14662.205465 -272758.76  1960%     -    4s
H    0     0                    12244.649690 -272758.76  2328%     -    4s
     0     0 -270345.85    0  466 12244.6497 -270345.85  2308%     -    5s
     0     0 -269268.88    0  457 12244.6497 -269268.88  2299%     -    5s
     0     0 -269018.54    0  465 12244.6497 -269018.54  2297%     -    5s
     0     0 -268947.18    0  464 12244.6497 -268947.18  2296%     -    5s
     0     0 -268915.97    0  462 12244.6497 -268915.97  2296%     -    5s
     0     0 -268898.23    0  467 12244.6497 -268898.23  2296%     -    5s
     0     0 -263261.54    0  466 12244.6497 -263261.54  2250%     -    6s
H    0     0                    10890.297643 -263261.54  2517%     -    7s
H    0     0                    10285.679956 -263261.54  2659%     -    7s
H    0     0                    9833.7267070 -263261.54  2777%     -    8s
H    0     0                    8693.6454337 -263261.54  3128%     -   13s
H    0     0                    -614.3188591 -263261.54      -     -   13s
H    0     0                    -1068.278549 -263261.54      -     -   16s
     0     2 -263261.54    0  466 -1068.2785 -263261.54      -     -   18s
     3     8 -235686.37    2  427 -1068.2785 -246303.83      -  2263   20s
    74    94 -142303.31    9  349 -1068.2785 -218133.91      -  1697   25s
H  168   171                    -3834.856684 -218133.91  5588%  1248   28s
   200   205 -74935.834   15  270 -3834.8567 -214966.40  5506%  1176   30s
H  261   252                    -4359.263835 -214746.68  4826%  1078   31s
   355   358 -153858.32    9  325 -4359.2638 -214746.68  4826%  1020   35s
   520   497 -9565.6184   21  215 -4359.2638 -207893.89  4669%   912   40s
   694   666     cutoff   12      -4359.2638 -203928.33  4578%   846   45s
   949   842 -175270.11    8  315 -4359.2638 -193629.28  4342%   787   51s
  1073   948 -84151.461   15  300 -4359.2638 -193629.28  4342%   776   55s
  1294  1067 -108594.84   11  371 -4359.2638 -193629.28  4342%   743   60s
  1466  1183 5225.83613   19  315 -4359.2638 -193629.28  4342%   718   66s
  1764  1354 -134657.75   11  337 -4359.2638 -184070.20  4123%   688   71s
  1940  1483 -145069.69    9  344 -4359.2638 -184070.20  4123%   682   75s
  2046   935 -52522.417   18  466 -4359.2638 -184070.20  4123%   677   89s
  2049   937 -110488.05   11  549 -4359.2638 -184070.20  4123%   676   90s
  2063   946 -32432.233   21  442 -4359.2638 -184070.20  4123%   672   95s
H 2069   902                    -4588.324226 -184070.20  3912%   670  111s
  2073   910 -184070.20   16  414 -4588.3242 -184070.20  3912%   687  115s
H 2095   897                    -9917.840932 -184070.20  1756%   701  119s
  2116   910 -87828.575   21  344 -9917.8409 -184070.20  1756%   709  121s
  2176   950 -55389.426   23  323 -9917.8409 -184070.20  1756%   729  125s
  2326  1034 -25626.258   30  230 -9917.8409 -184070.20  1756%   732  131s
  2456  1108   99.40538   37  173 -9917.8409 -184070.20  1756%   725  135s

Cutting planes:
  Implied bound: 1889
  MIR: 223
  Flow cover: 116
  Zero half: 150
  RLT: 1
  Relax-and-lift: 49

Explored 2510 nodes (1855845 simplex iterations) in 137.86 seconds (301.09 work units)
Thread count was 10 (of 10 available processors)

Solution count 10: -9917.84 -4588.32 -4359.26 ... 8693.65

Work limit reached
Best objective -9.917840931992e+03, best bound -1.840701960971e+05, gap 1755.9503%

User-callback calls 38026, time in user-callback 0.18 sec

================================================================================
PRICING SUBPROBLEM TYPE 2 (SF) - ITERATION 80
================================================================================
Timestamp: 2025-12-03T06:26:29.341
Problem size: 25 scenarios, 25 facilities, 50 customers
================================================================================

Gurobi 12.0.3 (mac64[arm]) logging started Wed Dec  3 06:26:29 2025

Set parameter LogFile to value "/Users/arnav/projects/Candidate-Selection-via-Stochastic-IP/CCG/logs/CG_SF_FL_cap91_K2_S25_pricing_20251203_030342.log"
Set parameter LogToConsole to value 0
Set parameter MIPFocus to value 1
Set parameter WorkLimit to value 300

Gurobi 12.0.3 (mac64[arm]) logging started Wed Dec  3 06:26:29 2025

Set parameter LogFile to value "/Users/arnav/projects/Candidate-Selection-via-Stochastic-IP/CCG/logs/CG_SF_FL_cap91_K2_S25_pricing_20251203_030342.log"
Gurobi Optimizer version 12.0.3 build v12.0.3rc0 (mac64[arm] - Darwin 24.6.0 24G84)

CPU model: Apple M4
Thread count: 10 physical cores, 10 logical processors, using up to 10 threads

Non-default parameters:
WorkLimit  300
MIPFocus  1
LogToConsole  0
PoolSearchMode  2

Optimize a model with 3750 rows, 33175 columns and 69996 nonzeros
Model fingerprint: 0x12ca91c7
Variable types: 32500 continuous, 675 integer (675 binary)
Coefficient statistics:
  Matrix range     [1e+00, 2e+04]
  Objective range  [3e-01, 4e+05]
  Bounds range     [0e+00, 0e+00]
  RHS range        [1e+00, 1e+00]
Found heuristic solution: objective 212242.45125
Presolve removed 629 rows and 16354 columns
Presolve time: 0.03s
Presolved: 3121 rows, 16821 columns, 37292 nonzeros
Variable types: 16146 continuous, 675 integer (675 binary)

Root relaxation: objective -5.133381e+05, 3551 iterations, 0.10 seconds (0.23 work units)

    Nodes    |    Current Node    |     Objective Bounds      |     Work
 Expl Unexpl |  Obj  Depth IntInf | Incumbent    BestBd   Gap | It/Node Time

     0     0 -513338.14    0  569 212242.451 -513338.14   342%     -    0s
H    0     0                    200914.37806 -367395.48   283%     -    0s
H    0     0                    200527.52854 -367395.48   283%     -    0s
H    0     0                    200439.05420 -367395.48   283%     -    0s
H    0     0                    200130.90970 -367395.48   284%     -    0s
     0     0 -367395.48    0  545 200130.910 -367395.48   284%     -    0s
H    0     0                    191690.48613 -367395.48   292%     -    1s
H    0     0                    187444.76095 -367395.48   296%     -    1s
H    0     0                    184428.78976 -367395.48   299%     -    1s
H    0     0                    184420.76120 -367395.48   299%     -    1s
     0     0 -357143.05    0  526 184420.761 -357143.05   294%     -    1s
     0     0 -355253.28    0  528 184420.761 -355253.28   293%     -    1s
     0     0 -355045.72    0  531 184420.761 -355045.72   293%     -    1s
     0     0 -355019.00    0  527 184420.761 -355019.00   293%     -    1s
     0     0 -355017.11    0  527 184420.761 -355017.11   293%     -    1s
H    0     0                    180165.63501 -321795.83   279%     -    1s
     0     0 -321669.25    0  515 180165.635 -321669.25   279%     -    1s
H    0     0                    179440.16492 -321669.25   279%     -    1s
H    0     0                    173782.04885 -321669.25   285%     -    2s
H    0     0                    168501.93908 -321669.25   291%     -    2s
H    0     0                    164764.93546 -321669.25   295%     -    2s
H    0     0                    160771.99146 -321669.25   300%     -    2s
H    0     0                    154138.92949 -321669.25   309%     -    2s
H    0     0                    153779.07092 -321669.25   309%     -    2s
H    0     0                    153185.22381 -321669.25   310%     -    2s
H    0     0                    125979.00270 -313250.28   349%     -    2s
     0     0 -313250.28    0  505 125979.003 -313250.28   349%     -    2s
H    0     0                    79129.581812 -311068.68   493%     -    2s
     0     0 -311068.68    0  506 79129.5818 -311068.68   493%     -    2s
     0     0 -310355.13    0  510 79129.5818 -310355.13   492%     -    2s
     0     0 -309747.65    0  505 79129.5818 -309747.65   491%     -    2s
     0     0 -309679.20    0  506 79129.5818 -309679.20   491%     -    2s
     0     0 -309641.33    0  507 79129.5818 -309641.33   491%     -    2s
     0     0 -309636.32    0  506 79129.5818 -309636.32   491%     -    2s
H    0     0                    50438.707464 -309636.32   714%     -    2s
H    0     0                    47325.291686 -293780.00   721%     -    2s
     0     0 -293780.00    0  477 47325.2917 -293780.00   721%     -    2s
     0     0 -289069.45    0  477 47325.2917 -289069.45   711%     -    3s
     0     0 -287667.61    0  489 47325.2917 -287667.61   708%     -    3s
     0     0 -287002.27    0  495 47325.2917 -287002.27   706%     -    3s
     0     0 -286919.55    0  486 47325.2917 -286919.55   706%     -    3s
     0     0 -286883.06    0  482 47325.2917 -286883.06   706%     -    3s
     0     0 -286867.34    0  479 47325.2917 -286867.34   706%     -    3s
H    0     0                    37324.324283 -286867.34   869%     -    3s
     0     0 -277916.29    0  459 37324.3243 -277916.29   845%     -    4s
H    0     0                    30305.852815 -277916.29  1017%     -    4s
     0     0 -275771.45    0  463 30305.8528 -275771.45  1010%     -    4s
     0     0 -275116.41    0  457 30305.8528 -275116.41  1008%     -    4s
     0     0 -274820.85    0  442 30305.8528 -274820.85  1007%     -    4s
     0     0 -274675.30    0  457 30305.8528 -274675.30  1006%     -    4s
     0     0 -274616.94    0  458 30305.8528 -274616.94  1006%     -    4s
     0     0 -274527.09    0  463 30305.8528 -274527.09  1006%     -    4s
     0     0 -274514.36    0  464 30305.8528 -274514.36  1006%     -    4s
H    0     0                    21928.244431 -274514.36  1352%     -    5s
H    0     0                    21261.953215 -274514.36  1391%     -    5s
     0     0 -269545.49    0  432 21261.9532 -269545.49  1368%     -    5s
H    0     0                    -461.2159247 -269545.49      -     -    5s
H    0     2                    -461.2159248 -269545.49      -     -   15s
     0     2 -269545.49    0  432 -461.21592 -269545.49      -     -   15s
H   25    47                    -461.2159251 -223367.46      -  1685   18s
    57    77 -176930.59    8  350 -461.21593 -223349.00      -  1231   20s
H   90    92                    -652.1993256 -223349.00      -  1161   20s
H  143   153                    -1968.989451 -223349.00      -  1040   22s
H  145   153                    -2851.797054 -223349.00  7732%  1040   22s
   222   238 -98706.656   16  193 -2851.7971 -222715.03  7710%   903   25s
H  326   317                    -4168.587179 -222610.35  5240%   804   27s
   349   356 -157420.55   10  280 -4168.5872 -222610.35  5240%   804   30s
   530   548 -55442.341   18  150 -4168.5872 -222610.35  5240%   746   35s
   747   719 -101519.87   12  371 -4168.5872 -202825.22  4766%   687   40s
   936   879 -131179.48    9  321 -4168.5872 -202825.22  4766%   676   45s
  1083  1043 -119275.56   11  336 -4168.5872 -202825.22  4766%   670   51s
  1283  1168 -150965.04    9  346 -4168.5872 -190840.66  4478%   653   55s
  1455  1292 8320.21727   22  249 -4168.5872 -190840.66  4478%   644   60s
  1731  1480 -160345.26   10  360 -4168.5872 -190840.66  4478%   626   65s
  1815   933 -51410.445   19  432 -4168.5872 -190840.66  4478%   624   75s
  1830   943 -76326.130   16  454 -4168.5872 -190840.66  4478%   619   80s
  1840   950 -54928.929   16  452 -4168.5872 -190840.66  4478%   616   96s
  1855   971 -107247.66   18  385 -4168.5872 -190840.66  4478%   646  100s
  1948  1045 -75708.012   23  305 -4168.5872 -190840.66  4478%   682  105s
  2096  1156 -36146.675   28  228 -4168.5872 -190840.66  4478%   691  110s
  2347  1045 -162869.82   20  428 -4168.5872 -190840.66  4478%   677  115s
  2569  1065 -60287.133   32  327 -4168.5872 -190840.66  4478%   672  120s
  2764  1111 -55053.126   30  366 -4168.5872 -190057.77  4459%   672  125s
  2923  1162 -126523.10   23  376 -4168.5872 -190057.77  4459%   672  130s
  3154  1287 -107428.20   26  366 -4168.5872 -183748.13  4308%   667  135s

Cutting planes:
  Implied bound: 1914
  MIR: 256
  Flow cover: 121
  Zero half: 153
  Relax-and-lift: 59

Explored 3332 nodes (2219956 simplex iterations) in 136.49 seconds (301.49 work units)
Thread count was 10 (of 10 available processors)

Solution count 10: -4168.59 -3117.7 -2851.8 ... 4.94765e-10

Work limit reached
Best objective -4.168587179323e+03, best bound -1.837481273448e+05, gap 4307.9233%

User-callback calls 38409, time in user-callback 0.04 sec

================================================================================
PRICING SUBPROBLEM TYPE 2 (SF) - ITERATION 81
================================================================================
Timestamp: 2025-12-03T06:28:50.094
Problem size: 25 scenarios, 25 facilities, 50 customers
================================================================================

Gurobi 12.0.3 (mac64[arm]) logging started Wed Dec  3 06:28:50 2025

Set parameter LogFile to value "/Users/arnav/projects/Candidate-Selection-via-Stochastic-IP/CCG/logs/CG_SF_FL_cap91_K2_S25_pricing_20251203_030342.log"
Set parameter LogToConsole to value 0
Set parameter MIPFocus to value 1
Set parameter WorkLimit to value 300

Gurobi 12.0.3 (mac64[arm]) logging started Wed Dec  3 06:28:50 2025

Set parameter LogFile to value "/Users/arnav/projects/Candidate-Selection-via-Stochastic-IP/CCG/logs/CG_SF_FL_cap91_K2_S25_pricing_20251203_030342.log"
Gurobi Optimizer version 12.0.3 build v12.0.3rc0 (mac64[arm] - Darwin 24.6.0 24G84)

CPU model: Apple M4
Thread count: 10 physical cores, 10 logical processors, using up to 10 threads

Non-default parameters:
WorkLimit  300
MIPFocus  1
LogToConsole  0
PoolSearchMode  2

Optimize a model with 3750 rows, 33175 columns and 69996 nonzeros
Model fingerprint: 0x6d015c9c
Variable types: 32500 continuous, 675 integer (675 binary)
Coefficient statistics:
  Matrix range     [1e+00, 2e+04]
  Objective range  [3e-01, 4e+05]
  Bounds range     [0e+00, 0e+00]
  RHS range        [1e+00, 1e+00]
Found heuristic solution: objective 211073.83242
Presolve removed 629 rows and 16354 columns
Presolve time: 0.03s
Presolved: 3121 rows, 16821 columns, 37292 nonzeros
Variable types: 16146 continuous, 675 integer (675 binary)

Root relaxation: objective -5.128310e+05, 3589 iterations, 0.09 seconds (0.25 work units)

    Nodes    |    Current Node    |     Objective Bounds      |     Work
 Expl Unexpl |  Obj  Depth IntInf | Incumbent    BestBd   Gap | It/Node Time

     0     0 -512831.02    0  569 211073.832 -512831.02   343%     -    0s
H    0     0                    185269.07793 -512831.02   377%     -    0s
H    0     0                    185172.98570 -512831.02   377%     -    0s
H    0     0                    175362.05462 -367872.66   310%     -    0s
     0     0 -367117.08    0  537 175362.055 -367117.08   309%     -    0s
H    0     0                    102791.74588 -358118.91   448%     -    0s
     0     0 -358118.91    0  532 102791.746 -358118.91   448%     -    0s
     0     0 -356443.06    0  535 102791.746 -356443.06   447%     -    1s
     0     0 -356112.89    0  530 102791.746 -356112.89   446%     -    1s
     0     0 -356060.60    0  531 102791.746 -356060.60   446%     -    1s
     0     0 -356052.85    0  529 102791.746 -356052.85   446%     -    1s
H    0     0                    81513.914290 -321370.56   494%     -    1s
H    0     0                    51179.979886 -321370.56   728%     -    1s
     0     0 -321370.56    0  522 51179.9799 -321370.56   728%     -    1s
     0     0 -312771.48    0  522 51179.9799 -312771.48   711%     -    1s
     0     0 -310485.65    0  515 51179.9799 -310485.65   707%     -    1s
H    0     0                    42356.609779 -309651.17   831%     -    1s
     0     0 -309651.17    0  519 42356.6098 -309651.17   831%     -    1s
     0     0 -309097.97    0  514 42356.6098 -309097.97   830%     -    1s
     0     0 -308985.29    0  517 42356.6098 -308985.29   829%     -    1s
     0     0 -308981.99    0  517 42356.6098 -308981.99   829%     -    1s
     0     0 -295047.68    0  486 42356.6098 -295047.68   797%     -    2s
     0     0 -291151.96    0  480 42356.6098 -291151.96   787%     -    2s
     0     0 -289502.70    0  473 42356.6098 -289502.70   783%     -    2s
     0     0 -289065.99    0  489 42356.6098 -289065.99   782%     -    2s
     0     0 -288678.35    0  489 42356.6098 -288678.35   782%     -    2s
     0     0 -288543.27    0  490 42356.6098 -288543.27   781%     -    2s
     0     0 -288526.09    0  488 42356.6098 -288526.09   781%     -    2s
H    0     0                    25409.117462 -277963.53  1194%     -    3s
H    0     0                    21914.285345 -277963.53  1368%     -    3s
     0     0 -277963.53    0  477 21914.2853 -277963.53  1368%     -    3s
H    0     0                    16845.974368 -275408.67  1735%     -    3s
     0     0 -275408.67    0  480 16845.9744 -275408.67  1735%     -    3s
     0     0 -274780.97    0  468 16845.9744 -274780.97  1731%     -    3s
     0     0 -274577.50    0  455 16845.9744 -274577.50  1730%     -    3s
     0     0 -274463.44    0  449 16845.9744 -274463.44  1729%     -    3s
     0     0 -274429.25    0  449 16845.9744 -274429.25  1729%     -    3s
     0     0 -274403.26    0  447 16845.9744 -274403.26  1729%     -    3s
     0     0 -274397.38    0  451 16845.9744 -274397.38  1729%     -    3s
     0     0 -269329.66    0  438 16845.9744 -269329.66  1699%     -    4s
H    0     0                    15919.541040 -269329.66  1792%     -    5s
H    0     0                    15651.760619 -269329.66  1821%     -   11s
H    0     0                    5071.6247137 -269329.66  5411%     -   11s
H    0     0                    4150.9525680 -269329.66  6588%     -   11s
H    0     0                    3558.1440457 -269329.66  7669%     -   12s
H    0     0                    2594.4278455 -269329.66      -     -   13s
H    0     0                     861.5123768 -269329.66      -     -   13s
H    0     0                     588.3403214 -269329.66      -     -   13s
     0     2 -269329.66    0  438  588.34032 -269329.66      -     -   13s
     3     8 -240540.70    2  405  588.34032 -250082.51      -  1979   15s
H   21    26                      -0.0000000 -235413.61      -  1771   16s
H   30    46                      -0.0021347 -221692.06      -  1834   17s
H   60    77                      -0.0023326 -221692.06      -  1659   19s
H   71    77                      -0.0029584 -221692.06      -  1547   19s
H   84    96                      -0.0029834 -221692.06      -  1482   19s
    95   124 -151931.22   10  335   -0.00298 -221692.06      -  1462   20s
H  191   190                      -0.0034345 -217318.85      -  1063   22s
   318   315 -21186.693   21  155   -0.00343 -213798.18      -   878   25s
H  433   408                      -0.0089446 -213798.18      -   823   27s
   580   523 -164721.37    7  387   -0.00894 -207897.91      -   753   30s
   745   675 -10422.953   21  252   -0.00894 -200798.52      -   730   35s
   966   832 -76187.452   14  380   -0.00894 -196073.51      -   688   40s
  1282  1069 8381.83214   23  190   -0.00894 -191251.21      -   644   45s
  1780  1255 -145755.34   10  363   -0.00894 -184403.09      -   562   50s
  1912   826   -0.00894   24  438   -0.00894 -184403.09      -   564   60s
  1930   838 -182861.33    8  465   -0.00894 -184403.09      -   559   65s
  1937   843 -172072.51    7  464   -0.00894 -184403.09      -   557   78s
  1940   850 -184403.09   16  418   -0.00894 -184403.09      -   574   80s
  1985   896 -88942.782   21  350   -0.00894 -184403.09      -   602   85s
  2130   993 -39179.157   28  258   -0.00894 -184403.09      -   644   90s
  2382  1087 -164704.09   22  394   -0.00894 -184403.09      -   629   95s
  2537  1088 -36387.127   31  305   -0.00894 -184403.09      -   639  100s
  2765  1130 -103842.38   24  354   -0.00894 -184403.09      -   640  105s
  2964  1180 -24916.408   30  273   -0.00894 -184403.09      -   643  110s
  3216  1246 -123811.52   25  366   -0.00894 -184403.09      -   635  116s

Cutting planes:
  Implied bound: 1956
  MIR: 227
  Flow cover: 121
  Zero half: 177
  Relax-and-lift: 48

Explored 3327 nodes (2127707 simplex iterations) in 119.45 seconds (301.30 work units)
Thread count was 10 (of 10 available processors)

Solution count 10: -0.00894463 588.34 861.512 ... 4954.31

Work limit reached
Best objective -8.944626199082e-03, best bound -1.837589395641e+05, gap 2054405925.1838%

User-callback calls 38719, time in user-callback 0.02 sec
Set parameter MIPFocus to value 0
Set parameter WorkLimit to value 1.4097779683744095e+04
Gurobi Optimizer version 12.0.3 build v12.0.3rc0 (mac64[arm] - Darwin 24.6.0 24G84)

CPU model: Apple M4
Thread count: 10 physical cores, 10 logical processors, using up to 10 threads

Non-default parameters:
WorkLimit  1.4097779683744095e+04
LogToConsole  0
PoolSearchMode  2

Optimize a model with 3750 rows, 33175 columns and 69996 nonzeros
Model fingerprint: 0x6d015c9c
Variable types: 32500 continuous, 675 integer (675 binary)
Coefficient statistics:
  Matrix range     [1e+00, 2e+04]
  Objective range  [3e-01, 4e+05]
  Bounds range     [0e+00, 0e+00]
  RHS range        [1e+00, 1e+00]
Presolved: 3121 rows, 16821 columns, 37292 nonzeros

Continuing optimization...

  3327  1285     cutoff   37        -0.00894 -183758.94      -   633  121s
H 3328  1234                    -2792.540725 -183758.94  6480%   633  121s
  3556  1311 -99326.752   26  381 -2792.5407 -181694.15  6406%   635  125s
  3882  1431 -135439.56   23  328 -2792.5407 -180198.65  6353%   636  131s
  4149  1528 -134809.24   24  329 -2792.5407 -180198.65  6353%   635  135s
  4598  1731 -137840.58   23  361 -2792.5407 -180198.65  6353%   621  140s
  4907  1978 -55441.990   30  326 -2792.5407 -169359.70  5965%   623  146s
  5338  2170 -17982.610   34  225 -2792.5407 -165250.56  5818%   605  150s
  5779  2424 -149854.71   23  313 -2792.5407 -163368.73  5750%   601  156s
  6106  2608     cutoff   36      -2792.5407 -163368.73  5750%   598  161s
  6462  2804 -87341.588   26  338 -2792.5407 -158760.13  5585%   595  166s
  6733  3032 -96773.363   25  432 -2792.5407 -157041.92  5524%   600  172s
  6909  3148 -131298.01   24  364 -2792.5407 -157041.92  5524%   600  175s
  7297  3455 -94857.871   26  305 -2792.5407 -156287.66  5497%   600  181s
  7776  3714 -115809.43   24  392 -2792.5407 -153528.02  5398%   595  188s
  8012  3861 -106785.04   23  369 -2792.5407 -152352.71  5356%   594  191s
  8236  4061 -112548.14   25  297 -2792.5407 -151504.94  5325%   593  195s
  8813  4408 -95759.185   29  266 -2792.5407 -150341.63  5284%   589  205s
  9098  4480 -15416.397   34  242 -2792.5407 -149831.16  5265%   587  210s
H 9363  4681                    -2792.540765 -149555.22  5256%   585  214s
  9554  4854 -121138.33   22  390 -2792.5408 -148434.72  5215%   584  219s
  9910  5025 -87727.813   27  348 -2792.5408 -147485.53  5181%   581  224s
 10270  5243     cutoff   35      -2792.5408 -146466.51  5145%   579  230s
 10636  5428 -24668.991   33  285 -2792.5408 -145774.77  5120%   578  235s
 11033  5632 -64719.260   28  323 -2792.5408 -144796.60  5085%   576  241s
 11384  5852 -87564.279   27  342 -2792.5408 -143846.11  5051%   576  246s
 11829  6078 -88886.264   27  364 -2792.5408 -142496.54  5003%   574  252s
 12242  6313 -79189.230   28  316 -2792.5408 -141999.07  4985%   573  259s
 12717  6566 -91928.026   27  277 -2792.5408 -140918.44  4946%   571  266s
 13196  6886 -11494.916   35  238 -2792.5408 -139858.61  4908%   569  274s
 13690  7103 -100426.02   25  332 -2792.5408 -139217.19  4885%   566  281s
 14209  7132 -41108.289   29  352 -2792.5408 -138320.40  4853%   565  289s
 14252  7275 -34353.665   30  353 -2792.5408 -138320.40  4853%   565  297s
 14517  7510 -29471.863   30  333 -2792.5408 -138273.11  4852%   565  304s
 14974  7766 -77889.527   28  309 -2792.5408 -137751.86  4833%   565  312s
 15516  8203 -75729.470   30  218 -2792.5408 -136466.53  4787%   565  320s
 16281  8621 -106720.20   24  359 -2792.5408 -135909.43  4767%   560  332s
 17097  8971 -79194.062   28  272 -2792.5408 -134311.32  4710%   556  341s
 17740  9275 -50436.614   29  300 -2792.5408 -133608.22  4684%   553  349s
 18277  9642 -62020.567   31  266 -2792.5408 -133156.12  4668%   553  357s
 18927  9989 -104197.50   25  292 -2792.5408 -132664.67  4651%   552  366s
 19536 10440     cutoff   36      -2792.5408 -132143.65  4632%   551  375s
 20260 10828 -94046.502   27  269 -2792.5408 -131510.18  4609%   550  383s
 20978 11234 -59689.363   26  311 -2792.5408 -130790.95  4584%   550  393s
 21780 11628 -22717.315   33  253 -2792.5408 -129671.22  4543%   548  402s
 22604 11757     cutoff   36      -2792.5408 -128995.11  4519%   546  417s
 22855 12273 -22609.468   35  168 -2792.5408 -128875.63  4515%   546  430s
 23821 12756     cutoff   35      -2792.5408 -127298.53  4459%   543  443s
 24804 13208 -100877.93   27  305 -2792.5408 -126733.04  4438%   540  458s
 25828 13682     cutoff   35      -2792.5408 -125767.02  4404%   538  474s
 26851 14172 -87752.492   28  245 -2792.5408 -124850.54  4371%   536  488s
 27877 14725 -67502.941   30  273 -2792.5408 -124321.50  4352%   534  501s
 28886 15239 -26851.850   30  331 -2792.5408 -124184.67  4347%   534  514s
H29139 15174                    -4311.936133 -124184.67  2780%   533  514s
 29995 15656 -73908.401   27  338 -4311.9361 -123010.96  2753%   532  526s
 30934 16205 -15454.315   31  239 -4311.9361 -122270.80  2736%   532  538s
H31945 16622                    -6484.446323 -121463.19  1773%   531  551s
H32020 16564                    -6520.179564 -121463.19  1763%   531  551s
 32761 16302 -63759.318   29  283 -6520.1796 -120963.70  1755%   530  641s
 34060 16666 -87556.033   29  324 -6520.1796 -120131.96  1742%   529  656s
 34740 17083 -30309.414   32  233 -6520.1796 -119749.61  1737%   532  674s
 35608 17484 -57363.634   27  402 -6520.1796 -118991.12  1725%   534  694s
 36672 17926     cutoff   38      -6520.1796 -118551.04  1718%   535  714s
 37758 18219 -1131.5578   34  209 -6520.1796 -118145.02  1712%   535  733s
 38608 18596     cutoff   31      -6520.1796 -117501.01  1702%   537  755s
 39816 18966 -55828.178   32  259 -6520.1796 -117134.03  1696%   536  772s
 40773 19394     cutoff   35      -6520.1796 -116585.67  1688%   537  789s
 41912 19777     cutoff   37      -6520.1796 -116354.20  1685%   537  804s
 42812 20187 -22319.596   31  266 -6520.1796 -115810.76  1676%   539  819s
 43904 20594 -64753.503   29  257 -6520.1796 -115462.82  1671%   539  833s
 45004 21020     cutoff   33      -6520.1796 -115124.79  1666%   539  847s
 45918 21535 -75634.760   29  275 -6520.1796 -114603.41  1658%   540  861s
 46884 21956     cutoff   33      -6520.1796 -114305.93  1653%   542  876s
 47820 22356 -16552.140   31  261 -6520.1796 -113986.30  1648%   543  891s
 48665 22816 -75743.955   27  333 -6520.1796 -113559.62  1642%   545  906s
 49677 23190     cutoff   34      -6520.1796 -113167.36  1636%   546  920s
 50651 23657 -21891.326   29  373 -6520.1796 -112775.73  1630%   547  935s
 51615 24148 -40016.173   32  225 -6520.1796 -112533.51  1626%   548  951s
 52654 24580 -88028.898   26  280 -6520.1796 -111815.70  1615%   549  966s
 53605 25068 -49132.447   29  267 -6520.1796 -111168.13  1605%   551  982s
 54544 25578 -79583.385   26  324 -6520.1796 -110661.23  1597%   553  998s
 55540 26084 -44811.293   27  313 -6520.1796 -110044.88  1588%   554 1014s
 56600 26559 -2352.9899   36  211 -6520.1796 -109410.22  1578%   555 1030s
 57639 26971 -37435.816   28  313 -6520.1796 -108737.58  1568%   556 1046s
 58795 27361 -54562.208   28  329 -6520.1796 -108484.23  1564%   556 1062s
 59918 27636 -25069.043   34  212 -6520.1796 -108125.06  1558%   556 1078s
 60504 28100 -54003.736   29  255 -6520.1796 -107933.28  1555%   556 1095s
 61519 28543 -44114.108   31  280 -6520.1796 -107462.12  1548%   557 1112s
 62756 29029 -49912.078   30  256 -6520.1796 -107119.74  1543%   557 1131s
 63797 29511 -14815.883   35  229 -6520.1796 -106657.99  1536%   557 1150s
 64751 29983 -70421.764   27  333 -6520.1796 -106125.64  1528%   558 1170s
 65947 30467 -77241.521   27  284 -6520.1796 -105755.28  1522%   558 1186s
 66896 30945 -54921.399   28  298 -6520.1796 -105363.13  1516%   559 1203s
 67940 31429 -44857.368   29  289 -6520.1796 -104999.64  1510%   560 1223s
 69028 31934 -70225.817   28  313 -6520.1796 -104381.56  1501%   560 1243s
 70063 32386 -60618.275   28  271 -6520.1796 -104116.87  1497%   561 1263s
 71069 32786     cutoff   35      -6520.1796 -103603.30  1489%   561 1285s
 72073 33257 -53548.667   29  305 -6520.1796 -103005.88  1480%   562 1309s
 73048 33710 -93546.510   26  283 -6520.1796 -102575.34  1473%   562 1329s
 74044 34146 -24509.445   32  238 -6520.1796 -102173.10  1467%   563 1346s
 75028 34597 -15371.415   34  196 -6520.1796 -101531.01  1457%   563 1362s
 76048 35085 -54258.099   28  264 -6520.1796 -100990.40  1449%   564 1378s
 76986 35415 -81220.807   27  320 -6520.1796 -100698.36  1444%   565 1394s
 77676 35891 -39141.731   32  256 -6520.1796 -100529.30  1442%   565 1412s
 78765 36400 -58140.253   31  269 -6520.1796 -100014.79  1434%   565 1431s
 79865 36863 -5669.0992   32  233 -6520.1796 -99560.332  1427%   565 1450s
 80954 36587 -10803.910   33  216 -6520.1796 -99234.582  1422%   566 1470s
 82088 36886 -70257.821   29  307 -6520.1796 -98681.806  1413%   565 1488s
 83242 37262 -19880.601   32  223 -6520.1796 -98356.220  1408%   565 1502s
 84192 37667 -43405.259   31  255 -6520.1796 -98037.689  1404%   565 1520s
 85107 38088 -52064.334   29  304 -6520.1796 -97739.620  1399%   565 1541s
 86066 38454 -5306.2197   34  206 -6520.1796 -97450.093  1395%   565 1560s
 87146 38881 -3612.1918   35  181 -6520.1796 -97145.620  1390%   565 1575s
 88148 39261 -525.20859   34  191 -6520.1796 -96918.832  1386%   565 1591s
 89133 39665     cutoff   35      -6520.1796 -96547.005  1381%   565 1608s
 90107 40046 -13555.152   29  362 -6520.1796 -96198.815  1375%   565 1626s
 91023 40438 -73007.035   29  282 -6520.1796 -95902.728  1371%   566 1645s
 92066 40902     cutoff   35      -6520.1796 -95623.843  1367%   566 1664s
 93121 41311 -69072.530   29  288 -6520.1796 -95228.338  1361%   565 1682s
 94135 41453 -34881.465   30  310 -6520.1796 -94866.900  1355%   565 1698s
 95171 41849 -55740.203   31  234 -6520.1796 -94603.545  1351%   565 1716s
 96172 42259 -44957.808   32  269 -6520.1796 -94283.636  1346%   565 1732s
 97140 42635     cutoff   35      -6520.1796 -93981.746  1341%   565 1749s
 98332 42706     cutoff   36      -6520.1796 -93680.308  1337%   564 1769s
 98519 45054 -36238.445   29  358 -6520.1796 -93643.231  1336%   564 1864s
 104589 45431 -34946.519   33  243 -6520.1796 -92147.406  1313%   563 1879s
 105698 45804     cutoff   31      -6520.1796 -91827.134  1308%   563 1893s
 106695 46191 -22668.973   32  286 -6520.1796 -91553.889  1304%   563 1909s
 107654 46580 -40826.149   28  349 -6520.1796 -91339.455  1301%   563 1924s
 108666 46977 -16309.203   33  240 -6520.1796 -91035.269  1296%   563 1940s
 109676 47333 -56803.564   29  328 -6520.1796 -90837.433  1293%   563 1959s
 110859 47720     cutoff   36      -6520.1796 -90603.552  1290%   562 1978s
 111881 48107 -65378.635   29  306 -6520.1796 -90382.327  1286%   562 1992s
 112883 48541 -32745.964   29  300 -6520.1796 -90107.821  1282%   562 2007s
 113918 48910 -72350.380   28  259 -6520.1796 -89839.583  1278%   562 2021s
 114919 49355 -7565.2391   34  333 -6520.1796 -89584.006  1274%   562 2037s
 116012 49028 -22161.072   32  236 -6520.1796 -89262.663  1269%   562 2051s
 117123 49346 -19931.721   32  246 -6520.1796 -88958.342  1264%   561 2067s
 118177 49702 -4935.3143   32  262 -6520.1796 -88854.881  1263%   561 2083s
 119169 50070     cutoff   33      -6520.1796 -88596.218  1259%   560 2100s
 120203 50430 -18648.914   30  304 -6520.1796 -88340.437  1255%   560 2118s
 121147 50806 -41751.751   30  242 -6520.1796 -88155.841  1252%   560 2137s
 122129 51163 -54013.533   27  324 -6520.1796 -87984.589  1249%   560 2153s
 123217 51494 -18757.758   32  245 -6520.1796 -87815.982  1247%   560 2168s
 124276 51833 -5237.5081   34  182 -6520.1796 -87639.666  1244%   559 2186s
 125358 52234 -29398.490   31  233 -6520.1796 -87462.409  1241%   559 2205s
 126506 52587 -54537.627   30  287 -6520.1796 -87225.132  1238%   559 2221s
 127523 52972 -58106.282   29  276 -6520.1796 -87006.821  1234%   558 2239s
 128508 53319 -43264.745   29  293 -6520.1796 -86825.677  1232%   558 2259s
 129621 53691 -12479.508   34  215 -6520.1796 -86644.146  1229%   558 2275s
 130642 53815 -15523.680   33  232 -6520.1796 -86420.203  1225%   557 2290s
 130986 54194 -79457.709   26  346 -6520.1796 -86331.728  1224%   557 2303s
 132037 54606 -58294.466   27  281 -6520.1796 -86147.820  1221%   557 2319s
 133300 54863     cutoff   34      -6520.1796 -85990.044  1219%   557 2331s
 134162 55190 -13595.220   33  201 -6520.1796 -85790.373  1216%   556 2344s
 135277 54431 -27133.982   36  153 -6520.1796 -85522.064  1212%   556 2357s
 136162 54801 -39827.191   32  287 -6520.1796 -85354.427  1209%   556 2372s
 137094 55135     cutoff   36      -6520.1796 -85170.620  1206%   556 2388s
 138112 55446 -38726.175   28  337 -6520.1796 -84991.425  1204%   556 2403s
 139119 55789 -2245.5805   33  235 -6520.1796 -84826.402  1201%   555 2420s
 140153 56142 -2807.0291   33  210 -6520.1796 -84691.218  1199%   555 2435s
 141274 56522 -33457.838   32  262 -6520.1796 -84522.567  1196%   555 2450s
 142252 56890 -57364.201   30  345 -6520.1796 -84305.626  1193%   554 2465s
 143282 57221 -31218.852   32  219 -6520.1796 -84107.573  1190%   554 2481s
 144282 57392 -26222.428   33  238 -6520.1796 -83899.993  1187%   554 2499s
 144835 57761 -30054.764   32  280 -6520.1796 -83798.266  1185%   554 2512s
 145915 58098     cutoff   38      -6520.1796 -83608.553  1182%   553 2527s
 146945 58432     cutoff   31      -6520.1796 -83409.098  1179%   553 2545s
 148022 58854     cutoff   36      -6520.1796 -83243.412  1177%   553 2564s
 149100 59244 -28560.311   30  295 -6520.1796 -83046.038  1174%   553 2579s
 150218 59639 -20711.634   33  198 -6520.1796 -82885.527  1171%   553 2593s
 151371 59875 -38001.434   31  290 -6520.1796 -82758.971  1169%   552 2606s
 152004 60239 -30646.183   34  265 -6520.1796 -82714.689  1169%   552 2624s
 153148 60576 -45260.802   31  227 -6520.1796 -82404.308  1164%   551 2640s
 154400 60920     cutoff   36      -6520.1796 -82242.030  1161%   551 2656s
 155420 61207 -42723.015   33  225 -6520.1796 -82074.938  1159%   551 2673s
 156558 61601     cutoff   36      -6520.1796 -81960.173  1157%   550 2691s
 157533 61957 -5720.0507   32  284 -6520.1796 -81766.145  1154%   550 2705s
 158593 62256 -13345.645   34  239 -6520.1796 -81562.787  1151%   550 2718s
 159594 62621 -29707.326   30  370 -6520.1796 -81394.394  1148%   549 2732s
 160510 62930 -45764.331   27  380 -6520.1796 -81248.226  1146%   550 2748s
 161522 63263 -51353.696   30  331 -6520.1796 -81100.961  1144%   549 2763s
 162573 63642 -42783.925   29  264 -6520.1796 -80896.901  1141%   549 2780s
 163622 63975 -66169.886   28  270 -6520.1796 -80763.483  1139%   549 2796s
 164608 64303 -8206.0257   33  262 -6520.1796 -80615.337  1136%   549 2810s
 165591 63897 -34812.205   30  257 -6520.1796 -80464.268  1134%   548 2829s
 166288 64433 -1668.8948   35  173 -6520.1796 -80425.811  1133%   548 2858s
 168032 64706 -3837.2682   34  238 -6520.1796 -80162.825  1129%   548 2875s
 168782 65107 -8889.2890   34  238 -6520.1796 -80051.218  1128%   547 2891s
 170030 65507 -16073.167   34  215 -6520.1796 -79839.964  1125%   547 2905s
 171295 65882     cutoff   31      -6520.1796 -79684.517  1122%   547 2920s
 172534 66162 -30949.461   30  247 -6520.1796 -79540.382  1120%   546 2935s
 173806 66459 -70184.359   26  323 -6520.1796 -79419.052  1118%   546 2952s
 175000 66844 -7277.5880   35  219 -6520.1796 -79341.008  1117%   545 2969s
 175988 67193 -29033.087   30  246 -6520.1796 -79190.735  1115%   545 2983s
 176977 67571 -61204.588   27  303 -6520.1796 -79053.130  1112%   545 2996s
 178104 67944 -6974.8380   34  203 -6520.1796 -78924.417  1110%   544 3009s
 179142 68215 -38604.405   31  279 -6520.1796 -78737.607  1108%   544 3021s
 180324 68520 -34873.636   33  199 -6520.1796 -78598.819  1105%   544 3033s
 181363 68794     cutoff   36      -6520.1796 -78437.344  1103%   543 3048s
 182543 69199 -51717.095   25  378 -6520.1796 -78322.461  1101%   543 3066s
 183719 69524 -27905.255   32  210 -6520.1796 -78153.224  1099%   542 3083s
 184673 69850 -31382.186   30  327 -6520.1796 -78065.146  1097%   542 3101s
 185771 70117     cutoff   36      -6520.1796 -77942.643  1095%   542 3116s
 186702 70434     cutoff   35      -6520.1796 -77775.002  1093%   542 3128s
 187977 70707     cutoff   35      -6520.1796 -77680.081  1091%   541 3140s
 189028 70978 -15994.216   34  275 -6520.1796 -77521.286  1089%   541 3151s
 190010 71301 -24701.948   30  332 -6520.1796 -77393.750  1087%   541 3162s
 191160 71532     cutoff   34      -6520.1796 -77337.269  1086%   540 3173s
 192290 71830 -51521.649   28  332 -6520.1796 -77220.696  1084%   540 3185s
 193223 72103     cutoff   33      -6520.1796 -77104.578  1083%   540 3196s
 194210 72423 -54467.638   30  249 -6520.1796 -76939.854  1080%   539 3208s
 195176 72739 -24973.101   30  309 -6520.1796 -76814.120  1078%   539 3219s
 196205 72980 -47256.471   30  281 -6520.1796 -76684.392  1076%   539 3230s
 197312 73262 -23227.060   31  270 -6520.1796 -76617.654  1075%   539 3241s
 198359 73383 -3588.3463   33  278 -6520.1796 -76501.569  1073%   538 3253s
 198799 73762 -62208.642   29  306 -6520.1796 -76457.786  1073%   538 3266s
 199988 74074 -29011.168   34  141 -6520.1796 -76299.719  1070%   538 3278s
 200989 74320 -57770.511   30  272 -6520.1796 -76183.861  1068%   538 3289s
 201913 74629 -11005.950   29  273 -6520.1796 -76047.736  1066%   538 3301s
 203113 74924 -58497.021   30  311 -6520.1796 -75964.727  1065%   537 3313s
 204142 75178 -6090.7749   35  241 -6520.1796 -75816.871  1063%   537 3325s
 205184 75461 -40490.292   31  274 -6520.1796 -75710.889  1061%   536 3338s
 206200 75753 -28967.032   31  273 -6520.1796 -75638.733  1060%   536 3349s
 207160 76081 -14423.173   30  304 -6520.1796 -75517.217  1058%   536 3360s
 208187 76214 -43466.767   28  289 -6520.1796 -75439.399  1057%   536 3372s
 208656 76546 -3832.0742   34  249 -6520.1796 -75391.977  1056%   536 3385s
 209694 76889 -31055.403   33  161 -6520.1796 -75247.555  1054%   536 3397s
 210826 77175     cutoff   32      -6520.1796 -75156.485  1053%   535 3409s
 211785 77518     cutoff   35      -6520.1796 -75057.163  1051%   535 3421s
 212988 77804 -17747.596   34  225 -6520.1796 -74945.781  1049%   535 3432s
 214074 78083 -9208.3382   32  261 -6520.1796 -74850.889  1048%   534 3444s
 215104 78484 -12258.577   33  213 -6520.1796 -74723.622  1046%   534 3457s
 216406 78759 -39668.702   31  232 -6520.1796 -74621.311  1044%   534 3468s
 217394 79046     cutoff   35      -6520.1796 -74519.904  1043%   533 3478s
 218334 79366 -24204.832   33  218 -6520.1796 -74418.846  1041%   533 3489s
 219287 79661 -34685.763   31  257 -6520.1796 -74327.759  1040%   533 3500s
 220290 79944     cutoff   33      -6520.1796 -74240.406  1039%   533 3511s
 221303 80257 -4158.1822   35  193 -6520.1796 -74111.048  1037%   533 3522s
 222274 80559 -37604.320   31  330 -6520.1796 -73999.140  1035%   532 3533s
 223279 80814     cutoff   35      -6520.1796 -73891.005  1033%   532 3544s
 224340 81115     cutoff   32      -6520.1796 -73802.073  1032%   532 3554s
 225359 81364 -42730.857   31  270 -6520.1796 -73699.506  1030%   532 3566s
 226506 81602     cutoff   34      -6520.1796 -73638.342  1029%   531 3577s
 227489 81860 -38118.912   31  316 -6520.1796 -73541.206  1028%   531 3588s
 228469 82130 -36845.333   30  332 -6520.1796 -73415.223  1026%   531 3599s
 229449 82251     cutoff   35      -6520.1796 -73329.557  1025%   531 3612s
 229864 82516     cutoff   35      -6520.1796 -73303.885  1024%   531 3625s
 231002 82588 -56592.299   31  275 -6520.1796 -73222.785  1023%   530 3637s
 231243 82976 -19548.826   35  210 -6520.1796 -73211.799  1023%   530 3650s
 232479 83285 -42905.489   27  354 -6520.1796 -73075.868  1021%   530 3661s
 233475 83565     cutoff   35      -6520.1796 -73000.168  1020%   530 3674s
 234394 83895 -9099.5984   35  183 -6520.1796 -72911.294  1018%   530 3687s
 235448 84173     cutoff   34      -6520.1796 -72812.261  1017%   529 3701s
 236470 84484 -10197.061   32  266 -6520.1796 -72710.011  1015%   529 3712s
 237436 84776 -21141.306   30  308 -6520.1796 -72623.002  1014%   529 3723s
 238392 85113 -11624.315   33  308 -6520.1796 -72518.763  1012%   529 3737s
 239477 85360 -9417.2765   34  216 -6520.1796 -72420.664  1011%   529 3750s
 240576 85681 -57663.766   31  231 -6520.1796 -72355.843  1010%   528 3762s
 241600 85946     cutoff   32      -6520.1796 -72242.254  1008%   528 3775s
 242778 86136 -39116.346   32  299 -6520.1796 -72194.789  1007%   528 3786s
 243526 86394 -25551.243   33  223 -6520.1796 -72142.383  1006%   528 3798s
 244603 86719 -58532.658   31  275 -6520.1796 -72042.054  1005%   527 3810s
 245660 86993 -4139.5851   35  218 -6520.1796 -71947.369  1003%   527 3821s
 246761 87305     cutoff   33      -6520.1796 -71857.946  1002%   527 3832s
 247789 87643 -46573.924   31  258 -6520.1796 -71749.831  1000%   527 3845s
 249075 87900     cutoff   34      -6520.1796 -71638.897   999%   526 3856s
 250030 88133     cutoff   36      -6520.1796 -71536.506   997%   526 3867s
 251155 88372     cutoff   33      -6520.1796 -71453.216   996%   526 3878s
 252018 88691     cutoff   34      -6520.1796 -71341.514   994%   526 3889s
 253135 88958 -22774.639   33  323 -6520.1796 -71262.914   993%   525 3899s
 254170 89243 -37291.960   30  264 -6520.1796 -71173.073   992%   525 3910s
 255157 89509 -35568.958   29  325 -6520.1796 -71079.818   990%   525 3921s
 256044 89803 -12744.726   32  257 -6520.1796 -71007.051   989%   525 3934s
 257068 90059 -24641.738   34  274 -6520.1796 -70919.890   988%   525 3946s
 258157 90356     cutoff   36      -6520.1796 -70837.158   986%   524 3956s
 259105 90520 -25906.439   32  246 -6520.1796 -70755.923   985%   524 3968s
 259594 90836 -34886.518   32  233 -6520.1796 -70755.396   985%   524 3980s
 260678 91142     cutoff   35      -6520.1796 -70627.913   983%   524 3991s
 261805 91425 -26143.112   31  330 -6520.1796 -70523.568   982%   523 4003s
 262851 91688 -23739.137   33  250 -6520.1796 -70432.166   980%   523 4015s
 264036 91990     cutoff   35      -6520.1796 -70356.494   979%   523 4028s
 265302 92271 -37189.075   30  246 -6520.1796 -70252.261   977%   522 4041s
 266311 92569     cutoff   33      -6520.1796 -70169.935   976%   522 4054s
 267260 92891 -4495.0581   34  191 -6520.1796 -70094.230   975%   522 4068s
 268308 93112 -23659.109   30  243 -6520.1796 -70001.176   974%   522 4081s
 269397 93465 -37564.363   31  281 -6520.1796 -69927.047   972%   522 4094s
 270368 93727     cutoff   34      -6520.1796 -69853.145   971%   521 4106s
 271333 93979 -47558.932   31  287 -6520.1796 -69758.703   970%   521 4117s
 272425 94241 -31250.132   32  293 -6520.1796 -69708.924   969%   521 4129s
 273444 94523 -28259.765   32  237 -6520.1796 -69594.336   967%   521 4141s
 274457 93212 -46662.411   30  288 -6520.1796 -69544.838   967%   521 4152s
 275476 93447 -29496.737   34  243 -6520.1796 -69484.766   966%   520 4164s
 276474 93683 -37746.403   30  295 -6520.1796 -69393.590   964%   520 4175s
 277376 92515 -27531.094   32  315 -6520.1796 -69295.468   963%   520 4186s
 278360 92761     cutoff   35      -6520.1796 -69213.455   962%   520 4198s
 279414 93009     cutoff   34      -6520.1796 -69128.007   960%   520 4210s
 280370 93296 -16855.560   33  258 -6520.1796 -69025.024   959%   520 4226s
 281522 93528 -33500.850   33  241 -6520.1796 -68953.033   958%   519 4242s
 282691 93826 -54580.424   30  222 -6520.1796 -68835.742   956%   519 4255s
 283679 94053 -51185.489   30  307 -6520.1796 -68757.830   955%   519 4269s
 284715 94322 -39150.179   29  300 -6520.1796 -68668.704   953%   519 4283s
 285729 94534 -45617.814   30  335 -6520.1796 -68595.554   952%   519 4295s
 286813 94629 -36439.129   30  257 -6520.1796 -68509.515   951%   518 4307s
 287222 94759 -13604.539   31  271 -6520.1796 -68491.018   950%   518 4320s
 287869 95055     cutoff   34      -6520.1796 -68458.210   950%   518 4331s
 288940 95308 -35603.222   32  290 -6520.1796 -68337.035   948%   518 4342s
 290160 95551     cutoff   34      -6520.1796 -68268.305   947%   518 4353s
 291441 95781     cutoff   36      -6520.1796 -68213.803   946%   517 4365s
 292606 96037 -19155.396   32  262 -6520.1796 -68143.230   945%   517 4376s
 293801 96282     cutoff   35      -6520.1796 -68065.939   944%   516 4387s
 294923 96511 -30414.878   31  219 -6520.1796 -67985.172   943%   516 4397s
 296025 96734 -45933.231   32  220 -6520.1796 -67921.005   942%   516 4409s
 297034 96983 -3637.9651   36  229 -6520.1796 -67858.624   941%   516 4424s
 298253 97236 -35927.735   31  237 -6520.1796 -67773.738   939%   515 4438s
 299456 97460 -44311.736   26  385 -6520.1796 -67740.326   939%   515 4450s
 300353 97732 -4962.2028   34  269 -6520.1796 -67650.395   938%   515 4463s
 301370 97985     cutoff   36      -6520.1796 -67565.848   936%   515 4474s
 302384 98259 -19024.101   28  363 -6520.1796 -67516.500   936%   514 4485s
 303367 98533 -19888.176   33  235 -6520.1796 -67427.965   934%   514 4495s
 304331 98776 -53790.677   28  304 -6520.1796 -67342.198   933%   514 4506s
 305394 99010     cutoff   36      -6520.1796 -67283.043   932%   514 4518s
 306504 99242 -6308.7020   36  193 -6520.1796 -67214.177   931%   514 4528s
 307460 99517 -28471.575   29  317 -6520.1796 -67147.169   930%   513 4539s
 308563 99751 -56617.627   32  222 -6520.1796 -67097.439   929%   513 4551s
 309518 99987 -30707.573   33  237 -6520.1796 -67019.705   928%   513 4561s
 310445 100246 -40509.322   33  195 -6520.1796 -66938.965   927%   513 4571s
 311515 100544 -6529.1827   33  286 -6520.1796 -66890.005   926%   513 4582s
 312486 100806 -16473.922   33  215 -6520.1796 -66821.461   925%   513 4592s
 313447 101083 -11338.866   33  227 -6520.1796 -66750.276   924%   512 4605s
 314706 101182 -49404.745   32  198 -6520.1796 -66654.470   922%   512 4616s
 315049 101416     cutoff   35      -6520.1796 -66654.470   922%   512 4629s
 316390 101693 -13839.980   31  335 -6520.1796 -66560.829   921%   512 4641s
 317510 101769     cutoff   33      -6520.1796 -66464.059   919%   512 4653s
 317815 102067 -2866.3831   35  172 -6520.1796 -66464.059   919%   512 4666s
 319052 102279     cutoff   33      -6520.1796 -66365.698   918%   511 4677s
 320099 102544     cutoff   34      -6520.1796 -66271.224   916%   511 4689s
 321298 102818     cutoff   32      -6520.1796 -66177.979   915%   511 4701s
 322376 103076     cutoff   35      -6520.1796 -66079.628   913%   511 4712s
 323483 103275 -18191.374   30  312 -6520.1796 -66002.168   912%   511 4724s
 324680 103501     cutoff   31      -6520.1796 -65926.389   911%   510 4734s
 325661 103705 -44801.973   28  302 -6520.1796 -65881.151   910%   510 4745s
 326699 103954 -37919.103   30  351 -6520.1796 -65805.669   909%   510 4756s
 327770 104251 -8559.0549   32  249 -6520.1796 -65746.163   908%   510 4768s
 328841 104498     cutoff   33      -6520.1796 -65673.977   907%   510 4780s
 329925 104750 -52534.768   32  204 -6520.1796 -65600.994   906%   510 4793s
 331181 104970 -36616.698   30  268 -6520.1796 -65526.747   905%   509 4806s
 332160 105187 -11946.964   33  227 -6520.1796 -65456.000   904%   509 4817s
 333240 105431 -23313.381   30  286 -6520.1796 -65387.953   903%   509 4828s
 334266 105669     cutoff   37      -6520.1796 -65326.688   902%   509 4839s
 335387 105869 -10686.965   33  246 -6520.1796 -65275.665   901%   509 4851s
 336495 106068 -26748.817   28  337 -6520.1796 -65228.859   900%   508 4862s
 337509 106319     cutoff   35      -6520.1796 -65164.466   899%   508 4873s
 338503 106493 -2281.1367   36  182 -6520.1796 -65102.808   898%   508 4885s
 339590 106652 -22174.768   31  241 -6520.1796 -65037.557   897%   508 4896s
 340629 106892 -39079.653   33  230 -6520.1796 -64986.297   897%   507 4908s
 341586 107082 -26283.445   30  309 -6520.1796 -64901.212   895%   507 4918s
 342611 107310     cutoff   33      -6520.1796 -64841.427   894%   507 4927s
 343601 107474 -43485.298   31  310 -6520.1796 -64781.225   894%   507 4937s
 344567 107680     cutoff   34      -6520.1796 -64741.245   893%   507 4947s
 345561 107922     cutoff   36      -6520.1796 -64665.871   892%   507 4956s
 346537 108242 -16985.061   35  192 -6520.1796 -64597.678   891%   507 4968s
 347804 108423 -11432.904   36  149 -6520.1796 -64511.436   889%   506 4978s
 348964 108653 -41673.287   33  204 -6520.1796 -64468.953   889%   506 4987s
 349873 108894 -25601.772   28  324 -6520.1796 -64413.854   888%   506 4996s
 350812 109075 -33171.673   32  196 -6520.1796 -64341.317   887%   506 5005s
 351899 109278     cutoff   34      -6520.1796 -64286.075   886%   506 5015s
 352939 109375     cutoff   31      -6520.1796 -64228.639   885%   505 5025s
 353447 109591 -45652.797   31  289 -6520.1796 -64228.639   885%   505 5035s
 354515 109822 -5189.7952   32  229 -6520.1796 -64119.535   883%   505 5047s
 355645 110013 -10423.420   33  225 -6520.1796 -64043.932   882%   505 5058s
 356743 110273     cutoff   37      -6520.1796 -63977.901   881%   505 5069s
 357773 110499 -2750.9487   34  188 -6520.1796 -63926.380   880%   504 5080s
 358789 110694     cutoff   33      -6520.1796 -63860.202   879%   504 5091s
 359820 110888 -41805.857   32  300 -6520.1796 -63797.183   878%   504 5102s
 360769 111086 -48132.733   31  342 -6520.1796 -63722.127   877%   504 5113s
 361906 111264     cutoff   34      -6520.1796 -63656.901   876%   504 5124s
 362915 111548     cutoff   34      -6520.1796 -63605.654   876%   504 5138s
 364256 111767 -19653.644   31  274 -6520.1796 -63526.262   874%   503 5149s
 365127 111965 -27909.943   31  260 -6520.1796 -63472.088   873%   503 5160s
 365995 112223     cutoff   31      -6520.1796 -63426.452   873%   503 5174s
 367161 112423     cutoff   36      -6520.1796 -63358.652   872%   503 5439s
 368237 112637 -31293.933   31  332 -6520.1796 -63301.356   871%   503 5448s
 369221 112852     cutoff   31      -6520.1796 -63231.562   870%   503 5458s
 370298 113048 -2851.7923   35  166 -6520.1796 -63153.105   869%   502 5467s
 371419 113281 -42219.504   29  321 -6520.1796 -63115.052   868%   502 5476s
 372422 113480 -8453.1647   35  199 -6520.1796 -63052.013   867%   502 5485s
 373431 113699 -38102.295   31  216 -6520.1796 -62987.634   866%   502 5495s
 374423 113764 -39653.998   32  262 -6520.1796 -62937.309   865%   502 5504s
 374683 114027 -5336.2241   33  196 -6520.1796 -62922.966   865%   502 5515s
 375786 114236     cutoff   35      -6520.1796 -62845.584   864%   501 5524s
 376875 114469 -45630.505   33  211 -6520.1796 -62772.822   863%   501 5534s
 377947 114522     cutoff   36      -6520.1796 -62734.499   862%   501 5544s
 378357 114770     cutoff   33      -6520.1796 -62734.499   862%   501 5552s
 379415 115035 -26322.400   30  288 -6520.1796 -62653.054   861%   501 5562s
 380811 115257 -13624.505   33  225 -6520.1796 -62580.372   860%   500 5570s
 381721 115485 -18367.531   32  300 -6520.1796 -62514.812   859%   500 5578s
 382734 115676     cutoff   33      -6520.1796 -62458.829   858%   500 5587s
 383666 115925 -31512.467   30  305 -6520.1796 -62405.155   857%   500 5595s
 384642 116136 -16571.922   33  194 -6520.1796 -62343.570   856%   500 5604s
 385568 116384 -18462.387   34  213 -6520.1796 -62315.295   856%   500 5613s
 386576 116595 -35792.948   29  351 -6520.1796 -62237.045   855%   500 5625s
 387694 116795 -5796.9776   33  261 -6520.1796 -62167.011   853%   499 5637s
 388698 116999 -39195.815   30  241 -6520.1796 -62125.050   853%   499 5652s
 389631 117160 -7486.9962   34  240 -6520.1796 -62053.460   852%   499 5663s
 390623 117400 -5774.6155   30  262 -6520.1796 -62010.166   851%   499 5675s
 391644 117617 -2145.1885   32  291 -6520.1796 -61951.368   850%   499 5686s
 392635 117818 -40431.263   30  228 -6520.1796 -61902.231   849%   499 5699s
 393451 118012 -5742.6641   39  104 -6520.1796 -61841.177   848%   499 5710s
 394444 118236 -25498.571   30  325 -6520.1796 -61778.527   847%   499 5721s
 395492 118453     cutoff   36      -6520.1796 -61713.059   846%   498 5733s
 396567 118731     cutoff   35      -6520.1796 -61660.040   846%   498 5747s
 397856 118920 -12707.376   32  245 -6520.1796 -61587.086   845%   498 5759s
 398789 119126 -20478.897   29  324 -6520.1796 -61524.132   844%   498 5772s
 399849 119315     cutoff   33      -6520.1796 -61464.761   843%   498 5787s
 400834 119532 -30250.355   33  231 -6520.1796 -61408.252   842%   498 5800s
 401884 119755 -28876.623   31  246 -6520.1796 -61359.692   841%   497 5812s
 402940 119968 -7904.4936   34  191 -6520.1796 -61301.531   840%   497 5824s
 404044 120161 -31183.378   32  247 -6520.1796 -61236.938   839%   497 5836s
 405064 120355 -24212.530   32  265 -6520.1796 -61177.609   838%   497 5847s
 406129 120540     cutoff   35      -6520.1796 -61131.366   838%   497 5859s
 407174 120741 -45977.092   31  232 -6520.1796 -61065.457   837%   497 5871s
 408199 120955 -14498.406   34  230 -6520.1796 -61015.531   836%   496 5883s
 409184 121149 -12928.601   34  181 -6520.1796 -60955.551   835%   496 5892s
 410234 121354     cutoff   37      -6520.1796 -60922.216   834%   496 5902s
 411305 121530 -16480.366   31  308 -6520.1796 -60859.036   833%   496 5912s
 412345 121727 -7958.0532   35  188 -6520.1796 -60797.474   832%   496 5922s
 413326 122007 -36672.654   30  291 -6520.1796 -60738.003   832%   496 5935s
 414636 122107 -14488.843   35  216 -6520.1796 -60664.953   830%   495 5945s
 415164 122349     cutoff   34      -6520.1796 -60654.331   830%   495 5957s
 416377 122554     cutoff   35      -6520.1796 -60574.587   829%   495 5968s
 417482 122749 -34661.179   30  332 -6520.1796 -60499.055   828%   495 5979s
 418532 122968     cutoff   35      -6520.1796 -60438.660   827%   495 5990s
 419505 123187     cutoff   33      -6520.1796 -60374.024   826%   495 6001s
 420548 123390 -33520.717   30  340 -6520.1796 -60320.097   825%   495 6012s
 421676 123531     cutoff   35      -6520.1796 -60275.441   824%   495 6024s
 422319 123766     cutoff   35      -6520.1796 -60244.826   824%   495 6035s
 423301 123976     cutoff   33      -6520.1796 -60191.161   823%   494 6046s
 424463 124171 -15214.637   36  202 -6520.1796 -60125.228   822%   494 6057s
 425544 124407 -42891.339   29  343 -6520.1796 -60063.622   821%   494 6068s
 426579 124609 -14270.344   35  129 -6520.1796 -60019.910   821%   494 6080s
 427689 124763 -20678.027   34  217 -6520.1796 -59955.205   820%   494 6092s
 428771 124973     cutoff   34      -6520.1796 -59912.583   819%   494 6105s
 429791 125221 -11620.763   36  201 -6520.1796 -59859.963   818%   493 6119s
 431170 125448     cutoff   34      -6520.1796 -59807.581   817%   493 6130s
 432109 125666     cutoff   36      -6520.1796 -59759.087   817%   493 6140s
 433069 125846     cutoff   34      -6520.1796 -59711.530   816%   493 6150s
 434062 126002 -47099.360   30  240 -6520.1796 -59656.846   815%   493 6160s
 435116 126146     cutoff   33      -6520.1796 -59614.317   814%   493 6172s
 436136 126357     cutoff   34      -6520.1796 -59567.714   814%   493 6183s
