70 150
17934 7690
21569 8235
18197 7730
18217 7733
25550 8832
23075 8461
15454 7318
12871 6931
10606 6591
20264 8040
15613 7342
25734 8860
22780 8417
17763 7664
23356 8503
30874 9631
19449 7917
13653 7048
22578 8387
19429 7914
13209 6981
12897 6935
29548 9432
39473 10921
31483 9722
24298 8645
26199 8930
21780 8267
27849 9177
24408 8661
21054 8158
27986 9198
35586 10338
25430 8814
17815 7672
17528 7629
24160 8624
19587 7938
15832 7375
15365 7305
21519 8228
22031 8305
30993 9649
19033 7855
19000 7850
15661 7349
15265 7290
18875 7831
14824 0
12596 6889
16607 7491
24202 8630
17325 7599
26954 9043
22084 8313
22398 8360
11891 6784
15234 7285
16134 7420
20144 8022
28885 9333
29578 0
17527 7629
11725 6759
18798 7820
18220 7733
19759 7964
20639 8096
14971 7246
26720 9008
684
2.9156618e6 576500.67 575237.54 1.47832946e6 3.53112593e6 1.93334487e6 1.93865557e6 
2.6427477e6 1.47442053e6 1.51163705e6 3.16731019e6 2.0513853e6 266084.39 1.92294718e6 
2.42259544e6 1.38790399e6 2.32404381e6 2.46633091e6 2.69694444e6 1.12291771e6 1.04037026e6 
928389.79 1.0869483e6 3.24405762e6 2.69377103e6 2.58690188e6 3.14769338e6 528013.23 
2.20473241e6 1.77841951e6 1.90280813e6 1.79343431e6 787980.12 770258.75 3.5982236e6 
2.57832448e6 972389.61 2.06649767e6 2.84603007e6 2.2183056e6 2.15688129e6 1.23403956e6 
426931.69 2.21191122e6 2.3875126e6 3.02064745e6 1.60897738e6 3.8040686e6 4.04370561e6 
2.74496864e6 384740.66 2.66374908e6 2.66734283e6 3.17314243e6 2.38034103e6 2.21443764e6 
1.58436782e6 2.14417595e6 1.19598786e6 1.53651988e6 2.21926761e6 316098.37 1.4368107e6 
2.4711621e6 2.17329211e6 1.83784673e6 662107.46 2.53192146e6 563048.69 276864.08 
995
2.85878429e6 2.58680632e6 1.56391148e6 1.18676559e6 3.07184498e6 3.30949346e6 3.26603513e6 
2.40532499e6 1.45398281e6 2.11844444e6 3.78925098e6 1.48818423e6 3.00739279e6 2.11255814e6 
2.25186874e6 2.69528785e6 1.30898891e6 818288.44 4.49760823e6 1.24865444e6 1.07121498e6 
1.59073418e6 2.15393619e6 5.43456178e6 2.84407068e6 3.16960064e6 1.72292188e6 2.44041245e6 
4.26561473e6 2.07559917e6 2.31066677e6 350288.52 1.8773869e6 2.30598425e6 3.00671637e6 
1.22888986e6 2.58404863e6 1.26905334e6 1.15888971e6 1.38641152e6 1.82348647e6 3.31388701e6 
3.71663213e6 1.60241774e6 1.95544917e6 4.26833332e6 479779.21 2.41009769e6 3.52692269e6 
999748.89 3.12319893e6 3.08175916e6 2.99466033e6 2.66677112e6 1.60197025e6 2.3913949e6 
2.02305779e6 1.12097799e6 1.73939856e6 2.95314035e6 2.08017154e6 2.42886246e6 846961.91 
3.48686383e6 615336.53 1.61747636e6 1.68001274e6 1.8855214e6 3.4584201e6 2.99952927e6 
5836
1.436456027e7 1.386025284e7 8.81009984e6 7.81880723e6 1.835469601e7 1.761647587e7 1.540619381e7 
1.81852671e7 1.112101984e7 8.62356107e6 2.353325974e7 1.200565863e7 1.73958493e7 1.052238243e7 
1.313010316e7 2.011245327e7 5.41278162e6 5.70612531e6 2.780882621e7 7.3535702e6 8.74124877e6 
9.51683949e6 1.322676889e7 3.177843488e7 2.224566281e7 2.487300989e7 1.715204018e7 1.189296559e7 
2.631703572e7 1.323642596e7 2.20880416e7 3.67138858e6 8.78435396e6 1.397006975e7 1.961129706e7 
9.21760852e6 1.329177113e7 6.4792617e6 6.77908201e6 4.91896407e6 1.344330256e7 1.976621911e7 
1.668468312e7 7.26060455e6 8.61565901e6 2.162959523e7 4.71578665e6 1.582605914e7 1.944544737e7 
5.35451939e6 2.057378844e7 2.181195245e7 2.251642884e7 1.412316094e7 1.074661612e7 1.407659598e7 
1.315704825e7 6.7204196e6 7.97696562e6 1.541442355e7 1.729556139e7 1.625731532e7 4.45711537e6 
2.572440926e7 4.58345062e6 6.22618077e6 1.261363855e7 1.029048079e7 1.943011606e7 1.495569297e7 
1158
4.15332435e6 464133.19 385577.24 2.04223815e6 3.81016283e6 2.71658471e6 3.51017502e6 
3.20074025e6 1.39810128e6 2.33418323e6 4.9867665e6 2.96219066e6 1.11512289e6 3.39015341e6 
3.81224107e6 1.41501869e6 4.39869924e6 3.03083682e6 4.5188491e6 1.10222086e6 974737.89 
1.07886113e6 1.09031282e6 4.3120051e6 3.44011515e6 3.81156765e6 3.52803617e6 634198.39 
2.91361072e6 2.29384034e6 3.43797584e6 1.92985594e6 722398.77 1.57425356e6 4.66990572e6 
3.55831402e6 1.12857837e6 3.50635048e6 3.74803609e6 3.4092412e6 3.23440624e6 1.95680513e6 
1.26192195e6 3.70994218e6 3.01992161e6 4.23905287e6 1.78567971e6 5.70150727e6 5.82473325e6 
2.85033312e6 1.06778169e6 4.05600761e6 3.12403881e6 3.79217981e6 3.15868593e6 3.12481733e6 
1.68856328e6 2.82871761e6 1.91208724e6 2.81559545e6 2.8077785e6 560142.99 2.145472e6 
3.44386571e6 3.11468189e6 2.34020929e6 324230.81 3.58680086e6 1.79707473e6 1.05082692e6 
2278
548980.3 7.68537141e6 7.76154562e6 5.43111613e6 737492.96 5.4732566e6 2.85871025e6 
3.90048288e6 6.24270801e6 8.89815533e6 4.30535958e6 3.05169612e6 1.088125754e7 8.70269635e6 
2.08965597e6 6.29340415e6 6.59894151e6 4.97860856e6 6.05758034e6 7.62132896e6 6.70505896e6 
5.87753135e6 8.08431197e6 7.75983942e6 3.41633083e6 7.83820622e6 2.54462847e6 8.42271867e6 
7.23023463e6 3.71939671e6 3.11515898e6 5.04202241e6 7.54641076e6 1.070707839e7 2.17011226e6 
5.45847398e6 6.5878156e6 9.80913573e6 6.84734369e6 7.19015746e6 2.97411115e6 7.45558177e6 
1.05629125e7 9.3905104e6 1.13634803e7 6.619027e6 6.31756371e6 2.071037e6 1.77891512e6 
5.62085726e6 1.215089897e7 5.45957931e6 5.64049436e6 2.94568939e6 3.71247004e6 1.90824072e6 
5.38054349e6 5.38582864e6 1.146304657e7 4.29949891e6 2.44412769e6 7.62372892e6 7.32905166e6 
3.15208386e6 6.11286021e6 7.79073293e6 9.18639737e6 2.23798722e6 1.257922634e7 1.010697471e7 
636
2.67161802e6 1.98805641e6 1.76419572e6 1.74540617e6 3.01608067e6 3.6092907e6 3.37507861e6 
2.74940233e6 2.22798716e6 763141.62 2.8547713e6 2.12535551e6 2.20967855e6 414372.91 
2.37343945e6 3.34137274e6 1.2562706e6 1.68818604e6 3.66680181e6 2.15941096e6 2.05035217e6 
1.82553425e6 2.61949325e6 3.4342333e6 3.73844239e6 4.47044343e6 3.1136105e6 2.13675584e6 
2.91188824e6 2.29757071e6 2.61144833e6 1.43815438e6 2.10880872e6 1.79399624e6 2.49930665e6 
2.09960403e6 2.70696598e6 406508.83 1.45314581e6 730079.78 2.08760619e6 3.04000422e6 
2.69261867e6 766540.0 216291.24 4.04163545e6 1.61441608e6 3.07759531e6 2.74348243e6 
1.50623083e6 2.09065571e6 3.34067549e6 3.02589884e6 2.4619986e6 2.51564377e6 2.27892432e6 
3.11171835e6 1.69735748e6 1.07807618e6 2.84019145e6 2.80499357e6 2.20026908e6 1.21362767e6 
3.56951336e6 1.3540974e6 759845.89 2.14372305e6 2.47978748e6 3.00221402e6 2.47056428e6 
785
1.27717536e6 2.70546235e6 2.78151851e6 1.46656981e6 839677.37 2.97377351e6 2.30688099e6 
2.02997734e6 1.87480755e6 3.12088606e6 945580.75 778217.77 3.4071291e6 2.9140535e6 
1.10015076e6 2.68472081e6 1.36021448e6 683408.11 3.30549876e6 2.36734e6 2.33472476e6 
2.70799238e6 2.22022415e6 3.88870905e6 2.5674984e6 2.73313526e6 503559.81 2.93474549e6 
2.90543836e6 2.21044168e6 1.99381989e6 1.31731374e6 1.99539796e6 4.05099653e6 962786.77 
633358.25 2.88158034e6 2.51685245e6 1.67895514e6 1.90497778e6 717748.36 2.61360821e6 
3.63310361e6 2.14205393e6 2.43218137e6 2.57037596e6 1.7690453e6 739047.7 1.11188049e6 
1.22825996e6 3.94428656e6 3.26905716e6 2.21447683e6 410876.78 1.56013833e6 964463.45 
2.32014333e6 850891.85 2.68981166e6 2.32502925e6 1.70733687e6 3.3832384e6 2.11377123e6 
2.65084719e6 879751.02 2.13179478e6 2.38385296e6 577498.33 3.64090998e6 4.1451565e6 
3849
1.814499512e7 1.241150019e7 8.42229243e6 1.017816439e7 1.786256828e7 1.924598855e7 1.927025772e7 
1.645714093e7 1.302365053e7 1.83605254e6 2.035558582e7 1.286797357e7 9.02215346e6 783523.38 
1.429112394e7 1.382976693e7 6.03711254e6 7.75172406e6 2.126679012e7 6.8501133e6 7.70746885e6 
1.071085961e7 1.154903029e7 2.197685185e7 1.907499472e7 1.716285124e7 1.707990753e7 1.066690549e7 
1.8726285e7 1.195505306e7 1.817913982e7 7.76288706e6 1.057736834e7 5.94178536e6 1.715304977e7 
1.199778929e7 1.300578416e7 2.1069893e6 6.82419095e6 3.87652957e6 1.478535296e7 1.772923601e7 
1.148176918e7 5.3699445e6 2.45156716e6 2.31696762e7 6.65019716e6 1.825563596e7 1.903169942e7 
8.86278766e6 1.263447968e7 2.224116114e7 1.54636998e7 1.537239308e7 1.289483256e7 1.65208065e7 
1.377224421e7 1.017468783e7 4.53745371e6 1.355168204e7 1.168548768e7 1.223182382e7 3.13400709e6 
2.00940072e7 7.97711391e6 1.37144214e6 7.90795531e6 1.112887226e7 1.149095715e7 1.052657269e7 
5182
1.722752972e7 2.18267255e6 5.06490391e6 8.76872473e6 2.567490513e7 8.5317735e6 1.783065382e7 
1.31218895e7 9.49453184e6 1.613432411e7 2.344852949e7 1.56542066e7 5.2920224e6 1.434733319e7 
1.571703648e7 7.10421006e6 2.301250484e7 1.519781376e7 1.824328655e7 8.24801998e6 8.59836569e6 
6.95513697e6 5.53300031e6 2.24616759e7 1.736059171e7 1.31942584e7 1.723615561e7 1.88666807e6 
1.036833534e7 9.02445081e6 1.636234725e7 1.105149549e7 4.60505802e6 1.020321993e7 2.172861359e7 
2.233173433e7 5.55346164e6 1.705856003e7 2.138972687e7 1.623019143e7 1.429660021e7 5.63987809e6 
3.66724832e6 1.717659546e7 1.733141889e7 1.711223863e7 1.364885685e7 2.479938612e7 2.233851418e7 
2.10984742e7 4.01647561e6 1.446261613e7 1.601467496e7 2.247022321e7 1.349639826e7 1.881729683e7 
8.33988704e6 1.773748658e7 1.002871401e7 9.97282667e6 1.247906944e7 1.29402846e6 1.324908317e7 
2.154147751e7 1.787848764e7 1.477523677e7 3.77865833e6 1.725644735e7 5.209082e6 1.69409624e6 
992
2.98831463e6 700016.11 728190.52 1.2361882e6 2.83279148e6 1.57597999e6 1.91440871e6 
2.04300914e6 742306.39 2.52280493e6 4.39335849e6 1.93015024e6 1.79783803e6 3.45739958e6 
2.3295687e6 715220.13 3.48131338e6 2.26013466e6 2.86267531e6 838960.2 704889.16 
324300.49 73064.32 3.25149635e6 2.3346592e6 1.83443002e6 2.92357123e6 719870.83 
2.07889618e6 940170.5 1.49569493e6 2.04498989e6 417303.65 1.74478496e6 3.83110845e6 
2.82429251e6 430918.41 2.48700101e6 2.83947427e6 3.45136711e6 2.5722443e6 1.0143495e6 
1.94948712e6 3.84681149e6 3.87051543e6 2.08247775e6 1.34882464e6 4.04757915e6 3.77504874e6 
2.61403879e6 1.56118083e6 2.06669105e6 1.5929904e6 3.591962e6 1.84975826e6 3.07665995e6 
858878.33 2.70391974e6 1.97973351e6 1.49554834e6 1.74920406e6 932039.19 2.06479215e6 
2.53409363e6 2.62270846e6 2.77930305e6 630795.71 2.30714659e6 1.59399394e6 1.38153822e6 
1218
5.08034956e6 1.93678352e6 2.37190503e6 3.18635262e6 5.61526072e6 3.33118337e6 4.97629568e6 
4.73694566e6 4.26461099e6 4.34231121e6 8.17355997e6 5.31578297e6 1.39941922e6 3.87280859e6 
4.78306921e6 3.50220469e6 6.02861051e6 4.48467357e6 5.78816169e6 3.75397398e6 3.74166706e6 
2.47846704e6 3.33130031e6 4.70245745e6 5.83540645e6 4.15716004e6 5.48764478e6 2.08329765e6 
3.6171382e6 3.40127697e6 5.33681281e6 4.03948817e6 2.91374167e6 2.26586223e6 6.18234359e6 
6.66244584e6 2.95824078e6 5.51645459e6 5.04846951e6 4.27248495e6 5.50747777e6 2.85188025e6 
718531.41 5.73657176e6 4.55052269e6 5.15285562e6 3.83260282e6 7.52404418e6 6.68915112e6 
5.69530298e6 634130.47 4.51693316e6 4.59828263e6 6.9350138e6 5.50061428e6 5.9634536e6 
3.67357203e6 4.66389357e6 2.4971512e6 4.18664865e6 4.15110562e6 1.90305626e6 3.56308269e6 
5.56008738e6 6.17439357e6 3.62224469e6 2.05770464e6 6.59283508e6 505616.93 1.26842783e6 
1028
1.44767038e6 2.20334336e6 2.08330016e6 1.70184125e6 2.09597071e6 770819.62 665210.52 
542886.42 1.20114416e6 4.63983645e6 3.92161425e6 2.24136769e6 2.93810579e6 3.85126592e6 
1.03777118e6 1.27776833e6 4.15971265e6 3.0712461e6 1.86644014e6 2.08748595e6 1.86543068e6 
1.82295281e6 1.25277184e6 2.01394764e6 951873.29 1.4737896e6 2.38592094e6 2.22842586e6 
1.41581463e6 664470.35 348047.65 1.86056245e6 1.96943212e6 3.755377e6 2.81751855e6 
2.79031546e6 1.34035937e6 3.73701049e6 3.84394061e6 3.98224284e6 2.34988368e6 1.34046425e6 
2.81657303e6 3.88088494e6 3.85823751e6 1.67243994e6 1.78909448e6 2.43389132e6 3.26214063e6 
3.75850754e6 3.35684218e6 1.41731397e6 759119.39 2.61070262e6 1.15702385e6 1.99999734e6 
535286.24 3.50036391e6 2.8275847e6 418031.42 925568.83 2.52357292e6 3.2760306e6 
1.46954608e6 2.8343533e6 4.10617075e6 2.48574158e6 2.2602745e6 3.24855572e6 2.36464446e6 
370
374921.15 768950.84 927466.15 636714.04 723852.27 531806.61 134634.56 
177448.56 429924.12 1.47305965e6 1.22553965e6 520612.51 1.53785179e6 1.36679345e6 
251623.89 716825.24 1.48620436e6 869865.92 524802.06 887649.2 737069.45 
667960.99 711044.69 942867.13 284013.38 765808.25 581302.84 967428.05 
710912.15 343615.71 190083.8 767031.24 813228.36 1.28296689e6 735449.97 
1.11007396e6 858541.98 1.68932744e6 1.41422723e6 1.28768575e6 639476.9 799308.16 
1.37892977e6 1.61091078e6 1.59525591e6 734609.85 814961.37 776160.43 932937.58 
1.2178485e6 1.37717096e6 695185.15 456526.29 740325.01 259382.58 560286.81 
310559.79 827625.85 1.57877499e6 358307.3 113710.56 852752.37 1.24123549e6 
378137.03 848508.51 1.32537046e6 954354.48 586501.49 1.28725916e6 1.3203528e6 
1302
1.73410924e6 3.99247042e6 3.30641279e6 2.27085859e6 2.30972872e6 1.87535369e6 185126.85 
390293.37 2.20583938e6 4.84032056e6 4.26505727e6 1.77919018e6 5.87121738e6 6.09427618e6 
1.09110616e6 2.19337499e6 4.81344332e6 3.10631702e6 1.89455492e6 3.04112669e6 2.60625119e6 
3.00275506e6 2.66205025e6 2.22599496e6 976624.73 2.18716261e6 2.43153577e6 3.69394812e6 
2.09503339e6 1.29061826e6 357078.25 3.01143101e6 3.35418444e6 4.64042543e6 3.89497327e6 
3.80421836e6 2.62102816e6 6.25074648e6 4.13593371e6 4.94056438e6 2.56088802e6 2.77802621e6 
4.14591769e6 4.87957727e6 5.79148703e6 1.79586868e6 2.82042983e6 3.07608384e6 3.10380194e6 
3.20506204e6 5.21374435e6 1.72330209e6 1.21266795e6 3.25383561e6 1.41174509e6 1.94532065e6 
1.46766334e6 4.33533456e6 3.96452035e6 1.17468708e6 790541.17 3.63157111e6 3.72110876e6 
1.05309461e6 3.55488533e6 4.53231584e6 3.49211929e6 1.89385021e6 5.64546662e6 5.01356205e6 
772
1.08088848e6 2.98184778e6 3.50596497e6 2.12720937e6 847684.5 3.38124201e6 2.34545973e6 
2.71482607e6 2.62897229e6 3.89971608e6 520846.35 1.1320428e6 3.95314031e6 2.73803164e6 
1.8605714e6 3.12457245e6 1.60836434e6 1.2769363e6 3.11590622e6 2.93015802e6 2.04962591e6 
2.29762413e6 2.81840847e6 3.89705921e6 2.70463318e6 3.9383204e6 683831.4 3.2831561e6 
3.65070292e6 2.48943516e6 2.09075518e6 1.73546021e6 3.18613518e6 4.37161359e6 516397.7 
1.16970462e6 3.36615542e6 3.28819073e6 1.54907414e6 2.27506104e6 1.03084077e6 3.39538089e6 
4.10771971e6 2.72207095e6 2.50069102e6 3.00935111e6 1.68777137e6 642158.75 846378.08 
1.60214032e6 3.57434327e6 3.03567951e6 2.78708249e6 518484.06 1.64492933e6 1.20322204e6 
2.35986088e6 1.28714813e6 3.85162417e6 3.32067485e6 2.26414913e6 3.07741456e6 3.15555785e6 
2.81304826e6 1.19804499e6 3.0297907e6 3.75144678e6 839900.21 3.72779217e6 4.51661308e6 
808
2.1716033e6 1.04169531e6 703307.9 471186.42 2.50776024e6 2.1734506e6 2.36520385e6 
2.34645369e6 990820.1 1.54779487e6 2.75255056e6 1.36303163e6 1.53995943e6 1.5349e6 
2.30681297e6 1.72308073e6 1.48163594e6 1.45891044e6 3.51876458e6 313244.73 365780.82 
771696.68 841333.88 3.10501177e6 2.56221109e6 3.05913513e6 2.40127541e6 1.0418433e6 
2.4366467e6 953682.7 1.97434777e6 844695.32 725658.95 1.6221638e6 3.12528699e6 
1.46235798e6 1.424246e6 1.19225536e6 1.91303365e6 1.70368393e6 1.86505735e6 1.94545279e6 
2.22081616e6 1.51908067e6 1.8914924e6 2.65629915e6 600322.0 2.63033406e6 2.70729362e6 
1.63162887e6 1.93181204e6 3.18781202e6 2.20627974e6 2.00555294e6 1.66839376e6 2.28216968e6 
1.45738626e6 1.68049795e6 968690.03 2.02704544e6 1.38356222e6 1.0319001e6 644159.21 
2.95049018e6 1.11850377e6 1.31603866e6 753808.84 1.66701109e6 1.67701327e6 1.72528794e6 
289
1.36320413e6 388911.29 383935.47 778582.29 1.30504417e6 872882.02 1.06485294e6 
902120.09 751181.67 751681.95 1.83627687e6 1.28069869e6 20355.84 913805.28 
1.00915017e6 705762.89 977580.47 914896.34 1.3602756e6 505164.31 551415.22 
588499.29 511451.67 1.3599157e6 1.12433139e6 1.03934731e6 1.44114442e6 323325.35 
874046.76 773183.3 1.23609122e6 737399.23 388766.6 276493.53 1.7118023e6 
1.01092123e6 600002.91 740932.36 1.38152799e6 1.03393563e6 1.30298664e6 773630.45 
213719.3 948581.02 957676.77 1.34093481e6 903124.69 1.46458169e6 1.53803084e6 
1.33284095e6 126826.93 1.02042296e6 1.00573839e6 1.34841272e6 1.10996715e6 1.23320032e6 
805311.92 1.26770209e6 389870.22 741215.52 1.25942953e6 315078.27 789348.81 
1.52194202e6 996177.75 607578.89 450633.35 1.38711852e6 254023.9 216595.71 
91
216164.5 336817.96 353610.25 262153.51 226235.78 176009.31 134921.31 
145110.72 277162.49 467350.17 412080.22 257259.29 434278.14 507142.8 
244664.12 257448.05 424102.03 422538.66 27811.26 354247.67 364060.58 
336281.52 242631.14 47762.44 82478.9 110467.4 289924.76 356082.19 
110205.64 228277.97 156542.05 297606.9 327594.34 471543.69 306132.68 
331383.14 301210.41 577362.78 547157.13 571228.08 258396.57 259460.28 
420029.16 579541.44 502807.11 56088.97 341118.27 281691.38 371840.73 
374351.06 379741.93 71498.62 116414.19 299847.33 232814.89 240450.81 
200019.58 336703.31 378263.23 125659.98 223301.68 300569.05 396084.99 
91173.87 344825.42 551075.66 355107.77 290085.35 466993.98 410941.36 
568
2.12035964e6 2.03818393e6 1.69923506e6 1.84675116e6 2.63960427e6 3.21010221e6 2.17554172e6 
2.20948724e6 2.09472933e6 689337.68 2.42569496e6 1.73623035e6 2.00106389e6 448058.63 
1.88698409e6 1.99642161e6 750896.57 1.46645008e6 3.33593617e6 1.66231206e6 1.4646195e6 
1.79827993e6 1.97996483e6 4.20321999e6 2.9409548e6 3.34849244e6 2.55233367e6 2.28371667e6 
3.65136892e6 1.65756269e6 3.01646765e6 1.4178093e6 1.69508093e6 1.20392393e6 2.93448765e6 
1.51170118e6 2.36389424e6 341114.59 1.04516616e6 409563.47 2.02747745e6 3.05015924e6 
2.71343134e6 405630.67 182949.39 2.67924146e6 1.47571736e6 2.40593727e6 2.47079698e6 
926977.16 1.82154298e6 3.04876126e6 2.72382008e6 2.09141559e6 2.02124484e6 1.9322446e6 
2.33855956e6 1.41500666e6 1.15892624e6 2.27305855e6 2.36480523e6 1.62711436e6 916214.39 
3.3257938e6 1.25669847e6 643815.59 1.71453341e6 2.03945406e6 2.25447805e6 2.15641438e6 
958
4.22273736e6 1.56083239e6 1.11117609e6 1.85641718e6 4.06147328e6 3.08492895e6 3.34366949e6 
3.3008481e6 1.88244528e6 811934.17 4.56450346e6 2.46928533e6 1.17195714e6 1.42971957e6 
2.63198398e6 2.57970602e6 2.68439297e6 2.15814441e6 4.67656458e6 1.4794818e6 1.075994e6 
1.27229751e6 1.74450807e6 5.09130229e6 3.98813525e6 4.01103168e6 4.05760909e6 1.91384545e6 
3.48860348e6 2.29294869e6 2.7542068e6 1.78293202e6 1.2431268e6 760142.22 5.27660916e6 
3.01913755e6 1.83763236e6 1.56244825e6 3.07187167e6 1.71609296e6 3.48983426e6 2.46150085e6 
1.98551853e6 2.11511963e6 1.83352702e6 4.31624158e6 1.46272887e6 4.25451968e6 4.5938404e6 
2.09202604e6 1.85093235e6 3.52054056e6 4.22506458e6 4.37387106e6 2.86662273e6 3.59942996e6 
2.33408581e6 2.15684039e6 256201.08 2.72833392e6 3.3837874e6 1.44316779e6 808641.74 
3.38645002e6 2.40954971e6 1.17401052e6 1.05181281e6 3.55786541e6 1.89131556e6 1.39234439e6 
135
410080.93 325708.74 236650.54 223139.08 526892.08 456560.68 513171.2 
394432.42 223120.78 115022.77 641238.72 308462.26 260229.69 136074.64 
386276.6 451433.07 243562.24 229352.15 572773.41 191105.0 148999.75 
181770.85 238909.72 789228.75 456697.13 521070.75 425911.39 349675.26 
512051.54 282971.69 419468.8 164351.57 182751.87 193917.33 464988.66 
310727.34 381762.0 119956.99 254746.82 149930.66 335319.93 497930.01 
433495.58 191311.1 181438.17 475655.1 133665.65 486388.87 427094.32 
219506.87 307399.76 578989.12 423947.3 383971.8 281615.91 407647.99 
405611.25 235467.18 155032.32 455994.78 341939.07 242501.26 20180.88 
634617.65 219367.9 81732.49 208862.46 372198.7 388117.08 318316.06 
665
1.64661122e6 1.06629246e6 814753.76 783640.54 2.11163622e6 452848.07 703184.68 
837065.02 424257.26 1.84652449e6 2.41526341e6 1.4131278e6 1.59372243e6 2.88921491e6 
1.17316214e6 549092.71 2.47035369e6 1.46694417e6 1.68467548e6 734662.46 683602.4 
786931.86 484556.22 1.41709691e6 1.33048718e6 1.15937771e6 2.09997291e6 903090.49 
775031.75 386321.95 589058.93 1.45091633e6 812976.09 1.80600639e6 2.59162378e6 
1.73589947e6 591986.46 2.10041829e6 1.91173782e6 2.16395351e6 1.33077288e6 616424.92 
1.65924183e6 2.97049075e6 2.74205087e6 1.39081458e6 979542.82 2.10712447e6 1.7434838e6 
2.21781967e6 1.95032261e6 973486.96 831533.48 2.09645624e6 676887.67 1.33093797e6 
118109.68 2.25693945e6 1.76540262e6 339525.12 800867.43 1.2354653e6 1.39810895e6 
1.20957655e6 1.67849666e6 1.72218079e6 1.11320203e6 1.64934637e6 1.92993862e6 1.19030953e6 
383
1.47383297e6 482754.44 396100.99 655620.05 1.56220213e6 1.03052342e6 1.36958587e6 
1.39303113e6 719233.91 561899.12 1.59702833e6 976367.76 410010.28 668079.49 
1.27573925e6 977130.0 1.07581083e6 933220.21 1.78878908e6 410131.05 468681.64 
406439.31 666602.13 1.95977243e6 1.47257013e6 1.35921799e6 1.41775476e6 620298.28 
1.48374192e6 765720.57 1.05934818e6 680488.59 318649.47 397053.27 1.91020389e6 
974441.96 630165.9 715398.77 866270.6 826853.3 1.30145084e6 950144.05 
590035.7 803189.67 735783.85 1.65487606e6 622889.54 1.35314439e6 1.83641433e6 
1.01033068e6 599058.41 1.29679835e6 1.33303944e6 1.55158887e6 1.09484916e6 1.11704667e6 
951923.17 1.08647256e6 201336.8 1.07669557e6 911428.61 502552.16 412042.97 
1.28889981e6 990118.83 524850.43 409591.49 1.28479846e6 727161.97 638828.91 
2217
4.79612032e6 1.85797537e6 1.61951772e6 2.31771769e6 6.57868437e6 2.43591072e6 4.62785001e6 
3.64343721e6 1.45258867e6 5.50463004e6 8.13551285e6 4.97534272e6 5.31834929e6 6.84255982e6 
3.8497025e6 1.50029344e6 8.47487858e6 4.61709323e6 6.13373685e6 2.23814899e6 1.69591831e6 
1.02343138e6 395761.4 5.84834422e6 6.36336146e6 3.71623267e6 7.61333076e6 1.58817844e6 
3.30033851e6 2.31371064e6 3.12677008e6 4.57802697e6 1.51817282e6 4.39090369e6 9.77335838e6 
5.78250251e6 968161.53 7.99384553e6 7.20704709e6 7.45552252e6 5.37878994e6 2.12522255e6 
3.69989853e6 6.36222199e6 8.87045541e6 5.83457103e6 4.20743045e6 8.8087124e6 8.68565911e6 
7.21451696e6 4.0602873e6 3.71674833e6 3.72222348e6 7.11614932e6 4.04548295e6 6.57388238e6 
1.49921439e6 5.54248109e6 5.71733675e6 2.44729222e6 4.23310533e6 2.13619646e6 4.46956807e6 
6.75814629e6 4.89743152e6 4.8287137e6 1.75166653e6 6.20368645e6 5.08773639e6 3.38684323e6 
196
648601.82 121194.3 138972.25 201391.64 650548.48 252898.73 454143.98 
323677.16 147779.66 557120.57 762245.76 426436.19 356341.94 675751.65 
459340.17 97903.12 559614.79 525666.11 494785.97 249950.37 194307.32 
138407.48 41183.44 551240.58 411589.2 387336.66 591414.74 113487.04 
329450.64 179894.79 387290.7 344902.91 126486.47 469803.95 774736.71 
647372.18 59327.86 701741.39 756301.66 507813.33 410692.6 185577.5 
293340.25 632077.25 676690.3 478901.55 306922.38 656816.64 828885.17 
717139.36 294696.81 431836.09 359033.37 650441.73 389673.26 537325.89 
162307.03 575305.77 483230.65 301148.14 380491.53 180341.91 433380.95 
468197.58 602826.56 588887.3 150301.42 425916.28 292457.1 273369.29 
901
2.04661043e6 2.31227686e6 2.64520425e6 1.96854894e6 1.9772224e6 1.11606998e6 827507.26 
666673.68 2.13535743e6 4.74955083e6 3.61236585e6 2.87560002e6 3.50149355e6 4.25764778e6 
1.29303559e6 1.61339814e6 4.46437544e6 2.79281634e6 628703.14 2.84677537e6 2.63820987e6 
2.04107885e6 2.19359295e6 824296.88 719256.46 912328.4 2.84595396e6 2.46876913e6 
830471.75 1.69574268e6 855746.21 3.11207716e6 2.17100403e6 4.3600865e6 2.86630938e6 
2.98250492e6 1.70849312e6 4.82983532e6 4.25099572e6 3.69611604e6 2.03883474e6 1.53547766e6 
3.28981754e6 4.62290281e6 4.98735341e6 394278.98 2.71566493e6 3.1001748e6 2.8229462e6 
4.08507185e6 3.68372046e6 521874.68 342165.59 2.8702357e6 1.80976921e6 2.62137223e6 
1.10716902e6 2.95789244e6 4.01438774e6 950004.83 1.1315046e6 2.60692868e6 3.62090072e6 
654049.93 3.90271378e6 4.54802985e6 2.86669839e6 2.38917306e6 3.34167731e6 3.11245052e6 
517
446575.0 1.34934531e6 1.11448387e6 552453.37 704616.83 759633.95 425721.28 
446479.1 453160.13 2.22458645e6 1.4815953e6 608947.24 1.66471142e6 1.60443279e6 
227228.21 838249.15 1.79918864e6 1.06602307e6 840696.79 714221.12 1.01395232e6 
1.03110195e6 775623.44 1.08333613e6 558784.73 1.14940432e6 856737.71 1.21684377e6 
1.16070548e6 327063.41 484536.97 985348.09 1.04990247e6 1.69823087e6 1.35793789e6 
1.12469388e6 928289.02 1.53391638e6 1.72287863e6 1.96823082e6 599294.45 1.13880878e6 
1.7606072e6 1.63616479e6 2.26107776e6 903520.46 877000.77 1.11249709e6 896991.77 
1.24061986e6 1.48248931e6 888926.59 610948.34 771362.18 194227.52 462419.92 
516595.62 981631.09 1.56133372e6 655878.41 45471.07 1.40574175e6 1.25121165e6 
891457.16 1.16994671e6 1.76968204e6 1.26460119e6 657103.81 2.23406297e6 1.53225891e6 
1414
192660.52 3.8961276e6 5.22788145e6 3.28365882e6 1.08253448e6 2.8671989e6 1.75989611e6 
2.02958173e6 2.48347797e6 5.65838944e6 2.78958372e6 1.88407177e6 5.38712523e6 6.99966783e6 
874608.03 4.23399549e6 5.35593187e6 3.19362539e6 2.44393558e6 4.30848984e6 3.47725446e6 
3.73804847e6 4.20109249e6 4.29198718e6 1.49264052e6 4.39059442e6 1.96437275e6 5.08306946e6 
3.93457336e6 2.88568773e6 1.57675709e6 3.81242724e6 3.89440982e6 6.89645125e6 2.28812933e6 
3.68599712e6 4.67853509e6 5.06687263e6 5.36147764e6 4.96337155e6 1.95608657e6 4.26780079e6 
6.72078447e6 5.95331501e6 7.22669339e6 3.21102249e6 3.58691724e6 1.23572721e6 1.515671e6 
4.00208388e6 6.27706805e6 3.03016548e6 2.69118727e6 1.72804699e6 1.44557008e6 874409.53 
2.81565407e6 3.02917664e6 6.84208336e6 2.53110965e6 1.11442869e6 5.82210378e6 4.77573237e6 
1.50766962e6 3.78370421e6 6.69136586e6 3.94389718e6 1.88848274e6 6.32258857e6 4.58387829e6 
171
163181.48 757245.15 644521.48 327159.22 108216.48 627536.84 355661.92 
340462.68 435460.35 622927.84 179996.45 149652.43 688065.21 774389.72 
218284.38 548168.13 354700.46 202394.34 485525.49 407991.35 398396.73 
530682.51 481221.08 752938.59 348329.51 705177.05 20724.22 567476.78 
587458.5 436797.59 349538.04 387234.92 447235.18 856143.02 132434.29 
225703.57 639225.47 664818.36 338807.01 504136.88 138059.28 597094.07 
750143.79 638031.25 666386.17 602138.74 351625.68 90197.89 144316.99 
324467.54 883960.99 529612.05 530964.96 28096.98 279221.63 106357.5 
372148.45 311869.56 544007.61 529654.36 261640.01 641108.78 523869.67 
460830.99 268602.15 672843.38 690025.64 101911.65 837459.95 626763.06 
589
2.2964691e6 2.21520402e6 1.94467975e6 1.43550624e6 2.77253094e6 2.55481388e6 3.2954816e6 
3.13271095e6 1.83222519e6 986958.62 2.99503256e6 1.91046577e6 2.15829801e6 697915.74 
2.81105996e6 2.55329656e6 1.05632274e6 1.76389746e6 4.25214485e6 1.42864007e6 1.87570437e6 
1.95257727e6 2.40836096e6 3.18872825e6 2.96064873e6 3.08569555e6 2.31653257e6 2.03150333e6 
2.67369533e6 2.07170495e6 3.28391047e6 1.52718312e6 1.60366996e6 1.64671043e6 2.62947854e6 
1.52632315e6 2.0915606e6 515138.02 1.14478772e6 496034.21 2.28073058e6 2.59653059e6 
2.94926042e6 470939.62 333191.18 3.8120357e6 1.25427828e6 2.89187791e6 2.49631334e6 
1.3516146e6 2.56890561e6 3.28050588e6 3.570211e6 2.40520157e6 2.13934377e6 2.11074278e6 
2.48437213e6 1.62079645e6 1.31839037e6 2.58028626e6 2.44272577e6 2.02806831e6 1.10585524e6 
2.94572597e6 1.32760348e6 756248.53 1.93641823e6 1.77871249e6 2.72431521e6 2.03174308e6 
3309
7.93282193e6 9.4667554e6 1.324747955e7 1.157136404e7 7.85999152e6 5.43632337e6 4.82830477e6 
5.03903702e6 9.85485278e6 1.48370177e7 1.06072926e7 1.100209549e7 1.831894276e7 1.735779246e7 
7.3221077e6 8.45557885e6 1.889511818e7 1.149613876e7 322003.47 1.144924619e7 1.333058892e7 
1.048191464e7 1.003039931e7 2.93298883e6 3.42408933e6 4.87158702e6 1.083287841e7 1.239877199e7 
5.01163516e6 9.16281964e6 3.63090498e6 1.243723187e7 1.307967607e7 1.940736278e7 9.88930955e6 
1.473317694e7 1.108944453e7 1.556425267e7 1.459093655e7 2.079758787e7 1.069394843e7 1.022907378e7 
1.497827535e7 1.910707935e7 2.267508165e7 2.28453135e6 1.279373797e7 8.91302059e6 8.72258638e6 
1.758700198e7 1.679153382e7 3.93922635e6 4.4712785e6 1.159776896e7 8.99794107e6 9.79704277e6 
5.91202972e6 1.534564429e7 1.802521596e7 6.27953431e6 7.36004367e6 1.209691892e7 1.620326695e7 
2.33934462e6 1.313633175e7 1.448703107e7 1.276851165e7 8.9240662e6 1.222243075e7 1.584567737e7 
379
604860.42 1.08519575e6 969646.54 545250.51 640306.6 1.18437943e6 620460.51 
923799.16 577162.12 1.03957868e6 805960.78 98968.18 1.63569686e6 1.06369671e6 
457076.3 1.03284622e6 692312.85 218586.16 994377.22 579271.45 634625.3 
920835.21 938763.58 1.23712847e6 959409.36 1.22705334e6 373918.39 1.1584411e6 
1.23429757e6 548873.74 754783.33 359383.55 882989.67 1.57199366e6 788043.66 
334449.72 899342.27 1.01052647e6 723553.45 865002.23 126225.88 1.3032544e6 
1.3712107e6 1.0282083e6 1.17893917e6 1.42963688e6 541220.84 620704.18 740487.11 
482056.2 1.63653631e6 1.35821346e6 1.16155874e6 406552.21 336952.12 282193.96 
684251.79 463470.98 1.34175757e6 895043.12 483678.4 1.02195616e6 746243.65 
967032.6 428069.92 852995.93 1.09450314e6 132096.59 1.84830356e6 1.0687013e6 
277
782671.82 918589.76 594729.97 482922.77 561693.18 891642.52 724055.49 
1.00069281e6 715573.77 567154.73 606133.67 312733.42 881673.73 723369.51 
547940.25 940502.05 238054.47 152533.47 1.35389486e6 525684.36 451356.83 
517387.99 797174.39 1.33815574e6 1.03451147e6 979761.02 477108.94 947739.12 
1.19566547e6 693609.42 904963.01 263600.42 766758.03 917999.27 640187.01 
157428.47 936088.96 591118.52 165737.89 322937.92 433023.0 1.08460131e6 
915515.96 444112.98 630077.99 1.24757669e6 266831.33 662454.75 712446.0 
64269.88 1.23555257e6 950628.29 1.03720549e6 424248.84 500057.28 519511.56 
673209.95 67639.74 735334.52 966091.47 575646.55 942421.86 478084.1 
1.14652822e6 15154.84 596288.81 756054.78 463048.72 1.08282956e6 878249.83 
937
3.458578e6 1.20446038e6 790671.52 1.36519544e6 3.10623527e6 2.36193324e6 3.45412777e6 
3.16093077e6 1.73642044e6 1.15398297e6 3.73375646e6 2.72944705e6 1.44487294e6 1.7616859e6 
3.0958279e6 1.66864795e6 2.57179547e6 1.82550244e6 4.04416432e6 1.02983257e6 940971.66 
1.1035688e6 1.32766831e6 3.62279008e6 3.04666832e6 2.81640346e6 2.67697592e6 1.1817884e6 
3.09082726e6 2.23319394e6 2.51542761e6 1.74312986e6 740718.75 829242.31 4.33976658e6 
2.93439901e6 1.60087116e6 1.71602195e6 2.49685456e6 1.57040123e6 2.37656191e6 1.86817777e6 
1.67123185e6 2.40448039e6 1.96475436e6 4.33241927e6 1.41711042e6 3.37963685e6 4.4634948e6 
1.99959881e6 1.6023644e6 3.38410467e6 3.03231944e6 3.81434295e6 2.21832648e6 2.58282008e6 
1.95244908e6 2.49842553e6 816902.6 2.94175572e6 2.61087347e6 909587.23 868324.24 
3.66265793e6 2.09300846e6 1.47647814e6 810895.45 2.34747324e6 1.69284077e6 1.45674366e6 
1250
1.14850976e6 3.26873748e6 3.225797e6 1.66187576e6 1.46734134e6 2.92950474e6 1.89252175e6 
2.17675772e6 1.62674236e6 3.9881386e6 2.6109993e6 531503.39 4.75453303e6 3.63493194e6 
581010.24 2.85569515e6 2.80318683e6 1.74929162e6 3.71523191e6 2.3698517e6 1.96036275e6 
2.31030599e6 2.68816728e6 4.58683122e6 2.26961716e6 3.62568201e6 1.16946406e6 3.65814479e6 
3.71690891e6 1.6282451e6 1.7107518e6 1.4782724e6 2.44900672e6 4.88975953e6 2.29006445e6 
2.35469647e6 3.14766148e6 4.06614631e6 3.1368669e6 3.11043949e6 603014.51 3.82164997e6 
4.13594822e6 3.15395129e6 5.21547753e6 3.08466131e6 1.93588033e6 1.99787156e6 1.92064797e6 
2.38055895e6 5.05896822e6 3.58753614e6 2.69073789e6 1.53443503e6 606966.53 666328.28 
2.19236257e6 1.87131283e6 4.48711351e6 2.13995774e6 795222.03 3.67735031e6 3.28854668e6 
2.03739514e6 2.40114738e6 3.52130328e6 3.3371747e6 854345.5 4.26961313e6 4.39973847e6 
935
814945.3 2.25303134e6 2.00338539e6 1.4187007e6 846717.55 1.90080238e6 1.24688115e6 
1.38322361e6 1.10165689e6 3.35286797e6 1.59597172e6 539024.04 3.3279184e6 2.8884973e6 
365452.58 1.81775818e6 2.375542e6 1.44049844e6 2.67550239e6 1.84846737e6 1.64628832e6 
1.74878356e6 1.55825621e6 2.33865241e6 1.70896238e6 2.48623478e6 900662.31 3.06717197e6 
2.48386043e6 1.01232439e6 1.49180369e6 1.56356107e6 2.50431337e6 2.98263849e6 1.82411637e6 
1.51818922e6 2.3107077e6 3.5754129e6 2.01947394e6 3.03975007e6 609315.9 2.34323911e6 
3.34100067e6 2.5769632e6 3.50749103e6 2.84784269e6 1.41791694e6 1.18137495e6 1.68316835e6 
2.10538287e6 4.06110205e6 2.07136265e6 1.71203072e6 1.10368433e6 592714.62 358045.17 
1.57454981e6 1.81637705e6 3.20405423e6 1.87621048e6 619835.14 2.70040879e6 2.7743611e6 
1.79043465e6 1.542724e6 2.88576457e6 2.16502682e6 503702.75 3.9456599e6 2.67573343e6 
711
1.95787988e6 559318.19 353287.81 739021.63 3.06348362e6 1.55950181e6 1.6956356e6 
1.80353418e6 824148.85 1.27989223e6 3.52557402e6 1.69319153e6 872114.21 1.75616898e6 
2.22879897e6 1.22564809e6 1.50668756e6 1.49183141e6 3.07468021e6 511791.03 455300.97 
609451.98 708733.45 2.66092545e6 2.39984809e6 2.43260132e6 1.96108992e6 915329.28 
2.30987427e6 1.33002823e6 1.63538339e6 1.0072082e6 300222.3 1.12601636e6 2.77764257e6 
1.62698053e6 1.17950991e6 1.68942037e6 2.26362001e6 1.8467925e6 1.49408398e6 1.39457483e6 
1.41053425e6 2.06610328e6 1.79563684e6 2.66846691e6 734458.68 2.86603904e6 2.41022577e6 
1.41962766e6 1.15330659e6 2.21601596e6 1.71580124e6 2.11040331e6 1.3142169e6 2.3815771e6 
1.2057648e6 1.45141127e6 840695.74 1.44873199e6 1.78201422e6 771529.82 884048.05 
2.17005441e6 1.84661515e6 894930.45 403646.27 2.02486546e6 1.57448555e6 1.11682314e6 
1029
1.5473034e6 2.63738546e6 2.84812645e6 2.13297144e6 1.89441174e6 1.17244752e6 667864.04 
504150.88 2.30788203e6 4.91782665e6 4.11258796e6 2.45423944e6 4.15864186e6 4.19818836e6 
1.40480088e6 1.56124213e6 4.44361068e6 3.86858851e6 587611.03 2.54859208e6 3.1084748e6 
2.41630782e6 1.95267329e6 1.43413781e6 546235.6 1.49139191e6 2.95668351e6 3.07158623e6 
1.22442316e6 1.81688422e6 613268.31 2.76725675e6 3.14805732e6 4.52842385e6 3.42819951e6 
3.56804222e6 2.65606056e6 5.03676003e6 5.00383641e6 5.1177485e6 2.34692279e6 2.39881219e6 
3.36434821e6 5.69261541e6 5.07388157e6 944493.62 3.14914638e6 3.18808164e6 2.76272865e6 
3.42079338e6 3.46444544e6 829964.43 621603.9 3.50535428e6 1.91469816e6 1.85152999e6 
1.36163937e6 3.95758022e6 4.806819e6 942385.23 1.08119996e6 3.97106832e6 4.69300275e6 
680674.74 3.03412914e6 4.28031059e6 3.53715478e6 2.72151056e6 4.48493722e6 3.63199465e6 
448
1.18081644e6 1.37215544e6 1.42735614e6 986506.46 1.30273419e6 390240.32 523150.67 
352133.26 791803.29 2.45463754e6 1.73699857e6 1.28913215e6 1.58940132e6 1.86914036e6 
828062.94 696494.02 2.18123917e6 1.58385185e6 389928.38 1.32101744e6 1.10904726e6 
1.02500228e6 1.11737095e6 371920.86 527448.57 273836.84 1.34734698e6 1.10131557e6 
303980.12 785131.6 514729.1 1.72800124e6 1.15896286e6 2.11855436e6 1.60293296e6 
1.76867618e6 824821.1 1.92400799e6 1.98145813e6 2.49517925e6 1.1829271e6 748476.36 
1.54594072e6 2.18294704e6 1.9321344e6 133271.88 1.2207308e6 1.62612994e6 1.82258195e6 
1.70433167e6 1.81308777e6 76346.52 182683.66 1.47404797e6 1.02812775e6 1.43594014e6 
628471.0 1.8727324e6 1.96220332e6 342633.08 814846.82 1.35452833e6 2.1517568e6 
474421.45 1.74410667e6 1.87305016e6 1.01834088e6 1.53042951e6 1.598591e6 1.49449994e6 
4226
1.279719248e7 8.58985541e6 5.21354843e6 5.1958326e6 1.388008325e7 1.048719807e7 1.508016626e7 
1.10139858e7 7.69405961e6 5.66575664e6 1.409973504e7 7.8159069e6 9.76943632e6 5.97585243e6 
1.218480455e7 1.080064096e7 7.63909925e6 5.45552407e6 1.983901748e7 4.02824107e6 4.09526378e6 
5.98070942e6 7.53934022e6 2.261085453e7 1.436717718e7 1.483456444e7 1.050139816e7 7.7470425e6 
1.79347396e7 6.96291214e6 1.214616906e7 2.8106471e6 5.88875556e6 8.58258757e6 1.664141179e7 
6.57237e6 7.68681729e6 6.03033051e6 7.5794723e6 4.95451686e6 8.81853699e6 1.004129328e7 
1.373760918e7 7.19013201e6 6.28617225e6 1.536550944e7 3.29045168e6 1.336957839e7 1.715592533e7 
5.622969e6 9.23026572e6 1.518799697e7 1.288062848e7 9.92284528e6 8.36209957e6 1.089615576e7 
9.51590025e6 7.71575992e6 4.6790704e6 1.213990989e7 9.50022196e6 1.028823596e7 1.54270696e6 
1.444547015e7 5.54725919e6 3.9963812e6 7.57422194e6 1.109037617e7 1.124029396e7 9.93780845e6 
1118
367705.08 3.93542942e6 3.46465678e6 2.5608484e6 549974.23 3.55349026e6 1.69183579e6 
2.34659022e6 2.25329831e6 4.11885664e6 1.61941062e6 1.05480368e6 5.09611662e6 5.10460516e6 
688495.63 2.79841251e6 2.99671014e6 1.62367482e6 2.96539898e6 3.13159967e6 3.24670002e6 
3.63154668e6 3.35314846e6 4.03407421e6 1.82816978e6 3.07844618e6 792750.08 3.41550301e6 
3.89249713e6 2.33564061e6 2.35403735e6 1.86543804e6 2.89080653e6 5.5161895e6 1.13460174e6 
1.9157821e6 3.28724952e6 4.43609767e6 2.72607843e6 3.20003148e6 782525.94 3.15495525e6 
6.06423538e6 4.0822599e6 5.3796504e6 3.56708567e6 2.27678338e6 821900.56 804396.99 
2.06826689e6 5.28609651e6 2.70498348e6 3.01699058e6 716847.68 1.62182663e6 364247.16 
2.68023493e6 2.61740359e6 4.24107984e6 2.50879548e6 1.56967007e6 4.3996233e6 3.72476379e6 
2.41889732e6 2.72817535e6 4.18420805e6 3.92972908e6 767702.93 5.78066095e6 4.19033192e6 
404
1.10422705e6 1.16468533e6 1.00503829e6 1.21160482e6 1.28928171e6 298521.5 658081.67 
466347.34 729134.48 1.8046388e6 1.47417638e6 996923.54 1.19357558e6 1.72020552e6 
846196.78 663958.85 1.62555865e6 1.32305379e6 416221.83 938856.49 1.27970238e6 
937320.3 788799.04 428711.7 574197.66 190668.3 1.32456206e6 995347.3 
122286.44 826442.38 382056.58 1.08539291e6 1.19080106e6 1.88442172e6 1.28611022e6 
1.57057973e6 670449.09 2.37010009e6 1.74184127e6 2.30736733e6 1.40556773e6 581064.84 
1.38582662e6 1.86100238e6 2.44580467e6 197664.73 1.14476851e6 1.18443505e6 1.23053021e6 
1.75924235e6 1.60929522e6 97185.44 205562.49 1.4883242e6 867233.32 1.34788679e6 
578997.55 1.86478966e6 1.98709456e6 276515.52 761878.56 1.13014207e6 1.85525222e6 
634479.45 1.54295123e6 1.51739997e6 962798.31 1.32867012e6 1.13450223e6 1.31116005e6 
579
1.71903112e6 1.69340342e6 1.35971277e6 691782.14 1.7368509e6 2.25455463e6 2.01542147e6 
1.97692495e6 1.10684955e6 977131.97 1.52590871e6 849475.79 1.77409729e6 1.16828138e6 
1.76588162e6 1.59418016e6 358557.41 684117.77 2.15455699e6 900514.07 908660.54 
1.21171685e6 1.5644201e6 2.65055408e6 2.50032883e6 2.72456264e6 1.24986493e6 1.89634991e6 
2.30233534e6 1.47592273e6 1.9765635e6 512207.34 1.19611505e6 1.42756852e6 2.05640684e6 
606778.39 1.36869798e6 661351.17 478313.74 416710.48 943756.72 2.09065638e6 
1.76205175e6 610905.06 790996.49 3.00897375e6 476040.53 1.37500064e6 1.76758096e6 
503069.12 1.7692416e6 2.03092042e6 1.82848381e6 1.1489314e6 1.14129967e6 1.16961617e6 
1.56824965e6 545518.57 1.20417037e6 1.79820054e6 1.59338678e6 1.51630909e6 610824.01 
2.67930809e6 369775.62 854893.64 1.36981441e6 1.31798342e6 1.7901034e6 1.80886901e6 
767
3.45189025e6 1.81435639e6 1.34889631e6 1.82385254e6 3.64437402e6 2.5431722e6 3.01386366e6 
3.09581253e6 1.84367482e6 90766.09 3.72371656e6 2.16180036e6 1.55145361e6 289379.12 
2.49279167e6 2.84489748e6 1.9024567e6 1.78553993e6 4.84305508e6 1.55081332e6 1.45994367e6 
1.78340314e6 2.24214794e6 5.04779326e6 3.48034096e6 3.2149468e6 2.61990285e6 1.9622485e6 
3.05995913e6 2.20348892e6 2.89880678e6 1.6035723e6 1.49875984e6 1.05302616e6 4.33752786e6 
1.97766313e6 2.30444818e6 664918.88 1.96071764e6 1.01597981e6 3.09475023e6 2.3615296e6 
2.65260281e6 1.18732017e6 535823.27 3.34176968e6 1.53390524e6 3.42745358e6 4.37181471e6 
1.81253526e6 2.10252886e6 4.21904657e6 3.15294864e6 2.81994793e6 2.52369821e6 3.00970823e6 
2.66454983e6 2.25450984e6 705711.89 3.47556747e6 3.19769353e6 1.69774369e6 833923.19 
3.48094066e6 1.81036194e6 290810.99 1.69426575e6 2.4161705e6 1.93953094e6 2.42661717e6 
1639
689242.63 5.31469145e6 5.40972262e6 4.12343428e6 1.20072717e6 4.49683508e6 1.93326365e6 
2.6045797e6 4.09890265e6 8.88342194e6 3.67010432e6 2.71684315e6 6.48461823e6 8.31498085e6 
1.34835934e6 5.34931912e6 5.24111764e6 3.79185264e6 3.33881486e6 4.86705398e6 4.36180546e6 
4.14625944e6 4.49292835e6 3.96515338e6 1.6842016e6 4.23297856e6 2.2159654e6 5.59779743e6 
4.8980311e6 3.09321414e6 2.73082496e6 3.69042738e6 5.7583538e6 7.90607907e6 2.32308527e6 
4.90988611e6 5.72760029e6 6.77140626e6 5.04637331e6 6.7620215e6 2.45915964e6 6.01418275e6 
8.53960115e6 6.45562399e6 6.33563006e6 3.82738926e6 4.20773273e6 1.92660494e6 2.43284003e6 
4.21658519e6 7.25055608e6 4.66006017e6 3.55933572e6 1.90644807e6 1.94664518e6 1.82006342e6 
2.87465182e6 4.96141784e6 6.49242222e6 3.08288298e6 2.05220165e6 7.70622809e6 5.94404967e6 
2.1387179e6 4.88055838e6 5.79011516e6 4.78581441e6 2.70464936e6 9.31076938e6 5.94475353e6 
7356
1.446655432e7 1.149785568e7 9.47193991e6 3.33605602e6 1.475410851e7 1.247790279e7 1.057283461e7 
1.061511761e7 2.19058282e6 1.685513828e7 2.013713036e7 1.091706131e7 1.842013917e7 2.244042741e7 
1.188147673e7 1.188495904e7 1.626901708e7 1.119142594e7 1.67163027e7 4.93888217e6 5.01203494e6 
7.04890927e6 8.01617596e6 1.960620395e7 1.565117167e7 1.546347359e7 1.56385862e7 1.186267253e7 
1.659342037e7 3.60644837e6 1.122599946e7 7.7997519e6 7.47499109e6 2.332673477e7 2.379429426e7 
1.571898579e7 1.115457499e7 1.636147353e7 1.605039092e7 1.889562857e7 1.238290018e7 1.396902091e7 
2.053519814e7 2.51268252e7 1.854752616e7 1.86971742e7 7.68526752e6 2.234833055e7 1.679604693e7 
1.28104733e7 2.177438917e7 2.041254154e7 1.54126233e7 2.019364941e7 5.91358351e6 1.337873232e7 
5.45022906e6 1.542776693e7 1.521963523e7 9.38589837e6 8.95359132e6 1.162551772e7 1.238923102e7 
2.040439781e7 1.354078505e7 1.923640783e7 1.082159202e7 1.012919072e7 2.116099454e7 1.565696927e7 
871
1.25606657e6 1.82016647e6 2.22467386e6 1.45339995e6 1.47421694e6 807626.64 355313.64 
227083.26 1.12975236e6 3.2656648e6 2.49742136e6 1.65203549e6 2.72903264e6 4.30087231e6 
753392.19 1.25328467e6 3.61115539e6 2.23435786e6 1.07449324e6 1.85697608e6 1.58495379e6 
1.31476028e6 1.29437849e6 2.05708384e6 789672.89 1.48200246e6 1.63661642e6 1.6163965e6 
1.47942424e6 658713.32 174902.27 2.02156525e6 1.89358401e6 3.64020878e6 2.66107583e6 
2.71824468e6 1.37905678e6 3.88108265e6 3.65461695e6 3.02746036e6 1.4811602e6 1.86028564e6 
2.56167079e6 4.12006856e6 4.44226977e6 1.09297731e6 1.95163522e6 1.99001106e6 1.80849555e6 
2.52652341e6 3.14841834e6 1.01188435e6 761797.72 2.25745992e6 744769.98 1.2221695e6 
672231.61 2.189145e6 3.63366016e6 614719.54 509131.48 2.06964829e6 2.76917329e6 
901123.66 2.26160595e6 3.25008702e6 2.34083948e6 1.91716201e6 2.75320268e6 2.48316207e6 
507
937997.76 797650.52 844537.6 153666.97 1.14051812e6 1.04795453e6 942057.07 
805833.88 407567.07 1.29316694e6 1.76269775e6 537435.47 1.52743723e6 1.65189911e6 
752458.25 827518.12 1.08217994e6 564073.69 1.73526013e6 363182.83 441969.6 
509640.28 680934.1 1.9000314e6 993637.22 1.20754961e6 882991.79 946103.41 
1.58365775e6 482517.55 979296.7 404993.47 530644.42 1.11413173e6 1.62481928e6 
948330.49 941629.07 1.33044589e6 1.2251426e6 1.23125169e6 535110.01 1.06322849e6 
1.3672623e6 1.42320738e6 1.5322232e6 1.75203952e6 244202.63 1.06349361e6 1.22953612e6 
991712.02 1.38144456e6 1.41993614e6 1.26296668e6 997458.82 347558.2 646731.88 
593853.89 916496.78 1.20195595e6 1.06512305e6 521061.31 974557.06 873583.29 
1.04949383e6 722414.14 1.23550604e6 757430.29 759992.82 1.76185425e6 1.16393363e6 
2107
3.9631005e6 3.82604525e6 3.77130254e6 1.27244082e6 4.58903449e6 3.38356483e6 2.23684657e6 
2.73693402e6 1.12380518e6 5.49707138e6 6.52509156e6 2.48014323e6 7.02201003e6 6.44133245e6 
1.79917735e6 3.16148706e6 5.2504182e6 3.85344256e6 5.98739941e6 2.33982696e6 1.81701303e6 
2.64718681e6 2.41954113e6 6.34400004e6 4.44123459e6 5.51149815e6 3.68442877e6 4.44718995e6 
5.20304083e6 473281.34 2.81812057e6 2.46909314e6 2.27124677e6 5.23090167e6 4.96761903e6 
4.72215142e6 3.4159507e6 6.33898281e6 6.08060693e6 5.47462346e6 3.14791044e6 4.42249255e6 
5.44406109e6 7.67796974e6 7.75160412e6 4.55286718e6 2.60753137e6 4.09391326e6 4.37683973e6 
3.9329533e6 6.85154001e6 4.35131488e6 3.04847194e6 4.03950206e6 1.04759442e6 3.36180546e6 
1.37790026e6 3.95818685e6 4.59216403e6 2.1553468e6 1.60904144e6 3.68636489e6 3.94296063e6 
4.79881219e6 4.87181131e6 5.62585406e6 3.00314323e6 2.48130911e6 5.33656642e6 4.69862523e6 
505
2.2755658e6 1.7465306e6 1.55925222e6 1.44174287e6 1.79063173e6 2.15709622e6 2.36531631e6 
2.59736681e6 2.06237609e6 880204.5 2.61173178e6 1.55241998e6 1.45783738e6 609564.33 
1.75305411e6 1.77613192e6 584298.36 1.30287705e6 2.88046623e6 1.11515425e6 1.5190977e6 
1.5242907e6 2.0973984e6 2.62983395e6 2.60178852e6 3.12803532e6 1.95872044e6 1.82169102e6 
2.25489789e6 2.09351851e6 2.44927423e6 1.09304609e6 1.6979301e6 1.58292166e6 1.9806095e6 
1.17832047e6 1.64748874e6 286963.31 662987.7 290883.13 1.37333646e6 2.1377124e6 
2.52782188e6 295244.45 308669.85 3.11446959e6 1.36475571e6 1.9459186e6 2.1444486e6 
1.01233935e6 2.07668702e6 3.16082745e6 2.22457619e6 1.70227849e6 1.71237589e6 1.55572558e6 
1.99800233e6 1.06545075e6 1.01848836e6 2.14554111e6 1.65595016e6 2.16518767e6 801593.42 
2.31274291e6 978518.37 483005.31 1.75585231e6 1.92107511e6 2.21813979e6 1.9451983e6 
2075
3.67189613e6 1.111220871e7 9.30384257e6 6.56715079e6 2.77524971e6 9.92938004e6 6.04123661e6 
6.85765549e6 6.84032287e6 7.70865801e6 1.35040598e6 4.08430764e6 1.013288804e7 9.46815924e6 
5.49750159e6 8.35674138e6 6.13733539e6 4.54023355e6 6.78615926e6 6.53105675e6 8.11400747e6 
9.51955185e6 9.97316822e6 1.024175207e7 6.97397473e6 1.059011405e7 2.53518236e6 1.122442223e7 
9.74056765e6 6.94147936e6 8.06779667e6 6.02998818e6 8.32875545e6 1.123501403e7 1.87932273e6 
2.90869787e6 1.066259812e7 9.23796285e6 4.29531839e6 6.10327487e6 3.22939875e6 9.21625868e6 
1.348343283e7 7.84704406e6 8.01627232e6 9.507181e6 5.55522786e6 1.98452043e6 2.00216062e6 
4.14873022e6 1.091814304e7 1.072433812e7 9.18454684e6 1.86327871e6 5.34548868e6 3.06577238e6 
6.75322013e6 3.18141135e6 7.62617662e6 7.59803695e6 4.77986039e6 8.41158545e6 8.37202194e6 
7.44130642e6 3.95211751e6 8.76395962e6 1.091007147e7 3.21237021e6 1.043530589e7 1.046734393e7 
272
711176.37 524027.94 647111.04 733544.11 1.01102147e6 72699.2 388491.89 
367679.89 456110.34 1.23587473e6 1.1465076e6 716535.66 922922.84 1.21782235e6 
700933.91 232142.11 1.20174632e6 861909.32 426233.91 674037.16 709976.5 
607598.25 347210.18 430518.05 484830.29 159101.56 857091.06 502972.39 
113478.39 351607.66 312835.34 719947.42 641087.38 915723.19 984645.84 
983751.78 329374.36 1.2313272e6 1.22085943e6 1.40939015e6 733735.48 233700.88 
860548.66 1.18930071e6 1.2394647e6 252140.11 849265.29 930304.28 1.12577737e6 
873244.22 695390.03 221536.79 156782.06 1.05248607e6 595837.07 817198.94 
362390.5 1.21015574e6 921298.33 131503.02 518076.7 499751.58 886248.62 
463666.55 904632.66 1.27503731e6 586578.36 963257.44 797361.33 764000.65 
1585
1.83140296e6 4.41385377e6 3.77761328e6 2.00888095e6 3.21234545e6 2.40142662e6 674639.89 
996232.98 1.44130389e6 6.48295884e6 4.05732006e6 2.66084948e6 6.41423245e6 7.21556451e6 
1.20682059e6 2.71378234e6 4.47480545e6 3.27634303e6 2.8249369e6 2.52390815e6 2.95125331e6 
2.98415349e6 2.95198978e6 3.68289197e6 1.85768828e6 2.67136051e6 3.35399488e6 3.18936897e6 
2.6052859e6 1.43242176e6 707872.65 2.97595547e6 3.36893403e6 5.18550585e6 4.21861991e6 
3.30518387e6 3.29768962e6 5.08617537e6 5.15504423e6 5.99018366e6 2.6652365e6 3.53908251e6 
6.26143789e6 6.97481669e6 5.67955739e6 2.96281555e6 2.70607329e6 3.07704096e6 4.29833144e6 
4.90078218e6 6.22858392e6 3.01720047e6 2.01211556e6 3.87411896e6 891803.04 1.99022517e6 
1.34578345e6 4.66357475e6 4.77629882e6 1.41172037e6 466750.46 3.82843591e6 5.38137526e6 
1.63412314e6 3.95289024e6 4.66239536e6 3.78454651e6 2.78991144e6 4.8430078e6 4.71577306e6 
8008
1.324457852e7 1.788111302e7 1.87926432e7 1.91606467e7 2.17780896e7 8.81607848e6 6.78905764e6 
5.27990879e6 1.359397753e7 3.949426715e7 2.931012903e7 1.962629488e7 3.038744453e7 3.931717521e7 
1.584617246e7 1.253109738e7 4.15400842e7 2.396127888e7 7.92609201e6 1.992313579e7 1.98784275e7 
2.141671723e7 1.643338802e7 1.075813246e7 7.97678967e6 7.95146713e6 2.102556283e7 1.858953121e7 
5.94746919e6 1.278133701e7 4.64357437e6 1.999841218e7 2.052199451e7 3.940425561e7 2.447663045e7 
2.960836813e7 1.336033847e7 3.659464164e7 4.127486387e7 3.087217079e7 2.04438261e7 1.622393912e7 
3.266024297e7 3.352976642e7 4.711674119e7 4.9648061e6 2.296620845e7 2.599039576e7 2.452206433e7 
3.082417766e7 3.4456728e7 4.35750862e6 1.79117696e6 2.321093643e7 1.268656742e7 1.856772643e7 
1.262469181e7 2.411478515e7 2.728455494e7 6.99730053e6 1.2282317e7 2.571385093e7 2.53712026e7 
7.24822611e6 3.265685714e7 3.550130938e7 2.277494622e7 1.857211038e7 3.058332063e7 2.318047022e7 
932
1.67951291e6 1.69770629e6 1.1889017e6 689240.95 1.94773743e6 1.50760191e6 1.40669987e6 
1.3613602e6 328864.81 2.94653768e6 3.19098838e6 1.23278807e6 2.51202314e6 3.52969142e6 
1.28947005e6 1.36588401e6 2.20498178e6 1.46795333e6 1.81685329e6 1.07035257e6 940086.67 
1.01385133e6 1.01535646e6 2.85577736e6 1.96613214e6 1.81988696e6 1.78127691e6 1.36828425e6 
2.21785557e6 90368.44 1.08793698e6 1.51828859e6 1.36995956e6 2.55735313e6 3.04982913e6 
2.22364332e6 1.3890693e6 3.09360899e6 3.06597352e6 2.72772201e6 1.32253934e6 1.43539675e6 
2.39601303e6 2.7195005e6 2.95188148e6 2.5266874e6 1.06572596e6 2.14247931e6 2.1202736e6 
1.97514341e6 2.12640415e6 2.11763894e6 1.37337455e6 1.9506921e6 494341.88 1.26098616e6 
546729.13 1.80866235e6 2.02012827e6 1.05313891e6 594346.63 1.87299346e6 2.01196236e6 
2.22171819e6 1.96601996e6 2.84952173e6 1.4119553e6 1.3195411e6 2.63119755e6 2.42432295e6 
1743
2.4808148e6 6.97083572e6 5.43967755e6 4.1123908e6 1.45463769e6 4.94149881e6 3.35983181e6 
5.02564089e6 4.87291637e6 8.40967645e6 1.76435541e6 1.5116296e6 9.48413692e6 8.07012258e6 
2.75926223e6 6.82054084e6 3.78565701e6 2.83739189e6 6.41791005e6 4.89914441e6 4.06541628e6 
6.30612417e6 6.28515973e6 8.05721208e6 5.13847233e6 6.94381985e6 380252.81 6.46132187e6 
5.83973554e6 3.99943552e6 3.94771008e6 3.98533505e6 5.63963437e6 7.13272852e6 1.38538103e6 
2.48958534e6 5.72930975e6 5.6075652e6 3.90150992e6 5.08136384e6 1.29124185e6 6.15304693e6 
1.045188703e7 4.77052311e6 7.34697064e6 7.67728129e6 4.57841389e6 1.14573082e6 1.09364154e6 
2.57945219e6 9.16910385e6 7.46511977e6 4.61073215e6 130025.44 3.30113425e6 1.21035151e6 
5.08178989e6 2.82545575e6 5.68750472e6 5.40639249e6 2.7260294e6 7.91884983e6 6.41445545e6 
4.82807936e6 2.87312182e6 7.11266758e6 5.87052191e6 1.28174177e6 1.053190086e7 8.36849857e6 
335
504548.75 676224.97 579556.22 335228.57 716920.1 523240.65 325409.99 
391365.64 286413.19 1.11917885e6 1.03347523e6 386962.24 917027.41 985572.26 
278245.21 626054.59 946992.48 581883.22 795379.38 470983.55 417781.95 
413820.57 481018.98 1.00242957e6 486607.62 923024.96 508543.65 753360.69 
610932.2 166914.63 349868.23 457252.03 508422.09 1.24806897e6 990997.57 
757296.83 593953.46 887734.25 757333.78 872673.61 369177.75 787698.81 
933813.93 988085.83 1.07650696e6 867591.05 516836.27 808580.22 833672.64 
657129.93 926993.6 740803.81 430843.76 698122.41 67039.94 347930.15 
256531.75 728335.96 823827.74 363555.43 129452.73 869447.12 913630.2 
682705.06 736064.63 1.18741809e6 567294.18 402613.84 1.07335694e6 925227.72 
1947
3.43672901e6 2.62028682e6 2.6920209e6 1.5173254e6 4.48169961e6 2.51817855e6 3.14702826e6 
2.75996253e6 344363.02 6.13922551e6 7.58924757e6 2.55240669e6 4.69799168e6 5.75113226e6 
2.23055396e6 2.74434943e6 4.66783085e6 3.08532997e6 5.37910205e6 1.97498938e6 1.73527979e6 
1.49789472e6 1.74048284e6 5.53872824e6 3.17981967e6 4.9730309e6 4.08450632e6 3.54143385e6 
4.63925123e6 379585.65 2.08147941e6 2.37841057e6 2.33336545e6 5.94787501e6 5.15220457e6 
5.20626162e6 2.54561376e6 5.4196979e6 4.7226516e6 5.50773708e6 2.83672702e6 2.88875909e6 
5.71450194e6 6.74360461e6 5.62085815e6 5.12939358e6 2.11322897e6 4.60247865e6 5.68958914e6 
3.96097171e6 4.65698803e6 4.76554869e6 3.45489853e6 5.5058606e6 1.42360913e6 3.72364889e6 
824635.55 3.97324633e6 5.38419534e6 2.06829349e6 1.92886897e6 3.06049128e6 4.62308795e6 
4.05659574e6 3.90460053e6 4.59811675e6 3.05880078e6 3.7468268e6 5.13432209e6 4.35512212e6 
994
2.55461764e6 965680.92 1.38826292e6 2.21079622e6 3.04973976e6 930557.19 2.29672303e6 
1.63871724e6 1.13240457e6 2.83845382e6 4.99984743e6 3.16509708e6 2.08686703e6 3.79801549e6 
2.23766524e6 339024.78 3.41466045e6 3.90513535e6 2.44743821e6 2.16072465e6 1.84275858e6 
1.56914678e6 927727.27 2.62809449e6 2.00495284e6 1.38002568e6 3.74621207e6 1.09773475e6 
1.16156178e6 1.24736288e6 1.5223807e6 2.34754745e6 1.5852574e6 3.18277172e6 4.36049306e6 
3.1892538e6 472110.67 4.58586571e6 3.82256993e6 3.60134621e6 3.42883135e6 136030.01 
1.59637767e6 4.08923479e6 3.79006736e6 1.63635006e6 2.88646109e6 3.75433703e6 3.39540603e6 
3.95436891e6 1.969687e6 1.41519218e6 1.28641666e6 3.61914098e6 1.74789746e6 3.66218671e6 
993840.32 3.23608941e6 3.22265356e6 1.18510694e6 2.44800776e6 1.53927858e6 2.56249314e6 
3.1287185e6 3.83601203e6 3.12401971e6 1.41567918e6 3.59752101e6 1.90163538e6 1.2149004e6 
1153
1.63519379e6 2.33165303e6 1.7961712e6 1.41172173e6 2.38535559e6 1.44177539e6 1.0527665e6 
872554.69 728663.59 3.31031192e6 4.00771862e6 1.41519459e6 2.9493519e6 4.29850848e6 
1.19086867e6 1.32105553e6 2.83516687e6 2.03179708e6 2.61669761e6 1.49447231e6 1.37404636e6 
1.44857925e6 1.22796819e6 2.55767397e6 1.57165875e6 2.20701411e6 2.35205813e6 1.7528361e6 
1.85444731e6 317704.0 1.15795311e6 1.62707784e6 1.63331816e6 3.56189545e6 3.06255282e6 
2.68220046e6 1.79060431e6 4.51936786e6 3.1968753e6 3.89826177e6 1.45061238e6 2.38462728e6 
3.1607459e6 3.53096999e6 4.56389801e6 2.11802991e6 1.64639278e6 2.35498209e6 2.67731236e6 
2.66150803e6 2.92487682e6 1.86138347e6 1.44765918e6 2.96844325e6 483676.6 1.51507713e6 
520863.29 3.03533481e6 3.64975756e6 1.1263844e6 640096.95 3.09146586e6 2.69610267e6 
2.0139831e6 2.42876524e6 2.97110735e6 1.72163878e6 1.89826129e6 4.22020789e6 2.92067657e6 
1908
7.7021552e6 6.79567174e6 4.54658457e6 4.06913446e6 5.61940942e6 7.82974505e6 6.05032183e6 
7.59432313e6 4.74349961e6 3.09009703e6 6.46527699e6 4.42278443e6 6.07813711e6 2.91884399e6 
6.98563273e6 5.74079365e6 1.63070111e6 3.20953608e6 7.61012054e6 3.26575168e6 3.62543239e6 
4.62121713e6 6.18696301e6 8.72829432e6 7.04168077e6 1.0920652e7 6.26483987e6 5.92344612e6 
8.76182187e6 4.29151727e6 6.21468132e6 2.35721745e6 5.16993828e6 5.47302133e6 6.82575525e6 
2.59818299e6 6.28667869e6 1.51506349e6 1.78891316e6 566243.45 3.67982654e6 6.18776284e6 
6.83817963e6 948122.08 1.70304277e6 9.70539158e6 3.2623178e6 7.10888238e6 6.78421667e6 
1.85216681e6 5.53165938e6 8.82823229e6 7.66333132e6 4.48307009e6 4.13707784e6 5.16935693e6 
5.63212814e6 2.48987501e6 3.47247135e6 5.9771542e6 6.67503529e6 5.87099923e6 1.812243e6 
7.81480327e6 2.1781723e6 1.7789518e6 4.68800057e6 5.26406878e6 5.9036381e6 5.68618772e6 
398
892814.01 1.66653212e6 1.36193108e6 1.03223914e6 662132.34 1.52301017e6 1.2121097e6 
1.23383178e6 940400.96 1.57968828e6 536756.1 462204.54 1.69188505e6 1.65850333e6 
741351.26 1.29236773e6 769162.98 444960.99 1.57362117e6 1.19474641e6 1.04182696e6 
1.19896403e6 1.41210352e6 1.79172839e6 1.18812987e6 1.66839002e6 365765.97 1.35357299e6 
1.85019594e6 884182.48 1.17242275e6 839950.32 1.57385346e6 1.4914311e6 670188.05 
218663.07 1.42659029e6 1.41870272e6 644342.5 1.06203757e6 383474.46 1.87076737e6 
1.67523919e6 989373.61 1.14813382e6 1.53026105e6 875425.54 579813.49 539948.74 
419723.11 2.09369701e6 1.87549184e6 1.28641555e6 359653.68 820499.47 527221.25 
1.00729845e6 357201.25 1.617721e6 1.47054347e6 832510.74 1.60932886e6 1.25694659e6 
1.49660858e6 496957.31 1.14819544e6 1.50141146e6 442043.07 2.16941492e6 1.95820433e6 
321
317388.3 1.56615647e6 1.45870289e6 1.04714101e6 152962.1 1.19840631e6 856614.63 
863450.24 851333.7 1.59981161e6 243680.84 501583.17 1.69077928e6 1.49814198e6 
439470.19 1.31119747e6 758447.54 581402.51 1.14433245e6 833282.25 1.19514227e6 
1.06874218e6 1.15061319e6 1.2271598e6 848005.82 1.40957877e6 216562.21 1.60535324e6 
1.08302358e6 888834.29 816785.18 675669.95 1.27037528e6 1.5089338e6 75815.1 
509308.42 1.136035e6 1.5586149e6 862765.82 1.34675462e6 446765.4 1.2783339e6 
1.72450889e6 1.29628686e6 1.46999701e6 1.32615009e6 1.04048635e6 58601.39 75473.12 
608596.81 1.77926486e6 1.09924639e6 1.10445349e6 170243.67 767968.35 377717.62 
1.07250823e6 728906.91 1.31249104e6 1.12857702e6 546527.25 1.34066019e6 1.38351967e6 
932145.22 596284.35 1.28595123e6 1.12503604e6 405235.3 1.44339294e6 1.65066284e6 
412
1.09381539e6 655488.39 748094.92 900042.3 1.34986227e6 85289.29 448664.23 
342732.77 643842.36 1.94073153e6 1.68940375e6 831046.59 1.08814565e6 1.64504831e6 
740412.97 326241.42 1.48247688e6 1.14539955e6 756765.38 722492.97 935714.01 
589748.73 536581.19 817510.5 544376.38 411762.77 1.12899219e6 644220.1 
356524.96 491783.03 344364.94 1.06580818e6 775893.61 1.25752962e6 1.73802359e6 
1.38929422e6 392447.11 1.80168635e6 1.98532813e6 1.6872498e6 1.00375653e6 453834.24 
1.28143587e6 1.70930184e6 2.14444712e6 403396.31 1.15426744e6 1.12686748e6 1.21837361e6 
1.52969936e6 1.3247791e6 344852.97 192618.92 1.31515846e6 755268.06 1.19581419e6 
317476.87 1.26805637e6 1.42007449e6 80537.82 489794.65 949102.24 1.30246133e6 
566196.96 1.43661289e6 1.8006502e6 849737.37 936296.95 1.35558855e6 1.16404135e6 
2106
5.72512349e6 830138.83 978025.9 1.9897347e6 6.52343682e6 3.07880675e6 5.43966594e6 
5.27381052e6 2.19737309e6 4.52117588e6 8.3221019e6 5.41996172e6 3.59404213e6 6.82534916e6 
4.29779627e6 1.69704053e6 7.67617624e6 6.26368114e6 7.31712415e6 2.00165064e6 1.65001291e6 
812371.38 588909.91 6.76648504e6 6.43324975e6 5.33936753e6 5.79855752e6 1.20506048e6 
4.38204452e6 2.82278875e6 3.99572647e6 3.24125931e6 575571.27 3.65188278e6 9.4780357e6 
6.14430957e6 1.35051379e6 6.22969448e6 5.79743401e6 5.9067156e6 5.95775189e6 2.57532642e6 
2.94030177e6 6.09428086e6 6.06053429e6 5.17950871e6 2.67668574e6 6.95393201e6 9.43989365e6 
4.96237015e6 3.08981336e6 5.47005905e6 4.19709151e6 6.2299685e6 4.22681963e6 5.69194429e6 
2.9174197e6 6.58663137e6 3.45934031e6 3.81562624e6 4.19717872e6 1.54869812e6 4.38921343e6 
6.90463496e6 5.72925779e6 4.98101544e6 626050.14 4.87425112e6 3.05082884e6 2.54794058e6 
452
2.20620029e6 558202.97 606618.57 1.08303471e6 1.79386441e6 1.05030725e6 1.82072509e6 
1.34124196e6 858141.47 1.429322e6 2.65204356e6 1.53588551e6 566527.7 1.90143246e6 
1.51738315e6 637396.65 1.83446045e6 1.49151081e6 1.88627206e6 1.03888657e6 914499.07 
741054.93 745439.89 1.44565586e6 2.05929946e6 1.24074252e6 1.89672073e6 465777.57 
969583.48 1.38325079e6 1.64566597e6 1.75805713e6 666621.3 1.04727501e6 2.33108775e6 
2.26552073e6 715670.65 1.5260991e6 2.5455451e6 1.61890487e6 1.57166739e6 518821.62 
284814.85 2.03430893e6 2.10954319e6 1.28693716e6 1.63163172e6 2.01289284e6 2.54834354e6 
2.21788177e6 331409.1 1.54280087e6 1.26536587e6 2.62207186e6 1.51336426e6 2.14035705e6 
868465.99 1.95855458e6 1.03821602e6 908787.75 1.79446675e6 412607.54 1.28983719e6 
2.02173546e6 1.99171797e6 1.67487882e6 699076.47 1.60780969e6 252796.12 347627.93 
3032
6.31845213e6 6.69475852e6 7.92989164e6 4.99189963e6 7.80962109e6 2.39948008e6 2.56083519e6 
1.527589e6 3.71426573e6 1.363194967e7 1.260970392e7 7.2823741e6 8.92434166e6 1.137320733e7 
5.18651437e6 2.89673637e6 1.048774873e7 8.53083121e6 3.72020495e6 6.10215383e6 5.82035204e6 
6.6762555e6 4.10726835e6 4.1492195e6 3.07411089e6 3.0921141e6 9.12559999e6 6.9636246e6 
3.68078635e6 2.89629068e6 1.13696036e6 8.65360001e6 5.57483755e6 9.68191896e6 8.00035105e6 
8.25366591e6 5.45905856e6 1.314980294e7 9.97363885e6 1.19751743e7 8.4107816e6 3.59695778e6 
1.014768331e7 1.281940988e7 1.244977085e7 3.11775503e6 8.3178056e6 9.94829078e6 9.48972354e6 
1.13105021e7 8.36119228e6 2.77552443e6 1.24818289e6 8.3641974e6 3.33298211e6 6.69578719e6 
2.73422856e6 8.3997274e6 1.131903038e7 913580.6 3.15648114e6 6.81080768e6 1.031993412e7 
4.06211698e6 9.01302636e6 1.200388243e7 7.50379701e6 6.37440862e6 9.12405177e6 8.6006087e6 
822
3.95537609e6 1.85983785e6 1.64938411e6 1.58627218e6 3.29976398e6 3.2378824e6 3.92952529e6 
2.69329154e6 2.04901044e6 250934.61 3.90819619e6 2.27418379e6 2.03854305e6 601322.12 
3.10436787e6 2.64740268e6 1.56773407e6 1.92972071e6 4.0444972e6 1.26357826e6 1.55662703e6 
1.75261051e6 1.68930039e6 3.80767033e6 3.55672463e6 3.68562649e6 2.86758253e6 1.96596978e6 
3.2713945e6 2.43639135e6 2.97578361e6 1.43952082e6 1.44256409e6 1.17187448e6 3.67942806e6 
2.13568759e6 2.10903562e6 594456.32 1.78610691e6 795172.92 2.9077692e6 3.32516388e6 
2.69182947e6 1.28014489e6 945745.03 3.41554267e6 1.35457603e6 3.03101079e6 4.37996677e6 
1.5399477e6 1.93636417e6 3.95685235e6 3.02171181e6 2.5705984e6 2.89965334e6 2.47163264e6 
2.46361686e6 2.09901555e6 561896.41 3.16536487e6 3.07629047e6 1.72497575e6 531900.01 
4.09261474e6 1.43527464e6 282628.26 1.73562009e6 2.37033585e6 1.92147308e6 1.74535051e6 
2046
6.80899545e6 1.64537326e6 1.0410128e6 3.06106085e6 6.73129062e6 5.69378555e6 7.29089574e6 
5.73833707e6 3.1223033e6 3.28847902e6 1.076136739e7 5.010827e6 2.16762026e6 5.02409435e6 
6.85915282e6 4.17954431e6 6.62012159e6 4.73214834e6 9.9681006e6 1.74617135e6 2.50015641e6 
1.68989537e6 2.08028667e6 9.81531584e6 6.43842843e6 7.5874483e6 7.78080873e6 1.81141415e6 
7.61516477e6 3.7767605e6 5.97693233e6 3.15431296e6 1.26465265e6 2.37159871e6 7.73541578e6 
7.53589464e6 3.41537916e6 5.11764322e6 6.24074733e6 5.49416087e6 5.42172694e6 4.74477934e6 
2.57074067e6 6.17589688e6 4.28078774e6 8.98220984e6 3.31584963e6 1.015716183e7 7.28107794e6 
5.06236297e6 2.67863128e6 7.45473169e6 5.09544112e6 8.7539118e6 4.47102863e6 7.49716151e6 
4.66615295e6 5.92289233e6 1.70736159e6 5.57060742e6 5.45732503e6 1.56295442e6 3.08716471e6 
6.74788005e6 5.87067322e6 3.95216408e6 1.58635826e6 6.61823634e6 2.71836388e6 2.55019577e6 
1216
1.02855862e6 4.73606245e6 3.74364638e6 2.57421476e6 561377.41 4.16898752e6 2.78812014e6 
2.91894536e6 3.64439349e6 5.12885495e6 1.15378154e6 1.18419862e6 7.15336788e6 4.45185669e6 
1.5377906e6 4.38905091e6 3.00621243e6 2.07801985e6 3.87349611e6 2.95939106e6 4.11623044e6 
3.90553516e6 3.93004348e6 4.56986812e6 2.38304175e6 5.22120482e6 455813.37 4.53165982e6 
4.23327035e6 3.00836359e6 2.30725222e6 3.10807974e6 4.74060439e6 4.70786457e6 787368.66 
2.10997353e6 5.17941967e6 5.36714995e6 2.83705581e6 3.78538054e6 1.16700611e6 5.16974248e6 
6.39059266e6 5.11538117e6 4.4555484e6 4.1737959e6 2.78214679e6 309527.7 492561.88 
2.37777508e6 7.16385912e6 4.95244261e6 3.12854832e6 407373.15 2.08363546e6 774324.88 
3.13306358e6 2.33165658e6 4.21707832e6 4.008422e6 2.44744085e6 4.72489956e6 4.94265996e6 
3.26616269e6 2.88162304e6 5.39256171e6 3.83688497e6 1.14158236e6 6.34798253e6 5.23849761e6 
1491
3.0101318e6 4.8850268e6 5.41065751e6 3.6108148e6 3.30240882e6 7.05690277e6 4.06504113e6 
4.14879997e6 4.57445943e6 4.30467136e6 2.35791775e6 2.16119988e6 6.77604071e6 4.32693725e6 
3.63624791e6 5.07316489e6 1.85930058e6 1.79564061e6 5.51335371e6 4.28610548e6 4.37062539e6 
4.74615693e6 6.03921592e6 7.31804352e6 5.44034177e6 8.25024323e6 2.0468998e6 7.06086078e6 
7.96495042e6 3.9826895e6 5.3992034e6 2.50895096e6 4.81880377e6 7.37869871e6 2.16990854e6 
867301.03 6.83283255e6 3.28616815e6 1.90660707e6 3.21171765e6 2.00126784e6 6.40182903e6 
7.48656767e6 3.67444717e6 4.8596236e6 6.83331751e6 2.75049632e6 3.01868821e6 3.24197415e6 
1.28644624e6 5.83262427e6 5.60271793e6 6.73121162e6 1.98681469e6 3.40260578e6 2.8185593e6 
4.41133698e6 1.39450321e6 4.98161873e6 5.73730647e6 4.44846608e6 5.29622866e6 3.57602504e6 
5.33527983e6 1.65681662e6 4.11491693e6 6.1202094e6 1.63677443e6 8.78289879e6 5.52253806e6 
4543
1.366111657e7 1.638021789e7 1.510614916e7 1.035659556e7 1.052423243e7 1.992232464e7 1.473363887e7 
1.838906855e7 1.519569173e7 1.633620013e7 1.108588314e7 8.56435605e6 2.000138831e7 1.426410077e7 
1.307839747e7 1.509537934e7 5.08079163e6 4.55508244e6 1.785351448e7 1.318603303e7 1.011615452e7 
1.113978178e7 1.599655642e7 2.48484993e7 1.614547153e7 2.478533132e7 7.67274327e6 1.437146622e7 
2.313018131e7 1.494386514e7 1.555335356e7 7.81420324e6 1.718895393e7 2.161323534e7 1.147671297e7 
2.15944829e6 1.724903425e7 1.18360181e7 3.6292929e6 9.44631083e6 6.05141688e6 1.882573432e7 
1.976624144e7 7.51323537e6 1.12604872e7 2.567112368e7 9.3335461e6 1.060944502e7 8.83221778e6 
2.62192813e6 2.193364955e7 1.77950687e7 1.576889259e7 7.25923053e6 1.176197591e7 8.36558149e6 
1.600155403e7 2.9667619e6 1.548583642e7 1.530676428e7 1.334925128e7 1.948043243e7 1.094647131e7 
1.451089018e7 3.76757103e6 1.065413298e7 1.915323567e7 7.02166815e6 2.328541007e7 2.252242828e7 
1291
785311.82 4.48094557e6 3.84888651e6 3.29558984e6 516406.16 3.50527425e6 2.01946982e6 
2.92475276e6 3.49559774e6 5.2058348e6 1.89475714e6 1.9847353e6 7.85847338e6 6.43538175e6 
1.69489273e6 5.00810189e6 3.81398877e6 2.96851746e6 3.09819203e6 3.71875347e6 3.2369188e6 
4.68727793e6 4.18949914e6 3.23776993e6 2.41505707e6 3.82700279e6 1.17841366e6 5.33507575e6 
3.41991223e6 3.5068778e6 2.33617684e6 3.29533465e6 3.74410252e6 6.32761536e6 1.25472851e6 
2.98122406e6 3.63865552e6 6.40929065e6 4.47736241e6 5.97201769e6 2.18882685e6 4.4411655e6 
6.75432732e6 5.35535015e6 7.02264448e6 4.16841968e6 4.09230996e6 1.02395506e6 1.04468628e6 
3.85126771e6 6.00311008e6 3.11793391e6 2.68942855e6 1.29661074e6 2.27332902e6 1.48674004e6 
3.11054088e6 3.77716964e6 6.96257581e6 3.28820384e6 2.14585035e6 4.56310014e6 5.26382335e6 
2.42265033e6 2.83101175e6 4.6718259e6 4.33896224e6 1.42157798e6 6.22534529e6 4.93760248e6 
566
2.61176536e6 357645.63 370134.0 1.12990912e6 2.12620361e6 1.54597722e6 1.95206147e6 
1.58821862e6 960659.22 1.46764684e6 2.98140413e6 1.76054977e6 366004.86 1.75600344e6 
1.61282315e6 826366.05 1.65813747e6 2.10019413e6 1.98784289e6 931833.21 676535.22 
770313.59 713266.68 2.03519593e6 2.13012079e6 1.91618597e6 2.09122021e6 290052.48 
1.87477728e6 1.23781988e6 2.01065445e6 1.6522772e6 662876.37 674768.98 2.9745533e6 
2.15562039e6 666489.02 1.48750311e6 1.72351228e6 1.41001058e6 1.7493054e6 862867.72 
441066.1 1.61872894e6 1.73251945e6 1.81518284e6 1.35781993e6 2.7912491e6 2.62537482e6 
1.84113724e6 440712.65 2.03196155e6 1.82888599e6 1.94792613e6 1.71967198e6 2.30770107e6 
1.09566086e6 2.24282786e6 787251.36 1.64427294e6 1.95030041e6 110632.39 1.00146867e6 
2.4884918e6 1.95467486e6 1.47198423e6 388462.5 1.81384163e6 439332.86 221629.94 
916
994653.69 1.67132945e6 1.8467e6 860616.03 1.68844887e6 1.51960071e6 905729.11 
1.02718838e6 640051.27 3.4278268e6 2.98296934e6 864919.34 3.67376113e6 3.29309623e6 
629714.44 1.64935992e6 2.54486369e6 1.66258502e6 1.71972139e6 1.4704272e6 1.07317068e6 
1.49419959e6 1.23884993e6 2.58564215e6 1.61484502e6 2.49078723e6 1.34077909e6 1.83743923e6 
1.71129617e6 474435.57 1.12715598e6 1.42340563e6 1.39274536e6 3.45707309e6 1.79553836e6 
1.79813775e6 1.83432366e6 2.93117009e6 2.4267695e6 3.10575166e6 1.21541689e6 1.75438615e6 
3.17791165e6 2.58184231e6 3.57677967e6 1.7425937e6 1.44230452e6 1.50255797e6 1.78181783e6 
1.87141289e6 3.40976373e6 2.33404705e6 1.68243983e6 1.46167166e6 82725.07 846804.75 
833175.24 2.06822168e6 2.33306482e6 1.03088646e6 386164.08 2.14942685e6 2.59904569e6 
1.66515915e6 1.66458143e6 2.97350461e6 2.23751775e6 1.02027333e6 3.59946658e6 2.31674998e6 
5432
1.879245142e7 7.83629784e6 4.01442421e6 5.42279433e6 2.068267077e7 1.473869211e7 1.303825375e7 
1.682864619e7 7.79404982e6 1.006203164e7 2.121021088e7 9.88559074e6 8.23048934e6 1.102248104e7 
1.617471322e7 1.16050058e7 1.020438668e7 1.049407131e7 1.791361075e7 2.84103476e6 3.34557725e6 
5.12746484e6 6.61134056e6 2.13981877e7 1.863527443e7 1.598375513e7 1.714206282e7 9.23561522e6 
1.599426375e7 9.67280583e6 1.476134155e7 6.51547096e6 4.45211656e6 9.42958852e6 2.363687054e7 
1.187231589e7 8.02543567e6 7.94732713e6 1.245888818e7 1.147111007e7 1.097608138e7 1.091424774e7 
1.207911877e7 1.167091214e7 1.21886389e7 2.027110264e7 4.36291341e6 1.563288686e7 1.795832386e7 
1.152801289e7 1.226128688e7 2.010658131e7 1.544293239e7 1.378558433e7 1.004338272e7 1.586101832e7 
9.81452969e6 1.161526331e7 4.78211865e6 1.562826852e7 1.232165534e7 7.82941274e6 5.13638641e6 
1.789511329e7 1.017052551e7 5.83657534e6 5.67204139e6 1.304512243e7 1.086411154e7 9.88740355e6 
722
3.1344902e6 2.78548531e6 2.19679509e6 2.35646535e6 2.6191884e6 4.02802779e6 3.25811171e6 
2.9296064e6 2.40193934e6 750069.57 3.71746049e6 2.37654475e6 2.40939154e6 556156.61 
2.7013354e6 3.44142787e6 1.35595114e6 1.543884e6 3.57257077e6 1.8536562e6 2.06542329e6 
2.63785055e6 2.55781308e6 4.99018859e6 3.99735754e6 3.27856944e6 3.11748584e6 2.29128069e6 
4.48171343e6 2.14846289e6 3.62906781e6 1.81534388e6 2.37616752e6 1.52644977e6 2.85661878e6 
1.67361397e6 2.69096326e6 277044.16 1.21357111e6 595285.76 2.54454691e6 3.71794345e6 
2.98784834e6 511482.67 112746.38 3.64406597e6 1.5421681e6 3.32310706e6 3.7642189e6 
1.73103018e6 2.57824508e6 3.596563e6 3.26644007e6 2.99852048e6 2.4837279e6 2.87590667e6 
2.90470159e6 1.64837732e6 1.50564528e6 3.36438331e6 3.0979286e6 2.15869325e6 904997.93 
3.61805085e6 1.52801419e6 755859.96 1.8676901e6 2.76555174e6 2.76164004e6 2.81746816e6 
916
504395.41 3.29908378e6 2.3457639e6 1.77864658e6 1.02968649e6 2.29214192e6 669111.19 
846661.64 1.39720685e6 4.21730031e6 2.33754428e6 938977.29 3.48476738e6 4.56683381e6 
284202.92 2.50117051e6 3.26218633e6 2.0636306e6 1.51051775e6 2.46774146e6 2.06843525e6 
2.16675648e6 2.35177464e6 2.16913173e6 928882.11 2.38532058e6 1.05313855e6 2.76147138e6 
2.39614673e6 1.31577333e6 852066.89 1.81804201e6 2.90676295e6 3.85491598e6 1.8479653e6 
2.23179504e6 1.90184529e6 4.0118344e6 2.93113288e6 2.82211377e6 1.10389967e6 2.6030723e6 
4.43118658e6 3.210373e6 4.57939526e6 1.73945209e6 2.47709789e6 1.51666342e6 1.18108142e6 
2.7623726e6 3.63055447e6 1.87819116e6 1.35005456e6 1.39360794e6 803454.56 688424.38 
1.39241945e6 1.87584793e6 3.87684508e6 1.49645663e6 575343.82 3.61720966e6 3.53202309e6 
1.06656632e6 2.52827812e6 3.67597531e6 2.89307513e6 1.24902296e6 4.03425407e6 3.14638962e6 
3876
1.027588465e7 7.66585208e6 8.63708294e6 8.21994642e6 1.342911067e7 2.67186373e6 6.35659168e6 
4.40816379e6 7.00083617e6 1.784199832e7 1.565733726e7 1.307708738e7 1.543742117e7 1.944581652e7 
7.33121602e6 4.57561354e6 1.8882763e7 1.130723685e7 5.00017954e6 1.104497565e7 9.69751366e6 
8.08232083e6 6.68783978e6 4.10756496e6 6.98677809e6 1.34165565e6 1.417732729e7 7.37424605e6 
1.0245768e6 5.80998448e6 5.32463981e6 1.4215893e7 1.020509515e7 1.572629167e7 1.474904722e7 
1.390970046e7 6.93356025e6 2.035782724e7 1.479415575e7 1.606373085e7 1.000961007e7 4.61775879e6 
1.18483246e7 2.148014888e7 2.260306789e7 2.727285e6 1.290373229e7 1.258692103e7 1.55618262e7 
1.710252443e7 1.234009491e7 1.60884391e6 2.28945504e6 1.696243843e7 8.16522743e6 9.59555097e6 
6.07539095e6 1.322520574e7 1.57688605e7 2.46657433e6 5.80571925e6 9.46931515e6 1.621859885e7 
6.24603065e6 1.310362508e7 1.466769908e7 9.53617358e6 1.211523192e7 1.423303386e7 1.173246533e7 
683
2.69721198e6 624626.93 1.18994628e6 1.68046473e6 3.3708011e6 704760.84 1.54437007e6 
1.29776325e6 1.12468816e6 2.32156206e6 3.53021121e6 2.06589584e6 1.20049304e6 2.49532941e6 
2.00527458e6 524521.04 3.14362806e6 2.5663063e6 2.41901033e6 1.48022996e6 1.1679851e6 
1.31365791e6 1.08566932e6 1.75204694e6 2.34326816e6 1.0492299e6 3.40178483e6 567874.17 
1.24995826e6 1.3719973e6 1.61112826e6 2.31593458e6 1.28222571e6 1.88153039e6 3.41226536e6 
2.75878424e6 502176.18 3.04785059e6 3.01078177e6 3.35797745e6 2.46207713e6 329031.46 
1.15375019e6 2.66260375e6 3.29331694e6 1.8735771e6 1.57488279e6 2.45837963e6 3.02651938e6 
2.46118937e6 915413.14 1.34574169e6 1.56949744e6 2.67514598e6 1.68505738e6 2.70298971e6 
1.11356214e6 3.20607905e6 1.98807512e6 1.17964873e6 1.85400366e6 1.0062358e6 1.94594619e6 
1.90371223e6 2.33993549e6 2.85974397e6 1.01864777e6 2.69309703e6 962721.8 962814.5 
1482
5.40578565e6 1.25697745e6 1.792086e6 3.21249439e6 5.91312931e6 1.79519226e6 3.02942205e6 
3.26627076e6 2.99013097e6 5.882404e6 6.78032514e6 3.9327295e6 2.43059153e6 5.92779609e6 
4.62712652e6 972452.5 6.3529221e6 5.65045266e6 3.86513598e6 2.47924678e6 2.73650529e6 
2.22271224e6 1.63752385e6 5.05841611e6 5.08102378e6 3.06091668e6 4.88053475e6 1.11599292e6 
2.12476862e6 2.94924332e6 3.5544393e6 4.61790625e6 2.30813036e6 3.36683945e6 7.96310334e6 
5.17151742e6 947319.53 6.87391495e6 6.51574899e6 6.73047114e6 6.07772541e6 500639.37 
2.00394961e6 6.44504878e6 6.26401909e6 3.17071702e6 3.70634153e6 6.56659929e6 6.65554168e6 
6.70924811e6 2.19626554e6 3.31301662e6 2.71228827e6 7.3454853e6 3.44227246e6 5.15691767e6 
2.12352339e6 5.53233544e6 4.28262395e6 2.22387877e6 3.26516943e6 1.44862217e6 4.7872195e6 
3.75402357e6 5.71766221e6 4.70921158e6 2.14759947e6 5.6406287e6 1.87010285e6 1.81491351e6 
761
2.12380741e6 1.31717429e6 812056.05 730461.71 2.35329964e6 2.31905514e6 2.13271262e6 
2.28572001e6 1.1249428e6 1.08735766e6 2.5738092e6 1.89637271e6 1.41031749e6 1.41615313e6 
2.37133046e6 1.57021484e6 1.61965123e6 1.72249837e6 3.44896092e6 631528.57 528052.37 
1.02330021e6 987826.27 4.1569175e6 3.1330721e6 2.77636087e6 2.46907458e6 1.08516235e6 
2.41858979e6 1.21574365e6 2.61451583e6 1.05914277e6 681937.51 1.02494248e6 2.80738185e6 
1.53209521e6 1.65131021e6 1.12828184e6 1.60714491e6 1.01939956e6 2.0029359e6 1.79983401e6 
1.96889403e6 1.52010582e6 1.3239023e6 3.09010562e6 785726.28 2.90211201e6 2.67469952e6 
1.6329425e6 1.82000361e6 3.24524212e6 2.22651938e6 2.71204708e6 1.57804548e6 2.18837219e6 
1.91743323e6 1.65260681e6 586972.71 1.86620158e6 2.07784196e6 1.23813956e6 389811.52 
2.497171e6 1.10734845e6 647397.73 940124.78 2.21884937e6 1.69181129e6 1.20866345e6 
499
995840.3 1.52849656e6 2.08368197e6 1.85457862e6 1.41884229e6 916106.18 577815.06 
742766.01 1.5458964e6 2.77712321e6 2.48659754e6 1.43936998e6 2.23953379e6 2.55400329e6 
1.05708633e6 1.32404281e6 2.87305299e6 2.34446152e6 194886.72 1.96182335e6 1.66150702e6 
1.50353837e6 1.37425434e6 260592.81 662529.48 627192.14 2.03135216e6 1.61116118e6 
519177.46 966869.22 673163.41 1.68232223e6 1.46805552e6 2.49393704e6 1.98638494e6 
2.19508449e6 1.55141613e6 2.47889861e6 2.10699928e6 2.6305655e6 1.35654191e6 1.18517361e6 
2.25900222e6 2.37144073e6 3.16877559e6 174399.17 1.94790552e6 1.84042171e6 1.42991555e6 
2.29028803e6 1.85167479e6 346422.51 452552.92 1.49302061e6 1.07749795e6 1.19470346e6 
961862.32 1.83217609e6 2.66610718e6 620646.12 878764.56 1.9283682e6 2.41804792e6 
597490.39 1.90774496e6 2.91408089e6 1.64054971e6 1.84571108e6 1.86980672e6 1.95396819e6 
504
218813.62 2.23435086e6 1.87940546e6 1.19643857e6 291396.97 1.44920063e6 538732.87 
790216.79 1.46500415e6 2.58491698e6 937431.43 800725.24 2.3014128e6 2.47754681e6 
474599.83 1.36484592e6 2.16561632e6 1.25797559e6 952761.03 1.24985433e6 1.55485068e6 
1.32079268e6 1.78623002e6 1.53219252e6 591042.0 1.66751336e6 585574.4 1.59704363e6 
1.47769124e6 861523.91 892629.37 1.19651287e6 1.43115848e6 2.15997849e6 831509.29 
1.2766074e6 1.70023091e6 2.01440437e6 1.74897204e6 2.22428908e6 773986.8 1.68851798e6 
2.0436088e6 2.41265493e6 2.72726638e6 1.16052817e6 1.31629415e6 615923.1 627395.54 
1.72166101e6 2.82818616e6 1.33525659e6 1.06339737e6 699889.96 739078.7 551679.13 
943259.37 1.25445298e6 2.50991556e6 945994.39 706706.8 2.15242526e6 2.05476466e6 
647302.33 1.20202313e6 2.60811826e6 1.7164143e6 829676.0 2.1309145e6 2.29973687e6 
1136
1.2828553e6 2.86175699e6 3.19683011e6 1.39673462e6 1.13664931e6 3.30244148e6 1.98025259e6 
1.85893128e6 1.49958698e6 3.30736969e6 2.66022194e6 199835.15 4.98743064e6 3.59324276e6 
772909.77 3.16936607e6 2.30671695e6 1.30562888e6 3.47577782e6 2.01314652e6 2.29411871e6 
1.91276726e6 2.1752223e6 3.34871986e6 2.37034566e6 3.1774277e6 1.02298317e6 3.07110609e6 
4.12594079e6 1.75737096e6 1.57450215e6 1.26176467e6 2.92130975e6 3.64222641e6 2.07333388e6 
1.42958321e6 3.32795988e6 3.24470639e6 2.47525119e6 2.52195658e6 331284.06 3.61939615e6 
5.15160936e6 2.97226569e6 4.27980098e6 3.29551666e6 1.6857689e6 1.51689424e6 1.66407659e6 
1.98499074e6 5.07329354e6 3.9146585e6 2.6756016e6 1.3149851e6 793068.25 541649.08 
1.58679455e6 1.73321921e6 3.71794867e6 2.59037307e6 1.03111357e6 3.83057385e6 2.48456089e6 
2.58897063e6 1.38717005e6 3.53570162e6 3.36295431e6 458667.59 5.11867278e6 4.16054314e6 
4165
7.81335219e6 1.391023329e7 1.232321885e7 1.125032067e7 1.133341776e7 5.49544683e6 2.31117035e6 
2.0215885e6 9.45273807e6 1.606128733e7 1.292026812e7 8.43775635e6 1.621752563e7 1.921855313e7 
7.42022624e6 7.09516529e6 1.631988546e7 1.307127492e7 2.5999712e6 1.28401606e7 1.277159835e7 
9.64658134e6 1.088045503e7 5.83817276e6 2.49313878e6 5.26472922e6 1.326045258e7 1.243979542e7 
5.3856393e6 8.1023459e6 3.00657808e6 1.287596632e7 1.197715007e7 2.136254067e7 1.155133243e7 
1.44404355e7 8.45030828e6 2.154558714e7 1.537808199e7 1.643236488e7 8.56512543e6 9.43605708e6 
1.357916887e7 2.168387242e7 2.606723745e7 3.36832673e6 1.358732062e7 9.32051327e6 1.184986854e7 
1.466015356e7 1.318138446e7 3.06936931e6 2.27342806e6 1.288886901e7 6.8062978e6 8.71841492e6 
7.19829817e6 1.216491352e7 1.896425339e7 4.44010184e6 6.30592246e6 1.100416222e7 1.337143491e7 
3.30230249e6 1.411101345e7 1.897655348e7 1.31136089e7 1.174622155e7 1.496238102e7 1.36540174e7 
477
804779.87 1.72128443e6 1.47880378e6 1.29102578e6 890404.16 864735.66 428962.68 
422074.01 1.27621827e6 2.25870471e6 1.68503115e6 1.21687616e6 2.30213482e6 2.42233743e6 
592242.04 1.35530033e6 1.88316744e6 1.64489014e6 289609.57 1.54276138e6 1.51043359e6 
1.40598103e6 1.18366901e6 632366.72 171345.97 1.09977316e6 1.04539528e6 1.3078432e6 
806412.6 950948.92 460909.78 1.70682007e6 1.27726262e6 2.70806626e6 1.26785013e6 
1.75692836e6 1.09482024e6 2.7701476e6 2.34337715e6 1.89568122e6 985004.93 1.27745017e6 
2.29522175e6 2.57095646e6 2.15291091e6 624686.25 1.43269107e6 914116.89 1.22435429e6 
1.5069943e6 2.31948806e6 602167.09 561464.65 1.16107104e6 988195.42 1.04548262e6 
860226.91 1.63210844e6 2.60603589e6 809041.69 689505.96 1.47306105e6 2.04700199e6 
46232.06 1.65853081e6 2.63892049e6 1.6495781e6 1.01238042e6 1.91078004e6 1.74132124e6 
1840
7.37895946e6 1.84884648e6 2.03715259e6 4.41781001e6 8.44484617e6 4.11073738e6 6.34386534e6 
7.49809482e6 4.32203849e6 4.0192423e6 1.164247181e7 5.686218e6 471660.49 4.2109939e6 
5.66449453e6 3.34414329e6 7.95540114e6 5.90317688e6 8.57966823e6 3.97398602e6 3.93535023e6 
2.81660073e6 2.55426492e6 7.77516221e6 8.82060895e6 5.6969701e6 8.57482431e6 2.12663352e6 
5.97320414e6 4.94894121e6 7.01755086e6 4.60288571e6 2.73980045e6 1.53700296e6 1.048623397e7 
8.69707973e6 3.22962702e6 5.89836159e6 6.96170557e6 6.18801488e6 8.58419395e6 3.58662311e6 
1.13574983e6 7.78539753e6 6.01928359e6 6.04909235e6 5.36449613e6 7.6325407e6 9.72130185e6 
7.715518e6 523358.25 7.92280234e6 5.1045517e6 7.6881449e6 5.6193425e6 6.81061719e6 
4.51763887e6 7.71249639e6 3.26686352e6 4.54604799e6 6.91639252e6 1.26635822e6 4.48401265e6 
7.73421092e6 5.93379652e6 4.33087206e6 1.70046456e6 8.0771051e6 1.0122484e6 728913.29 
466
1.50732598e6 1.05004223e6 1.12902924e6 1.54117038e6 1.56564049e6 376197.61 657091.28 
684607.85 1.09736947e6 2.27835268e6 2.34527356e6 1.70911454e6 1.46430938e6 2.31355735e6 
1.14405562e6 603331.18 2.50404732e6 2.07327803e6 590719.55 1.21640568e6 1.57359182e6 
1.03045523e6 920213.32 412553.28 643306.69 166061.42 1.79847652e6 1.24606617e6 
168417.67 980240.82 615812.47 1.68792839e6 1.36986886e6 1.81275886e6 1.73074494e6 
1.66884568e6 817259.35 2.72744199e6 2.0219479e6 2.41658468e6 1.82863903e6 782217.16 
1.60887524e6 2.785774e6 2.77401475e6 149732.67 1.79104719e6 2.02969955e6 1.54352801e6 
2.13816282e6 1.82402602e6 50222.92 298982.68 1.85443109e6 977215.31 1.45807678e6 
803418.65 2.36187006e6 2.245476e6 474168.91 843081.71 1.12731801e6 1.622543e6 
600036.3 2.29339683e6 2.45853836e6 1.19194229e6 1.41408092e6 1.58951757e6 1.64763831e6 
688
915502.82 2.11588708e6 1.65937407e6 1.54580228e6 1.40084512e6 942140.69 201352.45 
47234.55 1.10785883e6 2.48420619e6 2.25750166e6 1.32806754e6 2.96299954e6 3.25545998e6 
870802.39 1.27790594e6 2.58790531e6 1.58566616e6 833682.6 1.69157801e6 1.42140068e6 
1.37522062e6 1.15489175e6 1.16597069e6 470182.58 1.13876707e6 1.5138235e6 1.46673962e6 
1.07867277e6 725390.25 83526.55 1.82099749e6 1.90002804e6 2.43345872e6 1.80566985e6 
1.86463667e6 1.37395676e6 3.00445524e6 2.64857516e6 2.46651546e6 1.39360136e6 1.1903621e6 
2.82620991e6 2.95483841e6 3.72014283e6 958934.15 1.6112852e6 1.84988831e6 1.41915137e6 
1.97889255e6 2.1417716e6 818225.69 502036.0 1.571447e6 931221.52 1.30750973e6 
694331.48 1.76697712e6 2.32880966e6 621483.94 610333.34 1.80977532e6 2.45325597e6 
549182.51 2.32003018e6 2.77065041e6 1.98826592e6 1.2398077e6 2.34865255e6 1.92943451e6 
782
3.07367257e6 2.50576737e6 2.42622509e6 1.74329679e6 3.71682263e6 3.82334802e6 3.13020768e6 
3.33588319e6 2.82711607e6 1.01916679e6 3.73394085e6 2.21135124e6 2.75226804e6 803977.04 
3.16582825e6 3.63580761e6 644966.46 1.7830262e6 3.65578094e6 1.83660785e6 1.81604102e6 
2.09264367e6 2.56107563e6 4.49396703e6 3.58978515e6 3.83488053e6 2.53951456e6 3.09924144e6 
4.66130427e6 2.69917835e6 3.985002e6 1.4426008e6 1.92050678e6 1.72166497e6 3.34264948e6 
1.65865539e6 3.35016015e6 452806.99 1.03549931e6 186755.83 2.03656406e6 3.36083598e6 
3.60353631e6 226578.65 511785.11 4.47403707e6 1.54766284e6 3.13828163e6 2.66893305e6 
1.38843869e6 3.36746768e6 4.43002464e6 3.55329468e6 2.78640571e6 2.70113422e6 2.56064555e6 
2.62823499e6 1.13555484e6 1.48618931e6 3.21194506e6 3.19631209e6 2.71564002e6 886219.71 
3.22954442e6 1.22671463e6 939855.62 2.79981629e6 2.69395778e6 3.70023238e6 2.84153148e6 
375
1.18203054e6 1.42247265e6 1.20012111e6 884241.02 1.15326289e6 1.47347034e6 1.38032686e6 
1.1949068e6 917287.05 887395.98 993218.8 729839.16 1.64443908e6 796995.47 
976239.92 1.58944399e6 109954.89 431389.35 2.04230612e6 721886.0 934728.16 
965687.99 1.29796147e6 2.01732118e6 1.47706139e6 2.14749119e6 686328.46 1.37056729e6 
1.82399689e6 1.14840464e6 1.4191758e6 444771.85 1.10564967e6 1.2443884e6 1.09550866e6 
291111.95 1.37805493e6 536226.71 75997.96 389718.18 632619.26 1.57732007e6 
1.40252832e6 445295.91 782964.0 2.08221992e6 629334.27 1.12305426e6 996724.49 
151944.52 1.75779222e6 1.72593674e6 1.56089495e6 839951.77 800170.34 839185.99 
1.02763512e6 188914.81 1.0254053e6 1.46205475e6 1.21837917e6 1.15740448e6 733815.12 
1.3169757e6 216049.25 554017.14 1.13186559e6 644057.27 1.57685838e6 1.16105019e6 
1565
3.43409086e6 4.21068589e6 4.76022122e6 3.08754135e6 3.84286591e6 4.7027246e6 4.53915973e6 
5.46217774e6 3.32296819e6 3.93413632e6 3.94850688e6 1.96424344e6 6.74463165e6 3.34916353e6 
3.04568274e6 5.31079631e6 1.18244176e6 675111.93 7.49091977e6 3.05945705e6 2.9591115e6 
4.10256918e6 4.17988336e6 7.7048994e6 4.94567811e6 5.62627351e6 2.78148162e6 5.41396578e6 
5.77976901e6 4.10768775e6 3.80680505e6 1.40565423e6 4.49637977e6 5.20797605e6 4.20166792e6 
758472.76 4.17879533e6 3.09579439e6 1.36377691e6 2.51543156e6 1.64664156e6 5.5906276e6 
6.94406624e6 2.15317245e6 4.22594122e6 7.18738509e6 1.86908104e6 3.88428917e6 3.70869611e6 
300167.19 6.53390931e6 6.42827469e6 5.24839011e6 2.96099213e6 2.81573678e6 2.30892455e6 
4.85259468e6 132592.45 4.14185544e6 5.78901359e6 3.45884263e6 5.92845847e6 2.56459314e6 
6.21721837e6 205433.14 3.29000456e6 3.93173674e6 2.45034308e6 6.20089643e6 4.68843359e6 
1307
2.75828253e6 4.07859513e6 3.6974096e6 2.50802737e6 2.58893139e6 4.94908719e6 4.78873068e6 
4.59585937e6 3.05616465e6 4.15732949e6 2.17169271e6 2.26248344e6 6.67120485e6 4.30298712e6 
3.09303003e6 4.48080038e6 1.29907411e6 1.31683084e6 5.14631539e6 3.79155659e6 3.90948727e6 
4.17286988e6 4.70765972e6 7.44304539e6 3.99662414e6 7.47034515e6 1.89641961e6 5.6808151e6 
5.31130675e6 3.04844869e6 4.5339122e6 1.73834144e6 4.95517488e6 6.39141751e6 2.46498444e6 
621798.14 5.7190524e6 3.83565361e6 1.27283163e6 2.24988421e6 1.94045165e6 6.67736669e6 
6.05237372e6 2.63861892e6 3.40807867e6 5.80366154e6 3.01102487e6 2.84569703e6 3.11367367e6 
853382.47 6.02079739e6 6.58586115e6 4.57131649e6 1.45130415e6 2.57400578e6 2.56714949e6 
4.69073916e6 998607.48 4.44346663e6 4.26363771e6 3.80444591e6 6.43662348e6 3.58907647e6 
5.35315928e6 1.17655548e6 4.21735896e6 4.3169385e6 1.9888235e6 7.28575865e6 5.78614884e6 
575
2.30378321e6 922606.46 1.10993663e6 1.47664195e6 3.06428981e6 1.66508772e6 2.64292061e6 
2.32257841e6 1.71237599e6 1.5295919e6 3.22713815e6 2.08808329e6 475412.43 2.0700027e6 
1.99413624e6 1.06165784e6 2.97323877e6 2.6109141e6 2.63051572e6 1.18537204e6 1.19312557e6 
1.28900844e6 1.29464588e6 2.73516312e6 2.27494183e6 1.91512298e6 2.92105575e6 709573.97 
1.73445304e6 1.56897614e6 2.08351654e6 2.06909513e6 1.24253142e6 1.00215135e6 3.15054812e6 
3.25318382e6 1.21662457e6 2.20846632e6 3.07793896e6 2.05559642e6 2.47594022e6 960644.59 
169357.85 2.32190724e6 2.59977873e6 2.49601565e6 1.69723996e6 2.83390931e6 2.85843591e6 
2.4569164e6 290456.98 2.16867318e6 2.21449884e6 3.32278348e6 1.92176423e6 3.04864804e6 
1.69138048e6 2.68612523e6 1.13884413e6 1.77898204e6 1.9682275e6 618985.55 1.91702978e6 
3.07970771e6 2.82051181e6 2.00354933e6 1.01738015e6 3.10190962e6 77194.89 377467.65 
1705
3.47847632e6 3.48814894e6 3.48474137e6 927447.98 3.52694184e6 3.50703994e6 3.5531209e6 
2.88263192e6 1.93425105e6 3.76977606e6 4.25551872e6 1.64382806e6 6.34476297e6 5.51305649e6 
2.54961577e6 4.57867734e6 3.30355998e6 1.17488586e6 5.4634747e6 2.08134958e6 1.57266153e6 
2.85528462e6 2.98728411e6 5.25944821e6 3.63543788e6 5.64781517e6 3.04028806e6 3.71003775e6 
4.77936921e6 2.07417367e6 3.06897062e6 832497.5 2.96320988e6 5.27950774e6 4.43791881e6 
2.17680352e6 3.15515516e6 3.63230087e6 2.94316991e6 4.1521343e6 1.82395624e6 3.64819653e6 
6.10911474e6 4.42254701e6 4.68106361e6 4.75402678e6 1.04667053e6 4.05237046e6 4.22103568e6 
2.01950412e6 5.32104397e6 4.88098755e6 4.11814831e6 3.0634707e6 1.40840125e6 2.52460063e6 
2.43641724e6 1.65485783e6 4.14108972e6 4.28569797e6 2.11460848e6 4.38437074e6 3.0297112e6 
4.58930285e6 1.73233635e6 3.01502442e6 3.67255623e6 1.89923068e6 6.32232098e6 5.49633773e6 
190
151298.07 440843.29 444495.75 285449.26 284827.89 382942.1 138388.95 
183137.6 270307.86 736102.08 481451.53 167418.9 596640.79 700889.73 
49517.32 419400.91 450656.46 274322.43 327734.98 393131.98 393635.85 
336651.46 404150.6 505468.29 270553.51 550800.53 295022.95 573952.39 
400799.7 173362.65 191864.26 320417.12 320632.26 846250.51 330062.03 
441490.17 471582.13 750881.41 586236.45 713305.25 167013.79 511678.02 
643812.79 627745.4 603192.36 347480.97 348161.74 330780.68 291027.15 
451441.02 788740.2 376065.28 244571.22 358583.89 61859.7 153931.25 
207635.46 327217.13 597846.91 259731.6 39217.84 633390.85 581921.83 
225857.75 457160.5 712264.09 415654.89 220648.94 578672.69 634484.2 
796
1.73779126e6 1.64934242e6 1.55431625e6 1.79700207e6 1.94134489e6 271557.38 906177.5 
567433.76 1.12972225e6 3.88454714e6 3.6717363e6 1.75119203e6 3.21580638e6 3.64768438e6 
1.6060931e6 769799.32 3.52418253e6 2.15467616e6 994571.51 1.83472463e6 1.84592072e6 
1.54861861e6 1.047547e6 1.41010972e6 941390.85 634483.52 2.62926645e6 1.39593999e6 
600580.33 1.21532892e6 605285.63 2.45627934e6 1.37388583e6 2.80979513e6 3.13721676e6 
3.15139491e6 949759.03 3.31036694e6 3.83661223e6 3.30103001e6 2.30338878e6 1.11946891e6 
2.668114e6 4.24121482e6 4.39724676e6 803128.5 2.43148253e6 2.48699151e6 2.29430147e6 
3.15011631e6 2.88979988e6 610738.07 249473.23 3.03083231e6 1.29968737e6 2.19340095e6 
930916.46 3.13729957e6 3.14914586e6 220207.22 1.26785849e6 1.79919618e6 2.4455691e6 
1.36669648e6 2.35877745e6 2.76431753e6 2.09040271e6 2.4410477e6 2.93109422e6 1.86857196e6 
696
2.1812192e6 202837.22 329393.76 1.00020126e6 2.84934368e6 1.50176541e6 1.64647368e6 
1.66570071e6 962940.06 1.83354673e6 3.70727617e6 2.49240995e6 573855.05 2.1873781e6 
1.81455585e6 883220.51 2.70948875e6 2.15388534e6 2.99547106e6 835221.27 759896.09 
511158.6 555368.42 2.96856026e6 2.80141877e6 1.76468526e6 2.74972093e6 282356.85 
2.13080452e6 1.15420029e6 2.10460848e6 1.51505616e6 520962.34 1.05122132e6 3.3198157e6 
2.49209028e6 657899.99 1.70705867e6 2.0686433e6 1.90374864e6 1.8172054e6 980251.9 
731929.08 2.4781591e6 2.29334083e6 1.93847689e6 1.11648831e6 2.53488207e6 2.95496665e6 
2.36887989e6 617902.72 1.82262427e6 1.87255261e6 2.75576646e6 1.37168486e6 2.41291195e6 
1.19770764e6 1.96327961e6 1.23166984e6 1.38447817e6 1.82521121e6 146046.94 1.43196335e6 
2.20935306e6 1.96502912e6 1.50423005e6 176010.37 2.59421746e6 703147.0 445734.32 
429
646321.78 1.05055827e6 980682.19 729710.24 841438.09 519011.15 327231.9 
217002.43 393777.34 1.32797593e6 1.31967723e6 861922.97 1.53533831e6 1.57895272e6 
362963.9 597090.68 1.2079628e6 1.08048425e6 637138.28 829388.91 791353.62 
615337.49 632101.74 990545.18 501605.71 756052.95 970999.07 963648.74 
570987.29 308310.52 231505.78 822299.59 917548.4 1.23572653e6 1.28925717e6 
1.06821359e6 657195.58 1.66016627e6 1.43645722e6 1.50534743e6 790259.0 690262.95 
1.10569763e6 1.74258556e6 1.96224505e6 767803.57 668406.77 964992.5 1.02969803e6 
1.24355885e6 1.49464674e6 557273.48 429277.33 1.12004483e6 331344.65 697094.24 
252997.57 1.33063962e6 1.44776046e6 254716.55 272119.77 1.23024076e6 1.42313113e6 
613780.36 985113.13 1.50962942e6 861193.45 732657.09 1.27762002e6 1.2459054e6 
2364
9.67601841e6 2.70342989e6 2.96064047e6 5.53635213e6 1.106907247e7 6.92776326e6 9.73336921e6 
9.41805837e6 5.90384104e6 5.56763246e6 1.140900184e7 7.15760001e6 527400.05 5.94971645e6 
9.637735e6 4.4101045e6 6.98139977e6 7.927579e6 1.051643767e7 4.00307039e6 4.62388606e6 
3.87691446e6 4.16068777e6 9.97609396e6 1.140016089e7 9.0429721e6 1.075697908e7 3.24708388e6 
8.83661696e6 6.50808565e6 1.03731545e7 6.01430583e6 4.17309231e6 1.46905772e6 1.273807705e7 
9.75246285e6 3.73920013e6 6.48605252e6 8.09715339e6 7.34031598e6 7.76949673e6 5.32674367e6 
2.40695683e6 7.06714904e6 6.36226933e6 1.016879922e7 5.37634598e6 1.168741329e7 1.440457697e7 
9.76600967e6 1.71157146e6 1.079016285e7 8.83127715e6 9.30273762e6 8.9153736e6 1.156832736e7 
5.80155074e6 9.01312527e6 3.17438213e6 6.61529192e6 8.34699315e6 2.53126991e6 5.21480065e6 
1.089764756e7 7.79564809e6 5.60497035e6 3.1375368e6 9.91174049e6 2.09522926e6 2.29701055e6 
2086
9.08215857e6 3.97857308e6 3.56027629e6 4.07594098e6 9.15368444e6 6.94026362e6 8.77296531e6 
6.99728037e6 5.42717058e6 902874.93 8.28924625e6 6.26953665e6 3.92855448e6 2.0891121e6 
8.87775177e6 6.19417133e6 3.79368702e6 5.5591494e6 1.043578521e7 2.82771631e6 3.34057959e6 
4.31655007e6 5.48721615e6 9.90686268e6 9.80459946e6 8.00397459e6 7.30390704e6 4.25153254e6 
8.42913225e6 6.00970036e6 7.75558724e6 4.31702476e6 3.45169789e6 2.22299662e6 8.05427937e6 
4.76973651e6 4.80421216e6 2.52144223e6 4.49122763e6 2.91659736e6 7.051866e6 7.02807499e6 
5.48030238e6 4.34814573e6 2.41840309e6 8.87074329e6 3.02541632e6 9.53626915e6 1.035861077e7 
4.12687542e6 5.02873764e6 9.02503006e6 8.63833396e6 7.93899027e6 5.61278454e6 8.18894011e6 
6.54724541e6 4.76809391e6 691836.59 6.84140375e6 7.1131719e6 4.53318519e6 1.3495447e6 
1.104566092e7 5.15917983e6 1.28568925e6 4.06339485e6 7.22153831e6 4.61904719e6 4.22811373e6 
799
2.51654036e6 794225.63 1.48981442e6 1.49198916e6 3.96248572e6 1.15386863e6 2.5201569e6 
2.12426188e6 1.68325015e6 2.78236097e6 3.45043638e6 2.48218267e6 1.32246406e6 3.09403465e6 
1.9720968e6 683551.5 4.2119055e6 2.81669475e6 2.78948682e6 1.70275224e6 1.7113397e6 
1.50604132e6 911046.53 2.74305759e6 2.00488997e6 1.22374487e6 2.65737916e6 825216.17 
1.54444033e6 1.31796292e6 2.13231389e6 2.65794457e6 1.18934821e6 2.38768398e6 4.5348568e6 
3.55957614e6 566594.85 3.53558282e6 3.62260901e6 2.81056119e6 3.2502888e6 410262.43 
1.12589123e6 3.68078932e6 3.96449335e6 2.1517103e6 1.94729822e6 3.16970978e6 3.45637306e6 
3.95579829e6 1.434927e6 1.39523175e6 1.63886718e6 3.51793359e6 2.18780544e6 2.66487665e6 
1.22007632e6 3.64790204e6 2.73405231e6 1.18221695e6 1.95604611e6 1.07919143e6 2.04444516e6 
3.01503845e6 3.55615229e6 2.41778875e6 1.02367168e6 3.31374468e6 1.26656266e6 945084.36 
4362
1.245720364e7 1.001326961e7 1.362580139e7 1.167960081e7 1.208107243e7 3.38834753e6 4.41296319e6 
4.73783484e6 9.69554731e6 1.820156816e7 1.545774939e7 1.062142873e7 1.556609616e7 2.303603332e7 
8.36102544e6 6.04187074e6 1.895768396e7 1.654632909e7 4.68251751e6 1.35701746e7 1.095608115e7 
9.96635787e6 9.25943646e6 4.44579288e6 5.02384731e6 2.1936313e6 1.274164654e7 1.218376036e7 
1.77717107e6 8.65593164e6 4.93570009e6 1.506810009e7 1.231922064e7 1.911986773e7 1.592970153e7 
1.756258939e7 7.82203877e6 2.281137281e7 2.365997333e7 1.795104983e7 1.236534136e7 5.58046178e6 
1.162446084e7 2.597932658e7 1.951803616e7 1.97454166e6 1.384851123e7 1.262414618e7 1.306517103e7 
1.826338059e7 1.513733758e7 781451.03 1.87015408e6 1.317565998e7 8.5139813e6 1.179563069e7 
6.64282085e6 1.48176827e7 1.916736619e7 3.28941814e6 7.77594103e6 1.16164432e7 1.801789654e7 
6.82207555e6 1.407350775e7 1.772138e7 1.194057016e7 1.547719305e7 1.413603466e7 1.139265789e7 
548
896271.78 2.23664871e6 1.78009617e6 1.49232634e6 1.22267146e6 995933.77 505252.76 
594586.31 1.51504591e6 2.4752259e6 1.64801589e6 1.10002923e6 2.14422731e6 3.02586781e6 
673044.8 1.58951291e6 2.55005152e6 1.94471432e6 335159.63 1.45335052e6 1.67750598e6 
1.49274243e6 1.31377774e6 842101.24 149540.25 1.10985916e6 1.13875524e6 2.19940336e6 
899980.33 926120.21 626261.09 1.66548268e6 1.87413614e6 2.89156835e6 1.60824712e6 
2.19668961e6 1.23646217e6 2.43710229e6 2.79469389e6 2.78670418e6 1.20135167e6 1.64227025e6 
2.13140079e6 2.47475482e6 3.33353129e6 805153.8 1.99852039e6 1.50754737e6 1.2447505e6 
2.38782479e6 2.19246581e6 759347.96 718036.78 1.68308913e6 937024.88 1.08852672e6 
881811.14 1.66361557e6 2.63737149e6 731470.24 796403.56 1.81716165e6 2.15801124e6 
25114.09 2.23174051e6 2.78581254e6 2.24249894e6 1.53686047e6 2.64785556e6 2.08002735e6 
151
505670.53 86784.82 192012.47 311883.07 546321.83 190009.87 428836.64 
400089.99 246006.66 542369.81 900496.68 552818.57 259416.11 448705.68 
356117.08 124747.02 540550.92 419361.73 502859.46 220962.49 286958.04 
163021.49 161499.22 513193.37 526062.16 241429.8 543832.4 66779.02 
287207.1 290416.28 374062.05 373743.42 167942.46 364375.45 743408.42 
479588.68 68266.14 500029.04 662341.31 561533.34 463331.91 90847.56 
181640.59 743251.16 501024.57 339090.69 339496.75 581369.04 779105.24 
451992.23 217929.11 325265.47 364193.54 613697.47 410253.55 481156.19 
208532.27 498914.3 418205.93 279425.09 424127.14 103965.95 427581.32 
392491.93 469787.02 433073.15 133843.76 464622.87 190254.41 164724.2 
1183
2.00027351e6 5.23538814e6 5.06510389e6 3.16731709e6 1.46832876e6 5.13626056e6 3.66977075e6 
3.33197243e6 3.56257749e6 4.14690303e6 642757.78 1.84348675e6 6.39921571e6 5.16565958e6 
1.97966594e6 3.92500075e6 3.27902115e6 1.6128496e6 4.96082801e6 4.13487117e6 3.06647162e6 
4.92622212e6 4.54496458e6 4.59053696e6 4.10143745e6 5.77677276e6 756748.34 4.69401437e6 
5.94720608e6 2.85550917e6 3.38356311e6 3.28029211e6 5.02983985e6 6.25969741e6 800718.94 
1.65758872e6 5.35513984e6 4.07944876e6 2.47417231e6 3.75706857e6 1.47928142e6 4.45889491e6 
6.97889241e6 4.22601313e6 5.24696316e6 4.1085895e6 3.45736748e6 940774.66 1.03488167e6 
2.44975094e6 5.66212049e6 4.58527696e6 3.88995565e6 594185.98 2.57794879e6 1.2538704e6 
3.95440995e6 2.320223e6 5.26253652e6 4.117026e6 2.87079747e6 5.40876432e6 3.63000418e6 
3.90753606e6 2.63015985e6 3.81821902e6 4.89460127e6 1.42757824e6 5.96917804e6 5.41041005e6 
700
1.7108513e6 2.54500892e6 1.70139857e6 1.42672064e6 1.78845882e6 3.00239232e6 2.56343626e6 
2.02861595e6 2.09996201e6 1.22872181e6 2.51418808e6 1.22693283e6 2.97893685e6 1.28931954e6 
2.14513124e6 3.00078576e6 164146.9 613641.93 3.44428174e6 1.74975715e6 1.43036718e6 
1.55431468e6 1.73043836e6 3.91017687e6 2.5205559e6 2.73498978e6 1.62115906e6 2.65467754e6 
3.73132849e6 2.12960515e6 2.72737891e6 760875.2 1.9129551e6 2.27181001e6 2.22104264e6 
632936.15 2.1981502e6 989428.92 220954.7 693157.55 1.23154372e6 3.27632206e6 
2.8645521e6 481744.36 1.19580554e6 3.88962878e6 1.07911967e6 1.8849379e6 2.0575462e6 
386954.13 2.23274547e6 3.64136498e6 2.29556561e6 1.83983929e6 2.01463876e6 1.68002741e6 
2.39157535e6 544564.86 1.59165266e6 2.48327712e6 2.32530702e6 2.6575183e6 889227.69 
2.56177869e6 424733.77 1.02627077e6 2.20668404e6 1.19923304e6 3.25454629e6 2.54137684e6 
281
837928.95 467132.88 606843.05 707020.45 1.05150861e6 108719.03 465524.3 
282177.69 506534.91 1.12271365e6 1.27737545e6 960995.86 745960.44 1.3507074e6 
566078.47 279788.34 1.10647541e6 833937.44 513447.23 627758.55 732375.95 
477356.13 395783.3 522589.19 447595.62 154487.67 1.14614106e6 515819.65 
103744.83 507874.1 319241.55 945175.03 506851.28 995220.74 1.04570403e6 
1.24198656e6 413444.55 1.29965635e6 1.1516285e6 1.36234392e6 913898.24 317858.65 
758092.32 1.23647678e6 1.60180681e6 308325.27 703392.08 1.18471547e6 985915.87 
1.35157509e6 722854.13 182165.98 172606.37 1.0604756e6 630177.3 823324.46 
307330.32 1.146446e6 1.14437071e6 149617.53 507057.76 619307.07 919982.63 
578467.79 1.06021271e6 1.07349925e6 642226.82 752127.91 710236.19 840795.69 
2445
5.25933183e6 8.48350756e6 6.50880164e6 3.88714118e6 4.17491175e6 9.91120881e6 7.75478307e6 
6.4786828e6 5.69065795e6 7.64544405e6 4.31783168e6 2.40795725e6 1.057214882e7 6.89122343e6 
4.72489583e6 7.68925383e6 3.08065652e6 1.17664175e6 9.10223318e6 6.53254483e6 5.56861087e6 
5.28927013e6 7.59592665e6 1.29085661e7 7.85897885e6 1.109155969e7 2.67457034e6 7.51201906e6 
1.215243535e7 5.6544936e6 8.69590013e6 2.51050369e6 6.91907811e6 8.99399874e6 4.76422824e6 
117848.31 9.3686382e6 5.93355819e6 2.79933546e6 3.94867006e6 2.33115951e6 8.14193212e6 
1.194887617e7 3.83145272e6 6.66071947e6 9.57052948e6 3.29154329e6 3.95116292e6 4.41299484e6 
1.19282271e6 1.044058168e7 9.6949219e6 9.93626383e6 2.98439265e6 5.17419695e6 4.16628597e6 
7.54092932e6 773075.64 6.53845949e6 6.5033363e6 5.92893705e6 9.11095475e6 6.02623666e6 
6.9550843e6 1.2336945e6 6.17571934e6 7.44612838e6 2.61752065e6 1.316740706e7 1.17719414e7 
1012
2.10308061e6 1.72466086e6 1.50253985e6 762823.73 2.80492864e6 3.30221775e6 2.2431419e6 
3.06207965e6 1.4531199e6 1.81488717e6 2.66424824e6 1.40661375e6 3.19630609e6 1.68717147e6 
2.2812617e6 2.54435776e6 1.64977658e6 868404.63 3.83376253e6 700557.65 950036.85 
1.57107775e6 1.90521525e6 4.04188485e6 3.21903864e6 3.88549955e6 2.01352313e6 2.05464073e6 
2.97457266e6 1.71951551e6 2.84105684e6 277735.52 1.43158207e6 1.95400015e6 3.47332519e6 
1.80368003e6 1.83230392e6 1.43174573e6 1.77173342e6 1.33247883e6 1.52592e6 2.42159328e6 
2.85632586e6 1.73869799e6 2.47706001e6 4.42099152e6 267667.17 2.66261855e6 3.45108538e6 
1.21815242e6 2.57558515e6 4.06569431e6 2.66559789e6 2.29110841e6 1.53047781e6 1.71121866e6 
1.88657402e6 1.0707436e6 1.57083394e6 2.76636432e6 1.75407082e6 1.95635977e6 771057.0 
3.59843525e6 952056.56 1.72911278e6 1.96756179e6 1.53926421e6 3.11204529e6 3.06594111e6 
1926
8.69493473e6 3.23006243e6 4.97163378e6 6.19888963e6 1.264275492e7 6.413337e6 6.92731224e6 
6.98820282e6 4.9533509e6 6.06861257e6 1.495630257e7 9.756592e6 2.10383989e6 7.89253548e6 
1.014499793e7 3.84822883e6 9.10218426e6 7.76146662e6 9.90956718e6 5.95489463e6 6.00802838e6 
4.21269663e6 4.34334443e6 1.034569331e7 7.57887392e6 7.22163123e6 1.136559079e7 2.68624993e6 
7.01862299e6 5.2117537e6 8.20005358e6 8.50472635e6 4.78237928e6 4.6844019e6 1.018164138e7 
8.82240377e6 4.76157334e6 7.88183147e6 1.148586156e7 1.023073006e7 7.77329636e6 4.58286115e6 
1.17262507e6 8.18362297e6 1.020298657e7 7.22584813e6 5.66693071e6 1.103771852e7 1.25902011e7 
7.68811493e6 1.93954167e6 8.11744211e6 5.64532306e6 1.041714275e7 8.45200346e6 9.40030898e6 
6.60082932e6 1.09412385e7 5.47536576e6 5.80872015e6 6.8596857e6 2.46008339e6 6.37247571e6 
7.9630993e6 1.05485189e7 6.94437534e6 3.04152939e6 1.043766643e7 916152.37 1.76059881e6 
307
663421.95 1.23944262e6 1.26680913e6 1.0182119e6 948870.28 501373.4 359477.71 
413476.8 947668.58 1.58012588e6 1.36470987e6 887137.35 1.2791386e6 1.49895334e6 
784198.14 672064.61 1.64117482e6 1.09925783e6 70381.74 959258.72 899194.22 
958393.87 761201.93 174073.95 370927.82 372839.02 952916.69 1.04526292e6 
374420.01 892290.83 478587.6 1.33936568e6 1.0665905e6 1.43429624e6 1.14589168e6 
1.19269524e6 879958.86 1.7078739e6 1.74588845e6 1.72509809e6 1.06727591e6 806354.61 
1.48239262e6 1.44518794e6 1.69944471e6 207279.73 1.27928827e6 858937.18 964044.07 
1.19909635e6 1.1607861e6 240952.58 344947.97 1.28710372e6 845277.97 921080.28 
783731.31 1.16291869e6 1.70946862e6 454984.57 769738.43 1.28367781e6 1.39859091e6 
328676.44 1.08270974e6 1.59879032e6 975397.56 877905.83 1.5803178e6 1.02762427e6 
400
1.33184567e6 1.12532287e6 720314.8 706894.73 1.39561569e6 1.28104052e6 1.39656101e6 
1.45378306e6 993857.91 426273.17 1.26965534e6 996686.14 1.11577543e6 449935.02 
1.15990842e6 1.30301493e6 387095.69 713258.64 1.767141e6 798016.16 853405.29 
874750.01 1.04201089e6 2.22966553e6 1.82773396e6 1.90441355e6 954615.7 928725.55 
1.98933066e6 1.24894678e6 1.29157653e6 434238.94 705125.83 770496.28 1.77068002e6 
616931.32 1.25143168e6 188492.69 566037.42 194768.4 1.1028801e6 1.34983684e6 
1.3951047e6 361421.86 385964.64 2.04538687e6 517374.83 1.38682138e6 1.78148294e6 
587527.84 1.25807866e6 1.87553477e6 1.5002906e6 1.101983e6 902591.21 1.30722142e6 
1.40005991e6 593213.64 536133.87 1.19852513e6 1.02938551e6 1.14227079e6 301075.59 
1.66750254e6 546142.27 213589.61 778337.92 1.00509254e6 1.48162228e6 1.13198195e6 
1324
6.52608164e6 4.56811246e6 4.66721006e6 4.14027624e6 4.79387161e6 5.79473746e6 6.97680932e6 
5.81091745e6 4.42040078e6 1.97319383e6 5.7494337e6 4.35637066e6 4.11012711e6 1.36090597e6 
4.3412976e6 4.60534725e6 1.43199174e6 3.44370977e6 6.33415419e6 3.65178933e6 4.09086915e6 
3.8790602e6 4.5608133e6 8.8416445e6 6.64302158e6 6.02365807e6 4.93638437e6 4.12386475e6 
8.25600329e6 4.85429473e6 5.43352603e6 3.14052236e6 3.43472624e6 3.91242109e6 4.82903258e6 
2.68876976e6 5.91366036e6 753965.48 1.56905728e6 682448.09 3.95175637e6 6.11383964e6 
4.82097474e6 506015.6 725314.27 7.94262425e6 2.43557402e6 4.58985335e6 5.8411382e6 
1.90998114e6 6.02384769e6 7.55339977e6 5.31830195e6 4.0897165e6 4.38739749e6 4.12082676e6 
4.24227093e6 2.14288697e6 2.23857754e6 5.91220722e6 5.49831992e6 4.12804623e6 2.10570217e6 
8.02823863e6 2.30507974e6 1.78546887e6 3.97041517e6 4.37187584e6 5.09005653e6 5.74949691e6 
790
758474.49 2.68675332e6 2.60712474e6 1.96499637e6 1.08348127e6 1.58320382e6 569947.27 
1.00005681e6 1.98255186e6 3.39822356e6 1.79997201e6 1.64464043e6 3.73559204e6 4.03722799e6 
893612.85 1.81068009e6 3.17734131e6 1.87814276e6 1.12313904e6 2.32722532e6 2.42137326e6 
2.61120648e6 2.12282218e6 1.67123446e6 375138.82 1.62164262e6 1.33766442e6 3.04482594e6 
1.66584628e6 1.2636842e6 712541.49 1.99298086e6 2.49969682e6 3.38588797e6 1.49140851e6 
1.99842355e6 2.07045836e6 3.57643755e6 3.09669735e6 3.90393117e6 1.50100164e6 2.1381154e6 
3.75072219e6 4.36151424e6 3.90054685e6 1.23010272e6 2.180473e6 1.59913308e6 1.60668928e6 
2.61049731e6 4.20085357e6 1.4620516e6 1.40149134e6 1.38000338e6 1.37288726e6 1.26626175e6 
1.51292734e6 2.09699504e6 3.83517236e6 1.17140805e6 1.0685423e6 2.7307754e6 2.89382275e6 
392634.95 2.13357263e6 3.37005773e6 3.14231211e6 1.45265082e6 4.4025546e6 3.48651529e6 
988
3.10401605e6 1.21892618e6 1.91102877e6 2.66743699e6 4.15636758e6 1.52495228e6 3.20068204e6 
2.76073536e6 1.66826911e6 3.65080727e6 4.85214514e6 3.24136137e6 2.11545246e6 3.53913221e6 
3.55458823e6 1.04619521e6 5.00010695e6 4.57205054e6 2.50328058e6 1.92909372e6 2.17596358e6 
2.18152709e6 1.23229254e6 2.56664313e6 2.70587186e6 1.95806991e6 3.53871587e6 1.05574294e6 
1.28352298e6 2.18063267e6 2.78809859e6 3.19235679e6 1.84447656e6 2.48161199e6 4.22133217e6 
3.66337126e6 798996.4 4.06169696e6 4.45066656e6 3.90839269e6 3.19930535e6 598536.02 
1.46939037e6 5.44955624e6 5.03150575e6 2.60840227e6 3.27981396e6 5.15636701e6 5.37917968e6 
3.71983784e6 1.94401406e6 2.33937951e6 2.29631862e6 4.58000073e6 3.01895889e6 3.6158396e6 
2.01608149e6 3.6694246e6 3.31656782e6 1.75340612e6 2.98906412e6 1.37288378e6 3.68484804e6 
2.72347432e6 3.75868695e6 4.18154416e6 1.41890643e6 3.05537711e6 1.75335562e6 1.26022351e6 
2042
8.63645579e6 2.98672829e6 2.4388344e6 3.86805829e6 1.0994407e7 7.77634374e6 9.10012944e6 
8.45276427e6 4.30969632e6 3.19144983e6 1.337644097e7 6.55089741e6 1.31098421e6 4.02972769e6 
8.5115325e6 4.95317641e6 7.63982074e6 7.12564244e6 9.23905823e6 4.22484355e6 3.2463718e6 
4.08231299e6 4.16663506e6 9.24000856e6 7.9623989e6 9.61785948e6 7.7156021e6 3.8649639e6 
8.82107519e6 6.36220531e6 9.19334458e6 5.50061513e6 2.72579799e6 567578.03 1.020532667e7 
8.98570143e6 5.01193928e6 4.03670782e6 6.79433688e6 5.59192788e6 7.21979866e6 6.25753602e6 
3.19940178e6 6.67532951e6 5.22917744e6 7.73828357e6 4.96465156e6 8.87013849e6 9.47070091e6 
6.48990709e6 2.62280509e6 8.35416843e6 8.19407507e6 9.46764171e6 7.71110697e6 9.25324549e6 
6.61224028e6 8.37779016e6 1.7797954e6 7.78777801e6 6.25864257e6 2.03622216e6 3.76534926e6 
1.042219477e7 5.83435963e6 4.20255525e6 2.66431578e6 6.96401484e6 2.9932269e6 2.26275231e6 
1175
2.72622293e6 3.75606865e6 4.25831242e6 4.43965106e6 3.72624084e6 1.33873879e6 1.68800474e6 
1.92700579e6 3.48137274e6 5.43767224e6 4.92064558e6 4.09961145e6 5.22101888e6 5.74868158e6 
3.37192234e6 1.93279497e6 4.9726421e6 4.09277555e6 956619.54 3.23781886e6 3.99913334e6 
2.926421e6 2.54983275e6 503869.69 1.86790252e6 912263.31 3.60527414e6 4.19157181e6 
825146.69 2.80679162e6 1.71292229e6 5.08095613e6 3.19785768e6 6.24213544e6 5.28554358e6 
6.08632658e6 3.23762111e6 7.15139622e6 7.03507404e6 6.09013753e6 4.67915536e6 2.25815213e6 
4.39030826e6 6.34943871e6 8.07190701e6 266742.26 3.63118933e6 5.01538104e6 5.00537219e6 
6.02442865e6 5.19443669e6 591463.48 905198.13 5.25341647e6 2.87913403e6 3.32329334e6 
2.53152651e6 4.84196064e6 5.0625503e6 1.84728925e6 2.48516084e6 4.59419972e6 5.38498527e6 
1.48699069e6 5.44549984e6 5.65484165e6 3.45656621e6 4.13600557e6 4.9323681e6 4.17051935e6 
970
2.30289909e6 2.003242e6 3.03029083e6 2.93114605e6 3.29924317e6 645178.3 1.18213946e6 
1.12048411e6 1.91794891e6 4.31445353e6 3.54020095e6 2.91388085e6 3.74530413e6 4.92801042e6 
2.05108572e6 1.49501061e6 4.29101615e6 2.77135076e6 1.2181124e6 2.58887203e6 2.61567072e6 
2.25730125e6 2.13514039e6 1.13342249e6 1.44891705e6 475462.4 3.32396419e6 2.2988429e6 
406347.9 1.91997217e6 975122.27 2.51823939e6 2.7572788e6 4.42801278e6 3.43449068e6 
3.17259891e6 1.61093995e6 4.63514089e6 4.44868301e6 3.89990647e6 2.60135246e6 1.49220876e6 
3.14708566e6 5.01217385e6 5.56289179e6 478287.08 3.31252123e6 2.73462148e6 4.12980094e6 
3.45042593e6 3.32896447e6 291769.83 349981.96 3.21584503e6 2.07232584e6 2.76054763e6 
1.38201055e6 4.45748729e6 4.28538736e6 818221.93 1.64747855e6 2.36087966e6 3.85795068e6 
1.23098473e6 3.19307655e6 5.05551053e6 2.04372807e6 3.07810132e6 2.91970422e6 2.9125146e6 
1470
4.79562238e6 447480.71 1.28894955e6 2.962393e6 6.28198837e6 2.57535947e6 3.87986779e6 
3.46506305e6 2.41627427e6 4.91119629e6 8.22761192e6 4.00558475e6 1.98491603e6 4.65727377e6 
4.59671841e6 1.19073675e6 5.46793674e6 4.15899082e6 3.95758071e6 1.70772806e6 2.11412024e6 
1.45505606e6 1.29218149e6 5.04025906e6 4.99106559e6 3.96663986e6 6.60384674e6 261449.52 
3.17428132e6 2.92362138e6 3.24351396e6 3.49365227e6 1.06880425e6 2.64939122e6 6.26026645e6 
5.76640676e6 887790.47 3.94681042e6 4.56252923e6 4.32572671e6 5.24454558e6 1.50627389e6 
1.83335857e6 5.51401847e6 4.93059785e6 4.88092771e6 2.7277454e6 5.5432456e6 6.18298662e6 
5.08459693e6 1.46146556e6 4.3170578e6 2.7861861e6 4.97197687e6 3.6723584e6 4.22620342e6 
2.28251401e6 4.6472177e6 2.84106934e6 2.62619565e6 3.86640318e6 586184.92 3.64776867e6 
5.75944957e6 4.56610295e6 3.65362394e6 807180.88 5.53704779e6 1.5527798e6 1.13600783e6 
441
531504.51 725308.98 652871.38 318942.07 688975.67 780991.28 481660.26 
456032.85 261444.58 1.34825571e6 1.51451642e6 509353.63 1.63373581e6 1.66155851e6 
351441.92 559161.25 1.19808356e6 643671.7 851792.79 613001.56 549827.31 
566420.97 506543.19 1.31812607e6 789601.75 1.17507375e6 626847.6 946650.14 
1.06718235e6 194547.66 393434.29 676569.83 792704.95 1.60476311e6 1.02957953e6 
1.07177142e6 816158.32 1.4589963e6 1.0007415e6 1.21227697e6 616975.33 830714.83 
1.47075129e6 1.14186551e6 1.63570806e6 995282.18 582704.37 884659.71 849019.69 
789171.22 1.30298883e6 1.12277752e6 626631.95 928645.79 106327.47 587928.88 
364951.56 803922.3 1.35959796e6 494299.93 261698.75 1.13062553e6 1.01967603e6 
702903.59 876936.64 1.12672505e6 932343.13 507910.07 1.57632279e6 1.27583437e6 
6911
2.169273069e7 2.001066497e7 2.097686305e7 2.253334373e7 1.949559084e7 7.8878095e6 1.366597686e7 
9.67361313e6 1.725101374e7 3.941595207e7 2.870899342e7 2.197612686e7 2.433414361e7 4.396755141e7 
1.859134213e7 1.413802211e7 4.294053388e7 3.239869784e7 7.1865766e6 2.696160237e7 2.128707225e7 
2.216083997e7 2.114935675e7 3.96963392e6 1.095308419e7 5.32351954e6 2.742329173e7 2.469971911e7 
5.60371538e6 1.692486397e7 9.76634511e6 2.328187589e7 2.147116365e7 3.79271997e7 2.6954367e7 
3.733992043e7 1.401552456e7 4.380829984e7 4.379360308e7 3.597190709e7 2.544426372e7 1.362632592e7 
2.120169943e7 3.945447886e7 3.315089824e7 2.24590806e6 2.35403647e7 2.476340331e7 2.152335852e7 
3.814643107e7 2.538852167e7 2.91961662e6 6.33771274e6 2.961134815e7 2.084552589e7 2.419055717e7 
1.402578226e7 3.383426785e7 3.975223238e7 8.68714696e6 1.606487786e7 2.075257915e7 3.304501565e7 
8.84026363e6 3.548373622e7 4.228370987e7 2.333336474e7 2.386310921e7 2.994632811e7 2.106439937e7 
2594
7.61621478e6 7.19810296e6 9.52395354e6 9.36398048e6 7.05997626e6 2.90399157e6 3.77706587e6 
3.57391462e6 7.45212832e6 1.161730804e7 9.07610371e6 9.22517453e6 1.351369551e7 1.696148009e7 
6.87277707e6 4.77039982e6 1.539899573e7 1.106785176e7 1.46036013e6 8.38890313e6 8.5902241e6 
6.81439338e6 7.11864185e6 1.33745886e6 3.42549853e6 2.1849398e6 1.073248015e7 8.56207806e6 
2.13034736e6 6.27048351e6 3.47429554e6 1.037056636e7 8.13177499e6 1.233237255e7 1.049282868e7 
1.1119806e7 6.92752509e6 1.567724175e7 1.281601205e7 1.170597587e7 8.72501188e6 5.92233406e6 
9.56722744e6 1.682209455e7 1.788366793e7 489493.73 1.013165724e7 7.68507364e6 9.40942112e6 
1.358571654e7 1.050122452e7 1.15123053e6 2.28331439e6 9.93291924e6 5.16251406e6 7.8209804e6 
4.37532282e6 9.66647539e6 1.249575207e7 2.75611282e6 5.42313804e6 9.5833851e6 1.163783691e7 
3.43118885e6 1.209078343e7 1.270491861e7 7.26634116e6 7.87127377e6 9.02903416e6 1.064366399e7 
1068
1.80309617e6 4.15432583e6 3.5984447e6 2.09818398e6 1.57665216e6 4.22477795e6 3.2725829e6 
3.55675257e6 2.19945388e6 3.71706228e6 1.84811386e6 1.05840391e6 4.89461393e6 3.60741796e6 
2.12044372e6 2.99870713e6 1.57574505e6 585503.87 4.90189132e6 2.14794907e6 1.98252015e6 
3.26634012e6 3.18678133e6 4.5382335e6 3.71604735e6 3.88006749e6 1.18608676e6 3.54428454e6 
4.82634133e6 2.38172997e6 2.68577709e6 1.49248193e6 3.39564841e6 3.55749548e6 1.74346563e6 
327231.01 3.95892508e6 2.59578671e6 1.48841828e6 2.16853368e6 761439.34 3.5881627e6 
5.64618478e6 2.27218412e6 3.11073233e6 4.44912795e6 1.71470855e6 1.85650704e6 1.55326503e6 
857386.33 5.11641797e6 4.24496075e6 4.14949611e6 1.16448149e6 2.14938348e6 1.52514802e6 
2.59885355e6 467376.0 2.90466469e6 3.53690522e6 2.6096567e6 3.5409928e6 2.29683006e6 
3.90238063e6 662783.15 2.97456693e6 3.17024175e6 839352.04 4.30915426e6 4.8885347e6 
3531
753492.84 1.230466646e7 8.85649155e6 7.17156228e6 2.37110253e6 8.20995233e6 5.2476666e6 
5.40479586e6 6.79922973e6 1.630008636e7 4.98329726e6 2.57903641e6 1.27023379e7 1.256593906e7 
1.78161165e6 1.038853011e7 1.214637679e7 5.88281505e6 8.59834875e6 7.14275444e6 7.19791541e6 
9.67021202e6 1.080259133e7 1.136377488e7 5.99779458e6 9.44299114e6 2.91639845e6 1.011878599e7 
8.35554725e6 6.82361675e6 4.91561651e6 6.56813162e6 1.114585552e7 1.831257072e7 5.46143623e6 
6.01685729e6 1.037225937e7 1.361420155e7 9.70571552e6 1.121831639e7 3.84581906e6 1.197548612e7 
1.531208817e7 1.44710909e7 1.785003981e7 9.29367211e6 8.45468765e6 2.96139239e6 3.65666227e6 
8.52933873e6 1.834014847e7 1.11905759e7 6.63390843e6 3.61853498e6 3.69527748e6 1.2788986e6 
6.21531528e6 6.63627974e6 1.326271789e7 8.68906125e6 3.37856753e6 1.497907638e7 1.150156218e7 
5.54273689e6 7.03330722e6 1.190186599e7 1.23988903e7 3.12379447e6 1.795308203e7 1.381438999e7 
427
643687.18 1.50948721e6 1.40018474e6 913577.06 649024.93 1.50625063e6 1.16036404e6 
1.1229072e6 810402.74 1.38145293e6 753167.78 241707.81 2.09623932e6 1.771033e6 
587511.15 1.29178809e6 768919.21 361293.86 1.7505115e6 1.15368724e6 959580.73 
1.22040544e6 1.05935474e6 1.91647569e6 1.31792721e6 1.64448136e6 223341.83 1.2026556e6 
1.37172578e6 851710.7 960404.91 594181.12 1.1862546e6 1.72154934e6 583869.26 
268710.36 1.18658652e6 1.09318471e6 601781.14 1.11586286e6 159618.46 1.51778427e6 
1.88262182e6 1.15104659e6 1.64666254e6 1.52922099e6 703070.45 429128.75 621800.47 
611177.38 1.52562695e6 1.59331186e6 1.31688445e6 324422.25 562845.09 323294.7 
938564.32 414741.85 1.67318646e6 1.45114657e6 818434.59 1.50731331e6 1.17452302e6 
1.2678668e6 411846.21 1.19818274e6 1.10764452e6 147915.42 1.75126004e6 1.60743301e6 
799
2.28148698e6 948144.95 1.23214529e6 2.08406667e6 3.16715019e6 484354.86 1.37409079e6 
1.63664218e6 1.10422447e6 2.52070387e6 4.20664669e6 2.65070999e6 2.24216043e6 3.31637751e6 
2.33766893e6 479437.47 3.6938184e6 2.4252102e6 2.0468757e6 1.6559534e6 1.32955241e6 
1.49793023e6 990453.18 1.5584616e6 2.17880407e6 1.02453694e6 2.8173348e6 958185.95 
817668.06 1.50859459e6 1.15199837e6 2.44841671e6 1.22618156e6 2.93565838e6 3.91621122e6 
2.58239901e6 794257.13 2.87454054e6 3.9898931e6 3.38182352e6 2.20513611e6 265929.17 
1.3573371e6 3.51174579e6 3.49447626e6 1.38694274e6 2.29176673e6 2.93885065e6 3.18247249e6 
3.09673662e6 1.62160829e6 1.27053302e6 1.04751044e6 3.71985912e6 2.03661363e6 2.28173638e6 
972014.3 3.10452865e6 2.46485884e6 662121.03 1.43310478e6 1.10517034e6 2.22246833e6 
2.19917676e6 3.38429717e6 3.58192403e6 1.40427374e6 2.60569057e6 1.48375534e6 1.35656539e6 
1566
3.11623383e6 2.41597144e6 2.19397393e6 2.15170035e6 4.5967721e6 1.20726679e6 1.82215672e6 
1.88731736e6 1.07023017e6 5.03847801e6 6.44252475e6 3.89067089e6 4.08672837e6 6.29632029e6 
2.67568e6 908041.86 6.50384699e6 3.41096852e6 2.6349198e6 2.56492014e6 2.5140834e6 
1.79241634e6 1.08192958e6 3.16990558e6 2.59391563e6 2.39917015e6 4.17172601e6 2.38891091e6 
2.00988218e6 985880.0 1.38347155e6 3.51507187e6 1.75437012e6 5.38911218e6 6.02367318e6 
5.08965789e6 1.07626193e6 6.6783319e6 5.76119414e6 5.82877942e6 3.09013592e6 1.9051237e6 
4.57964221e6 5.02774871e6 7.2284229e6 2.92736949e6 2.77490755e6 5.27017384e6 5.21260454e6 
4.84196387e6 3.38330355e6 2.12321997e6 1.55515324e6 4.88765551e6 2.18900513e6 3.2498492e6 
372533.28 5.29718943e6 3.74224124e6 747703.37 1.59674309e6 2.70612895e6 4.14925735e6 
2.51554554e6 4.51628886e6 4.84797828e6 1.93935581e6 4.02736792e6 3.37047646e6 3.70260112e6 
3337
9.01665531e6 4.77189678e6 3.2160927e6 1.09138573e6 8.21167267e6 6.46513161e6 6.89425464e6 
6.83548244e6 1.94635289e6 7.67552049e6 1.369055851e7 5.75506881e6 7.03827013e6 9.19742844e6 
6.8033895e6 4.49192886e6 7.79817998e6 4.66261488e6 9.51614607e6 956711.94 698088.52 
1.67075689e6 2.71601743e6 1.227477548e7 7.27886831e6 1.109969458e7 9.64600421e6 4.8961759e6 
9.21624731e6 3.20164972e6 7.73277423e6 3.41116948e6 2.10390198e6 6.14097655e6 1.031376527e7 
7.48206911e6 4.19564197e6 7.56687699e6 7.30960309e6 7.39784295e6 4.9958439e6 5.21362246e6 
8.83222846e6 7.08696091e6 1.043609443e7 9.65361262e6 2.43162489e6 1.03432543e7 1.203094498e7 
6.55001188e6 6.48030917e6 1.017314982e7 8.47491399e6 8.4805043e6 3.40388884e6 5.89123095e6 
3.87193065e6 6.35134331e6 6.41003056e6 6.10419762e6 4.79964454e6 5.49327119e6 4.93029616e6 
9.11051228e6 5.87080908e6 6.63263507e6 3.2265548e6 5.78066478e6 9.33818542e6 6.77273134e6 
1700
5.60856579e6 3.23130417e6 1.81371479e6 1.18779548e6 5.087725e6 4.42188932e6 5.02395409e6 
4.11107985e6 1.88873173e6 2.75335192e6 5.93369987e6 3.13015051e6 4.13054641e6 3.77593435e6 
3.91462181e6 4.29354677e6 3.22711295e6 2.58721366e6 6.45006851e6 978385.97 1.05299804e6 
1.44456918e6 2.7714578e6 7.66065486e6 4.57687099e6 4.87180682e6 4.68689232e6 3.08880545e6 
5.24141339e6 2.25177887e6 3.60332489e6 1.55845316e6 1.70043889e6 3.17594007e6 6.59153205e6 
2.81723139e6 3.37110104e6 2.78935989e6 3.8445662e6 2.81790222e6 3.17478585e6 4.00257989e6 
4.15501201e6 3.21487699e6 3.8594511e6 7.10392891e6 698670.39 5.69066846e6 6.54409137e6 
3.11779039e6 3.45565866e6 5.44052939e6 5.49931278e6 5.65404694e6 2.81279026e6 3.39251239e6 
3.34316086e6 2.40965005e6 2.20386276e6 4.95459937e6 2.94552537e6 3.5241411e6 1.2199817e6 
5.40611763e6 2.41572492e6 1.84458149e6 2.47423208e6 3.57357982e6 4.89589312e6 3.36197107e6 
3846
1.537799257e7 5.42383885e6 3.88904196e6 4.57465404e6 1.70876118e7 1.411494528e7 1.254867533e7 
1.171668721e7 6.80464578e6 3.24848982e6 1.959358154e7 1.089852298e7 6.94154277e6 4.88058445e6 
1.025731096e7 9.55455809e6 8.03783114e6 7.13936021e6 1.537408743e7 4.42527234e6 4.56996754e6 
6.36773704e6 7.85591931e6 2.144796487e7 1.374962679e7 1.706015066e7 1.402528487e7 8.11115516e6 
1.700481234e7 7.19982631e6 1.440247007e7 4.50528993e6 5.37605855e6 6.01911883e6 1.384270798e7 
1.067789628e7 7.61049656e6 4.3495825e6 8.36794559e6 4.60557298e6 1.177477458e7 9.97912198e6 
8.89077763e6 6.71994477e6 6.04593947e6 1.493944896e7 4.99994088e6 1.476867381e7 1.556674013e7 
7.94395237e6 8.81186059e6 1.374958504e7 1.451494973e7 1.19336783e7 9.28275056e6 1.028826307e7 
1.06239644e7 8.41738628e6 2.74600259e6 1.300024292e7 1.272704124e7 6.72556113e6 1.37806554e6 
1.687576682e7 7.03989439e6 3.24991912e6 6.07354402e6 1.045307653e7 8.44278328e6 8.92589245e6 
2755
7.22709305e6 8.57730154e6 7.90027774e6 5.50098873e6 7.44588527e6 9.28663845e6 9.99152377e6 
1.110583148e7 8.79679033e6 8.65374046e6 8.47966159e6 5.87905697e6 1.356915169e7 6.43227773e6 
8.39207849e6 9.33593391e6 1.45856018e6 2.66609219e6 1.254022024e7 7.91825755e6 6.55444127e6 
8.87549325e6 9.74650434e6 1.320470443e7 1.061664664e7 1.625805944e7 5.16657824e6 8.52267731e6 
1.353019905e7 6.67001316e6 1.196128248e7 3.84271299e6 9.88221398e6 9.17806247e6 6.25663458e6 
2.15316676e6 1.01019858e7 4.36859109e6 786708.22 3.57746618e6 4.26790618e6 9.97575247e6 
1.081703884e7 3.72038391e6 6.22036839e6 1.421513187e7 5.52891014e6 7.48824664e6 8.51900391e6 
1.18858263e6 9.84808918e6 1.552459072e7 1.18158799e7 5.88062236e6 6.43107954e6 5.14993041e6 
1.026743896e7 1.97985624e6 7.85582428e6 1.087416604e7 9.03947002e6 8.55411663e6 6.02210404e6 
1.059023262e7 1.85249355e6 6.49973036e6 9.15632545e6 5.50877282e6 1.530848836e7 9.9392499e6 
514
1.18987949e6 1.01247832e6 668655.55 490634.0 1.82057818e6 1.27766137e6 1.29375502e6 
1.17749716e6 826973.66 770302.67 1.64837922e6 965717.54 1.07425881e6 1.02471844e6 
1.35841432e6 1.29659888e6 987234.58 810842.6 1.89277619e6 321558.75 335229.97 
591243.45 921650.41 2.27877305e6 1.8230813e6 1.89486098e6 1.24570855e6 830684.75 
1.93027756e6 895881.59 1.3226625e6 353406.42 479472.53 964408.29 1.85160396e6 
881765.31 1.01004566e6 860447.44 951950.5 681624.36 994594.34 1.55222924e6 
1.41397244e6 792172.77 1.13333202e6 2.10686173e6 284502.38 1.63027706e6 1.77023042e6 
711647.51 1.38361023e6 1.74317842e6 1.54134575e6 1.64229154e6 1.01682228e6 1.39620172e6 
1.17511702e6 736333.07 688870.46 1.32353626e6 1.0725281e6 1.14506155e6 351090.11 
2.05313042e6 804522.21 687538.16 817393.04 1.24904735e6 1.34427207e6 924133.43 
1013
3.02329214e6 436102.73 969467.44 1.94867147e6 4.32627878e6 1.30812132e6 2.27563014e6 
2.00505493e6 1.27693498e6 3.50806483e6 5.87346813e6 2.62446858e6 1.71227237e6 3.15561729e6 
2.36353995e6 681518.96 3.13559225e6 3.24585454e6 3.19025413e6 1.66778107e6 1.70044526e6 
922080.63 785655.73 3.8631401e6 2.91021594e6 1.92743861e6 3.673298e6 447258.22 
1.5607564e6 1.60675849e6 2.00981816e6 2.78081547e6 916403.41 2.417592e6 4.64077493e6 
3.85031382e6 375348.69 3.89595626e6 3.5566924e6 3.05286868e6 3.51577633e6 633977.9 
1.36585358e6 4.32738109e6 3.97728022e6 2.99647872e6 1.79294001e6 4.14905133e6 3.66849332e6 
3.57193407e6 1.55364345e6 2.33933199e6 1.71544954e6 3.82013123e6 2.15712884e6 2.71513961e6 
1.48549076e6 3.01674562e6 1.9970761e6 1.52444093e6 2.72683926e6 646237.15 2.55667466e6 
3.26810321e6 3.97295237e6 3.39159044e6 730758.49 3.52833268e6 1.33617887e6 953878.33 
835
2.05323619e6 1.29507966e6 1.8537412e6 1.39891193e6 2.37730409e6 185826.71 1.11124043e6 
652237.84 1.21498625e6 3.38184336e6 3.16705735e6 2.37652679e6 3.07889199e6 3.03164766e6 
1.6010141e6 653251.12 4.15743282e6 2.39258592e6 1.50027917e6 2.14946249e6 1.64573143e6 
1.22378941e6 1.13234543e6 1.25096089e6 1.01631631e6 600319.83 2.18443657e6 1.40763995e6 
433708.37 1.30701383e6 883120.2 2.42345147e6 1.63068814e6 2.78377713e6 3.1025146e6 
3.29460876e6 861975.29 3.01703622e6 4.08581431e6 2.93480188e6 1.86413966e6 823894.98 
2.42077711e6 4.48957984e6 3.9544787e6 892564.18 2.28452081e6 3.18723015e6 2.78309323e6 
3.61286655e6 2.18473709e6 766968.37 535938.01 2.27755443e6 1.45829252e6 2.10627828e6 
690394.97 3.2986675e6 3.450928e6 282463.54 1.42444674e6 1.89723066e6 2.3253933e6 
1.58559181e6 3.19141702e6 3.60946652e6 1.4705431e6 2.53126407e6 2.05028003e6 2.3241505e6 
1475
4.37892315e6 1.21421518e6 1.92284178e6 2.48318069e6 4.95889728e6 1.28636363e6 3.65920892e6 
3.07369152e6 2.08287517e6 5.35387796e6 7.83879754e6 3.51810708e6 2.66090826e6 6.1773552e6 
4.13900937e6 365224.26 5.8583258e6 5.23429123e6 3.75552466e6 2.61668809e6 2.79812411e6 
2.06994329e6 1.42807628e6 3.74011088e6 4.38682316e6 2.80252301e6 6.1988705e6 1.15503186e6 
1.84797267e6 2.5340934e6 2.61202509e6 4.04987846e6 1.73549872e6 3.29735847e6 7.22517981e6 
5.49495436e6 524531.58 5.5007627e6 5.69595846e6 6.67789853e6 4.4844488e6 383504.6 
2.46789143e6 5.07793829e6 5.84134816e6 2.61604235e6 3.08971564e6 5.41968983e6 6.03948059e6 
5.521259e6 2.66094873e6 2.62454765e6 2.74181539e6 5.7090073e6 2.51214219e6 3.88417265e6 
1.5254979e6 5.74056725e6 3.24197542e6 1.57000018e6 3.64243058e6 1.86453353e6 4.04032805e6 
4.1321114e6 4.89696818e6 3.96985617e6 1.35836886e6 4.1395722e6 3.02879067e6 2.22130263e6 
343
1.33010038e6 294775.69 408146.93 891983.61 1.63338921e6 982886.56 1.34976553e6 
1.37023772e6 875096.37 754036.33 2.08374498e6 1.26097008e6 152796.27 1.05849897e6 
1.38010935e6 794737.66 1.31216055e6 1.490649e6 1.41842398e6 671569.11 572410.64 
525927.27 518721.59 1.66750677e6 1.61820664e6 1.1471012e6 1.52965324e6 290132.81 
878385.01 769580.67 1.42105909e6 957018.76 438430.8 380074.29 1.84852345e6 
1.17438606e6 625639.1 887152.9 1.25047423e6 1.17252238e6 1.37812623e6 714925.87 
146898.29 1.22988878e6 1.20536632e6 1.18200131e6 1.0098209e6 1.90360532e6 1.73483315e6 
1.41971899e6 59816.34 1.20578072e6 1.01017485e6 1.59357969e6 1.21200603e6 1.65529785e6 
904847.55 1.2049327e6 719394.32 1.00483906e6 1.14120595e6 238403.88 754682.47 
1.24619152e6 1.13595201e6 931017.85 434131.3 1.31021171e6 145775.74 151901.29 
6288
5.20043238e6 2.195631777e7 2.371456571e7 1.76926979e7 1.71383471e6 2.148330837e7 1.153843425e7 
1.541398988e7 2.001280828e7 2.58505737e7 5.41390185e6 8.25897471e6 3.351128256e7 3.21438976e7 
9.92691869e6 2.309976781e7 1.715209953e7 1.064921931e7 1.835707448e7 1.984177811e7 2.303056725e7 
2.264291984e7 1.849965581e7 2.441486953e7 1.558839687e7 2.092431381e7 4.45641427e6 2.836146482e7 
1.95201896e7 1.393152733e7 1.19990424e7 1.42797538e7 2.575056545e7 2.933178991e7 2.88010889e6 
1.247757948e7 2.31348924e7 2.207864597e7 1.786301022e7 2.219186504e7 9.01199834e6 2.91703253e7 
2.685420869e7 2.609300302e7 3.104843636e7 2.055145921e7 1.543470896e7 845703.17 1.45914401e6 
1.527875656e7 3.161795519e7 2.503555942e7 1.524716167e7 4.20894185e6 9.59163517e6 5.23920101e6 
1.519419473e7 1.250549255e7 2.329801718e7 1.64899656e7 1.261271453e7 3.121672344e7 1.999011335e7 
1.158685215e7 1.24820873e7 2.341881106e7 2.121224995e7 6.55629128e6 3.958992503e7 2.593784718e7 
1054
4.66063492e6 1.18193276e6 1.15925062e6 2.49106576e6 6.00415967e6 3.15598152e6 3.64978042e6 
4.40648185e6 2.27665672e6 2.31774633e6 6.58712988e6 3.9713447e6 277685.0 2.4398923e6 
3.37308619e6 2.05925641e6 3.99824653e6 3.76999061e6 4.10945359e6 2.17509733e6 1.70723419e6 
1.59739363e6 2.30094015e6 4.57084201e6 4.37574091e6 3.22277463e6 5.44498241e6 1.65897259e6 
4.27180595e6 3.25762717e6 3.90203481e6 3.17023732e6 1.5055077e6 696826.36 5.58405744e6 
4.17519114e6 2.28350774e6 2.68059335e6 4.04806136e6 3.72661461e6 4.76880177e6 2.82444203e6 
1.07531901e6 3.90642912e6 3.19606194e6 3.61929973e6 2.10383559e6 5.94616985e6 5.88725151e6 
4.57678767e6 696895.89 4.72015829e6 4.38103815e6 4.86236031e6 3.15775808e6 4.63894398e6 
3.37454724e6 4.65689189e6 1.55695972e6 3.92364811e6 3.92907357e6 867567.79 1.70981509e6 
5.48401181e6 3.07814524e6 2.61413596e6 1.08157375e6 4.93975227e6 949810.97 1.06038481e6 
1435
1.87462076e6 3.57954769e6 3.13164248e6 2.20378474e6 1.81347626e6 4.38884035e6 2.07978229e6 
2.73278385e6 2.29034393e6 3.91570706e6 3.12016445e6 6061.72 4.72564039e6 5.92726422e6 
1.37666308e6 4.04753683e6 2.77895183e6 1.47976325e6 3.67474729e6 2.29362381e6 2.25248502e6 
3.01755297e6 3.11527591e6 4.21684504e6 3.04348342e6 4.3686586e6 1.04423026e6 4.8198249e6 
4.7507276e6 2.17606113e6 2.20174572e6 1.63266612e6 2.79466994e6 5.26364148e6 1.99276439e6 
1.7765277e6 3.15334317e6 4.08216634e6 2.62154789e6 4.10587963e6 213456.88 4.6998672e6 
5.01091486e6 4.53458534e6 4.37308206e6 4.85706618e6 1.80622348e6 1.70805013e6 1.76931294e6 
1.68618337e6 5.78050797e6 4.04264237e6 3.83008304e6 1.57629593e6 1.24531135e6 650345.73 
2.77985556e6 1.49740774e6 4.85730177e6 3.15185717e6 1.92895281e6 4.66242191e6 3.61445118e6 
2.64851407e6 1.73277494e6 4.53738931e6 3.4638373e6 303909.67 5.98336034e6 5.72981397e6 
525
516968.05 2.21388015e6 1.88368595e6 1.4163801e6 849990.23 928895.34 402481.04 
564115.66 1.17331697e6 2.24131042e6 1.66003066e6 907341.94 2.95079273e6 2.47637915e6 
727958.13 1.20629058e6 2.0285298e6 1.37494033e6 513556.37 1.40791095e6 1.8692666e6 
1.32712218e6 1.67429497e6 1.10324433e6 228581.42 1.27715939e6 887134.99 2.14783423e6 
1.07935104e6 1.15154684e6 504014.35 1.48859298e6 1.56193607e6 2.62622455e6 1.19805917e6 
1.343841e6 1.75731825e6 3.03706712e6 2.25715969e6 2.74387486e6 949055.5 1.75631682e6 
2.53545584e6 2.37607723e6 2.54794681e6 949959.97 1.36868669e6 811694.15 946365.79 
2.14163046e6 2.44570437e6 852663.77 870115.81 1.07783589e6 939653.89 976882.1 
914161.12 1.4314085e6 2.12459688e6 927723.19 795475.03 2.40164312e6 1.76895652e6 
184585.8 1.99803129e6 2.71708124e6 1.54329317e6 1.07075061e6 2.53730323e6 2.63736268e6 
1246
3.38131184e6 4.15199557e6 3.17418706e6 1.98531294e6 2.67485984e6 4.50493333e6 2.76549973e6 
3.264314e6 2.25505778e6 2.52847962e6 2.63461055e6 1.56206599e6 5.06427936e6 2.78745071e6 
2.18193456e6 3.57687806e6 1.00585278e6 458845.3 5.45335847e6 1.82968316e6 1.85543176e6 
2.18208739e6 3.1903082e6 6.6113055e6 3.7177803e6 4.78514467e6 2.18294035e6 3.00356852e6 
5.67235124e6 2.39058547e6 2.90630104e6 854057.07 2.90919037e6 3.52823297e6 2.84327331e6 
752324.0 4.23231627e6 2.10938805e6 1.29452462e6 1.49072142e6 1.53802615e6 4.14113862e6 
5.53114003e6 1.59651249e6 2.63148225e6 4.78321874e6 1.26511171e6 2.65747113e6 3.32679097e6 
516447.79 5.33082527e6 4.43077694e6 4.89363469e6 1.84012208e6 2.24505797e6 1.79739174e6 
2.51205093e6 616963.81 2.64744786e6 3.67812178e6 2.19141362e6 3.77955483e6 1.68424899e6 
3.50710872e6 292719.64 2.07811864e6 3.17990654e6 1.56377222e6 4.34970663e6 4.17299591e6 
1896
1.032785729e7 2.68087807e6 4.84392463e6 7.1081976e6 1.025311093e7 5.99833069e6 9.08746368e6 
8.34238039e6 6.67269017e6 6.41790458e6 1.38036576e7 7.99699307e6 1.93562848e6 7.18388532e6 
8.99732336e6 5.61852124e6 7.43911281e6 8.62287923e6 1.060236482e7 6.03796603e6 4.29454127e6 
4.6282051e6 5.12615751e6 7.92970902e6 8.43893854e6 6.84473579e6 1.027395982e7 2.64978053e6 
6.76018626e6 6.31573475e6 8.60081186e6 6.85507832e6 3.93086316e6 2.94128068e6 1.169723803e7 
1.081754359e7 4.17758049e6 6.83553464e6 1.049552569e7 6.94490046e6 1.018114878e7 4.45946168e6 
991993.91 8.35781962e6 6.71706028e6 8.6711266e6 6.96960026e6 1.293778728e7 1.024030867e7 
9.5590452e6 1.2425218e6 6.89152187e6 6.93045033e6 9.58001656e6 8.08326212e6 9.23362065e6 
6.10801756e6 1.089972741e7 5.00246988e6 6.61105314e6 9.12217622e6 2.39961514e6 6.34149938e6 
8.70402584e6 7.94545357e6 5.48111041e6 3.77507493e6 1.084769956e7 1.01484817e6 2.15838204e6 
1147
1.13914672e6 3.22470843e6 2.18414046e6 1.42638827e6 1.24697944e6 2.24215596e6 1.92286328e6 
1.78560782e6 1.73520551e6 4.09692432e6 2.53795746e6 417393.35 4.57690635e6 3.31742977e6 
828878.0 2.92033521e6 3.18113955e6 1.18181871e6 2.67253613e6 1.67596804e6 1.70969621e6 
2.41133149e6 2.07445942e6 4.47289908e6 1.7349092e6 3.31790818e6 1.07304697e6 3.57953443e6 
3.86453075e6 1.20965267e6 1.73846232e6 1.60165382e6 2.62460637e6 4.1815431e6 2.42100593e6 
2.01201032e6 2.67902766e6 4.09346991e6 3.15917671e6 3.47835065e6 562138.2 3.33400568e6 
3.64615417e6 3.68436058e6 4.38846627e6 3.18987051e6 1.31116734e6 1.41533041e6 2.28140878e6 
1.868651e6 4.2109471e6 3.09224906e6 2.73026416e6 1.67162068e6 633589.51 744178.75 
1.86663663e6 1.87173573e6 4.23681238e6 1.99711369e6 903352.34 3.73796536e6 2.37458369e6 
2.65541302e6 1.83429727e6 2.9447744e6 2.68806802e6 619575.72 5.27841968e6 4.05692457e6 
2039
1.39776952e6 5.79072645e6 6.03915367e6 3.1912802e6 2.77533609e6 3.81932907e6 1.81066545e6 
2.35032456e6 3.04917472e6 6.41794478e6 4.72326762e6 2.06905869e6 8.0725557e6 8.69033598e6 
334914.98 5.17556095e6 5.05239888e6 2.86216119e6 5.09045203e6 3.84057238e6 3.21106764e6 
3.63957984e6 4.28991082e6 4.84683674e6 2.58827407e6 6.36350201e6 2.59841636e6 5.22348908e6 
5.13005236e6 2.34749679e6 2.2314355e6 3.81898123e6 4.10982572e6 8.63318856e6 3.71702762e6 
3.31903994e6 5.36027796e6 6.24671573e6 6.11800228e6 7.43606598e6 2.02220516e6 5.69599523e6 
9.18570448e6 5.9579024e6 8.1112835e6 3.79924305e6 3.92868893e6 2.67640418e6 2.95220415e6 
5.4553161e6 6.30098994e6 4.24716444e6 2.94674088e6 2.69545318e6 941751.07 1.49243801e6 
2.61052864e6 4.8624741e6 7.52601293e6 2.78313485e6 790009.65 7.56733802e6 5.58284194e6 
2.82740406e6 4.2332355e6 8.12598887e6 6.43766813e6 1.71061437e6 8.18676156e6 7.11831159e6 
3579
4.6096917e6 9.30886982e6 7.85035807e6 5.61564887e6 6.10601242e6 5.11743491e6 2.14820323e6 
2.27760387e6 3.83761555e6 1.188953035e7 1.201908417e7 4.18954944e6 1.542433398e7 1.690122553e7 
2.2022176e6 5.69133994e6 1.386763867e7 6.4607257e6 7.13812855e6 6.23121884e6 6.1035242e6 
6.33915704e6 5.59236964e6 7.05117348e6 3.32584857e6 5.92316786e6 5.6585971e6 9.54665601e6 
5.61758618e6 2.5708072e6 2.12622054e6 6.52331222e6 7.02297458e6 1.265141281e7 8.00600045e6 
1.017037433e7 6.64149875e6 1.498443973e7 9.90951497e6 1.487523572e7 4.78289455e6 8.07416361e6 
1.218673954e7 1.595365944e7 1.69358834e7 7.38849412e6 7.46372917e6 6.58208969e6 7.00053465e6 
1.097167262e7 1.463285018e7 7.19253606e6 4.89247074e6 8.23156741e6 2.33687193e6 3.71108279e6 
3.20111075e6 9.47743221e6 1.120388635e7 3.96979381e6 578580.76 1.171511712e7 8.50148872e6 
4.42859141e6 8.1556074e6 1.408302769e7 9.5753058e6 5.67918002e6 1.093775276e7 1.301975354e7 
664
828999.44 2.07410961e6 2.21845074e6 1.2434699e6 750294.96 2.33692484e6 1.2556625e6 
1.77053345e6 1.54886719e6 1.95808037e6 789424.02 380184.33 3.19719168e6 2.87869978e6 
669836.15 2.32106772e6 1.63275116e6 696546.11 2.18173426e6 1.35612414e6 1.25039908e6 
1.57434286e6 1.4747818e6 2.30394837e6 1.87729924e6 2.90831183e6 187070.4 2.54969574e6 
2.8871855e6 1.32035205e6 1.65245624e6 1.08977929e6 1.84573265e6 2.28575971e6 943028.26 
688205.38 2.30249466e6 1.99885703e6 1.32850896e6 1.69120454e6 216735.89 2.00035687e6 
3.23368546e6 1.86365158e6 2.33684209e6 1.98381993e6 1.26244081e6 691973.61 665357.74 
935863.35 3.34272979e6 2.56273648e6 1.82049553e6 304150.33 795686.11 323522.67 
1.53424572e6 972035.06 1.95974334e6 1.72780374e6 850940.83 2.40807193e6 1.95050775e6 
1.7963567e6 765208.57 1.71163391e6 1.98044015e6 152855.11 3.27380492e6 2.481821e6 
1165
5.7636695e6 1.67483823e6 2.6003841e6 3.02372401e6 6.40392633e6 3.27739172e6 3.97980717e6 
5.23316507e6 3.9481129e6 3.79604952e6 8.93849378e6 5.75219523e6 1.66625153e6 4.10885782e6 
5.59144202e6 2.46262445e6 4.69313474e6 4.93514424e6 5.24640063e6 3.46702753e6 3.16309533e6 
2.81684554e6 2.63078909e6 4.86555988e6 4.99777377e6 3.34943928e6 5.28348157e6 1.91841291e6 
2.93438951e6 4.24019559e6 5.1853772e6 5.11250032e6 2.69678914e6 2.86669486e6 8.03202492e6 
5.05086629e6 2.81282317e6 4.0208893e6 6.30148417e6 4.37697338e6 6.12672195e6 2.64341638e6 
590613.07 6.53965034e6 4.36105198e6 3.91301367e6 3.57911122e6 7.0526523e6 5.84498971e6 
5.78958469e6 901333.92 4.37345388e6 4.57762539e6 5.51868766e6 3.6231422e6 6.25823443e6 
3.86870422e6 4.95591121e6 2.95099082e6 3.33201561e6 4.17886751e6 1.83219335e6 3.34161196e6 
4.7175243e6 6.25864449e6 3.9790715e6 1.88670574e6 6.48225182e6 442235.76 1.01927624e6 
439
1.6739032e6 418642.17 237380.48 548097.25 1.88331765e6 1.14972522e6 1.58070197e6 
1.30309842e6 578079.81 779911.57 2.38624203e6 1.46983904e6 556132.67 1.10640318e6 
1.45897191e6 977899.73 1.48871746e6 1.06359947e6 1.6623087e6 418525.91 367278.86 
388143.58 506593.86 2.13916715e6 1.75057702e6 1.54565506e6 1.51794512e6 495188.94 
1.54033608e6 1.00041545e6 1.19729954e6 659844.34 323758.78 518640.2 1.83451228e6 
1.08622473e6 557705.01 954135.63 1.48397572e6 1.09843246e6 1.43016896e6 851825.49 
533569.13 1.45918225e6 1.03924692e6 1.91059803e6 810505.95 1.67649204e6 1.77964847e6 
1.06341346e6 635367.95 1.30855965e6 1.60592809e6 1.3487445e6 989194.3 1.13438402e6 
758669.79 1.06042538e6 364615.56 1.16545796e6 1.35407215e6 306483.06 471214.12 
1.99405592e6 939186.54 672187.13 246143.4 1.58723351e6 711883.27 551437.3 
