
Gurobi 12.0.3 (mac64[arm]) logging started Sat Sep 27 11:09:11 2025

Set parameter LogFile to value "Logs/Facility Location Logs/bernoulli_true/L50/phase1/scenario_generation.log"
Set parameter LogToConsole to value 0

Gurobi 12.0.3 (mac64[arm]) logging started Sat Sep 27 11:09:11 2025

Set parameter LogFile to value "Logs/Facility Location Logs/bernoulli_true/L50/phase1/scenario_generation.log"
Gurobi Optimizer version 12.0.3 build v12.0.3rc0 (mac64[arm] - Darwin 24.6.0 24G222)

CPU model: Apple M3
Thread count: 8 physical cores, 8 logical processors, using up to 8 threads

Non-default parameters:
LogToConsole  0

Optimize a model with 75 rows, 1325 columns and 2575 nonzeros
Model fingerprint: 0x11a43c43
Variable types: 1300 continuous, 25 integer (25 binary)
Coefficient statistics:
  Matrix range     [1e+00, 2e+04]
  Objective range  [8e-03, 8e+03]
  Bounds range     [0e+00, 0e+00]
  RHS range        [5e+02, 5e+03]
Found heuristic solution: objective 1859600.0000
Presolve removed 18 rows and 469 columns
Presolve time: 0.00s
Presolved: 57 rows, 856 columns, 1656 nonzeros
Variable types: 832 continuous, 24 integer (24 binary)

Root relaxation: objective 2.471173e+04, 114 iterations, 0.00 seconds (0.00 work units)

    Nodes    |    Current Node    |     Objective Bounds      |     Work
 Expl Unexpl |  Obj  Depth IntInf | Incumbent    BestBd   Gap | It/Node Time

     0     0 24711.7256    0   11 1859600.00 24711.7256  98.7%     -    0s
H    0     0                    96115.725567 24711.7256  74.3%     -    0s
H    0     0                    62371.045708 24711.7256  60.4%     -    0s
H    0     0                    51932.191342 24711.7256  52.4%     -    0s
     0     0 27849.1970    0    5 51932.1913 27849.1970  46.4%     -    0s
H    0     0                    32084.417277 27909.8258  13.0%     -    0s
     0     0 27909.8258    0    5 32084.4173 27909.8258  13.0%     -    0s
H    0     0                    31299.361032 27909.8258  10.8%     -    0s
     0     0 28024.2826    0    4 31299.3610 28024.2826  10.5%     -    0s
     0     0 28220.5542    0    4 31299.3610 28220.5542  9.84%     -    0s
     0     0 28278.4658    0    4 31299.3610 28278.4658  9.65%     -    0s
     0     0 28357.5761    0    5 31299.3610 28357.5761  9.40%     -    0s
     0     0 28526.1435    0    6 31299.3610 28526.1435  8.86%     -    0s
     0     0 28707.6135    0    4 31299.3610 28707.6135  8.28%     -    0s
     0     0 28797.6235    0    4 31299.3610 28797.6235  7.99%     -    0s
     0     2 28797.6235    0    4 31299.3610 28797.6235  7.99%     -    0s
*    8     3               3    31116.177727 28797.6235  7.45%  31.2    0s

Cutting planes:
  Implied bound: 28
  Relax-and-lift: 2

Explored 46 nodes (1286 simplex iterations) in 0.04 seconds (0.05 work units)
Thread count was 8 (of 8 available processors)

Solution count 7: 31116.2 31299.4 32084.4 ... 1.8596e+06

Optimal solution found (tolerance 1.00e-04)
Best objective 3.111617772731e+04, best bound 3.111617772731e+04, gap 0.0000%

User-callback calls 353, time in user-callback 0.00 sec

Gurobi 12.0.3 (mac64[arm]) logging started Sat Sep 27 11:09:11 2025

Set parameter LogFile to value "Logs/Facility Location Logs/bernoulli_true/L50/phase1/scenario_generation.log"
Set parameter LogToConsole to value 0

Gurobi 12.0.3 (mac64[arm]) logging started Sat Sep 27 11:09:11 2025

Set parameter LogFile to value "Logs/Facility Location Logs/bernoulli_true/L50/phase1/scenario_generation.log"
Gurobi Optimizer version 12.0.3 build v12.0.3rc0 (mac64[arm] - Darwin 24.6.0 24G222)

CPU model: Apple M3
Thread count: 8 physical cores, 8 logical processors, using up to 8 threads

Non-default parameters:
LogToConsole  0

Optimize a model with 75 rows, 1325 columns and 2575 nonzeros
Model fingerprint: 0xf67b70c2
Variable types: 1300 continuous, 25 integer (25 binary)
Coefficient statistics:
  Matrix range     [1e+00, 2e+04]
  Objective range  [8e-03, 8e+03]
  Bounds range     [0e+00, 0e+00]
  RHS range        [1e+03, 4e+03]
Found heuristic solution: objective 2557450.0000
Presolve removed 21 rows and 547 columns
Presolve time: 0.00s
Presolved: 54 rows, 778 columns, 1503 nonzeros
Variable types: 754 continuous, 24 integer (24 binary)

Root relaxation: objective 3.544510e+04, 117 iterations, 0.00 seconds (0.00 work units)

    Nodes    |    Current Node    |     Objective Bounds      |     Work
 Expl Unexpl |  Obj  Depth IntInf | Incumbent    BestBd   Gap | It/Node Time

     0     0 35445.0977    0   14 2557450.00 35445.0977  98.6%     -    0s
H    0     0                    122370.59771 35445.0977  71.0%     -    0s
H    0     0                    91022.567316 35445.0977  61.1%     -    0s
H    0     0                    84054.208235 35445.0977  57.8%     -    0s
H    0     0                    84043.144235 35445.0977  57.8%     -    0s
H    0     0                    61633.266436 35445.0977  42.5%     -    0s
H    0     0                    54638.931413 39302.7577  28.1%     -    0s
     0     0 39302.7577    0    9 54638.9314 39302.7577  28.1%     -    0s
H    0     0                    45151.717586 39462.0768  12.6%     -    0s
H    0     0                    44844.547084 39462.0768  12.0%     -    0s
H    0     0                    44638.730720 39462.0768  11.6%     -    0s
H    0     0                    44251.022887 39462.0768  10.8%     -    0s
     0     0 39673.1814    0    8 44251.0229 39673.1814  10.3%     -    0s
     0     0 40020.0259    0    8 44251.0229 40020.0259  9.56%     -    0s
     0     0 40084.8287    0   10 44251.0229 40084.8287  9.41%     -    0s
     0     0 40085.5139    0    9 44251.0229 40085.5139  9.41%     -    0s
     0     0 40261.4957    0    9 44251.0229 40261.4957  9.02%     -    0s
     0     0 40504.0457    0    1 44251.0229 40504.0457  8.47%     -    0s
     0     0 40558.7871    0    4 44251.0229 40558.7871  8.34%     -    0s
     0     0 40560.9733    0    4 44251.0229 40560.9733  8.34%     -    0s
     0     0 40582.1268    0    5 44251.0229 40582.1268  8.29%     -    0s
     0     0 40582.1268    0    5 44251.0229 40582.1268  8.29%     -    0s
H    0     0                    44102.656232 40582.1268  7.98%     -    0s
     0     2 40582.1268    0    5 44102.6562 40582.1268  7.98%     -    0s

Cutting planes:
  Implied bound: 86
  MIR: 2
  Flow cover: 6
  Relax-and-lift: 3

Explored 541 nodes (12681 simplex iterations) in 0.10 seconds (0.13 work units)
Thread count was 8 (of 8 available processors)

Solution count 10: 44102.7 44251 44844.5 ... 2.55745e+06

Optimal solution found (tolerance 1.00e-04)
Best objective 4.410265623150e+04, best bound 4.410265623150e+04, gap 0.0000%

User-callback calls 1384, time in user-callback 0.00 sec

Gurobi 12.0.3 (mac64[arm]) logging started Sat Sep 27 11:09:11 2025

Set parameter LogFile to value "Logs/Facility Location Logs/bernoulli_true/L50/phase1/scenario_generation.log"
Set parameter LogToConsole to value 0

Gurobi 12.0.3 (mac64[arm]) logging started Sat Sep 27 11:09:11 2025

Set parameter LogFile to value "Logs/Facility Location Logs/bernoulli_true/L50/phase1/scenario_generation.log"
Gurobi Optimizer version 12.0.3 build v12.0.3rc0 (mac64[arm] - Darwin 24.6.0 24G222)

CPU model: Apple M3
Thread count: 8 physical cores, 8 logical processors, using up to 8 threads

Non-default parameters:
LogToConsole  0

Optimize a model with 75 rows, 1325 columns and 2575 nonzeros
Model fingerprint: 0x7d0859be
Variable types: 1300 continuous, 25 integer (25 binary)
Coefficient statistics:
  Matrix range     [1e+00, 2e+04]
  Objective range  [8e-03, 8e+03]
  Bounds range     [0e+00, 0e+00]
  RHS range        [1e+03, 5e+03]
Found heuristic solution: objective 1776150.0000
Presolve removed 32 rows and 833 columns
Presolve time: 0.00s
Presolved: 43 rows, 492 columns, 942 nonzeros
Variable types: 468 continuous, 24 integer (24 binary)

Root relaxation: objective 1.588462e+04, 73 iterations, 0.00 seconds (0.00 work units)

    Nodes    |    Current Node    |     Objective Bounds      |     Work
 Expl Unexpl |  Obj  Depth IntInf | Incumbent    BestBd   Gap | It/Node Time

     0     0 15884.6219    0    7 1776150.00 15884.6219  99.1%     -    0s
H    0     0                    58123.121889 15884.6219  72.7%     -    0s
H    0     0                    51188.286888 15884.6219  69.0%     -    0s
     0     0 17660.3593    0    7 51188.2869 17660.3593  65.5%     -    0s
H    0     0                    44130.451467 17818.9280  59.6%     -    0s
H    0     0                    36630.451467 17818.9280  51.4%     -    0s
H    0     0                    23560.705888 17818.9280  24.4%     -    0s
     0     0 18077.7657    0    6 23560.7059 18077.7657  23.3%     -    0s
H    0     0                    23254.919379 18128.7796  22.0%     -    0s
H    0     0                    23251.712884 18128.7796  22.0%     -    0s
H    0     0                    23108.170287 18128.7796  21.5%     -    0s
     0     0 18284.3177    0    3 23108.1703 18284.3177  20.9%     -    0s
     0     0 18295.4475    0    3 23108.1703 18295.4475  20.8%     -    0s
H    0     0                    22194.652320 18295.4475  17.6%     -    0s
     0     0 18397.8153    0    3 22194.6523 18397.8153  17.1%     -    0s
     0     0 18480.9691    0    1 22194.6523 18480.9691  16.7%     -    0s
     0     0 18501.5404    0    3 22194.6523 18501.5404  16.6%     -    0s
     0     0 18594.3071    0    3 22194.6523 18594.3071  16.2%     -    0s
     0     0 18639.0614    0    2 22194.6523 18639.0614  16.0%     -    0s
     0     0 18664.5963    0    2 22194.6523 18664.5963  15.9%     -    0s
     0     0 18704.2170    0    5 22194.6523 18704.2170  15.7%     -    0s
     0     0 18710.2704    0    5 22194.6523 18710.2704  15.7%     -    0s
     0     0 18750.0575    0    5 22194.6523 18750.0575  15.5%     -    0s
     0     0 18829.1276    0    2 22194.6523 18829.1276  15.2%     -    0s
     0     0 18829.1276    0    2 22194.6523 18829.1276  15.2%     -    0s
     0     2 18829.1276    0    2 22194.6523 18829.1276  15.2%     -    0s

Cutting planes:
  Implied bound: 44
  MIR: 2
  Flow cover: 1
  Relax-and-lift: 1

Explored 500 nodes (6944 simplex iterations) in 0.05 seconds (0.06 work units)
Thread count was 8 (of 8 available processors)

Solution count 9: 22194.7 23108.2 23251.7 ... 1.77615e+06

Optimal solution found (tolerance 1.00e-04)
Best objective 2.219465231981e+04, best bound 2.219465231981e+04, gap 0.0000%

User-callback calls 1296, time in user-callback 0.00 sec

Gurobi 12.0.3 (mac64[arm]) logging started Sat Sep 27 11:09:11 2025

Set parameter LogFile to value "Logs/Facility Location Logs/bernoulli_true/L50/phase1/scenario_generation.log"
Set parameter LogToConsole to value 0

Gurobi 12.0.3 (mac64[arm]) logging started Sat Sep 27 11:09:11 2025

Set parameter LogFile to value "Logs/Facility Location Logs/bernoulli_true/L50/phase1/scenario_generation.log"
Gurobi Optimizer version 12.0.3 build v12.0.3rc0 (mac64[arm] - Darwin 24.6.0 24G222)

CPU model: Apple M3
Thread count: 8 physical cores, 8 logical processors, using up to 8 threads

Non-default parameters:
LogToConsole  0

Optimize a model with 75 rows, 1325 columns and 2575 nonzeros
Model fingerprint: 0x6d3bb25c
Variable types: 1300 continuous, 25 integer (25 binary)
Coefficient statistics:
  Matrix range     [1e+00, 2e+04]
  Objective range  [8e-03, 8e+03]
  Bounds range     [0e+00, 0e+00]
  RHS range        [1e+03, 2e+04]
Found heuristic solution: objective 2630100.0000
Presolve removed 33 rows and 859 columns
Presolve time: 0.00s
Presolved: 42 rows, 466 columns, 891 nonzeros
Variable types: 442 continuous, 24 integer (24 binary)

Root relaxation: objective 7.463368e+04, 64 iterations, 0.00 seconds (0.00 work units)

    Nodes    |    Current Node    |     Objective Bounds      |     Work
 Expl Unexpl |  Obj  Depth IntInf | Incumbent    BestBd   Gap | It/Node Time

     0     0 74633.6779    0    8 2630100.00 74633.6779  97.2%     -    0s
H    0     0                    123332.67786 74633.6779  39.5%     -    0s
H    0     0                    116356.43868 74633.6779  35.9%     -    0s
H    0     0                    93948.176049 76803.7075  18.2%     -    0s
     0     0 76803.7075    0    3 93948.1760 76803.7075  18.2%     -    0s
H    0     0                    88786.341327 76849.4240  13.4%     -    0s
H    0     0                    80944.787102 76849.4240  5.06%     -    0s
     0     0 78427.4138    0    2 80944.7871 78427.4138  3.11%     -    0s
H    0     0                    80762.509420 78427.4138  2.89%     -    0s
     0     0 78778.2635    0    2 80762.5094 78778.2635  2.46%     -    0s
H    0     0                    79834.234129 78895.1608  1.18%     -    0s
     0     0 78923.9432    0    3 79834.2341 78923.9432  1.14%     -    0s
     0     0 79072.0777    0    4 79834.2341 79072.0777  0.95%     -    0s
     0     0 79238.2702    0    2 79834.2341 79238.2702  0.75%     -    0s
     0     0 79242.2292    0    2 79834.2341 79242.2292  0.74%     -    0s
     0     2 79242.2292    0    2 79834.2341 79242.2292  0.74%     -    0s

Cutting planes:
  Implied bound: 17
  Flow cover: 2
  Relax-and-lift: 3

Explored 25 nodes (424 simplex iterations) in 0.01 seconds (0.02 work units)
Thread count was 8 (of 8 available processors)

Solution count 7: 79834.2 80762.5 88786.3 ... 2.6301e+06

Optimal solution found (tolerance 1.00e-04)
Best objective 7.983423412875e+04, best bound 7.983423412875e+04, gap 0.0000%

User-callback calls 291, time in user-callback 0.00 sec

Gurobi 12.0.3 (mac64[arm]) logging started Sat Sep 27 11:09:11 2025

Set parameter LogFile to value "Logs/Facility Location Logs/bernoulli_true/L50/phase1/scenario_generation.log"
Set parameter LogToConsole to value 0

Gurobi 12.0.3 (mac64[arm]) logging started Sat Sep 27 11:09:11 2025

Set parameter LogFile to value "Logs/Facility Location Logs/bernoulli_true/L50/phase1/scenario_generation.log"
Gurobi Optimizer version 12.0.3 build v12.0.3rc0 (mac64[arm] - Darwin 24.6.0 24G222)

CPU model: Apple M3
Thread count: 8 physical cores, 8 logical processors, using up to 8 threads

Non-default parameters:
LogToConsole  0

Optimize a model with 75 rows, 1325 columns and 2575 nonzeros
Model fingerprint: 0xd2417643
Variable types: 1300 continuous, 25 integer (25 binary)
Coefficient statistics:
  Matrix range     [1e+00, 2e+04]
  Objective range  [8e-03, 8e+03]
  Bounds range     [0e+00, 0e+00]
  RHS range        [1e+03, 2e+04]
Found heuristic solution: objective 4619750.0000
Presolve removed 17 rows and 443 columns
Presolve time: 0.00s
Presolved: 58 rows, 882 columns, 1707 nonzeros
Variable types: 858 continuous, 24 integer (24 binary)

Root relaxation: objective 9.155808e+04, 110 iterations, 0.00 seconds (0.00 work units)

    Nodes    |    Current Node    |     Objective Bounds      |     Work
 Expl Unexpl |  Obj  Depth IntInf | Incumbent    BestBd   Gap | It/Node Time

     0     0 91558.0802    0   17 4619750.00 91558.0802  98.0%     -    0s
H    0     0                    187860.58024 91558.0802  51.3%     -    0s
H    0     0                    166090.14944 91558.0802  44.9%     -    0s
H    0     0                    165826.88755 91558.0802  44.8%     -    0s
H    0     0                    161620.60023 92230.2677  42.9%     -    0s
H    0     0                    155033.01302 92230.2677  40.5%     -    0s
H    0     0                    151440.81462 95047.6285  37.2%     -    0s
H    0     0                    114957.48920 95047.6285  17.3%     -    0s
     0     0 95047.6285    0   10 114957.489 95047.6285  17.3%     -    0s
H    0     0                    110303.40076 95166.7277  13.7%     -    0s
H    0     0                    106876.49279 95166.7277  11.0%     -    0s
     0     0 95166.7277    0   10 106876.493 95166.7277  11.0%     -    0s
     0     0 95641.7619    0    8 106876.493 95641.7619  10.5%     -    0s
H    0     0                    101213.84492 96124.9172  5.03%     -    0s
H    0     0                    101194.43647 96124.9172  5.01%     -    0s
     0     0 96124.9172    0    8 101194.436 96124.9172  5.01%     -    0s
     0     0 96124.9172    0    7 101194.436 96124.9172  5.01%     -    0s
     0     0 96364.7689    0   10 101194.436 96364.7689  4.77%     -    0s
H    0     0                    100969.21468 96429.4898  4.50%     -    0s
H    0     0                    100965.66036 96429.4898  4.49%     -    0s
     0     0 96429.4898    0   10 100965.660 96429.4898  4.49%     -    0s
     0     0 96429.4898    0   10 100965.660 96429.4898  4.49%     -    0s
     0     0 96551.6586    0    4 100965.660 96551.6586  4.37%     -    0s
     0     0 96556.3584    0    4 100965.660 96556.3584  4.37%     -    0s
     0     0 96707.1498    0    3 100965.660 96707.1498  4.22%     -    0s
     0     0 96723.5892    0    5 100965.660 96723.5892  4.20%     -    0s
     0     0 96726.0370    0    5 100965.660 96726.0370  4.20%     -    0s
     0     2 96726.1458    0    5 100965.660 96726.1458  4.20%     -    0s
H  414   293                    100923.05674 96964.8185  3.92%  14.3    0s
* 2034   835              13    100921.22719 97580.6663  3.31%  14.8    0s

Cutting planes:
  Implied bound: 114
  MIR: 5
  Inf proof: 9
  Relax-and-lift: 3

Explored 6273 nodes (113619 simplex iterations) in 0.34 seconds (0.68 work units)
Thread count was 8 (of 8 available processors)

Solution count 10: 100921 100923 100966 ... 161621

Optimal solution found (tolerance 1.00e-04)
Best objective 1.009212271946e+05, best bound 1.009212271946e+05, gap 0.0000%

User-callback calls 12911, time in user-callback 0.00 sec

Gurobi 12.0.3 (mac64[arm]) logging started Sat Sep 27 11:09:11 2025

Set parameter LogFile to value "Logs/Facility Location Logs/bernoulli_true/L50/phase1/scenario_generation.log"
Set parameter LogToConsole to value 0

Gurobi 12.0.3 (mac64[arm]) logging started Sat Sep 27 11:09:11 2025

Set parameter LogFile to value "Logs/Facility Location Logs/bernoulli_true/L50/phase1/scenario_generation.log"
Gurobi Optimizer version 12.0.3 build v12.0.3rc0 (mac64[arm] - Darwin 24.6.0 24G222)

CPU model: Apple M3
Thread count: 8 physical cores, 8 logical processors, using up to 8 threads

Non-default parameters:
LogToConsole  0

Optimize a model with 75 rows, 1325 columns and 2575 nonzeros
Model fingerprint: 0xa6b05426
Variable types: 1300 continuous, 25 integer (25 binary)
Coefficient statistics:
  Matrix range     [1e+00, 2e+04]
  Objective range  [8e-03, 8e+03]
  Bounds range     [0e+00, 0e+00]
  RHS range        [1e+03, 5e+03]
Found heuristic solution: objective 2146700.0000
Presolve removed 27 rows and 703 columns
Presolve time: 0.00s
Presolved: 48 rows, 622 columns, 1197 nonzeros
Variable types: 598 continuous, 24 integer (24 binary)

Root relaxation: objective 2.989143e+04, 83 iterations, 0.00 seconds (0.00 work units)

    Nodes    |    Current Node    |     Objective Bounds      |     Work
 Expl Unexpl |  Obj  Depth IntInf | Incumbent    BestBd   Gap | It/Node Time

     0     0 29891.4296    0   10 2146700.00 29891.4296  98.6%     -    0s
H    0     0                    90924.429553 29891.4296  67.1%     -    0s
H    0     0                    66174.038541 29891.4296  54.8%     -    0s
H    0     0                    66168.542308 29891.4296  54.8%     -    0s
H    0     0                    62925.911473 29891.4296  52.5%     -    0s
H    0     0                    62745.819835 32461.2856  48.3%     -    0s
H    0     0                    55994.285571 32461.2856  42.0%     -    0s
     0     0 32461.2856    0    4 55994.2856 32461.2856  42.0%     -    0s
H    0     0                    47835.430037 32552.2360  31.9%     -    0s
H    0     0                    40707.541447 32552.2360  20.0%     -    0s
H    0     0                    33438.826359 32552.2360  2.65%     -    0s
     0     0 33438.8264    0    6 33438.8264 33438.8264  0.00%     -    0s

Cutting planes:
  Implied bound: 14
  Flow cover: 2

Explored 1 nodes (159 simplex iterations) in 0.01 seconds (0.01 work units)
Thread count was 8 (of 8 available processors)

Solution count 9: 33438.8 40707.5 47835.4 ... 2.1467e+06

Optimal solution found (tolerance 1.00e-04)
Best objective 3.343882635900e+04, best bound 3.343882635900e+04, gap 0.0000%

User-callback calls 216, time in user-callback 0.00 sec

Gurobi 12.0.3 (mac64[arm]) logging started Sat Sep 27 11:09:11 2025

Set parameter LogFile to value "Logs/Facility Location Logs/bernoulli_true/L50/phase1/scenario_generation.log"
Set parameter LogToConsole to value 0

Gurobi 12.0.3 (mac64[arm]) logging started Sat Sep 27 11:09:11 2025

Set parameter LogFile to value "Logs/Facility Location Logs/bernoulli_true/L50/phase1/scenario_generation.log"
Gurobi Optimizer version 12.0.3 build v12.0.3rc0 (mac64[arm] - Darwin 24.6.0 24G222)

CPU model: Apple M3
Thread count: 8 physical cores, 8 logical processors, using up to 8 threads

Non-default parameters:
LogToConsole  0

Optimize a model with 75 rows, 1325 columns and 2575 nonzeros
Model fingerprint: 0xbcb392c2
Variable types: 1300 continuous, 25 integer (25 binary)
Coefficient statistics:
  Matrix range     [1e+00, 2e+04]
  Objective range  [8e-03, 8e+03]
  Bounds range     [0e+00, 0e+00]
  RHS range        [2e+03, 2e+04]
Found heuristic solution: objective 4397800.0000
Presolve removed 23 rows and 599 columns
Presolve time: 0.00s
Presolved: 52 rows, 726 columns, 1401 nonzeros
Variable types: 702 continuous, 24 integer (24 binary)

Root relaxation: objective 9.427417e+04, 79 iterations, 0.00 seconds (0.00 work units)

    Nodes    |    Current Node    |     Objective Bounds      |     Work
 Expl Unexpl |  Obj  Depth IntInf | Incumbent    BestBd   Gap | It/Node Time

     0     0 94274.1656    0   14 4397800.00 94274.1656  97.9%     -    0s
H    0     0                    170296.16558 94274.1656  44.6%     -    0s
H    0     0                    165260.82103 94274.1656  43.0%     -    0s
H    0     0                    163049.69785 94274.1656  42.2%     -    0s
H    0     0                    155942.84198 94274.1656  39.5%     -    0s
H    0     0                    155587.63990 94274.1656  39.4%     -    0s
H    0     0                    149073.28187 94274.1656  36.8%     -    0s
H    0     0                    120051.12456 98502.5809  17.9%     -    0s
     0     0 98502.5809    0    7 120051.125 98502.5809  17.9%     -    0s
H    0     0                    113807.23615 98549.9863  13.4%     -    0s
H    0     0                    100524.83813 98549.9863  1.96%     -    0s
H    0     0                    100079.47097 98549.9863  1.53%     -    0s
     0     0 98549.9863    0    8 100079.471 98549.9863  1.53%     -    0s
     0     0 98920.3433    0    8 100079.471 98920.3433  1.16%     -    0s
     0     0 98982.7385    0    6 100079.471 98982.7385  1.10%     -    0s
     0     0 98982.7385    0    6 100079.471 98982.7385  1.10%     -    0s
     0     0 99113.4937    0    8 100079.471 99113.4937  0.97%     -    0s
     0     0 99205.3196    0    5 100079.471 99205.3196  0.87%     -    0s
     0     0 99218.4459    0    4 100079.471 99218.4459  0.86%     -    0s
     0     0 99218.5386    0    4 100079.471 99218.5386  0.86%     -    0s
     0     0 99250.1688    0    5 100079.471 99250.1688  0.83%     -    0s
     0     0 99250.5834    0    6 100079.471 99250.5834  0.83%     -    0s
     0     0 99256.2727    0    4 100079.471 99256.2727  0.82%     -    0s
     0     0 99256.2727    0    4 100079.471 99256.2727  0.82%     -    0s
     0     0 99256.2727    0   11 100079.471 99256.2727  0.82%     -    0s
     0     0 99256.2727    0    7 100079.471 99256.2727  0.82%     -    0s
     0     0 99256.2727    0    9 100079.471 99256.2727  0.82%     -    0s
     0     0 99256.2727    0    5 100079.471 99256.2727  0.82%     -    0s
     0     0 99256.2727    0    4 100079.471 99256.2727  0.82%     -    0s
     0     0 99256.2727    0    6 100079.471 99256.2727  0.82%     -    0s
     0     0 99256.2727    0    3 100079.471 99256.2727  0.82%     -    0s
     0     0 99256.2727    0    3 100079.471 99256.2727  0.82%     -    0s
     0     0 99256.2727    0    4 100079.471 99256.2727  0.82%     -    0s
     0     0 99257.4607    0    4 100079.471 99257.4607  0.82%     -    0s
     0     2 99257.4607    0    4 100079.471 99257.4607  0.82%     -    0s

Cutting planes:
  Implied bound: 36
  MIR: 3
  Flow cover: 5
  Relax-and-lift: 4

Explored 126 nodes (2195 simplex iterations) in 0.05 seconds (0.05 work units)
Thread count was 8 (of 8 available processors)

Solution count 10: 100079 106327 113807 ... 170296

Optimal solution found (tolerance 1.00e-04)
Best objective 1.000794709663e+05, best bound 1.000794709663e+05, gap 0.0000%

User-callback calls 581, time in user-callback 0.00 sec

Gurobi 12.0.3 (mac64[arm]) logging started Sat Sep 27 11:09:11 2025

Set parameter LogFile to value "Logs/Facility Location Logs/bernoulli_true/L50/phase1/scenario_generation.log"
Set parameter LogToConsole to value 0

Gurobi 12.0.3 (mac64[arm]) logging started Sat Sep 27 11:09:11 2025

Set parameter LogFile to value "Logs/Facility Location Logs/bernoulli_true/L50/phase1/scenario_generation.log"
Gurobi Optimizer version 12.0.3 build v12.0.3rc0 (mac64[arm] - Darwin 24.6.0 24G222)

CPU model: Apple M3
Thread count: 8 physical cores, 8 logical processors, using up to 8 threads

Non-default parameters:
LogToConsole  0

Optimize a model with 75 rows, 1325 columns and 2575 nonzeros
Model fingerprint: 0x4cc571bd
Variable types: 1300 continuous, 25 integer (25 binary)
Coefficient statistics:
  Matrix range     [1e+00, 2e+04]
  Objective range  [8e-03, 8e+03]
  Bounds range     [0e+00, 0e+00]
  RHS range        [7e+02, 2e+04]
Found heuristic solution: objective 2377350.0000
Presolve removed 31 rows and 807 columns
Presolve time: 0.00s
Presolved: 44 rows, 518 columns, 993 nonzeros
Variable types: 494 continuous, 24 integer (24 binary)

Root relaxation: objective 6.296040e+04, 80 iterations, 0.00 seconds (0.00 work units)

    Nodes    |    Current Node    |     Objective Bounds      |     Work
 Expl Unexpl |  Obj  Depth IntInf | Incumbent    BestBd   Gap | It/Node Time

     0     0 62960.3974    0    6 2377350.00 62960.3974  97.4%     -    0s
H    0     0                    99186.897420 62960.3974  36.5%     -    0s
H    0     0                    89194.107284 62960.3974  29.4%     -    0s
H    0     0                    78433.443989 62960.3974  19.7%     -    0s
     0     0 67518.4941    0    6 78433.4440 67518.4941  13.9%     -    0s
H    0     0                    72528.236983 68037.4884  6.19%     -    0s
H    0     0                    70499.899802 68037.4884  3.49%     -    0s
     0     0 69028.5224    0    7 70499.8998 69028.5224  2.09%     -    0s
     0     0 70001.4356    0    7 70499.8998 70001.4356  0.71%     -    0s
     0     0 70499.8998    0    7 70499.8998 70499.8998  0.00%     -    0s

Cutting planes:
  Implied bound: 15
  Flow cover: 4
  Relax-and-lift: 1

Explored 1 nodes (136 simplex iterations) in 0.01 seconds (0.01 work units)
Thread count was 8 (of 8 available processors)

Solution count 5: 70499.9 78433.4 89194.1 ... 2.37735e+06

Optimal solution found (tolerance 1.00e-04)
Best objective 7.049989980206e+04, best bound 7.049989980206e+04, gap 0.0000%

User-callback calls 217, time in user-callback 0.00 sec

Gurobi 12.0.3 (mac64[arm]) logging started Sat Sep 27 11:09:11 2025

Set parameter LogFile to value "Logs/Facility Location Logs/bernoulli_true/L50/phase1/scenario_generation.log"
Set parameter LogToConsole to value 0

Gurobi 12.0.3 (mac64[arm]) logging started Sat Sep 27 11:09:11 2025

Set parameter LogFile to value "Logs/Facility Location Logs/bernoulli_true/L50/phase1/scenario_generation.log"
Gurobi Optimizer version 12.0.3 build v12.0.3rc0 (mac64[arm] - Darwin 24.6.0 24G222)

CPU model: Apple M3
Thread count: 8 physical cores, 8 logical processors, using up to 8 threads

Non-default parameters:
LogToConsole  0

Optimize a model with 75 rows, 1325 columns and 2575 nonzeros
Model fingerprint: 0xb5bc3824
Variable types: 1300 continuous, 25 integer (25 binary)
Coefficient statistics:
  Matrix range     [1e+00, 2e+04]
  Objective range  [8e-03, 8e+03]
  Bounds range     [0e+00, 0e+00]
  RHS range        [7e+02, 2e+04]
Found heuristic solution: objective 3019850.0000
Presolve removed 23 rows and 599 columns
Presolve time: 0.00s
Presolved: 52 rows, 726 columns, 1401 nonzeros
Variable types: 702 continuous, 24 integer (24 binary)

Root relaxation: objective 7.016772e+04, 84 iterations, 0.00 seconds (0.00 work units)

    Nodes    |    Current Node    |     Objective Bounds      |     Work
 Expl Unexpl |  Obj  Depth IntInf | Incumbent    BestBd   Gap | It/Node Time

     0     0 70167.7182    0   10 3019850.00 70167.7182  97.7%     -    0s
H    0     0                    129969.21817 70167.7182  46.0%     -    0s
H    0     0                    108341.03899 70167.7182  35.2%     -    0s
H    0     0                    99570.480418 70167.7182  29.5%     -    0s
H    0     0                    95921.782361 70167.7182  26.8%     -    0s
H    0     0                    93662.930226 70167.7182  25.1%     -    0s
     0     0 74926.8259    0    7 93662.9302 74926.8259  20.0%     -    0s
H    0     0                    80381.607173 74963.1251  6.74%     -    0s
H    0     0                    79387.532913 75079.0775  5.43%     -    0s
     0     0 75079.0775    0    1 79387.5329 75079.0775  5.43%     -    0s
     0     0 75088.4847    0    1 79387.5329 75088.4847  5.42%     -    0s
     0     0 75088.4847    0    2 79387.5329 75088.4847  5.42%     -    0s
     0     0 75088.4847    0    2 79387.5329 75088.4847  5.42%     -    0s
H    0     0                    79385.374769 75088.4847  5.41%     -    0s
     0     2 75094.9019    0    2 79385.3748 75094.9019  5.40%     -    0s

Cutting planes:
  Implied bound: 29
  MIR: 3
  Flow cover: 3
  Relax-and-lift: 2

Explored 156 nodes (2268 simplex iterations) in 0.06 seconds (0.04 work units)
Thread count was 8 (of 8 available processors)

Solution count 7: 79385.4 93662.9 95921.8 ... 3.01985e+06

Optimal solution found (tolerance 1.00e-04)
Best objective 7.938537476888e+04, best bound 7.938537476888e+04, gap 0.0000%

User-callback calls 561, time in user-callback 0.00 sec

Gurobi 12.0.3 (mac64[arm]) logging started Sat Sep 27 11:09:11 2025

Set parameter LogFile to value "Logs/Facility Location Logs/bernoulli_true/L50/phase1/scenario_generation.log"
Set parameter LogToConsole to value 0

Gurobi 12.0.3 (mac64[arm]) logging started Sat Sep 27 11:09:11 2025

Set parameter LogFile to value "Logs/Facility Location Logs/bernoulli_true/L50/phase1/scenario_generation.log"
Gurobi Optimizer version 12.0.3 build v12.0.3rc0 (mac64[arm] - Darwin 24.6.0 24G222)

CPU model: Apple M3
Thread count: 8 physical cores, 8 logical processors, using up to 8 threads

Non-default parameters:
LogToConsole  0

Optimize a model with 75 rows, 1325 columns and 2575 nonzeros
Model fingerprint: 0xf069c118
Variable types: 1300 continuous, 25 integer (25 binary)
Coefficient statistics:
  Matrix range     [1e+00, 2e+04]
  Objective range  [8e-03, 8e+03]
  Bounds range     [0e+00, 0e+00]
  RHS range        [1e+03, 3e+03]
Found heuristic solution: objective 2700300.0000
Presolve removed 23 rows and 599 columns
Presolve time: 0.00s
Presolved: 52 rows, 726 columns, 1401 nonzeros
Variable types: 702 continuous, 24 integer (24 binary)

Root relaxation: objective 3.054565e+04, 100 iterations, 0.00 seconds (0.00 work units)

    Nodes    |    Current Node    |     Objective Bounds      |     Work
 Expl Unexpl |  Obj  Depth IntInf | Incumbent    BestBd   Gap | It/Node Time

     0     0 30545.6468    0   14 2700300.00 30545.6468  98.9%     -    0s
H    0     0                    116042.64676 30545.6468  73.7%     -    0s
H    0     0                    88711.304004 30545.6468  65.6%     -    0s
H    0     0                    75049.396975 30545.6468  59.3%     -    0s
H    0     0                    68970.791226 31778.4100  53.9%     -    0s
H    0     0                    59169.802754 31778.4100  46.3%     -    0s
     0     0 33787.7269    0    7 59169.8028 33787.7269  42.9%     -    0s
H    0     0                    44502.933122 33827.6107  24.0%     -    0s
     0     0 33827.6107    0    7 44502.9331 33827.6107  24.0%     -    0s
H    0     0                    36339.478316 34083.1169  6.21%     -    0s
     0     0 34083.1169    0    7 36339.4783 34083.1169  6.21%     -    0s
     0     0 34118.2472    0    6 36339.4783 34118.2472  6.11%     -    0s
     0     0 34118.2472    0    1 36339.4783 34118.2472  6.11%     -    0s
     0     0 34141.5174    0    2 36339.4783 34141.5174  6.05%     -    0s
     0     0 34191.2501    0    2 36339.4783 34191.2501  5.91%     -    0s
     0     0 34191.2501    0    1 36339.4783 34191.2501  5.91%     -    0s
     0     0 34191.2501    0    2 36339.4783 34191.2501  5.91%     -    0s
     0     0 34191.2501    0    2 36339.4783 34191.2501  5.91%     -    0s
     0     0 34191.2501    0    1 36339.4783 34191.2501  5.91%     -    0s
     0     0 34191.2501    0    1 36339.4783 34191.2501  5.91%     -    0s
     0     0 34191.2501    0    1 36339.4783 34191.2501  5.91%     -    0s
     0     0 34191.2501    0    1 36339.4783 34191.2501  5.91%     -    0s
     0     0 34284.2561    0    1 36339.4783 34284.2561  5.66%     -    0s
     0     0 34284.2561    0    1 36339.4783 34284.2561  5.66%     -    0s
     0     2 34284.2561    0    1 36339.4783 34284.2561  5.66%     -    0s

Cutting planes:
  Implied bound: 43
  MIR: 7
  Flow cover: 1
  Relax-and-lift: 3

Explored 265 nodes (3793 simplex iterations) in 0.06 seconds (0.08 work units)
Thread count was 8 (of 8 available processors)

Solution count 8: 36339.5 44502.9 59169.8 ... 2.7003e+06

Optimal solution found (tolerance 1.00e-04)
Best objective 3.633947831625e+04, best bound 3.633947831625e+04, gap 0.0000%

User-callback calls 824, time in user-callback 0.00 sec

Gurobi 12.0.3 (mac64[arm]) logging started Sat Sep 27 11:09:11 2025

Set parameter LogFile to value "Logs/Facility Location Logs/bernoulli_true/L50/phase1/scenario_generation.log"
Set parameter LogToConsole to value 0

Gurobi 12.0.3 (mac64[arm]) logging started Sat Sep 27 11:09:11 2025

Set parameter LogFile to value "Logs/Facility Location Logs/bernoulli_true/L50/phase1/scenario_generation.log"
Gurobi Optimizer version 12.0.3 build v12.0.3rc0 (mac64[arm] - Darwin 24.6.0 24G222)

CPU model: Apple M3
Thread count: 8 physical cores, 8 logical processors, using up to 8 threads

Non-default parameters:
LogToConsole  0

Optimize a model with 75 rows, 1325 columns and 2575 nonzeros
Model fingerprint: 0x85230481
Variable types: 1300 continuous, 25 integer (25 binary)
Coefficient statistics:
  Matrix range     [1e+00, 2e+04]
  Objective range  [8e-03, 8e+03]
  Bounds range     [0e+00, 0e+00]
  RHS range        [1e+03, 1e+04]
Found heuristic solution: objective 3016950.0000
Presolve removed 25 rows and 651 columns
Presolve time: 0.00s
Presolved: 50 rows, 674 columns, 1299 nonzeros
Variable types: 650 continuous, 24 integer (24 binary)

Root relaxation: objective 5.711971e+04, 79 iterations, 0.00 seconds (0.00 work units)

    Nodes    |    Current Node    |     Objective Bounds      |     Work
 Expl Unexpl |  Obj  Depth IntInf | Incumbent    BestBd   Gap | It/Node Time

     0     0 57119.7084    0   14 3016950.00 57119.7084  98.1%     -    0s
H    0     0                    139450.20836 57119.7084  59.0%     -    0s
H    0     0                    113953.47751 57119.7084  49.9%     -    0s
H    0     0                    107387.79082 57119.7084  46.8%     -    0s
H    0     0                    104188.57091 60704.0354  41.7%     -    0s
     0     0 60704.0354    0    7 104188.571 60704.0354  41.7%     -    0s
H    0     0                    96530.602074 60806.6810  37.0%     -    0s
H    0     0                    79197.303683 60806.6810  23.2%     -    0s
H    0     0                    68513.800099 60806.6810  11.2%     -    0s
     0     0 60996.1956    0    4 68513.8001 60996.1956  11.0%     -    0s
H    0     0                    68239.262784 61035.1783  10.6%     -    0s
     0     0 61089.3604    0    4 68239.2628 61089.3604  10.5%     -    0s
     0     0 61147.4126    0    5 68239.2628 61147.4126  10.4%     -    0s
     0     0 61229.4257    0    1 68239.2628 61229.4257  10.3%     -    0s
     0     0 61237.9247    0    2 68239.2628 61237.9247  10.3%     -    0s
     0     0 61237.9247    0    2 68239.2628 61237.9247  10.3%     -    0s
H    0     0                    68182.009167 61237.9247  10.2%     -    0s
H    0     0                    67632.316922 61237.9247  9.45%     -    0s
     0     2 61237.9683    0    2 67632.3169 61237.9683  9.45%     -    0s
*   73    80               8    67311.643732 61245.0398  9.01%  14.0    0s

Cutting planes:
  Implied bound: 61
  MIR: 4
  Relax-and-lift: 1

Explored 1085 nodes (15853 simplex iterations) in 0.08 seconds (0.12 work units)
Thread count was 8 (of 8 available processors)

Solution count 10: 67311.6 67632.3 68182 ... 3.01695e+06

Optimal solution found (tolerance 1.00e-04)
Best objective 6.731164373194e+04, best bound 6.731164373194e+04, gap 0.0000%

User-callback calls 2442, time in user-callback 0.00 sec

Gurobi 12.0.3 (mac64[arm]) logging started Sat Sep 27 11:09:11 2025

Set parameter LogFile to value "Logs/Facility Location Logs/bernoulli_true/L50/phase1/scenario_generation.log"
Set parameter LogToConsole to value 0

Gurobi 12.0.3 (mac64[arm]) logging started Sat Sep 27 11:09:11 2025

Set parameter LogFile to value "Logs/Facility Location Logs/bernoulli_true/L50/phase1/scenario_generation.log"
Gurobi Optimizer version 12.0.3 build v12.0.3rc0 (mac64[arm] - Darwin 24.6.0 24G222)

CPU model: Apple M3
Thread count: 8 physical cores, 8 logical processors, using up to 8 threads

Non-default parameters:
LogToConsole  0

Optimize a model with 75 rows, 1325 columns and 2575 nonzeros
Model fingerprint: 0x9fb06436
Variable types: 1300 continuous, 25 integer (25 binary)
Coefficient statistics:
  Matrix range     [1e+00, 2e+04]
  Objective range  [8e-03, 8e+03]
  Bounds range     [0e+00, 0e+00]
  RHS range        [1e+03, 6e+03]
Found heuristic solution: objective 2296900.0000
Presolve removed 28 rows and 729 columns
Presolve time: 0.00s
Presolved: 47 rows, 596 columns, 1146 nonzeros
Variable types: 572 continuous, 24 integer (24 binary)

Root relaxation: objective 3.590499e+04, 104 iterations, 0.00 seconds (0.00 work units)

    Nodes    |    Current Node    |     Objective Bounds      |     Work
 Expl Unexpl |  Obj  Depth IntInf | Incumbent    BestBd   Gap | It/Node Time

     0     0 35904.9921    0    9 2296900.00 35904.9921  98.4%     -    0s
H    0     0                    87935.992067 35904.9921  59.2%     -    0s
H    0     0                    73956.257530 35904.9921  51.5%     -    0s
H    0     0                    66964.903342 36640.8273  45.3%     -    0s
H    0     0                    66421.706985 39415.9030  40.7%     -    0s
     0     0 39415.9030    0    6 66421.7070 39415.9030  40.7%     -    0s
H    0     0                    60202.669102 39461.7084  34.5%     -    0s
H    0     0                    53490.626764 39461.7084  26.2%     -    0s
     0     0 39461.7084    0    6 53490.6268 39461.7084  26.2%     -    0s
     0     0 39719.6408    0    5 53490.6268 39719.6408  25.7%     -    0s
H    0     0                    51357.204288 39752.4332  22.6%     -    0s
     0     0 39768.6087    0    2 51357.2043 39768.6087  22.6%     -    0s
H    0     0                    46690.923793 39768.6087  14.8%     -    0s
     0     0 39811.9687    0    2 46690.9238 39811.9687  14.7%     -    0s
     0     0 39832.9385    0    2 46690.9238 39832.9385  14.7%     -    0s
H    0     0                    46029.588175 39832.9385  13.5%     -    0s
     0     0 39847.2060    0    2 46029.5882 39847.2060  13.4%     -    0s
H    0     0                    45979.068443 39847.2060  13.3%     -    0s
     0     0 40266.5538    0    4 45979.0684 40266.5538  12.4%     -    0s
H    0     0                    45935.335028 40266.5538  12.3%     -    0s
     0     0 40281.0945    0    4 45935.3350 40281.0945  12.3%     -    0s
     0     2 40281.0945    0    4 45935.3350 40281.0945  12.3%     -    0s
H   93    75                    45805.606170 40281.0945  12.1%  11.7    0s
H  144    95                    45392.651685 40281.0945  11.3%  11.0    0s

Cutting planes:
  Implied bound: 62
  MIR: 2
  Flow cover: 2
  Relax-and-lift: 2

Explored 438 nodes (5622 simplex iterations) in 0.12 seconds (0.07 work units)
Thread count was 8 (of 8 available processors)

Solution count 10: 45392.7 45805.6 45935.3 ... 66964.9

Optimal solution found (tolerance 1.00e-04)
Best objective 4.539265168463e+04, best bound 4.539265168463e+04, gap 0.0000%

User-callback calls 1167, time in user-callback 0.00 sec

Gurobi 12.0.3 (mac64[arm]) logging started Sat Sep 27 11:09:12 2025

Set parameter LogFile to value "Logs/Facility Location Logs/bernoulli_true/L50/phase1/scenario_generation.log"
Set parameter LogToConsole to value 0

Gurobi 12.0.3 (mac64[arm]) logging started Sat Sep 27 11:09:12 2025

Set parameter LogFile to value "Logs/Facility Location Logs/bernoulli_true/L50/phase1/scenario_generation.log"
Gurobi Optimizer version 12.0.3 build v12.0.3rc0 (mac64[arm] - Darwin 24.6.0 24G222)

CPU model: Apple M3
Thread count: 8 physical cores, 8 logical processors, using up to 8 threads

Non-default parameters:
LogToConsole  0

Optimize a model with 75 rows, 1325 columns and 2575 nonzeros
Model fingerprint: 0xefc358b4
Variable types: 1300 continuous, 25 integer (25 binary)
Coefficient statistics:
  Matrix range     [1e+00, 2e+04]
  Objective range  [8e-03, 8e+03]
  Bounds range     [0e+00, 0e+00]
  RHS range        [1e+03, 6e+03]
Found heuristic solution: objective 3844700.0000
Presolve removed 18 rows and 469 columns
Presolve time: 0.00s
Presolved: 57 rows, 856 columns, 1656 nonzeros
Variable types: 832 continuous, 24 integer (24 binary)

Root relaxation: objective 5.547369e+04, 105 iterations, 0.00 seconds (0.00 work units)

    Nodes    |    Current Node    |     Objective Bounds      |     Work
 Expl Unexpl |  Obj  Depth IntInf | Incumbent    BestBd   Gap | It/Node Time

     0     0 55473.6948    0   18 3844700.00 55473.6948  98.6%     -    0s
H    0     0                    159526.69478 55473.6948  65.2%     -    0s
H    0     0                    131747.31959 55473.6948  57.9%     -    0s
H    0     0                    117242.43757 55473.6948  52.7%     -    0s
H    0     0                    100190.42748 56733.8154  43.4%     -    0s
H    0     0                    88066.659388 60286.6386  31.5%     -    0s
     0     0 60286.6386    0   12 88066.6594 60286.6386  31.5%     -    0s
H    0     0                    81745.097450 60354.2044  26.2%     -    0s
     0     0 60354.2044    0   12 81745.0974 60354.2044  26.2%     -    0s
H    0     0                    80713.663702 60354.2044  25.2%     -    0s
H    0     0                    75475.546730 60616.3703  19.7%     -    0s
     0     0 60616.3703    0    6 75475.5467 60616.3703  19.7%     -    0s
H    0     0                    69228.960166 60683.0545  12.3%     -    0s
H    0     0                    68862.446577 60683.0545  11.9%     -    0s
H    0     0                    68122.120302 60683.0545  10.9%     -    0s
     0     0 60683.0545    0    6 68122.1203 60683.0545  10.9%     -    0s
     0     0 60841.8913    0    8 68122.1203 60841.8913  10.7%     -    0s
H    0     0                    67615.660995 60852.3360  10.0%     -    0s
     0     0 60852.3360    0    8 67615.6610 60852.3360  10.0%     -    0s
     0     0 60853.0653    0    7 67615.6610 60853.0653  10.0%     -    0s
     0     0 60853.1357    0    8 67615.6610 60853.1357  10.0%     -    0s
H    0     0                    67549.315290 61012.9312  9.68%     -    0s
     0     0 61012.9312    0    7 67549.3153 61012.9312  9.68%     -    0s
H    0     0                    66775.981531 61020.7998  8.62%     -    0s
     0     0 61024.8017    0    7 66775.9815 61024.8017  8.61%     -    0s
     0     0 61031.2381    0    7 66775.9815 61031.2381  8.60%     -    0s
     0     0 61031.5834    0    7 66775.9815 61031.5834  8.60%     -    0s
     0     0 61099.4525    0    4 66775.9815 61099.4525  8.50%     -    0s
     0     0 61106.9352    0    5 66775.9815 61106.9352  8.49%     -    0s
     0     0 61107.4354    0    5 66775.9815 61107.4354  8.49%     -    0s
     0     0 61114.9094    0    6 66775.9815 61114.9094  8.48%     -    0s
     0     0 61114.9137    0    6 66775.9815 61114.9137  8.48%     -    0s
H    0     0                    66464.967087 61114.9137  8.05%     -    0s
H    0     0                    66462.948406 61114.9137  8.05%     -    0s
     0     2 61114.9280    0    6 66462.9484 61114.9280  8.05%     -    0s
H 2059   744                    66462.269015 61687.5775  7.18%  14.6    0s

Cutting planes:
  Implied bound: 128
  MIR: 4
  Inf proof: 15
  Relax-and-lift: 2

Explored 6343 nodes (103558 simplex iterations) in 0.35 seconds (0.69 work units)
Thread count was 8 (of 8 available processors)

Solution count 10: 66462.3 67615.7 68122.1 ... 117242

Optimal solution found (tolerance 1.00e-04)
Best objective 6.646226901544e+04, best bound 6.646226901544e+04, gap 0.0000%

User-callback calls 13080, time in user-callback 0.00 sec

Gurobi 12.0.3 (mac64[arm]) logging started Sat Sep 27 11:09:12 2025

Set parameter LogFile to value "Logs/Facility Location Logs/bernoulli_true/L50/phase1/scenario_generation.log"
Set parameter LogToConsole to value 0

Gurobi 12.0.3 (mac64[arm]) logging started Sat Sep 27 11:09:12 2025

Set parameter LogFile to value "Logs/Facility Location Logs/bernoulli_true/L50/phase1/scenario_generation.log"
Gurobi Optimizer version 12.0.3 build v12.0.3rc0 (mac64[arm] - Darwin 24.6.0 24G222)

CPU model: Apple M3
Thread count: 8 physical cores, 8 logical processors, using up to 8 threads

Non-default parameters:
LogToConsole  0

Optimize a model with 75 rows, 1325 columns and 2575 nonzeros
Model fingerprint: 0x4395f0da
Variable types: 1300 continuous, 25 integer (25 binary)
Coefficient statistics:
  Matrix range     [1e+00, 2e+04]
  Objective range  [8e-03, 8e+03]
  Bounds range     [0e+00, 0e+00]
  RHS range        [3e+02, 5e+03]
Found heuristic solution: objective 1440400.0000
Presolve removed 28 rows and 729 columns
Presolve time: 0.00s
Presolved: 47 rows, 596 columns, 1146 nonzeros
Variable types: 572 continuous, 24 integer (24 binary)

Root relaxation: objective 2.407479e+04, 78 iterations, 0.00 seconds (0.00 work units)

    Nodes    |    Current Node    |     Objective Bounds      |     Work
 Expl Unexpl |  Obj  Depth IntInf | Incumbent    BestBd   Gap | It/Node Time

     0     0 24074.7860    0    6 1440400.00 24074.7860  98.3%     -    0s
H    0     0                    62170.786018 24074.7860  61.3%     -    0s
H    0     0                    54488.389442 24074.7860  55.8%     -    0s
H    0     0                    51517.114339 24074.7860  53.3%     -    0s
H    0     0                    37207.179136 24074.7860  35.3%     -    0s
H    0     0                    34030.719660 24074.7860  29.3%     -    0s
H    0     0                    29537.798218 28464.5020  3.63%     -    0s
     0     0 28489.7349    0    3 29537.7982 28489.7349  3.55%     -    0s
     0     0 29122.9401    0    3 29537.7982 29122.9401  1.40%     -    0s

Cutting planes:
  Cover: 1
  Implied bound: 13

Explored 1 nodes (97 simplex iterations) in 0.01 seconds (0.01 work units)
Thread count was 8 (of 8 available processors)

Solution count 7: 29537.8 34030.7 37207.2 ... 1.4404e+06

Optimal solution found (tolerance 1.00e-04)
Best objective 2.953779821812e+04, best bound 2.953779821812e+04, gap 0.0000%

User-callback calls 211, time in user-callback 0.00 sec

Gurobi 12.0.3 (mac64[arm]) logging started Sat Sep 27 11:09:12 2025

Set parameter LogFile to value "Logs/Facility Location Logs/bernoulli_true/L50/phase1/scenario_generation.log"
Set parameter LogToConsole to value 0

Gurobi 12.0.3 (mac64[arm]) logging started Sat Sep 27 11:09:12 2025

Set parameter LogFile to value "Logs/Facility Location Logs/bernoulli_true/L50/phase1/scenario_generation.log"
Gurobi Optimizer version 12.0.3 build v12.0.3rc0 (mac64[arm] - Darwin 24.6.0 24G222)

CPU model: Apple M3
Thread count: 8 physical cores, 8 logical processors, using up to 8 threads

Non-default parameters:
LogToConsole  0

Optimize a model with 75 rows, 1325 columns and 2575 nonzeros
Model fingerprint: 0xded1d0dc
Variable types: 1300 continuous, 25 integer (25 binary)
Coefficient statistics:
  Matrix range     [1e+00, 2e+04]
  Objective range  [8e-03, 8e+03]
  Bounds range     [0e+00, 0e+00]
  RHS range        [1e+03, 5e+03]
Found heuristic solution: objective 2350450.0000
Presolve removed 29 rows and 755 columns
Presolve time: 0.00s
Presolved: 46 rows, 570 columns, 1095 nonzeros
Variable types: 546 continuous, 24 integer (24 binary)

Root relaxation: objective 2.591560e+04, 78 iterations, 0.00 seconds (0.00 work units)

    Nodes    |    Current Node    |     Objective Bounds      |     Work
 Expl Unexpl |  Obj  Depth IntInf | Incumbent    BestBd   Gap | It/Node Time

     0     0 25915.6013    0   10 2350450.00 25915.6013  98.9%     -    0s
H    0     0                    84911.101251 25915.6013  69.5%     -    0s
H    0     0                    68009.978661 25915.6013  61.9%     -    0s
H    0     0                    62826.380902 25915.6013  58.8%     -    0s
H    0     0                    58462.291806 25915.6013  55.7%     -    0s
     0     0 28323.5751    0    7 58462.2918 28323.5751  51.6%     -    0s
H    0     0                    48558.063435 28513.5088  41.3%     -    0s
H    0     0                    34647.251829 28513.5088  17.7%     -    0s
     0     0 28987.2842    0    7 34647.2518 28987.2842  16.3%     -    0s
     0     0 28987.2842    0    5 34647.2518 28987.2842  16.3%     -    0s
     0     0 29390.0706    0    5 34647.2518 29390.0706  15.2%     -    0s
     0     0 29405.6699    0    4 34647.2518 29405.6699  15.1%     -    0s
     0     0 29449.5348    0    4 34647.2518 29449.5348  15.0%     -    0s
     0     0 29488.1243    0    3 34647.2518 29488.1243  14.9%     -    0s
     0     0 29491.6984    0    3 34647.2518 29491.6984  14.9%     -    0s
     0     0 29492.3944    0    2 34647.2518 29492.3944  14.9%     -    0s
     0     0 29500.4606    0    3 34647.2518 29500.4606  14.9%     -    0s
H    0     0                    34348.677218 29500.4606  14.1%     -    0s
     0     0 29501.4939    0    3 34348.6772 29501.4939  14.1%     -    0s
     0     0 29501.8187    0    4 34348.6772 29501.8187  14.1%     -    0s
     0     0 29501.8408    0    4 34348.6772 29501.8408  14.1%     -    0s
H    0     0                    34273.140236 29501.8408  13.9%     -    0s
H    0     0                    34261.755860 29501.8449  13.9%     -    0s
     0     2 29501.8449    0    4 34261.7559 29501.8449  13.9%     -    0s

Cutting planes:
  Implied bound: 39
  MIR: 5
  Flow cover: 7
  Inf proof: 4
  Relax-and-lift: 8

Explored 1814 nodes (21069 simplex iterations) in 0.10 seconds (0.14 work units)
Thread count was 8 (of 8 available processors)

Solution count 7: 34261.8 48558.1 58462.3 ... 2.35045e+06

Optimal solution found (tolerance 1.00e-04)
Best objective 3.426175586044e+04, best bound 3.426175586044e+04, gap 0.0000%

User-callback calls 3932, time in user-callback 0.00 sec

Gurobi 12.0.3 (mac64[arm]) logging started Sat Sep 27 11:09:12 2025

Set parameter LogFile to value "Logs/Facility Location Logs/bernoulli_true/L50/phase1/scenario_generation.log"
Set parameter LogToConsole to value 0

Gurobi 12.0.3 (mac64[arm]) logging started Sat Sep 27 11:09:12 2025

Set parameter LogFile to value "Logs/Facility Location Logs/bernoulli_true/L50/phase1/scenario_generation.log"
Gurobi Optimizer version 12.0.3 build v12.0.3rc0 (mac64[arm] - Darwin 24.6.0 24G222)

CPU model: Apple M3
Thread count: 8 physical cores, 8 logical processors, using up to 8 threads

Non-default parameters:
LogToConsole  0

Optimize a model with 75 rows, 1325 columns and 2575 nonzeros
Model fingerprint: 0x17141cd6
Variable types: 1300 continuous, 25 integer (25 binary)
Coefficient statistics:
  Matrix range     [1e+00, 2e+04]
  Objective range  [8e-03, 8e+03]
  Bounds range     [0e+00, 0e+00]
  RHS range        [1e+03, 6e+03]
Found heuristic solution: objective 2625900.0000
Presolve removed 27 rows and 703 columns
Presolve time: 0.00s
Presolved: 48 rows, 622 columns, 1197 nonzeros
Variable types: 598 continuous, 24 integer (24 binary)

Root relaxation: objective 3.805960e+04, 88 iterations, 0.00 seconds (0.00 work units)

    Nodes    |    Current Node    |     Objective Bounds      |     Work
 Expl Unexpl |  Obj  Depth IntInf | Incumbent    BestBd   Gap | It/Node Time

     0     0 38059.5976    0   12 2625900.00 38059.5976  98.6%     -    0s
H    0     0                    109300.59760 38059.5976  65.2%     -    0s
H    0     0                    96569.755663 38059.5976  60.6%     -    0s
H    0     0                    89490.680435 38059.5976  57.5%     -    0s
H    0     0                    87338.157236 41418.5061  52.6%     -    0s
     0     0 41418.5061    0    7 87338.1572 41418.5061  52.6%     -    0s
H    0     0                    82659.506054 41601.7005  49.7%     -    0s
H    0     0                    80467.443339 41601.7005  48.3%     -    0s
H    0     0                    45418.043179 41601.7005  8.40%     -    0s
     0     0 41736.7557    0    5 45418.0432 41736.7557  8.11%     -    0s
     0     0 42008.6849    0    4 45418.0432 42008.6849  7.51%     -    0s
H    0     0                    45284.325716 42008.6849  7.23%     -    0s
     0     0 42028.3164    0    4 45284.3257 42028.3164  7.19%     -    0s
     0     0 42071.5985    0    4 45284.3257 42071.5985  7.09%     -    0s
H    0     0                    45253.315665 42332.7752  6.45%     -    0s
     0     0 42332.7752    0    8 45253.3157 42332.7752  6.45%     -    0s
     0     0 42409.1828    0    7 45253.3157 42409.1828  6.28%     -    0s
     0     0 42409.1828    0    7 45253.3157 42409.1828  6.28%     -    0s
     0     0 42743.5204    0    2 45253.3157 42743.5204  5.55%     -    0s
     0     0 42761.5248    0    3 45253.3157 42761.5248  5.51%     -    0s
     0     0 42761.5248    0    3 45253.3157 42761.5248  5.51%     -    0s
     0     2 42761.5248    0    3 45253.3157 42761.5248  5.51%     -    0s

Cutting planes:
  Implied bound: 51
  MIR: 2

Explored 391 nodes (6658 simplex iterations) in 0.05 seconds (0.07 work units)
Thread count was 8 (of 8 available processors)

Solution count 9: 45253.3 45418 80467.4 ... 2.6259e+06

Optimal solution found (tolerance 1.00e-04)
Best objective 4.525331566500e+04, best bound 4.525331566500e+04, gap 0.0000%

User-callback calls 1054, time in user-callback 0.00 sec

Gurobi 12.0.3 (mac64[arm]) logging started Sat Sep 27 11:09:12 2025

Set parameter LogFile to value "Logs/Facility Location Logs/bernoulli_true/L50/phase1/scenario_generation.log"
Set parameter LogToConsole to value 0

Gurobi 12.0.3 (mac64[arm]) logging started Sat Sep 27 11:09:12 2025

Set parameter LogFile to value "Logs/Facility Location Logs/bernoulli_true/L50/phase1/scenario_generation.log"
Gurobi Optimizer version 12.0.3 build v12.0.3rc0 (mac64[arm] - Darwin 24.6.0 24G222)

CPU model: Apple M3
Thread count: 8 physical cores, 8 logical processors, using up to 8 threads

Non-default parameters:
LogToConsole  0

Optimize a model with 75 rows, 1325 columns and 2575 nonzeros
Model fingerprint: 0x18524712
Variable types: 1300 continuous, 25 integer (25 binary)
Coefficient statistics:
  Matrix range     [1e+00, 2e+04]
  Objective range  [8e-03, 8e+03]
  Bounds range     [0e+00, 0e+00]
  RHS range        [1e+03, 7e+03]
Found heuristic solution: objective 2468600.0000
Presolve removed 25 rows and 651 columns
Presolve time: 0.00s
Presolved: 50 rows, 674 columns, 1299 nonzeros
Variable types: 650 continuous, 24 integer (24 binary)

Root relaxation: objective 3.905373e+04, 99 iterations, 0.00 seconds (0.00 work units)

    Nodes    |    Current Node    |     Objective Bounds      |     Work
 Expl Unexpl |  Obj  Depth IntInf | Incumbent    BestBd   Gap | It/Node Time

     0     0 39053.7261    0   13 2468600.00 39053.7261  98.4%     -    0s
H    0     0                    119367.72612 39053.7261  67.3%     -    0s
H    0     0                    84062.766500 39053.7261  53.5%     -    0s
H    0     0                    76620.931641 39053.7261  49.0%     -    0s
     0     0 41552.3934    0    8 76620.9316 41552.3934  45.8%     -    0s
H    0     0                    51115.147021 41635.4143  18.5%     -    0s
     0     0 42042.1227    0    5 51115.1470 42042.1227  17.8%     -    0s
H    0     0                    50663.783083 42049.8333  17.0%     -    0s
H    0     0                    50214.158470 42371.3893  15.6%     -    0s
H    0     0                    49341.390652 42371.3893  14.1%     -    0s
     0     0 42371.3893    0    2 49341.3907 42371.3893  14.1%     -    0s
H    0     0                    46469.576057 42371.7201  8.82%     -    0s
     0     0 42378.7726    0    2 46469.5761 42378.7726  8.80%     -    0s
     0     0 42385.2823    0    3 46469.5761 42385.2823  8.79%     -    0s
     0     0 42385.2823    0    3 46469.5761 42385.2823  8.79%     -    0s
     0     0 42476.5831    0    2 46469.5761 42476.5831  8.59%     -    0s
     0     0 42501.5855    0    1 46469.5761 42501.5855  8.54%     -    0s
     0     0 42549.2059    0    3 46469.5761 42549.2059  8.44%     -    0s
     0     0 42550.7654    0    3 46469.5761 42550.7654  8.43%     -    0s
     0     2 42550.7654    0    3 46469.5761 42550.7654  8.43%     -    0s

Cutting planes:
  Implied bound: 47
  MIR: 5
  Flow cover: 3
  Relax-and-lift: 3

Explored 540 nodes (8042 simplex iterations) in 0.06 seconds (0.08 work units)
Thread count was 8 (of 8 available processors)

Solution count 8: 46469.6 49341.4 50214.2 ... 2.4686e+06

Optimal solution found (tolerance 1.00e-04)
Best objective 4.646957605687e+04, best bound 4.646957605687e+04, gap 0.0000%

User-callback calls 1356, time in user-callback 0.00 sec

Gurobi 12.0.3 (mac64[arm]) logging started Sat Sep 27 11:09:12 2025

Set parameter LogFile to value "Logs/Facility Location Logs/bernoulli_true/L50/phase1/scenario_generation.log"
Set parameter LogToConsole to value 0

Gurobi 12.0.3 (mac64[arm]) logging started Sat Sep 27 11:09:12 2025

Set parameter LogFile to value "Logs/Facility Location Logs/bernoulli_true/L50/phase1/scenario_generation.log"
Gurobi Optimizer version 12.0.3 build v12.0.3rc0 (mac64[arm] - Darwin 24.6.0 24G222)

CPU model: Apple M3
Thread count: 8 physical cores, 8 logical processors, using up to 8 threads

Non-default parameters:
LogToConsole  0

Optimize a model with 75 rows, 1325 columns and 2575 nonzeros
Model fingerprint: 0x5ca54d4a
Variable types: 1300 continuous, 25 integer (25 binary)
Coefficient statistics:
  Matrix range     [1e+00, 2e+04]
  Objective range  [8e-03, 8e+03]
  Bounds range     [0e+00, 0e+00]
  RHS range        [1e+03, 2e+04]
Found heuristic solution: objective 4304450.0000
Presolve removed 21 rows and 547 columns
Presolve time: 0.00s
Presolved: 54 rows, 778 columns, 1503 nonzeros
Variable types: 754 continuous, 24 integer (24 binary)

Root relaxation: objective 1.011512e+05, 78 iterations, 0.00 seconds (0.00 work units)

    Nodes    |    Current Node    |     Objective Bounds      |     Work
 Expl Unexpl |  Obj  Depth IntInf | Incumbent    BestBd   Gap | It/Node Time

     0     0 101151.190    0   18 4304450.00 101151.190  97.7%     -    0s
H    0     0                    208106.68958 101151.190  51.4%     -    0s
H    0     0                    173958.87391 101151.190  41.9%     -    0s
H    0     0                    156860.78940 101151.190  35.5%     -    0s
H    0     0                    151855.27743 101151.190  33.4%     -    0s
H    0     0                    149548.02223 101151.190  32.4%     -    0s
H    0     0                    142199.80188 101151.190  28.9%     -    0s
H    0     0                    127956.64714 104056.422  18.7%     -    0s
     0     0 104056.422    0    8 127956.647 104056.422  18.7%     -    0s
H    0     0                    114136.76857 104183.848  8.72%     -    0s
H    0     0                    107873.36530 104496.247  3.13%     -    0s
H    0     0                    106776.22911 104496.247  2.14%     -    0s
     0     0 104496.247    0    5 106776.229 104496.247  2.14%     -    0s
     0     0 104627.657    0    5 106776.229 104627.657  2.01%     -    0s
     0     0 104635.562    0    4 106776.229 104635.562  2.00%     -    0s
     0     0 104635.620    0    4 106776.229 104635.620  2.00%     -    0s
     0     0 104715.843    0    7 106776.229 104715.843  1.93%     -    0s
H    0     0                    106679.52412 104721.247  1.84%     -    0s
H    0     0                    106601.65331 104721.247  1.76%     -    0s
     0     0 104721.247    0    6 106601.653 104721.247  1.76%     -    0s
     0     0 104751.501    0    1 106601.653 104751.501  1.74%     -    0s
H    0     0                    106391.97808 104751.501  1.54%     -    0s
     0     0 104753.810    0    3 106391.978 104753.810  1.54%     -    0s
     0     0 104753.952    0    4 106391.978 104753.952  1.54%     -    0s
     0     0 104771.741    0    4 106391.978 104771.741  1.52%     -    0s
     0     0 104774.746    0    5 106391.978 104774.746  1.52%     -    0s
     0     0 104777.346    0    1 106391.978 104777.346  1.52%     -    0s
     0     0 104777.961    0    1 106391.978 104777.961  1.52%     -    0s
     0     0 104778.917    0    1 106391.978 104778.917  1.52%     -    0s
     0     0 104778.917    0    1 106391.978 104778.917  1.52%     -    0s
     0     2 104778.917    0    1 106391.978 104778.917  1.52%     -    0s

Cutting planes:
  Implied bound: 48
  MIR: 9
  Flow cover: 3
  Relax-and-lift: 1

Explored 271 nodes (4955 simplex iterations) in 0.05 seconds (0.06 work units)
Thread count was 8 (of 8 available processors)

Solution count 10: 106392 106602 106680 ... 156861

Optimal solution found (tolerance 1.00e-04)
Best objective 1.063919780833e+05, best bound 1.063919780833e+05, gap 0.0000%

User-callback calls 847, time in user-callback 0.00 sec

Gurobi 12.0.3 (mac64[arm]) logging started Sat Sep 27 11:09:12 2025

Set parameter LogFile to value "Logs/Facility Location Logs/bernoulli_true/L50/phase1/scenario_generation.log"
Set parameter LogToConsole to value 0

Gurobi 12.0.3 (mac64[arm]) logging started Sat Sep 27 11:09:12 2025

Set parameter LogFile to value "Logs/Facility Location Logs/bernoulli_true/L50/phase1/scenario_generation.log"
Gurobi Optimizer version 12.0.3 build v12.0.3rc0 (mac64[arm] - Darwin 24.6.0 24G222)

CPU model: Apple M3
Thread count: 8 physical cores, 8 logical processors, using up to 8 threads

Non-default parameters:
LogToConsole  0

Optimize a model with 75 rows, 1325 columns and 2575 nonzeros
Model fingerprint: 0x0a66348c
Variable types: 1300 continuous, 25 integer (25 binary)
Coefficient statistics:
  Matrix range     [1e+00, 2e+04]
  Objective range  [8e-03, 8e+03]
  Bounds range     [0e+00, 0e+00]
  RHS range        [9e+02, 4e+03]
Found heuristic solution: objective 1900150.0000
Presolve removed 26 rows and 677 columns
Presolve time: 0.00s
Presolved: 49 rows, 648 columns, 1248 nonzeros
Variable types: 624 continuous, 24 integer (24 binary)

Root relaxation: objective 1.663394e+04, 68 iterations, 0.00 seconds (0.00 work units)

    Nodes    |    Current Node    |     Objective Bounds      |     Work
 Expl Unexpl |  Obj  Depth IntInf | Incumbent    BestBd   Gap | It/Node Time

     0     0 16633.9434    0   10 1900150.00 16633.9434  99.1%     -    0s
H    0     0                    80132.443428 16633.9434  79.2%     -    0s
H    0     0                    80129.786182 16633.9434  79.2%     -    0s
H    0     0                    73343.186686 16633.9434  77.3%     -    0s
H    0     0                    73176.210303 16633.9434  77.3%     -    0s
H    0     0                    65383.822385 17324.3412  73.5%     -    0s
H    0     0                    51208.281902 17851.0079  65.1%     -    0s
     0     0 17851.0079    0    9 51208.2819 17851.0079  65.1%     -    0s
H    0     0                    43706.163237 17919.1802  59.0%     -    0s
H    0     0                    29233.609202 17919.1802  38.7%     -    0s
H    0     0                    21861.585212 17919.1802  18.0%     -    0s
H    0     0                    21707.549890 17919.1802  17.5%     -    0s
     0     0 17919.1802    0    9 21707.5499 17919.1802  17.5%     -    0s
H    0     0                    21460.228811 17919.1802  16.5%     -    0s
     0     0 18319.0750    0    5 21460.2288 18319.0750  14.6%     -    0s
     0     0 18352.3464    0    4 21460.2288 18352.3464  14.5%     -    0s
     0     0 18354.4316    0    4 21460.2288 18354.4316  14.5%     -    0s
     0     0 18369.0447    0    4 21460.2288 18369.0447  14.4%     -    0s
     0     0 18439.6618    0    3 21460.2288 18439.6618  14.1%     -    0s
     0     0 18535.3721    0    4 21460.2288 18535.3721  13.6%     -    0s
     0     0 18607.1975    0    4 21460.2288 18607.1975  13.3%     -    0s
     0     0 18630.5769    0    2 21460.2288 18630.5769  13.2%     -    0s
     0     0 18637.2526    0    2 21460.2288 18637.2526  13.2%     -    0s
     0     0 18688.5849    0    2 21460.2288 18688.5849  12.9%     -    0s
     0     0 18690.3016    0    2 21460.2288 18690.3016  12.9%     -    0s
     0     2 18690.3016    0    2 21460.2288 18690.3016  12.9%     -    0s

Cutting planes:
  Implied bound: 50
  MIR: 5
  Relax-and-lift: 2

Explored 340 nodes (5656 simplex iterations) in 0.05 seconds (0.08 work units)
Thread count was 8 (of 8 available processors)

Solution count 10: 21460.2 21707.5 29233.6 ... 1.90015e+06

Optimal solution found (tolerance 1.00e-04)
Best objective 2.146022881125e+04, best bound 2.146022881125e+04, gap 0.0000%

User-callback calls 973, time in user-callback 0.00 sec

Gurobi 12.0.3 (mac64[arm]) logging started Sat Sep 27 11:09:12 2025

Set parameter LogFile to value "Logs/Facility Location Logs/bernoulli_true/L50/phase1/scenario_generation.log"
Set parameter LogToConsole to value 0

Gurobi 12.0.3 (mac64[arm]) logging started Sat Sep 27 11:09:12 2025

Set parameter LogFile to value "Logs/Facility Location Logs/bernoulli_true/L50/phase1/scenario_generation.log"
Gurobi Optimizer version 12.0.3 build v12.0.3rc0 (mac64[arm] - Darwin 24.6.0 24G222)

CPU model: Apple M3
Thread count: 8 physical cores, 8 logical processors, using up to 8 threads

Non-default parameters:
LogToConsole  0

Optimize a model with 75 rows, 1325 columns and 2575 nonzeros
Model fingerprint: 0x8211e971
Variable types: 1300 continuous, 25 integer (25 binary)
Coefficient statistics:
  Matrix range     [1e+00, 2e+04]
  Objective range  [8e-03, 8e+03]
  Bounds range     [0e+00, 0e+00]
  RHS range        [1e+03, 5e+03]
Found heuristic solution: objective 2434250.0000
Presolve removed 23 rows and 599 columns
Presolve time: 0.00s
Presolved: 52 rows, 726 columns, 1401 nonzeros
Variable types: 702 continuous, 24 integer (24 binary)

Root relaxation: objective 2.704290e+04, 113 iterations, 0.00 seconds (0.00 work units)

    Nodes    |    Current Node    |     Objective Bounds      |     Work
 Expl Unexpl |  Obj  Depth IntInf | Incumbent    BestBd   Gap | It/Node Time

     0     0 27042.8990    0   13 2434250.00 27042.8990  98.9%     -    0s
H    0     0                    107700.39903 27042.8990  74.9%     -    0s
H    0     0                    79568.867336 27042.8990  66.0%     -    0s
H    0     0                    73565.108797 27042.8990  63.2%     -    0s
H    0     0                    65513.615246 28823.7320  56.0%     -    0s
H    0     0                    59126.244869 28823.7320  51.3%     -    0s
H    0     0                    51863.999309 28823.7320  44.4%     -    0s
H    0     0                    35995.801161 29786.4961  17.3%     -    0s
     0     0 29786.4961    0    9 35995.8012 29786.4961  17.3%     -    0s
     0     0 29863.2461    0    9 35995.8012 29863.2461  17.0%     -    0s
     0     0 30328.9402    0    8 35995.8012 30328.9402  15.7%     -    0s
H    0     0                    35282.441728 30409.6155  13.8%     -    0s
     0     0 30840.9122    0    5 35282.4417 30840.9122  12.6%     -    0s
     0     0 31189.3699    0    5 35282.4417 31189.3699  11.6%     -    0s
H    0     0                    34802.237198 31636.9892  9.09%     -    0s
     0     0 31636.9892    0    4 34802.2372 31636.9892  9.09%     -    0s
     0     0 31874.2554    0    1 34802.2372 31874.2554  8.41%     -    0s
     0     0 31886.7224    0    3 34802.2372 31886.7224  8.38%     -    0s
     0     0 31887.1154    0    2 34802.2372 31887.1154  8.38%     -    0s
     0     0 31894.7816    0    1 34802.2372 31894.7816  8.35%     -    0s
     0     0 31894.8585    0    2 34802.2372 31894.8585  8.35%     -    0s
     0     0 31907.5313    0    5 34802.2372 31907.5313  8.32%     -    0s
     0     0 31909.1164    0    5 34802.2372 31909.1164  8.31%     -    0s
     0     2 31909.1164    0    5 34802.2372 31909.1164  8.31%     -    0s

Cutting planes:
  Implied bound: 56
  MIR: 5
  Flow cover: 3

Explored 1331 nodes (16583 simplex iterations) in 0.10 seconds (0.16 work units)
Thread count was 8 (of 8 available processors)

Solution count 10: 34802.2 35282.4 35995.8 ... 2.43425e+06

Optimal solution found (tolerance 1.00e-04)
Best objective 3.480223719825e+04, best bound 3.480223719825e+04, gap 0.0000%

User-callback calls 2965, time in user-callback 0.00 sec

Gurobi 12.0.3 (mac64[arm]) logging started Sat Sep 27 11:09:12 2025

Set parameter LogFile to value "Logs/Facility Location Logs/bernoulli_true/L50/phase1/scenario_generation.log"
Set parameter LogToConsole to value 0

Gurobi 12.0.3 (mac64[arm]) logging started Sat Sep 27 11:09:12 2025

Set parameter LogFile to value "Logs/Facility Location Logs/bernoulli_true/L50/phase1/scenario_generation.log"
Gurobi Optimizer version 12.0.3 build v12.0.3rc0 (mac64[arm] - Darwin 24.6.0 24G222)

CPU model: Apple M3
Thread count: 8 physical cores, 8 logical processors, using up to 8 threads

Non-default parameters:
LogToConsole  0

Optimize a model with 75 rows, 1325 columns and 2575 nonzeros
Model fingerprint: 0x94a05a3b
Variable types: 1300 continuous, 25 integer (25 binary)
Coefficient statistics:
  Matrix range     [1e+00, 2e+04]
  Objective range  [8e-03, 8e+03]
  Bounds range     [0e+00, 0e+00]
  RHS range        [1e+03, 6e+03]
Found heuristic solution: objective 2409450.0000
Presolve removed 26 rows and 677 columns
Presolve time: 0.00s
Presolved: 49 rows, 648 columns, 1248 nonzeros
Variable types: 624 continuous, 24 integer (24 binary)

Root relaxation: objective 3.433916e+04, 76 iterations, 0.00 seconds (0.00 work units)

    Nodes    |    Current Node    |     Objective Bounds      |     Work
 Expl Unexpl |  Obj  Depth IntInf | Incumbent    BestBd   Gap | It/Node Time

     0     0 34339.1618    0   12 2409450.00 34339.1618  98.6%     -    0s
H    0     0                    107744.66182 34339.1618  68.1%     -    0s
H    0     0                    69994.157314 34339.1618  50.9%     -    0s
H    0     0                    54767.987142 34339.1618  37.3%     -    0s
H    0     0                    50362.803173 34339.1618  31.8%     -    0s
     0     0 36982.7827    0    6 50362.8032 36982.7827  26.6%     -    0s
H    0     0                    43308.215527 37023.9027  14.5%     -    0s
     0     0 37402.3297    0    6 43308.2155 37402.3297  13.6%     -    0s
H    0     0                    43143.901959 37402.3297  13.3%     -    0s
     0     0 37402.3297    0    2 43143.9020 37402.3297  13.3%     -    0s
     0     0 37419.1265    0    3 43143.9020 37419.1265  13.3%     -    0s
H    0     0                    42507.071326 37419.1265  12.0%     -    0s
     0     0 37518.1164    0    2 42507.0713 37518.1164  11.7%     -    0s
     0     0 37571.2830    0    1 42507.0713 37571.2830  11.6%     -    0s
     0     0 37775.6619    0    1 42507.0713 37775.6619  11.1%     -    0s
     0     0 37843.8437    0    3 42507.0713 37843.8437  11.0%     -    0s
     0     0 37995.4506    0    3 42507.0713 37995.4506  10.6%     -    0s
     0     0 38010.5745    0    4 42507.0713 38010.5745  10.6%     -    0s
     0     0 38088.7803    0    2 42507.0713 38088.7803  10.4%     -    0s
     0     0 38125.8428    0    2 42507.0713 38125.8428  10.3%     -    0s
     0     2 38125.8428    0    2 42507.0713 38125.8428  10.3%     -    0s

Cutting planes:
  Implied bound: 34
  MIR: 2
  Flow cover: 5
  Relax-and-lift: 3

Explored 374 nodes (5159 simplex iterations) in 0.04 seconds (0.05 work units)
Thread count was 8 (of 8 available processors)

Solution count 8: 42507.1 43143.9 43308.2 ... 2.40945e+06

Optimal solution found (tolerance 1.00e-04)
Best objective 4.250707132631e+04, best bound 4.250707132631e+04, gap 0.0000%

User-callback calls 1017, time in user-callback 0.00 sec

Gurobi 12.0.3 (mac64[arm]) logging started Sat Sep 27 11:09:12 2025

Set parameter LogFile to value "Logs/Facility Location Logs/bernoulli_true/L50/phase1/scenario_generation.log"
Set parameter LogToConsole to value 0

Gurobi 12.0.3 (mac64[arm]) logging started Sat Sep 27 11:09:12 2025

Set parameter LogFile to value "Logs/Facility Location Logs/bernoulli_true/L50/phase1/scenario_generation.log"
Gurobi Optimizer version 12.0.3 build v12.0.3rc0 (mac64[arm] - Darwin 24.6.0 24G222)

CPU model: Apple M3
Thread count: 8 physical cores, 8 logical processors, using up to 8 threads

Non-default parameters:
LogToConsole  0

Optimize a model with 75 rows, 1325 columns and 2575 nonzeros
Model fingerprint: 0xca8ab5c1
Variable types: 1300 continuous, 25 integer (25 binary)
Coefficient statistics:
  Matrix range     [1e+00, 2e+04]
  Objective range  [8e-03, 8e+03]
  Bounds range     [0e+00, 0e+00]
  RHS range        [1e+03, 2e+04]
Found heuristic solution: objective 3225900.0000
Presolve removed 23 rows and 599 columns
Presolve time: 0.00s
Presolved: 52 rows, 726 columns, 1401 nonzeros
Variable types: 702 continuous, 24 integer (24 binary)

Root relaxation: objective 6.821467e+04, 106 iterations, 0.00 seconds (0.00 work units)

    Nodes    |    Current Node    |     Objective Bounds      |     Work
 Expl Unexpl |  Obj  Depth IntInf | Incumbent    BestBd   Gap | It/Node Time

     0     0 68214.6707    0   13 3225900.00 68214.6707  97.9%     -    0s
H    0     0                    148455.67066 68214.6707  54.1%     -    0s
H    0     0                    113767.82125 68214.6707  40.0%     -    0s
H    0     0                    101124.44134 68214.6707  32.5%     -    0s
H    0     0                    98637.162946 68214.6707  30.8%     -    0s
     0     0 71027.0837    0    5 98637.1629 71027.0837  28.0%     -    0s
H    0     0                    90289.865821 71162.2366  21.2%     -    0s
H    0     0                    82789.865821 71162.2366  14.0%     -    0s
H    0     0                    80646.493141 71162.2366  11.8%     -    0s
H    0     0                    80646.004032 71162.2366  11.8%     -    0s
     0     0 71839.1364    0   10 80646.0040 71839.1364  10.9%     -    0s
H    0     0                    77335.419224 71973.8151  6.93%     -    0s
     0     0 71973.8151    0    5 77335.4192 71973.8151  6.93%     -    0s
H    0     0                    76498.126309 72072.3759  5.79%     -    0s
H    0     0                    76208.672378 72072.3759  5.43%     -    0s
     0     0 72072.3759    0    3 76208.6724 72072.3759  5.43%     -    0s
     0     0 72120.3841    0    1 76208.6724 72120.3841  5.36%     -    0s
H    0     0                    75497.644170 72264.3997  4.28%     -    0s
     0     0 72264.5842    0    1 75497.6442 72264.5842  4.28%     -    0s
     0     0 72338.1340    0    4 75497.6442 72338.1340  4.18%     -    0s
     0     0 72341.7168    0    4 75497.6442 72341.7168  4.18%     -    0s
     0     2 72341.7168    0    4 75497.6442 72341.7168  4.18%     -    0s
*   53    31               7    75432.769003 72341.7168  4.10%  13.8    0s

Cutting planes:
  Implied bound: 47
  MIR: 2
  Flow cover: 2

Explored 331 nodes (4302 simplex iterations) in 0.06 seconds (0.10 work units)
Thread count was 8 (of 8 available processors)

Solution count 10: 75432.8 75497.6 76208.7 ... 113768

Optimal solution found (tolerance 1.00e-04)
Best objective 7.543276900294e+04, best bound 7.543276900294e+04, gap 0.0000%

User-callback calls 949, time in user-callback 0.00 sec

Gurobi 12.0.3 (mac64[arm]) logging started Sat Sep 27 11:09:12 2025

Set parameter LogFile to value "Logs/Facility Location Logs/bernoulli_true/L50/phase1/scenario_generation.log"
Set parameter LogToConsole to value 0

Gurobi 12.0.3 (mac64[arm]) logging started Sat Sep 27 11:09:12 2025

Set parameter LogFile to value "Logs/Facility Location Logs/bernoulli_true/L50/phase1/scenario_generation.log"
Gurobi Optimizer version 12.0.3 build v12.0.3rc0 (mac64[arm] - Darwin 24.6.0 24G222)

CPU model: Apple M3
Thread count: 8 physical cores, 8 logical processors, using up to 8 threads

Non-default parameters:
LogToConsole  0

Optimize a model with 75 rows, 1325 columns and 2575 nonzeros
Model fingerprint: 0x340db075
Variable types: 1300 continuous, 25 integer (25 binary)
Coefficient statistics:
  Matrix range     [1e+00, 2e+04]
  Objective range  [8e-03, 8e+03]
  Bounds range     [0e+00, 0e+00]
  RHS range        [1e+03, 7e+03]
Found heuristic solution: objective 2816950.0000
Presolve removed 26 rows and 677 columns
Presolve time: 0.00s
Presolved: 49 rows, 648 columns, 1248 nonzeros
Variable types: 624 continuous, 24 integer (24 binary)

Root relaxation: objective 5.319263e+04, 71 iterations, 0.00 seconds (0.00 work units)

    Nodes    |    Current Node    |     Objective Bounds      |     Work
 Expl Unexpl |  Obj  Depth IntInf | Incumbent    BestBd   Gap | It/Node Time

     0     0 53192.6328    0   14 2816950.00 53192.6328  98.1%     -    0s
H    0     0                    137523.13279 53192.6328  61.3%     -    0s
H    0     0                    106012.53115 53192.6328  49.8%     -    0s
H    0     0                    80206.856854 53192.6328  33.7%     -    0s
H    0     0                    61631.860926 57814.6854  6.19%     -    0s
     0     0 57814.6854    0    7 61631.8609 57814.6854  6.19%     -    0s
H    0     0                    61319.078623 57877.6968  5.61%     -    0s
     0     0 58282.6904    0    7 61319.0786 58282.6904  4.95%     -    0s
     0     0 58294.4726    0    7 61319.0786 58294.4726  4.93%     -    0s
     0     0 58294.4726    0    8 61319.0786 58294.4726  4.93%     -    0s
H    0     0                    59528.893761 58322.7802  2.03%     -    0s
     0     0 58322.7802    0    4 59528.8938 58322.7802  2.03%     -    0s
     0     0 58462.5568    0    6 59528.8938 58462.5568  1.79%     -    0s
     0     0 58476.0593    0    6 59528.8938 58476.0593  1.77%     -    0s
     0     0 58486.3178    0    6 59528.8938 58486.3178  1.75%     -    0s
H    0     0                    59493.342790 58486.3178  1.69%     -    0s
H    0     0                    59380.730837 58486.3178  1.51%     -    0s
     0     0 58932.0364    0    2 59380.7308 58932.0364  0.76%     -    0s
     0     0 59380.7308    0    3 59380.7308 59380.7308  0.00%     -    0s

Cutting planes:
  Implied bound: 49
  MIR: 2
  Flow cover: 4
  Relax-and-lift: 1

Explored 1 nodes (228 simplex iterations) in 0.01 seconds (0.02 work units)
Thread count was 8 (of 8 available processors)

Solution count 8: 59380.7 59493.3 59528.9 ... 2.81695e+06

Optimal solution found (tolerance 1.00e-04)
Best objective 5.938073083650e+04, best bound 5.938073083650e+04, gap 0.0000%

User-callback calls 253, time in user-callback 0.00 sec

Gurobi 12.0.3 (mac64[arm]) logging started Sat Sep 27 11:09:12 2025

Set parameter LogFile to value "Logs/Facility Location Logs/bernoulli_true/L50/phase1/scenario_generation.log"
Set parameter LogToConsole to value 0

Gurobi 12.0.3 (mac64[arm]) logging started Sat Sep 27 11:09:12 2025

Set parameter LogFile to value "Logs/Facility Location Logs/bernoulli_true/L50/phase1/scenario_generation.log"
Gurobi Optimizer version 12.0.3 build v12.0.3rc0 (mac64[arm] - Darwin 24.6.0 24G222)

CPU model: Apple M3
Thread count: 8 physical cores, 8 logical processors, using up to 8 threads

Non-default parameters:
LogToConsole  0

Optimize a model with 75 rows, 1325 columns and 2575 nonzeros
Model fingerprint: 0x5d507d9e
Variable types: 1300 continuous, 25 integer (25 binary)
Coefficient statistics:
  Matrix range     [1e+00, 2e+04]
  Objective range  [8e-03, 8e+03]
  Bounds range     [0e+00, 0e+00]
  RHS range        [7e+02, 7e+03]
Found heuristic solution: objective 2232900.0000
Presolve removed 26 rows and 677 columns
Presolve time: 0.00s
Presolved: 49 rows, 648 columns, 1248 nonzeros
Variable types: 624 continuous, 24 integer (24 binary)

Root relaxation: objective 3.367089e+04, 75 iterations, 0.00 seconds (0.00 work units)

    Nodes    |    Current Node    |     Objective Bounds      |     Work
 Expl Unexpl |  Obj  Depth IntInf | Incumbent    BestBd   Gap | It/Node Time

     0     0 33670.8936    0    8 2232900.00 33670.8936  98.5%     -    0s
H    0     0                    78841.893557 33670.8936  57.3%     -    0s
H    0     0                    60374.287437 33670.8936  44.2%     -    0s
H    0     0                    60373.656957 33670.8936  44.2%     -    0s
H    0     0                    54438.189893 33670.8936  38.1%     -    0s
H    0     0                    53197.322361 34596.8798  35.0%     -    0s
     0     0 38184.7675    0    6 53197.3224 38184.7675  28.2%     -    0s
H    0     0                    46701.889705 38425.2832  17.7%     -    0s
H    0     0                    39850.661888 38543.8274  3.28%     -    0s
H    0     0                    39748.977411 38543.8274  3.03%     -    0s
     0     0 38543.8274    0    3 39748.9774 38543.8274  3.03%     -    0s
     0     0 39046.0708    0    3 39748.9774 39046.0708  1.77%     -    0s
     0     0 39302.6053    0    2 39748.9774 39302.6053  1.12%     -    0s
     0     0 39748.9774    0    2 39748.9774 39748.9774  0.00%     -    0s

Cutting planes:
  Implied bound: 17
  MIR: 1
  Relax-and-lift: 2

Explored 1 nodes (144 simplex iterations) in 0.01 seconds (0.01 work units)
Thread count was 8 (of 8 available processors)

Solution count 7: 39749 39850.7 46701.9 ... 2.2329e+06

Optimal solution found (tolerance 1.00e-04)
Best objective 3.974897741138e+04, best bound 3.974897741138e+04, gap 0.0000%

User-callback calls 227, time in user-callback 0.00 sec

Gurobi 12.0.3 (mac64[arm]) logging started Sat Sep 27 11:09:13 2025

Set parameter LogFile to value "Logs/Facility Location Logs/bernoulli_true/L50/phase1/scenario_generation.log"
Set parameter LogToConsole to value 0

Gurobi 12.0.3 (mac64[arm]) logging started Sat Sep 27 11:09:13 2025

Set parameter LogFile to value "Logs/Facility Location Logs/bernoulli_true/L50/phase1/scenario_generation.log"
Gurobi Optimizer version 12.0.3 build v12.0.3rc0 (mac64[arm] - Darwin 24.6.0 24G222)

CPU model: Apple M3
Thread count: 8 physical cores, 8 logical processors, using up to 8 threads

Non-default parameters:
LogToConsole  0

Optimize a model with 75 rows, 1325 columns and 2575 nonzeros
Model fingerprint: 0x11b9e395
Variable types: 1300 continuous, 25 integer (25 binary)
Coefficient statistics:
  Matrix range     [1e+00, 2e+04]
  Objective range  [8e-03, 8e+03]
  Bounds range     [0e+00, 0e+00]
  RHS range        [4e+02, 2e+04]
Found heuristic solution: objective 2141200.0000
Presolve removed 27 rows and 703 columns
Presolve time: 0.00s
Presolved: 48 rows, 622 columns, 1197 nonzeros
Variable types: 598 continuous, 24 integer (24 binary)

Root relaxation: objective 6.138322e+04, 82 iterations, 0.00 seconds (0.00 work units)

    Nodes    |    Current Node    |     Objective Bounds      |     Work
 Expl Unexpl |  Obj  Depth IntInf | Incumbent    BestBd   Gap | It/Node Time

     0     0 61383.2239    0    6 2141200.00 61383.2239  97.1%     -    0s
H    0     0                    99971.223941 61383.2239  38.6%     -    0s
H    0     0                    92736.650461 61383.2239  33.8%     -    0s
H    0     0                    85596.529690 61383.2239  28.3%     -    0s
H    0     0                    78958.261125 61383.2239  22.3%     -    0s
H    0     0                    63631.764609 63275.7896  0.56%     -    0s
     0     0 63631.7646    0    3 63631.7646 63631.7646  0.00%     -    0s

Cutting planes:
  Implied bound: 5
  Flow cover: 3
  Relax-and-lift: 1

Explored 1 nodes (145 simplex iterations) in 0.00 seconds (0.00 work units)
Thread count was 8 (of 8 available processors)

Solution count 6: 63631.8 78958.3 85596.5 ... 2.1412e+06

Optimal solution found (tolerance 1.00e-04)
Best objective 6.363176460862e+04, best bound 6.363176460862e+04, gap 0.0000%

User-callback calls 205, time in user-callback 0.00 sec

Gurobi 12.0.3 (mac64[arm]) logging started Sat Sep 27 11:09:13 2025

Set parameter LogFile to value "Logs/Facility Location Logs/bernoulli_true/L50/phase1/scenario_generation.log"
Set parameter LogToConsole to value 0

Gurobi 12.0.3 (mac64[arm]) logging started Sat Sep 27 11:09:13 2025

Set parameter LogFile to value "Logs/Facility Location Logs/bernoulli_true/L50/phase1/scenario_generation.log"
Gurobi Optimizer version 12.0.3 build v12.0.3rc0 (mac64[arm] - Darwin 24.6.0 24G222)

CPU model: Apple M3
Thread count: 8 physical cores, 8 logical processors, using up to 8 threads

Non-default parameters:
LogToConsole  0

Optimize a model with 75 rows, 1325 columns and 2575 nonzeros
Model fingerprint: 0xe0ccd880
Variable types: 1300 continuous, 25 integer (25 binary)
Coefficient statistics:
  Matrix range     [1e+00, 2e+04]
  Objective range  [8e-03, 8e+03]
  Bounds range     [0e+00, 0e+00]
  RHS range        [1e+03, 4e+03]
Found heuristic solution: objective 2425700.0000
Presolve removed 24 rows and 625 columns
Presolve time: 0.00s
Presolved: 51 rows, 700 columns, 1350 nonzeros
Variable types: 676 continuous, 24 integer (24 binary)

Root relaxation: objective 2.483868e+04, 81 iterations, 0.00 seconds (0.00 work units)

    Nodes    |    Current Node    |     Objective Bounds      |     Work
 Expl Unexpl |  Obj  Depth IntInf | Incumbent    BestBd   Gap | It/Node Time

     0     0 24838.6806    0   12 2425700.00 24838.6806  99.0%     -    0s
H    0     0                    98081.680591 24838.6806  74.7%     -    0s
H    0     0                    85666.347778 24838.6806  71.0%     -    0s
H    0     0                    76067.343030 24838.6806  67.3%     -    0s
H    0     0                    69392.553825 24838.6806  64.2%     -    0s
H    0     0                    61913.802690 24838.6806  59.9%     -    0s
H    0     0                    32564.396600 24838.6806  23.7%     -    0s
H    0     0                    32414.132926 24838.6806  23.4%     -    0s
     0     0 27132.8465    0    9 32414.1329 27132.8465  16.3%     -    0s
     0     0 27512.5960    0    4 32414.1329 27512.5960  15.1%     -    0s
     0     0 27578.1239    0    5 32414.1329 27578.1239  14.9%     -    0s
     0     0 27581.8127    0    2 32414.1329 27581.8127  14.9%     -    0s
     0     0 27583.3141    0    2 32414.1329 27583.3141  14.9%     -    0s
     0     0 27583.8552    0    3 32414.1329 27583.8552  14.9%     -    0s
     0     0 27590.8888    0    2 32414.1329 27590.8888  14.9%     -    0s
     0     0 27602.4964    0    4 32414.1329 27602.4964  14.8%     -    0s
     0     0 27602.4964    0    4 32414.1329 27602.4964  14.8%     -    0s
     0     0 27691.4391    0    2 32414.1329 27691.4391  14.6%     -    0s
     0     0 27698.7351    0    5 32414.1329 27698.7351  14.5%     -    0s
     0     0 27698.7351    0    1 32414.1329 27698.7351  14.5%     -    0s
     0     0 27698.7351    0    1 32414.1329 27698.7351  14.5%     -    0s
     0     0 27698.7351    0    1 32414.1329 27698.7351  14.5%     -    0s
     0     2 27698.7351    0    1 32414.1329 27698.7351  14.5%     -    0s

Cutting planes:
  Implied bound: 63
  MIR: 4
  Flow cover: 10
  Inf proof: 2
  Relax-and-lift: 13

Explored 2123 nodes (27717 simplex iterations) in 0.13 seconds (0.20 work units)
Thread count was 8 (of 8 available processors)

Solution count 7: 32414.1 61913.8 69392.6 ... 2.4257e+06

Optimal solution found (tolerance 1.00e-04)
Best objective 3.241413292631e+04, best bound 3.241413292631e+04, gap 0.0000%

User-callback calls 4566, time in user-callback 0.00 sec

Gurobi 12.0.3 (mac64[arm]) logging started Sat Sep 27 11:09:13 2025

Set parameter LogFile to value "Logs/Facility Location Logs/bernoulli_true/L50/phase1/scenario_generation.log"
Set parameter LogToConsole to value 0

Gurobi 12.0.3 (mac64[arm]) logging started Sat Sep 27 11:09:13 2025

Set parameter LogFile to value "Logs/Facility Location Logs/bernoulli_true/L50/phase1/scenario_generation.log"
Gurobi Optimizer version 12.0.3 build v12.0.3rc0 (mac64[arm] - Darwin 24.6.0 24G222)

CPU model: Apple M3
Thread count: 8 physical cores, 8 logical processors, using up to 8 threads

Non-default parameters:
LogToConsole  0

Optimize a model with 75 rows, 1325 columns and 2575 nonzeros
Model fingerprint: 0x9db38862
Variable types: 1300 continuous, 25 integer (25 binary)
Coefficient statistics:
  Matrix range     [1e+00, 2e+04]
  Objective range  [8e-03, 8e+03]
  Bounds range     [0e+00, 0e+00]
  RHS range        [1e+03, 2e+04]
Found heuristic solution: objective 3380450.0000
Presolve removed 21 rows and 547 columns
Presolve time: 0.00s
Presolved: 54 rows, 778 columns, 1503 nonzeros
Variable types: 754 continuous, 24 integer (24 binary)

Root relaxation: objective 7.536829e+04, 98 iterations, 0.00 seconds (0.00 work units)

    Nodes    |    Current Node    |     Objective Bounds      |     Work
 Expl Unexpl |  Obj  Depth IntInf | Incumbent    BestBd   Gap | It/Node Time

     0     0 75368.2890    0   15 3380450.00 75368.2890  97.8%     -    0s
H    0     0                    169063.78896 75368.2890  55.4%     -    0s
H    0     0                    131660.92687 75368.2890  42.8%     -    0s
H    0     0                    124947.44294 75368.2890  39.7%     -    0s
H    0     0                    110447.06040 75368.2890  31.8%     -    0s
     0     0 78682.2692    0    5 110447.060 78682.2692  28.8%     -    0s
H    0     0                    104877.76919 78735.7720  24.9%     -    0s
H    0     0                    96245.858312 78735.7720  18.2%     -    0s
     0     0 78889.9161    0    4 96245.8583 78889.9161  18.0%     -    0s
H    0     0                    93454.125016 78898.1135  15.6%     -    0s
H    0     0                    88342.098043 78898.1135  10.7%     -    0s
     0     0 79070.6997    0    3 88342.0980 79070.6997  10.5%     -    0s
     0     0 79081.8312    0    3 88342.0980 79081.8312  10.5%     -    0s
H    0     0                    83068.137955 79081.8312  4.80%     -    0s
H    0     0                    82735.876232 79081.8312  4.42%     -    0s
H    0     0                    82039.871695 79081.8312  3.61%     -    0s
     0     0 79081.8312    0    3 82039.8717 79081.8312  3.61%     -    0s
     0     0 79128.1727    0    1 82039.8717 79128.1727  3.55%     -    0s
H    0     0                    81587.658659 79128.1727  3.01%     -    0s
     0     0 79128.1848    0    1 81587.6587 79128.1848  3.01%     -    0s
     0     0 79166.8334    0    3 81587.6587 79166.8334  2.97%     -    0s
     0     0 79454.8323    0    3 81587.6587 79454.8323  2.61%     -    0s
     0     0 79458.7158    0    3 81587.6587 79458.7158  2.61%     -    0s
     0     0 79796.2762    0    2 81587.6587 79796.2762  2.20%     -    0s
     0     0 79875.2548    0    2 81587.6587 79875.2548  2.10%     -    0s
     0     0 79875.2548    0    2 81587.6587 79875.2548  2.10%     -    0s
     0     0 79875.2548    0   15 81587.6587 79875.2548  2.10%     -    0s
     0     0 79875.2548    0    5 81587.6587 79875.2548  2.10%     -    0s
     0     0 79875.2548    0    4 81587.6587 79875.2548  2.10%     -    0s
     0     0 79875.2548    0    3 81587.6587 79875.2548  2.10%     -    0s
     0     0 79875.2548    0    3 81587.6587 79875.2548  2.10%     -    0s
     0     0 79875.2548    0    2 81587.6587 79875.2548  2.10%     -    0s
     0     0 79875.2548    0    4 81587.6587 79875.2548  2.10%     -    0s
     0     0 79875.2548    0    3 81587.6587 79875.2548  2.10%     -    0s
     0     0 79875.2548    0    2 81587.6587 79875.2548  2.10%     -    0s
     0     0 79875.2548    0    2 81587.6587 79875.2548  2.10%     -    0s
     0     0 79875.2548    0    2 81587.6587 79875.2548  2.10%     -    0s
     0     0 79875.2548    0    3 81587.6587 79875.2548  2.10%     -    0s
     0     0 79875.2548    0    2 81587.6587 79875.2548  2.10%     -    0s
     0     0 79875.2548    0    2 81587.6587 79875.2548  2.10%     -    0s
     0     2 79875.2548    0    2 81587.6587 79875.2548  2.10%     -    0s

Cutting planes:
  Implied bound: 46
  MIR: 4
  Flow cover: 2
  Relax-and-lift: 1

Explored 100 nodes (2141 simplex iterations) in 0.05 seconds (0.06 work units)
Thread count was 8 (of 8 available processors)

Solution count 10: 81587.7 82039.9 83068.1 ... 131661

Optimal solution found (tolerance 1.00e-04)
Best objective 8.158765865888e+04, best bound 8.158765865888e+04, gap 0.0000%

User-callback calls 550, time in user-callback 0.00 sec

Gurobi 12.0.3 (mac64[arm]) logging started Sat Sep 27 11:09:13 2025

Set parameter LogFile to value "Logs/Facility Location Logs/bernoulli_true/L50/phase1/scenario_generation.log"
Set parameter LogToConsole to value 0

Gurobi 12.0.3 (mac64[arm]) logging started Sat Sep 27 11:09:13 2025

Set parameter LogFile to value "Logs/Facility Location Logs/bernoulli_true/L50/phase1/scenario_generation.log"
Gurobi Optimizer version 12.0.3 build v12.0.3rc0 (mac64[arm] - Darwin 24.6.0 24G222)

CPU model: Apple M3
Thread count: 8 physical cores, 8 logical processors, using up to 8 threads

Non-default parameters:
LogToConsole  0

Optimize a model with 75 rows, 1325 columns and 2575 nonzeros
Model fingerprint: 0x0056f302
Variable types: 1300 continuous, 25 integer (25 binary)
Coefficient statistics:
  Matrix range     [1e+00, 2e+04]
  Objective range  [8e-03, 8e+03]
  Bounds range     [0e+00, 0e+00]
  RHS range        [8e+02, 4e+03]
Found heuristic solution: objective 1558150.0000
Presolve removed 30 rows and 781 columns
Presolve time: 0.00s
Presolved: 45 rows, 544 columns, 1044 nonzeros
Variable types: 520 continuous, 24 integer (24 binary)

Root relaxation: objective 1.563428e+04, 82 iterations, 0.00 seconds (0.00 work units)

    Nodes    |    Current Node    |     Objective Bounds      |     Work
 Expl Unexpl |  Obj  Depth IntInf | Incumbent    BestBd   Gap | It/Node Time

     0     0 15634.2764    0    8 1558150.00 15634.2764  99.0%     -    0s
H    0     0                    67552.776412 15634.2764  76.9%     -    0s
H    0     0                    48356.440940 15634.2764  67.7%     -    0s
     0     0 17860.2257    0    8 48356.4409 17860.2257  63.1%     -    0s
H    0     0                    46157.844660 18048.6621  60.9%     -    0s
H    0     0                    38657.844660 18048.6621  53.3%     -    0s
H    0     0                    27195.934866 18048.6621  33.6%     -    0s
H    0     0                    25239.222655 18048.6621  28.5%     -    0s
H    0     0                    24745.085023 18350.7603  25.8%     -    0s
     0     0 18350.7603    0    7 24745.0850 18350.7603  25.8%     -    0s
     0     0 19358.6601    0    8 24745.0850 19358.6601  21.8%     -    0s
     0     0 19756.3887    0    6 24745.0850 19756.3887  20.2%     -    0s
H    0     0                    24477.696555 19995.4312  18.3%     -    0s
     0     0 20471.9313    0    2 24477.6966 20471.9313  16.4%     -    0s
     0     0 20479.1883    0    2 24477.6966 20479.1883  16.3%     -    0s
     0     0 20481.2251    0    2 24477.6966 20481.2251  16.3%     -    0s
     0     2 20481.2251    0    2 24477.6966 20481.2251  16.3%     -    0s

Cutting planes:
  Implied bound: 82
  MIR: 1
  Flow cover: 1
  Relax-and-lift: 1

Explored 570 nodes (7822 simplex iterations) in 0.05 seconds (0.08 work units)
Thread count was 8 (of 8 available processors)

Solution count 8: 24477.7 25239.2 27195.9 ... 1.55815e+06

Optimal solution found (tolerance 1.00e-04)
Best objective 2.447769655481e+04, best bound 2.447769655481e+04, gap 0.0000%

User-callback calls 1408, time in user-callback 0.00 sec

Gurobi 12.0.3 (mac64[arm]) logging started Sat Sep 27 11:09:13 2025

Set parameter LogFile to value "Logs/Facility Location Logs/bernoulli_true/L50/phase1/scenario_generation.log"
Set parameter LogToConsole to value 0

Gurobi 12.0.3 (mac64[arm]) logging started Sat Sep 27 11:09:13 2025

Set parameter LogFile to value "Logs/Facility Location Logs/bernoulli_true/L50/phase1/scenario_generation.log"
Gurobi Optimizer version 12.0.3 build v12.0.3rc0 (mac64[arm] - Darwin 24.6.0 24G222)

CPU model: Apple M3
Thread count: 8 physical cores, 8 logical processors, using up to 8 threads

Non-default parameters:
LogToConsole  0

Optimize a model with 75 rows, 1325 columns and 2575 nonzeros
Model fingerprint: 0x86123e2b
Variable types: 1300 continuous, 25 integer (25 binary)
Coefficient statistics:
  Matrix range     [1e+00, 2e+04]
  Objective range  [8e-03, 8e+03]
  Bounds range     [0e+00, 0e+00]
  RHS range        [1e+03, 2e+04]
Found heuristic solution: objective 3886100.0000
Presolve removed 24 rows and 625 columns
Presolve time: 0.00s
Presolved: 51 rows, 700 columns, 1350 nonzeros
Variable types: 676 continuous, 24 integer (24 binary)

Root relaxation: objective 8.760091e+04, 86 iterations, 0.00 seconds (0.00 work units)

    Nodes    |    Current Node    |     Objective Bounds      |     Work
 Expl Unexpl |  Obj  Depth IntInf | Incumbent    BestBd   Gap | It/Node Time

     0     0 87600.9135    0   14 3886100.00 87600.9135  97.7%     -    0s
H    0     0                    168739.91350 87600.9135  48.1%     -    0s
H    0     0                    141310.45070 87600.9135  38.0%     -    0s
H    0     0                    139467.11105 87600.9135  37.2%     -    0s
H    0     0                    133397.80495 87600.9135  34.3%     -    0s
H    0     0                    111195.53309 87600.9135  21.2%     -    0s
H    0     0                    96677.617945 90735.1440  6.15%     -    0s
     0     0 90735.1440    0    1 96677.6179 90735.1440  6.15%     -    0s
H    0     0                    95830.598958 90742.4469  5.31%     -    0s
     0     0 90794.7869    0    1 95830.5990 90794.7869  5.25%     -    0s
     0     0 90883.5707    0    3 95830.5990 90883.5707  5.16%     -    0s
     0     0 90903.5795    0    3 95830.5990 90903.5795  5.14%     -    0s
     0     0 90995.1230    0    2 95830.5990 90995.1230  5.05%     -    0s
     0     0 91004.6631    0    2 95830.5990 91004.6631  5.04%     -    0s
H    0     0                    95717.348421 91004.6631  4.92%     -    0s
H    0     0                    95662.664755 91004.6631  4.87%     -    0s
     0     2 91093.4836    0    2 95662.6648 91093.4836  4.78%     -    0s
H   19    11                    95628.242898 91093.4836  4.74%  21.0    0s

Cutting planes:
  Implied bound: 17
  MIR: 2
  Relax-and-lift: 2

Explored 235 nodes (3745 simplex iterations) in 0.03 seconds (0.04 work units)
Thread count was 8 (of 8 available processors)

Solution count 8: 95628.2 95662.7 111196 ... 3.8861e+06

Optimal solution found (tolerance 1.00e-04)
Best objective 9.562824289800e+04, best bound 9.562824289800e+04, gap 0.0000%

User-callback calls 719, time in user-callback 0.00 sec

Gurobi 12.0.3 (mac64[arm]) logging started Sat Sep 27 11:09:13 2025

Set parameter LogFile to value "Logs/Facility Location Logs/bernoulli_true/L50/phase1/scenario_generation.log"
Set parameter LogToConsole to value 0

Gurobi 12.0.3 (mac64[arm]) logging started Sat Sep 27 11:09:13 2025

Set parameter LogFile to value "Logs/Facility Location Logs/bernoulli_true/L50/phase1/scenario_generation.log"
Gurobi Optimizer version 12.0.3 build v12.0.3rc0 (mac64[arm] - Darwin 24.6.0 24G222)

CPU model: Apple M3
Thread count: 8 physical cores, 8 logical processors, using up to 8 threads

Non-default parameters:
LogToConsole  0

Optimize a model with 75 rows, 1325 columns and 2575 nonzeros
Model fingerprint: 0x0d31574f
Variable types: 1300 continuous, 25 integer (25 binary)
Coefficient statistics:
  Matrix range     [1e+00, 2e+04]
  Objective range  [8e-03, 8e+03]
  Bounds range     [0e+00, 0e+00]
  RHS range        [1e+03, 6e+03]
Found heuristic solution: objective 2183450.0000
Presolve removed 30 rows and 781 columns
Presolve time: 0.00s
Presolved: 45 rows, 544 columns, 1044 nonzeros
Variable types: 520 continuous, 24 integer (24 binary)

Root relaxation: objective 2.419686e+04, 57 iterations, 0.00 seconds (0.00 work units)

    Nodes    |    Current Node    |     Objective Bounds      |     Work
 Expl Unexpl |  Obj  Depth IntInf | Incumbent    BestBd   Gap | It/Node Time

     0     0 24196.8597    0   11 2183450.00 24196.8597  98.9%     -    0s
H    0     0                    92362.359745 24196.8597  73.8%     -    0s
H    0     0                    87952.281282 24196.8597  72.5%     -    0s
H    0     0                    55668.912513 24196.8597  56.5%     -    0s
     0     0 27181.6003    0    8 55668.9125 27181.6003  51.2%     -    0s
H    0     0                    30872.694550 27191.3228  11.9%     -    0s
H    0     0                    29357.482132 27191.3228  7.38%     -    0s
     0     0 27534.6375    0    6 29357.4821 27534.6375  6.21%     -    0s
H    0     0                    28440.534403 27552.7532  3.12%     -    0s
     0     0 27571.4504    0    4 28440.5344 27571.4504  3.06%     -    0s
     0     0 28246.7656    0    7 28440.5344 28246.7656  0.68%     -    0s
     0     0 28246.7656    0    4 28440.5344 28246.7656  0.68%     -    0s
     0     0 28246.7656    0    6 28440.5344 28246.7656  0.68%     -    0s
     0     0 28246.7656    0    4 28440.5344 28246.7656  0.68%     -    0s
     0     0 28291.1607    0    3 28440.5344 28291.1607  0.53%     -    0s
     0     0          -    0      28440.5344 28438.7716  0.01%     -    0s

Cutting planes:
  Implied bound: 4

Explored 1 nodes (226 simplex iterations) in 0.01 seconds (0.01 work units)
Thread count was 8 (of 8 available processors)

Solution count 9: 28440.5 29357.5 30872.7 ... 2.18345e+06

Optimal solution found (tolerance 1.00e-04)
Best objective 2.844053440256e+04, best bound 2.843877164156e+04, gap 0.0062%

User-callback calls 239, time in user-callback 0.00 sec

Gurobi 12.0.3 (mac64[arm]) logging started Sat Sep 27 11:09:13 2025

Set parameter LogFile to value "Logs/Facility Location Logs/bernoulli_true/L50/phase1/scenario_generation.log"
Set parameter LogToConsole to value 0

Gurobi 12.0.3 (mac64[arm]) logging started Sat Sep 27 11:09:13 2025

Set parameter LogFile to value "Logs/Facility Location Logs/bernoulli_true/L50/phase1/scenario_generation.log"
Gurobi Optimizer version 12.0.3 build v12.0.3rc0 (mac64[arm] - Darwin 24.6.0 24G222)

CPU model: Apple M3
Thread count: 8 physical cores, 8 logical processors, using up to 8 threads

Non-default parameters:
LogToConsole  0

Optimize a model with 75 rows, 1325 columns and 2575 nonzeros
Model fingerprint: 0x2232ca2e
Variable types: 1300 continuous, 25 integer (25 binary)
Coefficient statistics:
  Matrix range     [1e+00, 2e+04]
  Objective range  [8e-03, 8e+03]
  Bounds range     [0e+00, 0e+00]
  RHS range        [1e+03, 8e+03]
Found heuristic solution: objective 2346900.0000
Presolve removed 28 rows and 729 columns
Presolve time: 0.00s
Presolved: 47 rows, 596 columns, 1146 nonzeros
Variable types: 572 continuous, 24 integer (24 binary)

Root relaxation: objective 3.223826e+04, 69 iterations, 0.00 seconds (0.00 work units)

    Nodes    |    Current Node    |     Objective Bounds      |     Work
 Expl Unexpl |  Obj  Depth IntInf | Incumbent    BestBd   Gap | It/Node Time

     0     0 32238.2583    0   12 2346900.00 32238.2583  98.6%     -    0s
H    0     0                    106269.25826 32238.2583  69.7%     -    0s
H    0     0                    99249.311655 32238.2583  67.5%     -    0s
H    0     0                    93930.262754 32238.2583  65.7%     -    0s
H    0     0                    84389.284191 32238.2583  61.8%     -    0s
H    0     0                    77485.711126 36060.7846  53.5%     -    0s
H    0     0                    41484.345705 36060.7846  13.1%     -    0s
     0     0 36060.7846    0    5 41484.3457 36060.7846  13.1%     -    0s
H    0     0                    41203.600378 36166.6301  12.2%     -    0s
     0     0 36769.8596    0    3 41203.6004 36769.8596  10.8%     -    0s
H    0     0                    41005.943481 36769.8596  10.3%     -    0s
H    0     0                    40957.372583 36769.8596  10.2%     -    0s
     0     0 36769.8596    0    3 40957.3726 36769.8596  10.2%     -    0s
     0     0 36769.8596    0    2 40957.3726 36769.8596  10.2%     -    0s
     0     0 36962.2300    0    2 40957.3726 36962.2300  9.75%     -    0s
     0     0 37003.2699    0    2 40957.3726 37003.2699  9.65%     -    0s
     0     0 37019.4339    0    2 40957.3726 37019.4339  9.61%     -    0s
     0     0 37377.4893    0    1 40957.3726 37377.4893  8.74%     -    0s
     0     0 37625.7614    0    2 40957.3726 37625.7614  8.13%     -    0s
     0     0 37625.7614    0    2 40957.3726 37625.7614  8.13%     -    0s
     0     2 37625.7614    0    2 40957.3726 37625.7614  8.13%     -    0s

Cutting planes:
  Implied bound: 53
  MIR: 1
  Flow cover: 1
  Inf proof: 1

Explored 336 nodes (4626 simplex iterations) in 0.04 seconds (0.05 work units)
Thread count was 8 (of 8 available processors)

Solution count 8: 40957.4 41484.3 77485.7 ... 2.3469e+06

Optimal solution found (tolerance 1.00e-04)
Best objective 4.095737258287e+04, best bound 4.095737258287e+04, gap 0.0000%

User-callback calls 940, time in user-callback 0.00 sec

Gurobi 12.0.3 (mac64[arm]) logging started Sat Sep 27 11:09:13 2025

Set parameter LogFile to value "Logs/Facility Location Logs/bernoulli_true/L50/phase1/scenario_generation.log"
Set parameter LogToConsole to value 0

Gurobi 12.0.3 (mac64[arm]) logging started Sat Sep 27 11:09:13 2025

Set parameter LogFile to value "Logs/Facility Location Logs/bernoulli_true/L50/phase1/scenario_generation.log"
Gurobi Optimizer version 12.0.3 build v12.0.3rc0 (mac64[arm] - Darwin 24.6.0 24G222)

CPU model: Apple M3
Thread count: 8 physical cores, 8 logical processors, using up to 8 threads

Non-default parameters:
LogToConsole  0

Optimize a model with 75 rows, 1325 columns and 2575 nonzeros
Model fingerprint: 0xce1b5099
Variable types: 1300 continuous, 25 integer (25 binary)
Coefficient statistics:
  Matrix range     [1e+00, 2e+04]
  Objective range  [8e-03, 8e+03]
  Bounds range     [0e+00, 0e+00]
  RHS range        [1e+03, 8e+03]
Found heuristic solution: objective 3183600.0000
Presolve removed 22 rows and 573 columns
Presolve time: 0.00s
Presolved: 53 rows, 752 columns, 1452 nonzeros
Variable types: 728 continuous, 24 integer (24 binary)

Root relaxation: objective 5.080127e+04, 92 iterations, 0.00 seconds (0.00 work units)

    Nodes    |    Current Node    |     Objective Bounds      |     Work
 Expl Unexpl |  Obj  Depth IntInf | Incumbent    BestBd   Gap | It/Node Time

     0     0 50801.2662    0   16 3183600.00 50801.2662  98.4%     -    0s
H    0     0                    146465.26615 50801.2662  65.3%     -    0s
H    0     0                    125223.72778 50801.2662  59.4%     -    0s
H    0     0                    125208.77314 50801.2662  59.4%     -    0s
H    0     0                    110183.29934 54254.1880  50.8%     -    0s
     0     0 54254.1880    0    7 110183.299 54254.1880  50.8%     -    0s
H    0     0                    97418.187953 54325.9089  44.2%     -    0s
H    0     0                    88958.886165 54325.9089  38.9%     -    0s
     0     0 54325.9089    0    7 88958.8862 54325.9089  38.9%     -    0s
     0     0 54685.7603    0    5 88958.8862 54685.7603  38.5%     -    0s
H    0     0                    82849.760294 54892.3937  33.7%     -    0s
     0     0 54892.3937    0    6 82849.7603 54892.3937  33.7%     -    0s
H    0     0                    75787.720270 54892.3937  27.6%     -    0s
H    0     0                    68740.125328 54892.3937  20.1%     -    0s
H    0     0                    61740.773735 54892.3937  11.1%     -    0s
H    0     0                    61690.116171 55290.5857  10.4%     -    0s
     0     0 55290.5857    0    7 61690.1162 55290.5857  10.4%     -    0s
     0     0 55440.4877    0    7 61690.1162 55440.4877  10.1%     -    0s
H    0     0                    61479.543083 55775.0849  9.28%     -    0s
     0     0 55775.0849    0    7 61479.5431 55775.0849  9.28%     -    0s
H    0     0                    60429.875381 55789.5722  7.68%     -    0s
     0     0 55809.6490    0    8 60429.8754 55809.6490  7.65%     -    0s
     0     0 56424.2088    0    3 60429.8754 56424.2088  6.63%     -    0s
     0     0 56425.4517    0    3 60429.8754 56425.4517  6.63%     -    0s
     0     0 56439.4596    0    5 60429.8754 56439.4596  6.60%     -    0s
     0     0 56439.4596    0    5 60429.8754 56439.4596  6.60%     -    0s
H    0     0                    59876.469038 56439.4596  5.74%     -    0s
     0     2 56439.4596    0    5 59876.4690 56439.4596  5.74%     -    0s
H   26    62                    59791.904534 56444.6123  5.60%  21.7    0s

Cutting planes:
  Implied bound: 94
  MIR: 2
  Flow cover: 4
  Relax-and-lift: 4

Explored 3544 nodes (50731 simplex iterations) in 0.16 seconds (0.29 work units)
Thread count was 8 (of 8 available processors)

Solution count 10: 59791.9 61479.5 61690.1 ... 125209

Optimal solution found (tolerance 1.00e-04)
Best objective 5.979190453350e+04, best bound 5.979190453350e+04, gap 0.0000%

User-callback calls 7407, time in user-callback 0.00 sec

Gurobi 12.0.3 (mac64[arm]) logging started Sat Sep 27 11:09:13 2025

Set parameter LogFile to value "Logs/Facility Location Logs/bernoulli_true/L50/phase1/scenario_generation.log"
Set parameter LogToConsole to value 0

Gurobi 12.0.3 (mac64[arm]) logging started Sat Sep 27 11:09:13 2025

Set parameter LogFile to value "Logs/Facility Location Logs/bernoulli_true/L50/phase1/scenario_generation.log"
Gurobi Optimizer version 12.0.3 build v12.0.3rc0 (mac64[arm] - Darwin 24.6.0 24G222)

CPU model: Apple M3
Thread count: 8 physical cores, 8 logical processors, using up to 8 threads

Non-default parameters:
LogToConsole  0

Optimize a model with 75 rows, 1325 columns and 2575 nonzeros
Model fingerprint: 0x3ded552b
Variable types: 1300 continuous, 25 integer (25 binary)
Coefficient statistics:
  Matrix range     [1e+00, 2e+04]
  Objective range  [8e-03, 8e+03]
  Bounds range     [0e+00, 0e+00]
  RHS range        [2e+03, 8e+03]
Found heuristic solution: objective 4140900.0000
Presolve removed 19 rows and 495 columns
Presolve time: 0.00s
Presolved: 56 rows, 830 columns, 1605 nonzeros
Variable types: 806 continuous, 24 integer (24 binary)

Root relaxation: objective 5.778770e+04, 101 iterations, 0.00 seconds (0.00 work units)

    Nodes    |    Current Node    |     Objective Bounds      |     Work
 Expl Unexpl |  Obj  Depth IntInf | Incumbent    BestBd   Gap | It/Node Time

     0     0 57787.6986    0   16 4140900.00 57787.6986  98.6%     -    0s
H    0     0                    143878.69858 57787.6986  59.8%     -    0s
H    0     0                    131427.32355 57787.6986  56.0%     -    0s
H    0     0                    120693.20713 57787.6986  52.1%     -    0s
H    0     0                    86018.439280 61655.4693  28.3%     -    0s
     0     0 61655.4693    0    9 86018.4393 61655.4693  28.3%     -    0s
H    0     0                    79412.462449 61812.6625  22.2%     -    0s
H    0     0                    76400.803477 62360.8938  18.4%     -    0s
     0     0 62360.8938    0   10 76400.8035 62360.8938  18.4%     -    0s
H    0     0                    75707.685250 62417.7180  17.6%     -    0s
H    0     0                    71698.926881 62417.7180  12.9%     -    0s
     0     0 62417.7180    0    9 71698.9269 62417.7180  12.9%     -    0s
H    0     0                    71557.591783 62417.7180  12.8%     -    0s
     0     0 62463.1594    0    9 71557.5918 62463.1594  12.7%     -    0s
     0     0 62619.5944    0   11 71557.5918 62619.5944  12.5%     -    0s
H    0     0                    69021.281507 62731.6700  9.11%     -    0s
H    0     0                    66909.752768 62731.6700  6.24%     -    0s
     0     0 62731.6700    0    8 66909.7528 62731.6700  6.24%     -    0s
     0     0 62731.6700    0    8 66909.7528 62731.6700  6.24%     -    0s
     0     0 62731.6700    0    7 66909.7528 62731.6700  6.24%     -    0s
     0     0 62825.2054    0    6 66909.7528 62825.2054  6.10%     -    0s
H    0     0                    66491.842837 62828.5404  5.51%     -    0s
     0     0 62828.5404    0    6 66491.8428 62828.5404  5.51%     -    0s
     0     0 62833.9732    0    5 66491.8428 62833.9732  5.50%     -    0s
     0     0 62835.1314    0    5 66491.8428 62835.1314  5.50%     -    0s
     0     0 62853.9409    0    4 66491.8428 62853.9409  5.47%     -    0s
     0     0 62856.8090    0    2 66491.8428 62856.8090  5.47%     -    0s
H    0     0                    66268.970350 62859.3243  5.15%     -    0s
     0     0 62859.3243    0    5 66268.9704 62859.3243  5.15%     -    0s
H    0     0                    65726.166440 62879.7071  4.33%     -    0s
     0     0 62879.7071    0    5 65726.1664 62879.7071  4.33%     -    0s
H    0     0                    65608.173681 62879.7071  4.16%     -    0s
     0     0 62879.8228    0    6 65608.1737 62879.8228  4.16%     -    0s
     0     0 62881.4190    0    4 65608.1737 62881.4190  4.16%     -    0s
     0     0 62882.9240    0    4 65608.1737 62882.9240  4.15%     -    0s
     0     0 62885.2780    0    6 65608.1737 62885.2780  4.15%     -    0s
     0     0 62885.2844    0    6 65608.1737 62885.2844  4.15%     -    0s
     0     2 62885.2959    0    6 65608.1737 62885.2959  4.15%     -    0s

Cutting planes:
  Implied bound: 81
  MIR: 9
  Relax-and-lift: 2

Explored 4338 nodes (70359 simplex iterations) in 0.22 seconds (0.43 work units)
Thread count was 8 (of 8 available processors)

Solution count 10: 65608.2 65726.2 66269 ... 86018.4

Optimal solution found (tolerance 1.00e-04)
Best objective 6.560817368081e+04, best bound 6.560817368081e+04, gap 0.0000%

User-callback calls 9051, time in user-callback 0.00 sec

Gurobi 12.0.3 (mac64[arm]) logging started Sat Sep 27 11:09:13 2025

Set parameter LogFile to value "Logs/Facility Location Logs/bernoulli_true/L50/phase1/scenario_generation.log"
Set parameter LogToConsole to value 0

Gurobi 12.0.3 (mac64[arm]) logging started Sat Sep 27 11:09:13 2025

Set parameter LogFile to value "Logs/Facility Location Logs/bernoulli_true/L50/phase1/scenario_generation.log"
Gurobi Optimizer version 12.0.3 build v12.0.3rc0 (mac64[arm] - Darwin 24.6.0 24G222)

CPU model: Apple M3
Thread count: 8 physical cores, 8 logical processors, using up to 8 threads

Non-default parameters:
LogToConsole  0

Optimize a model with 75 rows, 1325 columns and 2575 nonzeros
Model fingerprint: 0x064061bd
Variable types: 1300 continuous, 25 integer (25 binary)
Coefficient statistics:
  Matrix range     [1e+00, 2e+04]
  Objective range  [8e-03, 8e+03]
  Bounds range     [0e+00, 0e+00]
  RHS range        [1e+03, 4e+03]
Found heuristic solution: objective 1373350.0000
Presolve removed 32 rows and 833 columns
Presolve time: 0.00s
Presolved: 43 rows, 492 columns, 942 nonzeros
Variable types: 468 continuous, 24 integer (24 binary)

Root relaxation: objective 8.727123e+03, 63 iterations, 0.00 seconds (0.00 work units)

    Nodes    |    Current Node    |     Objective Bounds      |     Work
 Expl Unexpl |  Obj  Depth IntInf | Incumbent    BestBd   Gap | It/Node Time

     0     0 8727.12336    0    7 1373350.00 8727.12336  99.4%     -    0s
H    0     0                    54993.623359 8727.12336  84.1%     -    0s
H    0     0                    40171.360986 8727.12336  78.3%     -    0s
H    0     0                    10850.896927 8727.12336  19.6%     -    0s
     0     0 9572.70051    0    2 10850.8969 9572.70051  11.8%     -    0s
     0     0 9572.70051    0    4 10850.8969 9572.70051  11.8%     -    0s
     0     0 9579.16982    0    2 10850.8969 9579.16982  11.7%     -    0s
     0     0 9579.16982    0    4 10850.8969 9579.16982  11.7%     -    0s
     0     0 9579.16982    0    2 10850.8969 9579.16982  11.7%     -    0s
     0     0 10850.8969    0    2 10850.8969 10850.8969  0.00%     -    0s

Cutting planes:
  Gomory: 2
  Implied bound: 7

Explored 1 nodes (159 simplex iterations) in 0.01 seconds (0.00 work units)
Thread count was 8 (of 8 available processors)

Solution count 6: 10850.9 32650.8 40098.9 ... 1.37335e+06

Optimal solution found (tolerance 1.00e-04)
Best objective 1.085089692656e+04, best bound 1.085089692656e+04, gap 0.0000%

User-callback calls 231, time in user-callback 0.00 sec

Gurobi 12.0.3 (mac64[arm]) logging started Sat Sep 27 11:09:13 2025

Set parameter LogFile to value "Logs/Facility Location Logs/bernoulli_true/L50/phase1/scenario_generation.log"
Set parameter LogToConsole to value 0

Gurobi 12.0.3 (mac64[arm]) logging started Sat Sep 27 11:09:13 2025

Set parameter LogFile to value "Logs/Facility Location Logs/bernoulli_true/L50/phase1/scenario_generation.log"
Gurobi Optimizer version 12.0.3 build v12.0.3rc0 (mac64[arm] - Darwin 24.6.0 24G222)

CPU model: Apple M3
Thread count: 8 physical cores, 8 logical processors, using up to 8 threads

Non-default parameters:
LogToConsole  0

Optimize a model with 75 rows, 1325 columns and 2575 nonzeros
Model fingerprint: 0xc5204e43
Variable types: 1300 continuous, 25 integer (25 binary)
Coefficient statistics:
  Matrix range     [1e+00, 2e+04]
  Objective range  [8e-03, 8e+03]
  Bounds range     [0e+00, 0e+00]
  RHS range        [8e+02, 8e+03]
Found heuristic solution: objective 2182350.0000
Presolve removed 25 rows and 651 columns
Presolve time: 0.00s
Presolved: 50 rows, 674 columns, 1299 nonzeros
Variable types: 650 continuous, 24 integer (24 binary)

Root relaxation: objective 2.085282e+04, 86 iterations, 0.00 seconds (0.00 work units)

    Nodes    |    Current Node    |     Objective Bounds      |     Work
 Expl Unexpl |  Obj  Depth IntInf | Incumbent    BestBd   Gap | It/Node Time

     0     0 20852.8232    0   11 2182350.00 20852.8232  99.0%     -    0s
H    0     0                    89029.323244 20852.8232  76.6%     -    0s
H    0     0                    51411.507529 20852.8232  59.4%     -    0s
H    0     0                    40155.289807 20852.8232  48.1%     -    0s
H    0     0                    24049.231885 20852.8232  13.3%     -    0s
     0     0 22547.6249    0    7 24049.2319 22547.6249  6.24%     -    0s
H    0     0                    24014.542575 22607.0970  5.86%     -    0s
     0     0 22973.6761    0    6 24014.5426 22973.6761  4.33%     -    0s
     0     0 23233.3687    0    6 24014.5426 23233.3687  3.25%     -    0s
     0     0 23669.2243    0    5 24014.5426 23669.2243  1.44%     -    0s
     0     0 23769.1958    0    5 24014.5426 23769.1958  1.02%     -    0s
     0     0 23886.9854    0    5 24014.5426 23886.9854  0.53%     -    0s

Cutting planes:
  Implied bound: 45
  MIR: 1
  Flow cover: 3
  Relax-and-lift: 1

Explored 1 nodes (198 simplex iterations) in 0.01 seconds (0.01 work units)
Thread count was 8 (of 8 available processors)

Solution count 6: 24014.5 24049.2 40155.3 ... 2.18235e+06

Optimal solution found (tolerance 1.00e-04)
Best objective 2.401454257537e+04, best bound 2.401454257537e+04, gap 0.0000%

User-callback calls 228, time in user-callback 0.00 sec

Gurobi 12.0.3 (mac64[arm]) logging started Sat Sep 27 11:09:13 2025

Set parameter LogFile to value "Logs/Facility Location Logs/bernoulli_true/L50/phase1/scenario_generation.log"
Set parameter LogToConsole to value 0

Gurobi 12.0.3 (mac64[arm]) logging started Sat Sep 27 11:09:13 2025

Set parameter LogFile to value "Logs/Facility Location Logs/bernoulli_true/L50/phase1/scenario_generation.log"
Gurobi Optimizer version 12.0.3 build v12.0.3rc0 (mac64[arm] - Darwin 24.6.0 24G222)

CPU model: Apple M3
Thread count: 8 physical cores, 8 logical processors, using up to 8 threads

Non-default parameters:
LogToConsole  0

Optimize a model with 75 rows, 1325 columns and 2575 nonzeros
Model fingerprint: 0xd15fd9c2
Variable types: 1300 continuous, 25 integer (25 binary)
Coefficient statistics:
  Matrix range     [1e+00, 2e+04]
  Objective range  [8e-03, 8e+03]
  Bounds range     [0e+00, 0e+00]
  RHS range        [1e+03, 7e+03]
Found heuristic solution: objective 2712350.0000
Presolve removed 26 rows and 677 columns
Presolve time: 0.00s
Presolved: 49 rows, 648 columns, 1248 nonzeros
Variable types: 624 continuous, 24 integer (24 binary)

Root relaxation: objective 3.677027e+04, 70 iterations, 0.00 seconds (0.00 work units)

    Nodes    |    Current Node    |     Objective Bounds      |     Work
 Expl Unexpl |  Obj  Depth IntInf | Incumbent    BestBd   Gap | It/Node Time

     0     0 36770.2726    0   13 2712350.00 36770.2726  98.6%     -    0s
H    0     0                    114646.77256 36770.2726  67.9%     -    0s
H    0     0                    82230.455260 36770.2726  55.3%     -    0s
H    0     0                    60396.465502 36770.2726  39.1%     -    0s
H    0     0                    55177.501264 36770.2726  33.4%     -    0s
     0     0 41691.2312    0    5 55177.5013 41691.2312  24.4%     -    0s
H    0     0                    50696.896364 41693.4065  17.8%     -    0s
H    0     0                    44444.588084 41693.4065  6.19%     -    0s
     0     0 41888.3675    0    4 44444.5881 41888.3675  5.75%     -    0s
     0     0 41888.3675    0    3 44444.5881 41888.3675  5.75%     -    0s
H    0     0                    43269.767681 41888.3675  3.19%     -    0s
     0     0 42144.1002    0    4 43269.7677 42144.1002  2.60%     -    0s
     0     0 42147.7006    0    5 43269.7677 42147.7006  2.59%     -    0s
     0     0 42339.2561    0    4 43269.7677 42339.2561  2.15%     -    0s
     0     0 42487.5887    0    2 43269.7677 42487.5887  1.81%     -    0s
     0     0 42490.9623    0    2 43269.7677 42490.9623  1.80%     -    0s
     0     0 42495.2302    0    2 43269.7677 42495.2302  1.79%     -    0s
     0     0 42621.3327    0    2 43269.7677 42621.3327  1.50%     -    0s
     0     0 42643.9505    0    2 43269.7677 42643.9505  1.45%     -    0s
     0     0 42643.9505    0    7 43269.7677 42643.9505  1.45%     -    0s
     0     0 42643.9505    0    4 43269.7677 42643.9505  1.45%     -    0s
     0     0 42643.9505    0    4 43269.7677 42643.9505  1.45%     -    0s
     0     0 42643.9505    0    5 43269.7677 42643.9505  1.45%     -    0s
     0     0 42643.9505    0    2 43269.7677 42643.9505  1.45%     -    0s
     0     0 42643.9505    0    2 43269.7677 42643.9505  1.45%     -    0s
     0     0 42643.9505    0    2 43269.7677 42643.9505  1.45%     -    0s
     0     0 42643.9505    0    4 43269.7677 42643.9505  1.45%     -    0s
     0     0 42643.9505    0    4 43269.7677 42643.9505  1.45%     -    0s
     0     0 42643.9505    0    3 43269.7677 42643.9505  1.45%     -    0s
     0     0 42704.5677    0    3 43269.7677 42704.5677  1.31%     -    0s
     0     0 42705.3637    0    5 43269.7677 42705.3637  1.30%     -    0s
     0     0 42947.2317    0    5 43269.7677 42947.2317  0.75%     -    0s
     0     0 42976.8167    0    5 43269.7677 42976.8167  0.68%     -    0s
     0     2 42976.8167    0    5 43269.7677 42976.8167  0.68%     -    0s

Cutting planes:
  Gomory: 2
  Implied bound: 26
  MIR: 8
  Flow cover: 3
  Relax-and-lift: 1

Explored 31 nodes (799 simplex iterations) in 0.04 seconds (0.04 work units)
Thread count was 8 (of 8 available processors)

Solution count 8: 43269.8 44444.6 50696.9 ... 2.71235e+06

Optimal solution found (tolerance 1.00e-04)
Best objective 4.326976768106e+04, best bound 4.326976768106e+04, gap 0.0000%

User-callback calls 386, time in user-callback 0.00 sec

Gurobi 12.0.3 (mac64[arm]) logging started Sat Sep 27 11:09:13 2025

Set parameter LogFile to value "Logs/Facility Location Logs/bernoulli_true/L50/phase1/scenario_generation.log"
Set parameter LogToConsole to value 0

Gurobi 12.0.3 (mac64[arm]) logging started Sat Sep 27 11:09:13 2025

Set parameter LogFile to value "Logs/Facility Location Logs/bernoulli_true/L50/phase1/scenario_generation.log"
Gurobi Optimizer version 12.0.3 build v12.0.3rc0 (mac64[arm] - Darwin 24.6.0 24G222)

CPU model: Apple M3
Thread count: 8 physical cores, 8 logical processors, using up to 8 threads

Non-default parameters:
LogToConsole  0

Optimize a model with 75 rows, 1325 columns and 2575 nonzeros
Model fingerprint: 0xa84ef786
Variable types: 1300 continuous, 25 integer (25 binary)
Coefficient statistics:
  Matrix range     [1e+00, 2e+04]
  Objective range  [8e-03, 8e+03]
  Bounds range     [0e+00, 0e+00]
  RHS range        [9e+02, 5e+03]
Found heuristic solution: objective 2292350.0000
Presolve removed 23 rows and 599 columns
Presolve time: 0.00s
Presolved: 52 rows, 726 columns, 1401 nonzeros
Variable types: 702 continuous, 24 integer (24 binary)

Root relaxation: objective 2.542452e+04, 88 iterations, 0.00 seconds (0.00 work units)

    Nodes    |    Current Node    |     Objective Bounds      |     Work
 Expl Unexpl |  Obj  Depth IntInf | Incumbent    BestBd   Gap | It/Node Time

     0     0 25424.5184    0   13 2292350.00 25424.5184  98.9%     -    0s
H    0     0                    107501.01843 25424.5184  76.3%     -    0s
H    0     0                    83002.977898 25424.5184  69.4%     -    0s
H    0     0                    57785.622013 25424.5184  56.0%     -    0s
H    0     0                    56648.370058 25424.5184  55.1%     -    0s
     0     0 28752.4723    0    6 56648.3701 28752.4723  49.2%     -    0s
H    0     0                    37013.428423 28933.5975  21.8%     -    0s
     0     0 29399.8266    0    5 37013.4284 29399.8266  20.6%     -    0s
H    0     0                    36674.651829 29399.8266  19.8%     -    0s
     0     0 30029.9139    0    4 36674.6518 30029.9139  18.1%     -    0s
     0     0 30187.7179    0    2 36674.6518 30187.7179  17.7%     -    0s
H    0     0                    36195.244107 30262.6248  16.4%     -    0s
     0     0 30478.3570    0    1 36195.2441 30478.3570  15.8%     -    0s
     0     0 30478.8169    0    2 36195.2441 30478.8169  15.8%     -    0s
     0     0 30479.3817    0    2 36195.2441 30479.3817  15.8%     -    0s
H    0     0                    35637.696587 30479.3817  14.5%     -    0s
H    0     0                    35619.973062 30479.3817  14.4%     -    0s
     0     2 30479.3817    0    2 35619.9731 30479.3817  14.4%     -    0s
H  313   258                    35545.491482 30709.0252  13.6%  10.5    0s

Cutting planes:
  Implied bound: 106
  MIR: 3
  Flow cover: 2
  Inf proof: 3
  Relax-and-lift: 3

Explored 3768 nodes (53542 simplex iterations) in 0.16 seconds (0.29 work units)
Thread count was 8 (of 8 available processors)

Solution count 10: 35545.5 35620 36195.2 ... 2.29235e+06

Optimal solution found (tolerance 1.00e-04)
Best objective 3.554549148244e+04, best bound 3.554549148244e+04, gap 0.0000%

User-callback calls 7830, time in user-callback 0.00 sec

Gurobi 12.0.3 (mac64[arm]) logging started Sat Sep 27 11:09:13 2025

Set parameter LogFile to value "Logs/Facility Location Logs/bernoulli_true/L50/phase1/scenario_generation.log"
Set parameter LogToConsole to value 0

Gurobi 12.0.3 (mac64[arm]) logging started Sat Sep 27 11:09:13 2025

Set parameter LogFile to value "Logs/Facility Location Logs/bernoulli_true/L50/phase1/scenario_generation.log"
Gurobi Optimizer version 12.0.3 build v12.0.3rc0 (mac64[arm] - Darwin 24.6.0 24G222)

CPU model: Apple M3
Thread count: 8 physical cores, 8 logical processors, using up to 8 threads

Non-default parameters:
LogToConsole  0

Optimize a model with 75 rows, 1325 columns and 2575 nonzeros
Model fingerprint: 0x19aa0d07
Variable types: 1300 continuous, 25 integer (25 binary)
Coefficient statistics:
  Matrix range     [1e+00, 2e+04]
  Objective range  [8e-03, 8e+03]
  Bounds range     [0e+00, 0e+00]
  RHS range        [1e+03, 5e+03]
Found heuristic solution: objective 2264900.0000
Presolve removed 26 rows and 677 columns
Presolve time: 0.00s
Presolved: 49 rows, 648 columns, 1248 nonzeros
Variable types: 624 continuous, 24 integer (24 binary)

Root relaxation: objective 3.087826e+04, 76 iterations, 0.00 seconds (0.00 work units)

    Nodes    |    Current Node    |     Objective Bounds      |     Work
 Expl Unexpl |  Obj  Depth IntInf | Incumbent    BestBd   Gap | It/Node Time

     0     0 30878.2575    0   11 2264900.00 30878.2575  98.6%     -    0s
H    0     0                    98229.257522 30878.2575  68.6%     -    0s
H    0     0                    68639.569338 30878.2575  55.0%     -    0s
H    0     0                    61972.612911 30878.2575  50.2%     -    0s
H    0     0                    49647.182901 34078.2878  31.4%     -    0s
     0     0 34078.2878    0    8 49647.1829 34078.2878  31.4%     -    0s
     0     0 34182.5336    0    8 49647.1829 34182.5336  31.1%     -    0s
H    0     0                    49420.339598 34182.5336  30.8%     -    0s
H    0     0                    42781.277477 34182.5336  20.1%     -    0s
     0     0 34435.8496    0    5 42781.2775 34435.8496  19.5%     -    0s
H    0     0                    42525.089338 34450.1102  19.0%     -    0s
H    0     0                    41180.439934 34450.1102  16.3%     -    0s
     0     0 34684.0638    0    6 41180.4399 34684.0638  15.8%     -    0s
     0     0 34823.5231    0    8 41180.4399 34823.5231  15.4%     -    0s
     0     0 34837.2882    0    9 41180.4399 34837.2882  15.4%     -    0s
     0     0 34845.8685    0    8 41180.4399 34845.8685  15.4%     -    0s
     0     0 34929.6823    0    1 41180.4399 34929.6823  15.2%     -    0s
     0     0 35075.9661    0    4 41180.4399 35075.9661  14.8%     -    0s
     0     0 35078.4104    0    4 41180.4399 35078.4104  14.8%     -    0s
H    0     0                    40846.361802 35078.4104  14.1%     -    0s
H    0     0                    40807.610550 35078.4104  14.0%     -    0s
     0     2 35078.4104    0    4 40807.6106 35078.4104  14.0%     -    0s

Cutting planes:
  Implied bound: 52
  MIR: 2
  Flow cover: 8
  Relax-and-lift: 3

Explored 585 nodes (9456 simplex iterations) in 0.06 seconds (0.09 work units)
Thread count was 8 (of 8 available processors)

Solution count 9: 40807.6 41180.4 42525.1 ... 2.2649e+06

Optimal solution found (tolerance 1.00e-04)
Best objective 4.080761055019e+04, best bound 4.080761055019e+04, gap 0.0000%

User-callback calls 1452, time in user-callback 0.00 sec

Gurobi 12.0.3 (mac64[arm]) logging started Sat Sep 27 11:09:14 2025

Set parameter LogFile to value "Logs/Facility Location Logs/bernoulli_true/L50/phase1/scenario_generation.log"
Set parameter LogToConsole to value 0

Gurobi 12.0.3 (mac64[arm]) logging started Sat Sep 27 11:09:14 2025

Set parameter LogFile to value "Logs/Facility Location Logs/bernoulli_true/L50/phase1/scenario_generation.log"
Gurobi Optimizer version 12.0.3 build v12.0.3rc0 (mac64[arm] - Darwin 24.6.0 24G222)

CPU model: Apple M3
Thread count: 8 physical cores, 8 logical processors, using up to 8 threads

Non-default parameters:
LogToConsole  0

Optimize a model with 75 rows, 1325 columns and 2575 nonzeros
Model fingerprint: 0xa6ea0ea4
Variable types: 1300 continuous, 25 integer (25 binary)
Coefficient statistics:
  Matrix range     [1e+00, 2e+04]
  Objective range  [8e-03, 8e+03]
  Bounds range     [0e+00, 0e+00]
  RHS range        [1e+03, 1e+04]
Found heuristic solution: objective 3142700.0000
Presolve removed 27 rows and 703 columns
Presolve time: 0.00s
Presolved: 48 rows, 622 columns, 1197 nonzeros
Variable types: 598 continuous, 24 integer (24 binary)

Root relaxation: objective 5.587192e+04, 75 iterations, 0.00 seconds (0.00 work units)

    Nodes    |    Current Node    |     Objective Bounds      |     Work
 Expl Unexpl |  Obj  Depth IntInf | Incumbent    BestBd   Gap | It/Node Time

     0     0 55871.9183    0   13 3142700.00 55871.9183  98.2%     -    0s
H    0     0                    129444.91830 55871.9183  56.8%     -    0s
H    0     0                    129407.16942 55871.9183  56.8%     -    0s
H    0     0                    123418.95352 55871.9183  54.7%     -    0s
H    0     0                    115457.25765 55871.9183  51.6%     -    0s
H    0     0                    86707.371718 59800.5600  31.0%     -    0s
     0     0 59800.5600    0    8 86707.3717 59800.5600  31.0%     -    0s
H    0     0                    80878.613660 60199.3221  25.6%     -    0s
     0     0 60199.3221    0    7 80878.6137 60199.3221  25.6%     -    0s
H    0     0                    66641.315965 60227.8139  9.62%     -    0s
     0     0 60593.5344    0    4 66641.3160 60593.5344  9.08%     -    0s
H    0     0                    66394.606089 60612.4411  8.71%     -    0s
H    0     0                    64867.508666 60612.4411  6.56%     -    0s
     0     0 60612.4411    0    6 64867.5087 60612.4411  6.56%     -    0s
     0     0 60613.7188    0    5 64867.5087 60613.7188  6.56%     -    0s
     0     0 60795.3243    0    4 64867.5087 60795.3243  6.28%     -    0s
     0     0 60809.9106    0    7 64867.5087 60809.9106  6.26%     -    0s
     0     0 60935.9125    0    5 64867.5087 60935.9125  6.06%     -    0s
     0     0 60936.7066    0    5 64867.5087 60936.7066  6.06%     -    0s
     0     0 60956.6644    0    4 64867.5087 60956.6644  6.03%     -    0s
     0     0 60984.7940    0    6 64867.5087 60984.7940  5.99%     -    0s
     0     0 60992.2616    0    6 64867.5087 60992.2616  5.97%     -    0s
     0     0 61001.4173    0    5 64867.5087 61001.4173  5.96%     -    0s
     0     0 61039.5060    0    5 64867.5087 61039.5060  5.90%     -    0s
     0     0 61042.6467    0    5 64867.5087 61042.6467  5.90%     -    0s
     0     0 61044.1115    0    5 64867.5087 61044.1115  5.89%     -    0s
     0     2 61044.3617    0    5 64867.5087 61044.3617  5.89%     -    0s

Cutting planes:
  Implied bound: 65
  MIR: 14
  Flow cover: 5
  Inf proof: 3
  Relax-and-lift: 1

Explored 1628 nodes (19267 simplex iterations) in 0.11 seconds (0.17 work units)
Thread count was 8 (of 8 available processors)

Solution count 9: 64867.5 66394.6 66641.3 ... 3.1427e+06

Optimal solution found (tolerance 1.00e-04)
Best objective 6.486750866644e+04, best bound 6.486750866644e+04, gap 0.0000%

User-callback calls 3585, time in user-callback 0.00 sec

Gurobi 12.0.3 (mac64[arm]) logging started Sat Sep 27 11:09:14 2025

Set parameter LogFile to value "Logs/Facility Location Logs/bernoulli_true/L50/phase1/scenario_generation.log"
Set parameter LogToConsole to value 0

Gurobi 12.0.3 (mac64[arm]) logging started Sat Sep 27 11:09:14 2025

Set parameter LogFile to value "Logs/Facility Location Logs/bernoulli_true/L50/phase1/scenario_generation.log"
Gurobi Optimizer version 12.0.3 build v12.0.3rc0 (mac64[arm] - Darwin 24.6.0 24G222)

CPU model: Apple M3
Thread count: 8 physical cores, 8 logical processors, using up to 8 threads

Non-default parameters:
LogToConsole  0

Optimize a model with 75 rows, 1325 columns and 2575 nonzeros
Model fingerprint: 0x34fb7e19
Variable types: 1300 continuous, 25 integer (25 binary)
Coefficient statistics:
  Matrix range     [1e+00, 2e+04]
  Objective range  [8e-03, 8e+03]
  Bounds range     [0e+00, 0e+00]
  RHS range        [9e+02, 2e+04]
Found heuristic solution: objective 3596000.0000
Presolve removed 26 rows and 677 columns
Presolve time: 0.00s
Presolved: 49 rows, 648 columns, 1248 nonzeros
Variable types: 624 continuous, 24 integer (24 binary)

Root relaxation: objective 9.021330e+04, 92 iterations, 0.00 seconds (0.00 work units)

    Nodes    |    Current Node    |     Objective Bounds      |     Work
 Expl Unexpl |  Obj  Depth IntInf | Incumbent    BestBd   Gap | It/Node Time

     0     0 90213.2999    0   12 3596000.00 90213.2999  97.5%     -    0s
H    0     0                    159253.29993 90213.2999  43.4%     -    0s
H    0     0                    127556.86243 90213.2999  29.3%     -    0s
H    0     0                    127540.16912 90213.2999  29.3%     -    0s
H    0     0                    122450.10268 90213.2999  26.3%     -    0s
H    0     0                    103281.65324 94241.6532  8.75%     -    0s
     0     0 94241.6532    0    2 103281.653 94241.6532  8.75%     -    0s
H    0     0                    94730.261099 94259.7536  0.50%     -    0s
     0     0 94501.1108    0    2 94730.2611 94501.1108  0.24%     -    0s
     0     0 94501.1108    0    4 94730.2611 94501.1108  0.24%     -    0s
     0     0 94501.1108    0    5 94730.2611 94501.1108  0.24%     -    0s
     0     0 94501.1108    0    2 94730.2611 94501.1108  0.24%     -    0s
     0     0 94725.8970    0    2 94730.2611 94725.8970  0.00%     -    0s

Cutting planes:
  Implied bound: 8
  MIR: 1
  Flow cover: 3

Explored 1 nodes (280 simplex iterations) in 0.01 seconds (0.01 work units)
Thread count was 8 (of 8 available processors)

Solution count 6: 94730.3 103282 122450 ... 3.596e+06

Optimal solution found (tolerance 1.00e-04)
Best objective 9.473026109888e+04, best bound 9.472589698087e+04, gap 0.0046%

User-callback calls 235, time in user-callback 0.00 sec

Gurobi 12.0.3 (mac64[arm]) logging started Sat Sep 27 11:09:14 2025

Set parameter LogFile to value "Logs/Facility Location Logs/bernoulli_true/L50/phase1/scenario_generation.log"
Set parameter LogToConsole to value 0

Gurobi 12.0.3 (mac64[arm]) logging started Sat Sep 27 11:09:14 2025

Set parameter LogFile to value "Logs/Facility Location Logs/bernoulli_true/L50/phase1/scenario_generation.log"
Gurobi Optimizer version 12.0.3 build v12.0.3rc0 (mac64[arm] - Darwin 24.6.0 24G222)

CPU model: Apple M3
Thread count: 8 physical cores, 8 logical processors, using up to 8 threads

Non-default parameters:
LogToConsole  0

Optimize a model with 75 rows, 1325 columns and 2575 nonzeros
Model fingerprint: 0x294018b3
Variable types: 1300 continuous, 25 integer (25 binary)
Coefficient statistics:
  Matrix range     [1e+00, 2e+04]
  Objective range  [8e-03, 8e+03]
  Bounds range     [0e+00, 0e+00]
  RHS range        [8e+02, 8e+03]
Found heuristic solution: objective 2831300.0000
Presolve removed 23 rows and 599 columns
Presolve time: 0.00s
Presolved: 52 rows, 726 columns, 1401 nonzeros
Variable types: 702 continuous, 24 integer (24 binary)

Root relaxation: objective 4.602106e+04, 100 iterations, 0.00 seconds (0.00 work units)

    Nodes    |    Current Node    |     Objective Bounds      |     Work
 Expl Unexpl |  Obj  Depth IntInf | Incumbent    BestBd   Gap | It/Node Time

     0     0 46021.0579    0   14 2831300.00 46021.0579  98.4%     -    0s
H    0     0                    130208.05793 46021.0579  64.7%     -    0s
H    0     0                    83405.462152 46021.0579  44.8%     -    0s
H    0     0                    81891.614585 46021.0579  43.8%     -    0s
H    0     0                    74783.830935 46021.0579  38.5%     -    0s
H    0     0                    73399.942446 46021.0579  37.3%     -    0s
H    0     0                    66227.702135 46901.0521  29.2%     -    0s
     0     0 49170.4531    0    6 66227.7021 49170.4531  25.8%     -    0s
H    0     0                    52821.185392 49200.0880  6.86%     -    0s
     0     0 49392.5101    0    6 52821.1854 49392.5101  6.49%     -    0s
     0     0 49827.1275    0    6 52821.1854 49827.1275  5.67%     -    0s
     0     0 50123.3189    0    7 52821.1854 50123.3189  5.11%     -    0s
     0     0 50165.4245    0    7 52821.1854 50165.4245  5.03%     -    0s
     0     0 50592.6048    0    5 52821.1854 50592.6048  4.22%     -    0s
     0     0 50625.4874    0    6 52821.1854 50625.4874  4.16%     -    0s
H    0     0                    52405.302763 50625.4874  3.40%     -    0s
H    0     0                    52127.150672 51252.1803  1.68%     -    0s
     0     0 51252.1803    0    2 52127.1507 51252.1803  1.68%     -    0s
     0     0 51254.2847    0    4 52127.1507 51254.2847  1.67%     -    0s
     0     0 51254.2847    0    4 52127.1507 51254.2847  1.67%     -    0s
H    0     0                    51519.421459 51254.2847  0.51%     -    0s
     0     0 51254.3487    0    6 51519.4215 51254.3487  0.51%     -    0s
     0     0 51254.3487    0    6 51519.4215 51254.3487  0.51%     -    0s
     0     0 51254.3487    0    5 51519.4215 51254.3487  0.51%     -    0s
     0     0 51254.3487    0    5 51519.4215 51254.3487  0.51%     -    0s
     0     0 51254.3487    0    5 51519.4215 51254.3487  0.51%     -    0s
     0     0 51254.3487    0    6 51519.4215 51254.3487  0.51%     -    0s
     0     0 51254.3487    0    5 51519.4215 51254.3487  0.51%     -    0s
     0     0 51346.1708    0    4 51519.4215 51346.1708  0.34%     -    0s
     0     0 51495.5343    0    2 51519.4215 51495.5343  0.05%     -    0s
     0     0 51515.3038    0    3 51519.4215 51515.3038  0.01%     -    0s

Cutting planes:
  Implied bound: 61
  Flow cover: 1

Explored 1 nodes (525 simplex iterations) in 0.03 seconds (0.03 work units)
Thread count was 8 (of 8 available processors)

Solution count 10: 51519.4 52127.2 52405.3 ... 130208

Optimal solution found (tolerance 1.00e-04)
Best objective 5.151942145875e+04, best bound 5.151530382256e+04, gap 0.0080%

User-callback calls 304, time in user-callback 0.00 sec

Gurobi 12.0.3 (mac64[arm]) logging started Sat Sep 27 11:09:14 2025

Set parameter LogFile to value "Logs/Facility Location Logs/bernoulli_true/L50/phase1/scenario_generation.log"
Set parameter LogToConsole to value 0

Gurobi 12.0.3 (mac64[arm]) logging started Sat Sep 27 11:09:14 2025

Set parameter LogFile to value "Logs/Facility Location Logs/bernoulli_true/L50/phase1/scenario_generation.log"
Gurobi Optimizer version 12.0.3 build v12.0.3rc0 (mac64[arm] - Darwin 24.6.0 24G222)

CPU model: Apple M3
Thread count: 8 physical cores, 8 logical processors, using up to 8 threads

Non-default parameters:
LogToConsole  0

Optimize a model with 75 rows, 1325 columns and 2575 nonzeros
Model fingerprint: 0x432829b8
Variable types: 1300 continuous, 25 integer (25 binary)
Coefficient statistics:
  Matrix range     [1e+00, 2e+04]
  Objective range  [8e-03, 8e+03]
  Bounds range     [0e+00, 0e+00]
  RHS range        [7e+02, 8e+03]
Found heuristic solution: objective 2937200.0000
Presolve removed 16 rows and 417 columns
Presolve time: 0.00s
Presolved: 59 rows, 908 columns, 1758 nonzeros
Variable types: 884 continuous, 24 integer (24 binary)

Root relaxation: objective 5.439614e+04, 105 iterations, 0.00 seconds (0.00 work units)

    Nodes    |    Current Node    |     Objective Bounds      |     Work
 Expl Unexpl |  Obj  Depth IntInf | Incumbent    BestBd   Gap | It/Node Time

     0     0 54396.1387    0   16 2937200.00 54396.1387  98.1%     -    0s
H    0     0                    152524.13873 54396.1387  64.3%     -    0s
H    0     0                    117170.54994 54396.1387  53.6%     -    0s
H    0     0                    108557.71006 54396.1387  49.9%     -    0s
H    0     0                    101216.16689 54396.1387  46.3%     -    0s
H    0     0                    90508.703469 56202.6647  37.9%     -    0s
     0     0 57900.1670    0    7 90508.7035 57900.1670  36.0%     -    0s
H    0     0                    87721.065820 58034.4394  33.8%     -    0s
H    0     0                    60082.823301 58034.4394  3.41%     -    0s
H    0     0                    59973.584118 58034.4394  3.23%     -    0s
     0     0 58034.4394    0    7 59973.5841 58034.4394  3.23%     -    0s
     0     0 58294.7785    0    8 59973.5841 58294.7785  2.80%     -    0s
     0     0 58404.1398    0    9 59973.5841 58404.1398  2.62%     -    0s
H    0     0                    59264.514962 58418.3806  1.43%     -    0s
H    0     0                    59006.668718 58418.3806  1.00%     -    0s
     0     0 58530.3570    0    5 59006.6687 58530.3570  0.81%     -    0s
     0     0 58537.2027    0    5 59006.6687 58537.2027  0.80%     -    0s
     0     0 58539.3489    0    5 59006.6687 58539.3489  0.79%     -    0s
     0     0 58656.2752    0    5 59006.6687 58656.2752  0.59%     -    0s
     0     0 59006.6687    0    3 59006.6687 59006.6687  0.00%     -    0s

Cutting planes:
  Implied bound: 65
  MIR: 6
  Flow cover: 1
  Relax-and-lift: 3

Explored 1 nodes (288 simplex iterations) in 0.02 seconds (0.02 work units)
Thread count was 8 (of 8 available processors)

Solution count 10: 59006.7 59264.5 59973.6 ... 2.9372e+06

Optimal solution found (tolerance 1.00e-04)
Best objective 5.900666871844e+04, best bound 5.900666871844e+04, gap 0.0000%

User-callback calls 253, time in user-callback 0.00 sec

Gurobi 12.0.3 (mac64[arm]) logging started Sat Sep 27 11:09:14 2025

Set parameter LogFile to value "Logs/Facility Location Logs/bernoulli_true/L50/phase1/scenario_generation.log"
Set parameter LogToConsole to value 0

Gurobi 12.0.3 (mac64[arm]) logging started Sat Sep 27 11:09:14 2025

Set parameter LogFile to value "Logs/Facility Location Logs/bernoulli_true/L50/phase1/scenario_generation.log"
Gurobi Optimizer version 12.0.3 build v12.0.3rc0 (mac64[arm] - Darwin 24.6.0 24G222)

CPU model: Apple M3
Thread count: 8 physical cores, 8 logical processors, using up to 8 threads

Non-default parameters:
LogToConsole  0

Optimize a model with 75 rows, 1325 columns and 2575 nonzeros
Model fingerprint: 0x3299b65d
Variable types: 1300 continuous, 25 integer (25 binary)
Coefficient statistics:
  Matrix range     [1e+00, 2e+04]
  Objective range  [8e-03, 8e+03]
  Bounds range     [0e+00, 0e+00]
  RHS range        [1e+03, 5e+03]
Found heuristic solution: objective 2429450.0000
Presolve removed 25 rows and 651 columns
Presolve time: 0.00s
Presolved: 50 rows, 674 columns, 1299 nonzeros
Variable types: 650 continuous, 24 integer (24 binary)

Root relaxation: objective 2.614038e+04, 92 iterations, 0.00 seconds (0.00 work units)

    Nodes    |    Current Node    |     Objective Bounds      |     Work
 Expl Unexpl |  Obj  Depth IntInf | Incumbent    BestBd   Gap | It/Node Time

     0     0 26140.3806    0   12 2429450.00 26140.3806  98.9%     -    0s
H    0     0                    99345.880616 26140.3806  73.7%     -    0s
H    0     0                    65186.845459 26140.3806  59.9%     -    0s
H    0     0                    49185.431625 26140.3806  46.9%     -    0s
     0     0 28707.3178    0    9 49185.4316 28707.3178  41.6%     -    0s
     0     0 29051.3602    0   10 49185.4316 29051.3602  40.9%     -    0s
H    0     0                    42185.482654 29051.3602  31.1%     -    0s
H    0     0                    35000.347725 29051.3602  17.0%     -    0s
H    0     0                    34954.845142 29051.3602  16.9%     -    0s
     0     0 29240.9126    0    6 34954.8451 29240.9126  16.3%     -    0s
     0     0 29820.1393    0    8 34954.8451 29820.1393  14.7%     -    0s
     0     0 30059.8790    0    5 34954.8451 30059.8790  14.0%     -    0s
H    0     0                    34885.376002 30061.3081  13.8%     -    0s
     0     0 30071.5435    0    5 34885.3760 30071.5435  13.8%     -    0s
     0     0 30137.1170    0    1 34885.3760 30137.1170  13.6%     -    0s
     0     0 30141.6595    0    7 34885.3760 30141.6595  13.6%     -    0s
     0     0 30142.1763    0    2 34885.3760 30142.1763  13.6%     -    0s
     0     0 30149.5187    0    3 34885.3760 30149.5187  13.6%     -    0s
     0     0 30156.5187    0    3 34885.3760 30156.5187  13.6%     -    0s
H    0     0                    34163.321094 30156.5187  11.7%     -    0s
H    0     0                    34107.174971 30162.7219  11.6%     -    0s
     0     2 30162.7219    0    3 34107.1750 30162.7219  11.6%     -    0s
H  553   267                    33890.679306 31073.9059  8.31%  11.5    0s

Cutting planes:
  Implied bound: 51
  MIR: 6
  Flow cover: 6
  Inf proof: 8
  Relax-and-lift: 9

Explored 1768 nodes (21388 simplex iterations) in 0.18 seconds (0.18 work units)
Thread count was 8 (of 8 available processors)

Solution count 8: 33890.7 34107.2 34885.4 ... 2.42945e+06

Optimal solution found (tolerance 1.00e-04)
Best objective 3.389067930619e+04, best bound 3.389067930619e+04, gap 0.0000%

User-callback calls 3843, time in user-callback 0.00 sec

Gurobi 12.0.3 (mac64[arm]) logging started Sat Sep 27 11:09:14 2025

Set parameter LogFile to value "Logs/Facility Location Logs/bernoulli_true/L50/phase1/scenario_generation.log"
Set parameter LogToConsole to value 0

Gurobi 12.0.3 (mac64[arm]) logging started Sat Sep 27 11:09:14 2025

Set parameter LogFile to value "Logs/Facility Location Logs/bernoulli_true/L50/phase1/scenario_generation.log"
Gurobi Optimizer version 12.0.3 build v12.0.3rc0 (mac64[arm] - Darwin 24.6.0 24G222)

CPU model: Apple M3
Thread count: 8 physical cores, 8 logical processors, using up to 8 threads

Non-default parameters:
LogToConsole  0

Optimize a model with 75 rows, 1325 columns and 2575 nonzeros
Model fingerprint: 0x9fc66376
Variable types: 1300 continuous, 25 integer (25 binary)
Coefficient statistics:
  Matrix range     [1e+00, 2e+04]
  Objective range  [8e-03, 8e+03]
  Bounds range     [0e+00, 0e+00]
  RHS range        [2e+03, 1e+04]
Found heuristic solution: objective 3595900.0000
Presolve removed 20 rows and 521 columns
Presolve time: 0.00s
Presolved: 55 rows, 804 columns, 1554 nonzeros
Variable types: 780 continuous, 24 integer (24 binary)

Root relaxation: objective 4.703575e+04, 104 iterations, 0.00 seconds (0.00 work units)

    Nodes    |    Current Node    |     Objective Bounds      |     Work
 Expl Unexpl |  Obj  Depth IntInf | Incumbent    BestBd   Gap | It/Node Time

     0     0 47035.7508    0   14 3595900.00 47035.7508  98.7%     -    0s
H    0     0                    123576.75084 47035.7508  61.9%     -    0s
H    0     0                    103288.82362 47035.7508  54.5%     -    0s
H    0     0                    83481.454810 47035.7508  43.7%     -    0s
H    0     0                    75981.454810 47035.7508  38.1%     -    0s
H    0     0                    72783.733243 49168.8705  32.4%     -    0s
     0     0 49168.8705    0   11 72783.7332 49168.8705  32.4%     -    0s
H    0     0                    60206.981826 49277.8301  18.2%     -    0s
H    0     0                    52389.029469 49277.8301  5.94%     -    0s
H    0     0                    52128.505869 49277.8301  5.47%     -    0s
     0     0 49613.6645    0   11 52128.5059 49613.6645  4.82%     -    0s
     0     0 49657.2839    0    7 52128.5059 49657.2839  4.74%     -    0s
H    0     0                    51671.582532 49698.5366  3.82%     -    0s
     0     0 49698.5366    0    7 51671.5825 49698.5366  3.82%     -    0s
     0     0 49708.0864    0    6 51671.5825 49708.0864  3.80%     -    0s
     0     0 50001.8754    0    9 51671.5825 50001.8754  3.23%     -    0s
     0     0 50042.1193    0    9 51671.5825 50042.1193  3.15%     -    0s
     0     0 50226.8250    0    7 51671.5825 50226.8250  2.80%     -    0s
     0     0 50248.1943    0    6 51671.5825 50248.1943  2.75%     -    0s
     0     0 50376.7695    0    1 51671.5825 50376.7695  2.51%     -    0s
     0     0 50384.2239    0    2 51671.5825 50384.2239  2.49%     -    0s
     0     0 50384.2990    0    2 51671.5825 50384.2990  2.49%     -    0s
     0     2 50384.2990    0    2 51671.5825 50384.2990  2.49%     -    0s

Cutting planes:
  Implied bound: 51
  MIR: 4
  Flow cover: 8
  Relax-and-lift: 8

Explored 327 nodes (6565 simplex iterations) in 0.05 seconds (0.08 work units)
Thread count was 8 (of 8 available processors)

Solution count 10: 51671.6 52128.5 52389 ... 3.5959e+06

Optimal solution found (tolerance 1.00e-04)
Best objective 5.167158253181e+04, best bound 5.167158253181e+04, gap 0.0000%

User-callback calls 934, time in user-callback 0.00 sec

Gurobi 12.0.3 (mac64[arm]) logging started Sat Sep 27 11:09:14 2025

Set parameter LogFile to value "Logs/Facility Location Logs/bernoulli_true/L50/phase1/scenario_generation.log"
Set parameter LogToConsole to value 0

Gurobi 12.0.3 (mac64[arm]) logging started Sat Sep 27 11:09:14 2025

Set parameter LogFile to value "Logs/Facility Location Logs/bernoulli_true/L50/phase1/scenario_generation.log"
Gurobi Optimizer version 12.0.3 build v12.0.3rc0 (mac64[arm] - Darwin 24.6.0 24G222)

CPU model: Apple M3
Thread count: 8 physical cores, 8 logical processors, using up to 8 threads

Non-default parameters:
LogToConsole  0

Optimize a model with 75 rows, 1325 columns and 2575 nonzeros
Model fingerprint: 0x3dbe211e
Variable types: 1300 continuous, 25 integer (25 binary)
Coefficient statistics:
  Matrix range     [1e+00, 2e+04]
  Objective range  [8e-03, 8e+03]
  Bounds range     [0e+00, 0e+00]
  RHS range        [2e+03, 9e+03]
Found heuristic solution: objective 2799100.0000
Presolve removed 32 rows and 833 columns
Presolve time: 0.00s
Presolved: 43 rows, 492 columns, 942 nonzeros
Variable types: 468 continuous, 24 integer (24 binary)

Root relaxation: objective 5.743040e+04, 60 iterations, 0.00 seconds (0.00 work units)

    Nodes    |    Current Node    |     Objective Bounds      |     Work
 Expl Unexpl |  Obj  Depth IntInf | Incumbent    BestBd   Gap | It/Node Time

     0     0 57430.4047    0   11 2799100.00 57430.4047  97.9%     -    0s
H    0     0                    119439.40472 57430.4047  51.9%     -    0s
H    0     0                    112447.41516 57430.4047  48.9%     -    0s
H    0     0                    91529.039045 57430.4047  37.3%     -    0s
H    0     0                    69903.331546 61742.1706  11.7%     -    0s
H    0     0                    62742.752281 61742.1706  1.59%     -    0s
H    0     0                    62601.969520 61742.1706  1.37%     -    0s
     0     0 61742.1706    0    2 62601.9695 61742.1706  1.37%     -    0s
     0     0 61830.2680    0    1 62601.9695 61830.2680  1.23%     -    0s
     0     0 61830.2680    0    6 62601.9695 61830.2680  1.23%     -    0s
     0     0 61830.2680    0    3 62601.9695 61830.2680  1.23%     -    0s
     0     0 61830.2680    0    1 62601.9695 61830.2680  1.23%     -    0s
     0     0 62601.9695    0    1 62601.9695 62601.9695  0.00%     -    0s

Cutting planes:
  Implied bound: 11
  Clique: 1
  MIR: 1
  Flow cover: 4

Explored 1 nodes (206 simplex iterations) in 0.01 seconds (0.01 work units)
Thread count was 8 (of 8 available processors)

Solution count 6: 62602 69903.3 91529 ... 2.7991e+06

Optimal solution found (tolerance 1.00e-04)
Best objective 6.260196952012e+04, best bound 6.260196952012e+04, gap 0.0000%

User-callback calls 233, time in user-callback 0.00 sec

Gurobi 12.0.3 (mac64[arm]) logging started Sat Sep 27 11:09:14 2025

Set parameter LogFile to value "Logs/Facility Location Logs/bernoulli_true/L50/phase1/scenario_generation.log"
Set parameter LogToConsole to value 0

Gurobi 12.0.3 (mac64[arm]) logging started Sat Sep 27 11:09:14 2025

Set parameter LogFile to value "Logs/Facility Location Logs/bernoulli_true/L50/phase1/scenario_generation.log"
Gurobi Optimizer version 12.0.3 build v12.0.3rc0 (mac64[arm] - Darwin 24.6.0 24G222)

CPU model: Apple M3
Thread count: 8 physical cores, 8 logical processors, using up to 8 threads

Non-default parameters:
LogToConsole  0

Optimize a model with 75 rows, 1325 columns and 2575 nonzeros
Model fingerprint: 0x0eb20736
Variable types: 1300 continuous, 25 integer (25 binary)
Coefficient statistics:
  Matrix range     [1e+00, 2e+04]
  Objective range  [8e-03, 8e+03]
  Bounds range     [0e+00, 0e+00]
  RHS range        [1e+03, 8e+03]
Found heuristic solution: objective 3437450.0000
Presolve removed 20 rows and 521 columns
Presolve time: 0.00s
Presolved: 55 rows, 804 columns, 1554 nonzeros
Variable types: 780 continuous, 24 integer (24 binary)

Root relaxation: objective 5.024393e+04, 94 iterations, 0.00 seconds (0.00 work units)

    Nodes    |    Current Node    |     Objective Bounds      |     Work
 Expl Unexpl |  Obj  Depth IntInf | Incumbent    BestBd   Gap | It/Node Time

     0     0 50243.9313    0   16 3437450.00 50243.9313  98.5%     -    0s
H    0     0                    143369.43125 50243.9313  65.0%     -    0s
H    0     0                    96773.090840 50243.9313  48.1%     -    0s
H    0     0                    96027.122993 50243.9313  47.7%     -    0s
H    0     0                    92156.179852 53341.7295  42.1%     -    0s
H    0     0                    84802.696165 53341.7295  37.1%     -    0s
     0     0 53341.7295    0    8 84802.6962 53341.7295  37.1%     -    0s
H    0     0                    71929.636784 53418.8502  25.7%     -    0s
     0     0 53796.5432    0    8 71929.6368 53796.5432  25.2%     -    0s
H    0     0                    66397.777414 53796.5432  19.0%     -    0s
H    0     0                    59627.879539 53796.5432  9.78%     -    0s
     0     0 53849.5601    0    8 59627.8795 53849.5601  9.69%     -    0s
     0     0 53865.2319    0    7 59627.8795 53865.2319  9.66%     -    0s
     0     0 53865.2319    0    8 59627.8795 53865.2319  9.66%     -    0s
     0     0 53925.8238    0    7 59627.8795 53925.8238  9.56%     -    0s
H    0     0                    59313.610568 53971.7821  9.01%     -    0s
H    0     0                    57437.639539 53971.7821  6.03%     -    0s
H    0     0                    57367.837639 53971.7821  5.92%     -    0s
     0     0 53971.7821    0    6 57367.8376 53971.7821  5.92%     -    0s
     0     0 54032.3105    0    7 57367.8376 54032.3105  5.81%     -    0s
H    0     0                    57323.781153 54032.6269  5.74%     -    0s
     0     0 54032.6269    0    7 57323.7812 54032.6269  5.74%     -    0s
     0     0 54148.2713    0    5 57323.7812 54148.2713  5.54%     -    0s
H    0     0                    57225.634909 54148.2713  5.38%     -    0s
     0     0 54163.6211    0    8 57225.6349 54163.6211  5.35%     -    0s
     0     0 54163.6850    0    8 57225.6349 54163.6850  5.35%     -    0s
H    0     0                    57123.388967 54163.6850  5.18%     -    0s
H    0     0                    57103.719194 54163.6861  5.15%     -    0s
     0     2 54163.6861    0    8 57103.7192 54163.6861  5.15%     -    0s
H  102    99                    56934.091909 54172.6780  4.85%  13.3    0s
H  203   146                    56460.020435 54207.0863  3.99%  13.3    0s

Cutting planes:
  Implied bound: 59
  MIR: 6
  Flow cover: 6
  Relax-and-lift: 8

Explored 1256 nodes (19978 simplex iterations) in 0.10 seconds (0.16 work units)
Thread count was 8 (of 8 available processors)

Solution count 10: 56460 56934.1 57103.7 ... 84802.7

Optimal solution found (tolerance 1.00e-04)
Best objective 5.646002043450e+04, best bound 5.646002043450e+04, gap 0.0000%

User-callback calls 2830, time in user-callback 0.00 sec

Gurobi 12.0.3 (mac64[arm]) logging started Sat Sep 27 11:09:14 2025

Set parameter LogFile to value "Logs/Facility Location Logs/bernoulli_true/L50/phase1/scenario_generation.log"
Set parameter LogToConsole to value 0

Gurobi 12.0.3 (mac64[arm]) logging started Sat Sep 27 11:09:14 2025

Set parameter LogFile to value "Logs/Facility Location Logs/bernoulli_true/L50/phase1/scenario_generation.log"
Gurobi Optimizer version 12.0.3 build v12.0.3rc0 (mac64[arm] - Darwin 24.6.0 24G222)

CPU model: Apple M3
Thread count: 8 physical cores, 8 logical processors, using up to 8 threads

Non-default parameters:
LogToConsole  0

Optimize a model with 75 rows, 1325 columns and 2575 nonzeros
Model fingerprint: 0xa648d710
Variable types: 1300 continuous, 25 integer (25 binary)
Coefficient statistics:
  Matrix range     [1e+00, 2e+04]
  Objective range  [8e-03, 8e+03]
  Bounds range     [0e+00, 0e+00]
  RHS range        [1e+03, 1e+04]
Found heuristic solution: objective 2775150.0000
Presolve removed 26 rows and 677 columns
Presolve time: 0.00s
Presolved: 49 rows, 648 columns, 1248 nonzeros
Variable types: 624 continuous, 24 integer (24 binary)

Root relaxation: objective 5.424911e+04, 82 iterations, 0.00 seconds (0.00 work units)

    Nodes    |    Current Node    |     Objective Bounds      |     Work
 Expl Unexpl |  Obj  Depth IntInf | Incumbent    BestBd   Gap | It/Node Time

     0     0 54249.1062    0    9 2775150.00 54249.1062  98.0%     -    0s
H    0     0                    101497.60616 54249.1062  46.6%     -    0s
H    0     0                    88347.264055 54249.1062  38.6%     -    0s
H    0     0                    87104.660521 54249.1062  37.7%     -    0s
H    0     0                    72690.719016 54771.0299  24.7%     -    0s
     0     0 55893.7860    0    8 72690.7190 55893.7860  23.1%     -    0s
H    0     0                    62649.341224 55936.6314  10.7%     -    0s
H    0     0                    58976.141158 55936.6314  5.15%     -    0s
     0     0 56212.1410    0    3 58976.1412 56212.1410  4.69%     -    0s
H    0     0                    58328.286114 56214.9337  3.62%     -    0s
     0     0 56243.9761    0    5 58328.2861 56243.9761  3.57%     -    0s
     0     0 56293.6086    0    5 58328.2861 56293.6086  3.49%     -    0s
     0     0 56399.9520    0    4 58328.2861 56399.9520  3.31%     -    0s
     0     0 56408.6282    0    4 58328.2861 56408.6282  3.29%     -    0s
     0     0 56450.8799    0    2 58328.2861 56450.8799  3.22%     -    0s
     0     0 56455.8887    0    3 58328.2861 56455.8887  3.21%     -    0s
     0     0 56459.8848    0    2 58328.2861 56459.8848  3.20%     -    0s
     0     0 56459.8848    0    2 58328.2861 56459.8848  3.20%     -    0s
     0     2 56459.8848    0    2 58328.2861 56459.8848  3.20%     -    0s

Cutting planes:
  Implied bound: 46
  MIR: 5
  Relax-and-lift: 2

Explored 128 nodes (2151 simplex iterations) in 0.03 seconds (0.05 work units)
Thread count was 8 (of 8 available processors)

Solution count 8: 58328.3 58976.1 62649.3 ... 2.77515e+06

Optimal solution found (tolerance 1.00e-04)
Best objective 5.832828611381e+04, best bound 5.832828611381e+04, gap 0.0000%

User-callback calls 516, time in user-callback 0.00 sec

Gurobi 12.0.3 (mac64[arm]) logging started Sat Sep 27 11:09:14 2025

Set parameter LogFile to value "Logs/Facility Location Logs/bernoulli_true/L50/phase1/scenario_generation.log"
Set parameter LogToConsole to value 0

Gurobi 12.0.3 (mac64[arm]) logging started Sat Sep 27 11:09:14 2025

Set parameter LogFile to value "Logs/Facility Location Logs/bernoulli_true/L50/phase1/scenario_generation.log"
Gurobi Optimizer version 12.0.3 build v12.0.3rc0 (mac64[arm] - Darwin 24.6.0 24G222)

CPU model: Apple M3
Thread count: 8 physical cores, 8 logical processors, using up to 8 threads

Non-default parameters:
LogToConsole  0

Optimize a model with 75 rows, 1325 columns and 2575 nonzeros
Model fingerprint: 0xceecffe6
Variable types: 1300 continuous, 25 integer (25 binary)
Coefficient statistics:
  Matrix range     [1e+00, 2e+04]
  Objective range  [8e-03, 8e+03]
  Bounds range     [0e+00, 0e+00]
  RHS range        [1e+03, 4e+03]
Found heuristic solution: objective 2722650.0000
Presolve removed 20 rows and 521 columns
Presolve time: 0.00s
Presolved: 55 rows, 804 columns, 1554 nonzeros
Variable types: 780 continuous, 24 integer (24 binary)

Root relaxation: objective 2.675898e+04, 78 iterations, 0.00 seconds (0.00 work units)

    Nodes    |    Current Node    |     Objective Bounds      |     Work
 Expl Unexpl |  Obj  Depth IntInf | Incumbent    BestBd   Gap | It/Node Time

     0     0 26758.9810    0   17 2722650.00 26758.9810  99.0%     -    0s
H    0     0                    134532.48101 26758.9810  80.1%     -    0s
H    0     0                    72063.380267 26758.9810  62.9%     -    0s
H    0     0                    61741.065192 26758.9810  56.7%     -    0s
     0     0 29679.7335    0   11 61741.0652 29679.7335  51.9%     -    0s
H    0     0                    54828.477591 29830.9170  45.6%     -    0s
     0     0 29830.9170    0   10 54828.4776 29830.9170  45.6%     -    0s
H    0     0                    34201.908075 29830.9170  12.8%     -    0s
H    0     0                    33782.473916 30245.6840  10.5%     -    0s
     0     0 30362.0923    0   10 33782.4739 30362.0923  10.1%     -    0s
     0     0 30555.2212    0   10 33782.4739 30555.2212  9.55%     -    0s
     0     0 30555.2212    0    7 33782.4739 30555.2212  9.55%     -    0s
     0     0 30555.2212    0    7 33782.4739 30555.2212  9.55%     -    0s
     0     0 30555.2212    0    7 33782.4739 30555.2212  9.55%     -    0s
     0     0 30801.9296    0    8 33782.4739 30801.9296  8.82%     -    0s
     0     0 30805.2148    0    6 33782.4739 30805.2148  8.81%     -    0s
     0     0 30810.2797    0    6 33782.4739 30810.2797  8.80%     -    0s
     0     0 30913.3071    0    1 33782.4739 30913.3071  8.49%     -    0s
H    0     0                    33686.807127 30913.3071  8.23%     -    0s
     0     0 30917.8838    0    5 33686.8071 30917.8838  8.22%     -    0s
     0     0 30917.8838    0    5 33686.8071 30917.8838  8.22%     -    0s
H    0     0                    33506.249171 30917.8838  7.73%     -    0s
     0     2 30917.8838    0    5 33506.2492 30917.8838  7.73%     -    0s
*  233   169              12    33461.237522 30997.2197  7.36%  14.6    0s
H  248   169                    33438.161861 31008.1804  7.27%  14.8    0s
H  292   194                    33228.052330 31008.1804  6.68%  15.2    0s
*  959   414              12    33170.964403 31235.2779  5.84%  15.4    0s

Cutting planes:
  Implied bound: 89
  MIR: 4
  Flow cover: 5
  Relax-and-lift: 12

Explored 2354 nodes (43100 simplex iterations) in 0.16 seconds (0.30 work units)
Thread count was 8 (of 8 available processors)

Solution count 10: 33171 33228.1 33438.2 ... 134532

Optimal solution found (tolerance 1.00e-04)
Best objective 3.317096440256e+04, best bound 3.317096440256e+04, gap 0.0000%

User-callback calls 5042, time in user-callback 0.00 sec

Gurobi 12.0.3 (mac64[arm]) logging started Sat Sep 27 11:09:14 2025

Set parameter LogFile to value "Logs/Facility Location Logs/bernoulli_true/L50/phase1/scenario_generation.log"
Set parameter LogToConsole to value 0

Gurobi 12.0.3 (mac64[arm]) logging started Sat Sep 27 11:09:14 2025

Set parameter LogFile to value "Logs/Facility Location Logs/bernoulli_true/L50/phase1/scenario_generation.log"
Gurobi Optimizer version 12.0.3 build v12.0.3rc0 (mac64[arm] - Darwin 24.6.0 24G222)

CPU model: Apple M3
Thread count: 8 physical cores, 8 logical processors, using up to 8 threads

Non-default parameters:
LogToConsole  0

Optimize a model with 75 rows, 1325 columns and 2575 nonzeros
Model fingerprint: 0x0faa0c67
Variable types: 1300 continuous, 25 integer (25 binary)
Coefficient statistics:
  Matrix range     [1e+00, 2e+04]
  Objective range  [8e-03, 8e+03]
  Bounds range     [0e+00, 0e+00]
  RHS range        [9e+02, 2e+04]
Found heuristic solution: objective 2769850.0000
Presolve removed 28 rows and 729 columns
Presolve time: 0.00s
Presolved: 47 rows, 596 columns, 1146 nonzeros
Variable types: 572 continuous, 24 integer (24 binary)

Root relaxation: objective 6.710522e+04, 74 iterations, 0.00 seconds (0.00 work units)

    Nodes    |    Current Node    |     Objective Bounds      |     Work
 Expl Unexpl |  Obj  Depth IntInf | Incumbent    BestBd   Gap | It/Node Time

     0     0 67105.2191    0   10 2769850.00 67105.2191  97.6%     -    0s
H    0     0                    129406.71913 67105.2191  48.1%     -    0s
H    0     0                    111848.59506 67105.2191  40.0%     -    0s
H    0     0                    85386.972320 67105.2191  21.4%     -    0s
     0     0 69444.7318    0    4 85386.9723 69444.7318  18.7%     -    0s
H    0     0                    73370.743892 69502.0771  5.27%     -    0s
     0     0 69502.0771    0    2 73370.7439 69502.0771  5.27%     -    0s
H    0     0                    71216.489984 69611.9568  2.25%     -    0s
     0     0 69611.9568    0    2 71216.4900 69611.9568  2.25%     -    0s
     0     0 69755.8478    0    2 71216.4900 69755.8478  2.05%     -    0s
     0     0 70072.9578    0    2 71216.4900 70072.9578  1.61%     -    0s
     0     0 70238.9692    0    3 71216.4900 70238.9692  1.37%     -    0s
     0     0 70288.8190    0    3 71216.4900 70288.8190  1.30%     -    0s
     0     0 70337.6142    0    3 71216.4900 70337.6142  1.23%     -    0s
     0     0 70838.4604    0    2 71216.4900 70838.4604  0.53%     -    0s
     0     0 70842.7114    0    2 71216.4900 70842.7114  0.52%     -    0s
     0     0 70842.7114    0    8 71216.4900 70842.7114  0.52%     -    0s
     0     0 70842.7114    0    2 71216.4900 70842.7114  0.52%     -    0s
     0     0 70842.7114    0    2 71216.4900 70842.7114  0.52%     -    0s
     0     0 70842.7114    0    1 71216.4900 70842.7114  0.52%     -    0s
     0     0 70842.7114    0    1 71216.4900 70842.7114  0.52%     -    0s
     0     0 70842.7114    0    1 71216.4900 70842.7114  0.52%     -    0s
     0     0 70842.7114    0    2 71216.4900 70842.7114  0.52%     -    0s
     0     0 70842.7114    0    1 71216.4900 70842.7114  0.52%     -    0s
     0     0 70842.7114    0    2 71216.4900 70842.7114  0.52%     -    0s
     0     0 71023.5105    0    2 71216.4900 71023.5105  0.27%     -    0s

Cutting planes:
  Implied bound: 14
  MIR: 7
  Flow cover: 1
  Relax-and-lift: 1

Explored 1 nodes (349 simplex iterations) in 0.02 seconds (0.02 work units)
Thread count was 8 (of 8 available processors)

Solution count 8: 71216.5 73370.7 85387 ... 2.76985e+06

Optimal solution found (tolerance 1.00e-04)
Best objective 7.121648998444e+04, best bound 7.121648998444e+04, gap 0.0000%

User-callback calls 293, time in user-callback 0.00 sec

Gurobi 12.0.3 (mac64[arm]) logging started Sat Sep 27 11:09:14 2025

Set parameter LogFile to value "Logs/Facility Location Logs/bernoulli_true/L50/phase1/scenario_generation.log"
Set parameter LogToConsole to value 0

Gurobi 12.0.3 (mac64[arm]) logging started Sat Sep 27 11:09:14 2025

Set parameter LogFile to value "Logs/Facility Location Logs/bernoulli_true/L50/phase1/scenario_generation.log"
Gurobi Optimizer version 12.0.3 build v12.0.3rc0 (mac64[arm] - Darwin 24.6.0 24G222)

CPU model: Apple M3
Thread count: 8 physical cores, 8 logical processors, using up to 8 threads

Non-default parameters:
LogToConsole  0

Optimize a model with 75 rows, 1325 columns and 2575 nonzeros
Model fingerprint: 0xfeb40135
Variable types: 1300 continuous, 25 integer (25 binary)
Coefficient statistics:
  Matrix range     [1e+00, 2e+04]
  Objective range  [8e-03, 8e+03]
  Bounds range     [0e+00, 0e+00]
  RHS range        [8e+02, 9e+03]
Found heuristic solution: objective 2315250.0000
Presolve removed 21 rows and 547 columns
Presolve time: 0.00s
Presolved: 54 rows, 778 columns, 1503 nonzeros
Variable types: 754 continuous, 24 integer (24 binary)

Root relaxation: objective 2.447481e+04, 120 iterations, 0.00 seconds (0.00 work units)

    Nodes    |    Current Node    |     Objective Bounds      |     Work
 Expl Unexpl |  Obj  Depth IntInf | Incumbent    BestBd   Gap | It/Node Time

     0     0 24474.8087    0   12 2315250.00 24474.8087  98.9%     -    0s
H    0     0                    98822.308685 24474.8087  75.2%     -    0s
H    0     0                    67744.115063 24474.8087  63.9%     -    0s
H    0     0                    64369.664263 24474.8087  62.0%     -    0s
H    0     0                    57813.545670 24474.8087  57.7%     -    0s
H    0     0                    56413.390356 24474.8087  56.6%     -    0s
H    0     0                    42693.925562 24632.9688  42.3%     -    0s
H    0     0                    39509.284162 24632.9688  37.7%     -    0s
     0     0 26814.8758    0    5 39509.2842 26814.8758  32.1%     -    0s
H    0     0                    37627.804151 26894.8122  28.5%     -    0s
H    0     0                    33606.835567 26894.8122  20.0%     -    0s
     0     0 27172.7833    0    6 33606.8356 27172.7833  19.1%     -    0s
     0     0 27597.3601    0    4 33606.8356 27597.3601  17.9%     -    0s
     0     0 27675.7012    0    3 33606.8356 27675.7012  17.6%     -    0s
H    0     0                    33421.728697 27675.7012  17.2%     -    0s
     0     0 27681.5009    0    2 33421.7287 27681.5009  17.2%     -    0s
     0     0 27895.6975    0    1 33421.7287 27895.6975  16.5%     -    0s
     0     0 27897.3086    0    1 33421.7287 27897.3086  16.5%     -    0s
     0     0 27897.3086    0    1 33421.7287 27897.3086  16.5%     -    0s
H    0     0                    33402.055424 27897.3086  16.5%     -    0s
     0     2 27897.3086    0    1 33402.0554 27897.3086  16.5%     -    0s
H   26    62                    33384.125350 27912.8305  16.4%  18.9    0s
H  320   217                    33370.897302 28298.9499  15.2%   9.4    0s

Cutting planes:
  Implied bound: 75
  MIR: 2
  Flow cover: 1
  Relax-and-lift: 1

Explored 2977 nodes (32116 simplex iterations) in 0.13 seconds (0.22 work units)
Thread count was 8 (of 8 available processors)

Solution count 10: 33370.9 33384.1 37627.8 ... 98822.3

Optimal solution found (tolerance 1.00e-04)
Best objective 3.337089730238e+04, best bound 3.337089730238e+04, gap 0.0000%

User-callback calls 6248, time in user-callback 0.00 sec

============================================================
SUMMARY STATISTICS - PHASE 1: SCENARIO GENERATION (L50)
============================================================
Parameters:
  bernoulli_case: true
  nloc: 25
  ncust: 50
  nscen: 50

Results:
  total_scenarios: 50
  unique_solutions: 49
============================================================
