168.67184313483247 123.54860810630498 907.6238175467026 1461.8713999943154 53.65527338409059 742.6043650713186 2801.2519375837837 1481.3354913092714 34.859449903236786 46.692135999620035 6901.93650263899 1154.8206605835808 1652.201749855723 156.20375097362611 636.5706223149303 625.5798676852602 291.1431542847507 3147.76883879436 364.90951277455775 257.8500222074028 30.17005637373175 1071.4685600581963 724.9911160441967 492.5492194760525 902.7941588565129 307.0744474407501 4731.373857974501 637.5190748049969 580.8355548409934 708.9122354952924 224.19069898849074 485.17742692815926 1052.6131365528613 15949.469340634832 537.5255377573512 471.55504899902223 3243.3663451574334 2276.6485489792562 727.1953487841083 454.76021322631107 1797.7739666504483 1231.4588650843912 397.9782316358378 829.3720040793582 3941.4840699784536 1225.2377779222975 294.7021890843646 75.65151006095442 1473.3493335928429 331.8084163851994
225.5700944959171 119.9461218198568 937.2180977142092 1718.762416520873 41.13144608259455 503.54698093588235 2876.861425613287 1472.578299574319 45.234762626390214 30.12308895483594 8008.2174190911455 1019.5066930645079 1777.155103615883 193.83022556665745 677.8602248040344 752.9609124268469 318.71937705941144 3505.032587371146 238.03781207186344 117.565797057433 32.893687988197556 748.3631371328264 913.3775437912971 345.37763405419344 759.527113370842 231.49986596636035 7393.9746444250495 919.6251289564768 600.5297885604537 608.603500553656 224.03281729305994 433.9051110254592 1343.6206456933362 11568.065537806611 308.76133421102384 328.87586231525574 4640.449985481097 1688.6725220962803 835.0289975916254 316.9537579005917 2482.591748251674 1140.9090376796153 204.4178561781767 694.672620287196 2502.328765654569 992.2152876187743 222.542852294627 71.94826176434769 1950.8666762075213 275.01271672263266
81.1285346466762 60.70240792499254 309.93915671037405 896.7600210755784 23.61559136668573 13.40642324140049 1504.3560411750746 825.9400075970933 29.86016955529005 17.479420400677952 3464.969770286195 775.5296569277546 1316.94353048711 131.72397920473355 500.2693986370186 389.0967822280045 246.63937868682723 3039.774558788692 248.2394327360875 113.96011304776826 21.80057030459645 904.6470870482599 409.71491434014797 117.24269783255133 229.09607818285784 185.71705571323946 3263.826751071764 556.6549874625828 433.8575451612941 256.2864867528659 140.13004619212978 161.46844902016494 139.38256674040858 12604.413518653559 215.84321457037095 225.20155305421858 4163.0771228447975 2057.0485468324514 716.8367941581785 263.1153108626321 1440.1810323372752 1030.6145968624223 104.94747744253458 548.7787825833437 270.75302646747707 650.0489006598987 59.68649091582749 22.904621484484792 698.4964792075626 137.98462987641088
141.98576869266898 95.40390879188051 1036.8937294981654 2647.1132321134614 41.983864833383244 813.1451108220454 3363.925981506159 1391.7616870042234 60.18405251006692 41.272097100688526 7408.916880384408 843.8062323619368 1503.8074074475537 222.0103540666593 723.1065328161045 709.0564168580655 289.3864635434702 2866.700166903571 230.01371698185113 322.35556619573686 43.06106779272763 819.234550757189 695.2153395353826 293.07262883695137 755.9080586454544 296.81648925325004 6809.516333200284 974.8736104060446 528.2556359901561 716.3012597640803 435.46310935496075 353.918845249755 1030.4126340971347 13821.737196840477 417.1188302930409 430.48773214293936 3876.863581821659 3738.172758474405 906.9774052878925 520.2528130642405 2325.864114266187 1502.3278863123 407.884936244889 656.2577530574941 2010.3009172900825 1121.7623498737748 196.76039421427694 50.047935353049056 1361.9459746785262 333.98084647924355
117.76347335828238 97.72843499999428 685.5539085500983 1561.6849668549225 31.66281841361438 666.3003252881401 3024.1420515673058 953.1072354477421 26.28349158355689 34.270242617199614 6302.099556573698 1059.824526896187 2058.6742526213093 208.13645826238195 798.5056534975388 601.3469169106585 304.0356001268638 2680.789397443011 263.4012900069152 255.41352690232594 43.39005124092744 738.2225176038041 718.0468427001795 348.6005428077155 897.7457238187993 445.3876261445371 5310.127381866022 795.9973146242298 593.0384097759155 630.2399002693751 196.01385474962456 460.36359973780054 444.09738597151807 12574.182017004896 289.6669748545843 412.94223583761965 3701.7179207176823 2023.035619168823 478.7587567154567 361.00723452195984 2326.4142055186535 1323.7342783073757 312.3290241490011 657.092992779864 1585.6776797973416 687.065716070023 225.71130727991874 60.40946751483623 1721.5373365277667 348.3283372425733
89.9688580002078 94.03386661342628 668.125770160209 1203.8275937593983 42.02324726924554 459.4226573488326 2613.138192843707 1403.9485356700332 30.18145526918934 40.27138289041784 6150.079170447589 1000.0640915422084 1918.9482553767905 161.70813842989085 643.5455372080503 750.4834300700962 245.39457932719853 2832.5436317593217 278.32961265352594 179.00781533619536 35.484604588125144 788.0883500789654 564.689832875755 465.10181709143006 411.3614852765114 395.8964505265001 2360.340089952988 647.596161200149 617.0977854463787 378.5525231593524 229.4836327289652 309.95631703970065 688.646102731924 14089.982177743135 237.88125325755024 511.4154800267488 1491.3372651978048 1432.8375641975992 637.4956002236854 307.8406059104946 2375.913642065798 1234.966622758385 436.94107059599014 396.4185087608753 2873.175599219149 616.6657493417458 201.2314959049804 40.61979836879815 2116.215457460772 231.07063826807595
114.28058835993701 86.50217659151535 617.0116321044312 1874.1498823265376 29.33898062000709 331.68971610315606 2461.639270173543 965.309868858698 33.24791556864258 27.398312654714466 5328.712107033563 958.118470032295 1018.1357165248014 159.15101224052782 818.0315530295629 634.4592240450354 171.20927002082675 2645.396087412274 217.45910444736174 144.25940835090503 34.78614513553624 575.9570681017059 387.27326366264117 328.1437237420767 467.94825798571935 461.94234040195465 4574.340327642292 294.6785553369408 506.67488051959367 494.7091274388157 268.1457957327831 205.7306429689722 824.0604443274374 7878.3672198474815 249.7567965385814 443.39437732185286 2329.557875831591 1385.2822913864566 712.903515679824 268.19061833087426 1201.0675848378178 942.0260115212373 110.90232610756341 433.7671916620603 2191.644604070064 665.6692114497897 173.75412535908984 32.23029934493406 1583.2905775404663 214.34830435324724
190.39283871179205 51.62135269323075 844.315252760923 1424.8867013763177 44.70499336780525 412.43146327437876 2761.4297242140233 928.5070190660759 26.629390920220725 38.80496819257026 6561.887369261311 1269.3393520940608 1254.4231657079736 95.92016777873309 387.5642021075069 807.7301292675681 214.85291483295657 2974.0946061476507 192.61338722883534 231.93849836620439 39.905610977982725 647.2983674434731 571.2250747232554 295.9644385289527 735.037336402861 245.82832172805342 3963.2377089416964 629.5015088910151 359.4617760217796 484.2344134249977 118.40559971038705 374.67591134311135 664.1870821706655 11955.317975280654 341.2524562074524 437.55046731378565 1910.82649770383 2402.012956858015 827.5490507405343 375.6349981049745 2237.400459877553 1221.5779508299584 273.10700093564685 398.4963776247794 2826.2872209647794 872.0162422940186 325.0736916924274 43.783739545162945 1315.542300412798 311.9538570711172
189.5404079260307 92.4137806240148 808.0977326963545 1867.1863501371756 34.41591086184264 933.3066146739304 3223.311946968949 1631.1497102924316 37.24295130933193 24.018327106429282 10567.389854090265 1339.878854113534 1508.7022493293448 146.000421150715 664.3898351255352 792.5363909812723 346.0898766180232 4917.499523834635 308.42165607229583 267.3603748566999 43.82243748538678 756.0273327706672 882.0215079938783 481.38217342096965 1148.7833906668263 513.6437981750163 3851.0241531314177 590.3352044478632 386.79169718943194 369.53341454641054 251.66494947790818 636.3111357282456 1161.1353205642524 16473.473814640405 398.4266254298049 356.67758453144563 4424.410921180474 1815.1823111957972 683.8715214115309 617.9264055324161 2431.2742915302433 1297.2059840358 443.6240693056349 511.8281199710983 3117.396279382393 565.8599606756013 218.98160841630065 80.82274540499131 1943.7775025696283 284.507986648825
148.99168500360477 118.84476190725306 655.3209881763474 1276.4245629438637 31.588338295521325 681.6654479441704 2026.2656801192952 1392.9141628607194 32.33945602027931 37.53714726633901 4080.8187741152756 1432.5091393409807 1861.0925962442336 125.94773053926392 516.6675860800033 464.32701785832637 224.48365036631358 2933.3149111488847 182.6212713420264 78.39845904281565 34.52954869967005 1026.4353268303628 760.2769949356646 409.9179258638094 859.7321077605371 362.7937207144253 4381.680528398239 631.1057029146306 468.2261597975307 468.9230165284244 271.5068696068373 261.0210347168865 946.0500936246084 11160.475729136338 399.04079358087205 315.29637854489977 3176.3370228721383 2956.694566146344 773.9409412502802 328.4468468769356 1769.4187475820675 1479.3922828127252 331.4978271336113 525.1938856940039 1795.602208579662 878.7343819625024 224.91014678127135 61.53918238310455 1622.6719601880159 181.42753469398326
116.89109859029139 83.8054682503107 817.1674725627547 474.7457206617395 11.398295400890571 416.77224248416394 2353.657644672095 163.0888131555712 36.302156527124396 23.775358596088324 8465.879934891878 526.351474409723 909.4250654195517 129.58041473779582 442.54503260611705 331.6919280919988 121.35185666537384 2462.563060278594 187.92460940095862 101.3495430969322 22.617387722319968 230.6777737471606 515.8489014140387 304.09949660223486 519.5691093539572 275.9543144913382 5083.875353556288 255.13681966763795 366.2516967145494 553.2673121901979 68.00352324545639 165.41167522488567 316.39556913295024 13189.770886735678 320.2858441404708 478.01303130626866 2262.573406036286 2537.430601821844 314.31845440895904 256.53426316527884 2201.743853123869 1092.208815987478 373.2056506262634 357.8864747679973 1192.5123071650996 423.4100406485523 251.63460003987893 43.0257173615019 1333.4112108713311 242.59570871157354
136.66637477157437 95.71390139652988 634.143764021927 536.4470080291378 31.210173226279778 467.2429831013672 2609.633396182782 666.2476819194891 21.438335285746916 23.585508081008246 2486.884958572572 819.6981841865671 1030.0260145509255 116.7869029348071 330.7295723627273 365.87811373214265 228.72021495142042 1829.9550725021518 257.3725208352385 172.7137284394637 20.20760790992688 403.5206863650403 307.99609779750745 228.31041438779374 723.6111358513514 308.42896469386966 4322.577395553928 302.37665593042453 433.6453643146366 519.9850681682473 193.42586773434647 135.5051415360619 261.7565361271909 14126.426828700342 191.88590436987087 266.5209503914429 2933.980213519172 1566.558563815937 258.8186094951906 322.75934464654216 910.0856643437078 1279.5204203210747 248.0234409886255 420.5286508231262 2311.4550215596546 458.29265807171254 306.24467129987977 29.442861223180394 1185.4909356403675 113.65921195600747
100.37300408095453 48.14187216229779 870.133498363462 696.153710067673 19.565138858733178 360.1451599558119 1818.2785746962263 1534.9600446905702 22.310831564463324 14.084697025206085 2886.989299995569 217.3644965973875 1230.45009632984 35.45040908308279 719.4678043837005 362.87013661786784 116.21103920951492 2228.5040187309132 165.8474948760733 138.17261658904704 38.97337333268334 454.54000607878913 537.187733659166 238.20791321803878 888.9824747893741 298.03869757585744 3769.9466817530774 274.92256080612776 151.36922466682822 132.51390698176672 259.3106215871572 112.77374066283929 747.0872831460968 10318.161343788433 249.7997774058697 258.44471365200485 0.0 1376.747953697585 278.32242517353905 261.2963890345095 723.1378281226688 583.9110305230034 342.5197840428332 20.68858991208441 2034.417480289973 326.34204496100574 245.7059088259378 49.82634212446506 1598.0238723431855 147.40752113805615
205.84168085009117 129.1745208958851 1198.8894643541794 1818.808128612968 33.43012893031268 911.6137248015293 3622.478975360847 1266.8707209963184 55.75759482439335 46.23074126815257 6822.062896592343 1050.0786534819008 1709.601679689294 201.32467061935316 925.0981499331963 756.6471215815543 239.9798132170986 2012.1908560405477 348.88344299030786 311.7953998005779 41.38621809629855 1186.5264100108236 838.2092271710187 213.53808723160856 822.6903640323841 416.77897225548134 5215.658598421444 848.1689943728919 759.6207975176704 546.8972472677749 334.4958649099191 435.7643055531306 745.6856238354217 23506.896073453252 410.43520093253346 524.7101562043399 4063.77300988517 2769.529258786295 775.0951517231515 426.3614007775759 2246.3809487004455 1359.824169123683 484.5464090579076 537.795301659739 2695.1714518904396 498.3088294389806 292.2237798167628 67.97627929014342 1863.2330356168102 239.52348433337983
151.40341434919694 76.36356990644867 604.4651304417259 1628.8206829094738 33.55838496802191 575.2522236400794 2692.5187385347826 1179.9862181712044 22.134623128961362 37.306615591890456 6987.4868661137925 1231.7479411229883 1510.7887108328873 159.19030079152444 819.6894505795743 766.6531534295697 314.28441663925287 4243.096502519238 266.98404871427533 186.32239326319552 37.46356979181777 768.3460375861486 438.3913633336808 261.31336546021686 954.3480843948489 440.8843102853376 5008.347226040939 686.8096280309447 411.3601777069953 543.0152730062554 353.16195798048733 340.44961073154275 594.7912435709009 13975.945371611071 368.3762629217076 529.910018789914 3889.5510978857137 2059.651828980333 806.3561455699928 325.26392598862344 1783.1146543699076 1283.1195197662164 305.72897957986584 622.5187238553242 2996.080215231438 669.4768589850238 316.95170566634647 43.76979496788135 1792.2250681467822 189.83923823155757
133.8528750629488 77.52263860123266 455.8680518570017 1357.4558981364407 17.099118194829664 720.8403660450023 2310.6901538753837 1353.8517754771012 24.79228555788426 29.33950382986205 3399.1607109269453 975.4978954321587 1215.0462437713663 136.91988421820488 393.48766634005665 851.4230415341477 173.20159105780607 2437.392624785803 151.56694504419326 196.3040904433516 44.181030049666404 1070.6866125412143 405.048492924959 199.60209771535304 1162.7451249577032 135.37655525105836 5461.598381837811 658.5685326914742 529.1075690478057 408.98968160199803 264.19339480925964 234.2042934826423 614.500399583569 8383.559845917292 355.1363369546711 235.5615950895611 5227.132550182569 1840.0233079335046 718.7713946494948 349.89977673961874 966.7629108896851 1433.198421078704 314.5316970367949 431.6930865210254 1625.2799053002627 564.8273399329489 290.6435086188569 45.28366137560405 1345.6737703871527 155.2256411095553
160.51770501849663 108.08671697054167 689.5826292772686 1804.312694835987 25.52815722226716 302.08064064350833 2744.2261248232394 960.4077308544915 35.4259644650537 35.824765887002705 4710.963761883322 733.7776074726355 1871.8619548384806 69.77323493739887 680.9204034789129 748.9641226105036 119.36583593180978 4022.118716722377 192.4748864801041 264.2165039079638 39.15756351102481 821.7624470363102 632.6549514865625 355.5165191029406 1034.6970938510851 295.9460723389713 4202.7590235194 741.5664596621998 368.33482060229284 683.1745371049572 237.4874909269104 195.3498087537881 692.6741435815803 14608.19042733741 371.3993395763377 549.1082662882844 2931.638596184674 2409.3533433465072 794.8942833415923 327.51078746073387 1750.3445284671443 1228.1928888917605 336.1627252227927 413.16376705534907 1929.6154347133884 878.8828903272328 246.00148896473306 47.063568146022874 1968.2572519582475 247.23331597206138
107.24534938946385 53.55640239528241 492.25259987036367 40.17594862639362 0.0 90.85387451782992 949.4764740893474 645.6487629576322 3.6903843369347413 25.622051485453873 1875.4172046163894 620.9120566814926 259.5116484947 69.26018834313366 326.4177997937384 450.3482044735538 75.90991272339309 866.8733873978442 57.747402799680145 78.97962091082641 25.472635420734875 459.68361345899353 130.37323319724175 125.35108630686278 480.7065258662624 231.96607414934516 1606.338465645159 350.45468038548364 269.206534129448 184.00644214618325 111.78400262979775 264.3983139966738 478.6815376643002 12992.681007823696 24.858612054054333 240.91267941435422 422.01656491944914 659.092097885148 275.1833713095945 99.4901060772878 1556.9438181345972 596.5126127255979 89.7962985409388 236.4033983163883 1153.0348039701153 746.3796575050663 121.06634942193627 38.785922113566215 530.2885996807925 256.5750796354608
81.1723515434068 22.700941810098538 392.8641605255971 620.7218106018023 16.049213897843234 170.5105776654365 1287.1598552832943 1083.9778311695786 31.569355148127713 22.272952692436384 2308.0555678237215 876.5934117319023 1344.2270468510194 94.53803476963529 253.18604215342202 310.8688234567256 161.4914109274684 2490.5181638862623 97.87456960307468 86.30680939691192 23.245104618075757 264.9239554785563 354.46872690775916 217.21769722064545 763.05706833326 216.4057349636783 5791.755243445907 327.00072042996067 535.5778569015135 364.89859288051196 172.2477358735263 279.45845915351316 0.0 14140.199051810963 156.8917093057623 313.9362835784168 3081.9286292386378 2731.731294179826 314.1329814062934 321.45870134481856 587.478864938545 909.0130193715181 189.0537744535978 413.79751929053737 2282.767582358626 559.8692555180539 0.0 23.29761983944733 2005.1338939472232 221.9427468260632
115.17033715461368 106.99616171246471 559.0156988764933 1721.6863795802026 26.07984796610633 473.9180069247804 2005.1138057796027 928.4299921051207 29.693871307527022 34.93661925045473 5416.878024379096 457.67211385286976 1172.6819161400695 156.80684312105765 349.5196021167488 530.2855607405187 231.06804484236426 4391.280328091506 351.1470524931853 153.27066007710076 31.76545923940159 694.4187675852332 558.7645498499766 227.31536508758344 736.7112354454121 432.26640061430027 5100.062230954423 689.3618494713118 491.65060651404696 337.24170526300975 228.45024515591325 375.59724901559866 745.0012244570515 6226.341409249786 212.2700461329698 519.5570802355762 3442.10635549373 1851.108716381498 479.04256903855935 399.840709760173 1521.7595349196372 996.4969889342448 241.9230558781796 376.9332459292271 2124.072351399611 471.39819031657896 301.87760802870343 52.5461904648189 1001.6767798712664 276.10792990989376
185.32568488779742 100.63306079051803 977.0117969151244 1302.942957366347 29.766555718708904 587.2752646132943 3138.299965122418 1485.3959523629178 39.92103529550689 35.98600192084657 7962.002115101016 859.9002110031838 1729.1375158296164 153.6451606191733 775.9259232386786 855.5125731922624 321.76291102359914 4416.9322434183205 326.79763861894486 168.14069115432557 45.95315200867498 1089.8823623138221 624.1029665072315 397.0080560077663 938.4415103844116 403.5072950555485 4723.648618217541 315.99213826680136 375.0980740022201 630.1121253304308 238.43706618508386 283.84351946284585 580.8992455748023 14418.881625195101 409.49297844406715 421.9430210390458 3128.636503682258 2908.152105971488 849.9177950362415 354.3108326108161 1584.7681249311418 1522.5771314005187 294.58208190210274 567.1358122105056 3076.0643060073885 1061.0699837058867 298.712485345205 61.4729698720005 2117.358888796116 278.60927341222117
178.86783445499947 89.40942782997185 482.21049411037774 903.9827448506202 42.42257045444629 441.71370206772434 2814.861454308155 911.755339904727 47.60228534471548 24.602333786158724 4876.189008718354 1049.5675088112396 1907.4112817317337 152.2308296140134 404.9039739119751 364.40696647724195 212.44933925805117 2053.1309037912642 337.39075572132697 178.0287695428277 44.478195572179466 1148.8192601040591 567.888417719449 444.57198378427637 1207.5419640705863 214.77118010833217 6518.665742428429 638.0472791644631 827.983340655518 310.8497047932138 290.70189064234006 299.6226262308857 558.9635263424874 10282.681773482196 588.8911999371932 337.32448407823387 1548.7575686839534 2299.602260079972 869.7830437957133 301.3316249707124 1689.050681687794 891.6708315509073 335.08256622932674 545.2041885837773 2121.8453504104587 823.0224957509017 235.68040700474234 52.30062484694 1652.3847023877427 197.84906426712345
238.55965874528405 115.20143298148211 879.2689861107988 1335.407254084395 41.128790558844436 634.8159941749159 2016.1516595702342 1415.2515397219452 39.258408686824374 42.96864480449444 8125.068887377579 1140.7076371560022 1791.6525610169606 136.65591810717476 605.8255746132673 414.2344280897785 199.24618232092672 3107.7633449585765 318.29695931350636 161.06159482432952 42.187196079786055 1042.1149623169506 714.6248866989563 462.40649061683587 979.0183651048287 301.72531986940277 3257.211311246497 555.3737811877879 439.37800649472405 478.0969174645931 297.7094002495586 334.6925492492871 794.4004445214385 10360.0560320502 423.4359007015886 534.230139906068 4240.019692957382 2405.183260048344 465.3442587545905 303.4734769566617 1767.107512177839 1619.3138261408594 117.45678267281738 552.0676228136081 3273.066795306384 999.6098074536397 203.16456039706216 53.94699975972531 1623.3691135065833 118.97168867803741
121.3847071065557 98.31294832063735 434.73222098884105 1287.2314763992686 36.827841184739604 490.60800217387 1798.5590583094545 1085.5050503016653 42.48400669502849 40.99926435219851 6115.225282998219 1013.3991661023366 1625.0595769501783 172.2581862720248 907.7323029795435 594.0656036123312 220.43815356282963 3315.6260417892486 167.82502822228287 185.49438822751125 44.32884436110346 844.5279943327804 476.524135213215 276.9096266805614 801.7150641590293 479.7918554249612 3806.1950068164297 597.1655873845978 200.1958409844525 596.0592283688177 331.1471214643854 383.26997085166545 640.5158078115569 10222.19611821707 365.7769981481915 450.2178988576959 4102.798064963898 3328.865474001565 707.3453358651544 364.96253776232624 1695.530847120581 1610.1824740534253 448.30519022784864 533.6791091909681 2331.2786082399452 799.0067371618095 174.05094939855434 43.362597724527475 1509.7968456276321 299.3048170336211
242.8404961839189 149.43553504142105 945.7690140476075 1693.1021722119967 55.61427176485449 525.362639318135 3370.3016662554664 786.4255701435469 34.09177777211501 35.95093067060338 5846.817365975076 1276.7078375860413 2099.5698191452902 126.08886123559651 958.9589187363879 1030.706978241868 355.4959962000123 3961.672939620994 381.3784380871722 255.99502676045046 58.544646965026466 1225.0270164907038 805.8844708874437 399.6822485542814 933.2275354247902 399.65712223846435 6169.484849882055 979.6210321627544 554.175203207475 774.5820120755984 247.24619295601445 466.90646567492377 819.1281377166101 15697.409064000878 557.7883333590933 407.5198152305962 3127.7484922182675 2148.46680389083 661.5681253281069 426.53237295466784 2145.8897915314637 1601.4860840120305 305.64924660668237 770.2876656449878 2755.1545981223726 848.6831959604424 231.79785399935002 59.59208839495203 1919.2266839004583 194.63136436700552
253.6314668649263 158.1078889204308 1356.0233655370107 2616.1892007397496 44.377124659375575 801.1215922985978 2422.88516125778 1748.5187166344474 36.587907621687634 54.183832651941216 9325.2982332204 1341.9547165584074 2142.5392906604066 248.8014589581651 1253.5010952088107 875.0396800142444 372.5784620211168 3891.145964948877 413.0609595506513 399.4087173278453 61.94100729650329 1487.304853314939 864.7581228849012 437.01668069290326 1368.7077255882818 595.9402323577394 6344.614509560377 517.5852603340919 960.2905601703694 596.0076807690575 429.747031315595 526.7698862411675 1002.2066550944496 17407.767309747793 408.8281701379773 642.1349015272477 6681.6676342282735 3764.380896302146 1221.3686391380143 413.62807649800766 2262.1989792708255 1739.277234947845 487.0628823516585 704.1722789219552 4629.1293775377435 1232.5018814812672 264.83220460453714 93.19835022793688 2657.4455389397376 443.25534170422816
72.3919764860583 23.649021262824625 397.772284477839 300.9337614852716 17.288293209336274 490.87886719317567 1847.372579328744 572.5068117861629 22.047124284511163 27.856296602527923 1717.1910525827839 31.512684252001918 409.48653751928396 76.37871364353697 827.7804836973755 461.7850593837042 10.982901923315609 876.8140250855047 156.66142039988034 97.29041910140909 24.394904496086852 206.80703524523608 210.46180140753023 149.49501915493505 441.18268629806454 157.60977103672312 3156.1405856688443 332.6148069697024 99.3403716996497 461.5665751215879 68.30330333269168 225.44231828612004 534.7873249548531 10021.965275728613 270.67672700876983 81.95053780931727 0.0 1888.8446133866191 177.46255418722723 91.65455321007283 1031.868799405488 738.0060548674621 124.21169226004329 335.4680767061213 1451.53476308692 644.285633497492 38.41222166890023 28.781990883874627 1031.9520162003428 113.4541668148928
130.18911276356621 76.4051111666034 359.37806487859507 1097.7361016154837 29.055351275240323 596.0652516301099 1477.6607720171019 1045.5732672116644 36.66291918892858 23.251547683293634 6570.958530281979 592.1803663121743 734.1433405377797 94.51123660717008 487.2640345504203 380.02428547672025 148.33146508927663 3311.7830818465636 296.7840649023566 163.91071263431238 26.819338837785963 526.0623517237485 222.75005021161684 210.84350022157267 796.3119625774655 287.1498115499824 4993.976855343574 297.38841237692645 504.6025507562694 407.16914287594335 274.3692162506241 216.2914101785768 718.4440697520995 18451.72118033579 273.0689231103238 399.72458654060364 3966.8522894012044 1838.6870207201212 539.878073629644 275.1022814753538 1347.379597235034 722.1145177098582 213.27157012926745 363.73062952276223 1886.562114070451 935.4077784912149 200.34011061912548 53.64131348117358 1250.3494776071336 177.4845942608399
106.86793646034488 130.2713348524897 232.27545715880592 839.6784550535104 17.67758477648006 281.24020408294166 2738.1759758412645 1033.1615159278927 17.709460584071756 30.954081065829765 2701.560324995612 391.0539463668994 746.9318648345009 129.7470452572186 494.53042911707036 575.9775453529107 188.3269890995977 2254.069404770335 322.7873440002475 87.06071203571466 35.3348551008511 737.5420976452822 633.7887236068779 223.5648972385856 695.9731161390641 314.74316628846145 2831.2878396849587 720.8550521924043 450.0477201566101 278.67317276029394 184.48439908264635 324.2151315823906 457.346381747732 13569.62921140424 313.35868409933767 405.81141173875125 2316.9036199543316 2415.328742637885 937.8674607727688 249.59177043435142 2040.0749492185341 1153.6038335021133 130.9937211199963 452.737775410307 1731.2334566781815 740.2391337810415 146.96206063374885 56.943563290961364 1241.8063802443849 142.9951352466987
238.22260278893881 150.09231238446236 1119.7637431163375 1750.711189741004 44.778332438397385 697.5574428586929 3898.4806445780996 1148.980531785226 21.52998041691654 26.431432010824675 6439.898866925284 1252.967501894191 1496.8043806116882 180.33001821872216 837.1765204082436 786.8349201134355 253.69981808411154 5584.8222603633985 413.1680418896431 228.5282775322213 52.313609795394726 1262.7158818256178 637.3999740721299 342.3726280910914 1061.862252717409 457.2855588569769 5532.545367930166 969.7656996590979 508.0688966280969 683.9407878239973 348.5734227050764 398.2032913767368 834.1205484591254 20201.195021509837 533.5441718116266 401.0734592488825 3964.6870307224103 3488.885892974373 498.5735368437047 500.713574347009 3136.326509303094 1522.887863382867 419.73625814464276 667.5294825824717 2682.002619080338 622.9586231817665 313.4994259374264 57.47771297071182 2331.672318888817 307.9592257027731
156.74517670807708 55.04827366249718 798.6271992614442 1834.5639529021698 21.767285558439756 249.17099605352192 2570.286346412258 738.8169447180205 18.91151730428901 41.513342350042706 5262.850332738316 385.7414157746567 1711.661173382977 121.93528779877093 504.46243111756775 765.1866874895269 210.43937878898666 3342.2269624174824 282.1113443096738 144.14611722720642 46.59764496640529 546.3514399308656 606.3420869655597 410.00714921871304 642.5565894875184 351.07563393470485 4188.307888350678 617.300787904667 502.98527613952274 493.02482972062637 219.07117005538333 271.6633036030253 395.49497614766597 14711.158782082339 280.28244134562624 111.81094838822085 2031.6941183793253 2327.365014583452 671.754548031598 207.2608027059803 1833.9547288201843 1521.7843419520766 294.3801842796731 599.4288285228715 1607.7223571556465 564.075972923088 168.55442804720232 72.47418259776822 2167.273360160934 283.6673781773104
165.9433311030287 83.85939373617288 906.1199260246511 1748.1487010006879 30.98123965802278 691.1900031699571 2947.1754118809763 1558.5293924676148 42.506929542344125 30.594127618543133 5393.465987259591 908.115229273788 1674.4965905193671 172.98979116612387 992.4946240985715 737.893522824572 346.4027558029395 3414.441188233016 256.2758845544727 235.23230638567378 47.76687977993268 868.1998834001193 742.485994738614 385.5657697161707 737.0784468784201 443.1777311175033 5436.591585782522 815.3851256294439 438.4222851774316 635.3515765564649 285.759025702596 428.7850089721447 852.6286379077999 14399.365447306636 359.3127516619228 474.43685989738015 3052.9787143127896 2274.437026485943 739.8343120194945 435.51197682033666 2698.8696586929786 1269.9079471730881 335.90133443484984 526.9919159875689 3474.2780389945874 1183.2146475207235 341.0596873318864 67.29309577559233 1550.3918032837778 193.74578262755085
82.67531485113406 94.34386560125866 532.61053135791 1132.9119904106005 19.099145429402462 590.6925493851384 1201.9336538575699 574.177749132524 31.15102482176898 21.91027115861425 3624.347786573793 900.4338972331238 790.6212988961059 108.94969161493393 217.2787715093567 607.0556427132792 192.26859536175118 1383.6071003950199 259.05239401067786 205.77956351741148 10.812011295313123 391.7217732161463 131.83567364779844 278.35022754829424 276.14576918646657 134.10150481477189 2158.4162922218757 410.7234850468293 381.1807748907386 188.46217981184955 109.09686499345965 232.98194248104286 21.320636399986967 10444.401485875584 299.90206451127705 173.72983580902883 2331.1101348544644 938.6274880524513 788.4845640697384 302.28421465528794 499.5286205998509 924.7932986039542 329.5942785177939 164.8623581392391 1635.9441330465893 361.5657750795819 204.91659044810973 15.762822294832027 1320.6899852078018 92.93520472618799
159.63322625133407 103.65686182249503 703.8196758790682 1974.96256452617 22.88437706936215 818.438165706856 2351.362167805756 1306.4146414361123 42.330514410359385 27.115120144853446 6169.1705529609435 927.4000821807255 1416.1391122999487 212.06421632813627 818.3200021635288 588.3434939709448 175.48839141189399 2938.272686390963 235.10642217476135 284.7774781509543 42.27135950608538 785.1946866825626 524.0670585893951 302.4870370062081 1233.0760342174153 375.5264802254756 5747.548155720026 861.5919412379063 598.6517301489558 512.2843987527301 176.30921639018996 385.6075189710057 659.5651647252846 14746.887529844302 360.47113603317797 457.9336498470583 4318.26724375124 2625.307031424328 808.335120507503 379.22205261288184 1606.7463944335327 1363.7650256641793 303.20817340067083 593.4049470173005 2503.8257924154327 922.4493989251389 290.9142794101525 50.32295360181268 2049.1279728442496 233.874210019499
104.75924139965329 105.78752654058773 839.4561533745115 746.0665971577282 28.409781700611056 529.0846604286126 2384.977058392026 922.7436492318305 26.039985439067785 12.15195395300751 3174.24840160395 735.2386932963659 251.46356818367303 78.03843820665642 296.7978136295478 372.62320474104445 197.27403139233564 2308.211891550458 178.42029820952382 126.96934740765258 38.79673262875195 726.0767683398778 361.6819785392781 181.99292746192208 515.4647986768239 257.37840729198797 3941.4105166444597 500.1070798020147 159.1923502621567 443.5268245262618 133.47475521375543 138.40655541294473 515.1041143612576 12248.393782372685 179.63871757343003 226.4284593529222 3312.498118616677 2235.5767775532486 316.5541639917478 251.09089444934312 509.7751020711903 477.0618460256993 101.92977043954487 432.22678902111954 1415.2648403616 439.6250886759552 124.19258995305599 33.936173456022296 1110.273295200493 180.92106200290806
118.62822427057013 77.21207021077153 544.756429915062 1020.4242297376386 21.40314237457763 458.8509111348726 2340.0022678063215 912.6212169751368 34.50722928805677 33.10839352504768 3715.7196826454974 655.4363566178073 1160.5307286391417 142.2323966061064 356.62676466427774 432.84003969195743 202.86154204965928 1458.700419653012 232.38906007183917 230.67263183178062 28.243123388654826 458.0605764652604 549.3951559591313 152.95677995429386 721.1596749640636 300.6287109690725 1976.3423051504967 439.37101496640776 465.0775850916294 349.6657463039347 178.43746751824978 279.77312166591577 684.1147820451936 12596.661455549487 374.6749822339691 268.95482723485793 2739.7130682028087 2268.867594471548 562.2750403909573 269.4697098428253 1816.1866114810236 1515.5859844893298 208.15073508881247 348.76640521122965 2092.8830665973624 740.0928722588517 153.32898354623904 60.84961105633506 1474.1815657611394 226.44533471322643
84.41194998069162 48.068112199854355 347.4585517369246 456.1613899340824 15.221911386470714 419.91116829358737 2041.9834840333374 1017.9059544947794 22.09168988412521 19.375166886950623 5780.339682691656 820.4884458349546 1122.3968819309807 91.48081077429775 296.4606932655146 104.0208671399256 105.08916640219638 2581.6040003708085 185.39972237868852 42.426167157181254 23.064037395562657 353.78901240115425 505.74946324736754 200.54898372818894 520.1345770088514 39.49253769046064 3835.1271632100033 400.27780198177527 226.32387527399928 394.30827306721665 88.35085168134638 95.85008956048674 366.9557239110036 4910.375564548881 164.54588975234034 380.8993983011944 1697.812110589745 1641.0142766900808 559.5589212871474 169.82041497384077 952.7679361489046 530.9233692429344 171.3258204697611 126.0663892902663 1696.6429130216143 393.1031250431939 77.22401038358014 33.33657433916958 427.2850640033886 132.7523192058065
259.1213105682271 88.24902137953146 758.4406869097147 1746.180369664883 31.50798303735871 671.0505041458309 2513.410690324745 831.9745396457582 22.879110390546337 40.45353451671254 6844.6981121591325 1001.5485792452466 896.6815386746358 164.67393133957344 781.6202625385945 670.9244466017246 201.33801742151167 3384.8493292694097 187.41672470858535 295.93959614688674 65.38753686792535 754.5840320882651 625.0720963117608 240.23585476556013 1425.2867368943216 396.3336096283186 6912.344402358046 646.0965016311519 820.8897590411872 339.5125584242037 235.38622461970854 453.1158419073221 921.187997076609 18217.72133585879 405.07804985355097 294.2187311899262 5147.208898979572 2873.6840662972904 745.1434239032474 422.4654242872534 1961.9779007399445 1349.8539365018707 422.29226436044337 659.987807350727 3100.108010138955 1160.3059763529827 325.1948478198792 62.854217153115755 2256.6296627291176 303.7115028562065
214.7599266494674 54.02004715778756 886.8885823316677 2078.4945612234496 43.2912716650051 1027.2046261615267 2734.124600817376 1171.309819590248 26.11433918587715 38.850525700215364 7348.55482296319 1171.5195511497375 1407.0925656144975 158.07327647093592 707.7590797700482 446.5217603502001 402.50427146236797 4356.69818775272 130.78129865025988 334.7093476615801 38.37626658254426 761.0658472609414 397.3956846811416 235.10273042310823 1180.925535114461 470.90615172605874 6051.111767516454 910.9734403847734 673.2019288678703 732.6512642376483 274.50992056459813 390.03019931392726 970.1514645395515 14415.580079876996 352.1490768507688 606.3349842066727 5786.329803397897 1899.113173449264 1004.6954084421666 298.0959776802049 1534.8782813216826 2130.809857078545 337.2935346488014 621.6469260120192 3545.1702708060125 860.500464586274 329.45643315495596 65.09379116450921 1573.5466173792588 231.0481724676596
133.5562127801132 77.44629558053992 680.5879121042601 1642.5448188785786 24.333208939048188 477.3063650172583 2988.8671891358576 1242.4359478101985 25.99031613246314 38.05245089595466 5095.742863256832 635.7262516396385 1542.6380882647736 123.3971809756548 412.5860481314016 688.3497709747073 299.92846784275577 3512.5639232865933 246.72179155346828 234.50297224531067 31.868722957373276 640.9387761200568 623.47724104299 417.6486169669868 775.1690262126708 295.0705675905581 5144.9486417410635 505.97262444436217 357.93788563297494 657.0417073428333 224.47156761600922 377.08354537194555 702.5897497640257 15717.172438650745 298.4589657329325 616.7121483620529 3905.279824785564 2731.285225810528 728.4988932501493 202.49868777520382 2280.690835296216 848.6268928997165 304.51833426482375 448.2397771050638 2018.755335250735 681.6828857538369 267.58839216993914 56.086144731424234 1700.66360207522 191.57452806444869
98.39896729480047 59.057042977568145 729.5811162202646 1206.5061840767125 28.13371200464767 727.1530465692982 1422.3543181478822 843.3301041302387 34.59672962263359 36.63100475278208 3566.7899117944357 1183.427183746276 1695.7662224148353 157.4915146069161 613.3979214182763 711.6769330989171 201.8918287413428 2189.5742048965685 258.82247806760415 208.7886371940958 53.6103950392887 1130.338142083892 737.0054476951073 489.94984928102537 675.3523105397035 171.01279105705723 2297.5235529934503 637.5539119886564 535.4424626651105 613.8906746184541 231.30266691339204 190.19751587793925 788.350260612248 14500.830921235613 275.3914449301392 362.38291323112037 3809.441419735393 2309.38702058969 613.5318817617535 223.88865954560956 2262.370313464776 498.5289636652311 373.47385040329027 481.5816717026812 1816.5255546401827 504.7263475345772 345.01450439273543 57.51871429322182 1655.0282252337147 114.22823292331803
104.08583760941771 78.43203260601692 1077.2656808264694 1274.1717483184434 37.32193639281125 647.5966157090588 1990.0958820517217 756.8675098047079 31.76762218607209 28.957629698398637 5563.115994551006 1152.1753013858595 1226.6584587430666 144.02662117204426 570.0058183727832 654.4105268456409 244.64568698806178 3758.4885937097583 218.9457239583878 167.58167941399196 31.37557674606996 1142.6335552805187 518.6576706271923 388.08165270659026 803.052722687807 322.37186117653005 3785.353563174373 460.52728169583463 300.8035597379925 409.4111719609704 218.6109034109621 206.41607373423017 842.7876476756808 13376.172941520328 325.05210981008076 455.47630341545914 4235.246605908105 2817.7962220128215 721.9269305711949 348.3865855638538 1873.1375523125132 1374.1171614419952 370.18912724849014 523.7885284170567 2930.901510033904 921.2589098090564 358.10490590403583 41.39764014938868 1717.4463657418214 167.27213743774374
181.95097109991485 106.07165089708072 797.8175491547281 1395.9739427218167 11.302980700707693 713.6371455220001 2940.574964318975 1044.2094765317804 52.2420768305291 37.68477865255714 4324.922225864556 978.4311476145588 1079.0984066437522 199.83098512133915 857.16547728828 757.249271049318 314.75982437135553 4249.321586030019 286.11347711247134 213.60965642760385 48.134714320443145 1135.4502242614128 611.7493200524546 332.2923878249533 883.4043282873275 359.7345398060195 5903.110165121229 571.9729105475084 506.38749133385755 596.6201365739098 374.4101511360964 398.44100054977616 770.6891038600313 7698.527102984257 338.86811487238157 293.510511253015 4620.2697819707355 2113.3386308210925 1102.4132691126786 381.2776772019764 2940.329228811492 1441.3711818867343 386.4650098003315 588.3799081605805 2467.6676873645674 963.2354258146352 330.42098445721723 65.70376268378362 1326.0514263720922 303.887318921259
219.05186467227003 107.93890552666632 634.1949220859003 1346.615203865181 36.68540799494987 693.6014948860095 2524.5485231974408 1276.1371176457162 27.161374406447372 34.462912112863606 7005.883515480564 926.0043184157236 2196.0245370055386 177.08435545015809 408.3411077902745 528.750923432124 264.30317605616636 3031.7446205477263 216.90241458314205 171.29466511613947 48.63543893523193 843.9373005750215 638.8264115452498 318.41237043352936 942.6237672138823 301.37412735472685 3971.9238783171813 514.2506185713842 341.1496108848003 737.2664497600618 243.76230191369854 348.12322074379097 672.4214968329127 15616.35711309559 378.86625614128775 269.16256021081284 3774.488834293594 2362.0218142254403 947.0594904739922 522.0829844806293 1998.6746910155575 1145.47484221795 223.35928823812839 818.8802691990788 2267.602903685505 960.6915854196222 290.86479669014943 40.318189037883464 1484.2119506869522 247.14671155363874
105.45187454457911 85.67139500742634 817.9324162302651 1534.6819190291342 40.82380134121149 439.47770286617765 2862.8708210344084 1246.0825525872872 33.005839608456995 27.732410601772038 5627.701165339384 1020.493739707949 2268.9783900617285 141.7857849739827 625.6707376059632 511.20937534732985 191.89586846907204 2333.137891578201 255.86294278974069 246.01737077075353 34.41411631501105 925.6967310193306 552.3407924340452 231.955601167793 716.1710243265879 271.5815802091238 6245.681757638872 410.8126428464662 380.4221665249671 590.5619626091985 197.4322304020162 379.25616689428864 698.2529471856928 11255.10278725641 267.45166939746827 338.7581819037208 3989.6419314895384 1755.6838757727412 560.1272087051689 405.1230317462599 1172.9048464911116 1086.393851248638 326.6020631978138 573.5586822600968 2033.4869921252323 889.2524996733796 220.76545568377864 32.43644295663665 1407.609690143769 237.39218649582259
171.86856817604598 89.40098401472886 792.943170400878 1632.1762528818122 27.158690139761347 569.4749065909778 1709.7689958661285 995.369633761768 26.735472566627866 45.48118834764439 5739.005962172901 1331.2931224293804 1566.6120802583512 187.18844572937172 723.783853693142 462.5568776835441 226.9007795180475 4950.991625320803 252.70726739179509 277.95302214221647 29.48515678890015 1051.2944845030029 613.3819783590293 306.0698015757724 684.0814821803161 359.52755400542185 4532.805533114805 513.7778991297246 436.50285528557873 589.166866501094 224.2756078531135 372.505241150886 888.6071265593879 24112.57445416048 309.3101403805224 478.11767272541937 4633.088335659363 1794.257753408449 865.7705752995396 177.68616453404604 1265.1592463294621 1471.15913113375 364.7097627196779 606.4705913367703 2354.345590371739 376.5948167600416 219.54219242309864 68.26158938357128 1507.67408749345 335.77477656656004
147.68454344581627 55.97508570867157 484.2520426153105 958.0760747131777 17.726630648329703 587.1550727385313 0.0 573.3322737335425 24.973279382076228 29.816082822572064 3527.354212451304 326.33122153452655 753.3119484731701 96.41590371377795 542.3012688808412 364.6857037346596 131.8536610885057 862.8773042694421 281.482652987192 109.76477135536167 16.849339859972726 493.9785760836004 108.0449114958655 0.0 329.82684799173467 195.1867169590801 1972.1152687600331 264.14906311607865 191.5958405438537 718.1476232732778 144.9920792992846 329.01510008360304 457.98321001194824 8075.6491537895345 147.59658639276125 271.18169721536765 3294.2603312914116 717.9201359860854 400.6135503236519 239.6702238271064 983.8653880412014 501.4160573386224 205.64392469968942 189.95199091709952 302.7099130326369 570.810812243273 111.65803137766248 32.62929691490935 939.4150598109916 147.41136792248568
274.4289769997 124.28025717586935 1065.486513515615 2157.310245656585 49.073355857866815 1023.7188326408043 3537.9543325376553 854.3849134677412 50.8331562887395 43.779944685462794 7214.282845567588 1352.137215956844 1362.3961984031605 174.88740478146664 489.2657874515675 734.2353200600203 377.678616192798 4245.376690211549 384.1672804864331 190.30241738453614 65.20114502706778 1188.8274246668582 963.9922135674713 438.64105852379816 1187.402133657718 523.866730645729 5381.820648387478 851.063235740593 598.9614034785002 667.6957102039577 290.8973900715473 461.5844936254306 731.4721287674449 18487.93096324772 423.0099662873321 540.8448804448601 5174.211103956711 4245.09311181728 911.6439792621959 541.2816404412544 2876.8509513468603 1815.8598042060999 409.1797837139089 849.7212190957327 2956.678923560769 1007.2653665389987 253.7342943466029 71.99972609905905 2665.2163646962354 385.1340040107067
139.34510399303522 77.45791074572202 690.4329755329622 1347.6149878713695 30.00818504067642 405.5805584555766 1615.343313853205 680.3338167210461 27.283057486241706 14.21492580363342 3490.011474324824 718.0804745155099 1571.157929448313 138.5966954705869 416.85800116852437 627.5497667622511 148.76790628552914 3177.74966263416 176.1798971841172 262.3249476467328 55.225778522888625 747.3368219002481 512.2376575228584 324.0949862438032 844.0768637219187 530.6422965286852 4614.154881966738 321.3107409999676 245.67890494497678 232.99402451218864 97.51308421981403 345.5342351512064 422.6879758071344 8664.207000125292 261.824118058995 272.4486381739325 3746.112950989096 2066.8408612365647 762.7003097619224 159.81609958810773 1316.1861867386058 1253.1735624681946 260.69973676373206 558.9681092768268 2405.1915433555296 711.7358294738316 204.81393765527196 48.257633634544234 648.1240045821302 182.33899324491563
188.1051298685804 75.6003041843987 527.4729262998159 903.5342787938212 25.773044045541905 440.1439013105949 1344.054440959117 1167.5584525155075 40.86849865331763 32.948386810830954 3068.964536163244 771.8876398261922 2177.2084680805747 215.14625517036194 712.9257700614287 761.5951925519115 151.85067834081627 3542.7958679879107 257.1779265802321 148.05006394437052 42.73308085574652 611.6666734921927 573.360482721352 452.14532316884254 1049.0455564736676 497.38103408908194 5932.444567884367 532.7641752838122 273.67016406709973 593.0836297745326 334.435732707967 364.2068067375088 779.1964251718347 16420.43442916851 336.6911690766043 498.123963373626 2523.8500107366367 2785.9119032848666 828.8915133226318 499.48815195566533 1655.5403785430815 1051.5245144533512 270.00870052659934 716.292936504746 2532.292544695239 1020.5085778740626 170.60920956598585 39.91598991873469 1307.645861423306 280.68848038489926
60.47306386861218 69.85601734843823 586.2847931354194 1217.2903341686208 27.791102671091316 488.64888547398914 1367.8516405365763 1179.6981650411299 17.753782633619814 11.088085016896791 2838.3845177068815 930.3352423160762 1602.7958933259213 135.83077091133478 455.9751983840656 213.6335885172663 68.39542927802628 2550.2323072137665 111.015951326786 182.86969776459753 25.68960581738679 345.37483485495466 494.2010841830639 183.74071194367173 496.9631715347988 359.37215390713976 3147.6421289439804 642.4433092221334 412.3231186430859 296.2627299698538 268.3902612696357 429.0217172867229 476.82696668506765 8968.33541065667 505.1387714388055 422.02196907929965 1804.7524422260437 2121.5338709381726 748.4583366092028 192.44875483354127 1225.0439430834083 967.0205906495175 302.82162997697867 562.5926008012715 1721.2589256506576 523.8913699637524 216.53468568403053 37.819237433502494 624.7594787427431 152.63286710655294
72.44727562016374 84.34580783598858 490.05532417235975 1543.351829903954 22.950906048026503 567.8513340446184 2681.275992549592 777.669834319633 27.62403963107229 35.54623933397873 6115.981645519323 559.9590747287244 1165.982575616582 114.0026484037752 531.4183726077775 506.0876902065331 193.077328348682 3518.6736506103694 202.89527817326052 194.2819469845345 31.780882227520873 686.1624483510853 533.3767299045307 297.21046606862785 537.4275514366121 254.9187502356541 4188.648150015078 319.7350596326373 491.7325895630429 399.47821987572337 202.4690961792704 375.0415463149115 445.89690528232893 16324.749014892674 313.64146922602885 424.4602258141107 3508.509059818044 1867.6989455169276 615.4372129887129 240.8527164973577 2242.567741309004 963.4183436241422 302.8045807628944 567.8081698759829 1799.0876926435635 908.473919942269 158.32497414870383 46.83100282208167 1395.2729048668289 214.04781222010223
123.98395054745185 93.79358651990827 668.4373593185524 1991.17052776656 27.795746535355192 618.4002217438958 2358.3878585719476 1246.6376027989493 50.03383755116703 42.46493245982952 6149.771207110489 1320.7181982076027 871.1642886905291 211.4251611664538 686.44182902533 397.5013511097892 252.2294666192551 2954.6698283068013 319.8326690934553 180.44231702800792 63.978135365941874 1203.9960232613512 710.2067799243011 403.2574083135809 1110.3274459851625 250.66203438606834 6571.873440023209 795.5377669402375 363.91531817578516 515.6569205216991 218.17830321382863 345.9913724399607 999.562208338004 16076.593999730756 245.79294861894664 384.4983125663646 5038.409386986802 1965.2682288156166 984.4690496975443 284.41044478727065 1691.6311027125407 1351.6830600672497 456.4019980299044 362.0346251543252 2306.7081927171025 549.0693199345249 281.28867460431303 48.970341229777674 1847.184472613685 260.53164901612644
198.71507418125086 57.64200108027251 580.8844801485441 1844.0443169071893 39.01811278815442 850.1509157866723 3103.0906596312548 1154.6010496320016 27.346932195796022 41.39436613451074 5898.901348035645 776.2074802225619 1716.1738248494134 208.40919517818702 643.3404560394404 693.467976599876 291.75816486085404 4185.485641686408 409.9767944841643 247.62158869388125 34.90898319627466 1279.2605728782205 745.3883990228128 312.88873382844804 761.3397545636622 392.68180644298553 5891.637196240564 532.0220138526812 791.55598997815 544.0457366366995 228.80724916809115 282.5163683666722 779.7824287884991 15389.165304605562 428.87562615197214 385.77567222758597 4099.402819049987 2987.9483131581137 613.2150138155766 225.74013849387762 1515.2203289344807 1701.1039058305294 261.70284461419243 512.0067750828439 1693.7306992395454 838.3383052030092 221.61216673830543 56.23996478514778 1249.4041814615864 324.40019836642665
110.38136954090295 89.17186973591106 609.4726061738894 762.2339063080896 32.74894324270775 523.4149179229354 3085.6744131210953 1434.94718455288 26.890435058518527 30.88572931927055 5550.19334045709 941.8910853093844 1878.247850574539 84.86208560898798 768.9892830538569 536.5393406620673 274.7317771455379 2858.1406415283454 146.7985438786552 162.38960074874439 41.53215591546898 923.4377211251451 502.6060238942257 254.18381465576425 843.3504019072396 341.4064199991038 4440.99914735369 702.1823179410002 589.3419459400717 466.4500434021633 210.86883143795714 442.3666735517243 580.5213439076058 14148.884564314234 325.2686763096466 305.0155822090802 2205.1797182345954 2414.236672712721 604.8917170247565 409.2882276033054 1497.9942216471661 1054.6169142984504 271.30549684992434 689.0562751350633 2420.385255560747 618.57460344029 207.08598105122047 52.9923065047591 1354.7179398886335 247.35903790224654
148.91155612064415 82.1671245345191 729.2128940087673 816.5291791777137 24.329800048312798 420.65017930046974 1842.4010423812226 761.3612674820056 37.07821068999146 33.56278587394011 4349.932155509374 784.1453242187337 1462.989319176604 140.59016406521485 466.987556583417 546.6714275330631 195.52624534720667 2390.4738077001552 167.95431917389635 194.10082964967353 20.921725909390616 977.6434185419752 530.1681365573398 316.06794086487804 485.38153403335355 240.7729383806822 3516.8748011938605 561.2621155314129 270.53449101476104 326.988611189343 179.94849788359966 233.94367554823947 592.2693995317511 9798.562575583535 382.8598237816002 360.3579692290905 3054.018538304494 1162.9635515501957 480.5910088846929 423.64476116406126 1552.0301459461693 894.3447710558635 202.56207362212697 415.0774117934793 1528.3499159908422 514.7039063311449 112.34465727250065 39.59724392836486 1392.6538889249086 165.83211453055563
138.96947471064934 72.26490795903604 571.651167434965 1488.4832242214968 45.390655312216886 798.5926543012448 1698.842789278255 714.8428257391765 25.44415863674461 35.00159235870339 5278.318001219155 586.7254306039553 1409.1888496453914 134.43939705954202 298.8505605546034 570.9241463297819 267.7000004996813 1758.794266292672 255.15370025551502 162.10357525911292 34.09047128368138 715.2339442722129 619.4924031359974 379.12814745134017 718.6649950563107 171.34646474455306 4611.6070821428075 671.8303116568769 392.5553629577105 402.31810537623886 265.3342436375826 357.9277252900928 899.8023006219264 14545.306567368725 291.71923775228333 293.9176714487254 1894.018449274497 2601.2969254932 566.5873401861986 343.6356832051003 851.6902934599801 913.7652139331922 199.20195775950822 443.47096559047964 2638.8317563687556 766.9835372387198 261.1415327949792 64.04468662737153 1269.6070936157926 231.64127274635416
152.99505337208518 111.50264163920043 753.0708228117742 1582.7594912583263 33.78216531049418 708.1722420777537 3247.40863612955 1763.247087211847 47.629064066144224 54.47080403320483 7337.841180624581 1171.487933908693 2550.884561644073 120.31268282296784 895.4525739028904 650.2235977289192 332.82134585327424 3210.3773287655417 321.07082791178414 310.795088033636 47.84421246491481 1238.2957402207217 689.3349636166795 281.2819713265801 1138.9938107733049 362.4133352866982 6381.767805199381 637.6779356252484 609.733845841646 860.6895354204222 191.36882583550857 315.879097016807 954.5344395867962 13795.679894945166 416.12485836168116 516.3849191275115 4024.813067924537 3047.822350387464 662.8969808676932 561.7797896798214 2143.9471873400157 1572.7433075564395 295.42091336182096 709.047944067977 3044.17473694506 1026.6514257941799 310.7113612485942 68.02111097855746 1516.659758552372 231.90864470336487
126.55689654429818 78.74561342760398 445.2508302944003 728.0745096366859 12.59973640706543 583.3666197153649 2083.5162834619996 976.1643573985561 24.17467834601186 12.425202073253642 5569.468000356457 876.742688281655 751.999501112383 21.569771066166027 360.72986824905115 197.4128350441915 156.32169459808435 2586.613002049127 146.67723539917205 220.86111952789332 23.982800256736887 579.5286307095357 363.2999843749692 230.39596662737523 942.849691301215 294.68288128924866 912.6326916445407 520.6808602949445 400.27223024657405 420.6421206673783 102.09624267195821 324.603559119656 383.88938413202675 7846.021571371379 289.9532591548259 369.7675826445698 593.3349428884882 2550.5856496850515 367.4175424937433 332.7012678498465 1784.5238004045602 676.5696638431183 338.12596275078727 416.87156169910054 0.0 830.014361525992 122.73848757828556 45.5141632670758 792.4894514281025 272.3245866284672
84.84486808929485 73.04875613752978 540.8984282262505 1222.849664128693 23.422253685347627 478.6336914370546 2170.4771675758593 812.723953323233 27.821969438469818 26.210609843360242 3843.0955446379253 1100.1421495218904 1276.1314703986568 102.5056558495 775.350669983434 547.891926071276 155.7618930866384 3676.331919558079 243.3311271556632 56.64742133383739 18.25579773462845 841.6299765560939 370.05000284882016 201.64917888700876 392.34566036159697 437.25069288260096 4986.703420022686 537.5505971320371 741.8017491342989 293.4274619896648 167.47707962276155 314.79812086558945 397.1927461959241 11394.829481566048 307.01982245095246 243.81552560110435 3401.6070376657476 1515.769134724016 240.00199420839766 190.576786750814 1230.0162700352216 559.3600318873555 230.22891443318215 430.7923491130376 2523.089463654165 433.3591338037223 197.30999911446395 43.49028830221678 927.4772862992995 180.49907292283896
110.9724525781694 59.130666570474325 417.7095080050352 1112.471708100266 26.848701339802663 271.0686934703652 2583.2786260335383 1030.373223052436 32.9612335055545 31.101519643338357 3994.51767935958 482.54448594596465 792.9518649113351 101.05547613577959 561.8748724520698 507.6085555812605 163.7796225377402 2266.5314603510246 217.13509214329906 172.9897311036417 43.21850961349486 581.50003307757 326.09764402586165 341.1400369816582 791.5512707093925 197.14537835565716 4002.3411617688994 488.50502230764926 403.8113738403324 399.39614921652463 104.12588236962836 267.1411437771713 799.0329942182165 14026.140673139394 404.05268304451886 341.38610286203124 2769.677151633251 1363.9861325245797 413.674176758937 318.56726045609986 944.0054660961518 676.0150006817971 213.2832789663313 536.1013313994929 1829.7814532000825 648.2773767450194 129.2911305700452 45.91733673306284 1211.6741454924565 238.39227508484404
89.37751580326112 73.48280927608263 360.38219744966153 1199.5858199561812 23.39632917522418 216.60072565621203 1655.0526744946244 786.1966052944124 26.43841547329022 21.465405090187286 2916.467218802445 1088.9342254413668 394.4077156604909 62.213251349021775 222.05074784628397 69.81762247759698 198.28846335813338 2078.7794495943645 68.45995808259582 134.18657923480876 24.887966645650536 283.0652761465912 457.0723607313811 172.7666357956473 734.3462808261313 55.70309528058743 1212.6508600094264 343.4856850148492 220.6370699657257 177.4120154530338 154.9105851760813 209.42734239762692 165.6946157926127 7015.791653785741 175.24572535732423 228.25132041582907 1875.0433765404948 2669.6291592252146 592.0248470697553 270.5196394242136 954.6486432798063 595.6140048175755 199.38459323204313 285.34070130867576 2370.1527085849903 0.0 172.22903256443357 51.63849004642634 1202.6404936202096 258.7133889961281
139.99848068597169 140.68483103919795 1149.3573879966566 1122.8074268873697 32.53336038505355 555.3296318560538 3329.943175997606 1075.8297076390306 36.731339308501894 33.96484600190263 8322.918705898923 1014.1341232142545 2889.067622467532 261.6018498906729 575.1427895061644 595.6631710713767 328.784150050166 3414.8637086792887 276.4091652246327 183.92634643013216 32.68157477767499 937.9052976929761 784.504179841558 497.8770257756385 1473.8461303979543 281.4599052866125 7181.210763507498 709.2160717046928 585.1897072150003 660.2883440050252 387.2798645908074 326.9696916871518 1258.067369932713 9248.560196981382 235.57960586822225 456.8720187238886 3835.5153434201493 3273.158067667172 1060.1604775534915 376.31103567422133 2914.7794690429564 1174.9048548830776 334.03878808847753 685.6302143020067 2612.3767997779646 1042.657383475912 239.67951310654564 70.79198144358838 2105.9074376840654 300.802521632416
57.620280862653686 0.0 238.82433039527461 0.0 14.298484436125943 2.8617880322767633 0.0 583.95680108371 9.194603058013715 1.424436938570615 4728.406451129086 105.18838046182248 92.96913611858395 19.054721171230526 237.87811471722807 0.0 0.0 1657.4998182614709 63.405341462992084 8.687749143827375 16.264140823828463 148.84174281867308 262.56373822076483 76.38037989596683 0.0 52.35125981362614 1663.9262320240673 0.0 0.0 241.90947001842625 10.642757005250843 80.69037308863523 0.0 3820.3375228001078 69.45279080403094 0.0 325.7498933233446 0.0 0.0 166.79147236579644 0.0 0.0 9.945949095390262 291.16066826902653 724.8574516202459 509.84140610725547 16.789310912396672 21.699537892718794 1133.4939023169256 54.581951434850566
230.12049565313913 127.66011963598706 893.2354576905909 1722.5774994248582 37.98267510046584 615.5509745940592 3206.8898275948545 1655.2502419361347 34.23562433150338 34.37357516122999 6425.318068313206 1405.0302673912577 1651.604880939049 111.8563351071898 846.122569675966 536.1198234575911 302.4600550963933 3331.4276733325723 219.26290804754439 196.97059757532028 44.51305779215208 712.2900848731891 627.0504090984322 432.30094955311426 1069.815389217694 330.38809295178777 4541.000873919783 773.8983892362018 539.0312956996113 588.5903138784839 332.0444133553394 301.3321412934778 553.836278678219 20223.027713857322 319.72989674939436 473.48291913246624 4549.559140661167 1832.750224555813 796.3943558687903 335.2842854620635 2107.466920340045 1555.6553984250943 312.5334391722573 399.61102059091274 2756.1985512599485 847.929476548361 261.3956051796711 68.04325095713286 1579.2211344562486 252.84175464473537
111.4853169071666 105.69947819220533 631.817102179263 1662.1885894618335 41.083262748387995 621.2079524558096 3587.1409338272256 1122.2403183214833 35.32363588545762 35.229777716937896 4992.959768410965 1335.8939763167868 2170.1233847040353 121.67786486232397 1056.3302139539164 897.5595351815622 232.5423762943993 3466.2794689972534 256.3766415162546 162.05422983595463 33.40262093126823 911.8610181443768 788.7846460920517 326.74848709286425 883.6418941373536 330.7049950247851 5200.848217402845 638.0091970268538 394.47991701443766 579.2118462518242 256.12796954221335 408.2432359148381 873.4126334250057 13580.225397345943 452.17048820243957 645.204670584134 4511.8741273712585 1754.2196678246191 780.6356678950264 443.66951712148193 2334.390433499775 1580.5849404056062 287.29068291373335 428.41187620356504 2973.2065619454756 1355.953145881557 142.19977544917816 56.30280189580114 1917.8199585074592 216.8736537425303
175.48580478337763 62.932441354023766 502.3990580186687 1239.2312344258878 22.44174619456174 564.5225935504084 2495.1982667812267 1177.0107765136927 23.771334392590663 33.677427942844126 8327.339235644633 653.9837049440591 1276.9789532245445 106.32674440622971 423.06833386442315 546.9516927992913 233.59304056894047 4493.474570859709 227.70248301286946 189.82055177186572 41.13016207438846 795.2974907384315 595.4325312038023 201.23367734360951 634.2976885834323 260.2145422317066 5533.787981160368 515.8452760401321 540.9004552911017 422.1984070304097 363.4514112531802 304.00175340280606 806.0440061074568 4042.888970679727 422.8903027007529 328.83337644012533 3187.920792858327 2708.718480026334 627.323468629687 328.7525993197412 1835.448538952145 1069.9293258915714 388.38878851960084 638.1033822073881 2676.852665529821 650.2967192767329 248.3693871594805 49.88080638930851 1241.6271058283633 208.16376366803928
147.40017476776634 76.64726367558123 451.4446302452029 1038.9924566215027 41.70900107932786 490.84275614093855 2220.789997427611 564.6138409313712 35.701799431158946 25.39009671856397 9132.486644597739 1104.3860916790304 1206.5349536331257 139.18849591474515 591.2990200140265 322.682135024045 223.54261270384765 3886.1877407570196 284.05462590911793 262.4061938522934 45.43857925109265 904.4349409106513 875.4019965428853 250.4757988672896 533.0471711219808 469.83084307079207 3095.433752137345 908.6055289160923 530.3799286047619 372.81407330334775 158.4579224851284 349.54430921877656 750.298268583764 11263.99522539829 380.02207410727584 344.8010896138461 4360.366289916734 2682.465666321754 705.333586547277 378.09693265016955 1295.7840306039495 1110.8396988092009 335.6934385219575 513.702331748096 3538.074267739622 765.9093518805023 196.3172606984316 49.61144240712331 1569.1881649363013 177.05188846836927
180.59419610216486 45.4287481006795 744.0978116216502 1740.7130913439998 48.79473366574303 495.2496771310938 2816.90847033063 1169.4413948674016 26.524422222384782 38.905040126726 8439.42306135075 1185.592143605202 946.1716834351278 128.54798611368014 422.67388172512426 538.47703975656 191.60600062409975 3933.516073662184 315.91437790132505 166.30476233059412 42.03578058018163 1132.8195757387075 497.44738535134377 376.3489183527687 1130.8101712887806 277.3674912836739 5770.505552977249 601.1335305790784 356.92571279742816 606.5632850316879 382.1799790332254 250.16073853861747 542.8555949604464 10956.347288273138 76.80930661890125 249.70297622265315 2599.514442590109 1803.6362314872997 415.08148993696136 358.679323435827 1510.3009937632326 1027.6746968815255 243.47008538039253 423.3800973210396 1906.2646483953736 709.3655969296757 241.20197770249166 59.80805662380886 1670.414218607936 253.81144579911194
210.48483580992928 102.66440707848189 807.1429364334273 1559.6502768191801 34.94784509620154 643.8284952019326 2769.766844699997 1348.1647718501272 39.51656447527007 39.714003800540944 6653.117317126584 1066.4423749818852 2101.6940077273994 195.96698506294078 719.284456164853 617.9413997473537 280.41353740785314 3328.428801154071 316.54213091806696 279.0914769812652 52.49449563134754 815.6495701143226 824.6036778478187 373.21345910249124 611.4094422930029 478.38388857311236 5428.403941704175 640.8226965930792 691.2042816796986 478.9695337415742 315.6207630460539 409.8574307385424 826.4800269019086 9625.78346197839 368.3353478288706 405.24387322288663 5199.238895762636 2739.110210171615 1092.5873903451757 509.16101094965364 1550.5556494440343 1199.8600249002454 276.4090975789884 624.4133815714522 4048.811141566726 953.0865929529459 229.71094664674655 68.94990325133553 2397.05163192476 296.1971848935696
190.3091395878674 78.25326633568078 241.95201939854536 1145.146851271384 16.260776916517965 778.862738225297 1194.62651109925 1220.6081709526966 27.262048781461456 32.36668321064608 4070.866930792612 920.950250853628 881.9141210713278 110.01783300610558 842.5129602178963 148.78433203285678 281.3461822588374 3216.976151838842 217.93027533251345 219.54615983703627 43.14955046508858 602.0174869215178 661.998196595705 345.7388169971995 882.2495008624666 501.40681545507675 2349.4588187030313 520.4216033421011 571.0788132581229 335.43390300268817 294.0238862611238 481.8570780849363 938.190885167001 14250.29987778663 455.16283033483967 322.87844940641014 3731.542261457863 1957.5056406906235 648.8796960048445 337.8139618384747 2402.1854230422673 1151.8288068014294 342.5187334608756 601.2317611938261 1790.91515102241 901.9353643278781 247.04037476255627 34.2957869521177 1108.702719128421 185.6459223808762
140.98486052984464 49.76001031988629 313.98871892074794 1050.1068608891642 24.56357031386859 502.7650669039285 1357.873239744443 532.7677905043353 32.84692063783597 27.69284323953547 4387.583337127558 496.8358269150382 904.4223337061794 121.6711355808887 601.1744652288841 325.8582281113536 160.1483404554647 1333.3174593825602 229.78888936691433 162.98047164513244 34.906946936349 387.0812624758493 643.1175184171883 153.7308880087948 530.547333894543 308.63181888102883 4342.031305206939 214.71618803255657 421.5341669329174 269.13140180614005 233.09018446650077 143.42916455202814 89.0960345902941 10428.566912616065 292.03297779686153 306.4329368842549 2719.6719995187614 810.23798851716 179.246869206465 229.91916282540484 864.958350332784 946.5774684770319 280.9055149908955 359.59211190191627 1538.4461629787809 404.98413208458703 120.786745832811 33.99064242246409 911.4620374770724 185.00675011109377
139.0725895317156 86.28341686926154 710.0034760166683 1622.1101290680415 13.383481918306256 302.7201097617097 1390.1191375648418 1271.8370289003133 11.83045360890966 40.03991097522963 5214.59421853908 994.0402974943345 1472.0571782328966 155.70021267228702 653.0566621345517 452.5237199293474 191.2445558506326 2733.9014241680493 110.58994423300115 205.64488843639768 37.993561883166834 380.3766020160017 687.8558267593797 310.8114667381715 830.9051292923752 364.3178030645585 3135.110141864003 403.29856941946286 333.2070197972821 284.7981191891523 200.3901614384326 332.65266117115283 644.657927683631 16134.1296864816 305.9862936890329 161.2274089935209 3307.1794152445227 1791.7178788957801 562.2609696914748 242.15260072042057 1467.9779926667902 307.16530148957906 259.47087828112785 316.4177058976222 1026.834685344541 628.8983002535044 199.9059315975951 58.52451667103626 843.6885264646614 100.39516296567729
103.91022563108694 26.20312388569181 234.63643649385273 0.0 10.069622076406894 313.97354310118465 0.0 500.2084849197298 1.748077438344719 8.072668347889088 417.11043601570964 814.7913721017034 508.56579326256156 102.25349040548359 360.9384258643837 149.60975035789522 107.36003427467762 1666.5994166499713 42.825750449233254 71.78672224897439 0.0 474.996606855028 505.7287643190526 238.9232434473537 234.718523021576 146.81760087363259 770.9632832719581 82.00983196237564 435.7709838612001 334.91670544153385 67.2253620074776 112.88309126291259 613.3489432667203 12922.123908450161 92.2139896655952 103.28264211669995 1082.3067199754455 167.10882878226698 0.0 259.6400530828962 737.0832038526208 307.6910471781762 68.91589536435299 348.51496028182675 983.6715606876166 255.7128326544223 15.641614624542711 2.2754015461659343 595.2114949058107 154.50572920544982
114.44804303829508 98.29519056618851 691.9553659532558 1671.972899831304 25.812592417864813 500.09253573952157 2156.99583281767 1232.594319112069 26.29464807047765 35.60761191262701 5544.964056517036 878.776390448827 1980.798557937927 106.22327890840629 563.1409251564396 765.3812498495921 267.3301657102665 3885.5385211965004 219.4015980676525 182.07027799446445 66.65002830188112 889.9180749558576 695.3505947484923 334.33927794138964 992.4450285940759 424.65353880704185 5845.180831783543 537.1128900509535 507.4514405371166 592.2063342669107 337.55003021350086 360.45092765012396 729.9157467346888 12039.797589546197 377.4513587570298 449.6744487513472 3875.3038677723184 1940.6945280885789 733.1766009633845 321.53612238366816 2198.4220011461857 1398.7827270728037 307.71003115361896 560.7872046800304 2154.2768189534754 1023.6105436637955 231.20207731367773 52.2847259653433 1642.479344882636 232.43704383587317
126.14491698527222 65.73765409751829 808.4864706016765 1428.4535109224512 26.5899279426464 451.60088804924084 2711.917340960936 1007.0350675398491 26.24972784070338 25.204290995580283 5131.2772459272355 1052.5102165102724 949.103160011221 155.14080878793936 533.6430982262178 443.28642111994054 299.70255181391786 2117.7414663104673 329.51076643608474 152.9954290120637 42.07268702829787 568.6086143911974 717.3167059512518 397.1612894327837 634.1046307573798 273.37671580437853 2413.9090076992798 520.2936048932862 601.9686769816898 542.8472731474084 268.2833327698217 395.77783926235037 637.2459410308369 10981.01681518041 274.74490048943727 439.17573436355656 1674.919935465577 2214.7435424981713 506.67025863951966 244.44406449197612 1823.9230876682432 1225.2092731831947 294.6445420926056 642.1899562823445 2473.2273937273594 451.5026545243716 284.48545536348576 58.80537977011289 1343.2812865486137 149.37669569855632
188.29999164111035 62.30548176531332 591.9757607940037 1817.8834791183494 30.394643751719265 633.2007332167808 2574.8340279749455 1328.7187338658541 24.891655057500998 26.818478691452 3930.135820995065 806.7385739854642 1779.076479670752 148.7189729432517 606.0584255581448 536.5511012907957 280.6468965474056 2677.702512901461 172.42609158601775 138.57251400592713 41.532738349655666 1172.6712976121103 872.4576969710172 305.4217481060593 615.9634144894703 343.69475847826016 2469.9783806893115 472.51329295783194 509.0913027184117 342.617713511572 336.5744266686753 323.65719196901176 328.1691550677514 16319.825467265991 327.24675745431824 481.6426635196898 2804.2339054408094 2615.020550014054 836.989337416128 326.59146850055055 1507.0730479147023 1011.7397682040046 282.25725752805926 373.6686883443622 1833.4933508496374 889.7246936926492 223.66040800555209 35.04219759155154 1440.000643467184 233.35189516453613
204.5015400235008 106.92247588596777 605.7649987872998 2022.3286862063244 27.916825925091775 630.6935813783793 2590.330706281101 1589.9121062459778 45.89009514059046 34.47292830903729 9020.989260693384 1488.4883084162827 2303.228017423248 228.05589656327888 746.2351796516477 846.540534521129 300.2095682367535 3234.9375637327776 276.6852930660544 344.0116861528677 42.17105243247875 1102.9709689622744 496.8030333575897 271.0444203564454 588.5568277828979 488.201915512288 5229.0080097140435 748.1882952464852 293.0279400738916 540.6644113124023 317.6985901499591 362.5682378090056 1062.0854521139452 18107.25295241698 376.1824187331629 476.6921667826304 5520.740607215908 1861.6844184520432 1154.8251417271204 464.7710254281694 2058.802253737732 1178.8869709116263 252.33794016187775 813.270127310947 3066.744516711362 1045.768054217986 194.18450690943828 47.62170813172325 2132.1654156534037 310.59086799894806
76.80856900806813 48.81883840897548 499.5136548416466 1167.3990700609495 34.79762801335327 619.9055274148731 954.7252072164817 932.3802707225766 13.297507188743447 20.67484958167483 4875.160824302658 441.94629491549665 518.7210092994184 107.88649896625604 271.9228998137603 170.26834882445502 152.13333794693185 2594.981288113255 231.63422994802642 60.39712333341148 18.339780517989944 289.14418825091303 218.95539312916318 248.23200718718562 478.45040056660855 137.24912585902268 2412.0903548329725 521.5399177931415 139.00481084800248 269.93744041340653 33.09816678235411 162.56773590320478 545.0242177319607 6389.140378390211 155.8321350402902 345.56552060183026 3054.0653126457537 844.2320522004371 174.46815555484662 300.0508251803428 667.2693955198 557.0223766430815 179.03242865178092 275.397452846881 1717.67773963968 564.5060217392074 55.013653681159326 13.296177936447016 1418.1399101002132 172.92688966570208
171.64049569631158 120.83131512506753 753.1966468223245 1277.0359148069663 38.73842943012424 590.1935295679929 1369.8199688017594 1169.4056747605725 45.64366672061628 22.08184777489202 6104.210495007796 1009.1440156615889 2205.1279956271455 140.84023467699973 651.8600982553683 672.6532520121617 299.7728117506334 2785.9564876778054 244.05285477042673 254.81429633667085 40.04039080420128 849.8006056617734 540.7672155041931 309.47772654169705 797.988620834812 403.2825005821164 4093.1813974297647 430.8514415516324 442.26735081973777 524.7563167420055 234.13407929143114 397.4917014383888 945.0782760034115 13377.749893128328 251.151415486375 598.0935577347552 4765.476583364824 2165.367163351853 605.5921825773017 205.66117319546785 1516.0316528113044 1540.3829501222044 289.6598358214186 484.6643867155731 3675.172131207595 805.5724522377328 249.78625602393052 64.50853506875171 1543.034754443814 185.11436744982657
189.23599580606566 130.18271104444463 1015.9222935547427 2035.0341037650892 47.296519417166465 559.888911939799 3268.955585297024 1381.932615802479 46.150413081600064 71.38099214242212 7243.197451133597 1246.6851087366251 1115.7785905378266 199.37367259754467 776.7117250339193 671.2655677904264 255.48097075846127 3393.6321560758947 327.98891498854726 286.2505742185477 65.32971649911119 1241.3393924466216 763.3696795329015 358.886598511963 1542.486897875927 402.20992512121836 4602.176891616093 631.191958913546 682.9709203058705 852.5213355051326 297.3311397675737 335.9248812143313 819.1525178249999 15728.137365892839 372.7784252818274 559.2936231434913 4963.755228564473 2746.8245063509103 853.9202079546178 251.2336880055488 2333.834369425492 1337.3025301439195 402.61009083254567 716.6408915795716 2509.9680395917017 655.274549172822 185.89983396865296 57.90193547580514 2150.985541635222 226.70545521529885
135.5885052161392 96.33748087137651 853.9527142899113 2456.016295926337 38.606814725967844 737.7964373574857 2491.8947444524333 1126.7350807137263 34.907788240241 37.44741974299719 8244.816080343477 1090.1528992679978 2088.1374824778036 146.86954491531122 536.6678574155189 660.6328323761661 275.9710738454362 2123.426572175351 245.4255844206623 196.75598965425715 51.25190273630638 909.335346385672 884.608656396573 287.2124457789383 1348.8883307254855 489.2387446325679 6290.682653125174 559.361393380937 325.93875442359007 618.6001035804229 280.2597569035221 256.36025007825657 733.3026141219275 15869.25969031988 378.4250477831265 460.7878564320815 4370.5091329544075 2467.26291664324 728.9796297729114 415.795585083602 2204.438884049244 1138.639608479247 210.56703025816904 587.8782523988752 3040.6530504799325 1055.612672998143 295.74498837255675 60.402273746457396 1930.1612473368336 333.6292874615349
205.0696385167075 82.12616460454444 676.1844080887846 1868.0361110810509 23.56685523163612 529.1749996530929 2378.6768417297344 905.3410988147562 28.691573439671952 29.736271649197068 5507.831900695423 690.0498385830007 2024.0533285434135 189.3675569510435 714.2562427535262 811.6608510391986 251.16134835969456 3012.8729861904662 330.67462079594947 203.8077996325876 48.125036015798216 892.9641287170064 540.3154786853165 334.0022992810753 766.4982522360143 334.394899309898 3378.751077468702 518.0293517210383 480.4353138041968 584.1390781157959 250.1586496900053 288.070059445088 702.0855292460163 13768.282923802622 320.42298056191646 437.5809148160169 2549.7028333301914 2464.274100813725 592.8285098211416 353.3595656772267 2114.5786952417416 833.5407053586191 350.15055934409327 302.1845791693585 1888.4263008373498 420.11006157464936 171.418365421061 63.79498436440967 1205.2322111647138 278.8458752621439
215.65829320465224 126.74068724859625 660.5708809300047 1872.4459118531008 40.728029759354875 794.1585587497812 3698.4855350509133 1894.6725477585946 45.584814829964664 48.44261236707872 7581.084865526256 1066.4627978509816 2113.5006781687175 205.41117210240452 847.0511252846243 885.1405702222879 305.4911763148446 3777.835727945864 354.0886412670136 205.57248453469697 49.455106852690584 865.861535601696 612.9129439802853 484.14631037580654 1080.8677765562575 589.6495557579135 6524.069591068849 646.1057929610107 854.030124996556 477.29112016339536 370.6949722828423 362.9086566733555 962.1935008912825 18051.27701959276 430.78150340803256 446.688171496411 4928.915222515189 3004.313426410181 876.199447822454 499.1904884533787 2706.2380384311027 1325.26975963111 330.3004456667549 695.299767682089 3335.812490780501 851.2266357872938 257.99851165433745 87.87799610132413 2087.780924271059 326.42066282181736
137.9321865108155 55.777252450001626 733.2023834169262 900.710766491027 37.14419985225851 656.4731209122635 3079.7878573990515 408.6835618412572 29.827223872142664 40.07880032838807 4296.80482315586 946.757173169644 1794.2152026834228 110.2585251982001 369.1419684015703 345.27278242163953 215.0101796051684 3129.01015338828 314.48239034669814 178.1903365450084 30.390116396766526 751.3973133384426 415.9871759754661 346.1049025435549 356.0517561722936 294.21189382139727 2993.301826608401 622.1312074896681 434.4994894015905 387.1558121111325 132.1663765722824 349.3917533096322 744.616128074216 13886.715641142884 292.16436712306546 280.42328606201585 2531.3276857428377 1474.0852103450702 612.2976916310031 415.67029581838233 2199.8357318475087 1280.324181115362 200.82300955410142 462.6159177325805 2071.0377278425167 280.57705270330746 263.83152223073984 62.165272258327036 1536.4923611963345 239.80471721001413
111.16902089329044 82.98197359108067 807.5577274084335 1468.0936414453552 25.665558866747304 619.9621127966983 2113.954530681298 777.24965892138 45.60931149285398 38.00901494160116 0.0 1143.303323355628 1342.8223706244892 138.941095111104 549.8911188274792 451.8111704623728 276.39303010524753 865.770829494486 126.29515592035054 253.41216353455178 35.77227087786216 553.317935371503 322.58757169289055 357.1946630301236 570.0891640040599 268.3114278358672 4848.130531634736 456.37005055081704 421.82001134361377 382.997058504763 123.97150448374323 147.1144307777694 676.9093159708617 11599.02518155962 225.4463021681328 405.1742321165172 3730.2779330374897 2092.0474271052885 593.1071742945128 235.8136225211399 2254.7946855069295 784.0840674143915 300.4286741682479 382.80526212067934 3099.942478654639 796.2115751162256 263.5026235929608 36.37189234168698 1161.63453590639 241.384900611267
51.82844495498961 83.74236885514873 643.5546559940212 1911.121661224967 25.062292158095016 771.4315962246593 1400.4022499022358 1283.4521882585677 31.78306384751108 18.73535196651587 4200.171037379769 980.858805482148 1480.076436526185 203.94424365827666 637.6502992001401 579.0792982696777 353.84466634511415 4262.570926834172 319.8281604937117 141.31330166325122 57.43465659111836 955.3480289524955 654.1419547639388 285.60716984448715 629.5939771842432 249.99279396391015 4742.256288519192 357.10680153386284 591.3387754034858 562.8254472286629 259.84429353799766 370.85284103170295 846.6421783017022 15129.624720125905 456.9593470010411 464.11594455009947 3641.1032223385823 2840.3635129624745 621.2847630403534 376.1329341380575 2383.3502752118366 1231.4869155178599 238.02814179307046 581.7172102318915 2830.6016966774996 774.6541369994621 314.40789645858047 83.18411620267408 1544.8109202818507 280.12388506094555
128.64909674831685 82.8637606840365 750.3175674145925 1856.6931963911702 43.76385034504887 606.429678207953 2256.9945575832744 897.2546349626839 31.33027125786728 46.23870691790756 7714.534228328461 1371.8614309441377 1328.0754363166586 199.95861568621302 631.0168569130141 744.1097347732878 276.04420205271833 3888.257005840871 235.51846857048702 148.41727659006938 45.94936723567345 1166.178632979012 718.4642293561454 273.52377755312085 667.082685394343 482.338777969212 3947.3246474619214 579.9542393408003 445.9287296126414 748.3066579678688 258.79854108763453 312.05690601515334 683.4758230069776 18216.408163878856 431.81066910426466 528.2551342452062 4113.485470009699 3461.2768351347504 831.4797362570471 445.10470272725604 2290.990829197845 1597.0705429155864 411.74858781691165 666.4309819461487 2348.4094567124316 572.6760455144014 193.71723700288862 64.66948854631431 1327.1086433709274 378.0194891111575
157.68454000364216 78.08320500676732 715.7964512918144 1323.1927602031978 28.948690139627857 813.8567504411841 2233.732247281646 1066.2154627471864 25.847472673341418 36.93448256913635 7778.404155215492 898.6843407269826 1721.226527414949 102.88677763866244 796.1575637037195 726.7532698513438 323.65531725751185 4721.912502459753 228.84601208538214 249.95042273012018 34.78299542734037 696.539712117169 662.0969868962801 94.89293344228474 942.8768705451522 336.2232582343449 5120.377390036714 721.6258397242121 569.9649772104915 663.6768275713586 296.2713682414833 360.51806059326196 704.5718221543975 20233.703252832125 358.42157245857925 254.54455399476822 5536.927150030251 3892.5614588131584 710.4686254055654 300.15994743354713 2733.274175888873 1633.9072414311622 266.622067077639 610.9615793320963 2984.284958598693 651.8749360365398 225.44505402277892 38.19650696152943 2258.64357858574 192.68746728447763
117.37364300068278 75.81107912918206 782.4949743260871 1144.4759594928687 33.796189487488455 676.7744520584873 2102.4382119327165 1035.2006050633154 47.09070832377279 27.894816961457735 4454.86459471872 941.3382341242128 1348.371281190877 125.32104234640124 500.4647777763054 511.0435655708311 227.36857509671697 2453.0640768551375 220.01867341130492 193.67553138740155 41.513658306839645 644.094688053546 395.77148497100023 337.63385377789825 943.1647041167656 334.37090423277033 5398.368775073288 403.93231835705035 521.0138325943606 770.7462876693791 120.93974019974067 227.12120540905954 725.0784303379778 15384.347605605984 254.89465574338413 268.5393852033111 3326.2468621276735 2534.982581305927 893.408235610902 321.20214811314946 1810.0433749178542 873.1661102744769 246.72346554133097 567.1308765516632 2014.1264623450293 716.2964081030293 244.08867263638646 64.19514035466398 1375.286738164991 164.54490331851315
166.2525540250079 117.68019868249807 760.2577028505891 1511.1372457903376 15.520706412946812 596.9412051879775 1639.6932909499003 1410.1048155491728 22.308184652451963 61.372943770958436 5824.633623735862 940.3576201675113 996.4767779870809 169.07801242824962 780.5070934840813 353.42737592094 222.92802529912925 1833.584650160715 367.59251239129543 160.06558622397816 44.10167532850007 1106.7291116981244 631.2230735312049 228.56516022395817 784.3144804038668 364.03576799507823 1576.9132041731377 600.166545743211 384.95439621723796 760.3793622529246 236.56710098018337 355.01627525904684 830.8045993287387 14515.60533389813 271.1564907898734 377.9947503688697 4156.785606769666 1745.7808377413382 901.0765223398009 357.86839177392335 1988.5772445398063 665.9212352081191 187.23999061319867 558.0243690560478 3290.4906378361925 744.4863738977359 216.18951344871246 22.65281031978319 1354.7404437423415 250.59987525365582
140.7263262791415 30.758355111922707 759.3938984943807 772.6442419493447 29.60819105098084 480.0456407664693 2014.855320549859 785.7395518588551 39.999584991958805 41.16658752008629 4994.495315380339 768.4584745752583 1081.5827960433592 221.43110413201657 590.8273701136578 606.633872990204 170.03026790756542 2445.090978521052 253.5320290088037 156.5584592962177 36.95248546043925 1105.9596711429058 498.05798602000783 262.43426134618437 772.5649200715208 514.3496436470894 3703.399509495135 1060.694778269339 475.9658178974885 404.1093661489974 277.1411917935727 175.9869723811248 913.6099417330772 17901.995194103838 194.49773520400592 320.12005773407833 3697.612521191756 3002.274036068585 1022.6094332420536 375.6079059787969 1490.0896196806318 981.7969318062408 197.67462204367445 530.6085908377634 1559.9946689900028 1329.2012187486644 201.1731157223109 66.95375233540507 1301.3870848100185 212.08641660284346
156.65697862863433 64.87829159543331 699.2374318122702 1553.3400762782517 31.134206902850707 485.363131116929 1450.117361965194 1234.4420932535445 13.575481756362027 26.700560825697238 1818.907184488474 575.4517069722966 1203.9532248084624 113.5650676759318 349.03643099682307 431.7142932646392 220.0778556053372 2610.451003341577 363.78117292139046 201.19726563796894 17.481239399281037 463.10870913171186 509.2703081589205 339.1749584675729 555.9863127818201 499.53031652099384 5425.435108094281 332.38370046718484 173.22233930313263 640.8526325607844 174.01351719297185 182.3486154194702 459.440017053387 9475.967207614915 284.05656042213946 196.0515457056572 2000.288940394667 1495.6529346806146 804.7259486103222 169.68146894539183 1518.701657082451 752.9350814117381 192.90595824583517 351.90052755045286 1263.8843113294947 519.6905277224832 137.4308906979281 65.0874741987457 1000.4161872229336 111.36456129542117
165.5120769090801 98.86651341865857 739.8007774524642 2479.1288204464126 46.67207982616034 783.983655873807 2353.765311468936 909.8614686370279 31.82620637970087 28.426269858201955 6161.640337354355 984.4100167532463 1558.0649656643639 142.4671986123762 778.3025734722156 666.1730376154485 120.39597811347481 3292.977851045368 303.72696241277106 253.3680662646439 46.430120754097274 1052.3541407855134 680.0223212675364 384.70347501902097 1428.260477418673 367.445154354652 7553.3307099369495 944.5880437846421 495.9353121184456 585.4131736281181 235.16836570875182 511.43262073607264 814.0683578771354 10416.992286092034 451.73598396250617 477.6752203941183 4585.1001662767185 3175.413661109918 955.504777682174 306.10268858474797 2916.238261389485 780.1792761693564 379.8168590437787 536.815132128107 2485.602263117487 812.826797901737 283.72629688438946 47.143219011686845 1840.179260881218 211.94434824079516
106.29814467653 82.47771649810551 317.57756518033165 1872.6278169849256 15.905977134570303 343.58815547346194 2443.695185921024 607.7176045593102 26.259546406126965 29.81530299549921 5141.888513612232 732.4485236007882 1050.181466448217 136.4466635754525 655.1236146103793 546.6071318581905 187.09040484471308 3755.954042656294 210.61132377494536 134.66604705811133 26.708073146111875 740.7082231873308 378.60946578607224 215.41816990663975 576.5117945322464 334.74957090007706 1774.768284547196 623.3550720906849 465.0916154755056 196.05998803133537 263.89837094507317 232.25875480585353 468.4914177002938 11342.267579468915 373.1030427004353 329.8185042857907 1969.5018108115546 1777.3478837694493 80.49416396803916 319.7725531446915 2031.423158907561 771.3960151252224 218.6426015563531 506.95244089058633 2278.471538324114 421.12474553569314 101.25634547804214 56.752906758574404 1571.2428403186823 107.44600180418698
136.81158026493162 95.13055177910417 471.683238682992 1826.201957595448 23.80931805574578 463.1102391497075 3386.1756285827705 1204.1403396630612 38.98567036305396 31.039351701337814 7873.088310220472 826.8874703114482 1639.17513006393 162.88044592603262 322.89150771803315 371.1764635429987 242.65982713420587 3874.223335658422 263.5725542930234 240.15784135566156 40.83296713658094 641.9195853265098 455.59459783491394 324.8492491412603 1168.6338211140703 323.3344582821802 5540.747070903387 843.8175129689901 494.5797815285995 671.7348517776196 340.88884433695705 410.0522087140728 625.4790642043608 18126.99695188679 406.4501325252611 446.3139085850917 4970.796942253826 2078.1549449994127 847.329836744145 582.2662143708703 1965.7515563344273 1459.3488626257454 356.82789357826846 627.9172160886474 2941.1650120122285 1138.526127160625 239.97171648310908 51.9364483059597 1434.472964198937 248.19141605273188
150.60488179423956 139.97789715257906 950.7694783007327 1438.1003440459747 22.607220325899544 561.4786388531771 2719.6051397548686 982.8731286785369 42.31437611814866 41.24413182285624 7219.390572507102 817.5172211952123 1313.7461244937854 164.70020119419863 871.3309659674399 606.2918905422388 210.0544059383058 3705.840491080274 231.67628453476271 208.8472178253081 25.77422281492226 629.3846088133408 558.4430705750513 353.0054865309639 631.5542318496879 170.6671116330776 2693.521721700338 682.7903625671555 389.72564539257235 470.2170798327382 239.4202873305193 489.5079475631876 705.3619853711941 9937.846556042172 247.8762187604619 435.8577878374814 3966.004618050254 2096.725532586873 687.4452568369691 363.88915038332783 1124.3761417843866 635.5462139897692 267.9692103959547 519.6458448946352 2942.7040781551837 606.002137467741 190.21775985634713 12.128080719276657 2362.1065606322336 219.24784409305204
119.08091737086491 74.63212972190018 466.90869733885 1130.7046198949695 28.557793737179164 219.61751656812595 794.9797469922175 663.5220444586869 18.984167361122182 30.063122164145412 4314.468003454534 964.9492889598318 1202.374052685512 115.22113364649269 438.2207843685883 434.0753321665911 184.44944664373583 2231.168374935547 157.53131620562425 124.83502563859011 34.98347674879199 725.5992102528915 337.1006752620244 289.26187468302794 404.0126748360275 252.16245543839506 3098.5062857090525 533.9897442919827 287.3082227858731 526.3803606037967 188.68627778786836 123.52447174193652 548.6795168579354 3089.9959743048316 278.69393464335076 56.74662120652489 2899.729561011991 1331.6612074238333 551.3863225217937 178.36152138298507 1086.5098668506314 1294.0088192965454 190.07349542254474 273.13558768250556 2071.4642714391102 601.2533155296885 154.96117514517738 31.30690949738704 1414.0514229318237 176.7514126668027
105.51697486956002 109.62964502251985 927.6988847240173 1350.5640214859322 30.18442395429346 802.0672811920014 2822.8763740207755 1212.859326430875 32.994551260903776 41.71460586998421 5128.458528376799 1207.038264777893 1900.75496661582 177.68954683038208 766.4360542085371 722.6251757890333 285.14936008606793 3396.460095635846 315.2551436924934 286.20222967345904 50.805288463451944 1133.7048124662524 715.1333394293885 353.44243081188745 1048.4759888744077 524.8013499552536 5634.676291011219 887.5879692633076 288.3928040978763 644.9148272715464 332.44909230700137 500.29013457535945 819.7939922429623 20381.954971344356 432.9991941239744 476.68766453543924 3697.2547844814358 2836.068813961776 522.6437847476722 377.37604569474934 1639.5640923372341 1150.617399444428 367.1436296384259 552.3803005287854 1671.2685154607764 768.1715397707251 276.0487823336026 64.59556175234482 1390.7692323826313 320.87236546853734
161.79707807170598 92.19648266253677 729.0585666136592 2147.221264897898 39.28995847309313 571.7699014914539 3049.2947163461345 902.2706251926672 34.73935470395693 57.39627523516136 8396.697497394549 935.0534140176928 1331.9570388385664 143.01998838461796 844.0332243684288 788.6224161264994 271.0506297836782 3490.931834133268 270.952709873 227.27857275756267 66.42224310861873 1197.0212700792497 580.2043004914494 425.6255130080449 1150.8416356822088 365.0157503622381 5861.445214977153 734.73928835703 517.220182848722 593.2128918903237 310.0093103340423 503.28370141332 516.6650071962549 13217.625489528498 449.1973046117764 560.3288724557812 4764.924735470489 3420.470260964585 1007.0964432878898 397.6489999978539 2307.869863407653 1028.4948374187202 304.3076770836944 378.7368649031288 2737.3322005271193 1043.0033244961433 338.57903958602367 73.7405247650961 2090.784695162158 302.67865717894693
182.59050624652218 128.4662956274413 603.1408584178646 1645.1882296162553 29.288876965675588 676.2942786507331 2759.228820876766 1177.397003661631 46.40907256041237 28.489437555276925 7386.290061437243 1189.93870630536 1869.738424073988 177.1156652613099 731.3524512453918 1036.2686298067208 325.62171004645575 4122.719529092072 460.36308541390423 170.15124664131883 54.32694827075555 828.0292436801399 639.289624316555 412.2975874795466 951.1485472232785 504.2523978657406 5720.14468977754 854.0863978020025 711.994259258958 652.3734822524166 280.02854512316037 547.9329599593194 1113.237194901028 14613.369311582126 409.48428874730234 538.5830013846303 4936.694949368648 2919.2953151748097 803.025060017338 420.8161922688014 1974.810697019121 1490.502424694958 352.15891869154075 626.3626300385157 3631.828672740731 1191.3449508069286 359.89288329174934 52.34056829011438 1961.85303873113 223.27500417669944
85.35278367965631 92.67763436333442 986.1839475078564 541.267889695988 13.686257770512945 602.0494801684995 1941.936186480348 1.8564043122134422 30.39642378797074 19.684372145508306 4113.7031749658545 619.8162274161582 1149.0753727352312 49.608683517019564 840.0185643981616 381.4647170804094 223.80197467074396 1698.8404373286262 256.0737973987071 91.03333784545589 51.92695190743374 707.8515557710916 482.5352936042144 268.1339923534716 256.8871975276724 435.77121664685046 3171.863482024285 333.43454538102696 556.1854442934865 444.90326148333213 168.84512964887523 221.52113308773923 440.49037015618603 4153.321720005515 69.18438008767511 140.8815374714237 1210.4086931358672 1582.6627248249454 461.0174354746699 193.5137101658819 1359.7194612204194 1650.2801623121488 261.963449338049 327.9716893137303 1857.6512509058066 527.9492062543345 189.28840844630005 38.13222798747661 1612.5581906205568 262.1493224016408
193.6521978341995 80.73949507576812 832.336848440764 2000.7673738647782 45.37248994589993 889.956663798295 3073.5705777867934 1626.6411002898717 39.759666364255146 44.87233426071033 9433.858104282046 987.8436061641969 2386.297931256435 171.02646338274596 797.6871236290001 651.7288330287458 289.82251658450326 3240.2933938504307 398.7798245981737 292.69080146687475 50.710215138444156 1261.0592423145595 702.2341802584396 257.8993140794733 951.3160747622127 444.92887627773337 5146.187370853015 698.5128290947773 566.2753479428749 779.277000425426 330.0084549481915 535.9803108895574 747.852961790135 13598.214690329401 397.49725057806245 435.49910941360235 3769.0407694806468 4767.162978892797 1148.4453942044438 475.29854012794243 2511.8854075569106 1930.57017070437 474.5663045320413 538.0811135665003 3972.4026977600156 1001.1270554050172 338.96360561679603 61.32507113310622 2270.209236957987 227.0920554556036
199.19717762574408 82.57209764761033 825.0857041815672 1582.8861002951944 23.279562290453587 862.6809679452697 2139.0144868399398 1681.5626797506 30.316922020178023 27.664956057172418 4738.112943943967 898.6143156681434 1519.2889594706314 181.22696178212138 579.841213391913 218.13419974396288 255.1348798112067 3015.6095438155558 255.25746990843572 274.57281489603315 42.93651225743002 857.425288307435 570.783340861411 380.81168831938015 800.0521734787178 416.11031977118273 4149.508084125805 398.02736854152056 463.0748793571056 649.5269509192311 195.85831723360954 356.1596271113215 973.6053124738761 14658.29966952321 296.26771575061736 331.4102749498428 4238.737849921923 1986.331042038306 721.972360768244 326.0298797846519 2572.7384516362936 928.5656177499214 340.117142777865 539.6588870075309 1870.998611743086 638.4985785642086 283.378105715409 53.30339696602986 1582.842109910702 179.66613077538713
151.41900092917635 80.3519027286082 719.5823708699342 1783.5854219403384 28.393224631739415 597.0165218763882 2918.6449394203214 1351.5710004553591 29.788879504557467 44.886768616138504 6672.397372039094 801.679681785431 2082.8178197920874 165.28996445158495 483.0338425551629 453.47641496702227 228.62270178114548 2517.4521986641703 302.4470206471771 240.77473570142345 30.36317472529279 451.77669172648933 372.53489346173563 246.5519329199033 409.46029102407584 180.980236227163 4081.1544884078653 700.5719665412224 433.71212992309404 670.5783752379639 302.70919823372543 267.93059207717647 896.1428825111498 13747.315059578197 311.4916351829046 415.8277634278683 2604.826468698459 2567.320007267801 581.014079133651 332.43759866282966 1786.8000141179596 1324.8159240854502 328.61644089914785 608.0226196540724 2854.572830360554 866.4700454129694 223.66390633077472 51.439759751798306 2063.203092205546 200.58936591478124
176.97948114259685 73.82633274336258 947.7310112893088 895.7001688340479 26.090202030866916 343.8254180938546 1983.4376100789934 1191.7018668059284 33.11932547966193 20.71791200208057 5056.942809821807 354.211095327987 1546.6653146348535 158.92579350565325 737.8519499383217 441.2317739028917 144.61496810797792 2339.9112488036467 262.26181510224956 238.78787257988506 22.47000171392751 529.7923377030434 467.59037105534617 322.9457818439024 956.0444180606956 333.24916432202747 5156.877147198612 668.5998757980873 438.1743235203319 397.5345973714791 140.28261857364384 216.40080420807823 704.3604411427408 6888.88275614957 215.06709282499676 224.4611669437947 2478.5279052243127 2850.2334646053905 1086.4934667143245 293.8522672023671 1525.8282520361663 913.6843289698475 185.27383230341144 320.6052132858415 2881.4471828083765 551.1592890449263 346.22652528293014 44.241627487708435 584.2272370301254 131.64162269494537
129.27595465309827 90.79541800158187 600.3622529803952 1266.573821469367 38.11801707504169 455.7202963517955 2989.9818744686463 1167.26011800294 43.86661303968114 22.020996085459842 2705.7912772707627 960.1824648419882 325.79002098839015 195.36597859511335 563.1801673447595 392.58724955926164 102.41455444531445 2631.4478894378844 210.372956636076 184.06028677407173 37.86266298008605 819.7500133526048 697.7540917800578 162.16074375597776 1254.186239388109 317.22912017822904 2166.2151677836337 420.4177434923227 182.2073463481446 639.5813322471964 234.5624846789052 367.4744093200052 492.847707419736 12163.453182841813 339.78164037359517 322.08399807226317 3446.1194881721303 1346.7968624902007 528.7735960055472 189.12287957503122 1609.6965515316333 789.4618007485991 261.61038843272576 678.3316814674062 1887.551983314909 647.736593433813 239.53729779306454 44.6862292530795 948.2207312708699 295.7526620815868
171.14740117225534 105.96452030217537 809.7737623290993 805.1299169482767 34.553642094633304 253.58926520228766 3262.900530163349 1289.4711911346096 22.470314880386464 32.66912174257722 5037.528020674981 874.9494412571872 1345.2774692402136 233.64925747984637 295.43776924489106 695.2685006779598 261.65507656691574 3312.8252479274443 241.35621044790156 187.21917714327327 33.04774325803728 780.6114961275522 385.2425757649657 231.65008899891876 761.1445335996965 456.88717289745216 4096.709727756544 534.4675331755834 615.8627682346802 501.1633274658054 118.18799715118297 208.61921008735666 684.4396876362841 11542.15729141657 320.84179685907026 394.5797646856084 3112.563745305002 2220.705967161559 470.8721433152393 182.81607119035507 1254.2074497191256 1316.7883926860902 317.57054709466604 445.49292416117413 1452.4761155601082 612.0857175090218 293.9645470946824 50.81207838122722 1202.110795044133 230.62088528423183
145.0480254761756 64.88656626772581 639.036090742402 961.4734683922607 29.065158970418864 683.2206302197593 2778.7845555717904 813.194050037714 31.14729290881492 29.162783283614857 4880.437027921009 648.2094828508957 1166.344749986662 104.9742129263373 348.28716381037884 638.2585984772035 130.12274202952952 2748.6319879442412 120.90876180544146 199.98048719587376 17.7918758390703 733.6344584885371 581.4400284824299 297.9048826462822 658.2386571651517 289.8579499115531 2770.2449951615863 527.4532147674935 409.1112942888835 554.4569267966339 173.56407027125715 261.49243419599827 585.0443580137087 9168.283292740933 296.9001171338062 274.98632183772224 4370.994462061374 1954.3981599623808 779.5085417186954 302.53858358999065 1628.5948295926314 1012.8763515104824 330.4293277666702 367.17929132189386 1530.2690563544954 636.5778917907378 172.48031049722795 46.06897800370656 1023.3899564983642 197.06760115594687
201.18481486390593 94.46527790893266 509.7963291912543 1487.5179981031936 30.63149790151142 840.0942234881079 2742.6091122690777 1668.4704105685514 34.0775947223325 39.898215445847136 4287.988093331407 737.0573242125332 1575.9806660878821 137.37474548473762 924.8767433074833 747.6547964251583 250.0519543184637 3609.285630874347 245.59024686439804 252.52283472861518 41.7493970712899 847.8242938699913 606.6454001346666 335.5765750296669 884.7187032403931 445.7529729159106 4560.730809912651 786.1483283961587 386.9680660035744 725.3255646622551 268.50996205003617 318.55174435453563 748.442092219371 18769.145752522018 396.6250669200746 417.30063631262044 3295.172696768667 3093.644176270434 675.0613441217789 380.944688426656 1658.464994368056 708.9330434299469 347.9391739193624 703.0539379281269 2066.824071303502 780.8111771967006 272.5498850353816 48.810547406570095 1359.9263593811231 215.1518178578611
129.10334824346046 86.45195622579229 641.6619604682734 1055.0256336924965 29.61035373629558 461.8421499687503 1712.1591243585708 1126.1344536241152 24.261849375981395 35.98273036671327 5463.753411716253 611.7731775559747 969.9739370010138 129.18762318414412 668.8422738453341 540.8213840052421 215.83345873700824 3665.2433438271687 212.12418250287783 208.46497150811962 33.942075403882065 695.2784182280895 567.4291656330902 233.86592406419248 867.5543434107104 428.216173743672 4915.82269364245 683.2054073513644 616.8522130363957 551.8800608116171 284.1410365206794 385.6919458709577 792.4499897099508 12616.292890932331 300.83148388464446 332.793725078433 2210.48425512076 2367.134568764618 621.9449558397121 283.42032381895666 2098.59956635314 1234.5544047500498 302.5292182039746 355.2742702456652 2459.3853463871737 764.0874050031822 178.63958347314826 40.822161666887844 1003.523044862229 178.47411243733893
111.82778772332753 81.05218991547395 287.99343652730283 1242.8283568039851 24.465551028213184 295.4552833342859 2318.746449501479 836.5580093794572 20.870820079704725 35.3258894545358 4445.988811091705 851.9228512427859 1093.081399705595 89.64651135453511 319.2800595008805 866.5976160225508 134.201393012712 2652.9816990719205 310.62999954934844 191.49142731851504 54.923505912627306 472.93189091771137 518.4466712598062 383.5827329340357 921.6497158870251 251.80384091374935 5984.098307470495 521.9894886777063 608.6670740345011 431.3546924494954 380.08997688106246 283.9709928653849 784.8380034933264 13898.439694537632 353.4116498703854 398.3118692505753 5233.4695077215365 3433.5757821522634 1033.8822080454474 267.7518887843647 1750.519995025891 1028.2168715002526 269.3180283673391 538.7275911465439 2295.0146847908763 549.0592794604107 173.09690567177694 54.13435802685199 1265.8119798818238 204.69803002106164
94.09157181504598 79.36709607226058 747.4506538317258 1355.7960617188294 33.11400029143597 486.0397422110167 1742.1815491179136 627.5248246091313 26.449346395767233 22.714248797982886 5890.256425312823 686.1344826831877 1740.0586293038002 146.8267428370253 664.3299288492734 500.9658011207986 174.0810488107677 4012.3230699438036 249.15613422575683 262.08395012340736 15.919208914361118 635.8994720743718 542.541389814546 262.66675114023053 1206.2366372622132 354.20745799331894 5365.454625638874 527.1717941484083 389.5860067597149 476.0078590473961 149.4514974104497 167.64211358555704 733.338251009617 13161.463494063866 511.60101153585987 320.58193643765117 4477.979467755255 2724.0567878981465 716.666576280573 191.24228297183163 1935.8585634184149 976.0872790604425 254.92314202195945 398.73037961246376 1852.4311370368227 463.3645563222177 52.11238196186666 16.662713561708443 441.970882070366 147.79224014571884
190.66310331693848 124.41842287514714 741.7911704994584 1178.2073254891368 38.34550681840773 705.5401271714046 3269.2524967883423 1072.0451302289223 50.93112426275974 42.58581640751604 5498.01552426892 679.2009934121111 1828.8531570716918 57.4767866829544 495.00013863655533 528.8827046115521 248.14759155178012 3565.542672898031 358.05677272169896 226.03443169099222 43.3087983287023 819.9510807920656 514.8045456400537 368.9272579383076 918.8977477168065 382.75370491806217 5243.107528222735 494.7640914662406 446.8300773274645 572.2731640947018 306.6940081322527 192.50994254022697 866.4224865055139 13737.403682047916 337.14822444469286 367.2594718286014 3302.8053477856706 3149.3718604103374 800.3449796367494 333.9147942349005 1913.420584005205 804.0426571011835 321.5585820793978 579.068083123946 2742.984138837635 894.184263656902 185.49742625052684 46.63596570622723 1451.8701296719591 115.18245154041313
118.84278099199753 85.58145009020245 632.9811923361041 525.7093557764513 35.51419122196802 373.511731761159 1599.879776158496 1025.0614967130355 39.00692607697779 24.05882370062708 4332.360350773564 889.8644510345608 903.1566651108008 91.6195515167872 638.5675262583584 476.92091931687116 136.17671297552815 2157.3318201066536 113.35344653479305 143.7141100630709 34.7040996661277 857.6647989466185 529.0032430751984 219.02581660069274 421.281376749109 112.19185539755449 6526.2179901453355 504.16538691237866 437.1633719585453 557.371920140272 186.79132771196484 265.08589656649343 712.5357869373904 8843.497206730079 283.9764331520388 246.6993751588014 2276.074636089873 1681.4966492015317 779.065730912297 254.95037852142255 766.735560234516 459.0783005397212 194.98967397642278 464.74338805247396 2186.0771932561524 803.1768870897948 195.18891339797514 25.330738739852308 1262.0904220351383 199.18063702607841
211.98106549727387 127.116226735294 681.1044786123497 1458.330050589244 26.377019193046504 563.4754606156362 2406.3429900928872 1440.5108306424938 34.25095061035537 36.215037305114244 5506.276926446847 1216.9585945730178 1373.5812246615503 161.3198320641515 738.7244319763021 554.6450039710263 193.6541918411919 3166.961684274363 296.2997621525569 192.26142272685524 30.371384963938773 1106.339608062415 559.9273549038301 342.83602884993667 853.7722278484971 332.89400400752265 5499.574960566859 626.7564774856157 610.1082893845447 588.1783078572923 229.08366379126863 352.44781617203 654.4733923901766 14594.234164824467 269.2635767054485 266.2373171760253 3874.826265278778 2649.612800977133 1018.2605370564088 315.08219056243354 1830.9202900158057 1419.9328586275426 162.90349429845304 679.9851425854091 1949.5445900698055 845.2242010741403 202.39249109818783 58.30932984111084 1384.9315146568579 265.357875827131
176.08804415452164 83.50373968323026 572.0447014756259 1373.3900413828642 24.027979448461448 646.2012137853535 3154.0373400348335 785.8781249567863 24.0999456675047 56.13252142753513 6557.047438076539 774.2279984124739 2152.408358690718 172.5083759367919 708.2112006728944 768.4425875298507 187.602740756482 3748.299081144707 224.13121087825422 173.0015454951523 38.898259407764286 1104.5406906041212 519.2278948784065 280.94591681647194 1111.3649334073646 420.1306830905836 4349.493969174138 839.4919011116328 394.0073284432714 615.1232792945437 275.7918235737381 301.76265157090285 624.9048935068977 13269.437242352291 343.70405514977733 339.1553949935884 4143.236687925622 2502.8094302690893 874.4224489124372 377.86188641117565 2472.2939042575445 1010.2213480050104 320.166696473882 572.4312083798154 2574.232850979629 927.5651458650431 188.8158257894841 66.93248076715409 1607.628496991576 167.8744536194625
130.0577673976843 68.80200589335031 366.9624894087439 1275.1775748437335 16.95619070393856 510.10143353428793 2048.9254449535 1074.6074087748966 32.88066856945419 39.73433652466036 3055.678891314166 536.5083900990192 1092.536199882903 159.38461790078725 594.119783341386 260.01222767862225 229.5535350805687 2407.1568978006762 204.0064702218044 168.33055491108823 48.23875849519665 362.3888498407079 368.6111602204688 238.68164527073316 730.7285976267661 227.02399800079738 1647.3966397539903 417.181775069918 321.48574306347416 500.1762280498156 216.07104920582887 259.5770415987372 505.81319292842693 10937.85243325862 228.7962781439777 270.1286780639658 3985.8538096886887 1826.3695292326638 570.2878977318604 366.4915073569377 1565.9128810627642 764.1741566425428 183.2136400164618 261.42245950774793 1876.026875798587 382.93016576222897 141.2605453685519 39.9668756422337 1911.9760649138104 262.1260788788136
131.22638287327422 61.69264426493807 678.7599697590839 1664.808135043164 25.542902243133813 706.2472286552387 1973.622041754366 1008.0332201535954 34.30366626375481 31.061147807692624 5411.373225731101 1009.1282660940848 1295.1205946399082 152.8132206203334 665.6789227309683 458.54940155957087 182.4157400889661 3395.471123195131 356.04430831322554 223.56715766511456 50.60508106477912 692.9165087039523 559.1070889412337 380.61279215342864 620.5688818754514 293.5816825048593 8291.84411826205 457.05797045891654 355.3341044635105 442.62423519221073 294.5939389805483 214.94374763114655 563.7152106924112 13707.143207020323 412.9116320516404 248.21406680934697 2293.8298336764583 1388.3127632554829 671.3995454563453 382.96301512949566 1753.6320470284663 519.3354761152477 283.23466123151235 93.46665856211145 1507.0086320782889 880.7408228872064 210.95748256368987 35.64543978796054 1335.4354108668542 221.65228240604577
207.7800476894475 75.57815148558751 725.6632766031564 1115.5204354352365 37.32104014080964 597.8588439576932 3039.34456473107 507.22243657327164 46.30196901161001 43.4496907259214 3997.145768622093 561.6673424922272 1753.8902731488934 225.97414182836988 865.7980285855022 752.0746464291967 269.25733518498186 2492.785654747168 367.38758846537627 244.56687530124702 45.13412581309176 435.4507204013522 478.0521213681077 410.60711949337576 1120.87918533288 193.20717110058285 4394.2585312292085 761.063794998797 584.7620661324806 690.6935950747045 304.9242879210475 461.2824658657988 863.6703024131502 8937.719554406125 438.00201504238333 326.6604136669684 6662.416991983598 1929.5977563085917 857.3061546042859 293.4297464353755 1677.3667782719801 1330.2762183611749 349.10901124415096 452.5512537848455 1930.0055677250698 424.4580236921377 166.60191065712607 41.16968083657031 1409.1262931312747 445.0507017092567
184.42173891320897 81.4495717093042 602.31330142889 1510.393929518507 26.552663258182413 685.3631117719069 2493.1977251496473 1100.8046387784661 28.10430605347197 41.37557545584899 6582.803900679336 1017.1969445682565 986.4572006037695 127.50254349681545 705.6193674295282 903.9271468284679 188.2695724008779 3289.7257923305606 215.9510470362251 278.91726439574273 33.9583157492894 893.684047418817 595.8536909484269 242.5747019940927 918.7687321830101 303.95395403881605 4354.620502334014 513.7828100245738 505.801602443401 530.264929168476 243.24436511597608 267.1439783813611 650.6958224728783 11975.880014705734 313.37441635912364 349.45106302027534 3489.468866282166 2408.3932658608906 599.260265151542 432.8173295308738 2085.668804355133 881.8843609389522 349.03329342078155 459.5214315337457 2299.7235910488803 776.2609604562746 202.82106309458834 30.54470666337657 1636.2602544827964 240.19415468642975
99.03510479507445 78.42254979369008 715.7088665052846 1109.8851993370008 36.74068781655307 457.829184756126 2295.079651105855 1446.1073672184011 31.182272022101586 27.554948312215057 5963.236290750319 1311.0827238999584 1873.6434448916452 126.10105006007386 180.32289358089446 739.9511593716628 198.13281777944204 3274.189723700173 347.02135942386354 173.9754534061754 39.37369601111247 897.6148955060273 329.68075472404763 360.7308826444033 698.5150182833825 325.92287841267085 6792.418560291648 753.6836234682272 695.7211615384751 531.1019299194412 307.80651388988383 377.34293154072543 748.0479047155435 7396.1101164915935 347.33888481706975 402.13999791800046 5103.182069529432 2590.887928135403 969.7496761863943 262.1866335474073 2183.8016441333148 1416.6058881449073 303.47495495620586 644.536296189742 2509.6408679954793 763.2768773392282 237.11598333990824 49.35239789337273 1429.7929916260255 135.35329089025063
94.70327269310023 79.04639068635117 703.016915704221 920.2334195272576 26.944300299225763 824.3344741199486 2743.3330242061993 1153.0617232874197 30.14143255418132 33.535343579100115 2976.5835243654647 861.2099383420478 678.424585604666 133.32541274112 614.9875181179385 518.5648983235461 171.91305834148739 4364.777611131686 180.34864095378452 282.03004225518686 32.36853058093941 539.5041719761304 517.9498290994704 56.59990726331911 527.1297570540167 289.1295484113995 2187.5608882429165 379.79490371689826 470.84150074399946 336.0409648643472 148.83372456959222 279.5023482390016 791.6871435158465 10805.21109914554 334.1278627725532 142.96093429562978 2412.65194348329 1934.0220877508052 829.9860809218272 254.76587204816235 2604.061157948777 540.2998444780392 96.01201484002411 434.4705920519981 1661.5682622165866 846.4992750830031 277.14326049480854 46.17293839770883 1730.9363868916532 163.54764463060886
205.1132336897035 81.47731727749385 1056.957956440093 1720.3954455686503 24.544250292424216 596.7825883323327 2169.2019910649637 1091.8805950512078 35.096857909262795 36.20469259187811 5063.947176576828 866.5520934780177 1138.788353151429 140.2065082727642 471.13502713694015 833.7393570672591 278.4068197238027 2942.4046321660962 214.51092780434456 227.90920006740365 50.643341432438085 731.6790223965104 573.266183871468 349.6251797460878 898.4084912254677 366.3136949455765 4549.46917699818 600.3996092525824 509.66136109551474 502.09108048787004 338.575609696083 485.74301489155096 842.2941396524932 11635.219727986449 343.91477939831606 374.4304274581274 3524.961821512317 1881.233628702409 705.5368337476872 361.5645910769489 1746.6244338777306 1327.1812913587398 303.1801766977495 513.5075232845951 2494.7137609585075 806.8440903954997 214.27194308960347 38.863397068517486 1408.1641857879476 291.26015768314574
219.33881308187938 81.62652411892934 722.7177331847296 1635.4317925092782 34.19643259160207 795.4900970763659 2587.766558406464 1324.4585617553894 46.33112215311672 37.870262368195824 5226.498397814812 989.9664006743769 2055.6764424255484 206.6052369663061 445.08274678371833 583.3686162906191 290.92495989576395 4219.226668202811 228.0669231499841 269.51145956295 27.564969301005412 900.2389802583072 511.5967992253051 426.0844937397123 1097.5383725420459 403.207838891357 4392.902084241943 673.7970852468607 391.26423290761755 573.2273547876773 297.72147986841674 365.40749600079454 796.4298771286627 20286.74062102797 505.4657202191423 479.129093681107 2989.46408797638 1889.8505451942049 1033.8674692067173 336.14990366398877 1508.128870449288 1133.2948225306286 275.5408913746597 663.5325799923378 2067.3746603901136 904.0134232317945 213.62639144498124 55.24619598342476 1841.0377303938371 262.29624121500956
64.88585560422803 50.54839700432528 593.3823489978687 1121.2475787212363 21.826772752551136 383.67168626767386 2362.059788567995 1059.3892675674656 40.863265585301725 29.673938177062364 6430.857137139361 411.62187083433514 1826.012868686547 177.89113727553368 490.5120479254064 258.9183315604016 258.7269625303313 2208.9173949042256 320.7407404155432 144.2687603033035 28.374150318605 1037.6468339753942 415.92092152012316 196.02253608914006 826.2610970082687 288.9204544970855 4450.217074389576 568.0744217764098 388.3772303462613 378.18984637920573 291.7221278113884 319.11688238814764 835.613144765172 12431.704682454503 360.384793712829 313.4611157291934 3713.806664001682 1330.5984218785725 765.5219355674551 296.2322913133516 1282.619369967424 1487.5557450766394 253.033446187384 436.091580242083 1712.4053959885248 1082.4283437528813 130.27976431554413 50.90649445410715 175.03406807779112 156.96002582594133
123.73380259162826 67.17742727614694 677.5479715565937 1616.69630782695 36.15445203463401 462.4544151191599 2606.324607009565 1324.9839257582437 42.46629880668324 35.03571814321975 6276.293467788128 654.138613874118 816.0749350744591 127.75202919407198 954.9155382997754 721.3133415182408 344.6643391188919 3442.9315483780615 235.54500165051527 196.4363743644151 25.305048934430367 926.7269435164482 574.5876521979502 367.84240805985763 660.8616983244633 285.3343854559427 4636.338647633312 671.624047917669 567.6577917329977 472.5522301989825 322.7137906921145 450.36728868923194 832.9406666833208 13804.740231949252 418.33931005238736 386.1648795808501 3827.8178965808543 2101.789193986125 805.0754785601714 373.6942190833393 1775.1464325824675 1286.767648492679 248.1388089217819 556.1151979283467 1569.7214350724919 842.9013001575568 153.2228750356025 45.53902553460437 1273.4097558426654 176.88424737135358
52.86812266803259 44.02070216663199 395.01107772060806 923.0578104078045 32.225448961150725 403.2414788861424 2162.074365486044 951.8266382496156 26.10235629552965 15.911159856141365 5978.1882219670515 965.2447770942385 1174.827482788594 57.86059308605048 459.0279824117449 567.0912529536059 184.53459774559042 1614.9534860589897 228.90325985328178 170.90562499352518 23.887882335796228 457.08664818879737 502.48899574263805 137.40734112179945 803.656644759583 207.2967621080452 1656.3552403509484 234.37647989803258 246.89435155788254 314.31302721812233 21.13168993626011 320.7765583566947 382.0528572405925 11394.095607444826 155.0095909903448 183.87499503143613 2526.240708188181 940.826854672679 179.8992194482767 251.34459181544858 1740.65188769883 1146.7760249188104 285.37439473727954 536.5321890761802 1925.8070050289875 586.9965285717791 166.06299592650313 56.23997186214851 1068.6823871908728 188.02289708719104
136.0461511607735 118.42610130480978 1050.6445404520155 1394.8751070144654 38.98269668363189 234.37791696392995 3513.11824040796 802.087305324629 24.380247255003 37.94936084574026 3528.062383844547 641.1509991770338 1487.3857945190985 64.10465643355033 921.0831368384214 482.1959192140322 244.86861114006524 3155.5726826868836 313.18968091366196 224.6965114092452 29.454077000173577 592.1276645929262 684.6417064675611 362.8512013172769 867.0224939795859 156.85570608551353 3378.2865260264643 435.08256143450643 403.9580240997132 420.7520825699844 314.04634752404894 144.7543397413898 758.3479346982404 12841.276212671426 423.710900233891 477.4209691940326 3071.3566929838803 2154.5052647987945 584.220194816393 266.78065997539534 1509.9368313732123 591.2147850755978 355.3728812912441 674.4891741196486 2615.580839781613 879.9964030349867 202.74338214548501 61.89678334277294 1217.7758955399238 164.52766682345856
185.23018294285743 144.46563450568087 890.0609061529021 1798.0254121490439 25.687059185562802 585.262499200529 3772.950107237752 1590.1544351255163 31.117103043890662 34.58538608051881 7839.713504682553 912.9651597690696 1613.4957819150054 173.98984920655582 697.0050282515087 679.1439820684805 314.0059732688031 3260.5926199694936 339.106594783472 296.52759082347893 61.07254234128479 743.8229454029768 550.0446738701711 485.4793026918293 982.655608518188 339.4169048051746 3246.6790091457588 756.8075064648157 543.1139634082582 573.7084503051705 293.0107882929846 432.35785163833674 976.2798992707078 22814.995275005353 328.167235669705 595.6838075273191 4238.866970811239 2690.5368665623378 805.6388833223883 508.93171813495155 1420.2703766450086 1166.6648862941208 410.78360076090655 647.4841701411912 2658.8257714416313 726.2285072773504 213.77109244245693 61.91582049847316 2361.525323535572 232.5446725930582
124.87263220282207 129.2764277401179 736.1978722162779 2008.0114997556498 57.48339939187574 857.6816194862314 3390.4388667761987 920.6958285503976 43.311303528854744 37.87337630292463 6040.057000149964 1260.2393254257 1349.7567064441457 132.83970694154615 743.5641509640287 801.8827118104225 387.0898966846406 3981.2604342404265 391.89334500197714 221.98462280274398 52.0989213275331 937.4588245024086 822.3337099571224 447.0420905694148 840.6970019873677 413.30913020346395 6517.371904834052 663.9185046040988 566.2864367089064 450.59118755881127 272.9417081297455 446.2583584184648 721.1580629798341 13757.700161413064 437.9568691466675 582.7087186260967 3157.6844710101514 3480.819302041741 836.4579564997024 415.3125775338918 1557.5430326451747 1634.8911473206954 300.0264379287292 792.0131061952745 3142.488516655434 874.4083358729257 181.3532339128236 54.069538375655355 2823.1930828082222 273.3127500621318
127.48480208792787 85.32834812951538 682.6163578042883 889.8774327536107 16.067795620551937 522.4065873756994 134.71655797369283 388.0011162540829 32.35910980426091 27.154582514385574 3692.7236463206964 754.7481097226193 468.89898552241993 113.91462942317929 434.09074990295875 361.7847705639375 68.48629162520014 3318.8707789394953 152.52181327437287 122.34690635972302 18.93316636503105 768.556883190191 250.08714336597018 290.38316217262184 564.718929694335 152.94497175564635 1831.6367492363736 460.92641048446495 400.8748636618004 326.16245009502074 35.04727832306331 283.22574313842364 294.33651391001206 13251.547529919664 183.90668441486076 381.8351850250199 4263.251158980564 383.45046449038193 342.68136387971026 361.3806356595293 1966.5593341050062 594.9279346949547 211.80696368680668 190.03607445654686 2138.1804833721617 418.9692938127884 152.1722611114166 20.157905504671845 648.7187509151963 236.31674261494786
112.77917005102759 84.74941397637807 727.4371544751975 1906.6018644409992 38.148665397760524 583.9547643691486 2369.8922665701702 1119.1795455357842 59.66984343104933 32.31163879888437 6552.39510046049 1077.4847835365538 1588.9908986422513 120.15503424089032 844.8359190523369 526.2791823275378 291.45914474605996 3549.0358971077594 329.3427609950673 217.46257902158678 38.25970320992521 1070.162558028557 591.7366816246061 352.90451143110994 954.4912399937946 406.504472560547 4699.388627850169 830.5065559243976 584.3658893118277 680.0729249244308 331.38012503351274 387.69164264690613 711.3438582618658 13892.971294407014 293.7308787521972 365.8098015005077 4488.71507529226 2936.4880982710597 651.4389226917228 456.8336069474277 2254.4798738109766 1398.1711050889035 236.46813620865757 481.7697032912695 2435.591686333707 1002.851478335173 173.06357498043937 47.26762438782949 2267.8473374409064 286.3197250259454
226.13309989031325 141.15059383481008 1060.5817632484616 1475.6767736434708 41.57103561162696 625.0604510907439 3677.883617582573 1281.0513977078565 40.55101358965433 40.29020924404703 7709.547413652126 950.7989209402415 1119.4303056942335 198.5612387623619 611.8929392596863 439.84339865688617 361.17106879744205 5096.865246809758 330.8895419848569 215.03442758571006 43.97712493874127 911.6689734707002 712.4927565622501 382.77659495040683 951.027869231852 305.2843856447646 4662.418850411449 726.7423553012335 504.10581013541514 651.9877440649014 339.58059314453726 374.55846178744315 1151.3010243836172 11811.71606950969 436.88511598843513 320.69371922006496 3789.2304363969347 2819.904179795475 663.9041894957666 346.61974257388016 2502.4097586259254 1232.8363980950846 269.53081676474125 562.4655918780342 2534.178763747978 1070.3584844373515 295.65507199576234 25.540349210289683 1798.7824617507574 277.13339674224284
145.01449862178572 77.81224473440052 902.9221399371924 1508.6708399232418 29.834933023161476 418.40721138315234 2604.11531651468 1298.9755900708951 30.700035383718834 36.457428114892124 6895.834248446767 826.0854478051556 1359.3225350947437 237.9286332411261 554.3471776068601 589.3947797209114 259.54960573876537 3789.564042668009 262.30286381755235 188.83028085238467 15.860524089170454 687.4246762293869 784.0148881873341 386.7989005085398 799.0807221812598 278.05051581059035 3625.864151159883 436.32952633193975 523.748224344279 509.1279228964423 245.61143170126041 276.1465701057846 724.1045551564334 18581.73635556273 406.37710322536833 446.75862517675034 4383.414413299199 2718.2800782536647 671.5449772080515 447.58298775202115 1332.3764355619976 1277.416079703816 368.5768634298118 505.7913099270298 2835.093872239765 936.7012110254268 269.20300270208116 64.62991354475196 1461.6187834480088 201.97661988282846
189.2791460035589 82.85980693160818 885.1411573461319 1457.189177812367 32.27986561118693 616.2253800241238 2827.081022196998 1426.1161297326355 37.22455257189181 25.008093779367073 6613.070231888765 832.3840978737137 1413.8553836290416 154.47930777460007 449.5157171228867 850.6131487744564 242.53438253828597 2923.8096435714288 327.61727130014117 309.00087617936805 24.79184956097691 1074.9892757607581 895.4107154956797 406.63318216813184 821.7557095487297 262.73589443513987 5319.551648803248 652.156819224731 484.5486497648665 320.4151454532111 212.25349213643523 320.85487357879254 637.6538136083832 17205.586886179935 383.9856072444333 374.4537490710295 3098.858191876368 2741.182232056776 523.3947253654658 359.38132640337295 1436.2161098474846 1285.2016001875131 293.4570728607668 715.7325940862779 2378.8143238418465 770.9752722178678 138.99274108582068 59.22028680411373 980.652840427215 275.7756373569795
141.64264039752968 103.42728602332922 764.3728419559471 1179.439192285588 33.90463196343112 509.77576019428204 2577.138211133224 1652.9897820098288 27.970315894005637 28.839858191871937 7458.291104754752 1053.693398159344 1146.7061794412668 165.78720333104894 617.1458921185734 486.8272397619312 212.27261459319368 3035.217503477849 268.3646194119595 197.76391457381956 36.99868030664658 1032.3369644087359 684.5102983647729 341.2176890674871 714.1060719384105 413.4656438953881 5160.309937719963 494.967880195978 588.4360983044113 398.8174475176345 269.27721093907456 331.8005910746534 580.0007767496111 13672.45068877728 352.3883438891058 396.8349781626789 4548.612519231703 2239.4109901359816 645.1003116431493 338.4992982981954 1647.5219157916133 1190.4765866656496 327.2425843912786 601.3460720764438 2533.6555270489503 763.4008293450272 264.12439067681777 56.17171352806291 1881.8611668494034 280.76969792948955
221.4936190608625 172.71865073991881 1474.130363854205 1825.1024098355938 44.38395093811819 720.7237104304971 2960.515130894783 2411.498118512959 48.843590142936975 37.48154899911178 5771.886984436651 1160.648981649634 1688.01207543271 239.39072107124878 914.8793243352488 410.05363943621444 302.4720391259734 2733.5299639052973 403.3735727420773 205.8434965270382 42.96474588823312 1186.4959404790632 690.6876852556417 467.187582826938 1349.3063489453539 517.44841483975 5817.363677043799 723.5671554605531 659.435080472846 768.6108325682344 328.6557047424965 547.4479613089226 806.1211573800867 25849.281762187333 527.1229380878776 538.372750029316 6580.542216407852 3077.2513777726545 1051.6741717718717 565.2943745624191 2229.3009219209634 1596.6378509461772 310.91223832125837 754.1093313925062 2927.6407311008857 887.0733345786473 376.5151488510277 70.46157569555459 2097.120240297 381.2902911161371
178.64506423709554 119.98796553762949 710.2798894070927 1484.6278272229797 45.33296061098943 618.7846875676074 2268.4478451948316 817.8543580126203 48.253870488697146 42.59927234431857 7272.77266654801 1379.2370298872422 1380.734919065728 170.55796595334587 774.1056257644102 682.9197680989512 341.7339725174729 4184.134875413631 282.1479879389057 231.21903257429736 47.621410613059396 869.3073156330587 597.6189954508498 382.4126753088553 1219.8713624298102 478.9369513862083 5775.515520268005 544.1311692493178 479.0876209044164 570.6474438376663 283.8955302117588 304.9594519257309 724.8296569901087 14092.870414505136 339.70467962408577 422.4599221861301 4319.112231241577 2580.629262290854 1007.8014842767632 381.41216963608747 1805.1034163320332 1210.1545456105287 318.0391637223546 728.58352928465 2875.164082212684 1059.7086550940876 284.7732821053364 49.313385443743954 2015.9572240967154 278.37791222540864
64.72860551206223 30.714960925877122 506.2144598815297 923.756299919638 26.68061211054942 426.626205852229 797.3297046184953 846.3083279467921 15.373095085474848 16.397403010023133 4697.9359693677925 548.2622235883526 717.5859760036076 75.57030909620566 566.8923719543291 457.0175784593458 187.41789897192365 1213.7956535300887 67.53240378258945 217.1290010676007 14.571873366950634 679.9416746042064 441.4558486517226 284.5284704392195 465.2361590128351 248.6340367956275 2893.2479244331143 409.7367017906271 243.35964934792617 323.2436713076264 146.4363403311905 366.7669034169602 203.17213658826503 7229.020115372597 272.20253523097756 233.31538626872108 2808.5654034579743 1987.551370777061 638.4740438298975 272.5819033603722 1324.4872814142889 538.9136846250567 129.6050700308669 300.488695285065 2175.2960271179545 480.4462687144762 243.14336320826703 35.157521703955275 1374.9239664717397 173.25301187938686
104.33246328172564 65.75422020262462 1010.5937068176919 828.090970787691 34.68962759867225 688.351296050582 2927.8584170140375 1703.610260434848 23.16169304278779 33.96699553083011 5516.716584869637 895.5698661427623 2235.4999488647586 92.50967391478396 609.3632761369468 307.5399461300243 312.9030315601292 2754.392867391599 338.29252136222436 137.43472593246963 29.686249783631332 924.0955689749227 454.9998511399426 302.970905393126 254.4598465826448 323.26652162410375 5926.99173116772 384.0688005689207 587.355876732617 592.3962692496028 250.03059349048218 181.4602759940381 588.1068223404078 12411.135625946044 322.79971659921733 259.76118069640665 1885.9003536737482 2882.043212330787 686.5377688361923 266.9204370617885 2365.4943359437825 432.2317364850854 163.3657259061283 572.1259922334413 2062.072120485571 545.7047621347665 343.2048982352559 41.323827527103035 1212.6029652408347 227.69237513256957
109.05594673531618 93.70113923952793 651.3732894292582 1846.9087774408522 35.20465158934752 492.1093204517989 2403.0773989902036 1396.537787348176 39.22812231415784 49.215232769637666 4146.6708889132815 1025.6476949931905 2246.2273526262725 202.8396615869461 526.6571794617347 963.3631716012897 357.83980957304897 2809.0414655089835 207.67159404618656 190.05066288352344 57.743849265305656 930.1439855706951 548.7137604076286 310.7760003636364 921.5591554334446 418.6987851683187 4096.570361735061 462.00288636979747 682.8471427426014 645.5690090346775 294.0821377412472 450.1389226029278 999.1488017133192 22153.758881717084 257.2983435323434 503.2132450506536 5645.011781289419 3789.6900360632494 997.9264563987535 249.62834749861508 2780.481862635111 1564.6285353272388 117.00749744293965 806.4131729209383 3488.3673158059387 401.20481201751574 261.88755837774454 55.02879683854143 2156.669373210669 289.39843321529185
47.272932708151885 35.34558343563729 667.7296338944625 114.22532433285073 31.483407521500677 493.2073629593336 1150.741274298823 380.50599239043413 29.700905944428598 2.1189018012708676 2926.774222299943 131.14858281838463 900.3615761072704 57.40484953221308 268.19254622482447 232.94688368170517 33.256320619514554 1482.7998211385539 189.1853925837181 191.67934141514553 20.51239353711224 536.8826249151442 304.1961144179109 310.2111869566016 371.5935609860886 12.672946836898547 2686.4745382671017 0.0 377.2818176517411 511.03368655993074 133.02440071418692 292.6817978641472 350.78861729758887 6654.225247414932 292.07578188795065 14.620773510391984 767.5809532318126 2235.617896871405 133.21748976487618 157.09519989655843 1516.8696407555944 645.8236467037748 192.21399194710716 213.11372653689853 367.65155213894013 579.5771392548911 162.0221183717224 24.226553819859237 1062.9844233775384 41.555509703085036
127.77261409372217 94.2949888582113 600.5034100271389 1264.9255203985242 29.297463458395807 465.8045695041932 2409.8048040077756 1198.474228325293 43.286569472519524 35.12274103429495 4419.676301447359 438.71478564401684 1432.3023204686012 139.77430467287618 642.7564445938696 814.1901942279854 179.760188762626 3087.0353146677317 259.5194942230059 154.2558808804261 43.159512913529554 1012.9903962909627 645.7179178521445 255.6958003636645 770.8468473502128 285.60648066354264 3303.2693607634806 653.7088363780811 474.9767782150664 164.11295143736095 247.85731664226972 419.7265687402554 737.4149822595075 12403.733998408847 268.7641223975998 346.31629969894374 2805.85726255934 1365.4065256027052 528.1060850670555 210.53883807663655 1771.6117613091449 883.8349786903975 174.6107618301712 378.8064723513666 2329.0705615822653 547.960725588685 187.06130867300013 34.76310223861145 1340.6638601881482 216.58464980932425
132.44247609884474 72.10369500029812 812.5582953344356 778.5275141999124 34.38270832309035 345.215470981463 989.0982580644607 972.1652869023867 31.955268916309308 31.416390946720185 1093.4371825642847 1057.1659536587101 940.3357077274293 186.77436065921628 416.34823721590107 877.650126577036 261.3063781332022 3033.7201304337377 220.32309294341496 284.87423052396815 55.25332456236961 705.3567901988391 543.6938837873831 302.6335866387042 656.8789516036258 250.76128278659777 3217.516171838861 667.4463408402023 216.83739897064947 354.8671397820974 187.01109091181453 279.6646952785213 573.9706591010678 8963.67220096524 168.67837678138446 240.77038810468662 2884.061295047275 1998.9982954561156 559.5125184598933 219.11885383923362 1390.88618058647 1028.6249392675536 294.32157328908414 518.6631810094887 1437.8438986532362 487.12147985592026 152.64031519626485 60.95768739304666 1373.9766034891375 288.1683197214037
119.97362993142767 28.24087156065895 752.659882336577 949.416443799417 19.88109350944587 593.7850130553568 1175.9235824685059 990.7912895722887 9.98248455294858 30.55568308588895 3914.754779720917 978.020592734485 881.4221125357401 85.58921456638697 540.7837414737711 275.4631639863387 122.20913476427249 1615.066237391626 182.96953732223506 77.07160431104757 19.15339519611006 650.0924123974656 504.82273852165093 183.76436499421726 884.4080957486998 248.63364461199154 2837.121495983679 351.8728820485776 188.14644207234844 572.4033656062329 151.71123270402896 291.22251429394225 254.21159810277786 3379.0801589445628 229.79774072672916 247.91436896406816 1209.6257964472775 2757.690245387651 575.384713051508 293.2351236848957 1109.6586229128989 666.3138290201714 22.41948366845034 366.67075415483544 405.9813297672313 480.31124073564445 93.43105610367863 27.085686606459035 330.54080966367314 143.7540021749431
209.61202315455012 99.56881600673381 834.1162367773522 1282.030420527507 47.000581463346286 464.68388663086324 2921.2808593662107 1005.2930316398978 33.943531694971824 29.294581911939858 7299.150642532812 1308.4815234332884 925.4544183650419 125.10004763211901 557.7716314059327 696.4727173524375 195.13494938269793 3005.871378130239 341.65781691989014 226.4719249485099 28.303930481473383 1063.0716539706666 641.0981237807007 465.3436922896439 833.563610004053 408.49963231435345 5047.979277142982 734.5614008430439 506.7794069826381 467.7976838907417 239.4969281235555 442.89389474991117 762.3795405404201 14928.693856118995 293.50054981090767 263.4536996111972 5359.426209263764 2913.33300340669 738.6848768753599 296.42216782815547 2067.7435167882313 1206.234710455505 338.54638338353215 722.5376793074242 2395.651651193496 829.9878308106643 234.89258546851266 67.83840754411867 1401.596653755273 383.9435745084411
140.95468689780867 70.65655679741222 586.9874945409342 1522.466760607183 28.945565618049496 673.9157701291867 1941.4020892928845 732.088882307572 33.66276283563189 11.554034559722806 5301.694538637795 1198.8324233285584 1818.460838724711 153.73336088963612 450.35173132878185 518.1930129941015 182.67903997803322 1883.2193761741007 313.1152905836638 205.362357648604 39.505760809792534 959.1970258220016 402.37125449096004 245.34989532299656 674.2993765773924 236.0571891608631 4312.844156527328 664.6573126137223 538.0180467366782 572.8746807469504 142.33416087913517 314.7675305680936 779.1675061061368 8279.623003493161 271.9034242494753 169.32417608728167 4043.454885284544 1426.474033583101 554.0608762810532 235.5354822276964 2004.780568865447 784.0608287094849 289.94217694163456 419.6580874705757 1731.9241937723993 1060.311452959953 215.2874131250065 42.26473101293165 2035.0305304234462 299.9982996668689
82.71400723979679 81.41712280521972 477.32888196079034 832.4183256920409 18.851118122979166 355.30628790700666 474.3043044611301 699.5600902546835 23.806164358813092 25.558638229026446 3800.2817100483317 268.82643005932874 507.26533239913454 118.6487327340578 63.82132587196412 471.9023162078648 163.83079258078277 2116.738830822369 115.49410526299155 86.44764911995944 35.71818366114237 322.15557190277855 588.9207852196845 366.67154002975786 755.4016242178916 372.4265365454505 5472.429308085644 210.6329469622412 181.2765941616941 287.4685886110537 158.97538827483856 363.2029187938613 576.4217217036303 11196.859928346239 222.29952749492068 293.00927041601227 2440.811759668579 1293.8066547438461 809.8956228548611 231.58867480783098 864.5596100953094 461.2122996229467 190.97339944998998 409.5085938283855 0.0 414.5234976255546 171.35211406426953 27.433545252252657 1291.69850473758 136.46791056820643
111.16144059604152 28.921345375063318 780.9975928681773 1294.311598532166 22.499445759527436 249.42805317106593 1762.5472876591748 859.4875556048241 4.587005271133904 19.98668491669263 3342.2099291385252 386.9946334950603 699.6931589956328 36.244485555279205 286.6264980184969 519.4585273472328 57.35601946728072 1015.8686028798732 231.97955422813288 179.99533685209937 30.228844529694065 852.2330337454737 402.7380904378474 195.85485970514844 639.5881466846846 159.36258726957948 2264.4967646608216 617.3338616093788 134.7360600445782 517.9702434909988 108.33632323550522 182.7912796070429 526.6948571215664 7994.419763343951 161.4936445866388 68.54333689587541 812.8862041469695 1202.623116952651 487.77670127433964 143.0129820386013 637.7198858712701 626.543814199332 355.9536089497859 227.12738348215177 900.7248439407201 855.6568725477001 58.07201173127203 23.067622605288886 885.9657917051281 253.51606896098008
216.57024502111898 119.37361116763563 844.1182086019327 1732.2048571061878 43.792970296360224 529.1463835221575 2869.6611333755027 1625.2565494864953 47.14045667379287 36.375644582490814 5944.457966299728 1017.7485270066185 1522.3567129409362 118.46982760336849 799.9665730992604 607.7048298244952 422.7437970986547 3285.945316150479 320.0602981785009 266.3650014446342 51.54037922327455 1328.0402709347281 600.1669227171897 239.74132236214865 538.5402670310928 207.19679179064417 4199.528551476407 976.5662725830088 564.4300452019188 730.885332356141 325.9991565503121 272.23857964400145 851.4848121926195 18347.627190800456 448.643506630097 562.4501882627934 4832.379048174742 3163.5393463042824 988.3165663953951 439.9643307723771 2608.375815633562 1386.2169666522823 396.52148510564496 795.3272785759974 2645.3132589693064 1293.967271815907 344.9040056890691 37.28658740074421 2253.2424871836383 387.39774296818325
133.0296269351409 106.99820611671522 603.4134102328675 830.9759946923547 27.876052680281955 622.0766728387073 2188.683171038104 1494.0509571340071 45.84809837942143 33.2077274775158 5874.761274025214 825.1994677475772 870.3500773353417 144.8035666749476 557.263999508784 685.1794413252659 175.4950221850283 1847.151759406483 222.4868432575758 130.7302463667437 45.042387029402505 901.2246946821228 429.6249421884973 300.48572542794875 582.8291972597934 179.75971075387244 3266.5094147824643 568.3332025698215 516.6309947850326 686.9189103388272 204.16728538365038 464.8627521478948 866.660245976859 13711.718864099297 194.30022673707393 326.4252222039819 3927.645274871439 2089.2549846365005 585.7826041402758 442.01412408013175 1410.0274589159637 938.1748770831958 207.98088291965217 325.8504320451235 1584.9222798820622 577.2629259800775 222.21877079021897 28.818824138182563 567.0245609660495 252.98282028915045
94.58012663699894 81.0909667551922 446.28913320989744 882.0234201041 43.69608117252942 443.21772968783296 2345.3096889777585 993.5593378424771 27.59629574254514 40.146883294681096 6414.214868752293 750.85026122304 1118.379687403151 129.2036888531484 793.1363442552189 617.1299500555133 206.0070119757288 1092.726344029843 190.0662806828562 165.85133429941686 19.24652353045962 889.4380883898857 511.2153333285605 329.61273627094437 849.9281431209424 394.5586659595425 3059.6306703005685 488.35013695392104 341.59749226493284 596.0443799003064 233.63907718679326 226.40763083226892 486.6303498763874 10388.34319955433 199.49212272667285 274.6087497888727 3337.8552855348908 1842.2649171505325 454.43971359153875 344.5526241643129 1192.651354747266 1389.5391739478769 283.25442695855565 397.37901579284056 1551.4314398086244 359.4764411823985 218.78023694722896 25.497863577789097 1313.7285693669226 141.07989107853766
165.35187732095307 98.98192090642743 841.8901247621441 1663.9809158592868 46.235475367464645 959.1364498407681 2615.1561592650332 1163.4663425081571 39.39905436591093 24.083519586325345 4707.816069427779 1443.313966428855 2390.6872878013273 124.93420220184954 500.18429006827455 724.1566648200775 245.1108811004869 3369.614888885396 202.80033863530215 286.2860099106958 57.234059374874846 1013.3298265923232 599.1486409605162 245.15352385015245 944.866638470344 371.6484031087093 4901.424827467695 720.9559943478731 1016.7036380290394 645.6553523922987 293.385579863727 392.46577437281707 526.7796210915659 15748.800879097005 485.2392868657481 372.9518517732108 4160.488653657354 2456.4164581207797 980.5977813977951 403.9312395971816 1519.4863026564492 1265.20199236027 218.78392672879295 685.230773926583 2473.7819200636623 1286.261403168923 353.17987870106265 47.81617836367954 1356.7010957820823 291.6527244426283
70.21395741520135 103.71631872937725 108.04317243481103 838.2556871637124 23.460146084270843 429.16750614392686 1625.7959096765203 813.1191582245815 25.65647232643268 30.221693094431075 2281.3741054936727 507.9025310936893 1381.392635565576 62.84178067436561 425.0169968030202 226.81010518090625 120.48820307100735 1700.7943450843607 94.84277965034542 101.75040834020618 18.074294215877753 477.1450353833809 497.4127501911263 213.9400094276162 445.9076748600275 337.25050930190156 462.5419497944447 267.9102402495317 198.69775678193227 235.96763511417817 93.26134723645602 248.22113828581942 582.8642672930041 9830.239067908387 94.19016189229382 356.87060712741754 3666.7059684165633 1946.8467185809322 756.0679369514353 134.42551229567758 814.3383245588558 1133.5674205378962 101.78704493768305 265.94244090750584 381.9145952935987 541.9734603461144 129.00457314910597 39.061353887049435 838.8155824723473 113.96011470729755
172.90623940297647 48.29513909804847 724.1023720250598 1125.1870835050752 22.98293947987095 286.65758457618176 2206.0900569968217 1010.0135544397086 7.56275728665179 26.0676209269865 2161.8655222213947 822.0719491266032 449.06105976194107 54.20381903455214 667.5506667174818 372.2507790462829 122.06076153199461 2540.6895144856594 149.1563925639096 176.65257867308168 35.71076442945272 417.04448077348263 471.7087971427755 234.92172347609647 498.8525824212087 238.99088582009807 3935.4754349585874 33.78116070233298 367.07552617483964 371.64280181445645 276.33738401968384 61.84692918855097 423.28540566885795 9604.135454647845 285.48848188742505 313.7216621791014 1625.3341885608954 0.0 625.9235666581768 175.29974453208092 1944.2181422452754 310.20049479176356 136.4451375053481 444.22447841736243 874.5563287390914 782.6760503879262 151.58969470435073 27.192333155036174 1656.4122354896522 100.56865462571865
156.05804609181618 96.32546421693553 570.8470830865377 1747.8739865648188 27.857316824648663 413.35256376967595 2838.857197330593 791.2296051780374 37.717411182965236 33.524355597393566 7227.394692822908 654.321973914472 966.7854937127405 115.51934611630043 280.97864236492626 390.6953297294868 187.25306284252719 2915.587931879976 319.22289742655875 240.37393417803227 33.630638049957966 923.6496552557646 453.0454780656179 345.0505177767422 881.850675936778 260.6835763808766 4940.495914952465 639.170412127581 666.873967033932 384.51714490034146 240.55213440679185 372.12569050030163 612.7247613959087 8008.540060914844 358.27610723391797 316.63712789997885 3252.2492521785134 2185.6544107759923 842.6773352586737 286.05824580658515 1577.8619538639812 1009.5173546735641 224.44388702999365 650.0813805663918 2799.891501166678 662.1854507974123 222.596909662335 39.068999671178354 1814.8277342873807 186.34915959382073
226.1483375122691 108.17096248423817 802.784276417397 1644.4821693079316 27.114036701403553 817.384964349201 3403.382168832767 1084.512887815675 34.541086184537804 47.654996396013715 4405.877197175598 997.558470084014 1830.3808988726846 137.37602025078715 604.7561346137588 518.203431839796 249.76508843587615 3197.311093792435 327.18339747736087 235.08925497477225 50.11866080006713 1236.9694947162022 843.4615919581088 463.62931804769744 765.459657305846 366.57063289305825 5373.4789616580065 879.1516289078933 342.1293001711198 668.548290815945 330.7388944762125 353.76778854839904 970.8726952034506 18637.054029871717 352.05227254607325 431.2916963889025 4120.058733001592 2404.193505197475 1069.6510322727165 333.4225781867063 2281.3162480875067 1354.7788692683803 340.43168074109343 509.14441948995125 2235.6361365059975 533.1718272705052 329.98928400488643 49.31508782740864 1844.6227385586992 196.55417708669052
183.75660467132406 88.43071732655122 284.36491504306105 1115.568779563172 33.19959944771766 549.6278970444238 2725.741363803456 388.18897852792486 25.21267832168943 11.27924402323979 4000.658210593331 829.2219041280637 1478.6010493778501 187.6759359116401 959.8740821297146 821.7622609156992 294.47825923597264 2490.8234937525003 334.3923875436735 98.5756899131049 38.19667139630393 1027.1736373927538 409.8670365685754 105.26676474827929 856.8643494272246 340.22997213019795 4927.797456081562 535.879241387632 512.6990752918831 344.5507068146272 263.14049786814866 213.8510098668134 891.5668646598692 14167.366595053743 553.4709031078248 363.3934903295948 2164.210066753147 1106.1840229366833 608.832049893258 169.41338108680554 1708.2647956514406 804.1207936131319 184.76335609270896 192.18829524816329 1858.5789716216161 912.0538318798435 295.43997740444075 59.69330833810712 2176.359842763706 238.85800093670267
111.18589245698959 63.93696111711812 869.8421392438106 990.6468738662325 33.158451888783965 643.093779612914 1640.778238040602 1282.1056266211297 26.856069528195576 10.303923384533665 4859.376490314602 641.7645080759446 1236.7026569302948 139.49834868092788 318.2251147432173 653.7189031597039 113.83813462908762 2944.9329842455045 117.79718493938232 167.01264236223935 31.369139159927354 678.524017754622 192.85271911777056 238.52690202794915 924.8958452623788 174.843512845889 2060.9730620546197 514.6648108856456 247.97286863197607 300.2943691222679 91.39124058564212 283.29145358853896 735.5970034605666 7449.052001863343 364.4191422177491 309.72498842860006 4431.772242010284 1050.5285031127737 707.4725574641279 215.32580745039476 1470.8854763095742 859.0638005258662 149.2218774246226 412.1488607393323 2324.6851913070077 519.2571818038535 186.67516878213405 58.3120384142059 1048.0313212314104 126.73892599102093
176.36103276712535 82.67797656905967 524.0388140408147 507.1237995726992 20.59206628569286 374.26898457875103 1450.3981167747577 1097.5858837088056 24.673589531818518 30.385537540550533 4418.085758900116 833.7102937376561 1444.9799764316535 179.2872526179223 599.7002690166071 460.35238900414083 180.70718326186886 2110.0781912439575 210.39042337191879 170.14685743819652 44.22753237511524 541.6594560685448 597.2548630663664 261.971632628149 622.1848830620204 204.86530613244895 4268.084754057785 501.68769622610694 418.49290072821094 343.1585608572395 193.85080839396068 155.14979506545257 554.9323686626116 10361.518725418651 143.79150010022798 325.7484512178363 3215.3376404254604 1826.3047853188723 459.87236747491795 129.584225310541 1301.1306608060727 1161.8368975503558 251.6541820737933 428.6754639379601 1520.4588970635396 279.08342842215404 225.65192124054536 28.776952066429907 866.0115200305186 128.93972991348215
189.4880164685299 98.49541421364057 795.8605807877948 1282.19655371525 44.99660744859915 604.855113804292 3282.0108716702543 863.3015708460753 37.60294209683187 34.30627308538777 7009.648363572273 1253.0223702528392 1704.4775175495383 175.77864889012454 845.4707354680347 823.2041320794261 270.0426846465034 3471.5879194607596 350.784596990934 315.6566324245946 48.343692429073464 1106.212808039379 676.3934025298221 290.59327319688424 918.2634407305388 461.0774232450433 3500.9829240150257 502.54483511724067 669.443317781351 739.2365266366052 295.554264055933 323.1163107092908 747.0105576197711 15342.941781303314 366.4544715560253 391.03616570974435 5989.272094236326 1643.1859484639217 890.0481493397504 427.7574078180089 2136.6242707467113 1147.999699534902 284.36977173829996 689.9378212939787 3090.1050054942557 955.2260674980289 292.86487155188354 65.86271721420312 1495.2163613531286 302.39312039914466
264.3381385678714 148.23047009479296 922.8947235532617 1653.7129024318142 46.06487000750639 629.0106772554412 3250.0054730927804 1481.7316262799366 44.97853142264011 32.109914419240155 5837.122956126564 1072.5656720823886 2078.5251815471925 167.946134546975 780.9069106580093 703.8980993962241 285.2579864882332 5387.327794366226 348.19611554144444 281.7386784268692 38.6550248727822 1011.2623661195835 648.7949621328421 365.0738835495538 1363.1036126616432 379.26673497814517 5354.0503222144625 818.5920736828022 573.9149537230053 725.5562174633542 295.60928299888747 379.23910787196075 1042.9126564054673 19218.34814818383 470.15882653990184 545.5993661223941 5525.8414884315125 2704.9360305981413 904.6273012165943 451.3475145727213 2209.175205261392 1305.1545143221576 324.84674233507474 661.4460080351287 2137.2265621713013 1030.5288616556597 299.2825260723564 53.432037701516485 1829.1421029614994 285.3136028729952
83.79079158498821 73.72660948132064 236.14915261553006 532.0191205556398 35.75193486474793 631.651538156518 2120.329699923772 803.8393343131562 24.452932484762552 17.97290940019181 4455.932749302363 358.04493070862594 1159.840940076536 104.78795435058726 685.7089843449899 517.2049781651825 119.36834967040083 2914.6073951314893 367.8595752594889 223.5135977199456 24.98437940168141 1019.3547995114316 529.2987832499008 158.2879447793871 872.3014494476342 411.7057900948408 3829.86103864731 417.0831584156367 494.23993992740895 405.80463095713696 173.81621175218712 116.22564786862 337.9676462226003 10684.354645005082 168.9248098253374 157.03784699113106 4289.1161566672245 1755.9649939521435 642.2399931180872 211.44725813158072 1040.7092257301988 1238.1671155656923 260.297172674958 209.73767353927715 1536.3271364847146 508.1440436852621 232.43721901068744 35.70312913061268 1187.314294986243 207.77527535011325
117.57850021630762 141.45283968810094 482.9695488817791 1272.8366726071033 30.223047914679853 823.1606357031128 2744.794574661887 1347.1736001702802 38.24986666950264 22.689107050476725 5165.4537428528565 787.548528641198 1045.11823281165 131.39571492480687 643.675972325384 621.123276374171 289.92775049510465 3140.5641999850877 217.6619067160569 257.0014799147213 32.18309015071596 768.887092466737 567.5022990294053 305.03800014559283 974.6841386251558 251.42241367893578 5750.932608386869 749.7959071881245 283.35401771828333 299.105291304143 214.06899575811337 399.19333267559676 474.7693689172736 14014.661909082482 284.10638838285263 416.6407438897695 3003.202204273341 2503.4092064737315 698.3977216783474 389.42218057446104 1849.8318391567973 1312.879972292225 177.42096257132448 600.8694453376556 2996.5933707544505 752.2574442626141 204.8135598899845 53.288899348976884 1766.9338251330703 266.01234301515234
175.09040623757684 57.801112099367465 857.7968683130493 896.105411668709 25.48684576151851 402.95792300276827 1636.491392526217 676.1154425405048 28.28783838850569 13.764485876734796 4912.724098117281 692.6135357915032 973.1660011352626 172.79004765213884 356.18679409384964 597.9484058787011 169.69632998968603 2098.426336783893 271.5059980517336 180.4704237051179 35.56537183061286 582.6248822784707 498.48931899603195 160.684751683018 513.8147536686556 180.8909530569757 3239.63739913446 372.6727835725689 476.384873681373 320.7007993347987 207.3179216548985 318.51852353047116 714.7547416119532 6378.906188947466 263.775217057249 267.47926096554437 2477.599105070318 2254.583899661739 567.6914869278102 203.95587199587624 1458.334474276019 1068.411873918083 328.941403545188 392.9334039454452 1244.798599374277 496.41942087175903 127.52230383243021 44.479258542806356 878.85276135403 228.32454112344885
134.41465561970773 107.98142172099583 348.597944911597 1036.5628242192615 27.894773434464415 358.32159414314145 1417.2817096526821 916.9119959905113 16.513423348087972 24.68320197267179 4067.443826629541 364.04528742032653 1151.1942862453411 126.49421101789493 467.2220571800486 555.3246728390217 151.447215336514 2888.047811293788 176.15640726474007 202.14370379477174 31.201139125478 661.9136320894555 307.49774975589287 175.59538443385435 802.2301940929057 199.02424944872746 4025.7770398569855 401.52676156574233 540.8196868847836 172.43196506677174 171.53585862579587 160.13337105387035 787.4767931331155 8974.117680387033 391.7885975050829 339.76120124063056 2837.0121121587144 987.3533502210191 562.90347191031 284.483640899655 720.8726675521821 1040.6347706830697 319.7130432181625 430.2971643046627 1770.358343938144 573.5121741001383 133.3804809399357 53.67398139934856 945.4108257849355 238.40720847727175
101.96279229944602 102.75149107701046 928.2960986668922 1350.1857679556583 30.446032213138082 625.8415272416771 2343.2340385624357 1124.9156039771417 35.007040067040634 27.041107653834434 5440.295429896997 1372.3412451358784 1577.4651818929808 165.4718092532615 554.1491826076515 561.0657484451906 249.4287702250278 2798.96316204199 251.35109477472835 255.57625642375524 43.342457655208065 1111.5619902952403 670.6862159066268 342.27849409097865 808.8483890931034 377.21385907997933 5690.900581810087 728.2942163575634 644.3607605681867 513.5005274460307 180.32014534367775 316.6750774417837 919.9212860003915 17944.550604001794 456.4777420910466 469.9897192128271 4329.46420309445 2519.3421238590026 855.953017381514 449.30153599932726 1742.5662477976884 872.552222095637 264.2428281618019 693.9794106348545 3138.1089067606013 793.3472267979913 305.82643071475263 68.89467220850716 1834.6998521317362 278.1453336534595
67.73274117240801 69.4611746200247 439.59740148745095 642.4864794046875 29.406707280925485 359.48030938770853 1890.6189395813067 1069.8283407304912 14.889180328934936 26.800522417240554 4944.5641622117055 865.2558485701525 965.2234708855781 77.53679095058868 370.5032774672218 424.6471144453077 180.3505358243751 1926.5387377227596 244.41114665088776 110.72638586877895 45.27225178745188 738.7750524991811 463.07701766351926 210.61808039397022 497.589445909555 346.1953276876563 5539.555721523457 205.12155608007714 459.17444209369063 143.83940195600815 114.15225744203738 316.7129011011423 299.66760781820585 10664.717752954886 262.0756901418052 277.81002839177603 4462.347453289397 2179.5865407210326 973.0904591085907 207.55370387328006 761.9827307923194 909.4499371008986 169.16878660191423 591.7967832102943 1917.64652024511 897.0308491448479 216.0699869898409 45.23229277229518 1300.3727686822995 91.04484947962055
99.82090366713675 92.22685438260105 617.0071370131377 848.2450543589806 19.863658448609208 167.33677243291234 388.97229498705667 429.6792635178542 20.411787902813863 18.322672437956324 2611.93220746773 564.4877567328948 1060.8253935525668 17.489857905834285 515.141545489387 240.4224031866993 99.09063885434253 1550.772241693586 108.69159962350484 79.09543106677825 44.13986264419293 553.5007416552669 412.4829611207749 93.87631209807991 308.6681591757328 248.16987826813227 5158.06304590464 264.34405678781775 181.97523301351487 341.7007620667406 163.56659242334078 208.92633068114134 245.21871740527794 6529.768561334531 0.0 325.19067073785993 1290.2545698644856 1443.749226107744 54.39581065183171 156.97922302308908 914.2972670630145 1031.9712825574084 51.17607781761856 416.9757028864759 2183.320528872272 231.00961998027415 84.0886071121258 49.00643010269499 1156.4644262071938 205.28533750571958
152.73140440038227 96.99285953544704 780.0641029637412 1332.8565450456126 31.506767278533683 616.7890685995342 2462.394849582475 885.4101408233893 34.38253547174051 34.43545625574711 5914.489093092181 1312.0507100250531 1118.7965734207578 125.81738558777892 968.9269230059874 644.2381567948688 322.3909929093393 1690.935144346172 231.21193576841378 192.94005781230905 47.52315787891949 617.9916234437865 695.0144454795548 360.3345711157385 627.2208638531889 398.7510021815585 5681.091481619465 400.5619767947782 596.759381648015 537.9590663747902 285.08803049109224 339.98240596789344 819.9757575717038 17156.594085626635 382.99927086798624 462.0185830660274 3806.934632096499 3049.009740949954 641.0724701986819 443.56486438831706 1832.9503103307743 1286.9885031019742 275.38172011448535 254.28990607473378 2829.377807096807 716.3280706694716 177.85232913708845 59.07117641631579 1424.724095463501 255.4115304542732
157.13313063804185 92.27872309263057 805.4512332018458 1484.2530909835725 46.79823582370809 543.3357711159774 2308.411253052961 1200.5676918052466 53.7311450225376 38.684020152604816 6345.120321214491 1084.0980594574912 1446.3631598044312 162.2345619870141 887.7052021051918 452.71601242583324 260.18224624564834 3832.315602321882 238.41360072632784 176.6948668176056 34.911776857009464 921.8088138879715 719.9039926033456 287.41684676503723 938.9394619883819 409.6527031711127 3673.9225422148843 699.069906948544 441.510028965145 726.6456742004094 248.54660918183185 307.2659691626942 968.807477036667 19286.87436294979 290.61108488867274 552.9761555298865 4270.464505260925 2643.50116545875 814.2574530373104 476.23115336134754 3199.765540789906 1593.261195995967 387.8017548365809 455.16746566505674 2894.535352376741 918.8468409549625 307.65720744079624 75.15439326400816 1905.3716737065304 240.25363205963626
92.32326011566589 111.54892599396098 598.9331875236824 910.5010386582626 46.495120704090894 350.50748348436105 2963.7857030633545 605.2562628256604 33.99506668413875 26.016234776611245 4886.069610585777 925.6839844663727 1893.1780816344633 208.2601730472116 668.519484247066 433.8119510543192 232.96696928068312 3335.654481620702 96.80196031553959 165.14286329696986 51.44014207917227 824.2547358263733 1013.7268429142196 373.9210195945256 970.6582301031731 327.4329230926048 3367.710649208952 581.1686235722673 578.095273870888 365.752519674805 231.73334627652298 449.0762239057041 621.7453736205832 12541.90853874102 300.00088712161926 445.27070789921254 4620.489219660124 2664.609836331968 784.7100228852617 396.36727603478226 1862.824680037388 1496.1221880219266 323.8076284348821 358.1768530588253 2881.6724055517598 865.3578739860516 226.32488025659177 50.40259517372629 1187.5859347648313 311.88092912755286
156.97114868035757 66.83837189368751 585.9106806597111 1418.582721658518 12.98585537326877 840.1556841359786 2014.6926185220698 852.893270936099 41.968623548236536 36.93993364726085 3647.08902593084 921.8829441384855 2203.368016600927 203.8981543039766 695.6770999487964 547.7210302641104 338.5738242511052 1114.5928154250855 202.08743456341944 219.35335274904082 85.78608708879219 917.919449968344 701.2325794253122 426.2797519561951 838.4124900355433 630.7140098438576 4369.547593863606 637.2347567227282 482.6811806725006 415.56005577193287 379.8633232917942 376.71400470044983 594.9861888727849 9514.167107108467 348.6511303873576 472.23755616326014 4267.860603619647 1986.445167182869 758.6525537901639 312.3428403079004 2792.7277423696632 1430.2548551790906 296.3272067657093 786.0540676485307 2411.3013983832207 856.1911564568388 353.6850538332554 54.16301502386829 1552.233558527816 179.22998882257684
155.65326932346494 134.17028683830702 789.6006960036318 710.6778343743506 33.98875690655958 354.2052860192742 3784.9233845707413 1914.4581422399656 40.193344214291415 43.408549018000876 6128.555878798958 1312.6054796181593 1572.914313340592 150.5041563192394 598.4543609036734 555.8532256749244 316.6080153009901 2250.5801972526774 259.15955190289964 180.77071580436754 42.37377482861403 386.91645019913244 894.0738181481522 245.69495359873127 1416.7238749695812 496.67327744177686 4094.986659370898 636.8415921675482 571.5435645575753 944.9893047267186 203.44986352809184 284.75842816288724 944.2619638501645 16408.38897579655 346.919187888779 392.0043098044458 3748.9135461710066 2660.7647977350553 586.4528847622275 374.9582224812223 1896.60974635208 1589.3194209341564 423.3952577896483 559.4343327368827 810.3858294588274 812.1808486649298 248.0526199179132 42.06114878360979 2204.352026729078 335.5898535102163
209.64017443328868 91.1031148181929 869.9521050651294 1133.3465205376206 35.91653365025981 497.1243453178567 3166.423472903209 811.2661301864688 39.589494565247115 32.09470467007133 7634.115441117834 683.399062128521 1753.5791218989873 152.91937754832355 441.1301910390888 635.3319629753233 279.5064263612518 3726.8291632973333 207.27193394455855 282.8779901289091 51.61324244049452 921.7881363271191 631.929517695959 383.0102058845396 697.7943222097279 340.81110990648114 5374.453476785072 440.0281970852674 382.6762258393899 524.9769755244718 166.14454642534605 479.1693292290229 675.640192645041 12435.69793102313 478.4437027542713 349.5063195491681 4567.159268353254 2322.968012376289 441.2139892740774 365.3790376576531 1618.0055714834214 1174.2710549126969 244.24259376250882 565.2080151072697 3318.55110817474 780.0216476826713 264.39042043099715 47.37552114532461 1252.9775029907305 235.889310463399
129.7183524817741 83.95810362728977 596.1708317131795 700.727547415919 14.999665121810947 377.49632280116134 2145.8313649156307 854.4263079747296 22.2986488397141 25.369948961240297 5004.354117990381 980.2424242072574 1177.4464860396106 122.64849026991023 704.6637892228974 627.2443586855487 269.38231151051787 3814.5991847200758 228.31449994652993 223.7171965267965 26.38946980164717 706.1403736641422 770.1931335927725 262.1359592595975 489.69199216254424 189.80491602013683 3389.1545062359833 613.1723465128206 294.2676339495367 261.0962048573889 250.3107371471217 415.09045922840903 777.6187951592713 15642.235211836542 243.30028975496 187.44421081378516 3544.975576309142 1009.7342828484249 515.6125921630862 353.35155934506344 1541.366186171603 225.77190891367877 302.79994245104194 299.1746206682849 1970.3310461273659 824.1513456354511 174.69029881713735 31.123891070829643 869.856185002792 223.3178539480442
169.09158943757868 126.86509557807007 547.2553639314185 1292.534356064194 35.67271186015517 758.5307543053968 1851.776570927214 1082.8479438293623 26.531810811559914 33.04838562327327 6976.404203132513 762.2970160987813 1581.3052248503725 138.01016052588466 610.2629770121981 585.315190520609 262.78341117591617 4178.816434890375 297.21660891553654 171.92613309368377 45.66025993755765 1126.7608797119424 475.1907396084913 255.3598001198126 716.085976207652 310.18049836896034 4765.391615867581 604.4517253862397 479.1366312432041 668.2928193513102 247.84471988948684 282.20451573985974 719.471798955386 14832.58787251903 223.22738437607373 521.4275702722841 3781.1215400858364 1887.2258294218987 833.7989089769634 337.48099111675 1357.8808614795475 1244.798587001931 280.2846301943333 467.90042153444637 782.0898512391805 554.2725523409564 263.5705277079561 53.781141094172185 1881.7392944958044 233.76012643354176
70.90721471796404 33.23921266918318 212.95923173991577 301.59458780768534 7.021108066066066 458.83455045834313 1443.798986888821 726.6480191456362 17.273914850048133 1.1873942338458363 5050.155227987605 231.42491518656334 938.9672574121063 45.601355137660775 226.02674204627283 334.222104691889 113.9992928451295 701.0717334251287 119.28735192289369 115.27396712300435 9.142834308024145 430.83958903850043 473.2840814665334 175.29062295220442 650.0547271829851 322.07062682847015 2711.1010938216723 258.12367409218103 83.26793734054348 14.43100953439864 65.19512813298078 164.98744542610967 289.9451110414932 0.0 0.0 192.55804515870318 1582.3476627500224 1100.5826051700417 275.775735397223 69.41076873215201 557.9558275100596 238.93778919419015 77.89617690799594 187.4661114287474 806.6121148330278 430.1576190386315 52.274750415717165 24.22040326153918 602.9647446522617 158.36751174220046
161.86119363526797 104.26353860589613 962.3529739940739 1486.0766405796223 41.04326352476387 781.43539050117 3954.6301361871792 1650.5366040339961 50.556384701069064 45.731204126673646 9152.90717663128 1416.1877848147994 2237.3387014822542 310.5585399541081 756.8685334356812 688.8287054678356 189.61398055560824 3347.1427084734614 456.4102219196099 258.4775842574314 50.80254159835334 1498.0741949397577 570.111485775449 369.8475850005344 1436.8958822718616 455.0069505852682 2430.1892998510366 772.9005487495273 847.8010652861997 599.150609594143 440.98184446430173 400.0507255662671 450.7010802210609 14059.551920256852 318.81678951392286 444.93312612762975 4842.151564017213 3695.5427402500313 841.7176953324074 426.46236763028037 2140.1635928876935 1301.8819813431742 397.4856047850955 591.1161944334981 2737.8560644219697 1090.3992942298303 276.01558557464193 58.30449889548526 2153.9281529879045 142.6094492508203
175.0286544762784 148.34870820485853 904.5185820033582 2107.801476793844 43.165669393437334 816.4047978394077 4435.80889423913 1172.5117406639138 38.21290565564181 43.00618931329239 9910.7622722853 988.0867939705399 2157.1318876583814 161.80592362853474 1153.9485629742794 958.0892413427157 311.1149367585966 4758.341180350987 367.9132187329995 278.7116290100664 55.813854275200896 817.6924825173583 935.707728999033 382.4492479209621 1099.3896926217353 377.71162823394326 5990.943537892225 805.3861689901905 802.3400151131589 752.8764995939268 466.233900941967 544.6490146370995 972.1425977934135 23606.964667251425 575.1853595073876 665.9079120138947 4137.188765704112 2555.5162152753737 1085.5280530615605 530.2810737023171 1925.486499878124 1581.1042373183604 348.11883773793886 884.3473939155396 3719.340537459553 1353.755894341958 356.6225333379105 66.51850187506717 2204.2462244782105 351.77010001528305
129.27844892002815 31.981244846740694 436.7171814337288 1341.3433342134406 11.619040472288372 258.810864922779 1119.5219664736915 796.0617982893639 21.42853413119859 15.59822875218327 2961.066973884742 804.5240426883117 1036.1128117873302 95.63411909027585 432.5732869333235 606.6993036883595 42.9056416874039 878.0827163141068 91.15188101729716 126.38616421854924 32.7563083530937 473.37065638425236 438.6194471049906 245.75844450480454 550.2877736890002 183.41602792533473 2657.8327213281304 246.95472168055522 346.7443357828938 83.56196459326478 155.56158106342394 334.96865549596146 134.15303418625382 3896.571607110007 193.74879204378033 241.3665609532209 2992.4744161448466 1183.370968313336 405.3232927687587 146.7376230438728 598.9414171913904 613.5659937401147 281.5553465905509 400.68267239550175 820.9911011169877 341.03551071218453 126.51802330202885 34.85699188507088 932.3855978954733 127.76617358590046
182.19191439675353 84.45817020608841 706.509250158755 1335.0417552128297 35.94972484642728 589.6506459644451 2058.7621268675257 1005.956613243941 33.9311545830023 41.14278595017576 4615.97251713681 1088.8813004657572 1664.6565204050014 214.76394766051297 621.1310913121134 610.2704162303438 270.57390712767295 3574.140860110931 289.06752073433114 135.63011293422065 31.84549546211481 893.8992386957353 527.0021258188616 325.83119551976233 602.3265278621849 372.82070905029775 3440.122093697977 649.7679608769342 688.5395258965692 487.94371680586437 252.2154542941624 349.48155690734205 884.881074823063 12400.455424621816 296.0297460034586 334.70566616249977 4039.149471904156 2223.53224825464 671.019058381518 319.9192306451563 2605.619133661234 1205.6905600000548 291.0403845729533 567.7544176166092 1920.3666460654276 747.9098699558162 220.78131701485543 46.62537749261993 1949.257553863394 180.01530313785355
195.97273868502396 68.17642979356863 748.0640328362797 1678.2310249330003 29.666951468982624 776.7977342196829 1500.7539323642259 1256.777811483558 37.813242724156815 33.87466966962257 6439.521527490216 936.3094690446366 2287.516902107928 116.9333580234593 477.8460124878666 515.430740695202 269.9072596577987 2953.5386678131613 294.41602645567104 273.950819348555 40.495530821712784 534.8817332111969 736.2241253450064 210.66981241557295 1079.2809318674313 379.39389796061084 3515.361513166486 565.5849805179042 546.2581298398675 526.2859851426789 252.9058643192829 479.2105383778047 1012.3004355500826 9984.709543845007 312.6188521721507 414.93919249552476 4436.672796419132 3269.431164966349 716.6889885644209 366.1581419825129 1718.0724308309127 1460.7544838712531 278.36601546191724 512.8018056726271 3087.704722801873 774.3890368130865 221.7397358855665 37.47823504234262 2045.578298061385 336.1822788356544
233.2857305911275 146.80518149904992 804.0464333448408 2100.2151547917674 37.010129988649794 781.9797396283134 4157.766794553966 1430.8849401510865 42.58538731517329 61.45523181818203 7355.595565858341 1271.6720838536603 2018.7311898122175 264.07914897209787 870.9788707259559 821.7650797154088 430.66157465594347 3215.72815494952 350.68039137443066 279.5450509169055 85.58945695308695 1241.6331517718788 909.1952105850548 484.3745285824349 1144.8743968547976 594.8634397037304 5258.113004842181 810.4446829892224 632.227280274617 960.3428616783599 356.86051793745594 336.8387944935929 1184.014045424095 17045.799851008367 517.8743962891053 596.7069828115124 4783.191181491806 2949.0116809105693 1074.0608486085716 345.8324401036168 2991.8423475653 2363.437784660368 344.62806579034566 544.5499825604161 3112.5828424670344 1141.661005636826 253.8141080415209 88.88213836495413 2863.7039921937576 413.52272784169463
188.10429202693877 125.2392951686474 805.8471712317198 1788.5883559953004 39.87522063097924 819.4170570216536 3226.643924776071 1418.981991029803 42.13664855927424 51.86183509819351 7251.712312562922 1308.1916115690046 1842.568756071655 192.28987434721637 1026.0147210077964 965.1302154438528 308.8107589840399 5381.797675620653 275.27998740658757 296.1383206463963 43.34393611836913 1044.7271768029404 843.6628433640802 456.3399499150481 1288.1596017412087 369.48317313061466 7203.560859850898 806.855586135499 711.6969048260205 705.3700165285973 384.60620751327065 465.1768261545111 1001.794877790303 17182.33403848912 430.6163845889232 586.5908846058903 5423.917852740862 4185.767699990718 818.7980708877631 502.8152623591204 3104.524831578251 1389.2690919023562 340.218716794936 664.534027216944 3769.6668114206436 1159.2956452604735 299.50158051248115 54.03035848993759 2288.292472181678 321.97189206454834
81.1183082214306 103.84569086481496 436.2231406796486 1583.1090353179356 25.477926716004447 484.91628464925907 1613.7249684794 751.968092063003 30.292953109635036 27.222216748727675 4582.216155044466 946.8821473424707 2106.0339593198078 116.66760966732457 533.3791083736592 322.1529484853899 181.33318761809326 3250.3977923225143 320.5376779356204 216.01458171703374 44.12162957034612 611.310107161224 617.7672897085422 497.59978141303867 972.0582651220026 384.0002162023699 2183.662744638707 695.1573612643556 588.6648695184913 345.09216831377125 227.13791100825622 278.3444600494007 415.5915834417318 13857.49240894865 319.39030469094075 301.7769318524341 2771.8105602485894 1779.0059744358423 472.0105118891046 205.54400294650017 1986.94260734317 1313.9650903815718 217.15694716513437 559.3610509301983 2102.2803480268285 423.6015105420581 145.5295690760371 44.32310426079711 1977.7881093896333 102.02283009707212
145.99935869643656 100.96719751600548 868.7542941702457 1709.2875705058257 43.75628340097799 603.6472226048999 2100.8068820121252 1002.1389981332718 43.21975025941279 36.273925743669224 6840.064521699287 572.0262433300039 1695.5989785545764 141.04331182123244 728.1360980227313 480.92491529718274 231.98708090202405 3084.717972427768 301.25824447812374 178.2133206059898 62.016784943357635 608.4808700790187 672.9472954527253 207.39796936759302 835.0035316303557 461.1569392954425 4318.66567936136 359.4058988233048 774.7852412389432 647.9022733882215 221.64294858751396 280.4052402622799 918.7459105968815 9882.224416423633 444.8520279918594 274.4872547014299 2938.3893742013174 3242.6634106150427 586.6850166766565 227.5595943630801 1786.9147946727533 867.14563709979 305.8130583367022 583.8255155587286 3107.057168546688 867.827366785093 216.0264761055738 48.842103585486754 821.0902881845659 254.33709343306145
141.39009838442325 124.28244267136145 514.1954405448286 1756.9369309182703 26.529730026940044 720.7988524686068 1830.3481825736455 897.6513023992331 46.2204177666668 31.6667708522535 5515.969528486587 605.9544817087119 1891.6917195783226 109.66354017855802 583.2906312295709 860.1206588239322 196.1966850207373 2952.1176335468267 232.31247097600226 218.3693071149696 41.40795903971123 651.9686756774378 614.985694033191 299.4216213303653 407.2075908592425 338.6461033350174 4101.017116152781 547.4016097898029 475.24639203542887 521.0382723377578 214.49933823912966 509.1840829668988 600.900284236722 11280.175476099397 223.0964471353684 182.9349814350886 3678.2388899863186 2251.5009104153996 816.6901080581392 344.85003543050834 1369.0923742962686 1825.1189941743428 326.88446835142656 549.9257827042957 3168.8519528613233 745.5535444880597 204.29830910538192 70.70663919143537 1367.1348652414888 337.6968392301516
113.39327737092161 54.222548146664955 922.0884164655298 1112.3357679661135 16.22520344556336 606.1609612697642 1488.5957874640092 1011.9301542594429 23.538476949871363 23.551838931178764 8083.8470470973625 871.2067090927701 1705.9892222087087 173.97305041065218 700.9832316344374 741.1882435224561 197.6256222929709 1473.3554411881162 95.33504339293984 157.7237488596226 32.07425238908252 641.2592730055737 480.87608669531056 341.29448871499807 758.2037685551531 321.78478146182033 2879.234645890296 641.0404586226367 564.9420236628357 481.5496787014965 235.58271411960436 326.7938506394025 416.66379912180736 7266.738887126195 243.63546916879054 197.46775896206262 4739.122153444985 2057.7322754447764 507.99651696945847 272.69759533593077 1612.1269365630374 947.8581883595922 129.901640032965 213.32826231916357 2223.1514183875597 645.735470363388 120.01562256196611 54.21524128156658 1020.0490224214764 203.51297764839754
144.8054727739932 73.04290769886931 635.9866937098462 1541.4061754006323 41.192591390711705 324.1015945477527 1987.7610906441666 1282.10052885726 23.35395645229655 38.33696318800466 4712.976904111928 793.0035714310168 1955.9799950735103 129.36820239729855 775.0274212148996 628.6383248708534 197.12299832978246 2786.7643162351596 263.89616533873766 188.04677464683851 15.793127361765752 1029.5872221840068 410.77152560801846 228.68435209294037 1055.5465288165906 293.17784952504053 3958.953271164912 523.1850700936319 481.06537272826307 590.7656591201571 156.56515854144612 171.8008512687497 717.9153508763197 12304.795921544961 324.630757315376 490.71288907649335 4026.18238661352 2599.7742869895865 767.989543547997 302.5404400212653 2173.654067194612 916.4783646347968 261.8161561902431 452.0810290473578 1858.3176530165563 538.470137408173 260.4103871190119 50.1849949874943 1091.5432489627851 217.2583252744537
139.84823754775618 115.95420784446252 663.1835678270827 750.8824992478561 28.544591044209998 407.2250793485953 2835.4165202450067 919.7665189785218 24.5808567294225 35.779483349606735 6032.750953644197 1214.821402912778 1488.8600449485803 178.88891997091378 523.7223861527185 676.2461591851195 192.52186675824618 2348.1389023691863 297.1949956882277 218.18212742455358 14.922092414319183 1239.7753961177193 591.4528344160778 336.83438492091636 718.1147010078719 458.31297869541953 4442.523212516931 663.6917683429723 526.8904928091326 258.92411009800696 219.63879211719097 431.9994340946409 1067.972549114606 9062.191804278944 529.4384796937187 376.99765215947605 3402.354468849083 1779.1641503351093 683.4367642789745 243.6263677194399 1437.008124508232 839.6309899341724 227.16392907651644 306.4597816446697 2352.8925703710943 921.41818928784 271.1351257681114 36.682046119423575 1885.6114738292995 213.9136481063675
173.68108250660194 103.07873767198913 1027.3589525793311 1235.6436291385228 37.96741889542535 618.9741336161044 1953.2988844785853 1263.4039266147452 47.12149461433838 47.9578759441637 7721.874847221948 1296.762204570386 1601.691839915111 207.72025434513273 829.7571289348343 720.9024084579396 209.36942220914648 3290.320143541244 346.22173645281384 347.5211809026056 51.03727655760003 833.5492734073201 771.200933491761 389.1329580362614 842.8275651751325 391.3333365499432 5529.132513615253 591.2173674050304 537.9176417140018 523.3003730203227 342.7469746908357 487.7175988997617 1069.5639952541692 15938.08352778883 488.7527084695331 457.8287156821842 5143.138519670507 2626.3310756087885 725.1339037753975 431.97000663646213 1983.8627614575412 1408.9249594118007 495.1641282210055 813.3147049867707 2922.4797374491736 1079.220782672906 206.99612565149602 67.87105066939503 1823.2439084836028 342.579345759265
138.05510624691885 92.5391971611997 534.9619406579584 1627.0036160142638 10.072461654665346 653.8098107298196 1549.8471899399422 920.8348958891131 22.553858173975243 10.900832258767519 5464.080684026925 999.1041478301147 460.50642624585277 110.40206535980369 660.7288144969572 573.0806896249026 126.45107254034674 856.5388249740943 213.10809504679412 160.92391514355592 36.662917068564816 529.3543550361829 438.5648564698943 138.52271966447375 629.6915779028619 310.3690753753808 6049.27769956227 556.5530615611735 212.95885589157973 527.725891303571 164.63972318094682 328.4067656743675 263.15313184811737 12085.870965227361 176.1755067087023 247.90489433815804 3663.121941723318 1808.2571762949274 843.8075253398088 289.31110221458295 1207.1526503466005 985.2783266442682 211.45079435732927 593.1195772282362 2127.246347879165 658.3333729323408 179.20164808754865 26.549672422726477 1381.502395381817 64.35431750231427
159.15506090474818 106.76648164460101 744.5220133374589 1442.0557144256838 37.67958134798792 692.2616968175503 2146.4367786958655 1063.0487863479418 25.453855178032352 49.77913303592131 5750.039900815556 1341.2679894604817 1621.5998897808295 163.41218634344804 558.0089155929002 676.2105565364866 337.543691694791 3353.557759860786 104.98977009786564 205.2647432952717 42.78619157529593 1400.652354523519 619.2718284429204 266.1645045740144 852.7852847873183 493.7784743361342 7805.343552652192 958.0385777781149 501.70522978254337 272.29070958223014 307.611352492402 511.6662337106936 992.5866648128955 17449.937410835046 408.1982942091667 557.5505261544093 4610.498157432555 1684.2968499293015 865.8595226124432 548.0664190715432 1697.8461674459368 1492.690547626984 430.53448971509386 825.3350798885506 3239.0648370612257 1089.6550091723507 347.48639852471155 43.8492925098213 2223.4744531047845 242.53127961775155
78.34829667451822 68.94027467367575 427.2727025441175 1012.2791394730921 37.694086912072244 498.91095901315583 1776.2254856297823 769.925617599632 16.50586178257335 26.580760901118165 4200.481719338204 616.1737110729598 774.9286251216711 149.35473982941215 503.89989363942834 202.0333183293419 179.37167308615562 1131.0317943651867 158.2490227084331 123.14162306729921 22.18184286413767 593.1907371453719 352.37681443668174 193.4115503589377 457.2415646071038 127.12515475990176 4107.715305724375 323.4740823641131 424.8531939380839 416.4516032887426 93.31135107962368 275.0998000088132 611.23453636619 14206.656823361416 231.63469819050633 235.04679324327006 2195.1273260324097 869.2321642775951 601.3312449879259 365.9626376341899 992.5073333076614 1178.2526643658146 291.3667187130817 444.6559027546288 1709.249963300504 704.4472765935681 232.63266655414233 53.139308146855115 1151.8701147475485 140.66211547205128
170.07671145789547 121.73861237303211 844.0304305619327 1210.1341819854674 19.503374552636256 713.1566523152624 2017.2849561818666 1196.1476819245438 32.09616242990043 24.97069220778093 4845.401943484354 854.1286007496453 887.6417394316305 134.84214390118845 485.573362346153 481.12088269277916 145.16758229502736 4006.8660276325845 263.50132852420484 186.75647913255068 44.525387472312154 725.5296829297471 843.2307687509697 228.45843805224837 914.8030515588409 336.0687010325045 4354.090737132989 521.8312954573407 739.5844122213829 752.2153051811157 180.14009595071187 509.4442614341106 661.0191023500206 13828.175037686213 269.1264655727132 296.79284006124914 2826.0877366722457 2070.375667181877 622.4124751521318 402.1012904893757 1938.6828369653879 744.5295071802998 291.4167763978035 660.5213175689915 1796.9933271187695 1010.9063345065166 252.60765815069183 38.6146098456501 1126.96556142893 205.8372538635962
136.63947359720308 47.2885976539898 968.7102898900216 1277.7493122958074 23.03673551439159 570.1985636563223 1956.2803004681402 1041.755195868625 32.112877561581215 15.527805138276985 5348.777940615302 639.4979132261745 1388.1911728167515 139.15216110619957 698.2873508010748 392.6746787700897 259.86924040765405 3018.1603260381394 263.3535909836923 223.1024612758883 46.41396989728307 563.5464084936391 852.2309513941441 236.69316677940824 883.9989702563462 354.8116037871063 5214.573804137043 323.08869035221693 519.2606067797187 523.8714002518723 237.4093811552906 291.40884414763985 587.331108626977 10914.994479130177 251.29717772025387 377.82687841846547 3486.7037279383553 1892.6179420516457 702.090407784 327.1138630101852 1171.4004269057148 886.2558283263326 304.750754091311 427.95781016986973 2426.1179418180413 842.4610369791772 213.63913707246772 61.96690855228123 1046.538783738379 200.47539427805228
144.4228171931841 98.23323220005217 600.847027394472 1859.6195666284589 41.647306063968934 700.6368859463585 3144.569677235905 1688.3010873591588 33.64338837487152 38.11670839458792 7130.630645407611 1335.9634532363284 1161.5618082176484 199.69413568657632 794.5147793271094 493.55061388116485 390.1389789170023 2554.267117948812 261.8035844697252 184.42869835794514 41.9420323422785 974.0303612448034 614.2179513013259 393.3523460200874 1075.4496020011602 383.7922465210967 4344.003666450069 843.7749175926724 437.7891718118731 393.86270640483724 275.37514847058856 408.17638303144867 894.7285250480642 12723.953798223933 234.30654638540184 507.2638443613837 3927.2901267310604 1645.4854149814867 719.6475675314022 406.66925224743267 1554.1094828256676 1509.0750483867141 309.4202759497418 542.5611987971683 2758.10259086422 737.998409597215 228.86534189933784 71.11424881028596 1866.2299398726288 162.7822390968685
178.97151271203867 69.20763014937882 407.47747900136596 1394.4776981332607 26.609251484808315 440.37431436490573 1901.200775097457 583.6341844108684 34.41357938373986 21.651945251510252 4173.24624450718 878.0404048242737 1129.4331166358897 131.61272296253702 646.237357285723 463.5799165109066 176.24290178647115 1826.5149611222364 163.97141570320866 180.4995956702285 37.119038882866604 510.27049170785745 554.5630173580561 222.419738468155 490.7784698666619 294.6171645072957 4265.974355870512 613.7209889594106 448.5082893560496 379.3547354594124 121.45364432547976 260.60867121201414 523.4564674994486 10860.254208397648 226.40059379975003 314.89860607576395 1728.802485770709 1981.9462158299339 499.80732111753605 303.9468030234192 1619.624404455234 936.8363007950134 325.82170618716196 283.72983459566103 2706.794897930204 712.6292836489101 312.3133613208576 42.14920747016516 1279.1765182747095 176.32860654956363
157.97011546353934 117.4433189821641 603.6484335000426 952.5251951720311 36.388490989728716 883.8575051382603 2243.220722570878 1656.1727593928797 40.430072430073835 36.70540255243429 5706.542659842145 938.6545742576642 1562.8331347170183 187.15153198845766 800.0887537663216 723.5769888204173 222.60257905556304 2866.053224385163 317.89512044593624 281.56154996785426 33.67817977364902 1511.601078445607 544.5716819573428 382.39640045549845 1099.7503402015082 481.52064448365485 6643.048840374963 815.8685445634812 561.5165146139182 755.7579612977538 288.7792158491131 365.4191107583014 1129.3864865582289 14125.326521669507 426.94822078169096 327.19864658813145 5788.935115569573 3108.3281505430123 800.8552685259738 443.94361075323883 2319.999241964125 1324.5678792069186 356.38651316899967 571.5969950895133 3374.8452999758397 906.6944134148839 288.5535592700594 52.46340694097999 1655.3807086145048 263.85572533340047
204.41824955418065 72.69267320641248 725.46188982066 1485.8190547751267 30.504459355206407 719.0326555162202 2310.5855797143004 1452.4802188480419 44.07395914723033 25.546546609238426 5772.648042163639 1013.7010229143871 1879.9533859111825 274.8840106461061 785.5311320746073 886.7426815122091 252.47271631511276 5609.849844246404 267.1194911819747 178.47221792437293 49.677962912985876 1122.8325981838843 519.1511232876524 641.416041289307 1096.394185778695 367.4905566961818 4308.989700316998 1041.2610172293537 418.40213246980124 747.5728316171886 265.38388895743043 323.5156486904925 933.3294331404082 15795.579069634996 482.085932790223 442.22535786340705 5095.239750314123 2684.0067737018535 862.9776608805464 317.2144750480549 1401.9877984555176 1403.0666488074842 341.4397399114983 509.9607313587634 3601.2524372956323 586.7232848125462 181.50537324131767 33.10230905285207 1744.651963953731 358.80779897359787
176.5494408755291 91.54083674407457 798.8163489034965 916.9143434406217 32.12737710244096 403.6817144039995 2588.5958121552335 1041.3432408623116 28.738754121450707 27.256046046607167 5642.318828676755 987.9632444899801 1204.005877732525 206.84899495371042 712.8249049496635 493.22562839991514 195.46647857936557 2124.818778091435 251.74681973332875 213.72894306538305 40.76969483331213 1450.046509108591 687.8188065918325 221.74781826964715 985.1955612886696 399.3711576153146 4697.3109419004795 606.3722495926272 467.1430915903035 500.021407493489 150.59203488603097 217.13288866589488 701.4104382011237 12421.884873770581 345.4675095233101 233.93735471882212 4950.682332822239 1698.9180056761936 857.6123382294226 207.3418502790059 1720.0232019325417 738.4434960678021 376.47788109677117 598.6776510639156 2553.183796758365 294.9296988480797 230.40783239076342 38.46619269123422 926.1007206585625 307.461426860633
95.82455427257446 43.06114082241551 241.4423111901603 1602.757508944462 30.946920697682522 345.13243073661783 1892.951098087239 1097.0076513166637 18.271842646428112 20.45919168720651 2769.7065231288607 578.402505266196 1530.4716323709094 110.0325453764764 315.71623467722736 458.4392536049276 245.72073129712535 3115.884198316334 104.13678669118528 131.57486004830884 19.389075239283358 699.6547914142125 488.3545101130944 208.66769492473634 368.45553308024023 211.4024141993044 3088.420391864224 576.102319744759 222.24521488150455 299.1284749081321 130.51290959637208 267.0818206443654 486.5705544922505 8348.072035277106 304.42156600640266 254.54631369994706 2687.419820177909 2484.0202266334622 464.4621034667599 290.8018880904103 1249.6489571666782 1295.8713225348683 277.6250086747179 223.93431885153598 1280.0666221863867 264.0247356848067 118.47116737397181 41.30616991976271 1354.1911099518054 178.59611893079543
141.51577952530894 89.96222096848396 771.168659332178 1089.0760068878415 34.23340910038695 787.9747054771141 2699.8206707935387 1379.7249301612321 43.91548106410136 37.68580917562389 7471.11416333479 1342.0588350122555 1790.310441469819 196.840984438958 840.466412177817 474.53925119409564 297.0454127459737 2939.879124813354 331.0612233131226 188.44147993922428 36.88403252836698 926.6754873790632 815.9979206689213 317.3215847772443 743.5989378415138 407.9142140249273 6176.174824816434 884.3386839813618 570.1746887418558 548.2994129317631 201.0559776400695 372.92662296565624 648.8207103740376 19796.841606150192 419.4723858496635 300.6984814447701 3763.8384076420652 2308.1490814746876 788.0215979212779 450.65270597329163 2062.4230844534586 1287.0826802496838 370.12788815462613 470.34039064492663 2769.6222894887946 692.5046424234803 327.82174144883754 63.43354483028886 1824.459688673066 206.02594639555855
179.96105763915472 91.29917324137699 601.6143501350317 1438.419144261013 31.790241084172195 799.573702630599 2153.3719106980484 754.1650068302312 40.01147644028378 29.264764118750122 8319.433018069127 1049.120280400375 1114.5720867860227 228.80234378690403 582.6842483046669 779.1222926801738 201.74068553439406 3374.6774652120057 313.65829239896993 231.65600944784404 44.08500958327598 1001.9630445265763 683.8717220756996 310.07802765515095 1352.7044726532088 358.53519557274694 4659.323693544425 571.4838999947713 593.9208201661787 492.4806294765182 302.3797912319631 298.66114526579594 868.7333702856827 18659.892218935674 320.1793950894944 438.78949930277986 5159.7970128838015 3122.6214619892967 1085.711043721015 431.21874441499097 2692.5125566863876 1245.6044114027495 375.022605102577 608.9766120850654 2469.505202700546 1264.9487199531234 165.9965390082928 56.49550421104936 1193.3570744061317 342.4228415238166
129.23710072158326 93.5677183628365 737.0915901048298 2103.081480769391 35.02453870132575 895.7616405522917 3331.239869356362 1481.9632853053076 41.96082120930841 28.6900654966641 5033.892822929963 890.3506561530933 1757.157161072571 55.152592190454214 865.5557952147816 741.1349299790543 249.89797828950304 3033.3369414129866 422.9432868908032 302.4539542591359 61.486188859512275 882.8326238308961 741.3840712689959 415.0291484709458 1049.020604613548 431.2395396453811 4741.475940015088 601.4008965148317 367.51145877622577 381.384464713227 359.6268688440434 487.39345982340524 947.4253685973829 14411.275489876187 459.1499250274189 317.71635124825855 3214.0513639165365 3963.084649906405 1027.4572807563752 519.3631672794272 1725.031630548967 1591.619544358154 343.09646406114024 527.4702748087402 2464.802895396782 1359.1364475720043 249.49381255860504 66.66553874788629 1751.4933310708989 367.30263104818994
107.51067427856408 82.52323216789966 662.6665221257168 1764.9545787707307 26.936467426948223 857.238074408312 2496.214200606345 1101.391397756907 20.306066638557013 32.57801592204152 4512.861194226162 864.8197370945251 1422.540016556806 91.09455513540838 598.9480427198462 415.9539564065464 191.66487492766447 2673.0264871757513 265.3094482630622 190.72579492004115 30.369137680051356 799.2477385356806 496.40553539415663 158.26737353219195 811.1345625557303 266.4872877544799 2986.6836946879876 488.29954558906985 341.7882765337839 261.52716239349564 195.9674904511561 373.21869198688626 914.1881802609191 13059.137897607545 195.98451680761553 436.36495584445595 3575.5840404011387 1176.3689476015488 543.6094460969333 158.5935382988179 1583.1121791021235 1358.9079733228966 258.7961950909726 611.4478394045118 1692.602413519313 505.7272276107112 103.75644058754258 39.104023503461 1038.9067524970994 275.73781745790177
143.51383083781155 19.8551134112443 457.47439710105493 1156.9870010462187 28.716697011234157 636.0290006391898 3136.945429739066 1111.1833854947643 33.331733832141026 27.682115665327817 7520.31342974388 713.8937959129447 959.2076540061666 145.72646312953728 465.2757906797425 615.9161064119252 298.65541240163725 4148.6673234998725 343.65582021493157 142.67349344372136 20.928594321482592 711.7564488612335 584.9855317164861 368.7257651710524 788.5540162632844 227.56105277714028 4477.538922382791 460.73833729443834 375.59533889747127 624.3386195186746 218.7731310699927 152.6400763340995 777.4491276531533 12879.422654087784 293.92424194719445 229.65662580975174 3786.4461515374996 2304.7855818381745 468.537461607754 304.9368469618792 937.741051514528 1338.9782466463375 204.86974701585373 375.5650922545304 1875.7311513061325 744.8210856980796 240.6476195942606 61.9297571138283 1894.7065593907992 212.24754974991646
179.45452262163928 48.51984691624925 339.38363295730306 1513.6206312618308 30.421157232760923 434.2746382273868 2017.4289164874747 860.8842125673921 30.567043242175373 25.755888594337666 5012.685009654426 927.5145892955795 1727.4399925030789 135.18806221155614 497.1471728910248 511.4533853900141 306.0972842583375 2979.925057041128 217.953160011968 132.4037810870916 39.98130042933194 875.6241293347091 437.3094228868815 399.6857752639743 1027.0169057807063 327.13390875112685 4529.788676094295 588.9953839252133 477.1316167389894 481.7555116428133 186.2734389935184 380.48987659705716 710.5917431927492 11346.874549661892 309.46973457339243 312.2158984531529 3315.5396083761043 1934.5023014744763 458.33533273674976 317.19012282054405 1849.2481336180008 1253.4935553384332 305.8576769848024 263.62280229754407 2116.6655837775024 647.0348389202277 262.19987868415075 40.034676746641395 1432.5385854140575 137.70884705914574
118.21781009512436 105.46832743121101 875.1213562775007 1507.4165998143187 31.265119695466048 813.4121384020718 1492.7097208265548 1443.1216147577725 39.41615354031021 31.90072536139789 7885.658181929619 736.8941475762185 1559.3667651363605 177.22376578784386 560.7121710053005 824.578917282718 302.6585277401194 3121.723606485612 234.65223640475904 246.96362178036526 45.887150583240285 1118.2428825362203 554.0656362739679 329.76278520290316 1100.9908836649138 494.264447502773 5395.6554307658835 619.3962552769193 550.9919637525311 658.6122679121971 102.87384976746114 361.45833710887786 920.9743967375024 16494.1579640447 410.7477027667607 399.85850894155357 3692.4782168579313 2040.1547440401005 19.44490526733584 360.90343641813644 1527.361077332053 1203.7031528939967 310.0696941976877 364.58179617508347 3071.4448203646834 568.1102769517078 321.95801225365983 68.71184403370027 1035.1052702201619 295.2945587325771
262.8715516737534 77.78824715766152 807.1842817790705 1814.4706401493386 32.24352367318482 685.0319726597917 2135.2708888242732 1551.7560151882453 44.50087044135269 41.24904438450755 6783.360540836417 1074.2638456898576 1629.1856889898656 140.89745168216098 609.3296049672375 665.4996148582309 315.42116263682846 2630.7728033025905 340.08398751799854 246.07228393790456 53.821127281339415 845.8674046944614 775.8779171533697 322.00965174507553 854.2221369384927 368.6902963809088 4299.323534672943 788.02939629182 466.97920295221655 545.3979587371055 281.91056443047654 342.9327543905651 629.9292873137597 17294.274153418228 427.1304825301613 533.3023754455985 3632.897914955534 2222.5463604291763 985.7201895973332 466.1874778620581 1839.7608700302246 1363.3725206833428 307.8568953048471 484.53908715706723 1935.3201252557133 1001.6331672171099 301.61263908830074 45.20426421922791 1741.685309475009 250.665336146524
147.5161537825029 53.64267430087622 713.560313375073 1750.9725976784725 38.272647219936474 780.2279815389545 2205.6339116698186 1251.9502667130555 47.253226390515856 27.93317212296312 8269.019984306207 1167.7974407453262 1736.913972540455 111.70067751146996 771.1032186215923 853.679119326809 295.12972351984314 3876.397740610591 265.1973652198936 281.75385881324405 39.18044097535596 893.3351341530598 475.66817786284923 235.10727565976663 1007.0769738508443 364.506427187241 5769.466133945383 812.3012099892791 351.68265430503243 436.0802687829123 359.7854170756713 325.0208053583219 784.7376237530755 16491.687867008623 489.03134910157496 453.1537614204228 3788.574545277166 3220.7632186783508 448.7749590215635 405.8605365428538 1794.9293670807458 1520.1975245979013 368.81593126240796 363.1229132991614 2545.347347130393 1155.9017662489216 311.49882624359896 80.7600165660225 2027.404385275775 352.73630050770777
180.67797832922815 149.50112319916377 874.1244355403294 1777.1640242718922 43.302903298957474 328.71907193966257 2297.644772836832 1045.799285642714 44.35234503287959 50.85215445949209 7355.833935814527 1107.2510887943913 1810.0155820480577 171.2434642007289 651.8824330580468 499.8166017226622 223.5108733370867 3125.1928742888485 254.21878553723303 194.10269250914132 43.85053060340248 999.5709084708685 475.8454916026224 351.09230445705583 1096.7667156114671 321.0884416663229 4635.733550842479 902.260486113774 497.64599461432095 493.7036741956951 186.98231330808218 365.56235191190035 642.0096500493653 8240.483851527295 197.3556003412524 316.2998684848814 3826.364722831591 2721.1422432263157 874.1584862970109 370.3711437066725 1816.2082838822366 1420.2894010613359 280.31993500392315 637.8162997493075 3583.991025423636 694.857975414456 262.74391482230067 75.88740344123508 1450.9794844532553 381.374910866646
129.87258212708744 103.88619962719564 618.4616223706432 978.4966491201651 38.17772012934976 768.8966912644361 2093.193232884025 936.3031151369053 26.17145488870745 21.811457030496562 6485.71686687703 760.3271505987732 1316.0282890973529 131.98714062813178 441.6881204799105 350.8966667625625 292.592288876454 3546.990123205828 292.0472750034812 143.15659968455316 47.609771091678525 1007.9161360224564 482.3483603807975 307.0175919857513 640.1057492668149 358.9766206185729 4903.336028669745 351.9422216389406 550.56922739672 700.1763247527742 241.32470070391867 315.99875089153727 745.5258009882632 11682.955155147516 331.14536252280107 281.0509248802678 3440.7847125332605 1555.8073298320778 650.7484787608558 271.76411812757425 1524.0702650293636 975.8713012564136 304.92436036896413 384.7274796271998 2123.3978265648884 704.8776075067203 123.41395345902252 36.80575933429586 1076.231665349705 260.8037542865579
184.82807131398832 70.70631349528385 604.1293657673424 1904.7237429374075 17.783393295513907 577.1099434241555 2804.7715665498854 790.6620021462312 33.66784841168766 31.215474081242217 4068.947706822484 718.941896858809 1669.0774421117928 163.97088811735603 805.9999877956868 414.12568870483074 252.9934416854093 2514.638496692394 185.98684547891256 143.17747938816706 36.78905563152017 670.1243130455896 614.9860621351124 239.44836959970942 1096.9934333051756 366.29494361824123 4323.32767395887 189.5176280076749 396.5513919355039 312.62045616056696 243.1392341761411 423.11138243984226 536.2057208813463 10685.435106865047 334.24427461867697 526.4082651497489 2764.8224108531717 1371.3057447395297 688.2818276631867 163.38645227148513 1793.207792245371 1005.2890970608731 226.1448451743475 596.8834763416967 2510.3949281296786 644.3465878283102 292.11429714253165 30.126607724007524 1865.3234064601554 188.89308406236293
92.23367694887776 63.56846159617896 79.56295159154786 691.1734502739081 26.760345231108538 260.84295921424314 1366.5302448696566 135.85670216650948 36.00101994170619 18.38338124555127 2902.101018378224 692.5955928838928 1214.8672640177033 107.23361617113846 638.7580896828491 297.1171308994526 78.71469804540179 974.2418908662835 136.86962462620528 73.21385498614652 22.80282899060242 444.5994278978876 628.7533981289139 359.69392050358744 857.6433508068898 132.39958545298816 2615.2202863567154 182.83767829311088 358.38622563401 335.929378816836 108.39675718974608 325.30791665623195 281.3015587299261 7558.260402570704 300.31307411504895 377.6918053322601 950.3777673245047 1518.2615366525959 474.5830848658992 326.6948349698673 1156.778211413205 200.64828627890967 158.21657560112595 535.991947022941 1822.2787099137056 233.2023967475899 70.10548804574675 22.612311763614883 228.09748188887102 52.91551164071795
101.03874387262695 128.4286495751561 770.9737693051977 1043.093325973145 29.513033870969018 288.9598390183287 1951.3171866376051 860.36723764813 10.57028944265503 40.29869312466292 2720.7777959363307 949.4229903892646 984.4872642886787 103.37602194403665 595.4090457601975 514.0214706344472 160.94898983538482 2255.1229430081003 246.8761472904539 151.1877006757232 18.25690718485511 874.4973197476795 443.37757860915474 247.2134447169944 207.52676855925324 267.966512494997 5405.44717539953 515.8713022442787 319.26153120303775 394.56095928806377 80.68068693933077 265.1441689680339 711.9986624189883 9866.634946384756 282.005933176104 419.57906725046223 596.5201894779908 2447.064135747263 888.7734125702508 216.9433466196054 1190.9332681276242 1621.0230860360275 237.09420976510592 281.6936725737604 2379.6800822091677 1023.6040799347633 212.10719986621115 58.15119557977076 1955.1676872356552 259.11743427779123
74.78940388248299 70.20326611742598 549.3365528716946 561.996016612065 32.440270621100964 478.8697287113607 2005.3965669819609 677.0683826569687 35.291173822582955 30.15350345895621 4829.531031476156 572.6244883438933 979.1865644339217 118.14043064569805 459.43597609547516 535.7595399590615 248.3216489877526 2346.7127104753413 261.1959880590086 158.0013504016908 38.946536803729614 415.29045878461136 440.7531501288523 221.1348817124618 905.8227354612077 316.7643954444715 5057.690555760692 431.7887260256818 391.86489008055605 258.5128063611431 125.15591965249423 222.8664956844192 290.77338747834017 13613.469830009008 370.994105003651 310.9124275076238 2449.517084840565 1985.0202982760648 432.91845408125556 374.25848700519305 1835.8638547434086 756.6753564241061 276.7991824229366 417.8071461467006 2511.8433461190957 819.87006717758 169.5613440191215 36.41884894973576 766.8794100785356 218.40375854867375
116.57105707465682 33.57271725291143 443.9341020248948 949.7505552092757 26.963053162284766 365.18290640407736 2601.3419893711734 695.915251524179 0.0 19.98964184615718 3089.3810889902797 888.0261609282511 759.5059606830484 164.25132984530637 417.22842347066046 689.4142744277653 191.31130768370429 1713.412131567636 121.86117899362173 135.7820018926396 29.705918514992987 325.0749452226768 588.6225315399224 137.32918896950704 758.6089853156419 110.54672640433746 2850.746744846364 647.9485670441641 315.05557669395574 654.9759962305673 119.06328473496175 192.48060493097717 845.7177928819608 10921.92026927668 314.5388617917692 450.7172167649787 1436.0591862336705 1093.237457814895 473.86293609552547 331.5377958248451 2038.9159368838482 1534.1787518788344 183.97676795264616 453.5491767805282 1192.0651121598037 515.9760038450154 53.87841555323675 18.91537880837342 1437.5498840415357 85.94024253682369
108.873384657001 64.38587587744351 1092.3460977788436 936.3982773818758 38.075303176731076 382.027603431774 2445.0015948028663 1362.7934578068039 29.697475226836005 27.639711231777785 4794.885429545662 673.4890234430302 1404.8663326910632 71.95345915539116 569.8864249823356 451.5781459985346 89.53201975537053 3443.2554596447308 367.32865747688743 117.84079861759227 55.249168424830394 592.4716561333743 246.51413029898364 321.2244546573992 1261.5480364574887 240.34825070265632 3164.5603352443754 1027.7201345402568 373.26996738412856 671.6629864010121 177.17510287304873 288.73342824528754 586.2488159548859 13629.206376273038 423.59140122747095 318.8060304624254 4313.267705412914 1848.5394809904483 564.8222584443224 162.08299096420674 1659.6787485312025 1269.2757875736265 356.22944591475186 553.5516331624489 843.0453180695672 763.300438016643 138.42249054245386 22.4061281790831 2013.178803711078 208.54744974508964
174.13609725227363 98.38727432912474 523.170255449015 1952.5833138078358 31.05578936501393 933.0240715715767 4119.311147970914 1719.03068529406 18.628107531257175 31.212143237279264 8407.505079399849 1039.7545511874873 1961.6176264523178 149.56584657953655 985.9283952321205 818.1545853312689 232.3370592462886 2897.3135269978725 364.2943937802574 351.99485624530143 46.88236170246256 640.7016092457197 680.8849503910766 338.0121372156194 991.7981961923338 372.6099241515045 6922.721902690111 574.3137397139851 190.62165802526738 656.7286710134148 251.10013344099343 290.9312518602758 842.8369721814197 14039.092132574004 284.53043676884846 571.8495850114305 4169.729138630843 3342.47569336344 917.2946109588129 319.7122615938717 1733.8029717131885 2020.467973518443 248.0410693607121 781.8638592386011 2508.418312208478 680.0547055366133 395.5753193329647 40.22866913046768 2067.0087982067685 296.3120668132752
155.22933161354285 92.36165485755548 790.01580232128 1566.3356993708278 22.770620926998067 609.6366489700758 2105.1010823837228 1022.3732212728256 33.653703569838704 34.95507680910102 8660.794663348908 1077.334871962209 1778.032306686705 158.24348889385175 814.5507500219277 907.255530801321 340.04128117664595 3418.5628309713593 265.0826349328364 178.9193160339059 38.99857937089957 1058.2492076102646 588.3893611225095 406.73603453193056 960.6098130250718 293.22929391099046 3783.7871278755597 504.6711415688252 623.1531347651737 612.2169058005768 219.59665415504475 281.98918401192003 772.328893193645 15148.47653762798 346.38436510351454 370.8358275563297 3530.3723033916376 2083.517888076636 793.2462401950452 390.22970139908483 1763.4207247148902 1289.9742269737908 266.27179346939596 668.8621606317032 2433.5556853702383 856.5980064041592 228.06237014368762 69.07494335292172 1860.4555933478518 141.2148464925074
134.16040929673125 98.53441458195341 784.1886781294613 1200.0854710745882 24.261149620138756 657.2501687516019 2816.540156963117 1104.7873260416077 24.156277123966237 23.36983886972853 8184.5973911805595 885.6691561093189 1572.4182800732733 118.81152763836783 391.76779197633806 481.3921853665774 187.62467703420995 2581.8751349365757 296.9842337255019 233.79827292280336 36.649782270977944 834.951913983886 437.04793255436533 409.36416004026876 678.6426073863975 276.69149507418007 5755.6849628096015 655.9720706790769 671.8046229772386 546.6031523852278 181.80172124290306 372.5792947184667 728.5298297234963 12151.280663415191 208.6883797816783 317.8246484800341 4109.9836572340155 1734.414570466529 983.0756702436007 293.08362095760265 1844.9231183888621 1224.0311693295596 390.4966740717561 503.51730546110355 1432.5810265744856 516.6986958604541 164.11668309006365 35.83085891378299 1679.6668665999493 210.48248658332477
135.12382980138423 93.06067071291847 884.1176388865924 1440.2509097223156 37.119385710505234 473.39429938331307 2090.3925633038452 1669.6095341541757 43.914263581109786 37.575288118512844 5718.127726389024 679.6584247284287 1803.5022048974156 228.81646787652784 793.8430639674025 1126.377939168997 196.04658201646896 3435.6612118553867 317.1382997083208 125.7445762176651 35.15967780478566 789.7699407096092 716.4744700824864 245.9260197422082 1162.1082481457665 397.9611443575025 5110.65901183946 438.3636729061059 565.9584661970063 533.1241060836305 316.41702484558823 277.0703740404862 1182.2260995453976 13458.838844425267 431.8707390211223 437.7227896069918 4008.806844885532 3262.3392036524397 851.9423583175217 465.31572486927644 1791.275406035275 1088.6487625950097 304.71622828755017 192.02638863237314 3009.865642695294 899.90329645919 371.1093164638472 48.45652192978836 2015.2117737489286 289.331420533686
157.01328889600615 141.19047516398513 845.6062108928231 2024.063973914908 31.80957834624905 544.4628995958344 3002.9056561676703 1482.7627029498476 35.18611911703358 25.544042427206175 6307.649206205585 738.7279894451683 2452.4607836352325 135.29364617059738 631.2696946282963 612.5356010266463 285.3564811090636 2556.748884429518 331.6180387842355 147.35032322265693 51.177924832407804 742.2778682188349 711.5705982137681 375.0192516897285 670.5200576957268 397.71052716331855 4877.165182429194 796.0075286087484 550.8123454643421 533.7994576880167 290.1651971077062 293.48221614308903 748.5188338387221 8375.230664734518 344.5636096928282 508.4584160443253 3738.2301744281517 3234.7069757289682 621.6566976644498 382.79456315791487 2332.680544755155 1517.1231389169614 452.2708691593329 508.0372074939042 2804.646887354824 1017.3574186544467 350.25846621581974 93.0209318504591 1636.382317193766 431.2250412402714
125.53291863588485 110.97284468532129 1058.19038548223 1258.9594171119697 31.95086658247686 346.05767441559016 2707.438949032562 848.9953516638283 17.934748655863046 27.012739942867412 4906.0657300626635 740.7254578427783 2344.5438474778957 150.39018417962362 700.9114431302486 452.51428464834237 31.005043721461558 1727.6046587760839 183.1443361552264 222.67293037593345 28.98983691046378 1194.5238234991484 311.403325765031 197.04849924259355 614.9698464360183 1.735601899461365 5256.8739408127585 426.8731355824396 509.17217344846193 355.8273981735701 95.7448579675893 282.65491011191165 213.55307361867085 11065.906783146955 130.25270790353042 399.6160487525983 3922.212330551111 1227.5973050487612 600.6708388774605 382.982997934903 1958.1274808868675 794.302724338073 158.09424665015814 283.2592420625683 1061.0450390461572 236.0079527871718 140.24097096232242 56.01271644971503 612.7095944428418 203.0323055783789
124.0103876605442 60.047091546413036 288.2955353026525 1055.1025212966226 34.290947364264305 488.42751998969834 2087.4129288298636 949.6405635418926 12.696755994128392 31.583037981646044 2056.859828474305 361.71305852822263 1195.1817320846417 118.03408631784933 501.7279643091065 584.900412224868 169.8473448924251 1259.7229812383898 201.92850339976633 137.56103364027757 27.169454129193447 982.0408454748246 557.3703822967732 181.72427574269034 587.4633912413932 461.08623634670937 2482.302876957563 383.83946246971504 309.522930521747 703.4155439825971 199.57422604905605 228.4158540354562 628.5209209406289 10156.400461442507 383.3571558034016 191.90361726999822 4154.942735793689 2587.3616481897047 393.70462793614496 208.95259063363386 1690.0698006498249 1118.9345742379307 340.3405654570075 316.82149050959526 1641.9941889599954 429.80797213341515 40.31278055550298 42.82115958004881 1803.8183347325385 299.2998393722907
151.4264002156534 50.11197882116248 351.906261507142 1337.902734959472 17.33093359492105 379.33471332260535 1555.084897847752 1244.225933135637 22.369205047630146 25.05438396650937 2641.300330857804 1027.4371012428546 1234.8395869482267 151.4579668725626 478.3907148333179 460.04484548257216 219.65249955229356 3839.225590700649 316.8698706795269 141.40787418648978 39.05798753665575 708.7092669081221 571.7559390589936 132.35830620964214 680.1959368036071 387.9896218165443 3215.2248169035374 979.1501982077494 380.0794559800219 458.549068810014 239.14166592326055 355.53755884036235 629.8190918075856 11533.05861117946 266.5552112606819 394.4891910559934 2530.76457864935 896.5010342932264 624.6940445188573 519.575278207078 2924.170625878438 1223.3359118828687 126.79941869623575 651.9829797406531 1812.548309787962 244.40008863262483 211.11410312336395 67.35436131200699 524.5192566138155 254.46554597072773
125.19349121312912 56.251674292659715 347.16601049148676 838.2051271940206 29.75853581032242 340.8411358809242 1376.5338842544545 402.1091741841443 31.991022735465556 16.9031881162347 3576.160841676662 690.6252737976108 619.3604668821353 125.36429633318473 422.4796605516403 242.55614846155547 178.59944941438633 0.0 112.9942983157053 205.48046804450865 43.097661714250464 717.2604898799693 477.0626958807162 386.90224079190716 814.7725589828403 268.4625116323075 1585.8973262314569 386.334947415826 294.8442367671781 106.83572387732744 83.78512186104287 131.44047027954477 144.2898266282095 12177.769217123176 37.3162046714302 184.77069120130608 3063.137107632163 1995.1522088084105 334.3275374166004 201.72809842053502 1372.7681140324835 636.6608312930156 234.03353341571818 539.3975334707252 1054.5095644003568 839.5521564408145 228.62109867520553 46.43990921815567 1544.4073991383168 154.26809892261508
34.07915424223965 98.97875565561296 578.5352777083423 980.4844589694956 37.13750461584228 444.9023054269732 1480.783876606819 837.6458620771671 19.001698205152962 10.992063731604315 5105.569224841514 946.6342153470924 1617.1990153958122 111.32956481405724 368.71728552004015 558.1192370901396 183.68281671569636 4041.2852946728276 85.475429410401 144.002698225369 34.922944319531766 556.6813537856698 266.44550516389324 211.8930153852236 876.7965745900602 331.15405507394075 3254.042175169419 527.9984094142793 555.5538286615016 597.0220257905698 118.20531020594453 289.76791553201804 504.0264681463001 9340.639300795563 291.54733187424694 199.72862033717004 3952.197334897448 2439.157366962087 638.1424024957489 329.6226182046189 1582.1404572138456 1471.041288001104 151.01445079685965 530.9752451965312 1655.2763470515715 606.9843291309726 94.34455346018649 59.0040376831136 900.2826982867585 155.66501320260326
44.52055845859489 62.521864504201616 585.3647096153237 1439.5464367945879 8.773349962754715 392.3046385556578 1744.3147085068695 2.033836254423818 16.78169313953702 28.092863441711813 6010.574257787488 703.1667449096169 1624.2664363237761 155.32814075432856 389.9680614987792 592.5321167697041 237.94965224733065 3341.527024596564 100.63679064742696 261.3507274482951 19.906723179884118 84.06358874427377 750.5679956743667 260.91106475768464 711.3993250084054 205.076673893774 1890.0027974161721 387.46276691192804 343.73271169820634 508.5002560507105 123.19613844299022 171.33039030827894 827.0729195973947 10032.168975939025 312.6292203808059 299.8519982985232 3196.850236623297 2026.2557286592682 622.5303964711129 280.06094828666994 593.4445516350195 492.21999924356686 202.42891363246383 248.69706342374667 2689.660159367966 798.7555456152958 176.78348137563887 35.288724773955856 2120.029861022775 167.94151223342405
106.9314616967614 45.82230796111926 372.2947159812878 1574.314458608016 0.0 392.69898999923976 2223.4221683473725 482.06008717537253 20.09171864433717 11.740988246544333 3696.7147818456124 157.58034789546346 932.2030613361521 101.00260778721747 793.8392516428662 484.8514475243375 273.9569467145169 2815.972851572893 367.3897687494597 162.01286068187156 25.761306036347957 189.6125027135757 645.0304823895501 212.989863953813 391.4738589901018 226.5057850530415 2970.5255349482177 149.5208465200522 223.60919721136094 309.690615726665 177.47258172928733 266.4389408572754 357.07743044354197 8733.802389043754 225.4751060792336 269.4698933118149 3820.963258972617 2100.096239096016 401.12308385439223 375.97634699778484 1088.6056050827915 200.08909157251838 213.48404672152978 399.6140165060641 1526.7734260665857 769.3978663725834 142.05552473881824 29.224673262877513 992.7652142936254 104.73939989957753
102.02753225247554 87.12087502615783 540.0344087217386 1445.3096737668982 20.921678728811365 439.86054626532547 2448.4652028497208 867.5769616504986 28.961807943546937 41.20012662669963 4090.4640926756065 1079.4953185810743 1207.4110045981213 66.3035664917864 504.152033235777 69.43230911460759 68.2445485506078 2666.772199563611 250.70984635117554 201.605620481647 30.54667779276157 420.142098428891 240.52976623585815 157.77220617209866 696.8507982665249 129.28712397573412 2177.9241224083144 275.94881007806987 138.0672185205672 199.48745166485372 123.55859185194792 209.68153127546304 549.4371564007374 12672.320523182194 257.48397564014647 349.5425554047438 2614.886347759707 970.1294227607098 336.6986314425357 256.0233044556053 1532.9169578150995 105.79744554572369 215.1973731423347 110.79262719622423 1443.157436684591 1028.728633419165 141.64932232657628 37.65628990582109 826.141097907471 201.30907070103984
153.29856934445567 106.48902491640888 455.7367855187819 772.3759832003614 10.786541219994545 592.6314403620613 443.2144047038905 1024.7866521763758 33.8908625288124 25.780161674822864 7568.795983356976 573.2287760869118 612.0538965461211 76.04533087976606 339.53688309339077 515.3905845351978 74.77841913903237 1654.806891634144 281.98068660436564 56.19832005716559 25.631034317980536 342.2801945093772 150.06054759358742 235.12325733550006 502.63754319331616 159.70571440690367 6511.569247274091 386.71786729210476 261.2352039114171 141.13220855767895 158.82109325922306 223.51443967253095 408.4834860285962 10650.026720138021 162.50293116903273 179.6115830479117 2636.569123821074 1365.995220971843 421.25283221331256 123.01334657617048 775.0219469108437 639.3759673189659 8.224059325251147 97.25296464620473 1147.8017658011022 239.27126272345737 30.089291376711614 19.181129829222538 491.20959144481196 167.88283190454294
151.19138679740118 55.01158043720091 420.10284126262184 397.74306826040265 25.969120998954182 542.579868066497 1110.6504021391388 920.5497361375765 27.639916864992266 22.134691255445205 2615.8003437856605 468.9951097759605 826.385883093116 113.46585420054039 500.74596390349245 460.1170952819904 255.21533468906503 2619.691430643886 212.2584632228736 235.52504522649014 22.69984581638911 710.1353994998096 354.8558047895548 252.6472723563896 706.2365093424055 374.71830497834065 3399.4015900776612 355.06973471948686 419.09931040369224 556.173845791388 125.32804046494246 264.1921624229485 268.6600903044395 10024.296591092036 308.23521302531515 227.38224602940812 2789.56972990096 1620.9042929077468 786.5740713737907 216.41472571847828 1332.3728376767863 1276.244858070424 195.97368917070872 365.606630974054 1565.8385456873496 581.5272100499529 173.463078232484 32.46429679121313 940.9690392832711 172.8053028020392
129.78861008644722 48.35388922387754 548.8787511418492 853.9111627745707 22.341687255029463 284.2590795256869 1594.3792646493573 870.8697066362614 32.745302280415196 19.289464556957654 5616.651371433894 605.4089658737605 707.4872409105801 85.42788775171773 550.2400856511124 379.4718230989979 143.70341809743394 2461.2949323700227 302.2316157237368 128.01179135368903 9.16105888127338 688.3354376661539 376.4962145167766 135.5201873319066 427.93034287890765 310.5121350498406 4813.4948327661 98.5506732572413 224.77969252322194 539.8061232883274 72.86243604840456 287.3429898031244 548.6021901335372 10536.931759195597 270.786789130983 262.5957980237981 4494.65678798736 1647.168537881414 822.9318013931934 165.72691814602194 1127.9940820194051 715.1848662483569 158.30395855221252 434.51167328137126 1429.604301744574 653.3935001650323 156.74329083825216 29.948470908421186 637.125049548702 205.9558653497763
153.57268510676118 91.03131920958663 934.8869005736386 883.8287171034661 39.30813005152195 486.8263414694713 1738.2589006833398 613.9119217453886 35.4885300297864 29.052900196019916 4720.103779368232 1180.7806677519923 1433.9361973891312 131.02750657061574 434.0852392660529 302.0203260933426 175.2078824543401 1992.5458692562245 152.89007785628385 97.94066616687766 36.450305588491524 330.3811995701779 287.3552034384097 430.933005846929 1086.83439981038 223.36991301579792 3992.298448000282 541.0007716735822 192.37050849826144 744.9575864070091 241.21207701305295 221.98363965288283 452.28520858006186 15497.612721483276 343.5682127871199 434.43116202988193 4192.502857231411 2180.648913027896 918.8248401857517 217.75848589926892 337.0173252371541 789.9139769736435 209.89269439900565 497.40292715343196 1552.9570581932544 235.13780039944223 191.0444413922033 49.33330347226282 1253.4972311600611 177.53805769227384
173.06709644051335 95.64199832831343 492.58127002964926 790.6256753674991 26.66977766866468 447.63296252676537 2724.4209929334743 1021.4076864301596 36.611261368092656 37.46429434739057 8619.041864776462 1111.567547943418 1236.791248904982 142.29173826029535 475.79557677978886 528.5786425478618 175.33857053261858 2452.254452340577 209.3667585657612 179.43622897139898 49.127799685999896 923.5198203125005 524.0647324191327 345.54137418910494 848.3181775360054 400.15361497189747 3917.9433764846895 424.8308892525021 266.57256545182213 548.1914467343767 229.71405811461543 311.9523851645678 757.5174093529155 11192.630728334969 161.43052447398313 428.7601323005125 4610.420678084484 2592.156114297534 922.4484220998982 390.06036217487764 1196.7210351246947 889.4580892333116 263.8007686120653 556.0574929319582 2144.1179401518725 832.7885122227752 218.93159470499057 73.88441655150615 1878.2854030178844 276.7261668562184
229.42359390800414 147.7055196552462 972.9297430669546 1578.7090766812673 43.58691322793064 446.5945346460088 3331.879544746122 1423.014475344117 43.55615854794553 25.46338955989633 8645.00705148152 520.3867068344157 1635.7468921061225 179.64397159566047 644.2712856055996 767.4239873000579 271.8952757135572 4105.242993055104 227.085627683223 202.43721210932182 54.6757072043871 1051.167259103122 808.1832439529879 269.19404274328036 919.0962828372644 481.2023096797649 4951.288134524119 872.3702082759612 329.767854100369 673.321136180507 226.61650739335062 556.1516216618329 627.3909428742891 5965.585370859546 415.3545291504821 185.57122743797783 3114.22989499146 1936.474043940706 837.7137304553733 441.1110134371778 2557.0319641759065 1099.0561665303057 267.483011970746 684.7399316141431 2554.210810179627 806.9109258360493 351.80195834734235 67.45908905342608 1939.8056648615454 229.69072006249525
138.93200470063329 71.79017407882044 462.2404864775069 958.0251451441493 18.81806178866068 404.85107034193703 1609.233783585778 880.3317872073897 36.076172995060375 27.294619985929366 3242.548788664953 750.4814713532774 1167.9970800244782 127.00609984713988 355.20267008353176 457.05223436666665 155.09890772384531 1338.5583268162766 238.7361682230217 121.71658969431213 27.60109065102587 360.2185328637953 232.56221903771436 244.87723523317368 168.25141979582466 350.6215120994282 1725.8236236339771 343.9257604392592 203.40425821187426 213.73912375329775 142.4156700953655 211.4182023762266 187.63572802821525 11394.418406264942 251.3520329266689 304.2514899463374 2948.455501509701 3196.4908646144886 447.75499788706634 233.67165956495904 1313.498182641629 375.282659781278 262.91225844222157 366.25603001184106 2399.7233317170735 645.3334122504579 111.96603485352762 33.69961152560851 716.5958173723486 160.80581662838202
105.23865373500665 90.54013380993355 668.6323557840282 1530.0851206728428 27.984406418381276 425.7845034978269 969.7985692662714 1143.0291311145086 30.18038275923664 25.105754245721972 7500.759000485524 1041.1150849689786 986.4264081701729 101.3201783713663 442.55115781514974 417.05850613670714 244.683743248226 2330.3021179780767 226.8519689406665 156.90870434607385 33.068647336448294 805.4519157503611 621.5307197813735 323.28734254114715 487.510326715616 430.7415951618396 3498.539548020036 475.3498449027002 464.4620978922873 502.97964951240726 321.21745179478916 301.5306299256346 509.63466816498806 14209.517254673396 398.8304521654628 355.44986124898384 2113.8053618773797 1812.0989057919023 592.1983011168818 293.68088541682073 1597.6663717531312 911.4882850997194 276.1496820823532 442.1949346137667 1958.7529180272957 408.7803631801497 148.5810132659255 54.16564431536446 1526.7134102072484 126.64268295431961
127.68343646078338 132.19874139459773 878.1129509069947 1395.270967347195 33.814543451468616 851.4027752595628 2718.722329241648 1307.3441219425013 36.54205431333068 19.746741010662586 6664.067762801938 886.606499396833 2024.591591759868 171.85121699406017 899.2588823461424 726.0981611121182 248.0329976294072 3811.102672411025 278.42439537191245 257.76102605957766 46.830451374188016 790.4319494209709 482.73090612986346 321.6545166023089 1400.8204283468865 438.7936938103148 5077.030288720962 717.310730764787 570.1199483254601 717.1698544384992 358.9709829875576 387.5559608149599 784.1816647816313 16243.798394249156 320.67547517966165 638.0108961494321 4880.96108378362 2577.392738256361 898.6229609890208 560.6619726425445 2092.590866480029 1392.2092969362175 480.72117859128304 505.1572225016319 2864.912515861566 711.9723142499502 243.4749639829156 68.38447632717572 2500.1977887083376 266.7745904003023
105.93705735788517 80.41515715620888 500.4247340838399 1263.9523347827278 42.609287904601985 413.91276332674676 2446.33270535398 1360.855090022767 31.54115498974366 32.13979136340432 8032.360162521606 803.469214969816 1555.8868805333846 165.90387916842866 572.8327833211964 710.9898339406597 198.6599039092 2840.4848559642755 260.5057364367246 175.38331608117113 40.476388371011545 1164.3462056617302 470.26235094183687 323.3853921324643 1060.2037990119672 206.23106904329524 5019.77475886968 643.0625748416554 437.45688959796513 373.3933707172724 300.2173738384626 238.90081353990558 837.614987313611 14450.10578868247 319.50755703598554 491.97602070472027 3507.7896003761966 1176.3127997225229 668.1066520261028 222.64207441013963 2020.6889079388948 1205.1195428676133 311.6343634027496 573.9106229098384 1627.8649101272138 956.3559454055463 235.13579271804377 66.79029512394095 1311.2772613488783 239.95525168718262
189.9173762718561 120.68889875587304 876.0157168541775 1922.2588183082469 30.737286295795013 630.9181852003445 2781.425442509669 1284.0976198156036 42.41859335672736 25.35422444831534 6195.022924023922 757.0096917937149 1185.6612071831694 220.90485667267248 924.9952356367663 529.4880616326119 293.5517982215614 4216.365014676439 261.26460444948503 227.16836938950385 41.18847026804559 1127.4943286055768 698.7193166441403 326.3145008603243 1128.8670493406196 470.2982512080469 6589.57951746868 736.5657622601044 476.79480352145174 520.0379973580266 286.1279563051738 327.4587730058425 776.555756130735 16140.91098270431 308.2830825072688 387.81444666472544 5388.062955678851 1877.7833493331188 644.3489370105049 377.20263320112895 1845.4137702663834 1381.8777754813361 259.352003964543 438.32500402707933 2429.1882584223913 747.9424376535978 300.25342400920135 76.88330440821906 2331.7455791390225 351.78537286584685
129.69132233379028 111.11966131701634 687.6416930252971 1618.4835231833154 37.734444632788424 403.93379079791094 1523.129175553962 1275.3708339267391 37.01238962717739 39.35590613102257 5873.7595862765065 632.2164924068628 1752.8099682792476 110.93461137248997 467.16692996099226 501.19552348836976 170.5470399837598 3988.329472592435 160.32949111619777 173.22589756184928 37.242943427638764 709.3600949720973 505.03898214819606 441.90194827569655 630.3409928821025 327.86877526273787 4410.598274261557 705.962818736582 500.55957078310945 552.632774145129 269.1455002774256 257.65690484051197 643.0936734311794 8172.832764233963 364.68862846651444 395.95026353049235 4749.107053389691 2249.7668822028163 573.3252188652175 262.296765531471 1430.2416955904587 1040.1226955286118 316.6943141500676 528.1719352556415 2633.13558859015 931.0516673818747 186.73108902486916 53.35591339475464 1197.8228913741264 179.42148116871994
62.74453046760546 28.963235312439096 167.45429577343657 449.0716404063413 0.0 183.61578688678708 277.1123404317084 296.33663209852625 6.867461968510096 14.929396525802765 642.9007522220054 447.8372589098277 386.06968527374704 92.4943972399385 86.02547756047119 0.0 112.13594829682964 786.4833236035238 89.6930542308186 0.0 0.0 86.2919786949891 258.07572632750566 134.96522388579072 0.0 94.11680818990041 2296.3424094143925 0.0 254.68947562209507 285.45021753336613 90.01237761590525 107.74226372781354 88.3007215143852 9663.39545583311 135.48366189644204 231.19252305887713 1488.2164342070027 0.0 486.9336693599505 219.89568476099353 379.8684765401997 726.6571747524306 180.02819554202006 303.85388670025 881.3279582314201 98.60334121661975 0.0 17.02932391334398 582.394474074839 91.6009358812172
164.72603665332176 109.38055433670193 631.0165948114626 1571.8600346812445 30.987959962356285 586.6985708417675 3090.7278030481925 1345.8637478126375 26.98865242307097 46.81595233788771 4185.992766744291 1033.1297817454358 1818.613596389248 143.95653364950684 908.4819667331451 503.2462508508361 191.4159675382397 3333.1357342426104 212.17360904618715 255.01168960006717 33.93871830186201 745.0402777804602 763.6244054859277 433.1011607068003 744.4206087983881 435.96451588638377 4040.9077827165834 611.1268911096688 640.8352972828909 607.7218910991601 288.07858800635904 320.4634521932456 668.8041598810837 13947.444241610654 197.03934314108602 524.8137866063059 4131.418295944613 1378.1694125330625 661.7075218975475 363.4028885848812 2195.4268666681437 1154.353586259761 315.28964362667296 634.5632918679213 3100.0435051939935 1139.582705813355 198.2986681859807 45.08393346114847 1838.81471157166 167.4012246286774
131.54398742076975 20.49251589454531 570.3340597808565 1009.6857169873081 17.311017328637227 618.1359868178092 2092.595803946893 850.0711906199651 9.55116139554447 29.54825057499724 5151.9221908271375 390.74671616622544 2228.1038018619042 99.16735229548163 444.5322204134818 804.1796881059536 261.1523376150508 2.1284869712214913 162.70540531768432 187.56210369238624 14.939080490574705 90.80170926728437 228.1540988475863 294.9050549722654 654.1218199796317 74.60320487134531 1486.2065126411999 223.49475601910427 392.3037718550655 489.6325216735062 229.8550671080696 149.6363600844178 301.96012113246303 3119.928644409537 243.30382497957163 308.879149276851 1871.4849587121707 434.13567158581316 408.7366967614042 285.1441812676204 1183.7380076293518 1117.7568290710778 207.2899425289007 474.1310015736433 1618.2177048349026 645.9997496611436 97.70797418525237 30.587953663605518 536.8422231034649 81.3812427106885
167.71024370985626 86.76626424473832 599.4511756622362 927.0713184985755 29.81573835536155 408.87021601714713 2814.6407479139143 1266.8782091905032 40.04395281500825 42.630969117564156 6751.259321123818 845.0622643882853 1752.0711566887826 167.59272000965257 740.4517689566142 311.54793468873754 221.17773000715482 3879.317539057569 374.3697118372656 197.1917417906435 39.15861314046821 1164.6977230724976 453.7938732527821 372.3043943775979 751.0987642472246 412.11635357017684 4352.278606803518 475.1473667952015 465.4341661011415 555.8233905498568 166.00080721783738 396.50697643944693 914.72636221084 12054.803216542074 264.7115372495514 381.8023669509487 6378.711291206038 1637.7389594231097 873.1207394677872 242.011829462265 1434.651310514954 1379.1735659144717 322.2452536893008 623.8915825847466 1883.4222405691107 891.7384305812893 159.95941067107222 43.38571001791854 1795.9560015475245 225.77794172582645
124.67737243950398 62.52039800077575 505.62666532401687 925.083415560732 30.922065326250323 757.0097818193565 1453.9605141952725 1320.2980374774459 28.720354370530263 28.898293442789384 4298.0279462091685 660.6077766925484 1137.0904879074558 126.33850382393082 538.597234951917 480.6237177030495 184.65171863026922 2922.231390953536 302.93785384463024 179.55096512332182 37.550768924443034 695.9865600041335 588.8609048858667 281.17716928760365 663.4105603618825 319.56165106127986 4913.52112382155 481.3158842608965 709.9214506734346 550.6309756735715 224.28059599155594 411.2763707473191 377.26585897952066 17749.359082431012 309.9687400836618 355.45032238435726 3205.913001631644 2239.9894960820175 761.6327592461681 341.5311234007038 1681.1473477980956 1468.478666115617 182.47233904189812 201.78092797704306 2336.4740141573993 802.8642467707346 185.26250332844003 47.65421538635146 1116.301937274712 272.6221678743271
119.68127650116749 87.72336772936872 716.77850088168 1912.0616894396148 17.446763195739685 435.4547097213797 2329.810968570542 1494.6441708075395 31.71849290456378 25.497710880480874 4892.880465167621 1103.67949867872 1749.15176257311 147.88831810649012 405.8097875906658 251.11120215974609 188.2803356533149 2815.144965141298 232.33177115221199 184.79701858660925 60.909090496742465 969.4578941787915 558.0883853881131 255.68540380992124 714.6434617595122 329.78700311278 5832.024486496723 757.5487146180825 566.4738968498465 284.5586739975324 296.0719179919896 300.9559795827539 595.6655909874099 16337.201360410036 248.61623750074338 326.7146193470902 4368.389971364222 962.0159989791251 836.9871329341892 238.26500748672152 1608.0028291177505 1034.4595740880216 159.14399519953332 386.25353064779046 2595.7020686724773 674.3731258422206 170.5190061009673 83.89572092437571 1085.4299706199533 259.8390381345068
163.19619102011328 60.33672122471607 831.1721483638371 2002.6392476741123 37.99780457537166 429.6817094848126 3014.980447580931 1380.4779179904 49.83589625666984 42.61808988958255 7784.710713502442 1437.9287307042855 1879.6260366607682 149.07033438405347 705.3077362652375 1040.6298567653562 226.1119347771203 4732.4883703199985 361.3982720853456 302.88330875974646 26.528827345263828 1021.8322404593807 763.8785521495641 318.5419196728879 972.8559799336158 651.5256852713825 5232.760618319065 800.3855041224535 598.0324334556946 738.700506321584 175.89794241871672 535.5621529313407 1023.7707949782623 19621.98271970338 321.9387422990327 452.29713087109036 4320.697805368316 2977.7902941967227 912.8571421714612 331.96220757422316 1947.961376139217 1728.5118789495598 514.008976325189 750.9111202216945 2434.5493692614004 729.4111762054775 229.0341372483207 71.70935899631785 1224.1359899606032 252.34939606696037
148.776133759206 86.93111833434446 593.1500685032382 1743.029838475451 35.74049699533186 642.2091501719444 2741.290323822502 1380.9386430652996 33.553413075327825 37.62932675916408 6240.670527104541 1272.3413146314538 1662.9495710589376 175.7075105405465 373.6169481321096 628.1499020645005 187.49990037285883 3150.839859230606 205.14825595898208 181.74313659283146 50.008179385025976 383.3791813703601 556.0977142173532 299.0667573787596 854.1276461156696 417.75652719847926 5942.229742329574 429.85511084097544 430.53913298331736 633.7311668305992 133.61970882769396 365.0585655746595 742.3236917564333 12870.018745223071 338.34831587373003 288.19263588509017 5010.651578544096 1246.8133942219802 678.7702669622881 427.77751119327917 1501.7754349071029 1549.9199340789191 318.02493835936014 641.2210886323867 2423.984898111026 645.3060744298169 313.16890753360053 53.27037617907172 1150.6317770882754 236.96632511489548
200.2724513672501 132.41652224260122 1032.8071759030686 1798.0037121000285 28.6475098269635 796.2753484215193 2617.288409090288 956.1629674560374 30.2295162128853 35.280392787364384 4278.009785103651 794.1299487545157 991.8268646981793 99.29315106121273 742.6618757300037 491.7309140540817 197.1816957995596 2656.8654004662117 155.5422381905876 215.36913451639936 28.240997326310634 961.8836244620574 589.5788327742366 367.0362504672019 1390.7306244372433 296.03738166638163 5007.910663758001 369.07716470876517 400.5919359181396 515.6378670860084 216.78156509166593 207.76204795868347 730.0897188294349 15235.905121895494 378.34205534729955 366.59376299179115 2709.455969420811 2274.7665014093686 1126.1523397145038 349.02129524735795 2498.3934744551443 1104.1864422850572 337.4058264183341 793.028049211259 2482.5996694055957 691.9307719583123 181.31924346123648 50.985676242116405 1844.3232214402244 234.3256518781608
165.2999808858314 79.07823410398306 645.0260653256651 1255.7228965232441 25.747081955928145 598.1130269570052 1700.8266717008876 1063.4330147759654 23.588978786657265 37.01999548275887 5371.359957613869 1146.1932401425242 1382.0258028645944 176.72211877189716 738.8557680510614 330.60707773389464 136.21731337612857 2940.6181663772813 296.12254839852494 239.4480708846801 43.359648844738395 679.9860176234721 309.7177730419994 352.52397543739846 1049.8993229397925 305.23873330025583 4424.026848959156 562.7170330658448 449.63363306507057 272.7510360225648 165.67108051458422 352.7083130902172 751.5636570074041 12866.018018212253 267.227928868261 355.0772412829809 2102.1961201515383 2705.644258694992 1060.1001468792226 344.29958555575405 1847.4529187572864 1274.0882615093715 438.81747084587124 537.8319329500002 2121.9917268481518 645.0219399044231 182.45824699024183 27.41230570252109 1504.2207066880812 270.81076700318397
123.67426879595514 109.04789352900494 1025.5718984670593 2728.183873288573 42.38252448688907 742.8138837358156 2614.4788744110206 1687.758778817002 43.877169927664895 56.89900739968761 9271.306548693783 1165.5399192275572 2538.071762885823 287.80839548896915 826.7526521153786 151.75584186528647 308.356867317782 4793.633192766385 382.27269099802965 227.83610325282672 33.54127576029923 1356.6271694158254 727.3825168972494 634.258247160462 1486.419800496873 461.46825034894107 5604.0553428900985 953.6231059164563 652.3203714844301 804.6415671136098 321.50716473488274 563.0982988797291 1036.6789140200462 15370.651017304323 576.4107818517567 526.4974943207071 4798.5616650667125 2721.1103843834126 1216.0653158438217 355.7816988890053 2361.0026069130827 1685.954153908052 340.38400658683497 768.024528646183 2797.190357841246 799.9089697654418 378.35654103591264 58.02071688099389 1782.8866853301117 346.26537179945234
150.35447391673995 103.76040279204062 604.5446727241462 1485.980555828247 35.46904202556518 470.23472815083403 2905.4834944562313 1512.3342647747165 37.08213212334436 43.99068780894344 6562.692796382739 1198.7607212078253 1370.8368824126742 165.0409271676705 725.4416434688527 478.0339382731994 289.42817528911627 3570.4280786379118 225.99163351631012 203.26010004552722 27.62727581743185 690.6931636541591 643.0351067956076 287.54658824376247 819.6211813071649 483.4069623439629 6255.23519862885 491.9617436282498 614.6205362091712 730.8463824776723 176.66497548530768 341.35279312307654 1376.7566432312492 19429.992923580812 302.30345790476844 482.9173608628221 3589.394532281049 2858.702675940151 770.7513158571875 396.7865900516054 1528.561220610859 910.8092717905855 295.7570555378154 661.5014800718686 1121.3484043377266 771.4306880474812 296.4614878207759 46.528761080468065 1469.6518344389044 335.59681708838326
209.99153409108814 112.17190960291606 841.7886109781864 1572.4568549811945 34.486859050125105 710.3021096082033 2723.871182323202 1679.6164060693188 42.40822181920756 51.95333448275319 6644.477952061149 1046.662538887511 1115.044410639507 218.03210415442206 724.858068172077 1031.1515124527743 184.84095618910612 4735.602472107111 305.0665559837339 200.3363475837091 71.43839805025331 842.4295137168767 611.0769293747187 393.27611986545645 733.4428933748866 356.97456399122336 6573.3209443341675 908.5873867804056 750.9512873348292 666.3216256138144 270.2985089198654 519.5753481667284 999.3729915697925 18960.954950239488 418.2278238435217 422.7645457299732 2746.420477001013 2733.5656195608694 1142.3403839729717 503.2043875537342 2222.950846624032 1157.5576218146155 334.43404094104767 820.448761137263 3289.647427770603 1240.920428399207 185.17015205530362 47.362974465615224 1572.7973043939444 327.08762487566526
162.3569991019302 65.85378252997779 883.3821690290736 1793.9914991588191 32.44644947690393 721.4008864742302 2526.3698240325302 1016.6308126697629 32.25905066283717 39.517477690957875 8092.390774121874 1140.1480580016143 1503.5694178951996 161.40351819690255 763.7160746258055 768.7058577338875 294.8089542886616 3911.0420448978257 263.6897231931434 278.0461722789946 55.915257908965856 832.5707730760009 609.9306588837146 443.8758694751915 863.1477332987045 390.98169308674403 3413.8466284363417 526.8112053582495 698.2035226838858 748.4359887764826 253.32803153022024 375.18696828518375 959.6857041647314 6811.034413198905 310.9987138530652 417.8479362871765 3785.9587470462384 3128.8096839546624 908.7163480813241 519.463874272106 1858.1830611123742 1236.7394740392365 371.9269737503805 611.0533179763796 2731.0241326840296 798.4001763621742 226.1157827932232 65.39537863055604 1809.8196594318638 270.36632347708354
273.64517094862236 106.9601597843942 447.36846155060584 1399.9410763626613 28.021294057697286 899.4722133198512 3032.4529875001795 1192.2842898281008 37.95782446180251 28.672291896919717 6485.256276821903 719.105533813334 1667.4280044523125 227.23673346775666 702.4166419797216 564.1454560838591 272.779937161456 3016.931965933566 282.5778052871791 215.5182255703583 63.866864427395534 1115.5269496117282 752.3942573718981 359.3659264956706 1304.5267188878297 487.9342617830502 5471.026792949859 603.5794434192991 694.0028303049316 683.0684950673718 217.42002623816896 498.56039109744967 847.1877785958029 10308.777198250871 572.9058303453548 479.3111586596926 4028.721343274973 2637.3291186237875 675.2939716222423 275.2015458340109 2182.5669738431943 1484.7265213086755 373.2592005996046 698.0601137725928 2797.9498876820157 596.8999887921748 280.9267414363158 73.83109116626908 1719.3806965597648 256.59585228993274
218.05033092618436 90.18697854112348 764.4199503120358 996.2419750961028 30.565092305691046 649.0702984343664 2850.4066411028675 1313.5911339331092 37.35042938081093 33.09296966965057 6529.200502240639 1333.6217916269757 1158.734294188596 190.18572498745846 493.6107456766765 756.2149053250715 262.0271046087303 3404.112747823602 274.3606608754423 198.20806190798794 36.14539159889868 579.1370459841459 658.1497108163255 214.02942139779725 979.3598572365486 278.6685523609504 4511.040140363567 635.5700903110829 590.2632516490017 455.0992960409348 199.21026827674922 380.39822167780005 677.0437744053772 16173.329817804692 282.95845697544274 508.5614747035788 2802.3136762229747 2438.1538949489313 773.4997319866197 448.33062175104106 2405.678898309276 1496.7016796905814 256.7926487763683 690.1228865342154 2917.7396281190963 377.40453515697914 273.280078896248 70.23394634208972 1756.7205811654765 336.08075916844547
69.25282124804251 92.04457451695497 769.1865670493823 1664.2146224496746 35.427910251544155 530.2235507878885 2588.632053115295 1258.5678068333423 27.8762509752711 23.044913257883994 4725.098835951896 868.3636424437562 2051.5573326431745 137.84767168788406 452.6562428255633 526.2074891437811 304.1605327706237 4065.9263011957796 285.5862904904489 29.879916443991316 38.46840713784735 800.1070733006687 537.2444851692795 413.19240157220315 800.5516949927356 365.59964975306616 5370.412400384112 323.63477391798546 716.6265687386557 325.3600486328903 362.4115517303187 403.2978535161488 833.6171251968528 8777.41661842926 333.53879767885076 182.4770641173569 4227.515058743183 1696.6531604780334 650.8825345086001 465.93849747896576 2284.927589631151 781.912525763045 281.5301422673284 467.8134792435816 1776.510990267374 739.428518681128 208.56229291483052 33.74228005833696 1225.012796051739 110.70977824154133
178.3615428326286 113.12950762056563 644.0180927874139 1525.6220224793508 27.39085686485934 413.5002019265968 2699.364533518149 1383.0646477659507 37.12916363062952 29.846896873333396 3681.47505127004 503.0591244468224 1457.2172505845087 227.5484173599273 581.6642127108878 660.4143257585898 208.79356258379553 2558.3076187953934 298.9778388727616 161.63108036177277 39.41774950074942 946.9392461206528 728.7208640985659 218.8525120653084 588.3793896509496 272.87333746208424 5350.076237248967 496.3571234095344 656.811014023986 496.1407639879464 276.42403821567393 349.2158522276482 867.1763652053766 17770.521778349783 413.7678726478667 301.0062315095583 4567.129295974355 1922.4961515314008 895.195791021428 351.0839567470283 2237.6777979102203 1419.6828185674406 343.04758647288696 600.6413376638809 2667.796258002212 910.103208203666 249.10457555853296 78.26314782715068 1679.0665676831966 281.0760657085469
151.56314164800918 154.69776327328026 765.9736143941594 1776.696824827528 33.87330503063393 603.7902558380603 3342.572377399787 1356.2708144029589 30.365045198100372 32.94692061802556 6982.206565519424 841.5961519879762 1984.8395078705287 208.08847640175003 723.6660777985348 854.7829050120637 212.43327835240385 2850.144749510344 258.83699312536163 254.39015254313804 59.027726303092734 1421.4683599598177 698.979098374728 306.46153444445713 814.2534663637913 361.3808563978373 4287.439983616505 738.7438110729728 817.4626407817275 218.298191776836 232.23050708704233 277.13294406641677 927.6582293626245 16536.901483683632 264.9076141537502 503.3833760201709 5522.082115540524 2724.869507948767 911.5000664094812 414.4455311763198 2591.788858825146 1090.2846006273207 325.6683456094868 625.6042441288512 2063.0024762164117 837.9769504650969 296.50849799834714 30.98766947348249 2315.111880191842 324.6755829952986
334.7893324682334 171.8271010003433 1290.6255349984276 2595.767291118834 60.066477420520236 1152.4406962638186 5610.847900102689 2789.7783564563742 70.5329721747371 77.71034917749904 11121.492742143802 1974.5831506829522 3747.0151477218697 321.407707771517 1209.4723845622175 1193.578767512333 426.7721604734895 6405.428056112114 537.8303063345289 288.55602624555445 71.74170333443567 1538.032929272064 1062.028759109828 629.1678352601741 1258.1582294353132 711.4728429495563 8182.367982144382 1231.4761512423315 773.5250821605252 1065.6917622256783 433.7563305615635 766.0022039476063 1527.3446306241772 23652.21264465773 636.2880078584828 674.7071980641506 7395.337164819146 5144.369515367513 1236.3392414519974 716.2513767282826 3927.592698875174 2560.3275563174693 383.4480321767167 1128.7614105129007 5004.330654550891 1424.7200899127265 444.90053035287525 104.53059184140416 3042.128017089039 366.9356238677692
146.40909145941305 110.17458557609267 612.497938017666 1014.6174007246925 18.028129520975035 513.878449703418 3265.4721805724585 1331.3935639918889 38.78466681549447 35.000586485497095 7596.9842137675205 914.5668730778133 1142.7638958954012 126.65983723126207 400.6246866655618 855.276599843877 254.46798986849228 3815.440158796955 186.0010935252217 201.03456963632348 41.16329482767281 929.0745088137124 605.9871955508473 149.2965023191906 1145.3645527534068 323.78881966070765 3858.1416997458277 684.690227506683 788.6624621153253 334.597299865914 121.91206198867036 468.5339985464275 640.5866500177785 9593.939590926451 383.34621778945603 245.27700507133153 4914.64174619627 3710.236922431689 938.5143867544067 337.7869697333761 1565.0469750487368 972.985256494449 285.9280800116669 465.832710830224 2546.9576334130106 944.6587175025061 338.941432070824 70.47593159219561 1114.8766783612282 207.51610102486694
58.48863041737807 30.805980927340443 435.3975488404175 311.20632909068377 7.816085482563114 334.8711262664451 1462.7120409574986 681.505568288169 10.904757092350305 26.754593492695214 1967.3653477419416 631.9538159992419 917.6215056474349 75.38147465197403 309.63453156042397 281.2665199987339 97.80025663901897 2243.818661463224 172.7728912523189 80.72579033583233 19.345480315614324 1024.298455669201 377.1723621706958 216.93822103732094 608.7110922820505 166.0581343184279 2741.895651701351 158.38787215781622 389.714158798986 124.54240672634512 138.33100092103976 152.16311021112432 261.94875726416086 2621.7658143938725 103.85964399850508 231.1568074262951 1171.8364579050833 1644.5630600431728 305.13272577738354 237.5863312689829 1226.7501686849741 399.45933253660377 227.22996699404092 234.303845765857 697.0745764269094 514.383782144791 120.99674690316061 31.411629775970855 819.9223228769323 122.56455989700774
177.64173700434898 109.48426394477092 782.6775448344232 1399.5673715781404 41.96129905437739 783.2375819855474 2557.6003256000045 824.0466291237901 21.90722581176742 36.97249207049945 5757.472813600485 872.2585260026017 1301.069643703971 148.8941722714006 575.309955443333 643.5797839769098 344.86587400644464 3811.7759053785007 109.23677544991929 281.7511642349915 42.34769262562787 1081.9992488379187 377.5404450413938 314.4061966128936 568.6631355790557 427.9735682531483 4006.5655492836217 705.9566935758309 524.8269010672906 553.4141126250773 292.1036268922953 445.88583512650706 672.9309397380794 14356.306900267993 325.7601770367528 322.7057679443004 4606.809147419947 2198.612229207937 751.7302003923486 506.6210729589136 2876.0303772539437 1482.645705386468 450.68322148551005 448.20823696934474 1865.3827775272912 556.4139214646617 274.03315658573035 46.433723777612535 1510.0855630614312 306.66607132467107
118.77845805494417 73.8046348094597 685.9486205165748 995.8270852056967 33.34984365751902 413.36753523818044 2259.34842703653 998.2724952768889 17.648015910398698 21.15412438622733 4131.751403884723 547.3138189774464 1113.1085834969094 146.85282557167315 333.71693829728633 467.3821741998409 137.7621667275627 3003.7476171025774 246.62254685340125 171.56516901698777 47.21789517400975 505.80302604824476 333.29967692393154 96.41182940112486 664.8158365355513 133.9810638555054 5463.536598767482 567.7245244307624 316.5950205420045 388.794533920625 186.2672970281927 325.0352489826977 564.8845557170508 11309.921204614631 249.60049857478245 248.10590135798444 3211.8999326826133 1208.1669164667314 349.7611342347254 152.58808848369267 1924.1030084437596 998.8751821402941 153.71589227804614 383.95818451114036 1679.0717814092818 542.1357441251066 165.9772510078659 20.327886422275064 961.7365604316677 120.23291406372965
225.89390174902462 104.4931146346077 685.9231518497788 1785.9782472421098 41.12177274374007 823.7801849668696 3055.6333535733356 1149.3079176093543 28.77594671029128 39.64573914709648 5234.26674992407 1081.866964328429 1280.9696971997932 148.68701850109017 404.83820527384034 540.4105380178078 322.115880867336 3514.7222774581105 340.7742332612517 245.32735200694964 55.70177743798107 1023.8967339258288 712.9002742058728 350.1546210160352 790.5690373827549 334.38443095962555 4550.20416292743 732.3547564900878 467.70007087832295 672.3315563202202 392.3156622813182 507.3688501380508 869.3996031571721 14216.64141090366 424.95575283133184 484.07016930665395 4785.77530367356 2338.033680679609 756.9475967212193 378.3036472266754 1359.1353387951617 1256.1115441922086 303.1908449114819 551.8384272898038 2307.7801733434208 924.2537350181058 277.1675696859853 63.21163430917353 2129.49497199217 380.37300404026473
81.33628425280021 30.887697598270325 777.9748613494021 1165.6620451058816 7.659765455074025 392.9266591084867 1625.371387788533 959.0664595508306 18.38061212006832 25.86785202618552 2656.390031686973 800.5520384725661 1257.4280259564762 66.51314615197842 377.62760679793394 352.6727601478542 197.63047984289878 2267.1442599038855 71.06603375883947 57.70020351419518 11.978305561080166 394.92381838182405 492.87445693046595 111.05503904303595 437.61240144308925 126.18693559637654 2491.311398204796 370.92307818704535 291.62531841197796 178.82600317423243 150.0856260212745 203.2144739540652 391.99152604966446 10610.727542778388 338.26641016394814 224.587514801218 2016.979532445484 1681.7165941307285 409.33559162327407 256.54167544687607 1039.082180009535 563.7724580593831 240.8180664488524 400.2104957066296 1398.3784143662388 468.8942648434404 84.73032041356363 21.47647061649932 563.1890841110658 213.78524618297467
55.977737273031956 97.76832663729972 376.9580963894827 1544.2846278295337 0.0 282.4930344845768 2040.9512014208644 934.4250316897376 32.28175646237728 17.746936885238405 4505.734864094926 415.6734343192034 1472.1640851123764 133.9067194911894 134.38863936914714 210.95429722588935 257.63225264469327 1175.8180569540746 82.55507995758154 179.0049538180841 32.92227419133424 326.26875796000206 373.94061962542287 181.08974128508717 692.300346265283 212.51683992830567 4106.566561036115 530.6189624040509 136.5926718556774 389.1779369964231 51.17725046355923 147.3961234008299 684.6711377462682 8968.086866026159 243.9474299475623 72.5205478665301 2803.460898816349 2066.8374932527186 307.7804815930091 309.3637160211199 1436.5035448335893 1071.0050321492474 196.50199049623495 387.61578424092227 1393.4942134497614 667.7532342534497 114.27981157597203 16.89458627617112 970.0505462046262 209.4860575471646
94.0226718741464 44.3065755086415 621.3266476824485 1156.511634124908 13.917677880899163 730.9051293410431 2008.8097058801002 1056.4539129607483 36.37130456702347 29.284395236849637 4650.931646080167 611.757904187295 1419.579891436773 101.59088003298352 716.8301327983468 436.255328391698 209.9456155837277 2667.053389335947 184.22026669096417 197.510096295131 35.74846408086313 826.7543556734872 436.427584302583 256.7398447677343 705.6539378804376 428.56372084000253 5756.03842635825 642.6452632696961 601.6426492577917 361.71482145819357 303.2891360671234 234.843762596836 384.9495736702005 9156.089811366239 255.57039860001163 392.36224394689793 2845.2848489938992 2658.777286500988 669.102469532792 311.8285461042875 1379.0966937087233 550.4883279760425 271.9033655787973 239.30511069934255 1627.2567750101473 598.2051661917142 218.5132332829522 39.52717624122539 1906.81485830388 178.94946480470446
108.88454869898133 5.505113357451215 0.0 545.1495502371484 23.938849192069267 326.87122558247194 1370.1854773152654 113.33636330072193 20.764953848209878 12.182895713831998 1415.5511181708362 100.9987836584304 420.25089567296266 55.7307904047975 0.0 309.48004199060193 184.9501556608772 1621.8480835679761 64.93116008546687 112.86303343460969 28.238727706634556 882.3940306270229 325.16464098572334 0.0 312.4798764288222 186.89015846077965 513.084678402432 180.66240503258393 187.58016482380268 201.52541140553367 17.711966957551255 149.71623214106208 0.0 7061.614474626685 312.03937903324925 416.04187638157396 0.0 1523.2937174478434 155.51491365541085 188.5985130949319 2034.2461508992542 845.7771309440138 210.11318203794312 251.6946282020198 873.6662819596645 524.6908769131567 169.29596371503266 17.217948839056916 338.52822049523513 125.90173180169049
140.9659664445412 73.62472456512207 634.0908778528602 1613.416805027512 26.787351829125154 726.73413998517 2169.888129563404 921.9306168598962 54.586305330783006 29.498166976524843 5317.289032313305 1154.0777195739297 951.9697458425487 128.1848924616551 655.7156853406328 462.55823905724895 189.42545107657847 3218.390097137381 212.1314197440587 223.6296750291009 71.42270580911217 1031.5196413216806 856.4742314410549 410.17463039907875 438.84936404438736 387.0538789909184 4619.746934181467 626.3740208519481 579.1928172456032 554.205084839985 168.975426262603 501.9641211651272 351.33539582536645 15584.661879369312 430.60048966553836 445.09826446939803 5641.422880560684 2320.0186402904765 675.7006894163538 471.35221499733467 1652.337109898908 1326.6878415001247 242.67976411883964 801.3459276246102 2108.7389930033487 773.0086929636785 276.01564377905936 45.63767010633511 1051.5012846610828 95.70314089208166
114.27111484023051 86.84272377954055 654.6194437319188 1637.997091654253 49.99283553902872 547.8771257599932 2695.413805334781 1748.1353865571878 35.712733476103864 35.84639744384726 2701.9371111906594 757.1603500611217 1295.1490333681668 118.7640134839193 933.1158568725782 560.1640090045659 321.0799515178611 1961.227287320236 221.8751945081816 174.28189445656827 65.19335177385742 994.6941738781941 750.0347226639711 227.34383788693884 589.251460676443 335.4742225318411 5485.111263846466 652.7134682233159 521.9151807237669 584.1676035979252 259.8598770198761 440.21728061364075 899.252031524142 14130.272594036196 325.98090609442283 123.43017089572892 3582.879709893 2042.8775281233984 854.3782176562726 297.4062078698649 2454.324564176736 1585.6763833821144 352.512219859265 406.11969819083436 3214.927108930857 680.6917903755808 238.68071099343845 73.43359329424652 1585.6582702894316 273.04785347626046
116.6819642699028 77.38277980266538 866.5677514611853 1500.7167491616624 22.167431405802695 848.0067187319559 1540.6050019828037 459.8684549107532 47.8340836735249 34.752003671297885 7641.882663680659 726.1186234336895 1703.7883147348834 151.5817773189719 708.7310538419408 821.7481428540209 345.75469402031547 3952.9411973808037 319.3891045319239 185.3887224792904 40.13142085938878 825.2782493741221 336.30684068885216 383.2902564532403 846.3453959563378 343.6788195149538 4774.501567990017 873.0159546626813 434.6172812220816 520.5741946534607 205.11322807078813 236.8757125804404 687.6791106027515 23344.160158874667 362.5276331747187 304.9842931804895 6574.900579548916 3426.1899392732844 838.4241761205546 300.528563994873 2347.93943178793 1700.7834036074676 354.47135842491457 324.7297898873817 1285.5918189265522 1099.145351625405 221.89700036729408 40.47404804935903 1038.119383864257 335.3453810770539
130.28209256957393 98.58730099823232 710.4381777763226 1221.124802983262 35.18123454880501 624.0240873795337 3542.5728424045146 916.2158647159032 24.17607944904801 32.531195868463065 7676.4547803452315 694.8706341704352 1808.7870196361512 144.7046609791522 621.7033072131084 557.8893327406804 244.93402430384046 2884.726938562646 230.41175748804662 259.79191188008906 42.10285236622383 716.612534000951 609.8331072208991 335.3438067748898 853.1042433509679 431.0637830885548 3385.4545829383414 566.8889107255944 522.5313634236867 253.99453508243195 188.06704651309897 370.4646630949879 902.9376761259431 17288.16672478397 257.8604713220591 366.1642574888785 3955.496875651278 2895.6456861469 839.9137432210129 293.46970991806813 2226.42932433473 953.4249413192738 347.4948086238191 586.5048228283666 1908.5473108582707 802.9715600969138 216.4741051534339 44.465075329717905 1407.7831431941802 317.5930072019507
146.83237269648023 29.568424441854273 460.00193032961926 752.1478398071108 38.26414632972291 675.4994016657216 3141.9644606633537 1276.6153353650282 39.56300561172523 36.910596782801285 5620.450486333158 879.9847885716316 1258.8659247680846 116.16270400396675 578.1134671600408 342.7668517533575 265.2591318625337 2874.030096979127 281.0004506862508 72.23526417064848 36.67210110544489 1071.6322738643119 778.6979082049779 375.01728225654244 848.478118661771 316.7711714550699 6132.479739957723 799.5340911838168 490.7902647074869 286.67132769768165 186.55715555991065 391.4100340358714 500.82860921148387 11864.243225432796 418.0787340501492 277.4376279971604 4182.2758176583975 2611.3270163496036 734.3339699580715 294.9132558240969 1715.3384159945597 1301.9371385668444 212.61675310939856 414.9880473336443 1690.0300976542205 735.9453019497564 185.10029465689294 66.82165763041604 1311.7662412535847 250.03112969184653
125.38371781007939 33.71768279844407 612.808637897756 1251.9280341026956 16.646214101081664 450.7856381447285 1263.5719076355567 641.5427757775689 25.890284244886214 21.706023893995262 4478.770284959123 955.4980289162338 1096.6085374630738 111.78573403685692 578.9935133095976 426.8511533716811 184.72455692674845 2696.495627643289 228.96378816665242 110.2122639565674 34.40771949952876 568.3514800529806 463.9587287178292 359.35540645024975 508.4724214287651 394.10926090026487 2176.4094094265456 549.5026475018295 212.75191773632278 313.6525124168553 197.1787664067726 222.94092521182816 369.9805005565677 9698.640077555712 279.7285159921215 386.74837148970664 2626.5457115945337 1501.175446089726 601.7707174374307 150.6972154713654 1557.9157642821588 1086.6553191657824 166.4223964913433 477.2933169352379 1531.2746926880768 804.6235840061966 112.66134157781988 46.863812261626244 907.5970014209897 167.75501057806795
116.38966757188189 96.15019570254704 658.620743200884 1941.9164609536012 22.971635913310696 491.75912154338357 1957.6462792216223 947.1915045361408 25.787759838965684 46.38723171933008 4166.793721107086 1155.5400887014926 1326.9625352849323 174.7661382772735 962.4113618806524 680.7138839547506 231.23158926201876 3563.040346542913 240.49715794764003 268.1891993986856 40.920135043454906 914.849473689993 458.2444952260443 471.5845689155432 952.1240197027234 335.9956597382222 4587.156722947577 453.87149959736183 471.301295351568 268.1029352649116 252.093426020337 468.9325915757091 699.3779944750961 18166.078515469337 374.2688482136345 489.0389443977412 3925.315276079882 2422.879655533385 687.153337110912 428.6707442665892 1423.1101112422718 1552.2020237934544 235.89437090515236 522.8289190506841 1373.9689498700234 417.02163768580067 71.62993294466932 43.0740813934155 926.3995294482389 228.5194387668894
103.64020980029989 55.80137306341078 302.6292916122067 790.1606014714091 29.170849924318212 398.6391504407806 1300.0323765960202 809.3411803983549 15.6868836951703 27.557105664105016 3279.30896759782 414.90853390724254 1414.6950817456275 103.16102552839487 253.66353804306047 529.7464231414634 139.20733237613842 1962.8346149593626 163.12286290497468 89.13120875033084 21.298063517330768 711.9670659471602 409.33738256301433 137.9113074962824 742.6900450590108 269.4391459664633 2476.3665904590616 344.5367466381389 258.8851065912105 494.42818894099764 166.62694454734316 267.52749168630135 686.0295630261826 7431.503354695418 221.60912168760956 335.50519231648883 2844.734005989081 2341.627651654442 466.94387707154647 226.61674484355828 1604.4933793345256 887.2995122056459 140.81746485876226 547.7317285544018 1568.887103625938 555.9424111619652 48.95743175435818 49.0934203901671 404.07403024619026 109.91594451009117
124.66824101818922 86.12822889196067 685.5373996447231 930.902584732686 50.310009720141075 176.60595379174546 2229.8564637064487 1907.864324077717 25.32905232764168 42.87688401176276 4201.309907317732 905.184406898582 1363.5995406244338 141.48126895950608 559.5514844651202 435.78437796079254 223.40555593380589 2367.309944578841 158.1684111546359 180.11881237830335 25.286233837513013 849.2562556853637 563.79208956491 242.31896902860822 1302.923805512302 268.7393646513285 5747.017306711726 715.165336107907 402.2049766146203 496.7808082687415 120.91269474233366 322.86588759647384 366.2067930491902 13585.04430217215 187.70502087970038 494.3838305233068 2103.8265950075756 1891.3808044801913 526.1236834104377 167.88475507027218 1939.864412187896 883.3504958839883 213.2527627739383 248.4719370288144 2737.5249692610278 658.2223372890788 195.56040543013293 43.108871394261726 1253.8564709865846 206.86189349634995
159.0538254406387 103.57355526665489 847.4179328247986 1391.1067249717648 20.868537561053586 705.2171000563822 2271.972512349178 804.5154145805432 28.127087697206925 39.2471789399418 6354.041052555737 1059.2466261962734 1306.527473109032 146.91705945002016 746.059409042475 776.1375741942671 252.68259999535272 3509.421583684536 210.73784742444764 224.8882394272053 34.62038210331044 678.7205480392664 488.35109816775866 250.44602465979776 884.2247786838763 339.5459962825105 5132.833858487792 706.4964143387574 614.6712224761065 538.6502127412427 242.53105151653708 301.30232273017026 825.3241767880529 17259.661811654547 322.929593678744 316.1750881673821 1623.1893472569748 900.517412491565 674.6691748108727 270.2228938743923 1412.5525869812168 1274.5003950750508 373.8688331582313 709.4499247557548 2184.717323937279 1232.2709458078689 203.4023924027141 49.447533228474136 1937.5732926095927 380.3966171790696
176.29531831153972 85.59214744899776 657.1722019283387 1602.5277103773706 41.29805965257669 535.5043022846871 1833.9852258120795 1077.6722627975062 53.84475462771083 42.73070540506578 4575.434486351252 1254.8248803495408 1691.308574306472 192.2725297944531 960.90203082879 572.362153581935 247.61148147709451 3263.337481310564 323.68375891357437 332.7956463050054 39.67192261904743 540.6711141349822 412.2360967654672 265.4698832145631 1034.923856694781 296.13964927246343 4967.99900682766 648.7537432508436 518.1179380763853 521.4330086258856 273.9979694649852 282.5940792983704 881.9804191420528 7006.239434810226 405.50033403181675 379.2343044545043 3681.777843813067 3759.2172160804544 757.8262229575538 227.21029729382792 1412.036559446974 1498.479082151985 256.31775026295946 686.9792366196967 2107.8150773946554 1111.753220412099 213.1366823637782 60.42838362538906 1655.1666231426404 318.0379360376358
119.35502840005583 84.44969704928889 557.4049187368008 1965.2585347598906 23.079386046075115 353.0461538715406 1236.4701193825058 1025.1115263469453 39.51251738156024 29.522323877777687 5721.505667103601 598.3992584947978 1053.9499324360931 163.13629783599737 511.85712065064166 619.1327393067542 153.82636494123182 3454.8617656053943 301.9429596668702 200.8710679384205 38.447661309299484 725.0595230778165 527.0481884330583 409.5946312317794 1087.7688408966528 424.38804511337827 4885.80909410702 839.8218247980956 399.72628356261674 540.1586229586978 304.23823233116235 324.8214831677897 598.1699509109197 8616.133756125088 387.86173717592783 368.9417323786465 4228.307055280428 2527.7629835125094 557.9120556206451 273.65949759243756 1554.8508140805293 1358.3211966667213 313.7449633489294 589.9020626668092 2676.6881100347155 800.6107481244755 184.8169361937658 54.838457139196834 1807.0361079856905 265.4906958858406
118.6539466638888 86.40089283055394 785.6213812464283 1430.247823966556 12.793962290721542 264.9268350474862 1870.0391492755136 690.6785183887675 16.59926520979521 16.656569327375482 3859.252462754232 625.6044216204318 1097.0810583478944 150.7577846510727 378.60835443679036 557.0919521870101 198.46044147445954 1437.3727065219196 149.33996440655037 255.67431101105046 40.22229991342314 872.04041789786 457.19775102910324 212.18204221995262 995.4540284375116 290.60925647414604 2649.2233716126916 489.8898774491066 456.3097246706553 272.4681559201913 280.5922329828308 355.51410913764096 397.4584925673561 9553.784783652523 260.23138980716834 186.1987852416693 4467.861224427372 3311.7417605467745 367.3213663932175 365.82682406763996 1713.4963747649695 743.6600489754661 311.88361937227063 488.90215508892516 1990.7283907987403 663.418879587711 269.9689416919951 50.451288285200455 1012.7286453061741 197.31208680867246
73.20246123925577 21.83644601864207 414.9878716346483 704.9926722245486 22.13733930667349 432.67132363424895 2842.6936220212256 472.64848380331307 27.253102044373733 33.21251074657271 4928.180933044303 482.81574107372404 1370.1194378183936 84.87550377181694 13.940534378912105 90.52421430063572 28.339608628153442 1267.3202689982932 136.5093719982942 84.5186881630605 6.9497938627142375 517.2809659229299 470.50492205806347 116.5910197457552 532.6627064586258 189.89080609215256 2375.2359944944365 401.30968963505416 468.5264168635159 522.5594780626182 189.24089639789895 259.46984919875683 291.8929664780047 5362.157456423045 178.2281136817543 20.302701135295393 3464.71959158999 2122.1485600985434 588.1577762779058 130.6363600912931 1609.581718642838 1073.5220277944586 195.77322383873604 430.7675298368682 1643.4056817610794 415.5418201793593 191.67887348516416 28.128441819317526 656.0636045398115 143.92552092782498
81.22683876541157 55.41552517255303 167.83570284055304 917.0940119807236 5.790358444897397 368.142568985537 1956.3661947132362 913.6606950108949 21.279191577575695 10.919671635259808 4680.19976796899 255.10041313673992 1053.562339694477 100.11275254704667 711.4918893110057 129.1401252636449 127.2476646524567 2057.8291275399124 160.25849668936817 73.54585036618364 30.30526271568834 365.6108081220404 231.34947549177411 126.85755605116302 533.4556885651775 189.17334414109277 2908.6322491536525 279.3629849924629 191.5104435565951 321.24349018634587 167.27637119122784 276.55796738043966 360.2959923969657 4966.448314465596 142.21994569682676 277.1252317406794 722.7729384626782 1010.3839326968289 624.5678779054663 16.56848855952694 961.0415318561479 652.5873475327559 100.07112464231184 227.77904028466202 1524.5819384354102 417.09462704561605 23.606693921215182 34.25760484186492 1160.2523797535414 169.73488661436602
203.120518533454 89.54371525077578 763.8993152629619 1413.1258816943248 53.543357853871505 639.3929812813249 2141.2734994988973 1414.7178633264864 50.43057556616192 63.11822782982081 7244.8309286212825 1437.2975368847315 1503.103034528799 161.36476574771564 837.6924076249876 657.0130245153466 179.0477899990811 2600.1179363807464 442.86179014207005 324.2455362892938 66.67886385552151 998.5857887041129 915.2246872545572 426.5304745904332 1109.2926690974623 465.3899410830055 4943.890881057367 915.4772458773109 638.563361783914 870.0310593778381 290.44073791966497 436.4343351746757 527.9168235683788 18920.461177064637 456.2302308835783 328.02892143700615 4819.3978979668955 3316.4481613518133 715.0763677557165 334.8233129087495 2892.011477573555 1897.3409178350284 281.13282254935854 551.9213371732931 2952.389937998635 1030.1136211474986 324.2563217271427 84.41546967909689 1893.3700729122052 250.04923294108815
209.23585161499926 126.78969851009666 839.3043030168878 1748.5351050688887 32.11231986294094 650.4170682831573 3270.778758768809 1538.4667480132698 54.97227074035336 41.44439638991367 5982.667724517217 1243.4359590035012 1848.0226796379043 126.98531686446819 716.3209498278034 672.3544047383186 291.06835723551274 4496.008865593446 295.4348446167531 222.73954044819797 51.30608466332325 867.9115038343468 779.4413888718842 249.21660606026708 925.384918870761 428.7118226076717 4745.608954653668 615.9911813333181 628.4957118476138 567.1890153023597 269.7006704782285 464.5782899133169 608.4192646617066 14144.340297489824 406.6680674702687 491.4851603101857 6202.335021736493 2130.164959822855 1146.717110713554 559.998984318222 1905.2603363997507 1407.577907500551 320.61803703196597 518.4322368870671 2213.127518921694 874.8188089359352 264.68523630665794 60.108714034484635 2319.8117487570353 310.4143955955872
88.49265141184928 89.40570707577405 444.92028920871275 1325.2539086107063 29.550882934722093 472.6041199776744 1427.6225951392457 956.1261022494286 27.38558669672158 17.831932752311523 4876.3016055682565 491.35112367011175 1166.4146824064974 118.719424165804 386.6709390089048 422.85100087911303 256.67741029807297 3008.5457461832475 155.3242722725271 115.68905416963793 36.2575120415388 750.3661674965372 391.23858083585117 211.47253782048415 141.53325170568013 198.1408850350291 4836.259857399209 580.6280780675057 393.20961696594594 312.1504768279726 250.40819235120074 353.2173482025527 513.6004452303324 9332.763923658342 327.0844874250102 242.54655987293057 3431.83405761857 1772.6981944794882 322.1774284000111 288.0896277083326 1342.6450754106643 1008.4684694692032 288.28493145772626 513.1576171723724 2056.1666277913328 621.0432827329955 114.10305920642148 33.263621927251684 576.9801080397472 177.2626995744599
179.43830085114845 92.62295574964992 854.0704545420693 1697.2655388598578 40.912887083058344 765.3400937803666 2226.7891757337247 1291.809363591754 41.053060853410464 46.04372446814472 8564.837668234537 1168.1034924914666 1998.3901192442381 176.0497534719037 768.6054296341778 696.888309627356 363.685178734777 5854.0967408374345 407.22962056806284 162.29586106354128 45.91761925787702 1209.7973457282596 790.7028352795552 391.05016936151765 1114.044038458689 402.5658394781407 6178.320725740676 666.0854042744136 650.2356590340264 686.7405541833626 308.9437206380113 311.85093784496047 721.2238681566816 20380.142644446234 420.46940009960304 529.9363618904381 5394.859255119601 2274.5689127667165 881.1412418163494 322.64883008083694 2733.801097556752 1530.9867366052165 378.92533688724086 694.0651325397554 1914.8074885951805 898.0907411383907 267.0497766721599 64.4213929019069 2093.3748011279604 454.0000456767966
255.27356240298462 122.96230601577949 1003.8409918213548 1758.5199973994706 32.31885852722572 820.4646857704117 2692.3713915620665 1696.460031469684 20.459618691558624 45.578265857323274 6019.612317014195 1525.225327612597 1664.0517823462928 233.75600629950287 986.5494839885198 805.3814451168739 181.6665509438566 4549.339052355432 362.6227409389652 253.0234411441964 41.372175123165476 873.312233125878 731.2612178568718 448.41675334928175 1666.5706106314774 492.50440948717926 5427.816491872344 667.1042993975859 809.0626837681267 720.566746585357 376.3329157825613 344.7583905925675 831.1440346105051 15385.865226531045 371.7563485486607 388.0870594685979 4288.829024857984 3433.215014856675 802.0704380863532 368.1068207437898 2193.020716650171 865.4954218015533 253.1697568626209 687.6016923848811 1286.4438224005546 1011.245998677312 279.1101027364755 72.604159614964 2161.7667725943634 355.266511132972
158.04442463600517 129.2427225165533 983.8046171605912 1647.9704154296614 14.15558807378929 549.422452419453 2321.4493659035415 1448.0869744321742 21.106606407449643 21.303037075799157 7050.456270588141 889.5230731663014 1742.823908734272 115.3603349965679 858.5234189440822 554.9914078993136 296.61881233366273 3795.2712161661216 325.0822899613992 240.94322814230418 39.64695642339711 585.3312933741654 749.2512093437359 292.50478853181903 813.0024904104268 464.9826340152317 5360.110923900995 464.4166631752099 532.4401629497713 769.1082587735386 325.0900696368286 367.67847883059045 825.8815585353757 13057.111310143171 359.5122633312866 421.9415514885386 3375.1163692612854 2920.8083046689003 516.5554797126266 460.2486789413313 1626.21310733498 1417.3447462461845 314.73577417253324 537.530396780808 2710.071424916745 865.9780115585299 227.7761040687486 81.76472405066644 1508.9297522668967 180.77134147746983
147.39853092825814 118.9174733203353 985.3868448004198 2360.468162601015 43.27251260171666 930.2716295281136 3353.9640732878597 1904.8396863258731 37.91009478716738 56.81340252581601 11089.581538758524 1288.6596166918853 1703.091519412818 173.865156432962 807.2070882666517 832.4502919283184 346.07708050095823 4304.8130385079185 396.2643740741854 335.75191462176423 56.751784094135374 1386.4294218764685 786.20418695428 448.59494808012926 1308.9758845680624 478.2291618314854 5797.513556804997 1007.1642645301463 793.7569902797336 794.1198744524565 492.7690302520109 655.2180618469716 1082.8490692273967 20406.76193613953 469.9542895846057 625.5042168111432 6222.903660550006 3240.6963810231355 1062.08238380103 486.90095197037965 2922.48348735236 1242.3782056610617 372.7923590326433 600.9409717767326 2213.696325813959 1438.3571922837687 367.5429925243116 70.16146111529048 2181.7693091240117 328.42280015343584
233.11382851325624 93.23114004886976 511.9706055182248 1511.8258804907452 39.40746573637392 788.1620458770519 2583.5319571660552 956.9177773665127 25.192290010118953 31.196787225898408 5304.891640721244 831.5048361502623 2117.7349803741367 212.30936332896962 536.3539128562031 526.07239252104 270.0809049235349 3280.3724252802917 236.4383367110911 172.24630029247183 47.37797395152424 1071.169413069495 600.0893779533178 430.57427929397306 452.1819802802296 221.79005136146637 4465.42854913527 390.62885300068797 498.1123213435512 461.153308657028 243.00400592433837 341.411224573509 1035.522661732945 16213.154414352606 154.1850086995068 395.7595305452451 2955.4605476901415 3129.437656868558 929.3692203786862 337.58571448456524 1568.1451773905558 822.9756149963623 383.6293316904812 483.30765268020934 2925.1609465336082 610.7845935719475 311.55791661349025 54.935411621296446 1614.3506331893227 332.92234400645333
137.66931007925177 15.493304788616271 650.3833193279763 888.7988828645762 23.868372928307977 320.789921342648 1699.2519611057241 653.8410059491135 32.295247686099295 13.39492419738594 5539.056412875158 937.0432244833843 929.164362648737 120.80641905889289 540.5398399667824 267.0930576627669 192.8402491659288 2528.6993464036577 226.7241798072465 154.0256491150131 28.197750701856688 319.2940913726967 364.807828462636 271.7536853224724 200.78526218329975 260.63005965737653 2246.6548410079367 432.16011489417997 435.37604243591863 295.67962168505005 118.51905280723439 281.3801080419938 605.0623532479639 10899.009916931109 221.1788311144802 311.20156058538794 828.7117242034548 1915.2170343832938 460.53147040475335 350.6838868735395 409.39490308574733 658.2466588398997 276.15479373725293 513.8977709753293 2208.1603888254685 613.1504322943877 137.64729586616255 38.95828137448029 1675.1961662582223 264.22950313616326
53.843622791723426 82.27645556247509 396.08230158020876 1236.24601134774 20.464808031635393 375.2116338660494 2137.7730683447403 946.4308877474605 30.202799794506113 21.013905030585697 1407.702782512949 606.4269152871458 827.5427756619235 88.97907441532435 333.03589432481726 295.14201287672984 172.0642740923015 2398.658598799969 215.39919579278774 110.35992522932885 25.278769813692534 415.014711883557 379.93424998222747 170.98498588849327 623.3014092991133 227.15339463035795 2245.293144754216 448.97276380610367 391.6245325094809 220.98926237435782 157.88595882216958 167.43746908702414 463.4590031434427 9902.463339072401 249.13617893414727 214.17908353956187 967.1875432720535 925.3445032547527 769.0447927495015 261.4668781408347 709.8662446791363 1070.890687397145 226.04720470276885 274.66389227022665 563.0675001489776 721.2144277875115 95.44509760246116 27.28914020394028 713.2041225898593 240.6403915286907
