158.9246075526823 107.8353777662226 806.3227965077598 1408.1858241909306 43.915161583763464 663.667906768478 2615.8451223597635 1312.6599037848187 34.06002234226318 40.375591290766394 6297.056632096872 1046.9861076961474 1572.148605924788 150.5271030477128 627.2968312028975 599.1050251293992 263.136358912994 3091.1178684044976 316.79660115947314 230.82910603593726 33.536359883609826 957.7664078499031 650.1876522411844 411.48683517258945 864.6191600464882 319.940247939911 4575.149656130472 611.5002956598743 538.3434896304865 616.9456079530626 227.11820076742563 415.02305912935367 894.5663547467224 14643.579516827846 446.15508889598834 426.1740923930663 3427.217563243995 2249.284324656018 717.6529709483025 400.26258577659775 1747.569695386092 1182.2499182948363 345.1065798648756 687.7661143934886 3210.4001993288703 1013.6115084871814 263.4455611988892 64.19330855350617 1469.329803441563 284.59882265944935
197.2603777433049 108.22443941234049 842.857907852412 1582.9376956007134 37.52684600376303 523.2762432011536 2696.528557054564 1336.107517653169 40.88183748934234 30.790862700676726 7114.05644413023 978.4113319944652 1666.451290766354 175.74567637289854 655.4956018828054 685.7317612990488 285.73136418021005 3331.0429230509085 243.36110978727126 145.1155991049955 34.71042890851915 769.2251580911731 784.4496383108614 330.65615976930917 778.9076608106562 269.0350596943031 6317.383173383689 797.7248042863486 558.3588603725321 568.185263738011 226.511625069357 394.09113296787467 1109.29436965809 12046.21507627073 314.5387815276139 342.0840133071339 4295.535797950478 1875.2195216832606 788.7668420071062 320.88382719353535 2197.3987308498845 1132.4025995658317 229.52980950745774 625.4113384609926 2409.352335478654 899.9907977909917 222.34971447322872 63.78365174812082 1777.6476070705867 256.15167345993797
104.63257651590627 70.2304754940603 441.11999521215284 1056.2664980881004 26.291088964151818 211.08431138332543 1817.9936589050187 921.2511438860853 30.9977838489213 22.74047484131834 4200.484456984285 822.0766603918854 1370.9492397959575 135.8094744752157 541.8382585884655 452.46721067733523 239.1613786421554 3031.1606293491704 249.96426771064623 143.3222507091974 27.669900860714456 869.2678766374831 460.90491830815256 184.90806388556672 441.016776952191 240.52945492836264 3663.887611919319 564.0263336146235 451.300380282306 342.7764770676009 173.05378527097503 219.63177668683616 337.06909850083537 12715.857363749397 255.39258563937378 276.21523948956985 3984.789161639652 2113.5524266947787 712.5481211032999 286.62414393508453 1527.4338648117837 1061.9135065013104 166.56041601867955 531.1053950326764 984.6072165402701 680.1035032709141 118.49545249357877 32.35942362100921 975.8515028031038 168.42483600230074
143.4524413954146 92.33338727038648 903.5731429438667 2168.439441807089 37.97070926550399 720.2885542259619 3000.776976374723 1281.1421766249007 50.25186258027751 37.88436712858874 6709.632402517529 865.7991244279544 1489.9937808227899 193.14247858270198 683.6078371678773 656.0574064185632 266.22706173396165 2921.2495869449886 238.4121751819889 275.82388474009315 41.21191426617762 814.7644342511585 642.5236320526941 297.06514341087336 777.1330101021904 311.498268602913 5917.463761971325 829.5032221925713 511.35529481375136 635.4448038377782 360.75877912322915 342.2567123413993 904.2098214469192 13489.348101363717 383.46153367614784 406.9259617428908 3801.647563403424 3180.9230435064537 833.1812724227686 450.00973752636025 2090.251235743925 1361.541307464986 359.33299848272407 599.1661299157854 2094.591039421599 979.7209270554644 205.98214503027384 49.66505303788395 1399.233276202721 293.06659959428936
130.23185784578814 92.99108701713325 679.5689180710838 1462.470973899759 31.37013812289715 618.9197912620334 2735.2929763295283 1013.1133140638115 29.24929578505719 33.26777307870668 5945.709136507353 991.0171930984505 1796.9674729138567 179.37419525196418 717.4751828426274 584.8556633873924 269.5774715319154 2828.808122621271 258.80839922336304 228.73676558453758 41.009969861514804 768.5925452449328 644.2840782979698 328.90631047049663 860.7661796628776 397.52697339479386 4894.112813843424 699.2948145216865 544.0072522424718 570.5221065050663 211.46266388441796 399.2664760548394 550.4725947167252 12723.352081447369 305.2689555163586 392.2139836501894 3688.15382868099 2106.918065802139 578.6599536295056 346.4322516952465 2041.4190795170255 1232.4467590813003 295.8456715207254 587.7255433366146 1875.0479254797292 707.3488875969007 224.07250776663375 55.371396452565115 1607.8167443154011 292.5456164995561
112.68676610528443 91.18197515371308 669.6965822896252 1257.8225397684794 37.55385561409802 499.79643591121385 2514.557458546373 1276.2521933180103 31.324238334093533 36.917738654376514 5884.476366995299 961.114765757243 1735.2997257422726 154.1228964644694 631.9717075847858 674.873451828574 237.53101890050672 2906.926283374709 268.05968432327484 185.49186989273247 36.504475320281855 795.7561060747835 559.1392702039034 399.7828507876995 574.6118573122392 372.01679890738467 3174.348723631445 618.972844853641 562.3221916349662 425.7663221917491 230.0984460468348 314.8394458315388 687.1677850705452 13612.36758863685 273.2036759690445 452.456561925177 2375.0846946091124 1749.1555597090494 664.8653573992996 316.0142615961329 2094.1598940969725 1187.1368838017675 371.2818277368837 438.41577519827837 2616.859082068996 663.833640653634 209.65211612921772 44.01756332173027 1851.7737506085489 227.39293477544848
128.0573644439114 86.71839755128218 640.8948755995161 1640.8481509981057 30.060415567444814 430.4179938646554 2421.8373432019484 1019.0325311787914 33.140237742973014 29.396975709497767 5400.93636809082 934.6130515805696 1212.6577971820072 152.1361003092408 729.8483207612511 603.8564826154624 195.00667291613073 2806.361466515245 232.8956757623916 166.29770393628226 36.18202723248491 676.3065567576508 458.3851307765556 317.6573162512199 618.2498278035685 407.67580271651536 4484.7199865313205 417.2999762814125 495.9577742984964 494.8354628888512 252.0121638710482 256.2302208117397 763.6619531644628 10064.638279602144 282.4373764210787 409.7794723979834 2912.1899871705414 1744.7871164351761 709.4707607777883 294.16778550934066 1409.5179020807545 1018.0229274522744 182.17530351240734 462.5342627615789 2213.081263929285 694.9131712035095 194.70888389766907 39.5139278542447 1531.4787849904665 217.671685593235
173.88555748299763 64.77674661563026 780.2405862183714 1392.2064191959266 39.60885204578094 466.93232704500394 2615.878308120554 988.1856259856215 28.99827380156469 36.27457079138042 6165.170007747617 1133.4895257715045 1333.0970781340511 113.42659568991944 472.1352001840361 717.1001559542947 218.99790927515318 2989.6769419792263 215.06788278248732 218.20308070888908 39.19701794273078 706.6827149600449 563.7044699136001 298.952426611783 764.3992545048999 279.73010807487736 4113.7467811974375 609.9790544287862 405.02707401089367 488.2375492987865 160.2733307296784 355.088606098475 671.9262738459514 12311.055965615113 335.2090520670495 410.9447416996093 2565.3392492426688 2331.729322711581 781.9797268676178 357.92213420913555 2030.5054035226729 1182.6911011763766 273.8109042864552 436.2400518053639 2608.650749938231 820.323665889617 286.74619416285424 45.72338298291774 1370.7456410591547 278.5049121652065
174.9077532047852 90.5943676607197 762.3592744284998 1689.0062602157739 33.2679233582618 807.5131342429072 2936.5388163468656 1448.9490857275518 35.81701975595774 26.700733384017692 8862.708320730591 1193.3927489908867 1494.3512751419103 144.99206755900494 647.7913593979082 715.7320094938575 305.7311895093996 4278.461276141729 289.7960621466889 243.0421741044978 41.86568693071947 773.1577519678161 770.7748830194577 421.76922487481295 1036.2725072052413 454.27899590362824 4024.764580168824 585.8536331531179 418.78841674221167 411.6990558769875 244.72006574930555 530.6803770094164 1001.1201971817967 15276.566869787603 373.7500891170109 359.81057508475186 4171.211596737342 1948.877174417224 690.9721836858837 520.490639796484 2179.1290963625697 1236.644035521724 386.95446280969804 507.85303558896334 2822.8651813510414 622.0308281990348 219.99600134373532 70.12805355496504 1782.538348585366 263.5008847515171
147.6458726667167 104.51936555422668 662.8240574675082 1303.674480767533 31.32367375516289 626.4842798217755 2180.89488999596 1256.1980883942808 32.63660235617165 35.04625631584595 4716.98954012101 1194.7588016462912 1683.3598170251885 133.61871013255188 560.9025157634613 509.1650034280154 225.1657816874894 2970.5108768065097 214.28120919252535 130.85177285468174 36.090734509314274 927.7221368917418 666.1335402364206 362.27064643654677 839.1594757013917 351.1903909822206 4375.5263297204665 606.7662011319327 474.4223348789554 480.6537722806461 253.28481588797635 288.4524800962622 828.6164613663811 11948.400583941191 365.7334723508451 338.1054507556952 3398.8616323876095 2622.1428600708828 742.9277934290673 328.24583238545165 1729.6434901051755 1316.3697706114988 306.08222600175264 513.8603923147601 1995.9648275699353 813.1756319879679 223.60101449105 55.8984192929605 1551.2932283756973 199.67909670034646
127.94089328152535 85.01811861700993 762.0616221190559 802.0590955027396 18.839139985500534 470.76217146926916 2359.8612340347736 514.5664719288887 35.04865158891079 26.897448215449057 7338.128225172154 669.7075775647527 1120.7019759026703 134.67451498918518 508.00926831754407 419.87651683926356 161.0764921777526 2672.648781906918 212.62735223038862 136.89943578968814 28.45665678613039 449.4507939465687 529.1923257184905 304.0617275015843 631.3356390008244 299.12737355537314 4812.127699119793 377.31669898640934 410.1899741906045 531.1489289558178 129.877297806096 224.85290302856313 456.3185166201263 13084.32852646139 322.07534672791303 435.49267022303604 2797.214836914277 2414.2761243914733 462.62191690222727 283.66279365726245 2004.068489744415 1101.619596890381 335.92659767728003 411.8330409595122 1590.5202422308703 540.930981791319 240.38524914241498 45.29356648619576 1382.982965179014 234.77753826329126
140.25433135054092 92.36417403133345 648.6961515035646 844.1891022376612 31.12938013768902 502.51547202080144 2517.5154677967566 828.758702429596 25.882776749817463 26.820138880995902 3643.2401677262087 852.1048051151057 1197.6196012942974 126.86352930113185 440.00650668193714 442.0385238487942 227.67453196198264 2285.8848528843464 255.6916718067514 181.28083636476757 27.0472151035723 558.6229346773662 401.4096887960658 257.4063915681819 758.3576905769219 319.41201057215454 4340.038385090956 407.9451365558709 452.23346154211595 510.38051071963923 207.8698111927717 207.19598383935744 424.4563589229672 13659.586707839408 243.05654637451732 304.76188055278476 3217.299387689449 1815.05834253101 430.3360441784135 324.77391491193805 1206.434306456927 1217.0456372612703 258.3935512098891 451.0783829090168 2284.3712730761263 563.8934284733614 273.86001740219336 36.960858038217275 1292.5531333733184 155.30669979910272
115.8493128292312 61.3222354906943 802.9282149060615 913.5235991740564 23.44375146408436 427.59511668917673 2005.4180290707868 1383.6939969921373 25.936511222712454 20.16142319514216 3771.605479497972 450.26571733612764 1310.3467224696415 71.93036226111538 684.0331683238269 431.09176290515256 153.45056857411953 2495.6162994905635 195.4089211833583 157.4480063733106 38.643212954588876 574.0915912197137 541.8727429195488 260.5240580292737 863.5490245440594 311.25405689122533 3972.8015402570813 377.3847900343663 263.5165150520444 255.46626401312304 249.70788724725335 183.7415991099322 726.0277778257042 11197.970480422582 275.30708594905815 294.9265986742897 1157.0206820893745 1660.3978981935386 423.04801472794287 283.9217154916466 1048.0369456663811 764.7305062685641 319.6176182654087 183.26715156567013 2104.488603593859 464.2771410671084 237.66505588879386 49.54605354547075 1552.564056586239 172.70868791254614
180.5876439868005 111.37627575527115 976.534648001128 1615.4782744348086 32.40458010352747 762.8057388268758 3093.9151087559667 1191.8067575325601 46.15356749008782 40.225166901380256 6262.023558887187 988.4313927839057 1606.798320702034 176.71083355902283 794.2323387059159 675.3473077909795 234.08013404179366 2435.8125318548505 308.41927204025706 262.5060868981634 39.95718610026739 1026.360889710417 717.0028655278014 251.71429564225957 819.0229073281009 383.1111160449834 4857.93466440217 733.7318381501311 642.460888990189 524.9958738941407 290.8191440941923 387.7541573528724 720.0754310794607 19035.699873734295 374.38033611050764 457.7322224560615 3898.017236824684 2534.666029391101 745.5140049303518 384.85149654569926 2007.782180793986 1257.3489306070815 396.11485660577546 521.8451490601603 2503.5046667105917 597.3518273735515 262.58835014668466 59.96802066649461 1694.751040203491 232.12832575758597
148.78469181183667 81.51843262897512 637.1953771969506 1487.3920694779538 32.318483686714764 567.3757104619218 2536.2125523457557 1135.8904585799523 27.400443118007846 34.73480581578912 6264.164770041843 1072.907462765123 1489.082212145659 151.3437980380001 720.4883079775294 668.438886327878 271.49806404623456 3648.393772172329 260.20678878841767 190.52792755382353 37.72354650008121 787.0793783943495 492.9662590722114 282.0011092994441 886.3294820948505 390.5375911478775 4698.007947170208 633.5912499536611 445.59521554030675 519.7450461768666 293.95711972500453 331.50815107180085 638.5102124046039 13460.312561854007 347.35429607653646 450.47230911878995 3783.6320162437128 2133.9708216690688 757.2346817045471 326.5899428761757 1733.6255851422304 1202.6109927138893 290.8364197694494 563.1409818066805 2630.1364897728713 700.2628528528742 270.9341035503409 46.304572963327836 1633.1533539055208 205.4257000904767
138.2870058339707 80.98221113581559 534.7638668608139 1349.9887709070981 22.173432328920377 661.762901147551 2332.3403480644274 1257.1714981696136 27.788391990982447 30.310679148740302 4164.216271889303 949.3986316275991 1306.6532518793317 139.13934179513325 474.34751259441407 746.5034527942738 192.4748800842063 2648.60480709833 188.59360217574368 195.82805124946606 41.92473519126426 974.4316609675153 458.32596162246705 237.71102911676738 1035.4408041548388 208.97625272298976 5062.396244609773 628.7931296534138 511.9116381139116 440.38649372094517 252.07663021836643 266.25283549152454 640.2352503545312 10036.600868875923 344.13550674101305 283.1762321278463 4659.08906167718 1976.173008849275 713.744347912785 341.90558268770286 1227.4847418613188 1317.7747997757695 300.10122767306075 456.6275289096768 1850.039544506494 626.2163163954685 265.5861970842255 46.640256581084145 1388.8670345104983 179.60064680067646
153.69600224346846 98.17831095933632 681.3207538100223 1584.7278291077625 28.099313270266506 422.80409551793 2568.3815687489696 1020.8317605588728 34.286031638047525 34.027552344507036 5079.3733813423805 813.7631538104621 1681.1520857460491 104.18165044091292 649.9451633310975 662.0516066938943 169.4720043661449 3549.355092366578 220.91494186981785 231.6924640418058 38.61363771797636 814.8257427992769 594.2862280250386 331.3094987180675 930.9940653320149 315.2368412238764 4280.403859694947 664.2385711892017 421.74478235130977 594.7534843061133 234.43909348374086 254.8612783683982 689.0681516910073 13811.170035312522 349.59682305295433 463.0677959330919 3279.0560243339373 2317.089163471909 752.6539925139989 327.74066281172344 1717.7603313316713 1175.944628044064 307.42306342025404 453.9671151394157 2075.931464031402 810.3341964044332 234.72346508513758 47.97347522397345 1731.312563343278 235.3764707358162
121.59197866980585 65.93692677305539 558.7934994305342 520.2487557291938 5.647498599452179 264.15743436195385 1475.3417338500392 809.773474150323 14.540545121328032 27.983111679928314 3215.3547784763614 725.7087123742403 706.1429775716736 96.5580151684822 433.24838084764394 492.42109512734976 131.47193707115605 1662.4610730506702 130.02818933566743 121.92934027443212 30.110155115714214 588.2570714103115 286.0855462652232 191.4853358927552 604.0888255290032 270.84870558322535 2628.681167927137 434.31975630549323 347.98079528338405 299.1335098093944 155.9167116495388 285.7219492764025 555.0588097126713 12962.813611498976 135.9683022902276 287.2189004185932 1624.7615296334516 1234.3350753402183 434.2976900610894 184.08245005027547 1602.8683206941369 789.1924452794113 158.3570726498898 333.9845315310076 1555.7899079759268 741.426626498487 158.43109517354367 42.56708351145444 875.9403112605853 243.77569060591804
103.26587917240886 44.61432371517549 487.99479581004243 864.8323459101547 21.14450292478474 302.90936105907974 1656.1962035801141 1085.6894068391284 32.056924762553784 25.587970181959566 3394.1792595002144 885.9336890600755 1385.7277671287816 111.05407064728567 376.4937181922089 397.1369632993308 183.47620181397122 2669.6045219621865 150.74195048193087 123.34989312501654 28.273633286701617 449.66568762195993 421.4473882567621 246.79346080009844 780.4186277153667 257.5047535138135 5306.533635738346 412.2014969799472 517.3183042270264 409.23768432065685 192.27074768481862 293.956790196656 191.82203731506797 13721.623793705332 214.18370205179428 331.67981098708054 3282.686560695685 2554.9455483932315 447.34205932538373 323.68800266930776 960.1553384119679 979.8958326832624 218.3445994939246 443.17567713808353 2268.5330195323218 618.872921048244 72.46753712616328 32.05709607725203 1820.7132505713103 221.96225894180913
125.74593192005197 100.13681640610349 597.7730537503003 1589.726218918484 27.767622962406467 503.10394661902535 2130.281847510407 983.5108194075704 30.827982876288957 33.92926165043991 5443.676447721756 610.7773514962034 1273.299727234351 152.07063894748083 440.58816554091055 541.8507292971906 229.32953771775794 3919.5136561134063 317.47936498730456 167.5852048409223 33.9041130729956 733.0378565510529 556.101052258024 253.6207329936961 763.2238398144544 399.58687204756103 4848.940655720743 650.8180161162999 488.34012906104647 391.3580218893741 229.32489545998916 357.2116186253499 724.4188185296756 8519.743589819742 250.94015147934329 466.88191923626044 3520.624451550199 1975.2494046493985 556.5534466654714 375.1969685069742 1576.384285031099 1037.8335101747703 253.26954250262762 419.14921587601225 2164.1824049760917 561.1362696135179 274.47694466171805 51.32972976250544 1160.2689464886741 257.5471190702317
167.84445236046662 94.5728305257876 841.426563989994 1318.082149046562 30.314851987477685 574.7062152277061 2796.7717659476175 1309.188218513657 36.844465168989856 34.21412619556638 6865.3591006806955 879.503650029335 1612.1664290194012 148.91312534488628 704.3903990173662 725.9280766690817 279.19394573096724 3794.18346301933 293.99277624092156 180.08031343412273 42.41778066077517 964.134206430515 591.6069029396997 355.66369141181036 883.1242035075219 373.9431693970377 4565.554074897485 432.0165415400741 422.61860495593714 570.0514681059709 235.13110765763452 300.80501194791475 627.1745869851212 13749.035743137201 371.9337749026227 397.0749745738621 3369.730394876218 2599.139926246627 785.4982768611699 342.6150214845851 1627.5455562567372 1342.2881380362796 285.87736568224324 537.2922952441365 2704.8577179914487 915.2348205863296 264.6119020268175 55.928428505182744 1826.9248202876888 253.44506140813849
167.87225177599382 88.60337950482814 545.7025445670073 1048.844038859811 38.60127160950438 480.9505793190841 2666.037810077953 971.0506462979166 42.71724687252526 27.077143941276983 5083.205611124291 1000.869454769915 1759.7418558566478 149.14275423881142 475.18935363616373 431.17868230956424 216.98256796063734 2375.248467420778 309.158730482546 183.70631327975354 42.31098449162613 1034.467280484087 562.2385780987088 397.54512924148355 1075.8867067240471 255.6615252485395 5799.183507657107 617.6245644796783 712.2383123986392 372.4552175957624 270.7292613062156 307.10873742431363 601.1276813484678 11162.292080290696 500.60921984069006 346.91757140537794 2258.7310885511897 2270.6303996976935 814.6566379281563 310.25324476743924 1686.3574121862182 967.0522962186145 314.9825859447751 530.081610499395 2161.7072647371706 792.9064320852314 231.10377307685022 51.196436086144146 1589.3626139261398 205.92850165718866
201.9526392634814 104.04786542772892 797.294831112976 1336.0371794919915 37.12288951792677 604.8310351396733 2156.097433650521 1286.2202032577984 36.78323006333646 38.63058436336776 7084.885892930015 1047.0905992117828 1662.8581185239 139.16498018230516 609.4540275853196 473.46618502298065 209.8272231141474 3071.4712647786123 292.47224156827383 174.48411470273584 40.53117475748763 949.1278216698008 649.91181951296 399.7572807271121 913.7541821104692 315.6763317925201 3696.5243307690253 563.926874664018 456.2348550154669 484.78202715561906 271.3260670819718 329.6726906635826 751.1329534977832 11369.340895645993 384.5048481940571 467.6957112743116 4014.97440575572 2329.175456648523 560.1272614970628 313.17363055531695 1733.0522939698924 1420.6504746464466 179.76457101279854 531.4750611237022 2864.88800776059 894.1665663289817 210.61391051178688 51.99047875440165 1560.3391896497135 159.71902343344433
130.77625420283684 93.99668495497345 525.2577138464453 1306.2198116318398 34.60432732313101 516.7018078162932 2016.5826479478824 1086.8384890234036 38.865544955679155 37.565747824021614 5878.588856172139 971.659771605121 1564.3730958057674 161.0952220320718 796.0452626531855 582.5945829941476 222.56018164444063 3201.3088124588 200.32209264225935 189.1210930173644 41.91418124335659 830.2098252282744 504.9391370053586 287.2454986925944 806.4021728611158 425.3120472425428 4020.5421638967587 589.471749880147 307.7134335143903 557.5017955221683 292.9376875217873 359.89345368682444 657.4879961087373 11248.44512304821 350.2192267980199 418.08598936160615 3938.0528441474703 2903.1259470511945 706.4505127838471 350.8601090122134 1689.9868490998165 1422.017074105381 382.1835371928657 520.8294168677047 2296.834337975017 773.8229872299904 192.3450955984306 45.513452853490136 1492.3238366963603 269.8104765403578
205.40105566008984 125.29737391183262 839.9273556236725 1555.4297456724132 46.09816435016877 538.3671572032508 2983.5756971058204 903.4036714239006 33.66968628585592 34.423463963133216 5710.8014855560195 1132.615505680118 1854.6258081549563 132.62686546842946 825.9811874346561 850.2737004036658 305.4316342971512 3596.0669465383794 331.7461345911385 232.41377958973985 50.601894517028356 1063.4138666413503 707.3437532715965 362.69059738460146 887.1330563872034 375.4332934283966 5473.013977163227 823.9639797797116 526.2715953753802 666.4929943081015 240.96526298473287 410.88427230603554 767.2729466292386 14620.54389812916 467.7901889372937 391.46786677781233 3337.774600267599 2173.4159403858894 678.3592938236558 388.4388370654887 1966.1590550519475 1414.1792377878846 293.7999615384631 665.791929036809 2556.37762717525 803.9589916715483 228.0099121101103 55.497088068510095 1743.2317951053578 205.21233458481404
213.78014788156946 131.7796854113451 1102.7588312322418 2142.5602670867324 39.42414875549868 711.4743442539466 2403.3040527570947 1504.3272035235339 35.25945921083275 45.97011024309052 7907.102968028899 1179.7988562119372 1892.0457885072037 209.62771346663783 1017.0915064746746 759.8750179894797 318.3067400401829 3567.116923795483 353.79724660841157 323.72493047177954 53.07667843110592 1235.417124706698 748.586937980424 387.76630506573986 1163.3232301535681 500.065762763611 5612.75887642591 539.5839918547788 783.2000657706407 558.6088658746328 356.1595241241086 450.95237401657414 884.7586265204575 15743.177368215638 377.7901916985302 539.8939829210725 5566.946449622764 3189.9710442018254 1030.1794641626743 381.9236698793019 2047.0059080401788 1508.8746462968031 408.54508625275645 628.5760350735943 3744.9074267469286 1047.5577439394276 248.97327507235914 76.8335955258377 2215.5638081886523 361.3339719054477
97.75078565674096 45.47416075006715 492.2468807957472 657.8704753980653 22.012133618431577 514.3473795220225 2027.4237258679286 750.4446448186096 25.820515714953228 29.28384999548788 3018.6896067819152 332.0945812744646 773.4675548363862 99.33051165097788 754.4751641990833 496.9992799229958 85.05876075313266 1613.788152752209 189.8511671044816 130.9524914933602 29.082016092926565 413.5804022263445 327.7811204325662 202.7237588782328 569.6225310644879 219.41176443630383 3573.640066875515 416.8083116767262 231.17100684168693 473.0847738306379 124.35418320321652 258.70754818435285 586.5373160514918 11017.615417802643 289.39171822233754 179.8088386148572 1254.8899977311703 2000.5198655990446 359.2052607580898 173.07827303553876 1255.5019504775926 868.5738200736541 176.15999542869838 392.15121321914836 1723.514600800871 674.8487512588188 101.66031901641512 35.747327140863476 1180.7975068237738 150.84945252708874
137.64603852888337 81.40200339288975 506.82068008099907 1210.5806941986477 29.972510506300804 578.5840802230035 1898.5168113426814 1066.0547188715475 34.935368035869004 27.377600732155333 6063.501689505588 739.2445902110327 1079.3106103344433 117.3801056127728 547.5084470033596 466.79318245929795 184.96245805440265 3172.2822144389456 276.13408386091675 178.5734260238764 32.09250023898003 658.5616325390171 377.5633425612466 254.7791183191943 804.6542130800212 310.66077264280824 4698.745925459557 429.26228010163356 493.94245682378437 448.5930156595679 253.91489125008516 266.1469998913593 702.6707648323849 15839.009509916177 297.5612984899256 383.8189808311534 3827.3187814725557 2015.2251275161013 617.7549143633227 300.0505563124526 1504.7257688958398 908.3552822669279 242.38469403384735 427.99967176813965 2053.7264840560997 839.9457240244864 210.55561496008195 51.452319937349955 1351.1139737028113 198.4794992934282
122.19677041336925 113.32106321124681 404.5246025546691 1034.4895305292778 22.896248765605865 390.044427660977 2593.9538753776815 1055.034598334154 23.69907928949523 31.363789019359295 3795.808086617997 591.9854631787579 1028.6056394283962 134.9385001477376 541.720837222822 571.2856945463839 203.08428213162864 2552.533286343279 295.45020633260765 129.34275066461322 36.37884716067191 764.7501862461277 601.3586782026368 255.07298096063914 742.206673509832 323.46162571594647 3433.249591975168 664.5040701869086 462.56408519939794 363.41283927396194 202.70551645266954 323.3474189922749 546.522985211485 13312.022326603532 317.9188269156019 390.2164631268442 2847.3310160224496 2336.072413702473 846.6484879825686 280.3058862474486 1899.4179080256058 1139.2653592422662 187.40394172866783 471.2513606254539 1930.9194939214965 737.4034162221944 176.3559644731606 53.831906208040266 1328.8441900241774 173.94296533128554
202.20272840844765 125.4500110642093 944.8782671978088 1589.1258014129505 39.39685557052432 643.4403225939977 3301.4937981244584 1125.553615228518 26.00988720798786 28.60637734291822 6070.844671319786 1116.6694014180007 1484.7729492006576 165.74983368481645 750.3998505530807 699.8010955699862 242.88095223583792 4581.5036342792855 350.6103545747699 215.43295915708535 46.72306679216338 1084.7244966321139 603.6542748786445 327.38522585247017 965.0533692490123 410.30498588690733 5077.702665656549 816.3611032277416 497.8870284809675 610.1451755016385 302.6521432329123 368.4401649872999 775.8777396398987 17354.215202358857 452.0919611357931 387.37463100039645 3849.9801190338426 2990.55632734765 579.1986227428272 433.2559114352109 2567.9118640597108 1364.358073402028 363.205845002826 602.0965980708552 2509.7578714765914 665.9380712756395 277.7620066011284 54.16652735022176 1992.7809084898772 274.38567195321946
152.37164287351828 68.0533605034227 747.0870193843601 1632.043990504651 25.52521249552125 375.2785202479819 2488.765201024698 881.3494951053649 24.645853501940525 37.64119340563518 5357.340581901677 596.6845686644814 1611.6714307461489 130.5091097125667 549.4537617053462 683.2990825945004 216.77290919076813 3209.445092315177 270.26235822346604 164.8448160916295 43.09820589902983 652.4413933454518 583.8165858598373 366.8598035389848 712.3379971794798 345.3465274780357 4261.44670695297 600.8974411520771 494.4437865282097 493.82876941194496 223.92647795648676 292.15149572801835 513.3301734172628 13978.859814745125 298.48351528671463 215.271733427044 2698.929281954623 2280.815825644144 685.2862109329359 256.4044304814016 1771.6986394300493 1357.027813202179 286.4920039388675 558.9590105301672 1865.4809099365884 632.8319336636364 190.3080039625433 62.91965086514643 1881.0249419943289 258.56733819897613
156.71430999754332 85.31274780942888 797.7780583931174 1557.8845962016655 30.989921236399002 630.0174576765695 2680.080410033075 1341.248906557652 38.10748127859184 31.244712308385346 5440.452097135867 906.2108564473281 1578.0122357050018 159.11164743018477 817.8043562082737 657.4221620491669 290.6849036184978 3230.057640845652 254.75992879281108 216.61431309069462 43.24713635502167 839.8788866400961 653.873501784558 347.82020924250537 772.6748391540298 394.04268359942967 4942.087721438952 705.0694845611465 458.5884072634873 570.4021628634308 260.4186148497507 379.3689361775801 775.0564294766863 13711.068841596769 343.43410492837523 424.25637282451083 3338.9756453059417 2246.006288854007 723.7143068326902 385.75949073657216 2227.83798829745 1199.147918952799 307.7184948706962 514.5010757643461 2903.56349827856 974.8722967618567 285.96335655735487 58.82774131071218 1510.412936577511 206.82076830081706
106.29089128922067 91.60512921354737 584.5928293139623 1209.0222147129434 23.537312632757782 578.8734961871144 1637.538821372202 766.1696112129691 31.840560262031985 25.673018057918483 4321.967209890162 901.7637983969316 1042.4892284891248 121.64802021329334 365.6003312674584 590.9989687764709 204.8479956813256 1992.3728480175587 256.7952841165414 201.75955764424847 20.951185678004336 546.590837067509 288.1539745729277 287.9157573338558 476.7269117608919 209.76812535864536 2982.432911092022 472.73272740633234 418.7791318568934 302.7788527933236 154.558011717233 266.1793083545085 268.82555023622206 11364.639165570667 309.2617985956828 245.43284938961284 2830.7931803299557 1413.877248801285 757.3507953102967 311.87436252646694 940.1329063384198 996.4726451030358 309.2345190592466 289.84471817841296 1861.5866773681366 500.08416344122816 211.28747982793683 28.157911332186984 1374.134366347833 141.06713828558114
153.37183507688843 96.00679237549785 689.2057148070569 1681.9627200645575 26.611674545119353 699.284869845408 2359.9220461397945 1206.5616725212803 38.04524843552492 29.358620182876276 5859.54130801478 916.653024562331 1439.0389392697075 180.3447930152077 724.9403395902322 577.1631515123922 198.68707779690646 2973.970848107994 243.32448356454 243.54498490282367 40.30963362981524 795.2093078620844 536.4366678470512 303.1819021072449 1040.60515948123 357.8322559223587 5113.9570682030235 730.8861613781316 545.0765821852073 504.3461176877215 201.4272906819938 356.3942168097168 671.2467322557139 13904.170745594998 344.1801529590895 415.7108822368885 4020.9939987528173 2435.944986070644 760.875949829349 355.69707750760153 1640.8491711346196 1250.4321780042685 290.2528827950514 550.506450350273 2383.1166464870703 835.4401486885841 259.26371827831593 49.71535494146033 1780.39370132655 228.42068988795057
119.48940457523902 99.07709392487492 779.6450211917556 957.1331668618466 29.334942621634134 539.7696683745112 2379.627629295856 982.1262420576562 28.525927833593045 19.241177500565648 4003.1625849159864 795.5159934682571 685.2654775209506 101.24107651478886 410.4516426846103 440.97818941781463 207.53422590204798 2561.0160271929403 205.05829455692862 151.26818786638356 38.51215974437413 754.9805142336137 429.3016209231607 225.5707894619267 622.0940746259271 285.817240443791 4093.777565944156 527.5712996661492 274.491135161952 461.9117500132374 168.30832322257103 203.98152271513317 575.786657632862 12485.417256278943 231.55811678491244 276.2799082150212 3440.545986569486 2227.5129196460507 455.2972604688885 278.5608953149431 928.1072193095738 705.6316820384953 163.74610963365836 456.4336778013835 1710.1967003490083 544.4112386424072 159.1269403061748 39.316593956814096 1236.615590010152 195.5934269232722
131.29661771370715 81.7421871746639 603.6481739100341 1166.9440044096082 25.844826005862906 505.2026010382428 2353.8860244755233 994.2540580618121 33.809643065706105 32.59539921280683 4539.21843291624 770.4782910963055 1301.9101171245939 142.58766408667674 476.2088419384927 493.5443943379002 213.57064225126697 2179.4605189496 241.9283570039729 214.16237909318042 32.75886810724699 619.5591196674329 550.137920912548 222.86364158329573 764.1286725391604 317.46232103633724 3083.265763794908 503.0694081148847 472.9097335129226 416.9303448738718 202.76482020551188 299.31685583572664 684.5244847055278 12742.608608864426 351.6840654063063 313.8699413472456 3170.7376892241527 2243.0105702695623 628.3319875308225 296.5591011699222 1753.6186144531675 1331.1096785914328 239.09037151031316 418.7613773877756 2161.435564121958 736.8101003515679 185.11177554248562 55.36529259290427 1469.4692634902053 224.38791433647546
112.30964780813787 65.70318980598087 494.4669284152993 855.1571264554168 22.368952870929352 482.9145950444186 2190.5659710901737 1050.1096076095241 27.03285524534941 25.09387009641042 5651.0886308493655 858.3168898669778 1278.0396723335448 114.8175907646217 440.7502644186343 312.3788010481766 159.85845847620516 2778.373476451109 216.02079444607145 111.53792964503106 29.829618890186993 559.0811620981691 526.2467155626936 247.4094573263693 653.2475554189739 174.25526004195314 4076.5039461502142 480.32811171181083 342.1381487744956 439.9188642584276 152.96700422861375 198.28979763969417 511.0210597561561 8534.89201796707 237.22720181624885 374.1503794332943 2591.612116894311 1900.108124693236 625.4397417443131 241.471429483103 1282.6370919219185 796.4000119270671 218.2873809045576 295.4480611541358 1943.2217463828079 547.0670889463452 142.80356371774388 40.43167665027571 896.8885018223564 173.17907130814154
217.78889566532104 87.79265228672239 726.856873763476 1596.6735020007836 31.32237551956846 630.109341917676 2461.01110156256 925.8868441850924 26.577094496486723 37.364770832083344 6351.543620885945 965.906149624333 1104.6998752478455 156.75468148113018 720.7403294129731 631.8562500965171 210.34904541563594 3250.0786707839175 211.3796290580831 259.058152260515 55.38064222263227 773.7358481553056 598.0075352480063 263.5340829554595 1201.9339759773502 374.65421643064514 5982.688460733133 620.8499299691697 697.0657681708899 396.3247666201655 233.78358003463018 405.20856121162416 834.889312582772 16279.10981773418 375.8190254969837 320.44626665439176 4607.8297281628975 2632.282443466298 730.4757662880934 387.9495219253823 1859.3138216765528 1264.7734554950184 368.4744209147335 601.5312495225879 2786.205982810013 1004.1763504107462 287.4893770778216 57.792144864073734 1967.0175823907182 273.8556452690922
191.50181340630107 65.17554884802101 814.2023066756115 1827.6832920078143 39.133736859237175 868.8339479647158 2610.9590942046834 1143.4684416490834 28.44342077122149 36.53332860192462 6721.5880695710985 1081.0307982003508 1427.0180635980387 152.97472578611934 676.3832292310861 486.2588911838619 342.80152694808015 3903.2056988118215 172.12189534571894 287.45252254006743 38.24899403859513 776.603119887485 449.3524963650398 258.4073000474087 1056.8126097036013 425.612263373352 5481.797546322376 798.0065936300135 608.5276871894114 652.2654888979116 259.7926468704088 367.01891706424277 873.6986994351696 13906.992629715442 342.96587473565285 525.0414379312466 5070.81740378637 2005.2857031942717 903.3231399181008 308.2110428268801 1584.3040972861431 1787.8876695204276 316.2226848998634 580.4997328904493 3104.0333859252305 817.3733062485209 293.10918828709 59.65005037455414 1536.4923656287976 227.9876191751968
139.0663986467256 81.67673492635028 676.7851315629006 1507.2476852285624 27.285305212520843 513.4808113429477 2714.828974030668 1174.493562094789 29.094247459301904 35.372388243327734 5272.536390271701 754.5195249797657 1508.7022692621895 132.07743035834153 502.216196661188 633.2869240749873 267.1924855048026 3292.682349966966 249.5018210443647 217.01081206055363 34.58369031478476 714.4717120861495 591.383870898577 367.32430718043355 792.3636213281991 313.63717932820947 4800.910982694347 537.4239851927828 412.8733564094875 585.2886381345072 227.36239781245547 352.692211140006 694.800899887833 14475.024750673438 310.2114996938114 505.6952600079317 3801.5392708404775 2501.7853255252544 718.0934381278473 258.0714442554188 2015.1440281549533 967.4641629037827 291.44743346928186 471.15952361057975 2117.166645970861 704.4064210118685 247.40157044295475 52.948356061632204 1595.867496817779 205.04711502546326
116.0753541295604 69.43350940203763 708.198679183862 1254.9643590093756 29.19809259696499 664.710319391288 1774.2574324867887 934.5582953323751 34.00379268668538 34.911306107780916 4282.820331321134 1079.6634057073343 1610.443774599066 152.1101687945291 613.9928446613416 656.8379002528444 210.8442681492407 2496.4629678976416 256.6603322314565 203.66830111911034 47.81355901123876 1010.2682664300571 667.9333276175049 420.89837537471084 726.8383824454116 232.65124611051425 3066.3838177739945 615.0675432726982 515.5968923111816 569.7412636462881 231.1902731870556 239.14165769000044 749.971698588828 13910.827125462483 293.8133143706433 363.7260988997503 3758.0319449798403 2273.594220203508 647.4980742819885 262.54984446473793 2046.4815822539824 728.1948482701691 336.906117017819 488.4212186059871 1974.1518511980453 589.4945375474298 299.33373146919456 54.355335672544555 1584.090923799497 154.24869753195637
121.54016262918441 81.999993388813 908.5007930401966 1300.3353327187365 34.68929085581699 610.7023050980769 2148.2994479306126 895.1775249130062 32.280821584189624 30.224564716204636 5534.750434078657 1048.8275991962853 1326.327516015438 143.59910506323945 588.7427565656915 616.7608487710354 236.88105894005886 3449.2938848351387 233.12695456021197 178.99949744277055 34.13418696151769 1002.8655907721239 532.1259948539499 353.0675092563629 807.6115000888191 328.46346064784575 4027.985163090312 509.03004461096367 376.25923820977414 445.05294880797254 223.77009797033946 254.54871676079807 777.0800984952494 13182.877288581374 325.0304097089695 418.2156642351425 4000.2772521358547 2565.940781568408 714.8780446833298 339.89699469099077 1793.12566384117 1267.0457982557712 330.5494954252286 513.8822656397153 2643.6056534318577 842.8622053955493 301.4267062469293 44.5634927438714 1611.9036329176915 190.06247479191154
168.8427805101522 99.1178794919755 751.9428380301401 1374.471277915381 18.484769540508136 657.254435577232 2732.535928120093 1060.5406826236806 45.22616591851402 35.61203458588826 4751.5477661201 951.292585319959 1220.1677483063631 179.109670464661 768.8688017483215 686.7880790774227 282.3968405915838 3799.63653125863 274.03987365197827 206.82433420125625 44.439465963564125 1015.6930102795329 589.5993296326423 321.97661608075566 858.0986095512098 351.44523157232464 5343.389078178498 573.8058525971655 497.49549552317563 559.5681160800412 322.12094903431864 370.5696197936389 739.4457446266582 9599.426975166187 333.81162022686334 319.9411195280773 4274.153701028368 2149.67645930431 957.5112340618934 361.8519447230835 2481.1614499873217 1323.1012396873718 345.8234207736594 556.1554467613347 2385.0217071417264 879.2886018552528 290.8892865721979 59.6133540487379 1376.349266440863 274.0301398113717
187.36712890383325 98.85708821961924 650.5920929149717 1342.4448080074617 34.21947983741545 635.2208797075622 2457.5162969444696 1194.9702624029076 29.69375752921207 33.39467491088308 6350.569032001536 916.46040029817 1879.391489194014 162.30097105441823 497.97512908786587 544.0394815291016 247.68996545741993 3024.915716945237 232.5589958482864 181.57636395390423 44.02253721183371 827.916510223271 600.733521572004 312.16130277041265 886.835867808492 316.8261129590579 4143.7137062155925 541.4668652629385 402.2405547233722 632.1883866518572 238.22691735169366 336.7928139102231 677.8771624890816 14443.398134754105 355.5028813618962 311.16379735893173 3729.6026923136924 2297.386683710305 842.0711916767104 437.90350312164554 1860.8898625200227 1133.1244681957226 245.75737916174043 680.5725460948379 2256.0644442946336 861.9350683466816 260.9961150806742 44.08374502417164 1475.4454350099902 236.23984538948744
122.95121594761262 86.2447806348429 754.9524105037219 1449.368397098241 36.584146570131175 491.05990202650776 2650.1627200309013 1178.2904861153856 33.00331941052179 29.57417277964785 5570.431366285237 970.218574097476 1922.437265678632 142.30980336048813 621.0655708247211 533.9922081737724 206.61417749595412 2627.8404710995633 254.6273834948947 223.9998205492499 35.96167497846094 874.4708211603185 551.7621470764501 263.04777909663864 758.3910437526458 299.8141865037377 5435.331248111733 482.5340668835608 424.26007930133807 549.3203172788662 211.9190618827784 354.5461414453003 692.5333770503537 11970.169382071299 292.28778384363466 350.51492453859873 3852.125736059301 1953.0476477617372 622.6499124406567 371.83906985143534 1392.1833077421502 1099.6025369774256 304.3321774544586 541.8129855214919 2123.0433138931344 821.8186588693702 221.29824757548974 39.58477191870178 1431.9460379505726 230.74938554252842
162.75315711576616 88.55493965330646 750.3259406556954 1528.1638134634472 28.512267892796977 565.7838217676897 1942.417241275954 1028.362541222968 28.942929209182367 40.7307679713197 5653.024603203652 1180.7261321086346 1531.1589982422392 171.61758598186262 685.4512511159128 498.3027973208358 226.58336822857044 4269.150870047347 252.8104187543435 248.72253321940917 32.48556622226338 965.2114577637781 591.4001905914873 305.3404572978834 729.8613910724256 351.58942950063295 4474.732346801343 536.0557242341182 452.534866540265 555.9849102917508 226.64510886809998 354.7085068803287 816.8612672307746 20165.7831371411 314.8388391061851 438.6103189724397 4294.07341236893 1941.8116373347173 809.1192032452487 230.65285325817123 1411.6907195647507 1346.3626584776 333.09837403573636 568.953122288583 2314.405550355716 502.18273979997656 220.40825993089646 61.47430592394181 1492.2844742192965 295.6835024907094
147.0495770790015 67.66951671740088 555.0211514047193 1100.9064355068642 22.729851629986896 576.5423905375515 838.6182999683224 767.7064013016219 27.99884553227479 30.639281511225597 4269.032261777506 544.0758255075214 1021.9502812358089 113.97516254065869 569.7040938334566 439.8145909522447 167.34087806472303 1674.4684204321086 270.74649374508914 141.89306320294287 24.821801394403586 611.967860820084 275.010972186162 112.3758025674323 512.3295124397797 248.64135793151226 2875.2123226714775 382.07408502106887 301.0598466493324 634.0350787348177 177.41162719534137 326.3708509109323 543.5541857577377 9898.64762443563 214.46645625482859 306.9222020840504 3436.2673654638006 1281.4707120835026 515.347995753757 272.9649644272158 1246.6410575175273 733.4522808696953 231.78677976190045 306.82048626786 1033.3227193758066 631.9458809423354 153.24997671889324 38.80001687227261 1137.1504131999752 175.52656603956117
214.99965189934338 107.02916186009169 883.404256998225 1777.7192420438064 40.71007705565296 808.6744771498072 2997.494232704325 962.9508818084098 42.58102762270298 38.32888388336498 6418.7005591109955 1144.7658507179058 1410.3379024529079 160.1318021936731 547.448135145543 655.46049512753 307.4907348977919 3676.493960626674 323.4708306924267 192.47618043211406 52.61406593728156 1012.1403040273187 772.8838741770976 376.33714996828866 1014.61373875862 437.3958737922033 4912.684489912786 724.2430000322495 544.838592303776 587.7823624150708 263.1804250190796 396.9930560509201 709.9675796139268 15907.720315359686 377.65675795664157 459.9370239405227 4478.614023932332 3304.760758499021 816.0213829408603 442.58752760291657 2323.481948342738 1492.4688727044581 347.0893258241131 687.8909490922435 2625.5050996357713 880.3515966671675 239.0495422009942 61.356814884689335 2109.364566129251 309.6452476119244
142.0641276072552 81.35656911457151 682.9017239999542 1343.2779700341703 30.413415759911565 468.2638947546186 1923.6771102212676 847.3045705097906 29.618856825521906 21.481461098845372 4309.199503986803 794.0425300619584 1528.1930366696436 140.39577527341865 497.8138528043253 601.5849257904475 180.3230029189732 3111.6628069065705 207.5666646684758 234.81766244107277 48.18775741361227 771.7137002140274 528.0749785610121 315.88467881493534 831.7882114851318 451.52491040841494 4513.582170368748 425.77895994672366 342.23377782660293 340.04309540263074 152.05249036768782 335.91873686967574 529.8620905232461 10399.748691969895 287.63619906927505 310.67137849644087 3715.423682928505 2126.5578198961616 739.1254102253588 228.53182351121063 1465.2399618859906 1197.5364598604338 266.54246569417376 534.8752186528723 2338.10699640368 720.4238362791884 211.83573173017058 48.560945914099676 981.4704754352754 198.54348596996357
172.29371504960577 79.88114407049306 581.7460640856079 1066.3103193662853 27.735882519010627 484.7770157555293 1729.319867435931 1138.058002472096 37.91370201455968 32.59224642314668 3979.9949308917194 821.4987759500265 1910.1338349732002 188.0537281624967 676.1524605682265 687.3937932111432 179.69540146501225 3344.9722769034856 255.60902202039688 165.6808114807614 40.955703490671574 685.0186917147953 564.9636230284043 396.51345205421245 960.7807106850042 437.154380781194 5344.960760060519 549.3757135127687 351.9026612802731 556.2510404402545 295.59330941999934 348.35720998780175 743.8235678144279 15102.939095514379 332.30087448385683 448.5084699896164 2954.6304024950364 2570.770712987174 782.3674884399435 435.09052830331007 1665.1010339132436 1076.112018771308 271.88304473848024 635.0701175236632 2422.905701043962 912.5426981114513 189.90759691126607 43.32723819330214 1366.3603257039242 258.64964779235686
94.96067602528386 76.76910287741678 620.8483229891407 1265.5616825103307 29.08504831600456 517.0170471585774 1771.954786375042 1143.1253228378846 23.901619270492684 19.520539703250023 3909.629771506056 919.7159022095448 1547.6347484627133 138.72166825264006 520.0998581637261 354.9142359776032 131.94739962837542 2738.047003618217 168.26915159989557 187.76108260498393 30.653610366941816 531.5191114700405 517.104499974841 232.23368821903742 624.8041029893334 350.35087707952704 3639.7353904711613 616.0541554795645 440.41940466965616 376.400920344711 253.3131301641455 385.86661732552 560.7700045066749 10558.566289783868 432.5001810160524 399.43184684117955 2557.2922252713447 2158.416384532609 730.9343339295109 247.10801169588441 1408.9022263646893 1027.4978149618696 291.60292359495105 537.3529577372964 1930.8376783200608 608.2116748583927 218.73850180289517 42.327732890616005 963.1721813656915 180.60425113899862
105.19513175381455 85.52753297086254 571.0624944508913 1451.4778701616447 26.534601593880787 563.910457396907 2542.6866811702857 916.2832651847621 30.017576760067005 33.967348320711714 5839.502184553505 713.1363067057423 1299.5592382641728 126.91313005264234 568.6313940469571 531.871969517386 207.73547899997652 3294.8684206727794 225.20338757142812 194.60164550073583 34.54981805972248 739.9629131238909 541.2231328563855 300.23336810623164 660.5658149401227 291.4637590197195 4268.5009172664895 434.27704738927633 487.39935180053016 442.0073517265836 215.1719014330812 351.42587548187737 552.3527002640241 14805.291854029143 318.6986242778902 398.431998027268 3580.8548495486975 2021.4372244230115 655.3132242269654 279.6532738750172 1992.5411140597218 1031.797455753171 290.42515609362465 537.6179599210462 1995.8401690068392 830.3477222530846 186.67498570118394 47.796704747274205 1425.8722476224023 217.58836226171644
132.12548181750114 91.28131940282942 669.7548232248027 1749.25838002928 28.98067891097493 596.4340300427859 2362.6820264585385 1188.3432446176857 43.73472737835103 38.59500225076585 5907.636928255979 1166.6158807678532 1091.1344315904194 186.12154843177362 660.0226530395166 459.07252259912815 242.5298144115488 2977.349715164517 295.1179596512376 185.8257456668012 54.3714254121309 1057.1869626969724 651.3321403141721 366.5520359300928 1000.7456078419523 282.5897990994106 5756.881424046277 714.7225386193928 407.58301303892483 508.01799489460984 222.91976446211916 337.1193670716801 883.2371582385547 14906.327687359428 275.0837024854451 377.6576397868632 4532.741632782904 2056.879394843812 881.1214435783106 300.5298547466674 1687.699722772838 1264.8973051475712 389.3195706128935 413.0541968495608 2282.4093144438802 617.0868535298256 259.363733016079 48.98130903786317 1705.4829210839403 246.28265189121086
175.58726535422716 70.52230518882521 620.8598070740795 1621.5875678578032 35.50030725343499 722.4135878076859 2781.460065495457 1125.8197464031682 29.82711596661453 37.27275372317306 5721.696756987796 832.2741938304018 1606.4144726241168 179.71206470637526 630.9065809186885 636.6661858686681 262.9079300971011 3672.394447811309 341.10599520147997 224.53479497522204 36.265112288911006 1072.0645778860912 660.1039182435023 308.9889586713116 784.4435082461134 368.25239617356516 5223.168255549451 551.7553117982183 655.7437603897283 522.5277849249369 229.76927991230133 299.83911519754014 738.1983102564027 14302.352727981506 383.3020276937789 377.0994449091359 3911.4486398359104 2647.953411966834 653.4840572843491 270.6048487181249 1587.953235021785 1444.838621583408 267.5367369587007 506.7390143320897 1933.835450327774 792.122982114943 221.78232173993536 53.06355795909353 1343.554311065318 279.47391782046566
127.29739116802466 88.14040404084027 639.1681540547851 1035.2021688748896 31.91833405484953 540.3150067320711 2745.7858858449968 1270.6497373936288 29.791993354003456 31.414919428231432 5523.9808856599475 923.8958280435352 1682.4628508098365 112.47297924858137 695.8565991491415 549.5809736858 251.58805192374305 2933.1113040027653 197.23580397049167 177.87695138219425 39.85466228120211 868.1390478359629 525.589320440896 277.8425476784027 829.4112911938805 339.3137203348475 4406.330347922602 642.7306554169473 538.3630437303202 480.0090061426593 220.42953824744018 385.20205978804046 630.1404107625518 13561.462595234882 325.1410763933641 333.97833897350125 2901.3279773960962 2318.6652297936125 652.4352036225332 370.68277314185485 1584.9074371358915 1084.243927277117 273.0600925315274 599.2695540369473 2335.191500957042 672.9175823237375 214.1689559953181 51.096277872940796 1406.618242299844 235.31550820814397
147.45844117819843 84.57914177302452 700.658778017244 1076.2885296780669 27.658798981279617 489.6985449897754 2105.7179413750896 924.8809518769408 35.0428355687462 32.78282237292297 4921.418716646075 843.9630344338518 1464.491905803869 141.79287782396742 540.8583955040676 555.3198638123504 210.73524919378264 2702.664752768039 210.399370712707 194.54959237919786 29.445241941345945 892.4777919702628 540.5650139635088 310.04500863596877 649.3901890181929 288.7984530239445 3941.6589004966277 569.1166627687606 376.0738239987864 410.8406303384054 205.427553579503 277.89129514946933 638.5498817134117 11352.43351480773 353.982834631991 363.17382400888204 3361.944933693153 1687.0213371914606 592.5902438974383 375.9098641347019 1616.397107902308 1005.4687290995837 238.7147798925397 457.4610296118294 1884.0231171585383 623.6522839147322 167.07203000165248 44.29002152965746 1428.2616861964482 193.86468209211517
142.08420056153932 78.79297950509154 616.1085998504899 1421.3717787689711 39.0151791895289 692.4461853928939 1996.1848267804498 880.6052652444288 28.791614687433107 33.67180021249652 5374.314387726364 727.287232525746 1434.3578308161625 138.23199152161413 438.91389739751844 567.8565494318112 249.2256953527783 2315.7727334061856 254.19954881094486 176.67764196469776 35.822505471220595 755.8889585486708 589.1482894521431 345.84420729531575 760.9011569605458 244.7357674376254 4503.682105703364 629.8177434618611 432.18192167887565 443.3788627468666 250.12318161484566 342.0107048514875 804.6386747131788 13821.70456347328 306.46357707886307 325.85222582278936 2681.2726222995243 2429.2701676225265 627.9081479308936 336.70862375066366 1219.0984564413209 1003.8040966495713 232.78268066380147 468.51496124580916 2462.580792910351 751.9278482843744 243.8007027684308 57.379455733771984 1355.728768145812 227.36991033421157
150.28536388193848 102.01099847382734 721.666236621301 1487.5590867519093 32.704431703516775 650.3870565932839 2907.5248877979097 1502.0624830641666 41.96217075709471 45.76623835156078 6623.975665448473 1067.8705339120183 2130.630399404129 129.10111968601686 786.813032277389 616.8229695791667 291.4417218839923 3135.080947614161 294.7020788591715 265.93928545927724 44.03083783629504 1071.2237434458416 635.7478389597302 290.0823049707631 1013.1002304713381 352.5689146835981 5601.690060672046 614.1729878140324 560.2532999183844 719.0315611239424 206.72084252550903 318.2501649131512 850.1242801024509 13453.366835041656 380.8256179042565 458.12997621849024 3887.7557074392535 2724.4353469356015 679.206521678566 471.2199890023773 1964.614298611209 1396.201001872465 287.5104184202752 628.0685738120907 2733.047140387121 912.8990153527585 276.3470425728859 60.65286062106992 1496.260829950561 228.0703108142409
133.49731075425413 81.6921009568223 526.1912605660375 945.4366779628842 19.167898285044224 574.6687061283486 2185.7795698612827 1016.4421915974436 27.324966979424907 19.41262596868973 5542.8858876274635 886.4724638808135 1006.869266100546 64.91553057059518 451.49418679482005 328.2698648719395 181.19407683062803 2739.8870731838265 184.63023132693826 211.62972898030435 28.9863827611238 660.7268574935783 430.3014205716629 256.66967752405975 896.8554789835748 309.78840869096405 2146.0613169751705 540.7845519916955 429.445791753204 447.18492457304677 148.10975440965845 323.6741921206226 491.37389152561434 9654.374273577134 302.46355097776836 368.4227055685859 1691.9388949030322 2430.0810067154 487.9210459825955 331.02310231088177 1747.5699233121793 833.7857672559962 315.5925060991315 446.5451061386234 698.8966479660186 795.3840950750184 158.17089747534638 46.75846826446955 1032.1919950092806 254.36071183131148
106.3835806166681 77.96235572540715 587.0721339823701 1263.0531792290305 26.09112045706804 506.9385411355384 2240.7487015577613 910.0278125685827 29.645661224231937 28.24962122959585 4424.892919201394 1031.0612851518874 1343.002778648791 116.76768113489493 718.8754915897739 553.5651568023789 180.49961085467058 3443.7643664575944 246.7364844192527 105.37491690464876 25.209665437785304 829.4333695573472 433.78022218934996 237.69692899426389 540.8514574000495 401.9426036478143 4768.797339417231 551.4445962323946 650.3001038286682 364.4208980917564 189.84972241097958 317.334607984274 498.5578730348316 11929.173838786452 313.3524042526815 286.8486478782118 3496.486688666864 1761.3324211268425 403.77334192082026 238.97696172033275 1388.8518184306872 755.7596894743806 245.99719930860596 455.16714237365284 2423.738130825392 538.8920347527103 206.00576698805205 45.43079750658798 1116.4394900221027 195.11561465869252
127.26207675354175 72.09135040362716 535.9677604622672 1216.8889956636388 28.779270277443896 404.9716674698666 2484.093015893993 1057.6377115302676 32.97926193379439 31.51935955552847 4692.319691891852 678.5431337502304 1105.9541154113674 120.56185269519726 586.5808089426491 533.8334986303751 192.7153214236501 2615.0731579789344 233.81413230087236 183.2256463963324 40.791632295032684 686.3691998647349 430.68889076245824 323.8679957221099 801.9910928001268 262.1850226772971 4172.391464733463 529.6597714728141 440.17313561574787 443.85689264872354 163.1289198615615 292.65335391848765 746.0017443554456 13508.0075413682 367.2890900546348 352.8328401696765 3188.838969723315 1758.8215646003775 549.155776884335 322.95397301304416 1286.74610482883 881.0958708712217 241.9847515207069 519.3123420464503 2021.019380898628 687.6777856676024 172.40555769651928 47.35093485150649 1329.0187397387513 230.7690179582258
108.44794265832894 78.03539294745242 465.3349312369131 1245.8668531279063 25.957242041393553 331.9206451057649 1895.84660767677 888.1806505393174 28.648354149509068 25.013451851564163 3784.9158835831167 1026.6484626510205 755.319508331866 89.42219145228839 354.3958767691622 236.25802185780077 207.62169626140974 2394.434903556352 130.61296004183686 154.6685116148762 29.304093499719798 459.5262522026726 488.70714680183323 216.96597301136984 761.1736171182197 150.44376450607325 2275.3710113774414 422.1331998088409 308.6639856080441 284.3755038140787 180.5374653885893 247.34176213992237 340.59643236710065 9001.631935855094 225.68289676230768 274.64501288019824 2479.920748284839 2515.836666641551 630.074827054922 289.8789986525145 1199.2834489743525 771.2165702196039 224.85182774747213 357.63785521364036 2326.6541352329964 185.08080729810865 188.99187169893762 50.74984780205982 1290.6662561772591 246.34833632518513
142.04004653350398 122.42260245251656 986.9724168905552 1195.6703502873938 32.01174976776086 556.5781987369494 3003.3946636721566 1080.3099096810904 35.46203157171165 33.29645483572436 7360.931924307482 976.6692659277726 2404.9758275835757 221.25648507197235 588.7012095435571 584.8921570495113 293.81956867831906 3279.180312050655 268.4459562868325 187.69332471558096 34.490769204688355 893.3746095376722 705.0719337924178 431.92494035628715 1249.3830813000422 300.3532478891297 6224.22725380483 664.2394912151098 550.087165501176 604.0614087143131 334.11738730613314 325.2791276332232 1063.1242714317953 10494.770230639197 265.99817376412045 425.95964467064545 3779.5513634765134 2912.518971017766 939.3438203994248 359.87683704374103 2495.0787406795675 1155.2070803779989 313.9552780413809 622.4834866220281 2486.0437578730102 937.3197338805963 233.66538763752393 63.37889773305287 1887.54668043556 273.9958867711212
87.55916485050791 26.09015505674703 385.56383404206497 354.94639165127126 19.956170857499426 191.25520647524786 630.2004049614416 755.0416369351536 17.258749722967085 11.781996843653388 4988.092220098513 375.78811351073114 558.0872893184908 61.041540770985506 365.62923774598113 126.83097604284552 66.68009309559699 2117.6956611034525 127.63107720939277 71.80155984999733 23.627225619792153 371.7947449296923 360.27235127800884 153.487180711477 167.35569653989825 148.77683904051872 2579.9389963124477 85.37424252515791 158.624282088952 327.6446147948819 85.28940669250264 162.4347030748445 213.3492792256248 6900.16432942994 156.02014272838272 97.23629967293414 1458.9629860070481 592.8019252367205 154.73122825668935 221.40132464641692 199.29228331826891 100.97954968129795 99.73377098484309 361.9055923966769 1238.4550994522144 585.4370214663037 86.30502191068183 30.947647932246173 1245.4537932556455 111.29529678589861
188.61083456315455 107.59618904614078 784.0657624989369 1532.3124373757105 34.53704066059085 587.6456255886634 2793.9225377162948 1375.8313505899616 33.625899592757975 33.202323140550945 5966.248166005406 1157.794484556693 1560.0172643349454 127.22432556852941 732.0740317660769 549.8774299768905 264.73047505373944 3175.7783786300533 235.91063750081014 195.99819677262437 41.29915826014633 759.0251456719948 589.522970833596 368.99023208619644 943.5820613517435 333.6507701221823 4455.632764888516 676.7379369243209 510.88892994638223 542.407725672869 282.18356409559146 311.5307950662865 618.5596445725226 16615.36610576292 322.3304544154345 420.4449583892523 4116.029928865656 2020.386295713959 751.2953736505447 331.68981994607634 1897.024777887641 1339.1987931407157 294.0123840181581 449.14844283368274 2501.9713609562564 791.2169764170833 241.95565529889595 58.64626765188042 1522.3647143347634 237.62274323992503
123.73949320533511 99.0603703714929 646.0837351001618 1546.7328486485717 37.50327683204163 599.121491036152 3155.004282225368 1110.4385955641542 34.49864659853408 34.08306964951046 5171.205342624068 1182.553297694075 1920.1297205982805 129.24812712802932 899.639270770299 779.1317536181056 230.2195552415479 3306.4111607269174 255.1777905714377 173.7513755053286 35.034885479843695 874.6309094485953 704.3610120586094 318.67180939013747 858.9160681402805 332.9399887680754 4905.1517783476365 616.3483446248221 425.5532582834499 549.3130693287243 247.20647465387617 377.62322950821965 806.5181578019159 13342.97704121976 407.0195714704117 546.0751711937583 4213.328149890864 1917.106143052803 753.78179801239 402.60193289020805 2102.4091187037684 1415.9926254877325 282.9269692199215 453.82869627104463 2713.2421788850165 1134.7783590640486 170.53223956739143 53.70999750408624 1756.694626305506 218.69372407710432
161.86648941025592 74.04910151876302 580.7367100987783 1284.390037510187 26.394752004502905 561.9717409013742 2437.369942542202 1136.359129716891 28.03399936998498 32.902634094172925 7019.09882717334 769.464723549523 1364.2866345683408 123.2658999544692 511.7204127340063 554.8262030610972 230.0858609308386 3811.0379786032977 239.38725351636486 192.21290766637006 39.68435909314801 800.7028091776293 574.909413054699 248.70082189929695 717.3011022749208 295.6812820103491 4995.317544614285 544.0922741561603 513.6946902755851 455.8250236889262 302.2729033330221 312.3150349418803 750.1345098154351 8139.477857262872 377.67536235076176 346.0004156759472 3411.0521647369405 2479.749104241509 663.2017899302084 328.4049782335794 1764.1096904329772 1091.6709863352276 336.01519105567064 574.3142629957764 2475.534948354513 688.496865782382 236.1895262888229 49.47396723104969 1344.3398043084355 214.55463777055826
146.9187661779243 80.2067451843757 527.2760564214708 1141.4535168568586 38.027028494976584 514.2766041212545 2272.09143392135 744.908477844896 34.772865783636384 27.66271603078357 7881.844684424044 1035.489273910309 1295.744318749767 140.49896861365463 599.447899436503 405.65212973912804 224.38751248362564 3586.99948024869 273.3774133131291 239.23057215414062 42.88104427036348 870.9348246501885 763.8659859727294 268.87850885957516 629.6444733130953 424.1608950597661 3532.9679349889875 794.5927972668964 513.7459242344135 414.824082356299 183.3993655425239 340.07401496376895 727.8473945059629 11830.612816900517 361.1043648927158 352.0897065709038 4123.348125360841 2521.0538128830954 705.2188927011858 360.87258733433225 1428.229123088671 1112.957735769684 314.82579876429264 508.99119114175454 3092.113728721304 754.5944467371382 205.14750931816104 49.401216059842085 1533.0223324160947 192.50596426422447
167.98034398596718 60.58659776409213 717.8092650975104 1593.5098663710241 42.306358036376686 518.4945342352574 2653.955201014049 1140.1105829623789 28.88556916774371 36.38730117543752 7365.817623209749 1082.9170692652945 1135.7132323006313 133.81752801616898 492.800477725134 547.7833073491807 204.1468563367449 3598.9682774587372 292.9743258623581 176.76771638601093 40.56424069350544 1014.0181463661912 516.973919791368 349.9688124479064 1015.2937812636384 299.11089714413083 5259.11926190243 592.3338815030538 402.5307199972731 565.8847048782135 327.05622668981897 276.3550116338674 594.6847659294353 11669.423956495526 167.30543185563798 292.1075881161949 2990.2031097265076 1952.8998253716347 520.7925520146457 347.4929253561704 1572.541839444215 1060.2447892878774 254.96662887784873 451.3175038933919 2028.3169779461089 717.9832524549915 234.2004880201632 55.86718667228297 1595.150772088996 242.21224945625127
179.5677792414141 95.15415519251674 742.3490704326989 1452.9012851073298 33.05506288422909 603.1577335904664 2578.09985824388 1223.909017590721 36.39221764265739 36.01554835941935 6097.861524708696 988.5598769750346 1796.912467225316 170.57212667667676 669.2855937971342 592.0793612319817 254.3251339405596 3178.635771558942 286.0770513159665 238.77407649314225 45.54515419722597 811.5025602761325 693.4252344334941 340.0292786126521 708.5408632574 410.5978172279714 4919.996527164456 610.2231006393963 590.9019310599131 486.65529157760653 275.0495979790115 367.73445528251017 758.6478623301591 11201.34989285019 347.5583483465339 386.42851868006244 4466.529448695651 2486.868284998803 906.7598058900433 422.30392039197847 1613.0967928698974 1160.1330403319603 275.73351007049956 564.7637677108773 3182.061639501555 847.566751600566 226.01395694862657 59.38498338124457 1949.702891352773 260.6235723726263
173.0728763917476 81.65574728987761 409.2407604924065 1219.7777603174316 21.994337322705228 693.3360938733838 1651.8470077478062 1169.4125689978857 29.49411282804717 32.22404337635725 4624.8549485125 914.3566002508213 1109.1236320659448 122.84790184456261 754.0103781474974 310.3033008686683 259.81650749677203 3138.796392957084 231.57240447802653 209.99769928599838 41.14637441645523 681.7557210394789 618.8198783387176 329.5024097469129 855.7004328640577 437.45253494371394 3134.671697956679 542.4306097249972 536.4271390257613 397.50514317130427 269.5075832739068 419.6726462213779 839.6995857152749 13729.70098682596 404.52946613795285 339.65274027211285 3707.9913109613703 2056.892991994241 670.7105042602957 333.99632893433807 2121.644164954619 1138.280394748747 316.2539341119175 561.8525880486696 1965.998237485407 836.219477497952 237.29966451741586 40.01572844821744 1246.9134247058566 199.78766505346383
143.18204700448746 66.07524983174963 470.837306928713 1175.7978269477057 27.38343929966958 527.4021951705338 1801.2968457062284 776.4590965462602 32.9139863507828 29.57985488389277 4872.754473032587 675.2188249124385 1150.455541792422 131.01554019815654 607.2315805263893 430.1906965013107 188.99865988228507 2070.5187558497405 239.95792626966556 177.00857097206458 36.26204670919659 571.0521721639444 602.7598440696718 219.56540016712478 654.7309917717715 321.0602237610412 4353.408469352221 373.436617718284 448.0248979252679 368.0868609616378 232.17445219890712 221.66296577466858 350.1679630532666 11516.585625306305 306.47618435672643 332.5299071063125 3136.459015721449 1424.8030942563582 409.5849634618753 272.88943117867746 1222.4749629941025 1021.2414102208206 278.3182454361778 421.1063159431282 1846.242545830646 548.6914073739111 165.12935971904952 40.566403208119375 1153.5348542365375 201.21389026994342
141.58726268084783 86.54353894030656 696.2080872274034 1518.614199471338 19.778336850615283 395.75056632196413 1745.819165070858 1205.4665764278184 19.51506969059072 37.12139642446265 5316.382454234004 961.3553686186017 1469.8584022932423 151.08999303228086 639.2419666067645 492.9899821123415 203.8608982182047 2836.304149876424 162.285270364352 201.78075836224218 37.99589894109136 535.2423211203588 638.1767043182153 308.3388815505163 824.768510867818 354.4013492649412 3582.6532802829165 466.3527691736906 387.2193688284493 361.10210434957537 211.5016351243724 328.78570956830725 659.3022347445128 14964.485842982924 312.8883326175153 235.56054381204356 3439.2475032804205 1944.6446966439735 614.0757146807252 273.31549353289967 1545.3056931787735 601.1380032521313 265.10800135833523 383.05869212889934 1467.580751908706 666.6875651353889 207.92615225883418 55.067085291623755 1068.8636642364927 144.5381251728155
118.41343169875826 47.152383789725526 385.3422547865183 352.24780667638447 17.281767749592372 398.4042450880215 746.239847029991 703.0930287820659 12.516799288689437 16.317498043540425 2166.838958906903 845.5306937735915 838.476461702885 116.29383711791664 448.48242957582374 292.39947240097894 148.24074453209988 2131.573036052787 115.24715201427242 114.24329476070997 5.50758526887037 589.3976388905905 521.3282316448701 261.3472555655038 434.3261179249184 212.35025260034342 2010.4226417003006 252.5725046343202 451.7004811659401 390.0778709213838 123.65848285637809 184.94015655068546 638.038313935732 12918.63543333561 172.42690427899623 193.80923761562588 1974.3132144061178 872.0777123910973 152.12833514813917 283.19538004245555 1062.3360713370485 586.5610266726591 139.92792338344054 400.7133571642945 1416.9191540403483 420.1754425224542 86.74815372499161 18.375665564346562 894.5768136211204 177.76276330453402
129.39594220337906 92.94403691702765 682.5014104209995 1513.2777946182944 28.27015299200167 528.0002448209312 2257.907634156921 1164.5657842934122 29.471342455252366 33.89848752575759 5521.293332079826 890.7262030264749 1736.9101378400385 123.646436501033 587.7094241087212 669.9758643724299 247.74979070331818 3473.5902496272556 235.31901088620612 188.19579917864615 53.076932514095134 850.6352176387227 626.9637705226845 319.9658915945529 907.9057939224448 383.12723154373356 5145.358942799127 556.0096100936634 495.3936918777639 546.1543418471443 287.0714145890834 342.234606234131 708.6366845855656 12453.00789212206 352.60226230563296 410.03325552370717 3778.513877274935 2069.700622422849 719.8277937712768 324.5984170914621 1953.290711561946 1265.2867351804816 292.2134884838729 531.9889590692352 2195.3623645230305 885.9323290202774 226.84254665251746 50.72857042879519 1557.923852695766 227.49244153974468
135.8164637120834 76.09468820132628 742.0029773308348 1383.9058802950026 28.738104202582548 503.9157299906878 2545.3670657816374 1046.9607467052424 29.537831575092373 28.514527327974584 5308.44908696209 980.1698743760928 1200.8871458643298 149.22693779547174 573.2726014859155 502.0868309612443 263.8015347683187 2555.289341325198 292.2418488424468 173.45614281256215 40.08885332341519 684.7306886970352 636.3027010305123 351.7817882133323 721.7328954327974 304.36805266027113 3365.760094217458 547.9156777688712 543.5311139495193 519.5405391663718 250.12236639425373 359.8401491857235 660.5072697481518 11921.611930638575 299.2245031592636 403.53133370097066 2647.2241862350693 2213.8942510231 603.2780320475405 285.1447321229724 1754.304274203791 1172.4997961646777 285.07555128886463 572.9282561299017 2360.1078420229555 588.6219366860926 254.04836271341946 54.02911222439514 1402.0841974747264 184.75200389977817
174.03594212125276 70.63276073872711 618.9608656731709 1655.7239728559625 30.598776924507877 608.1793823381847 2505.761609635578 1247.8827866696633 27.625883346839185 28.565747985507727 4457.8262359379405 839.5362588837038 1673.5034467629596 146.7904687024616 609.0736285327988 545.8071894190289 262.21932698492924 2791.780363066499 199.59655131983305 157.60051905447372 40.34145785986913 1049.3626799323738 764.0584200388289 304.94231809667167 682.7436561129781 341.43720799769267 3110.0133621926147 507.7474267151505 499.95580012040847 394.0027941248647 300.97350119310164 323.09836754865603 448.49666920795545 15170.66705530849 326.4891246902409 442.6466113916335 3096.517520998548 2479.454541347809 792.4809965878267 327.06644171635844 1565.7232405301415 1047.2347435115307 279.8100258208551 416.26907703127773 1970.909335998504 836.8753028279049 223.10049910024287 39.748931021470256 1448.0935058235943 229.52390398796567
181.81369676007623 99.19621756629584 631.4520033595353 1756.5471390824073 29.112530690082096 602.889651145896 2504.8828953650604 1395.6502910750382 40.89110779627667 33.51388672048107 7653.553605785941 1261.8142905130658 1978.5374532532128 195.0698444169161 695.3400547474508 736.9667462036846 271.4298976139711 3150.0300360258166 267.49975339453374 286.2225445593851 40.553450848083045 988.1886409818057 517.821493453548 283.82512707472864 675.9873356638216 429.5633675545026 4895.095179981729 681.7987060232801 366.3143608253409 522.9550141554018 284.07547486629323 346.8352191480555 915.8456158456686 16092.449843799142 356.33304906538166 433.76395447498305 4803.381287142491 1997.9302821841266 980.3756775360418 411.7290100103593 1912.2844302081817 1154.886202803179 261.1266534406585 691.778905974061 2746.507439819816 924.4715449456936 204.97180494090935 48.15623200692643 1873.0400624012375 276.23389676496936
106.9595392711141 65.45672334986895 574.6765845439883 1241.304646544453 33.14276746690675 593.3652359421457 1571.4476478353238 1000.6291381379729 21.883097432271477 25.60991550807924 5145.262949470451 643.2915673316367 931.5088396703768 123.1876151640595 421.4227337867495 341.8414921461782 184.32159448482918 2778.445085295935 240.94461258137957 119.05189132293305 26.906949666958166 514.8058772310546 363.6476899098843 272.53355824377525 624.6700385948044 224.29289095970873 3264.4007161479794 545.7072932243574 288.46895113577307 368.01106664338954 119.33619080939447 232.04219805608457 606.0202917863096 9231.552273356123 229.54899842555454 354.47008250844675 3322.9017732593297 1440.6885945709423 405.653573115151 312.2300029597765 1109.0142889587894 801.0391346109052 220.85141329273017 373.2706233122776 1945.7214971384071 637.9292311628694 127.77989496299016 28.85453338425959 1438.123977303424 194.3110678680162
160.77681198562317 106.49724329633014 718.7942429104104 1302.4422432669733 35.4597155260695 576.9770674893979 1793.5886681817476 1135.3383997168612 40.286640950795025 26.28409370820809 5846.092625159101 964.5952930569989 1891.9650653424762 141.75531087662887 636.2427539678777 626.6176925604916 268.5158304972512 2883.4241804698627 247.84369239848633 229.47143227993362 39.175892683510554 831.666313406172 545.1027687461717 307.15685531879006 804.772520845276 375.19910740570384 4209.619956633044 492.77347818310506 459.1017731645524 512.1487908459009 232.80619364719126 365.50643965086607 834.8850814573083 13180.415193083472 282.44050108519474 499.75727623761225 4301.755149455856 2185.548835255442 647.7105214597051 257.49520697088786 1585.9274913067677 1360.998802752252 283.4485744830732 491.16196984363296 3067.524268051639 774.8240542130728 238.01342992401956 57.93768629115676 1509.548327948829 200.74253042451508
173.24485171620762 114.21127470700421 888.7201590967506 1776.861168810357 41.26913447310283 559.5601414640065 2936.470394962848 1273.589380482355 41.28663819892421 56.81564889056873 6596.6140472496045 1119.9405559839565 1245.3104983302012 178.52346423353728 716.9014801713707 631.5926258715889 244.57722163650146 3253.962186454744 300.2537253076439 252.5008928845892 55.2216242411564 1080.6958435002846 684.8232257641376 338.5863951965613 1273.0507779410336 378.09156519307805 4515.564883576656 611.1486730508759 608.6403796402225 720.2894975498939 272.79809053642873 330.774663721219 769.5352440103914 14686.568701744993 355.1072309719919 487.80258606404345 4485.620407161987 2549.38567232833 798.8409977063869 279.6262607557304 2092.3788813844353 1255.8220545075174 355.4125807075024 636.5146993081257 2410.4882751849773 684.0218663203598 199.25174008096877 54.60949059930138 1896.8989968678916 224.9651087527418
139.94893347937764 92.42685935696028 777.7492704585278 1987.362141544461 35.42101185972189 662.914870876902 2440.844122050496 1110.931287322332 34.10878925539629 35.1659910430656 7093.168213792755 1012.1903799465447 1827.5806730539152 145.24894447657798 569.4740678143237 620.1621274296505 255.0427357668558 2497.244403572178 248.59781823101343 196.02056529134563 45.70188591041793 866.4763769512264 744.8903311789912 294.24322545234656 1124.8722558591485 425.4797802728289 5485.4457533361865 566.7486015025922 391.2986167809558 566.8352613382966 259.62932479925485 283.8507715348248 713.0730420789157 14630.732562073568 356.050154153105 421.08984411218574 4077.5483759211356 2360.7753054941422 718.9367437537126 379.02599930044187 1985.2179410945046 1129.576744560361 237.5521412512788 551.0740447957511 2705.7511142562707 920.4995651665354 264.85991968190655 55.62689828487572 1734.9286971304105 286.8779313731685
180.4400126649856 84.15835483403089 674.4396808782307 1646.615749316346 26.66617290385625 541.6108062369444 2375.0589532383815 981.9193568525379 30.488011285833597 30.68015388227425 5502.48152237873 779.2583145266235 1791.3678909400546 170.0341801429292 672.8704448401771 708.3963948416344 240.67009411156113 3014.176823188558 298.2874774780247 200.13530704629542 43.903309676068126 857.12059928064 544.7704875357765 321.4925662855828 786.3045402734623 335.4811198610044 3791.227460395499 542.6177026880669 481.08772401942247 546.9717244991238 242.17027553471786 302.2174583800295 694.9615616143369 13411.247929750443 322.331410664196 407.7345979210216 3017.2379389642288 2359.5030670868227 639.5994382322568 342.78566290625247 1933.794094061875 951.7316499203592 318.8158465259487 384.66552750598265 2035.4351282754503 550.5723821457325 192.50884042532937 57.62608036350879 1313.1278066268023 255.14346783122238
184.74558102583694 109.10470493856565 665.6428551632835 1634.827609724895 36.41095895294868 689.8007212463565 3108.934900238552 1537.1340202775496 39.99997000008299 41.145767724646596 6655.329466393265 994.3656292485641 1826.1551062493575 177.7145618183144 744.0722936669883 742.6259383024924 270.2148618786457 3439.750950066812 309.2278798519464 200.88066456035634 44.37159985267771 839.7401705100691 585.4374356185924 404.2016148266065 962.4381339830884 477.5296251660983 5567.25661676307 615.4382673956577 688.9319055773766 485.149904526513 308.7016291740755 344.75435700296174 839.1815447166498 15770.58675279104 383.83816014970984 410.88065875165637 4370.68203261031 2653.147139260665 800.2251594464913 423.2201760346893 2251.2615103143157 1232.844538758808 305.7594085323217 608.6303241858378 2849.960457084545 798.7604354854159 242.02321885801695 70.62485583217567 1810.9616212488772 280.0812286090311
141.2465183884784 68.60384389908592 708.0598822151329 1079.9423905783192 34.62010612347172 616.4302676301581 2788.200486755272 688.1638027900991 31.130629444834998 36.759954956275166 4789.034406251722 929.1921337416901 1659.3813830313507 123.7090237505992 470.1427057882862 435.1279322344478 219.52489875592826 3082.584544470019 289.22485972651856 185.09590067540765 33.51632647156714 774.2394076844695 471.4516840677367 328.8078218793737 544.1811006189175 311.7896408135259 3558.040461722446 603.5908929594738 454.0131354089781 431.4591949570429 172.76813678284546 338.1389694790569 720.1252751356734 13486.29350379089 305.6535466774952 315.5789861002637 2999.51553940307 1777.6381922667501 650.380651304301 379.6545331158199 1986.693248120288 1213.229107513388 231.29559848461082 477.9736420704302 2140.859790210062 466.4365545896356 246.64674870983887 56.756857502287 1506.7118334334957 232.49037585829208
124.03509576963971 84.46617615897077 757.4846052730676 1419.6694900173432 27.636026559706462 597.443563850376 2208.534133795866 892.4058599215494 40.9516087820215 35.78936915056885 1795.311103965949 1054.908034006451 1388.3224582844202 140.44039761582334 573.9414258175464 493.2521496751289 257.77855198237035 1660.0353095218409 173.09814719230428 231.83553006057826 36.595162752415526 647.0245299606969 406.9599172501226 337.54530102192496 660.1864038623617 293.6840224421157 4670.777051231312 500.9290609992039 444.049654608559 424.36937328334744 163.5063287273118 211.7147057660985 679.8979011094209 12084.019653666232 262.22004104576075 390.70382053002504 3708.3814964590347 2136.72561012687 634.4388138456899 269.86597665074106 2042.8429811127992 907.0585408868005 291.0356787875368 426.095353623706 2782.6611811352477 772.8621063572301 248.1721368708947 41.03653809226129 1273.3240950523484 234.2243903663194
86.48721116168275 84.94130282393662 654.0236402547247 1699.8227353329205 27.247597771853563 693.2485713723454 1757.251637375047 1211.8862793382746 32.23094331151088 23.617254307269 4676.71806128375 952.5717991896613 1474.8957646943222 181.5144102379155 629.3141150507536 573.5295346171612 306.7928957811664 3803.784722310351 295.2328186256936 161.07207834664874 50.28195300905483 900.7502297526116 616.1817353053552 292.37644109560586 697.4625095539449 282.01480327299606 4604.515532311316 438.0359839439566 551.0978868228068 537.8630653582662 249.22848045460034 352.8731103684335 787.1516191384643 14313.453248047199 408.3932151758737 428.00549079699516 3652.1063901933057 2609.4695311015666 652.0952006967722 358.4181569918614 2124.8582712076673 1189.3513127154808 251.63521230611997 551.642123512376 2613.6055203857522 759.3238072080946 280.3982246688403 70.60304232230082 1515.0693832364266 258.73205243814175
136.1360067844314 84.64854682440385 716.5235583664751 1632.4457234312788 38.256252391118686 585.963784955372 2305.7563752646265 979.9927078487206 32.050758756167966 40.094708753740825 6756.805812203487 1169.9793506837464 1387.5898480500857 175.3809885022834 624.1055875093637 666.3924331829368 254.45014247190107 3511.8783449508246 243.0617446298228 168.51770907755537 42.519217434581655 1011.1931504942538 646.203459915506 286.6742592537358 730.4774667059954 419.6251347870472 4128.845947718024 578.6794858683794 461.49347297851307 639.0049039182458 246.8034781655838 316.3473483665023 684.1335049651066 15927.557483212411 385.72189442313925 458.2420879288015 3922.5531099938526 2922.6457201284993 776.9037644466947 394.5740553363282 2027.7799522300327 1389.920234158663 352.7416093501502 594.616058482026 2302.0623053411673 641.8557882895427 205.92124154723888 57.90810849845988 1386.1772265413233 310.697121974883
152.66552092673527 81.9133569992251 696.9839670634304 1329.1235713363685 29.82981710899471 704.3846709289325 2292.2651848425135 1076.0024143169292 28.919794826323677 34.81490728919893 6797.582572873123 900.9676480107348 1611.5956125797024 120.11715454738157 718.342496283733 656.8436485946879 281.70810323590143 3989.148748755232 239.22120238718753 226.3468217427811 36.164839069934985 743.987218989647 614.3759900538288 184.7135302173456 887.5186389299963 336.55690266865196 4797.198516717729 659.5027395967586 532.1801864886045 591.2227801592317 268.23447142931064 343.97287517194655 696.1648717111511 17088.71266784024 344.06555076687823 302.4195246441096 4735.430132672174 3171.1166265824345 708.1196125024956 312.11846312090523 2281.2765652617986 1411.8730573789333 270.22075433013407 563.2987459387481 2665.011680778433 686.721685974576 223.96525320426895 42.83707797591363 1917.3095355664861 205.27847735811386
131.58103583435525 81.36419209428546 727.6558096208222 1240.0265275751408 32.40842776541249 618.3224490248717 2235.230359757966 1061.9014925739964 40.09742487994117 29.932238212233383 4971.088587292931 922.807096545967 1406.7509561415761 134.09519046034146 557.3091361228045 537.3260878988998 226.68934497246806 2732.451768432374 236.38745771146625 194.332871260425 39.76981350501042 724.9453447253128 472.81211197279544 320.94121722815163 879.0596665223652 335.67573657183704 4886.992006057054 489.82660591774123 501.65108777746207 633.8921349932575 175.56315408351318 274.2099881826049 705.1873207573138 14157.310101145618 289.68826100783815 316.9095372370056 3497.349432409677 2375.181143130532 799.9003604563007 324.575953315953 1745.9985535637238 994.1819928604275 260.75723983677375 533.8135133097738 2126.724844077851 724.5864776993552 233.12596266504715 56.65372220681341 1419.3155386329122 193.06013244354585
159.06317677473263 106.78915145114567 728.9274360480872 1449.3209261417267 21.015642065392196 583.4726008287619 1898.9420964726467 1296.1170363775946 26.103631583682947 50.94595399674101 5707.618235331708 927.4511666415169 1163.1510436943815 159.82067781985666 721.7543588322269 428.17775215573045 224.0185339332793 2253.325785328852 326.91375154856047 172.46682111726153 41.93566477293671 1000.3294124687393 602.7449892816713 255.34348755464273 794.8524302833491 354.43844337480925 2567.7105075000954 591.9427416379094 419.4042466022066 666.1733501461136 234.59085694264155 343.2959530743428 779.0459782627162 13946.347565632885 290.27019366963253 373.73677948192875 3984.3384188491464 1911.6371940254578 831.4720622167865 347.26552479445013 1879.3915664339074 826.0479730838746 218.3935831028337 537.4265186151592 2917.9359414398964 740.408869643874 218.25215600595607 32.00569913873126 1393.5260787375146 240.4473141368974
142.57146462151562 50.43602591865752 728.8167635526147 970.0994701331185 30.09515330784884 507.6699731067821 2139.1123565040957 891.8434767902785 37.550589598427464 37.959407289132194 5169.610506992777 815.8813677580314 1216.0816217259594 193.98984683611312 599.2848228496698 591.7172516931761 189.61280261912657 2644.839044346904 253.34588417403393 170.00827899438022 37.31898694373983 1001.3604901455004 516.5811911114843 276.97716676255754 787.0621109752705 452.2990419564022 3935.928086782916 891.4609900922374 478.0770408042403 435.90992916408527 260.99743951621326 227.0736057236712 833.6245290460461 16156.1095082892 240.15750584725922 336.1724047509095 3688.3014060493956 2726.1250242648243 911.4851251801525 358.9509838081699 1556.8848143266807 1029.1014065112704 224.72901093039573 519.8993419251088 1798.2629263980823 1120.6039890542436 208.4599682594636 60.67214323764838 1358.281640799619 215.5549536805297
152.52918006554637 73.44675732549204 688.6874780388052 1469.5444445970281 31.082224152387536 513.8851139563362 1806.418182658145 1178.107583777154 21.09923696774317 28.753208031921606 3242.7789187223116 702.7092739735878 1305.4525652679713 124.96618572128634 452.0528746082663 482.95290124233713 222.371697037749 2767.5334770898544 320.8719786424942 198.79686069329273 25.428830689031773 596.3091241621488 525.4335912077283 325.55053938231725 655.9235055331126 436.5769757691445 5015.855688649605 427.13164403595664 292.82208971583754 584.3591076991177 196.08625751115645 236.44019284422745 546.8068220308772 10806.85579408737 299.915302092435 261.87817536129984 2647.4103198674757 1773.5050622531166 766.0988065542979 231.0034465687209 1581.56514682302 893.9494064082729 224.70368247889496 409.2643274485548 1642.3533761756626 602.3123067316264 170.1872900511899 58.8562659740364 1179.9774552835079 154.21730791577272
158.71468895224768 94.7325969843684 716.1811397139113 2081.2474095935854 41.21242490755532 705.606494895671 2359.420961393759 972.2676441233832 32.235118801254266 29.671243949889885 5929.404014087177 956.3977204695607 1525.9924553022345 142.65280969583458 721.4131428179516 630.579195984113 157.18506570827023 3196.487563631168 286.0552996267967 233.03448555257444 43.4933343958046 966.8805497625964 635.0750418552464 356.58894719479247 1214.2716339439542 356.8390294137488 6443.662646042738 816.5320426966927 491.0806919152758 553.9160951560273 233.71623946917362 445.44031141797194 769.1050407720297 11286.173740518841 407.58519186086414 438.7711200402327 4266.656697109355 2840.139304617646 868.2368683314585 313.7310164964618 2485.920478156467 897.5169200524919 343.30199398573745 523.9899092201174 2400.3906023969907 785.0176765448376 262.22281527057123 47.790062542862245 1709.1303525851372 215.4474179798403
120.81650354081484 84.13144613445644 447.18440738812336 1676.7569489531347 21.425629525638364 422.36095933799606 2416.745988029531 783.7151864138771 28.724426784804294 30.614213143718914 5271.015962108273 795.1822643232094 1202.2399192167113 138.84311807851765 640.4510248510442 552.9674366677418 201.3190463307584 3485.364211354086 226.11221178643123 156.72924721272454 30.83735740747203 764.9501080482746 441.6500370674858 247.81118498546525 663.3575846073916 335.5725182662672 2723.0733034547657 606.403734015698 471.27475206551804 305.37776014283145 251.86794184951953 265.07575018405646 547.6652817279145 11916.29462219758 355.5124986137944 343.04952169658014 2591.7135718565196 1936.6591731761494 308.8663588309916 322.7812041260876 1903.2787904913896 897.7780855966924 239.25163679150643 504.41004001259535 2264.768772139666 535.1727372053987 145.41044590112026 53.91778780392489 1532.025780342863 149.33663995182738
141.04877451209643 91.38118809981863 564.0583209208734 1600.6088980496356 27.125265416215285 507.32932738815373 2917.5712709578343 1151.0439423603868 36.22540812438421 31.482349905817397 6776.444665518591 862.4475314102707 1559.3162766358066 153.71267676248885 457.59589201180603 460.09608225341896 234.97723037358978 3478.4578955190673 258.69707325059113 219.33352649808975 39.52655837428701 718.0456008484693 499.59032646488606 315.2347211738571 1005.0961911405925 329.6362551548397 4999.940568208913 720.7759385097651 488.77867758902465 590.2344503138544 290.21414809130505 369.44736882093224 652.926848917177 15722.126939344604 368.889807364051 409.2775474657508 4371.4020207113845 2140.3380741752003 781.695137542225 465.01260908891595 1834.4397866112208 1301.4763804071877 319.0933657786551 568.928825510937 2618.2873849006264 951.5197623423072 231.68414844752235 50.5823197149875 1448.089210500202 236.11337427584414
148.5090656139439 115.86610905210942 823.8933478588789 1392.0866250510437 26.427019448786915 560.3505379277427 2560.4896311810426 1031.1745670255355 38.07513154031924 37.036857475149006 6434.570065815574 856.8780593741077 1383.0413094858989 154.8238059226924 754.667257757294 587.0436161121338 217.31171145279922 3391.873938271529 241.38133015655708 202.54494461459004 31.338531039560806 710.2225602205206 555.0555117973669 330.70165851015884 714.590628873868 246.3700665255985 3455.6256857161156 634.6420791812617 431.72239884985026 481.49651053310873 235.58796866989334 413.2701889153524 696.0946512004721 11291.47064218622 282.9775038378782 404.06346854515897 3831.7394013958133 2149.6454382540574 695.4349330992434 347.554949977894 1377.7119146691991 854.6698918325089 271.169128063949 510.70444716814814 2623.338060417926 663.8025734074927 204.68278547816328 28.909567949581756 1953.3520376046654 220.500430617139
129.94774461141841 79.62485222650082 549.7009598116664 1213.9829502530538 29.5436755337285 356.6211012271578 1430.7916439133994 835.2810713627885 24.64214739029117 30.84501050403663 4791.030947115941 940.3449812021738 1308.7958674650836 126.43504259579952 509.583884755521 486.52395900441115 201.22277771495257 2547.993052804307 196.0705824937579 153.15956645700817 36.20120164267495 758.459480107298 423.4486032661859 295.2114333613695 569.5183681300291 286.4100913242447 3610.9817317050197 551.3523351644217 365.90235384487136 513.7125828000073 205.7676886040875 203.64604597135022 603.7100377736178 7054.990709590864 297.38699411172445 181.5875412038836 3211.079792804709 1687.444371778678 613.3978449031343 238.76831600051045 1326.4965581562183 1222.5530313764905 224.35704312369955 364.7173257992297 2139.9032854558277 654.4374629755254 182.02373660552263 38.44934300792864 1434.2149093845112 195.0175842226181
123.54833882120181 99.55027560329384 813.8091831112577 1344.5225310767378 30.54768604903543 693.8037658596579 2621.1627249355865 1157.6916953933169 32.996978159521284 37.387666528765635 5291.718133036104 1072.0633406985276 1707.1126929078885 162.23863024989623 698.9855956512419 651.972642601869 258.8039070033968 3227.001058634976 287.5263573637997 245.58025067992696 45.101741951147304 988.1886767686174 642.0274396031347 331.4204978720819 944.03908279605 441.1535869547908 5070.49164476636 749.2503649280764 374.62652308798823 578.1419316302026 287.2631038573441 420.8787196636261 759.7560003983242 17054.79559141434 384.89575399175146 427.3867647690574 3685.560757838631 2558.55050807275 603.8662545473967 355.3836810543541 1658.0198754543947 1135.6440232568266 326.10234587857053 529.049824120768 1925.0300789638807 752.505940861005 251.9751548746839 57.64921203957628 1423.3866224890344 276.8340654457851
156.22609244087428 90.36389500851297 708.9363355733576 1861.489245086906 36.36642797434148 567.2664776688264 2809.7351543381246 968.1224655889652 34.1259551867374 48.44004397710745 7373.387047852686 924.1021404659914 1379.228528360542 143.01293929598367 763.2625403123122 709.4072443761778 255.16310868353804 3323.4427319353163 264.6215207579631 215.89523564927694 56.39887630398657 1059.4766633192235 569.905133920401 382.73315138048855 1032.0513186543726 355.1357369827675 5334.767952555192 679.1110699696954 504.79945974569904 558.5772075568137 282.1459465793718 439.35232808634584 576.0298987172695 13109.843835044638 405.3979768981599 491.79699895406526 4379.142063836245 2994.644710001548 900.5593395878984 373.0866362221877 2086.798410472286 1059.7070012604531 293.9720538016424 421.5014306100145 2562.296061267408 933.677786036513 297.46636346694174 65.01554997292546 1869.7432775959714 274.22658282579584
167.39433006725264 111.24518560477897 631.7383213768487 1517.1964876580275 29.99951285900848 627.581519357705 2597.5806136548485 1140.6853923952701 40.84023381148135 29.947387468265887 6600.830117645579 1071.1872758601567 1702.0643235509297 162.94729994023362 683.0308364499447 840.1336746319131 284.2484355979795 3663.094706417752 374.2444086785664 180.4710282625317 47.54630466007025 819.2957189312012 602.6226080999261 367.321188190579 894.1902348049064 434.79184197046243 5158.593865984928 739.0113646906855 616.4767700946229 587.0156775218474 259.666804170871 454.1021438149817 935.3886618310398 13906.78417633924 374.3976428415407 466.9086256075193 4411.047031019726 2625.9681889613194 762.3148803884753 382.2692751941102 1852.7899989403425 1335.3854495208743 320.11452678455447 573.8837499813792 3054.212243939432 1000.9925523893002 302.62544527787816 50.953217595006564 1755.0927813853596 222.74549010089265
105.59587739268058 90.78252867739197 881.3142522701543 806.8708415983878 19.465314547387383 587.6802359686533 2084.8172025926424 364.727959220495 31.265456868907542 23.795136396852502 4574.758484198399 714.6723327606959 1254.8598640760804 80.78124651746705 764.9108815950153 442.39214396438956 224.53564120027943 2138.4877299813415 255.04781182884668 125.73578608162981 47.278352850391876 740.9457581071863 505.3877434229157 280.10550560588075 442.8427508642545 402.80292698668814 3571.115172308884 414.732890503148 531.4235015021957 461.62477046658296 189.59145473315837 255.05940973904688 522.1038662236863 7076.831750336183 154.57163908052513 216.02256471044745 2031.715645646317 1793.0594636427954 542.4550053697535 238.4031335130138 1466.9578878010036 1472.2795720796103 266.31484636426234 385.39205294791856 1985.6070768038092 596.3919590395293 200.2070268677295 41.75972056915174 1562.9717865441592 248.74810557418007
175.09917744471687 83.17697499876907 769.9109173503002 1742.334600962364 39.77667042165247 761.101206745732 2799.640730510154 1417.3146316428572 37.12784173533701 39.860588929883306 7900.2936929554235 955.1997365130117 2027.9869391295344 160.114573266064 726.5592830752903 617.5722798810607 264.97370571495367 3152.9664687878735 342.02155989954065 254.65563176103913 45.761589653450784 1084.2747336544126 643.352303714483 275.8482651190164 897.8531066168347 402.9075900998767 4843.206043349332 651.2027343196494 533.4633829175649 668.5959148749781 291.4602668923901 452.66870615109593 723.3816396973093 13331.042225681678 369.2709980799898 408.4401603492205 3730.869342393404 3772.719071177582 975.7933064891399 417.94897510172194 2188.386500720268 1613.812819493171 396.86668341657236 523.2545219597135 3298.294240775211 896.733827978033 293.4247163637505 56.526398533996186 1956.317809252718 225.10950243630955
174.90239372175307 84.59429009466265 755.1725195376958 1470.5916151686772 26.80543291308758 723.991965609651 2244.503976651903 1410.9433932277036 31.542265217441674 29.644740709400537 5083.77803911079 901.0739205354935 1494.9522594314737 163.76897214333798 595.8979886024205 376.08872387523826 241.82918126340493 3015.7878624604245 254.22649898022118 238.23245947093906 40.682041176700615 834.396407126101 561.7484256163139 345.73232034710327 806.4220495959974 379.98118267789454 4249.291834276559 479.7629342251438 471.7178513510479 578.9555588364198 211.90728123764902 340.55916114771276 841.8012579538212 13860.77666179609 309.3895516836761 347.20716367397984 3979.455891863783 2089.8491908800443 714.2212007329132 326.92962009105497 2165.487654727493 1014.6222997238209 310.378593049468 521.5469470001256 2039.9756923528707 681.6567255725843 255.3471484100623 51.338065269707116 1528.5677384527394 198.9997167010822
149.27285013026116 82.98482703637944 700.7377637935688 1606.7189344443107 29.4256166007209 581.9603907069499 2701.3586184828077 1247.5819128423257 31.060617396241938 39.78306977525928 6206.098815595332 842.2028032152755 1838.5321896486143 156.46220715078834 535.2979550606855 497.2483728274444 227.58400228718227 2714.89795962973 282.8639343453181 222.64602768315908 33.38767663601302 592.4599646781262 443.2145327497464 269.30376792998186 569.6749193215389 242.77058190966986 4194.757296732584 651.6323043817117 452.83614416444533 601.0420021658781 274.3093593906882 289.34433688494425 812.5214785090224 13416.4953926526 316.84151209253145 396.0938870756585 3027.0757367628607 2426.9944792585256 630.1176845028409 330.6801241689206 1744.8987877125585 1242.5121346356345 307.38208995981614 565.2411485856156 2611.5723516226585 813.6103304326607 223.00492989807367 50.473512945622005 1825.8936302112586 209.0688716480008
165.97350739845004 78.50649621263767 849.7730029957327 1052.4792424651616 27.834489073268124 420.26975194070263 2120.770301170947 1155.215327720976 33.07693312679708 24.726060612210798 5212.569881538858 549.5327090693911 1518.0076256681455 153.26789160693758 694.2067601039683 484.84721945605736 173.52834854992884 2580.1029747441003 258.9714018971575 223.23150565082088 27.98729080590458 628.2749507227163 497.22302313071066 316.21497907233464 905.5807860688403 334.58171081628143 4876.615475627647 636.0575028848542 453.7441209108852 432.1607958334422 172.5114707458444 253.91666739956509 697.4823237878597 9028.694909187425 254.12257875830292 274.7451814895333 2902.1733660801115 2623.845722730164 950.9615945407724 305.98381481812504 1580.9555853850477 985.9155883260486 217.15053938207586 384.33818232185365 2653.9177143173833 615.7612131758212 302.0929947923058 45.93211812872635 896.7810814761557 163.7429327073887
135.59803718057847 89.3606607203999 627.4430064312697 1293.1965735326528 35.427239189249626 494.7624536967354 2755.61414258141 1137.6759525476255 39.7587777040287 25.793294293288994 3760.1777827898145 938.9441715965023 756.8162133027574 175.5704069231016 582.769283004945 457.385301230981 149.13275986664087 2776.817632742293 226.486981709509 188.1957556996028 37.914579604082476 814.930208396947 642.2775931079939 215.7793189876722 1087.7854867503308 324.70297780546184 2998.5416251861657 479.6095196114901 295.53602121151675 584.92618778664 233.21578167279938 350.28401293886 565.485793859869 12446.421487196081 334.19383261566446 338.6852798019595 3531.1296113276 1674.2420234729616 595.3913219482957 241.6216977911702 1636.650932266702 913.2789444848919 266.67197655828613 610.918111119122 2021.1636474970628 679.9681666987943 232.90778671144756 46.31693606479678 1143.1974271139627 267.87242098982654
161.70578826233861 98.84427521247818 758.0464874451493 1004.8209867388196 33.2194241828862 368.25598232113714 2927.6602755098033 1214.2041138999582 26.423694010170504 32.41789942183924 5209.286259879661 885.8564979581018 1390.6028448975978 199.6149175560712 415.4176774171923 645.9836317494828 248.26834809695083 3201.3819590713 245.72788102341758 190.14049362566578 34.90707221484908 790.5190820895709 447.4763400355534 258.81392390416477 780.989162891862 411.8754330517127 4198.565888526533 550.4363835991041 565.6038793711995 498.84930098765807 160.54335845452454 251.18812297195433 684.6500573842595 12056.465887892373 322.40299772386476 383.8494680092373 3322.2291065714744 2217.8127553128434 558.7756439236766 237.3254993086736 1414.4470714989689 1241.77767270292 301.58739940166856 465.957651605434 1748.5280708340874 657.4830865150752 266.94539739204436 50.131732029698384 1300.437317198127 227.3841666572464
145.50781702310346 75.56707257245628 654.9572382637159 1142.8479910913884 29.999662497337532 623.2236509942591 2581.3468317013085 946.4048043293508 32.04212679159365 30.533122752107783 5177.263101040705 771.753038509283 1311.0744118637322 123.3401828385471 477.1060601863979 602.3926430214176 176.43023414638438 2877.767325902952 184.7071442465001 197.57497543591026 27.55214193436155 769.069078826107 566.7378831684588 300.8487465487681 733.4693980949454 312.62695852791853 3541.9402736603515 551.3836797717853 444.3156090197537 525.7399898794815 201.30489139441818 290.71681634657944 633.321657566236 10976.450689043937 310.47200197756746 318.94476697101663 4032.9060694653663 2079.299548700829 743.5218668667768 314.83612280469794 1653.9058581607314 1063.166745016433 303.65766978508503 431.32999869778496 1873.5430325481589 683.1485396201339 196.39768860982463 47.484624225352675 1236.1989849161691 209.1096316370529
174.96320196983402 90.91807696321142 586.8690144296398 1415.9978763163206 30.806595333677322 706.5295112888866 2565.5601917133263 1393.1292895197669 33.56556488703484 36.14529992940057 4861.51178917514 816.3817947357214 1523.72226023655 140.04764103931373 777.635730939803 660.3893957913718 238.62342933310293 3327.380070680514 249.11106466258315 225.1902884739395 39.96783381277411 828.4262251590116 580.2049355745272 320.57265177667625 851.1160089971766 394.077917669043 4469.1528513247 686.769422837244 432.12343332653535 615.8840849530902 250.686731022207 320.190217273547 718.2969519761912 15986.064773351378 362.59170497219213 392.92462943597275 3473.750772724134 2675.197349103753 689.286993821675 355.7874938588248 1669.1727261182455 902.8301108828365 313.28140097867896 606.5708425313402 2149.585493789169 758.093221477296 248.53060508479197 48.900567688036084 1409.377983410578 218.40579962081725
137.37834555214226 86.72035619177096 656.5197677482605 1193.1202784737484 30.290921653411065 509.4244141421676 2034.3313247394442 1107.9481580061095 28.54128733437007 34.032220671619264 5479.056173333118 754.888879062519 1212.8986534179228 135.952122010574 642.4734596220661 552.172922034151 220.8124393541177 3347.2817144901574 232.1427805454126 201.8706115960712 35.92941085918689 749.9931511707522 559.3831158383377 268.2135154082038 841.3265407680756 383.54379704365516 4647.5310000664385 631.1921758151312 550.8094421948846 524.0235152121838 258.1156475545496 354.4993351536956 739.8272341203057 12761.11303441111 312.66781741930436 349.0562272336878 2925.7599222946133 2291.6484215633895 662.6204859270757 305.2528564257357 1894.0835866507425 1176.9830943539612 289.0470082472099 426.1525153246417 2352.4329051788154 748.8626020989223 199.87499361434087 44.82719125336475 1229.0378758109273 199.790560667954
125.2766493985403 83.393018026033 439.1235744506123 1279.8906749476446 27.03725752569649 399.17629533589655 2338.9178655466935 935.909417634306 25.64439638963463 34.016947942088414 4858.839060913223 872.4184037228155 1239.8477439758228 110.64438187205853 435.6639957287893 747.5068925953606 170.329775844749 2795.851668251098 287.9490596673598 192.87226588666746 48.263068237834396 604.4081837831461 531.2584029601112 352.2620458711182 879.2829493862542 285.3337554985472 5348.06449102504 543.6394992613434 558.8158105663513 456.40302501260044 321.41392570825485 298.9377398953469 745.5456249946785 13510.215165924596 342.2299228584578 385.59516667070756 4618.541913600581 2953.20434101246 904.4468853443421 291.46321620360357 1723.1596125843087 1063.1584785761527 271.55423274039646 523.4859084563185 2273.756593031959 621.4512360287197 192.34327303556404 52.113673198633 1343.811122772352 211.50741652116457
113.2006631750329 82.17700312584101 719.6749440355446 1348.8766524214936 32.335771666208636 512.8986605117252 1973.300859697783 797.4080515773899 28.860843768503997 26.132619846191318 5744.750359996942 766.3374905601343 1639.1692059774148 145.4180009228348 646.1700625207519 524.1706313825514 193.19401401277156 3645.5458579700207 250.5711796205783 237.38828168341084 24.047828271757897 698.8868468456336 545.6552647759768 277.8827932413734 1061.8422489468637 347.87286266140364 4998.260853158212 545.5150915900036 423.60644431713047 482.99945115055004 179.47201316757165 224.46600628980664 715.5434518407127 13069.628297627893 442.9074312833513 337.30172465613134 4180.905468133773 2535.921042094196 712.3717501839442 241.58701118365587 1842.037275767691 1027.9615921994184 262.31405187491976 436.0108463043361 1995.4753046535532 562.6256687714448 114.6532472420494 28.5670647911778 818.2112821359785 175.11040238370504
168.42430018994102 105.78691548216341 707.0405153618979 1257.2739098551453 34.68800727469298 632.574372525016 2821.49365890319 1080.487356202501 42.00279835814197 37.31489097820296 5496.514024248528 791.1336733957855 1648.1800885913267 100.06079367076879 554.7508745670913 546.3684268408026 237.1197880254095 3291.912530681102 305.7465499157185 210.581662732314 40.66542354940951 813.5024349384006 532.8271084228281 336.598458557316 866.6667071779196 359.97186576140797 4807.371034567176 535.7112725627782 464.34200391160795 533.797049456906 269.0041921604166 256.9860689373677 776.0879897828836 13326.415895214015 331.0993395328904 366.63235136539697 3486.138071553264 2683.130423724759 752.8704856177656 330.96967992895463 1797.692942473559 959.871433406468 298.37597577037315 539.6982363458419 2493.0345023946215 813.9268511524633 203.67291095616247 47.81307363962837 1457.909875640059 168.36940574384747
128.69270412093292 86.09595813176396 647.1333135808765 819.9644663042143 33.87689409988061 440.78832524937866 1879.2023755248767 1048.2519913719402 36.82821403426114 26.93908828438647 4754.049742760213 894.9914145374825 1107.2999384208774 110.25523979329077 630.0195846625863 508.50450122245707 168.7556185003772 2468.7707624637505 164.00325042110893 162.31550195555207 35.899522692311216 839.2886767516284 536.981466645562 249.84595227734644 563.7204184338542 193.72976774565527 5743.4323414324535 530.5825005287405 453.4256166102845 534.7496251768318 202.82581281668513 285.7286414516426 702.5485572233274 10319.14313909741 298.85568053771885 289.96971088697364 2782.0140550365704 1874.2729105187827 752.2020908702307 281.445475679559 1098.3392656270144 697.7064959610811 224.0094186204184 477.5309609393555 2205.9976948470135 777.7237306727563 204.9132943058787 33.915579620004415 1335.3230244368656 207.45721980424025
181.15117888299795 108.37177766766266 676.8503787249746 1401.638154597881 28.537123353599032 561.3842857871178 2389.3615992144123 1276.2661496764704 33.666439505742964 34.24554619107663 5501.007742612158 1070.7275824950461 1416.7642248638185 152.75982562785498 680.9137527989146 559.0161590088633 208.76788529957318 3096.424302463349 276.06779488243757 193.5410326600864 33.935882366537484 966.472115681478 555.7560166967826 324.68975677978096 835.1885134794562 334.8125451819143 4970.8425512475305 603.5075871009843 550.2492373018295 544.6404133946892 229.97907867408014 338.2209661937618 668.7370579468997 13808.204291415674 295.30661795532507 312.8517841692294 3779.587720702445 2445.6039228691766 871.8884412833373 321.1180827879304 1760.8695033616007 1278.3864071897206 215.28098372802307 595.8864470529504 2085.728162940972 792.7870455293212 211.5541690989205 53.959512491340995 1421.876544560813 245.09875473667918
161.9358178347616 85.14824229767771 619.0597217711055 1356.2736047414237 27.307342249335424 605.1852106676287 2785.2571753178745 928.4546698478542 28.28617932645477 44.78153752326527 6057.502315476014 835.2676169068827 1829.5490066478494 158.6288026271628 664.3683373520117 672.2808778068545 205.6632933162303 3403.854547731764 237.7099478386949 183.3487486978159 38.47575369861126 964.5893141988716 534.172236891027 291.7896460111073 971.4962262382094 381.0292966670534 4358.198474365071 716.0260894903204 435.39560200321944 558.6220382661318 254.723520787595 311.28150010786845 653.1712555021375 13101.312896253166 334.90640714655405 351.7820357803478 3921.1152216815976 2366.4945330393034 794.7328277345691 354.40882653140676 2100.1005386473576 1060.4458039846422 298.9220682976027 538.3624318139315 2417.493293565298 836.04939415722 204.42434926976455 58.49775084625392 1540.0713309307741 193.33297056805992
137.20512554484728 76.96068634199047 503.7195165391876 1302.8943335399927 23.25243146853686 532.0240573054737 2192.8723370923717 1081.0600184386515 32.93416825758447 36.266812586739526 4149.2962054399095 701.2653734878007 1259.9706866968552 152.03892579086698 603.4809807578505 396.2986271646974 227.9603838235959 2680.118647600779 225.97166875789864 180.2872287591954 43.6484306676596 561.7207254745468 450.3812856770804 267.96572902984826 768.061545340223 276.32938034525256 2867.120819993891 488.8328493274362 393.4488683464692 497.855577194549 222.76412418152677 287.5630364985027 586.1477556797633 11822.919164301138 271.92715399728604 313.110529540607 3844.6958553431423 1999.7070105073371 630.6831802299833 349.2346653846137 1617.5097230916583 922.3560580710965 224.36408639318103 368.38358410705393 2039.6547501264015 539.876469597483 177.45834860307215 44.01668325597027 1711.1356019017067 244.1364118138296
136.645873099822 70.97628590052803 676.2801714993307 1544.5564073308312 27.544760535856923 652.2316879966342 2119.0276287751035 1037.734725769227 33.82543493323534 31.405552311798683 5442.050512271047 970.5634646819693 1357.805261456677 149.2133809340425 647.0880844767673 497.2324459846011 198.4040027191021 3256.267566897953 318.24397701895776 213.08770429642894 45.98108728929179 734.766406449773 556.1331192690882 352.50848467459645 691.5263221010958 309.509071532181 6852.438002142462 501.0569892012055 401.7996773160179 461.83753570277355 271.2654116594168 254.21580324400375 608.2068016577892 13415.456289579031 380.6625066941241 291.4221524308963 2799.025019977983 1690.8374856141259 683.7253918245636 362.80061882798026 1726.9880189865557 738.5801619740864 280.21389348856195 242.59760271679727 1776.2628716257673 826.544214241454 215.0082722118327 40.54436927341905 1382.5974923199315 221.77983763411683
186.34474547011337 79.54109395595572 707.044182007267 1192.365332443355 35.12788214197015 584.3763185262768 2807.1077249992386 709.0768922248142 41.686696985447746 39.477088078190626 4516.8436214221965 680.4436181291965 1654.003412556404 197.1853034736077 778.7807513285004 686.8199721973274 254.24870234037655 2674.320924392179 327.6994914081937 227.36907452435057 42.658858334454074 564.364041051528 503.3622317227328 373.61854615073173 1014.4039019938399 243.0977564870762 4385.147830059743 697.2007320683568 549.1075785330939 622.7954384740455 279.27540106841747 412.95680310983687 801.6785741273874 10316.642129602613 398.79465871266393 340.30973822675105 5624.510261811675 2027.9274431631447 804.4617723820763 305.42429581937205 1678.6273665797366 1256.2775672149512 323.39603249768516 469.01414517274014 2037.9086835959567 531.5102315951648 185.82291860142726 43.8865006516937 1428.1653605100973 367.660680493894
165.8289869488938 84.13549221742433 636.035551862985 1426.486474654531 28.704784200162287 624.2144479927567 2433.580830884411 1095.0922289020639 30.47339256063424 36.83861919348177 6056.402215507501 962.4195510143073 1218.5138585699256 135.0019532838726 661.7675411083326 739.4322201101394 206.52779031867385 3157.2665151871174 233.87949099731378 238.30866815395456 35.91413646217512 851.7365708467215 574.1484382951836 272.2991590973434 868.0698542510487 319.9453420742603 4361.095005793442 544.3743856882669 494.28371431285484 513.199796261563 237.3191662571709 293.68948185293425 667.2960358453745 12428.879987838938 319.0001792524555 357.45929714086384 3577.3140143281926 2313.840061596622 650.4290232145445 382.094934744639 1889.8445933774162 995.6597100939762 313.20767228522334 479.10950861333043 2271.3065231672817 755.3264496753209 212.10198652252248 39.47545006912473 1552.9013989103496 231.3897794849504
117.45293778370828 81.7862972199075 698.5679232559872 1198.9509249093915 34.48940994222129 497.5045033181097 2324.4605422451123 1306.0635361879965 31.895115310042936 29.298127323990684 5779.611952515826 1151.4404722004115 1713.781299896626 132.72817094086741 350.7866051483819 670.9498541771414 209.06125924114542 3172.9376035848795 310.1497835866962 182.22047527063813 38.8349850526524 862.0792043386065 416.47368546256814 338.4832034516086 743.803804656082 330.266901208847 5841.654464190511 684.3950739108294 611.907908210069 516.9441358282942 277.6859410856523 355.6395536076778 723.3229314292751 9559.230851987202 338.5784298449491 387.96727501594876 4541.535119167609 2442.6947570775274 865.92499397387 287.99611500062014 1986.6220982693078 1299.1119347103963 292.3081683072863 587.8546970420621 2404.290209400941 751.4034457512712 231.18807366612697 49.21420093759618 1443.2076700687996 169.33281134770783
113.92811813008056 82.02722236409564 691.3924819118279 1076.4280446726632 28.464284204236105 724.8931545297153 2603.416307025702 1129.0528479987697 31.21275854712933 32.95993176336641 3920.4286784696014 877.2466791791643 973.5899188846988 136.9512277683787 614.9921960431395 535.5929399355853 192.18361258801562 3859.2864723358116 207.57671615035147 249.41316397521936 34.479077098201515 639.7555177984253 530.3362806449476 149.3198290529017 634.6421924596906 307.0703037208617 3004.7398216568276 453.70288370839194 475.02345220109396 395.61519194926694 179.62777378507644 295.4295005045208 751.7032312492016 11594.78761042962 330.70694763458687 226.55089782139777 2884.2521441690833 2038.576657309102 783.1441435576702 282.2123557616905 2258.118852813486 756.4339320790027 163.09263636174495 459.0295221342241 1878.7260846546799 803.9623310080825 256.476821999399 47.232456717848514 1630.894706867989 185.45425654136213
181.34136738421392 83.69821549490808 902.150504664327 1566.216343778469 27.140373180164765 581.5886531937783 2249.9511418874067 1090.722189121378 34.253624968526445 34.513812497676476 5237.2912731425395 881.6114392741537 1270.3736351089979 141.32988636799615 528.9890589243983 725.2660502745621 257.33187872988566 2972.000361170439 229.98896920638052 214.6750550986233 45.558933027980814 761.9686901718804 564.3120341305754 331.27741554186275 864.4643598826849 354.52545069516043 4476.492945706009 590.9896624769931 498.5375883504453 499.2394649223275 295.3150256980832 419.8952035724801 779.0396867141933 12148.665669501223 336.30836744976926 371.04020530440954 3583.689788801833 2014.650552982724 705.3209507840637 348.06688638584797 1720.234145762151 1242.658736150169 291.8477668275607 508.0755917593263 2392.685006500111 777.148339803563 217.37971311347818 42.939742662194725 1430.6180667154304 263.4077952598116
189.88377456479685 83.78467111362971 702.3479900476616 1515.5727496138227 32.912650632957856 700.5086728403896 2500.305061607578 1229.8914326427494 40.97694883076436 35.51259121298442 5334.33659019779 955.4397491425108 1818.8449258741541 181.05949077814464 513.3265460474818 575.589606583633 264.8491739089537 3735.975216926577 238.08078495255606 239.58545150306486 31.755986557075076 862.7914454620219 527.4222911816474 377.05174676265153 983.6609680226594 376.6168107204967 4382.900669988305 634.9205101500643 427.7064031892567 541.8089331970798 270.9241582749133 347.97376053515444 751.6763396107575 17324.82645964998 432.9853443214137 433.6931004907158 3263.1890870027246 2019.636933030235 901.7845575064088 332.8766610759844 1577.5590338979775 1126.750339396809 275.32365338559686 597.8530545125022 2137.1077369268314 835.3293696378697 216.98948053996946 52.73753875888507 1689.6082157281867 246.11207777952274
102.0152323985248 67.23383839638255 629.3689751095633 1220.0065929919783 26.025747092074493 463.9268756895516 2365.6943593852234 1072.9433529841635 37.26391613860384 30.738675116766583 6002.475718222608 637.0041789292452 1661.2197422616664 161.91998708545228 547.4954521560608 398.56712283973127 243.7464467131067 2578.3532605223263 289.7329366108044 167.4905957547123 32.780309101984905 932.070016653625 477.7523325430219 245.44839113209696 820.6486739947164 310.9284972912754 4412.582839859027 572.1600366767369 431.23233430986187 431.6587973185715 263.9270400365612 320.4366073380951 766.6711341723619 12651.556176303371 344.1876760789213 337.5103866051174 3694.2122422289467 1734.5109690922286 737.8184842551915 310.7737160488815 1464.975044556773 1317.9366979334993 263.0884675336158 465.34516869075145 1954.3655173702302 922.4802023472985 172.26399796255993 50.033811256003034 765.048326600207 186.73157462040572
134.74951697214593 76.98421176692423 674.8032339196368 1478.3226742963047 33.60439957797798 510.218232543481 2489.408174259056 1208.2360376087963 37.78305442586 33.53386295923171 5889.765605366398 777.7520721491308 1137.6111521775802 135.2956293966563 786.7497570154326 643.4860050122676 285.957751599142 3231.7164984658275 244.1804804798747 195.7257595498736 31.58559843501031 867.4946557018396 562.9181769501508 336.25777240548075 736.623525143667 310.89481872944225 4503.583968180431 624.8108688969193 525.2804719378449 483.6577735511961 277.3403978091852 386.86037899703757 759.7502561449637 13363.076519426315 372.161727003335 376.1887462561424 3750.2356706261544 2156.808308952536 755.565323409118 351.08800316639906 1728.5695433071035 1202.7788158892124 261.4277959639478 528.3534305529946 1901.821829467853 788.5300345849267 187.2488539949069 47.251266986965184 1367.7001124242051 199.20427965636338
89.75348941301934 61.0428776927946 504.71398799435053 1087.0017779486598 31.740103495621355 464.93045520155226 2244.4243997003637 1006.1548650689942 28.83420413328721 22.283229078931452 5786.819001409149 940.9884630473989 1290.147879961745 91.58050015157411 520.8015151216196 565.8669460657629 200.9571870157555 2169.8452800823547 238.4468997232499 180.44832813733922 29.47706028973285 595.6716598977106 521.702032507937 203.38723432036267 807.753184659198 258.66640733278354 2730.3163190614805 370.0743156602405 340.00917233717746 385.8750470982192 104.25113095492114 321.26110881350064 502.0366563988108 11995.269575018288 222.33518088585961 256.00655507454235 2979.628608473926 1444.6776775360418 387.86812787788153 281.70436684495195 1717.0264458218319 1134.9830746336645 281.2655614827128 522.0634246673093 2050.6408379551276 644.8219664771588 188.21713872888964 53.37254316846031 1225.2499937606617 201.4797062676169
139.7713657686231 106.66492494586325 908.9373278896084 1373.215425662714 35.99518313221968 355.86729713121997 3085.30776865501 909.4639973605947 27.6061781848733 35.72282051065092 4264.1861545367 739.5218859907488 1479.3821895387755 93.63113318562128 806.5319324768014 512.8109869780385 237.80705867085308 3103.3377929673475 290.663773377497 213.58263175417818 32.65237724671268 672.543348577071 634.6264766612794 340.826217978907 847.1788965623763 224.27446701408928 3748.685469227442 488.19497290386266 433.16512914469854 448.5392663096761 282.966363095716 211.08829090320265 730.8975682915595 12867.744495436642 386.768477916189 435.72182057659967 3295.772398192567 2176.3968411702476 629.4218752789388 289.6919160559417 1573.9569933152202 787.9891981557867 325.2934380229084 609.1868342066151 2475.394461757064 824.9831959095881 209.95014560834977 57.07017943520323 1309.9249371372478 186.03661060535825
169.5469203243175 121.49228669319733 802.8855171669732 1613.7187872453105 27.811042298028728 574.7633977158116 3212.0851476078756 1389.805213456885 31.869838953619286 33.55181229040534 6902.354693158868 909.3811093128102 1554.5305946695278 161.60086941710892 664.2214341504429 633.112248993088 278.8233488903935 3162.810504114316 304.6832952249554 255.93935619221043 51.84870717990343 769.0795785457327 550.4265897690157 412.92833936618774 915.2312428369673 338.4506856866256 3694.9555722416835 684.9248861675799 518.6821033991512 542.242747016651 268.2203997445003 388.23949583604707 859.833357014751 18856.02124130546 326.9010527193185 503.86186833513983 4011.847717584715 2499.629368138465 765.4059321000954 436.59966565211386 1524.5036697057494 1146.8100858256862 356.5006555825437 588.5236249973951 2491.7893007767343 728.9355835824376 217.06080736620888 56.75239301442274 2002.7167659435354 228.32917174402226
132.39508495136602 114.22379869965835 713.340057417005 1769.096157858883 48.053918045277804 751.3352733150874 3027.1090269308843 980.6209545417947 39.63993782365481 35.78214581281739 5845.988076455698 1133.3994124552846 1391.1454251668747 136.45730498675968 697.7885597939464 717.1839705158052 329.7334314727318 3637.5770148803235 342.4400181656758 212.37667959279815 47.07896472385371 891.0086300261689 725.7246561538263 396.1115923790487 831.19146689631 386.13907136088903 5752.082601008811 632.9709511684184 536.2760377054592 466.40305756622485 258.0082568532748 402.0158555762793 708.2838931894539 13456.58647963603 397.7382901482572 505.549031167062 3340.4517636037776 3029.409032439917 789.6520185483951 384.2247134347012 1601.5001981719308 1450.4946942457632 291.1157113966536 688.0411010502266 2821.5112498706285 824.0595401750345 195.82561779931729 52.26451641296241 2339.248947422915 255.04271560039479
134.1251503286402 85.92787456233943 678.8088741790382 1050.2348627361157 21.42312790227571 535.5305628414436 936.3855729224813 639.4095390281357 32.588960659972855 28.89235813141734 4339.097650599022 808.2762724640066 826.5023986072791 124.3458973068636 498.9726067599792 434.30787020390864 124.9774985386679 3210.2482595559604 188.55762307894707 148.403438125012 25.771354959351648 782.3442423255244 358.00746739635304 295.26674729769036 654.1218690800284 218.95504028425574 2741.285964437804 502.55540411407634 429.96983520459287 386.7148748004951 105.32437267709338 297.1318633731859 434.44528319714857 13129.771146342897 234.50883052052944 376.1560049524329 4050.844358887316 1039.6058076366794 472.6244478998901 349.4089005299205 1864.145445209614 782.1654860750044 234.47071103103474 301.2025020281761 2175.0559950244237 531.5942442595924 177.2154988496099 30.50192409685961 941.113757101772 231.18214145716524
125.98905071130157 85.6443336046171 705.393208075081 1680.1062391151816 35.306080882873424 574.0317895449779 2369.9351055285397 1107.1789966174888 49.0648871583283 32.18771921744414 6131.934109290294 1008.5005561583865 1540.0849834119713 129.2390719313821 753.4443112331086 541.2784313115806 265.430069266993 3337.080307820822 298.98594078408235 208.53059301603204 38.15643521766037 965.5189958072225 575.5382090523317 333.45819534730754 898.6265154525179 378.86681903742925 4567.615754240547 729.7025918000169 543.6612716496826 606.4808065018988 291.46512368066124 361.5701170535988 700.868526239609 13502.899350082456 306.1646849114527 365.88543174466224 4163.56008743345 2648.801383280217 672.7368685999024 405.6044060086713 2026.4422026947464 1286.3666514058716 251.78988834680095 489.0187709483273 2358.2145419969124 895.5481439428181 192.52258113536647 47.95648361051274 1948.206695922201 260.7437266839576
195.0770556852287 120.16421943812048 909.984663757085 1421.9317916274845 37.474169900733685 599.4583429470407 3171.0057918358084 1206.6207728471245 37.624574800259055 37.07729092309177 6851.286813890281 932.6617296989216 1253.7453859948223 177.02816080262915 613.0970985375769 487.961004302277 308.78474287759155 4290.413940443162 300.7030015626522 207.26996983258388 41.6606557572052 871.1039102015101 649.9053090098253 352.2462720444585 897.9219296136673 317.5759545813941 4548.315129905144 668.7088434069715 495.5385761497791 591.1462400420995 297.49955915075964 354.1891273319394 970.5833777936793 12238.137441330124 393.5233951416932 338.2524291738243 3743.4095500945755 2584.694970844639 679.831107453642 339.4035541417187 2184.067677646998 1187.943335119574 271.6504302147687 538.256692118554 2420.5556459675327 939.6132615520803 267.1096247965383 34.63227193583448 1669.0355912883633 255.76613142058093
145.4210224703258 81.60223601455853 807.6656957397444 1437.8558293403457 30.31552850653822 476.4023829465498 2507.541672301033 1212.3596939777158 31.64878136011798 34.618718528163704 6317.983681786779 858.2255587331766 1403.3274797294875 198.7701356733624 579.3667456451662 578.9193163545602 245.71023915498827 3470.4653192472083 258.4653897305975 191.3753183609518 24.9931596702987 736.7500469333186 687.8951757170252 352.64397344937186 805.2349928605181 302.3674490101707 3931.998600161576 494.3567433360551 506.52688989936627 503.300089760231 239.58414896053014 295.06132071032994 707.9737464035873 16242.94404697423 372.8086740810446 413.4453210704223 4089.5401930778276 2509.8497233671933 685.3453278914999 398.25445562052994 1476.185258400883 1211.2437094458753 329.9759771228578 503.40236796137725 2590.0274190861396 852.6735251297663 249.7315471107475 58.182502361954384 1462.601046221377 210.23635622207433
172.81715613727982 84.4346027080937 804.0691423846886 1411.4730948974939 31.793046053337385 594.4586929925998 2653.2221582800275 1297.8880378252416 35.61766916383364 27.667589170994443 6187.792412737073 859.6244749128173 1433.6895122000892 150.1129497082504 512.4605956453854 741.594760327525 236.24523723564846 2958.8758787778947 299.23527032694005 265.63862341547633 29.815803560938182 973.0548073338095 764.4079986707779 367.5948331984727 818.8056880305951 290.9835625646468 4957.612122580801 623.5695916403986 483.5792256778368 386.82158762558464 219.38405849402344 321.2904426988481 655.6627743332936 15572.445053749354 361.5493866074935 371.2382158549187 3316.4824640057514 2540.2787634219667 592.4715086839419 347.4448829901817 1529.3239987782808 1221.2231418891197 286.43659823379215 633.6748802537923 2326.3942044077426 756.530704703335 170.56602247544095 55.332819667263315 1164.5024949958995 255.3211210605974
143.70021914636735 95.67019509984489 720.7536748643577 1253.8406186491757 32.53304238937757 533.0198251767803 2479.325953210252 1386.6694651447483 30.345371449207757 30.33210148159981 6531.209930955105 983.0070231538614 1297.4791795499498 155.02691049388505 616.1325853403191 523.2688112505388 218.75479166073146 3026.142850392224 261.109327843161 196.45877283443463 37.47151117437404 925.9311150883947 621.46570766572 323.6432097744093 761.2767537891616 377.35797818743515 4786.1750856363215 533.7040786807595 538.1761533009756 444.23558924834657 251.20241726164545 327.17267652066016 629.5822182909466 13313.360019308548 339.45535705916114 382.2744640952993 4134.197131467683 2226.93951727229 673.3854056150079 333.5414488143413 1663.3305248813751 1155.7803767924372 302.5732338591558 553.4896766427416 2395.461334206933 749.0453236915795 244.2329291102268 52.7851751896325 1684.5439070147104 253.01819413651134
194.48129070796438 142.04770969141288 1187.120560379407 1650.4547677124838 39.59504716191874 662.8574427519571 2749.22325203778 1938.2958284682636 43.174604279579114 35.520199109035175 5672.814212018405 1068.8175573518035 1608.5740625979836 204.90121268445296 807.5796760211516 465.13709803859115 275.1096228531342 2834.600404821551 349.56849129231017 201.9635912804011 41.18831302158864 1050.7087166006054 640.7061150524743 408.7975278093975 1157.7686925581897 452.8822714617031 5298.767694573971 671.1240459858449 595.9471365289826 670.7102981630086 293.7135732769044 466.7805561278507 762.7828658220111 21220.200426552503 454.80144603064053 476.69615562562046 5539.480591810597 2768.0140900885317 927.6308860496544 480.388211078482 2033.1136848620886 1425.018907763822 298.0625010124761 663.1866178903758 2681.954206601139 831.9444434771481 321.22817243920696 62.78242165749575 1870.5838517847371 324.29472380085275
163.6180739831766 104.80313290779252 692.6591084870838 1416.6726256410477 38.735293721843036 591.2649402977838 2315.1937553709763 942.6665774018832 41.23229560364225 37.720275597370254 6454.4384663186265 1160.4786238828817 1419.9836560537522 157.87263984122293 700.8670292543552 628.1792969746637 288.45996869146234 3646.425675008479 268.73075195192416 214.54689354747697 43.19253761525091 840.6263665632177 576.1596046774243 346.31819869542176 1033.0429658525702 413.6013413944271 5127.615983244801 559.2611624317775 480.42823068135544 535.825842843824 259.546960664 312.80346007268076 706.4954958728155 13549.298863197057 332.9359051535167 396.47061200232866 4020.77689602585 2411.404251692695 868.4176276529312 356.8257835676506 1747.9768377425396 1167.2741751253945 298.2276207247542 623.3632594815467 2583.2492796078013 909.3199856060039 255.87784199983025 49.169129639109656 1761.8834147501714 252.42635240017705
99.0377676766856 54.47599696079905 576.201729280709 1098.2093803533744 28.50406525153207 482.508524574303 1461.2410418816748 948.7619401302636 22.814389073147208 22.98412437356306 5034.420894412452 698.4388649009513 1033.5330355730305 104.03612064656697 587.2012693514234 502.180790835961 203.70554321827183 1974.6060415689246 145.82856044384192 207.78712264957846 24.462184723499604 733.5800392198987 487.7005092297062 292.7484827757031 612.4687154735404 285.9382098138711 3515.822551484073 480.347814822616 344.1029741195932 395.75154164792934 182.13535018688845 347.86831113098094 406.57839540028453 9628.121049575377 294.49127276347104 289.3289191721402 3172.6468692132285 2082.725738444025 666.5583388364934 295.9769549211764 1474.9910687896036 782.9559736040187 190.98433221352107 384.71348003582045 2203.033317399158 587.0632029574563 234.21757718492483 41.00119936706915 1412.5278995475542 193.831818617043
118.64622889137102 73.05263849574145 894.2789126637132 1002.91302974522 33.422154913849226 643.916124720671 2736.2211076502545 1492.4773761314375 26.541379745494105 33.291286928858106 5509.256434110842 898.4658127139816 1971.1588629216192 109.8542723734057 611.2996215640248 395.63992487731343 283.0498239436166 2844.2609871051836 308.99256136485036 157.20973317200853 32.54221587394377 883.8705242460362 487.9781296152159 303.3244232670656 446.6748714196766 327.9842900827201 5391.441900656064 450.34514385544526 551.163688666746 558.9383910285151 243.49314308929883 229.7389319142795 621.3918769278769 12583.194159209084 323.55556499713293 296.2566800209485 2499.12349907194 2652.211346128169 692.8799735913376 287.90268406497415 2130.3546502917593 667.465522613307 201.71468913345979 547.3490404742604 2123.537998483517 610.0450218609901 301.56820356308225 43.96077086981018 1298.9636794542187 225.73691220322294
121.5496634679298 91.43495217974214 658.3488174567366 1674.4681473027058 33.78272515533443 514.7303684548382 2391.89130497192 1292.534851552935 37.12189982114455 43.393396162568216 4602.6479809655375 984.5089538937357 1982.3705564888521 182.60312241008643 556.5328990330981 828.3067850246076 313.2543055655073 2879.0305727355953 223.00072590593373 191.72442660144713 51.066886719673036 888.4992298633929 549.4869194772448 308.48449681591154 885.184867794865 391.0699413059866 4188.362266348831 500.89253804040516 614.9247821395858 594.6496761149224 272.7490600147635 406.8049822268276 892.9101572317146 19028.38666681544 280.19364720072 456.81055600775073 4977.441716749478 3256.485989810444 898.8647713282419 276.1320237250442 2408.659776791033 1413.249798355804 170.43730274022627 702.7905585264558 3066.5334202789 513.4111003259006 248.3984089344832 52.98998210969801 1922.4228795666215 266.6056733959792
81.1155470160891 53.05218148459596 669.1934710875211 533.379796042082 31.31770043880833 515.760396294025 1568.690514840064 623.370387097265 30.831801156359298 12.36183222730902 3807.1353718261757 396.07402977511515 1094.2565589387084 86.74597900532919 387.0745430184245 346.42845705693105 99.32685406586839 2008.3649344694609 211.06037788655797 192.81762872396797 26.50696358691425 629.4760584448363 388.7979256391844 308.0820565131197 523.2458980157737 123.84889554995199 3262.884019591798 106.14757547218909 413.17812403916867 505.5375051674657 166.6094195866412 302.7317733602565 465.3528116201524 8799.325503980237 303.36186224585964 135.06992655528344 1762.842877539045 2227.8647164997756 329.21860164546 215.67959211979883 1573.1318249417363 807.3380118422311 220.592176547139 311.455364442057 1009.8159628159042 632.168904052971 182.58191388304428 32.71863412924942 1200.4484022374636 103.41000874394774
135.92689579759556 91.03147128732449 632.4884318236127 1297.169069383137 30.059117523480225 507.49687786283846 2391.9975557980865 1149.4993670002177 38.68472553962191 33.725738183045955 4900.737733181748 646.8667790244306 1447.377459222932 141.21736559908263 630.3392022377722 702.2640335721599 200.4462294654573 3055.256650974411 256.60290526535096 172.48334513588742 40.85133103994548 920.8376472195503 603.344503005822 277.30537473379707 790.1520272002439 308.59810637321715 3779.591835951185 619.3920416265217 478.1187168999441 312.14000369907313 240.3159550131665 376.00719090086244 713.9663905061315 12631.114061506549 293.9220463145218 355.122084469987 3192.8912361321254 1744.5895854302732 607.2421071758231 263.086768345535 1731.075294302956 988.1446848119591 219.52132291024793 433.02412979355375 2289.670936608463 630.7406907240317 202.69163179832054 41.13218201409491 1395.8400458170356 219.00728414685068
137.923682906234 78.1261611205574 755.7316143830199 1004.3138165678705 33.01510432525744 431.6469775245617 1547.386636046803 1019.4006987252966 32.377645979375274 31.65233977771717 2872.9565294580357 995.2420895390343 1152.8578997008744 169.07670986518264 496.66167810751574 750.8436963271827 247.03227014866982 3026.556012541019 233.53412518712128 248.5387427351639 48.27793283665052 746.4503894097944 546.6476926253495 303.1860174713729 720.4018313221682 285.6269593877905 3682.6482886386534 630.8795530748844 324.04068066305933 411.52182045722054 204.7954820515008 296.7805463826079 618.8590018096738 10559.951976509621 231.878054803343 291.399795525375 3202.214802873098 2085.517604460535 618.3320329982084 263.13869727700813 1508.1770556371603 1064.3543237791937 286.5100038746592 511.1177947322769 1762.553980095394 586.528350035931 180.68192362538318 56.12328267303614 1410.3723979850333 261.4169566307169
129.65231063029532 50.09220314511499 722.6641032752987 1093.5509302726914 24.015989976340837 580.8491701551866 1619.9764544166633 1027.3131229118203 18.54223306594916 31.092795337917327 4502.416019943651 950.4938312102912 1098.8148070020848 106.939124654468 568.3832671489774 382.7641782376494 160.80685858934203 2136.04517271088 209.01245017048214 120.92678980928801 26.162066388980797 708.4431710946366 521.9951282256131 228.47756613523222 858.2247487982216 281.4953051535806 3406.4242527682686 435.5931044832562 297.4246376837415 543.6186192606377 181.19712180967866 302.6680388168799 414.4130929617727 6924.180264198583 265.20153568119576 291.82802710808977 2124.9610865338254 2555.130958364336 623.586017065909 306.16347813858994 1322.1289268510895 833.9149018096631 116.3490697723606 416.25320437575334 1088.3876637603892 574.2810801972752 141.24324629710674 35.23517658574437 752.0513606762966 172.85210640222084
185.85111796255902 94.874004700607 773.5611979478176 1302.5631264770755 41.023907867482095 499.9136453573917 2715.361733012768 1036.5599720778882 33.591095692497966 30.30513274034087 6625.2489138432475 1157.3961365267878 1127.3636122602404 131.78619044070462 579.1480595247527 646.9903786145356 206.66392621907235 3009.654707319254 308.54159332102273 214.71626323823597 31.92568902867322 967.4215867251928 607.4439044843227 405.07722086323105 826.2560436122405 381.79248010578465 4793.987620605686 675.7077231624421 497.52359163782916 477.9585249082378 236.32308309308937 397.73657654193477 733.4760748840343 14175.401174323717 305.2664929837013 301.7576679570537 4728.750857459307 2651.7386495163996 726.1026144955779 308.2173889073664 1923.283781343312 1172.9030006650994 314.8099965184019 639.4135081609953 2337.8848480081033 793.7601094085314 230.07683703283254 60.801724957614965 1424.906083643731 323.4530299615653
142.90545294493228 76.9757352997046 619.8575079318628 1450.7561943580133 29.739910935610016 629.4836847250689 2107.119109255911 870.0882643346115 33.406506145341545 19.459449818140012 5376.435931909339 1084.8357160140563 1682.1821532995696 149.5833159725164 514.0128452648023 535.904245808043 199.42905255960076 2321.2080470534747 289.87176428345316 201.35576082109125 38.923559665218015 900.3501744109753 459.8384333345648 268.02690873063847 728.314504561513 275.08664166415446 4334.170116793347 630.7646867715956 516.3587163072876 542.7645012487225 176.61673264293384 317.56395876171644 742.75771945199 10070.727654329818 292.43317039103056 245.3687171906584 3899.445518654188 1730.583633798154 612.4213609069974 271.286809881777 1879.5910855434404 912.7914779191284 284.16479685491726 450.72222005241775 1928.7579240258412 933.7567562867868 217.88282916735628 44.86891707474632 1814.2420584181655 269.84032301772595
108.58859252589299 83.69969159837268 556.9204981582488 1038.7173975127573 23.818209047013124 438.58680695902 1249.3626990819187 858.7832566936773 27.5650796262976 28.19219989460977 4493.170152130831 528.5182195075458 899.2456244294942 128.60478958355014 289.17165995997595 509.55661015188025 189.24877828944807 2484.40328233103 171.71362313000128 130.8294615613707 36.65110813450398 520.3850371941722 573.4168079809886 341.0481747828009 779.3596693661434 357.9423371000926 5020.881515625377 360.42273687294596 304.22786777719836 372.31815751761826 188.42277271964048 346.3570356865606 620.814134613104 11898.097850452652 264.2887895552306 322.85165378307715 2943.77630449317 1669.620410188299 767.0088698575527 271.00660834144287 1198.3626457788523 729.3322112007467 225.32781734574854 446.5061584477494 870.0848279350454 544.7331548166659 192.0595879782858 36.251026788865765 1362.144262789951 171.4378501421439
123.36246274655679 49.2614215341959 742.8248880350844 1309.2617612481351 25.47647616359971 357.8451130340177 1975.286968216083 939.8664939361914 14.537691636482865 24.193940496149754 4096.151532619574 568.0582031886255 968.0661026863911 73.63197857204545 401.6281639847241 535.0576653067443 116.41784570906793 1716.3466908868913 239.34125140689497 185.2502104909834 32.95042778831547 836.3917000018969 454.66178859282854 233.7290219777177 700.6699744645897 221.57405767951337 3001.177328012065 603.2082965076274 256.35346030338155 509.92569588537754 151.2951097890387 231.5444057442382 582.1358566303118 9716.63521716548 218.7561921281934 172.71743012601678 1813.8434862076595 1556.4733031066914 563.8517837319293 207.79840205365352 1003.0933111636612 798.309435085805 327.60235697900947 322.69174938486594 1370.1106953260262 812.7004689399959 115.48222185979142 32.14955700273821 1088.4026404101855 242.47863624077428
191.89444141389805 108.05375715565016 783.9348393729189 1594.0163410304153 39.31974191956309 539.5850886301259 2694.9481223374146 1437.7474754531727 42.196062167375764 34.84564356945435 5787.299145286792 977.9748757717955 1502.65085560598 127.04712128187856 735.290606190939 592.4228678996993 353.94977071129455 3191.5554269836643 296.6117931152245 241.41130092184534 46.80580959862852 1145.8517665134823 582.9750690035216 262.2102043814306 634.8583437276402 252.58417102395617 4258.436783634991 836.85273088598 535.6073082803142 648.4049593136176 292.7814664433043 289.63830718573695 793.2712332540636 16446.989478658143 405.4099471320487 493.7588260219002 4426.287765684156 2831.1709065557543 889.2512457499477 400.8145469459741 2284.1068055173027 1292.0817543562866 354.0299180205747 692.0622562735314 2503.9398717699787 1097.8177724728712 301.9290223087982 41.382334394156025 1977.273591137013 329.5642719161965
137.91742055441858 99.46202317382757 629.2597828973571 1021.6675724886106 29.053290196884053 598.3066735114252 2257.011139342171 1341.4103604555783 41.00638311304022 32.752603894800856 5731.650916077359 854.8948926064504 1094.8165500238963 144.12390529268293 579.0214041256299 639.5138234486298 194.527466901256 2287.6239758730644 233.98551118978153 154.94984977755672 42.38851314199236 865.7167829865489 475.3642767584368 301.8100550169102 669.9442839999107 239.01460485964566 3681.598373843118 571.5992240610282 503.5805486264618 614.5956224363111 214.27900465601485 411.0259315037144 798.2028633925631 13410.350449974734 243.55351456472897 341.3386981254866 3830.9303129608184 2135.887420996395 630.7088390200427 399.04870547577065 1512.1415500594476 1005.563863536285 233.23656455632425 391.477468583957 1832.1605418894117 635.9513440288933 222.1363285607496 36.42395793916499 905.0434294777983 241.3071629615421
119.02353824371431 83.8999377299152 553.5850727022108 1098.3051626766771 37.66075829840296 498.25702684869833 2357.0466963942085 1038.9288659365004 30.16504900324396 36.27410787421395 5977.248654671875 823.6528929206861 1283.6275930849615 135.7620269034218 708.4558559543871 591.8736210738554 215.51105785455493 2006.9909372806246 219.98301724015252 179.7077051324608 28.161344093430237 850.2495802354745 530.1277288574399 317.4372365254428 832.8490191726893 367.19706291454384 3681.5888348739045 530.4915299522446 408.34048602836566 548.0110183435335 232.3845418151621 271.84927572961385 580.9291236991277 11588.01130242769 259.154671531869 318.05331314655496 3496.2219412204286 2018.5008670752904 573.548295787803 336.6840204677761 1424.7971412455183 1259.9825108901339 279.33052861868293 446.16184609570064 1879.2309275439661 537.0379460217586 220.3108123537333 36.67004967303213 1385.1629427222113 179.54679891520263
158.4805232735515 94.72744888024933 781.5665097951378 1547.8784002041223 40.82574980988453 817.0582850960343 2528.10751074 1137.0252590152086 37.12691469762478 26.894458227031826 4987.324842539436 1251.8174441752412 2062.354608121985 131.34890247929764 540.9523964416251 667.2891512048363 238.32509861430623 3244.0553342403664 220.62494761641756 253.87269500238767 50.404539450706636 940.0674104690179 582.0522965876265 266.048394428407 898.3992600858501 359.34564606925403 4712.019387033449 669.8409222541205 826.8441248461488 592.1615105156418 271.2340645566322 367.4451897592673 582.9596093667465 14741.525828776694 428.34243628652644 370.48342795951356 3986.6838188249294 2369.985532739635 882.7400955901134 376.9700088143991 1576.8356636277877 1212.579275548444 238.74480887963674 619.4600888909947 2391.127045703774 1089.81250475535 306.60127676489674 48.23652298747088 1394.800177723928 266.920832953569
103.87046707360551 96.2926174305698 358.495864863403 1059.7475636298368 26.80858805963526 486.82599356992307 1956.2962406018366 935.6375784916596 28.9177260037919 31.01143750516367 3708.542318373082 683.8090414910102 1418.9666858938153 98.43996987807041 509.3882683980135 376.5558177769542 167.3458920503831 2284.875929472761 165.08025125718464 143.16246358545018 26.923281262845506 623.6333124308305 521.2107970246396 253.93556585403405 609.3771274626745 337.1392583584375 2196.9521670868953 405.1767095036222 324.512014393386 351.00366276879583 154.4309523373517 280.98626082261035 628.2226493522713 11198.846176001913 196.69259216281029 360.92496184646274 3668.6129437715526 2065.045138516552 733.3887145693246 220.3917587552594 1199.2219529316658 1126.2098447847536 178.71075405592296 369.8871809881698 1207.5326609062463 626.8081654922322 170.30375404369374 43.475097202881 1116.459389552779 161.9405253320909
163.43210611122512 61.92376276900336 705.7562624112716 1199.7699255638402 25.805879499030134 382.55386744495536 2263.8054673370602 1037.8259923754642 16.519632472049565 28.15651002193407 3335.5174714534087 850.9201750968991 807.1421325231505 85.47042755852385 649.0467051048921 439.76886103079215 158.65949183913955 2708.054222250497 185.72144959811513 183.11301012200113 36.51684225425585 554.354288795091 499.62854517897034 259.24533070897945 609.8212167210431 273.50152097947114 4087.7745102691943 225.0575264930584 407.5423401058682 415.0789178990231 260.3733389196359 153.45114158745798 515.4394564060851 10768.889441422303 299.4011429453867 332.12973226903034 2345.647060147431 769.6101597727463 653.7676907847854 229.06803791266793 1851.5346673423114 594.2879860825866 185.23260333564906 463.8639649311265 1355.7038158815642 765.1842888773635 176.38233136728377 34.871174459348595 1588.6606950870512 143.3266459838632
151.0711736090783 91.70181261823865 620.9996369026171 1544.158855537523 29.415488273263787 485.5659126933109 2606.3934529454896 938.8669270352002 35.37847499164764 32.76856596259216 6368.457346143903 778.1146535725351 1214.3006732676579 129.14450903653912 446.58952760360404 476.6213916517113 206.4641534397552 2965.3731659971654 286.3889710467237 217.8771170308033 35.79700820544133 865.8136749266275 501.6122380043874 324.69729055604523 848.2096818833111 298.5219666062741 4656.647133718576 608.3457455224268 575.211740537848 439.2955685505474 235.81609762690445 347.2729085233349 648.5594946321506 10439.720950046752 341.7775048232089 341.1116974433418 3459.869754448434 2199.2126073860095 774.4156362735397 306.8533563037502 1628.9987531492377 1062.8082465085502 249.510076457128 575.6696409416525 2522.787914390322 697.2959606889121 222.30095631885203 43.99288168700623 1640.8840917221967 204.02517672330205
192.59184659637376 99.30710788245871 748.0275400986866 1515.7455923377365 28.741011086354366 709.2043959417699 2970.725916221455 1086.3915511033429 33.89586450986316 41.10056544140044 4861.8709279710365 958.3874273783722 1677.8219724810392 139.7306670372754 609.0450342521879 537.3775304068663 239.81512566725536 3121.3997990526586 296.1243065364134 218.30469322163512 45.04482216944028 1056.9499473195058 721.0138274952683 396.79574510979165 785.7825188801298 354.1900058600735 4952.505218592708 752.6468415925157 400.69033853937356 595.8871249702662 288.9802328453318 340.46725679776534 851.1835687979449 16240.089482516112 340.72603215078533 403.9553811918192 3932.046906900213 2324.1446443043205 916.9790064798156 331.1522541686306 2029.9759539419283 1255.2256568842201 313.03675692169224 505.31583565315356 2237.8818778675454 616.8358491463275 284.77635083369876 49.18316691493146 1685.2636817738592 207.20782945106103
169.3003033673327 87.88292228688829 432.7831754485531 1200.3506731844623 32.35741375223191 553.2163008576707 2589.5346157072368 656.5164770345057 28.194298875569956 19.212835887606463 4572.8138730757555 857.853045468071 1473.7763420680046 170.57035143976634 827.8282139536719 723.0698879909305 268.2592081082131 2691.903804818117 303.2287570100142 135.49476385473866 38.12136957857968 942.8732489162768 463.90422187828716 181.35802223621374 840.4523877078449 338.9932759091233 4713.461427596744 551.623614631039 500.944970651472 402.1549414165838 250.83449934717638 255.25924560987406 812.4762562500545 13686.710087323696 465.99364599550233 364.39147437702593 2741.1318918605116 1529.9632634638685 645.6529683691755 230.13324627986384 1697.8256127757531 923.9164192700521 219.31328780241924 310.04366883177875 2005.000866793216 843.4974517227275 267.32117672416547 55.59903957062002 1903.6105155002463 232.40338609393757
123.64587710758899 72.19123304185052 799.0343491784138 1114.6068125199029 32.385940993019105 612.9965783018275 1901.7670325880972 1212.9930365404823 29.054984990223627 18.068958902763207 5086.866428537368 735.6187078476723 1318.768278504597 140.75159125316637 424.4409788268943 621.6084676169448 153.98091637862996 2970.3679009490547 166.18633288154592 177.02933017037896 33.74232721840319 724.5056292255007 321.0337910275809 261.95975305683413 885.2061726755571 232.87939207786968 2886.659034323352 536.9746029318014 331.73128355233274 369.9796014415115 141.3572779813462 297.1452596508647 717.4883133065501 9404.243532185119 350.31101359873594 329.8658402233985 4159.4915165503735 1466.5775714417462 706.5876280425509 255.65195132618757 1546.0855582538354 951.3792816081004 194.23792371373835 443.590822747787 2294.7342239332334 595.7558319734609 199.3179416642438 54.97925570353458 1196.9066972893359 160.83290695793485
162.97183812685833 84.58398593970644 589.2895956333755 873.0986351480449 25.18195791990455 455.7352357613342 1855.9419169642883 1093.799514878152 28.345530841204823 31.097514378584158 4893.004201087451 864.7080060214345 1454.249792417766 163.28459908539878 606.4474398935538 506.0609144112505 200.6812843988178 2509.589087969157 229.18121745948002 181.10707627313042 41.48119486615977 658.6744540728091 576.8565001580707 280.5061138320847 706.7752181579024 263.1366155603808 4312.1473090344725 534.9003705698937 446.4994879780838 410.1205314441568 210.23357642945425 228.73062107925145 612.2921049315461 11486.27921936015 223.70432435223964 343.49935664158556 3416.2844286780955 1996.8371099449191 567.9734854032896 217.0854459506079 1468.6527790208502 1142.06385646272 261.94967177757826 460.1295354541122 1838.2170295858011 479.2603253648438 224.04142647656187 37.695302343868676 1129.724029824265 169.9792452363392
168.41070745500684 92.92393918914314 735.829152641423 1308.7581048309598 38.21288070519647 582.63054524521 2839.987148196985 972.6906835591487 35.372037106798906 33.18849319019605 6275.544713916463 1083.86192220677 1588.894772270574 159.8918421832036 733.768632118507 697.5758318470243 248.69654496337336 3250.7784151171572 303.3913991652249 257.1780598738191 43.330421662259155 961.1935285232917 615.6190626541296 297.0911028666656 867.7301458703099 400.9408982041744 3921.199533428811 538.6309720653896 578.5952853295482 620.8625661218845 264.26679035310076 322.57526911472064 716.9559404817691 14164.738789325229 346.3627594492904 378.9019033535866 4865.676647131813 1919.3573588837235 800.360981638346 379.408049035693 1915.7971480486924 1132.9750950695243 279.82853048722484 597.8807794266967 2678.569827781962 847.5199020787458 258.51883976670103 57.68987489133898 1480.0867475434527 263.4290383642618
209.88539448100087 120.0555540555461 807.4466833886256 1507.978933367915 39.13284013828355 596.7955897268121 2845.07504743898 1301.0179949904216 39.4666658990882 32.059337810424324 5679.696669033847 995.0009620504725 1796.674568032399 156.46728675637888 704.5656173299714 639.5246396067324 257.9906996067827 4296.17233852264 304.39206571967554 241.82627895894322 38.3536182240061 917.2719883470866 603.7950651389356 336.9710200808353 1110.4361391041507 359.81789345498316 4900.323852437981 707.4246045906557 531.6207152517386 619.4668462842693 265.87962191623643 352.90079859624876 878.2208121652347 16316.511377793766 403.3646676221976 462.95755309423095 4672.34480415383 2478.5739540482555 812.7697270021299 394.58972941516873 1966.1378410338518 1218.5760896387437 301.90999568023994 587.1573783019372 2184.9774269515515 893.6223397324547 263.7213311310372 51.392656165988754 1661.1236625117149 256.1801429742354
105.41108686443825 78.33966644965284 387.62550568831443 811.7835597973819 34.10043924951403 606.40209764007 2207.1005453932403 902.9445624829838 27.42339502818622 22.84790859092687 4817.051968589329 547.7870944192921 1266.2439862922283 118.06823441235325 661.1346623209888 533.4682005313575 156.4272968102053 2949.8455554016787 327.94108093923137 213.60393293089942 29.50785056858079 945.5526472831507 536.8408614408086 208.92896304518084 852.039263440239 385.7424113268622 4016.886778762886 472.6609325635658 489.98605015488687 436.8037429117727 193.6899638640516 187.74082009743742 458.57586727785184 11458.554342766602 223.16744983549785 229.6609130192653 4074.295004547896 1914.8037259591474 664.0517138439827 251.95419848700027 1263.2369825868552 1196.0564878397597 265.4070185693074 310.61594166825387 1781.2303553615463 586.2908694483533 228.80984996586773 40.324346500411245 1283.4741207485768 212.71896061850202
131.7069496605821 114.38409952710687 576.9373968974767 1304.7325378551125 30.60927412869435 691.8452506916475 2558.482584077311 1218.8343962010003 35.64013543104744 27.317591870756022 5329.272600727654 845.4370545221665 1254.3403644723242 137.16425480727594 629.4210234891841 592.7270506828418 258.1489915333937 3078.642801907932 235.22862445505947 226.18027832042822 35.074700985928374 787.8331822704489 559.2989354023729 304.52200582116336 894.8073641290783 293.9633988873918 5063.470877263046 663.8983205911725 382.1017875170405 396.4853912029644 222.48547058501697 360.8201959149531 579.2759173223818 13466.523944683506 304.43477811329785 391.46701290047156 3335.1673527605303 2359.045544350235 701.6797425496745 358.88895116686666 1765.9048077803832 1215.5071979228546 225.92792060043752 550.7268114241989 2620.984665359583 742.6844861231428 213.35701298251726 51.1568690872111 1616.344121355051 244.1336185303017
161.7617177852914 71.1795048520276 772.6681646115497 1098.1151931813345 28.01287151151978 474.4535292434627 1972.571529264182 865.2915436988553 30.446864066713562 22.119662649835043 5179.512194030607 789.4669211122551 1198.973464115169 159.14079638725963 474.7702391199381 582.3938714485682 195.49363478353865 2518.8416925939428 263.02689052344 187.12760800830713 36.68087362532489 685.4294294591168 522.5487460732363 226.34915938082162 651.3541057714375 252.4172436936131 3756.6323645990615 466.29175155267296 478.95762116073035 400.5614834440476 218.1686138585962 320.11367193910263 701.1216669245434 9372.249469406466 291.8272851768278 312.61964937933493 3024.3934192263555 2235.530922584146 630.6037191475767 260.7906072346956 1560.3557178846988 1090.6740585619568 304.2264457456608 441.98934667801814 1701.239736573627 604.8162857112872 170.8102444552942 46.55057903122329 1146.956450897999 225.4267528440529
140.05782893863272 97.76145800110423 506.1257480267899 1182.9045296296856 29.407316448175454 456.07121542692903 1881.3468474733145 1000.7353508132969 24.54396663005942 28.247184022097922 4762.800532860453 627.0549941184504 1304.5348470600393 134.53411254642177 539.2040817684394 559.5503888091966 187.7615683202905 2950.3727930727705 213.58660338317586 198.66403522993085 34.51283613048474 732.5846016745535 426.1066884779265 238.14074146461482 807.9632178584163 266.23166673483746 4192.472427961959 486.9990500720755 512.1688607409897 329.55352041473094 200.50059588527017 238.97793636925093 737.5607711457567 10892.24386720184 359.2561479656247 352.542011566079 3243.2441621078265 1584.36076281276 632.1181028876746 305.68027938970823 1188.5467191286677 1077.8319579594327 297.9335048450176 464.24912721035383 1999.6059475554255 651.19803429282 176.54668205402842 51.39730439604569 1198.013467135159 230.41532510482045
121.0763579262975 95.91483693516719 817.0553420983504 1344.4627202348613 30.686472063942105 596.8301529006853 2354.8513273783255 1109.3270757872294 34.13592007464795 29.193426550605327 5464.038974171248 1169.0660696175783 1529.0857050717557 155.71832070700887 580.5603960430024 562.3393080686777 239.25992981403914 2893.1641357722697 252.06677271802567 229.28421128643686 41.02365906798043 979.3722831608494 618.7385457020046 325.6643955341403 811.084354048523 359.75974982171965 5116.7191473248795 662.6276565480282 573.8909643575038 505.470703033103 202.31683356514108 318.9862652324912 817.9578861489441 15760.2616523926 399.4121699726795 424.85483381755654 4043.6695440788667 2386.3797814583863 790.4345489102144 396.65276487999347 1715.8445145378996 978.6504260754112 268.91178699513256 609.7861025432377 2748.7347647759807 767.154587890339 269.4430615505223 60.25974409345285 1673.8041840920264 253.77645162251795
97.39742251284619 76.10870097748465 527.6821144419582 905.7194402072276 30.01059352277663 435.10181615587317 2072.3128766244754 1077.0947401357676 21.753502682931625 28.771216778328046 5153.189122008949 879.9405701662399 1155.0266706076172 102.34850998946565 463.1718782507653 477.4643333663971 197.6524936087234 2339.463907996035 247.6664746321885 142.66758255891267 42.515939184535725 764.6335194673181 496.4013897264027 246.01148664796202 617.514666243649 342.7101351593718 5095.515292969333 346.07009192395 467.825733985744 276.93550620618447 158.43962741326655 318.71680549742996 445.715429032968 11516.47764258469 285.9251212892812 311.23559413112423 4162.412711955112 2192.2508353039784 871.4794130722568 253.20498956741494 1110.3066001315965 988.1150976075703 209.28069633727037 557.0041718067291 2040.20323273175 834.8602436736367 218.31756725425933 46.66032073658268 1362.3903958276437 140.6791776555125
119.43391842833901 90.00692414789754 640.3635021041224 1055.8272446723518 24.593444186702605 333.6825278440409 1230.3470447376103 709.7035247935902 25.758206721831677 24.13165634345686 3836.418082308068 708.6841392434783 1232.9096517597284 70.7960606047739 557.553058443869 377.8510816724945 152.99111268655102 2173.078348444662 169.9817289570989 128.3219903089157 41.53216292213031 661.1660077754887 471.31340484868554 183.11926658971655 523.2908270155682 285.89747857040726 4822.510395200628 397.1341310066205 309.4006408477646 406.8094466281228 192.2066595365203 256.95056072385546 432.00099493314036 9240.406260125417 131.8856726347931 342.52305791676446 2301.39595139653 1770.4625657249646 330.7180123122575 229.61453401191423 1239.928412162879 1068.0843645091845 146.23774507136258 452.237474859852 2207.8179402224673 444.21311496295664 142.66182311771786 49.00369913329351 1287.079796090486 212.38432705427726
149.4942666438662 92.18728539761632 728.0959894734721 1334.849135845017 31.263062489230713 588.9982593195533 2417.9620925675995 983.3166668296061 33.717673058327975 33.26424339571237 5712.75645292897 1115.818797421457 1285.7669787803854 134.08051859257932 798.7231828406867 605.6515630583265 276.03648737448066 2328.159892546694 241.689833272456 193.9306856568694 42.943463643142664 708.8859028029605 625.7577835385321 333.24323083828637 717.0430997176625 369.0548958752318 5049.6247385623155 485.4111631800504 541.5715032869815 517.3000170182228 259.0770533956793 331.33465256470146 755.0658078701372 15115.365397169535 355.10737514909334 415.84316972248246 3741.5635588695354 2646.97198830942 671.8152703770368 387.98962873365457 1759.8772846397096 1205.2408960894174 275.19815060632266 372.45208663803663 2546.4264493770092 724.3456148102985 199.08297934203796 54.22793962787706 1443.6119093481045 239.34389875317214
152.34256285665543 90.00729723798307 748.0273873000884 1420.890328404911 40.00028096263838 550.0760630115606 2334.9127894503044 1152.5602977323185 44.810567455894954 35.80789728705672 5979.314946830749 1006.6021610280607 1454.812859805946 153.95796163623652 770.3606026842887 500.601329035284 245.47368197170738 3481.0563428137157 244.69010431536526 184.57153548418202 36.24063419027296 872.4067703197805 647.2248827087514 294.55255029570014 885.178217224028 378.3903646288085 3972.582929410052 646.5434269927327 458.9327968293836 626.9689220270244 240.99633214368802 313.6059983704684 846.6855869941053 16543.77642164108 305.40857843520786 472.52062368619346 4012.5159157442536 2458.257222838606 767.2441509021135 412.4475321520379 2546.2432294351065 1388.3267875855636 339.2633454733167 474.458831366722 2613.320166380891 838.8772513132944 270.79905212487284 63.90020090915181 1715.4501692870872 232.3991242413793
111.5242588819974 102.76739606609031 625.0703146897644 1063.0663033932478 40.95227674291655 425.08847631351966 2751.3793874683142 778.2988678855097 33.63911596478178 28.15672000205314 5103.893414362218 917.9272883651348 1740.3698850833707 184.91560135991722 649.374738250625 480.3822266072629 230.4747767806966 3221.3091372410454 152.67641121824894 175.82322216817602 46.63239570639331 818.082450362884 848.2023054872084 348.90919112155683 914.6191619811427 330.85521424315044 3725.5295970791267 579.6774425459813 543.7205104441001 411.9863393073535 231.47101698862 403.6190962243037 644.3725302939044 12674.295969616594 308.9434558501136 416.9143515359373 4280.842263182799 2503.06202383518 756.1965167673006 371.91124562701106 1797.783184137868 1360.504326725129 306.3483860258763 408.90918284119937 2652.493992422905 818.0114185083752 224.77780380130977 49.90086522033467 1286.463514457896 279.7291327812446
152.99648250794328 74.14259714390495 617.0994208142075 1389.0266474973726 19.512082786542113 738.2976180869776 2143.414621214262 938.430843749221 38.7194391949048 35.1502771824923 4316.556686269433 915.404248497648 1936.2317487777475 181.83575765558913 666.4491175927576 553.618632440156 297.7901848906006 1803.441270286158 220.53221710053938 210.53053481295845 68.47397607858252 877.7351631177526 646.8057943334826 381.97981510986864 829.5682476361675 524.3062695695285 4368.986926137963 615.4126980737491 482.43440015250474 444.3398370200971 325.9325971080905 356.89202343156535 627.5967076581132 10745.14590908861 340.0827160281306 433.7494421995807 4051.6278535247443 2068.5222455664134 739.2151186749877 318.0151709632761 2389.9671218302287 1316.7677890112582 288.6007115961089 682.4213980631006 2349.604011264539 811.5610327956549 305.9777312790836 52.292539856598275 1520.2679958898648 194.72485828187436
152.39287300457022 118.23849995704951 749.8810048294015 922.2184445885761 32.97930283564381 423.37479835938854 3307.0323364717497 1635.6592609305155 37.76378877447694 39.55530614495641 5914.572078509753 1174.5987839602496 1536.8039530085232 147.9696239427122 604.042658401216 558.6048025894705 286.00511491038253 2509.101100758427 257.0791603094072 185.57666332923102 40.89653029382993 528.7998695366298 778.2004724122748 265.38751083398813 1213.153598681524 442.7435518169498 4187.1970454038 616.6300658667528 541.3001829133307 793.0052023970871 212.75493526370724 297.33678681620125 856.6961118841612 15227.48193134051 339.5159717232442 383.2213417631708 3722.5982087846874 2509.5320237030132 626.4922294842588 359.09806043773114 1823.787451669451 1429.7933112033381 373.2746886822759 539.3603585030694 1293.5764480043003 785.4374792567475 239.25333511276924 44.404749091982445 1954.2977765315595 297.2248263014274
180.32555269320474 89.21309393244653 778.7692770117501 1227.1555769969132 33.651827031945274 525.6261749888058 2799.5663254961873 939.1988929498384 36.55417069382924 32.051080786182226 6648.773075652201 785.0146391880885 1621.1113332122763 148.35020715689097 521.2199728019069 602.474266854593 254.85972066926837 3399.399387539491 228.3356876387919 242.39868499111085 45.34256426663943 868.9131901686035 594.6508926766111 346.61567491826514 751.3222315658346 339.0555954643343 4910.850049646852 503.1216223823926 428.4278111429147 511.16865858887286 196.0189631165749 406.7723020913737 679.9516077945751 12655.097313730868 407.76281376087996 357.1038160649074 4154.360745964156 2272.3133635632344 562.7219391440467 348.1611032365103 1647.0227427929067 1147.8902455203345 258.41040108841906 535.1711977302984 2822.1979252515357 758.3620305039354 244.86408896814999 48.12380607027391 1350.1809555827613 229.4914668671037
136.2085225747678 85.1706605778103 626.3977605077499 954.3576814754072 21.377698719950295 449.8470929677327 2235.189187555088 947.9317814768004 26.56440813571679 28.012811664084808 5199.93476952486 949.8507638514262 1292.4693290558082 130.76098377830007 668.9221210294596 602.0339710492831 252.0893084274257 3496.2625704949223 238.15460328977463 212.2699833474053 31.017644915547486 746.3449125293118 682.8186391725419 278.82375113576245 618.9672470793989 248.47963740889105 3779.3406800969146 598.7533707139578 369.1012763228749 354.33464489688424 242.6131151119059 377.9828560972792 740.6992061730264 14553.912245818256 275.86732668688273 258.61989752546606 3595.2112754120485 1489.3785671654662 591.1059652358547 343.2459522750232 1597.026843452462 581.032142641831 291.71836395103287 379.2273837190623 2078.2247680347837 787.8167095541143 193.54883308903896 38.24964338928059 1106.6930539201117 222.79253264558042
158.64894779657166 108.83702054098286 603.6682641617557 1312.6429235672429 33.55958510553363 668.297547569951 2086.1312295534485 1085.6300701147347 29.456901002674897 32.574277273346944 6306.473133181163 826.3789401405147 1529.1610818192883 140.26670096954678 612.405186999109 575.6758845422047 246.14895722105743 3652.959375260147 277.2206617879611 182.36076012645233 42.19608309424785 982.1563566378003 509.47373868390366 277.35621479143117 760.365347485082 322.3090027874382 4585.6803730852835 592.0373122766198 480.43152408261227 589.9251168448494 240.2270817089468 300.20111065517955 703.8827186027742 13964.046062220705 269.25171529974233 451.13901686311317 3731.3215995845226 2034.5497253555047 775.5525568219971 333.1934303621546 1504.004080067042 1187.004607514473 277.89477740945483 482.4167195852708 1441.8485010766233 635.0979408383769 244.77121010986627 51.618979705650304 1692.826280795341 228.4418790114497
99.72044690783575 53.86732017984842 389.0939721256741 698.8814435302135 16.221850565539754 497.2682074895341 1799.1839249362708 865.683103802622 23.30804104687804 13.010244604633268 5220.8429399469305 489.49314385950026 1141.1906364866154 82.97338440594774 375.27645698197296 422.3882823712307 156.97415878681286 1589.3137316038192 170.59312732193092 145.86498446554205 20.215378924682646 575.1729923203742 503.1038144427933 224.6766345638825 712.9608132252956 327.799053254856 3346.856083060051 380.47707440523556 236.26212259820218 198.8261661866862 128.81474556191662 225.2334354326179 441.52835836083966 4895.887799844828 99.05508381365311 259.1080245946509 2383.7671936819584 1527.4190924424813 440.4698315221316 168.63190608026088 988.8698278351475 575.8517851536957 153.52525630532008 307.38590751548594 1356.9892386862562 546.358766816019 117.39862358660297 33.72837758577111 933.3454682173899 182.78340805108155
155.94844012470094 97.82801736808375 854.1148674703823 1430.5036837013483 37.29932451051742 698.5156767454707 3363.909940964448 1441.206360474568 44.01169596823036 40.612470488382094 7789.308446466135 1225.253849300678 1949.7981972868804 248.0958799474737 703.9826228037323 642.294920971735 203.17800159668624 3223.698959090595 380.5827317951524 234.81433937238776 46.0299958164567 1240.4547833018707 562.9870847240884 345.3008485866647 1204.6920583155527 411.0161875072053 3152.568540883897 699.8725229920443 711.4373348711785 560.3252288147185 362.70457753459493 370.95488875811554 538.0432936951213 13631.766231418813 321.1217736373645 415.50834705088863 4405.568373572363 3142.8787987111245 790.7519198919093 389.7574560547623 1968.9960749693355 1232.9614694721915 351.82528398322023 557.1497975219663 2552.6375047906668 957.1675854300089 255.87959514567183 54.83595738635073 1896.7359641511446 172.20474758979876
165.04832518356457 127.2564350487794 824.576467670613 1842.7925503897932 38.98299579718042 727.9065642729486 3725.5640209477515 1143.7996047874585 36.420658789440324 39.222156067990944 8392.580932128343 959.1769492624305 1919.5141286553858 155.3402670608223 968.6528878091168 822.5975876551445 281.8516067178095 4159.307603566759 328.4049540981992 249.93076960672454 49.68928064798687 814.0163046715326 803.4415290620007 355.4776455114616 1001.269984336983 363.71458072527105 5432.960013547938 726.8648178098888 692.2040513854962 664.2160904487858 385.35823396508533 468.10015204367915 873.4202239305324 19929.933434531566 489.16923794928505 562.7967009229749 3976.9086053510728 2437.7558616449373 954.6988657227835 460.73490417928303 1841.4297008142653 1421.540757778992 322.9798813759939 752.2050806296065 3211.072908910982 1140.3340755322529 310.33801766979246 60.49547323035094 1949.7424863177682 307.15389737456815
136.98695291845368 57.34445978170405 545.1807168441044 1339.341091180442 20.553510922917166 397.19570356363056 1695.982539735121 931.1040134749317 26.762889209307193 23.15931675415043 4129.1902400898325 850.3816794001834 1234.2874364594604 117.46941897575579 516.6705719500477 587.0152593292246 127.31070593005552 1863.6458288972913 165.76259543900719 158.016604776311 35.173609106676416 627.1711690851595 490.42600124541616 272.6073451398043 671.8570432639291 254.2170353898663 3446.2064339443177 399.1030083687535 409.09613696693924 273.2316744107887 190.33810097036047 328.9902069497283 388.089168351565 8052.613440893563 254.25457027511433 298.8215995818049 3305.2693925897156 1658.0218825552593 543.4719061885917 230.29815823871996 1097.761943601843 845.6451251339616 278.53338318759535 446.4671820555651 1475.6040746676426 521.7280683861484 170.53446625243504 41.37680778506091 1177.455670919479 171.20722903739312
168.43329768901853 85.42446509414958 693.3903103701417 1335.786196060894 34.068051326088316 577.9985823281785 2177.081444116588 1037.526154328822 33.57716946735645 37.66709007649694 4950.1411405397375 1018.5973436225095 1589.1358145704978 187.4823665186344 618.8003128283132 592.6803845221077 253.62881556349635 3361.959595560839 275.3561931725468 158.20000274897012 34.18517465218202 860.8638677479126 536.1250903860067 317.5319094379248 682.7957215725035 359.2032087263428 3792.861557116092 622.1046968855991 610.0220387955522 490.6262136416231 244.1502466703282 339.0342452820183 808.8948458142071 12594.922776207419 307.04299654043206 346.60243237591374 3899.194800826058 2219.5283382868574 683.9371578766514 322.99119326747285 2254.1185161137946 1171.9742053674138 284.94251694526776 541.997088174916 2042.2577229546082 742.2417755954181 221.24460812173166 47.52810732742341 1764.7834026773376 195.97608778671793
176.6654321163355 75.44904382786241 718.6761777884043 1546.394103793763 30.181983811346633 692.650102226775 1836.5930469113007 1191.9557159375427 35.953613748235696 33.15037832640524 6074.599228415889 923.8264865159385 1970.1182744215416 127.00438196772312 530.8363859133761 534.1958034851845 252.9433920549575 2977.6710271945653 278.4146636991369 243.44763474985882 39.53136556092712 640.0164714320997 664.6615280958598 246.728563471091 976.7878443727731 363.01472791499344 3844.7841762171856 569.995250725777 521.4315654970828 514.1984325620524 244.44238504650818 418.4711804766842 885.8456921136478 11115.688068132251 317.40239261989836 396.0312035079546 4140.84991777031 2861.2718183417337 712.1728685431901 351.4154849912381 1703.7492457077121 1327.9426072539613 277.0655325556711 507.8557412131209 2760.57460973502 758.3981016880425 221.84029069161522 41.92974708878023 1820.8815776126353 292.0671808802142
201.0447782090791 124.7147894515481 755.2721063058334 1818.3044312834247 34.79015298368358 699.6171458935619 3497.4148251877314 1304.6020299789272 39.04480841528829 50.575277901078245 6668.342647943407 1135.8641108040617 1814.5674639646836 219.35583566497232 776.4273039808071 726.5537364113273 355.0652081223735 3141.954058204589 314.599936692609 248.3164303590009 68.0112181605485 1081.0915987020217 776.8877343258775 417.7491300484867 1022.6584790731703 499.61576492051375 4929.329699605392 724.2166265001936 576.7374475491877 788.4579849282627 310.37109821076876 331.3577512184214 999.6919578671286 15518.887682768727 446.63188981800215 511.49015760242014 4372.378295131474 2677.149173761192 937.7399039881362 339.24562633299485 2507.6531745812645 1903.037888935537 318.9093699806453 528.0944421573728 2790.644070451458 990.7128502635787 242.06285001231583 74.15077144838443 2346.691767450242 342.77949058394563
168.46713924819363 107.404750393549 743.4217693558619 1577.9706466627633 35.735878652159094 697.960329245457 2827.11107864607 1265.0806555569059 37.87537838925508 42.59841154888118 6432.393748839554 1119.6794184845216 1666.9396731755487 169.3014152993322 834.320276517924 778.0458364973535 270.18838944382793 4278.405879600456 264.88875421991503 248.96810215540995 40.85156099592016 933.8528534073049 707.1669021872196 385.28964300395774 1067.014818331867 354.33324416146854 5881.074739369504 699.6525185930527 604.5678451570558 607.2548848931788 312.96532675052555 398.40013726557123 854.0439214100879 15190.67955641319 381.35762781456833 483.7088102598145 4606.36899903164 3265.682386671464 765.7234317863692 421.2826240046727 2440.6026218388197 1262.2846564154477 309.8011549721067 587.7964863578287 3056.7071040241135 960.4742825942246 263.35537536683773 51.68423382085254 1903.8481214669182 275.3456878572505
103.65302657691421 97.99484313356737 518.1131927710393 1497.6304103992602 27.395853989199914 510.64705113195726 1876.394519279097 869.0260619459667 31.233165018067602 28.881637102599072 4899.244369039072 931.9883138687863 1883.7372741402628 125.8133791980984 561.727687985305 406.1513005873308 196.8468712054248 3168.986717975657 297.08048209281304 208.7157942259827 41.99546432306576 679.2771483904596 594.5776652136096 430.358677979496 917.161446148223 367.6760944704351 2942.3270687896297 654.1189298559 551.6180119669509 397.15817759508616 228.47929230253234 293.5069083530107 509.16255274470336 13529.103851886654 321.3386648582612 324.0828969553425 3084.1171635069845 1929.740840712575 552.9324538182071 248.07543714458353 1880.6825777349736 1245.555147361603 237.24700444822136 538.7437623341667 2150.460477149458 531.0618376146288 172.089289948839 45.94748434972244 1799.3391506447556 143.69331769899233
145.99958825363217 95.9675828637448 798.3253014606116 1576.025733961842 39.190120337354415 587.6655693016937 2197.165643706277 1033.2312438858855 39.561549458510974 34.744056795640354 6358.593254237251 690.8575877075272 1613.4130986735106 141.74371624218097 687.6385756868535 510.6619767400417 229.84398115937861 3060.120097196906 283.98401133946277 184.2221801617397 53.419879961853155 679.541592859635 629.2957694790757 241.97705563271256 827.4852328185852 416.71446240127597 4336.325098299313 437.2945844556124 669.9815839278424 593.1702882838576 224.99234285864193 295.2942521777814 835.0756196750986 10966.744799510632 401.9505114517949 307.244610766527 3200.630300840156 2874.0912422392107 629.0363418818391 263.5126424334539 1749.0021669798846 956.5820134562977 294.7833998984504 553.8198343660291 2797.0485140116907 819.5653673587929 218.16472306270168 48.89862324353807 1051.222411081071 242.7619004887224
143.45300788096495 107.59872326590923 584.8122457273239 1569.0171107180518 28.530155013965906 648.3946197710549 2071.8398567632125 983.278953127767 40.30434240684731 31.81588934343517 5506.585762180856 739.3284626212894 1701.1966582629145 124.58145064206145 597.4804260279741 727.6080435555367 209.53352962744216 2980.704694921958 241.57004383599224 207.91165105303236 39.882913246306394 721.3444710579296 586.3523940473804 301.47042445545577 589.2452988012066 337.90947976139876 4220.490712865021 560.6467515170465 478.26860013613043 509.3862667726933 221.88330750448313 425.4200778850776 638.5345152403308 12010.409348264811 268.69781229801475 264.85572438675615 3674.9995204416978 2234.27193237104 766.7093050396179 337.30972307564025 1508.6695836956721 1508.2390432383283 303.66641048148983 527.5842275364021 2753.642526596177 739.9358918136138 212.21973331278008 60.99301927930757 1410.481561774431 285.9230426785568
126.22908218235482 67.1255613992253 823.639819350491 1200.7760035366093 22.041378436798432 587.5958052292608 1835.5651091215514 1042.2690971831591 27.263054377411493 26.87750117968188 7064.734032851558 884.1159574707217 1611.5162250859767 161.78034910766172 667.1354883064512 671.4371760935974 208.7953426612642 2080.6254411687455 157.400668068955 172.3977376926233 34.406953548926225 706.5039664145422 508.4807274324989 326.6133205665314 780.1682433104576 327.7743308422051 3465.294818596359 615.8306012485698 532.2914675639529 486.8444671659063 233.77870503181634 324.9067265698506 522.2957308401582 9489.02508800312 275.66503706507075 263.8113462954063 4318.650349751323 2118.854217339326 585.5479557975193 294.4676726278401 1639.2391737878215 1014.4417363096806 187.02035902176067 326.1780728224769 2230.1776047462563 680.0876032692009 160.16229959852095 52.162234608794776 1194.812618225522 210.79048950229216
145.37950073484672 79.74996389535735 653.2928248077849 1443.1791467515368 36.29455949621706 436.9816108034328 2171.445327319035 1189.3064088017322 27.989345740578095 35.29174665579185 5088.776729599072 846.3427102687912 1720.5209688516416 135.91893879767778 698.1265249601371 597.576491359833 210.99979077404666 2896.923121527763 258.66003221900337 191.38813488035373 26.464601012536406 922.6233234292954 478.1580727342141 264.8771544395032 939.4717685523593 314.2365069835642 4155.519958415686 549.0457401604792 481.5145062224796 544.7456397956036 192.3346908958861 243.97878844005814 702.0979368124524 12596.586775188938 324.8081962390775 430.78232922810287 3855.500114430894 2413.9105825569945 737.7200290063956 314.77498686175574 1936.91002031065 1012.8386843911655 268.15162918203504 475.10840639236636 2042.2149828646914 631.95112127992 241.95234303806794 49.61554772711922 1270.526686635228 219.53692873737768
142.35265181124865 104.16680030447391 666.7727828948581 989.4939606560949 29.544200710435764 469.0134333480534 2645.943051330178 988.6623430648507 28.00833343335965 34.240836159818876 5813.82976334011 1088.2844046303467 1479.5536025952315 164.27835531172204 560.8819741295447 630.5501681146376 206.15098769011317 2620.028604210368 279.20298470994055 208.7445636319244 24.317227772326902 1063.590297401742 574.9842766171056 323.4673372549338 757.1501014023617 408.92583857905316 4412.184427845457 628.399101753362 508.6153413612103 355.0318240299033 224.26399851829834 387.21809641112264 912.0624466075013 10629.468602094397 446.21051884082254 372.5204511708269 3511.7214519308936 1955.780965166578 692.2152688987504 277.9753091466289 1536.3384770537832 952.5493463323909 246.6382405864664 385.2510040254597 2307.34052713282 844.712171391818 251.13196232228114 41.696748757088976 1713.971265530123 217.20564372213548
160.9385338048696 95.67714498504003 863.7750768852085 1282.3014320486939 34.76007775986271 591.3659893802297 2145.1206550806355 1183.119836275008 40.620887825512796 40.61192004282887 6696.768217572593 1115.9603331571468 1539.2282466602737 177.9273084664928 730.8970798799005 648.6748653075749 217.02504577037666 3164.041202386872 303.30858388637324 277.3104665913552 45.03577241000933 821.3277351308565 669.8349150740753 349.94334673255355 829.5572513025128 366.32184406404997 4994.623518153155 584.6726270927318 512.1768393932563 510.27274372140903 291.3060215803634 411.4321221952026 892.5360398882514 14545.073817306496 413.3717380101609 415.55681820423376 4465.462826238951 2436.0606496011264 715.8655794837875 384.1090578181282 1844.4446773962177 1274.5419195986387 393.8150525278311 669.0852339640737 2608.771314318728 919.8435190232926 213.90292200076763 59.184060839778574 1657.8716547590166 287.0725502647606
140.859958468755 90.58364810697172 583.3416317107907 1524.6212164506853 17.46068536787856 620.3383111047591 1839.3925889139696 980.2036276254953 26.241746901118816 18.34964773159108 5474.996388478115 965.5287359193285 815.4842235628498 121.9103865840323 644.5847890474057 569.8748578967771 161.59566214021785 1618.9114460543178 227.19146755229605 172.95408008868293 37.13495862727802 627.373916828043 478.2587745944235 196.94254651647014 694.7595200665685 319.77081319899196 5455.722186083942 563.7716150739437 307.940698855206 516.1723964693836 188.06744615149006 326.14493165933555 412.0812562741452 12377.52620074348 228.71626101518422 289.5969961834641 3665.9031984585054 1951.1469170043174 794.803144921763 302.96976704842484 1374.4389392250496 1031.781129533548 233.8861013837628 560.2447948582678 2167.405750107718 684.6935561313317 194.31110784665634 34.475499141509836 1410.6272140138767 120.0092899360278
154.20689770340294 99.33148930195229 717.2434807421171 1402.5399095216887 35.167114179206045 642.1364538319079 2230.5281647290562 1072.8101125290325 28.292272756669696 43.091664807749616 5654.108832063546 1176.7933898944993 1563.0723273224169 155.73431772277178 579.4456226298237 634.0035192086773 295.5874898510469 3226.58830698134 160.66254716270183 201.40374824456953 40.985906711626484 1177.3551188577403 593.5919664007857 280.39600129813476 838.1965329504468 434.80759741734306 6512.416290606922 814.7141885938689 494.293276801859 356.06089684492537 278.7946500876747 440.3249084990212 876.8905819842457 15743.031219454579 376.9039702374775 485.5004405198033 4257.113992661301 1883.1640000365942 805.3535944270741 465.2903251723054 1691.5096262133836 1351.3777740623937 372.03152692983974 702.9630831287186 2863.6513186395478 955.5022899458598 300.28576722811283 45.786686904901316 1937.8046589148944 234.80861508455894
106.90788248238523 76.56429963934713 530.5858477814536 1149.3620630944627 34.8681366377554 524.277920047673 2026.8910765919745 904.6248454877064 23.46896444801626 28.868526270649774 4746.970633867685 737.6813626515639 1066.668688712416 146.67204702903135 550.8014920456396 354.8397961651818 199.05611025644075 1926.7828038397906 198.24873495985398 153.47708220791952 28.859575926829436 683.4516424715138 436.226823123615 240.09714971018514 607.8493490004058 215.7251213078203 4217.596102440977 430.5016196369711 448.97807226551674 449.6112957380615 151.43746750113894 294.8990100835417 642.3750839762214 13660.109422172718 271.0494389499053 290.32950101473097 2818.1761215796923 1436.512083683711 645.0956523690313 349.9364748960489 1283.158779257001 1152.3944725106946 284.4574069810382 468.01975638346664 1933.7315366378525 716.5009857256356 228.14402047588334 51.391873560669545 1283.6376801284102 174.99940749011276
160.2403687632011 107.54643763866905 773.7488112518301 1261.9641698314383 24.200226443334557 650.1772182886723 2161.383790054446 1152.3733766090102 32.46541784484306 27.842458166004363 5110.789893531825 874.5031512586829 1123.9252560242694 138.17496899992503 538.4495520206275 514.9804652812586 178.1910025730511 3602.0558512358225 259.2110970158742 190.1243018688449 41.859494021473814 758.8137117536096 723.8422886258779 259.3203226709179 873.6207928630192 336.44917557577924 4359.773252223547 544.3700165303129 634.3504164636246 647.1321050727317 200.91849197555672 432.86544813379294 670.8163011005266 13453.879251703742 291.9531391054215 325.0668567713194 3171.269701558744 2128.643666806932 656.1529300365477 371.8278169443176 1833.408630586949 896.699267466845 284.70983725151035 594.9416518337575 1978.3886061554604 897.3699843279277 240.10315083129498 42.85747568531987 1264.6582128317782 212.44041103325526
140.9051352812263 65.38537983448666 833.4971981924107 1304.7502925201975 26.665654523247 565.0952946894621 2144.8154526889957 1063.2850054199523 32.517145872118704 23.034307171370017 5415.4124234676665 760.0334865843315 1423.6492355914256 140.9056499837775 660.3326839599247 470.7489052425487 244.43477498798148 3017.1758493528177 258.6353823647851 210.29596010994058 42.57966107137762 674.490025597932 714.9577605381342 267.36539259100704 852.0999175220514 346.6947231186259 4828.7838086164775 438.79796759767976 502.280670414579 510.71448786052315 234.48857836750565 305.3494619905001 631.8395507511768 11825.044786836366 284.8841034415623 372.4372817290982 3570.688913430357 2038.6184349758953 703.4163306539164 327.51768224444527 1403.6287524936176 991.4076680376055 291.19311359791067 460.7879733004059 2341.7583152907864 792.578826167186 217.44924465623438 56.05779162962913 1236.7789730338059 210.28431761642184
145.07705964247634 93.5734950305432 630.3624994568667 1642.8280166309448 37.23062109406474 641.8834790671983 2823.2649048326475 1439.7007288192865 33.376499854147724 35.579392958236795 6452.143031312144 1156.7776122363161 1287.847985944815 176.17643689364144 720.0489733320329 522.7742262147103 322.0513183573594 2745.801828044845 258.15170680460403 188.81385539149647 40.30680978998083 904.7433057590898 587.9940620223678 356.2874620652543 966.9958278156258 364.38202099774566 4353.957756722861 733.1121112640101 456.1285807846559 435.81618851898173 256.9675766294296 372.4289429363692 807.7295396920757 12801.958584415112 271.9277447469133 448.66518152279195 3820.976591282079 1880.9001877694059 713.5715055704779 374.0358986171983 1606.745843296584 1346.4356011049147 295.14215578170837 524.9060843579684 2543.5995769330916 735.9249836612261 226.01748045928116 61.94087953224502 1699.378069624176 187.3467808655444
164.8262290564618 76.84082916696823 520.9616896135095 1369.8188858104722 28.492949807967513 491.2665493315175 2102.3228185922885 800.4438550429992 33.80713219014855 26.0914191385358 4740.298837985652 889.1774685238266 1273.8254615015383 136.49803911913355 632.8360528531296 506.6616694797745 197.58945856279334 2336.8222505068516 202.1660411464246 186.7204910885416 37.496984687180145 637.5719928682718 553.0344283715688 257.4189194321133 629.4454539160861 312.8000496969417 4309.744918930775 597.9671225996632 462.87674588719943 428.96832415452724 168.45070775972795 286.9464909924748 592.7611157241528 11740.484559513889 268.70124834220104 336.82188628940617 2562.034949014611 2081.071826029392 587.8381212870526 314.26599271388704 1645.9554744335212 1014.1292855588595 304.01841629396546 376.5130460485561 2506.9617566943916 721.368632782511 273.567546867956 45.08830233203476 1358.46862106807 195.92233344174824
152.51156853440781 103.56072228969008 634.8177429821546 1127.8513038979377 33.93126064519036 735.7177530632654 2301.0339189093893 1397.533723411881 37.041851224527306 34.559670480663335 5610.076127018891 922.8515838461915 1518.675815453243 167.01779058169032 715.6855872667726 650.8075585723159 224.15185247065338 2934.4311372013467 288.3020006882555 242.08822289785903 35.6489927199956 1190.2927281020247 547.5030885772796 346.64650044285514 969.4440247147205 415.61712646453054 5605.593445806772 706.9410104586784 525.2558262368399 636.8485344652416 262.43105219091984 345.6193640961025 926.7397786848919 13572.031962476121 380.4583477998159 344.8926286685581 4823.125866994973 2700.045478450347 757.1438704824646 391.0716361797888 2028.6062841797968 1229.9139042237687 319.2730782247382 538.947722919055 2857.795335074054 827.4872320104051 258.20416726269616 50.884042950749176 1568.1083190970662 244.76890518691783
184.91284187369962 77.46978042986612 707.6113728284694 1436.1295081665712 30.669916594557325 665.5989732019499 2330.4236011993016 1331.1169478406493 40.37644870396746 27.701305443924852 5679.943479883553 977.0726885969344 1741.737509630527 230.84894602467563 728.5920885614296 778.9813633140542 243.63367837617056 4743.783177407059 262.40510083568495 183.99071822007687 45.778780222068946 1017.3785040715875 529.785220152598 528.755400248053 1002.1049223679131 357.30999251799193 4328.692789016991 886.2478067973184 439.6369750618449 663.2406907655943 253.90337085096016 323.0095851601051 850.4141306547696 14832.774025639843 429.6361387048974 416.7742926215881 4619.696967422996 2526.741206666985 810.2301255914937 320.81567951482987 1495.1478431416595 1307.5511780194752 319.256017820391 506.63491917796125 3147.074529872857 635.5639636358081 195.02622006272827 38.41042672958621 1650.9444151137395 313.1287190077664
165.21466845963982 89.85604809993866 751.763623477462 1072.7789084151684 31.709085882803976 461.3095258729474 2507.4901123179975 1059.02534905884 30.31980604440725 29.01619735779658 5587.6590592089615 956.8103251461785 1301.2136715609636 183.1590744169557 676.5288876599122 519.4850744641844 206.79534439293926 2455.474136819756 252.21178775603912 206.77993512441242 39.74205374734369 1211.4566814493728 637.0548649128136 252.2658812490165 921.6767972718834 376.22955971289775 4575.126559027075 595.474250973549 472.6554568186476 498.1583124739094 180.42583736723006 256.0417788719982 695.3216661344719 12603.732503520338 337.8734405086919 282.9366157855451 4475.881236911079 1889.6580729824473 800.988515595966 252.10969636764818 1705.5444062437157 878.899481370736 338.8264984686872 562.0652390102483 2437.3541060415455 457.4671143755284 227.28827065971439 42.37455582639499 1125.677725646889 275.75263625627247
117.37243664494713 61.93071647657514 426.3456299049551 1488.6277496709938 30.96971564342068 436.9780169380316 2097.820102741981 1093.568759521107 24.596860742741608 25.415400374561486 3940.0858275565542 718.2305908078132 1502.7842420439738 124.19044320967757 444.24386961183734 503.7723944168207 237.25164861879537 3072.9888552859743 168.06620402765068 158.81283342984472 27.381550677639098 745.7542708370739 515.2576621962033 249.60822402752234 559.7949347669277 265.3403905511137 3637.9368033771484 576.4878291959957 333.797099956935 383.2456465961526 173.6671650806601 290.6664734900751 571.7862269995508 10308.054283846897 313.25898974371285 302.4101819236063 3109.819057720088 2367.6303893461854 567.7612814900688 306.77664483211424 1434.8929823551239 1219.0549004404784 276.4976967529354 342.49093032144776 1692.7401738135857 465.4265106867298 162.9317013110995 44.61029095263992 1401.3486192054995 197.23594783962892
143.71394124797573 88.51014233324449 722.5562522789337 1210.6081739312988 32.64839423363184 675.7314659041614 2538.1428099536156 1237.211773880838 38.56471992400497 34.898629516910745 6502.424390390148 1127.322702202845 1631.333691168702 170.44817173664137 729.9429355125823 518.3928473355285 262.21900138848565 2977.193524289376 292.7956665502673 191.65646186000785 37.43107899803324 868.0106476409434 686.0961263462773 310.7913532893253 778.1094889942266 373.15211618821616 5289.8087974914715 733.6814772638105 526.9515183392549 522.172078201353 215.73451633944327 347.9624282077033 666.5557727015749 16421.897093345968 373.16208875437115 332.70923990998796 3718.3290855148607 2261.50706865997 747.32446901444 390.5284357743412 1875.4497567325798 1203.7082700208505 323.496264290496 484.87951028936453 2510.4920149938066 712.355438224626 275.9479982215267 56.35823130647698 1647.762602818896 213.8564162369259
164.09025349318128 89.29006807072889 634.5072263099498 1391.023583371207 31.42094276583776 687.1479308042265 2254.607331996114 910.641305486165 36.73484794007018 30.543004432276366 6999.508776324826 981.3021466922038 1278.8026487817358 188.70488251298215 597.7861621330286 678.5905656993414 213.0776360113226 3207.0590163863453 285.31124005678015 214.52579068666637 41.24134092169692 910.8522102215641 621.7776288937968 307.2376218134467 1100.9551523322239 348.4712901781678 4523.18125262131 574.0617037770555 541.6175781532969 493.6579908112023 269.02232932191777 309.56794317572985 782.8704279160155 15973.76646195341 322.43217759151946 404.7732475242724 4464.04701429285 2697.5338742116423 907.7957833865094 382.9821878798693 2219.808854436139 1185.5045332609086 328.2796799375245 558.0492680290972 2362.719325860976 1016.3565223902376 192.16827872087765 52.99267810436971 1319.8349041378342 286.14640417509855
134.85271176152983 91.367517124791 715.2857529444885 1846.442366648702 33.676308685354925 782.9456917652639 3009.222231909564 1350.3196521483956 38.958924838388235 29.79890141041116 5188.364821546998 894.923218734401 1659.6188211397034 84.58168228593368 781.6190091993487 681.7943080598315 241.89209884788818 3027.529024895643 366.01188247333664 266.45662457282936 53.61825985420215 857.428514881724 677.6049555748086 377.83412023903963 970.2881443176096 399.66907021510315 4616.360613777726 593.2265382742073 405.86539179015296 419.44593866644294 316.5365625242769 431.98625827115694 859.5122473299323 13909.014642690254 414.2093817789164 333.8914881667446 3367.1302414340294 3376.802138890585 919.4333264480557 455.25605209815694 1710.280929819291 1432.6208706320776 320.28398699427436 518.2676675554144 2389.828394310304 1149.3792516896954 240.28332010321478 60.74754134352535 1655.1823828835852 318.62590481515093
122.39027464465411 84.25390723234543 666.2747542314232 1599.5114854561486 28.507389744455224 741.9421247399491 2447.4210136552415 1096.601003455524 25.213418273113078 32.354560567498254 4892.5465397089665 879.9664470808506 1439.3412250329386 111.16069716135472 605.1535738624511 473.1871223080339 204.9385015766119 2805.6167238536746 260.550734841917 192.37816118732235 33.319155110630916 802.244687699128 517.5112263957316 214.60619478969147 812.2423129058752 293.7468190472847 3520.6871935011627 522.5902817655723 395.99277018788024 351.7854990831157 209.51071918113405 353.41804196889234 825.58625058319 13002.255812144364 245.86065246232624 409.1625457445574 3612.470925810704 1577.1204676048676 606.0014703771121 224.0844348603824 1620.9546621377929 1265.3886949009627 265.0604290555114 568.3631846094355 1904.6076065335512 593.5886791653838 149.46825488782568 42.92971212597467 1203.2436828695597 254.9632979428937
144.43073815475177 44.61836715306069 536.5921409620199 1223.376383713883 29.558786620031338 607.6204533139163 2854.0934472928648 1103.0020803832685 33.20938931005751 29.274565527700616 6773.371213955626 784.005585639158 1146.1143284506406 144.72093461166284 520.4945686843697 596.769276598366 271.85985872027396 3730.935910701739 310.2216572695915 161.97168017255174 27.224584560259846 746.8825819734444 572.4515564846799 344.8546913187599 797.9385782753073 267.9224943849777 4437.140609609045 503.61601868299283 414.83772586182954 576.6381136949959 223.28244031398816 215.1005699993859 743.3535870603721 12891.437285790122 305.38508313669746 279.94050806228273 3743.869233334498 2270.934759111793 555.7456190137682 313.44261322025824 1211.8573822181622 1257.1119434007337 230.73401364662075 421.45709314081375 2010.4434971558926 740.461430636955 233.77031650904138 57.16122040915235 1735.860571850697 215.8442852932557
163.67764448658625 66.6667711060398 496.24278016158524 1430.3277919925702 30.694134728251495 493.0940945768883 2183.69854410795 968.4617446012229 31.714405669377516 28.70056025571444 5240.140798261896 916.4253020889458 1604.1470390211396 138.87210791983878 552.7255983313897 536.2339373197885 268.32406277242967 2996.9377038879547 234.48096194067452 161.92364387734017 39.046935417580755 843.2615534915996 490.924965410191 354.56114943472 926.5598823397422 331.78667636234667 4453.490465079913 583.3384593738866 479.42750630502417 488.0015035864348 207.36611786327592 352.90653112109516 698.5228872660944 12084.97485900788 316.7936802118255 337.5800390599318 3483.171809974491 2065.8395290362855 574.6603641726643 322.28797212612204 1769.9036954814255 1189.1243155453753 291.30544992641484 375.09634757075565 2175.30067341607 687.5753029272827 243.24194602384347 44.26264956841185 1447.3755301671636 177.45986257508056
128.1567065068689 98.8614042957251 802.4560219043871 1446.4511777869143 31.170274861456477 722.3978627770662 1806.5545702638958 1316.4369272551673 37.12081664939795 31.936240212918165 7030.415880748813 796.675171416415 1525.9654166405346 164.98043780866638 580.1332861385654 731.3585169174115 275.2344417017405 3083.901678958145 241.21602861785144 228.37397655000544 43.065574138076805 1006.897780547792 552.9689249827638 320.5463175923084 998.3217753755048 438.0041217929559 5028.018433527003 604.2292727285339 526.3105407499872 600.0810510413289 148.7101405406856 347.34237553610035 836.556102390362 15212.664422425152 380.07202391416126 387.7458492060023 3684.7945255005952 2101.989001891222 264.6977487048465 349.13244762027756 1582.324395286365 1172.6856680184128 297.523740872345 413.026771344019 2774.3586268884123 627.0984950277283 286.1986882869532 61.66006098109687 1188.5395497143381 269.07391056618593
211.09160867611726 81.86951441435113 747.2908833904132 1602.927264743552 31.692580488196015 629.1935049852907 2239.2676256049526 1346.731954626878 39.405409592686816 37.15125510941264 6212.552380856326 998.828445901638 1556.8862666504353 141.8289857508742 611.8418735849259 620.530208733528 275.80311497846776 2801.4477194858987 301.5014253366026 223.44470765273672 46.811576564729236 828.6472003699454 676.2457520552858 314.03047522682004 836.4017184697441 354.64991001928774 4329.750643828137 694.5328186018194 473.63416734495814 523.0691422438562 259.3546379758817 333.6584971944882 654.3283675252798 15352.707513681642 381.88157047245943 459.1790551005013 3649.7790443958356 2218.3168452753303 861.3471047236778 404.9635133967057 1769.4218638076668 1254.217171118215 293.29964726972617 491.389044860489 2070.75159906696 882.615237818811 266.3402579583651 46.885965022782884 1618.656828292227 237.96515846925246
147.00540350231594 64.87983483414995 699.5597931468843 1611.5166779069566 35.82269349614501 705.702392604508 2261.0043012943383 1197.0568282368865 42.45170859163764 29.303173966865632 7334.529366943045 1078.9313782599916 1645.6505473005843 122.24455367704505 718.5163612927497 756.0942350835792 271.841831444199 3586.55353604472 261.0884101946856 252.52888295161512 38.782783055780065 864.2512150496425 501.045385444014 258.3153292659978 942.0346808921608 355.24027255638725 5297.350950877682 733.0347395841729 395.5829641516022 455.9286968084583 316.401171615552 324.003179573287 751.1387765484268 15285.790020658047 433.77372386598 423.794069429717 3748.966932490003 2881.2756599345535 535.0900894396761 379.6314750098468 1756.5497140207813 1384.371428963256 337.2119384938287 409.2330184813808 2442.821142589061 1013.4378565216211 281.3491467665865 70.06094530620618 1837.6090287894908 308.694856370895
167.46355498933295 125.68438586426046 797.1027062685259 1609.4347033610973 38.61474728943626 416.4701409784379 2325.2165243821787 1062.2613908635917 40.02640965853891 43.668334585919695 6646.742789853139 1029.8000359641294 1678.9246777991227 160.48098292254434 637.8279781066291 524.274388395739 224.45938230603758 3083.5837339619843 253.7543539634938 194.44462135336903 41.62112185810629 926.1896552927536 504.48393991226936 333.14726621870295 989.0153625467957 327.1517151888578 4533.710749814775 778.3164165246635 491.68391705476796 494.19765333720915 203.75573478229822 348.9624407411802 658.3915936097578 10020.61622945906 245.99589644051497 335.23864777743603 3767.161294070817 2527.5090776730344 809.6987929364977 354.2251554653802 1764.6856868808222 1304.7176539981624 278.2927155214277 585.2998897459514 3072.229590453534 709.3924115089977 247.2179999643195 65.64166396329176 1455.9410944671051 320.64335604659885
137.75940716246242 95.62830595682753 644.6436076312704 1153.8162957781624 34.667584578875115 666.2504714819655 2228.5606275937657 1010.9767934561571 29.51083264671697 26.793981598228957 6001.22451663058 830.5877859026077 1389.369269870948 137.37278237745343 526.4431929346728 455.1110374041131 260.02652198106875 3287.318907997199 272.95190409616 168.5096866293382 42.910284550973834 909.661696032148 515.921215895236 305.5418926390045 725.1456199390922 348.2293476792008 4641.53952618424 462.0026996876387 517.0366741045353 599.838515719854 236.27559063334832 318.933554347684 715.9267414064984 12283.997537031959 328.14008298095405 322.5937495076089 3553.3673780924073 1877.1956416492399 677.2792141388179 299.2652695538526 1600.813942927111 1044.887765220573 290.2903875665401 441.09944237605026 2180.9090644438534 718.6303601741616 171.62569486270723 42.769134459038895 1265.8628284872477 241.82747282690883
166.9529256027913 78.20738193850158 635.3747363295171 1643.3627150705324 23.867877089205727 568.7727310266989 2604.617275075594 928.0068406188461 33.36039333426774 31.576643581488653 4725.454498679315 804.1364596259476 1575.5873782080084 154.31659244658698 718.0699800166303 483.1228101714665 240.56656373230427 2745.448568434989 216.8374610540377 167.03483505147295 37.34653392756245 733.1373025099626 585.5290186754548 269.1657817773478 966.7127192636434 352.8085311322131 4343.893319127952 367.9015555500085 435.8890738826771 396.58189979006363 237.55073666962983 376.56308289755685 604.7056316477165 11710.471132434634 329.988519691606 452.561663559752 3181.9962723935264 1758.7936355335812 695.9783151896681 239.16902534572935 1741.5510766671462 1056.7170614173435 248.6361248516106 552.2815633955022 2386.3745111680814 685.1596544251272 259.8360191995992 38.81528644486909 1680.5675294613204 204.13440114061842
114.809974366945 73.40728541651993 328.32526687269217 962.3538368001934 28.54056194634518 386.03809341878605 1787.883805170167 536.0783530587626 34.74090180610131 24.100953461463675 3990.850541540476 781.3635892745962 1320.3170514907738 122.2517999164053 628.7821480835859 409.18034606244873 140.55929878321342 1831.5692235113845 185.63237693898148 124.35144586470366 29.184069759013642 596.7702038774113 596.1050089177958 336.3082314269575 839.3176552371826 218.31060834888586 3351.206566949872 348.34510563549264 410.29123190350975 402.72259528605963 159.87744467272685 323.9189336269431 450.8131704623769 9806.277573756539 310.67903089782 372.7824557700021 2092.757852134975 1809.97987047633 571.3343691461146 327.2428693569672 1376.8971695371165 585.421275290126 207.2535409934306 520.879050054468 1998.0983651145402 443.065721958334 133.88548049177695 33.692412912310246 747.0487741705687 123.91351710877474
116.53539248306456 114.14957287293097 736.8608050181659 1144.3931748642376 30.025541607228348 382.0336951753689 2095.623218024401 939.1693415965462 18.301064178047326 37.43840979729251 3676.9598594858144 933.7671973459475 1150.4486788370143 117.03308843571591 602.1613956709143 531.2474063478599 183.36990804592648 2517.371941446754 248.98683550861816 166.28834211510417 25.061694199097087 851.233240040633 480.47144543025985 266.7858803830471 416.55790711661297 291.76005810207283 5047.8736618056855 536.9403299077949 375.35206522198877 429.17895386261284 132.49075130373262 284.7404816791546 702.693122038319 10916.27092614223 296.8245571045835 401.1121459593126 1656.1910569593365 2366.3900181535423 825.4328335064838 255.22087891122146 1359.8429604631142 1447.3031029083 250.15907409867788 356.93659808223936 2331.8816733485737 923.4425253120306 215.51691882540368 54.997083028659006 1785.878532227855 246.324290004988
102.68386639965664 76.78284681529276 597.3860162198345 865.578920616953 31.876090891604157 510.2581873230992 2148.2182445195363 838.4293554067438 34.39368010958413 30.876809137611612 5090.20711356086 702.4301955415431 1169.8800829777738 127.87836802235309 520.3731830620383 546.8218326097183 239.57786035294282 2608.8844971018243 257.9854731333095 172.4943823474268 38.57576142994692 568.7300830930525 483.9388105366398 253.59462874559043 869.8541297733675 324.69104321266354 4787.526445290862 488.67057591587326 427.17242269803364 351.1490644239789 166.6169365922463 261.6988601230426 445.1989935792938 13338.691567405736 352.9773924919621 332.4912136690934 2927.9937617673204 2074.3240197885216 539.4976557455726 356.1382113409074 1775.2009165442098 897.820955706195 276.0944105295046 450.0035551924382 2405.7491694339697 785.8415101247724 190.10250226607175 41.34711055023326 1039.9539976500728 219.81247056396398
127.03949764084129 52.57782849559152 525.0615249222308 1087.50262491031 28.399072734808207 434.12737138763816 2519.049197804085 835.7430508893076 10.410072768152192 24.261957057445947 3945.105967001712 893.7083624725137 1010.8194679237052 156.6918234096746 487.5795740311882 644.802006792845 203.65074219051024 2176.767669600714 168.50977786132185 156.846981875372 32.65628269549216 496.50494887894206 575.2394740385295 196.61719954524312 778.3126337475569 191.10050781836907 3390.4628863917555 622.710798251654 374.44091641440673 598.0694599406194 158.881325562954 238.5531428705104 788.5473852672084 11629.829874997 318.26008969537827 420.58167465982837 2231.0705849511105 1491.558513750944 556.0828317358362 330.27933386032134 1911.5983596788521 1385.7802524628835 216.35548088321366 470.07262729511075 1565.191410274177 593.1756100608345 113.68249411421286 29.61705673474917 1446.9586986082804 134.33931307313404
121.29820464923841 71.95393504225133 951.6727681178781 1070.4639401449913 35.70747708891706 441.2533138996069 2419.9015067407836 1271.1655408293605 30.80270056039728 29.09892863036975 5029.1862789894585 750.6319938833799 1425.325370089475 95.72994599401343 584.9841666865624 489.20132511834095 135.2024929072807 3300.2698379352773 329.0673461243469 143.66295286096292 49.476549221213254 664.2658671367283 348.41359208033833 315.46010618109784 1111.7712862880933 272.6937951553317 3567.3043254510344 876.8818077280138 409.6576388839777 612.5408233639344 195.18818194650044 299.86644325332253 619.2969587614781 13389.185570709415 390.5967314544081 334.5999985041169 4098.325929739101 1970.5101023663883 611.7342430046414 217.60889742981982 1666.8141339969015 1218.3150621668256 329.0451406869312 535.6300048053618 1310.8858448674532 753.1600714746191 166.3926004168879 31.306052592306933 1829.3902273320268 213.04948996097232
164.69148812143794 94.56484102787888 573.1288105294494 1745.946844853004 31.03706222096514 807.4732131904701 3532.1095935881845 1507.5445822399452 23.452405145124295 31.476607747344943 7429.847381536928 994.1850231110859 1795.2507448544654 147.36185026829455 861.4166807223047 732.8410219133899 230.20986132386503 2937.1537129544377 326.93555050205896 299.2954701330791 43.90076714489883 696.5239674668562 637.2857057118036 326.595083214645 932.1156306912306 360.65653161898166 6065.163386576326 575.2154524923288 288.4303386133308 602.4402574756139 244.35300351299742 301.3602811507671 789.8549080634962 13660.754492098962 298.115092913118 502.7508449571188 4002.317797452527 2963.3379490291472 846.0324311649614 322.49425545473565 1716.0782878557873 1717.195568834799 257.0905320559268 687.2489609906804 2418.652435633938 697.8271637080563 337.31027172664244 43.172993315772786 1864.593290808788 271.36729858678586
150.70692545007194 89.73442441557717 732.1876286080761 1453.9603699573022 26.80304669731841 584.8245062290179 2234.9025184884504 1055.0205859341893 33.33338643560728 33.50707839116593 7109.543728036968 992.4001522956108 1625.135337973246 150.77412372062525 716.7701544585198 739.0590683550575 284.1606373251888 3221.3055750615435 259.16209973275244 186.79890984700282 38.50927183588322 935.136179208886 570.0684377589413 356.395002783109 888.7704697429438 314.6770995902171 4070.053566693052 540.1125460889513 553.9875837388607 554.7801942972584 225.18433522370879 301.59462982388754 729.5374169129017 14052.594874498063 335.9059481828202 368.4662544104112 3599.2803878040736 2146.964595329218 750.0052605367133 359.73692067103985 1723.0342688959868 1205.2162246673158 270.54864651389266 586.1190858355553 2339.2026970073625 796.0345323239035 225.0917866549738 59.23814786738902 1666.190906155559 180.7998664524722
138.98992351526968 93.8293854452045 738.4255407233957 1255.9345861953677 27.010009318232683 617.1727202272489 2634.390951703314 1098.3474821735592 27.763740122060145 26.89018741314706 7087.477636925527 893.1465320952482 1529.0089587878354 128.6783021006788 482.82694678211647 515.0889258480162 203.27844180946684 2758.9599904008815 279.04252547792015 217.97198167409653 37.20055263828755 823.5499855385665 483.5303780842267 366.38482724134457 733.8565475128245 301.29207370378 5189.6312514350475 623.7583947361471 594.3809899829138 525.5535937972727 201.8703023906802 351.94738022677404 710.7734784399894 12461.587408338319 256.1333158190821 337.47596506520347 3930.916840867437 1929.635435329627 869.6451947373573 307.32644009480293 1778.056868461185 1180.371843001565 343.3841645599665 502.082553436217 1762.345038232156 604.9306499888966 187.72799779163728 41.20271303575567 1591.6937073230392 215.18062152752375
138.90686088242927 90.95260277537663 810.3372910167149 1404.3374040036017 34.99089508218732 503.17031614597647 2187.6477187672554 1467.6575718783486 40.117982574095834 35.63604959493774 5640.517767317216 757.6905938214587 1686.1096569938666 198.967140464961 731.6365282785699 930.7674269832697 206.4652044861369 3289.6915020249894 294.82923531791243 149.83351707782776 36.14761997086591 795.7630291436328 658.9178989724485 266.12574706379644 1041.0266267427492 376.7571819673354 4852.341784993889 486.5851998572819 536.7554028631346 519.8634936053716 286.7066347045455 292.6981334779214 1009.2771888041483 13268.633256704063 394.6981571298777 412.77563106243014 3891.3083348167606 2897.3501726347513 800.8317652975641 417.5535396873255 1752.918587330893 1098.510102600779 294.38010691667097 299.148079693598 2742.4330289767117 841.849740243754 319.24499581098473 48.64555854781946 1823.4851609569039 265.91170091195124
153.20030928124208 122.42885190450771 785.500919060261 1786.191259295903 31.529289164702067 549.495880027226 2783.78343138781 1346.435655364032 34.429249147726054 27.779199867575457 6026.296843030969 795.947845664973 2110.9320273951835 137.96171111769297 625.6368619166594 595.7317871021759 264.8063026283137 2715.749084847662 304.39919597827515 163.8474157730932 46.6155130746371 764.685722170178 655.9784473584868 350.43123247896096 720.1951457007378 376.6915559312772 4700.883920811315 720.1835626753891 526.9883930576466 520.3664548289019 269.6812442571648 303.35553641384683 726.5275811922522 9945.933944708142 337.7903700498542 459.13699703337284 3714.9539953492085 2880.9754149297646 650.5115035115762 363.8237948166978 2107.0581483980736 1378.5940050231754 390.89681307322024 505.25459563079403 2609.5031740006293 918.9082586556088 305.8533006272576 77.78016977169553 1576.70075725176 358.7879314286304
132.363158101369 102.97266786691628 929.3115890781636 1285.0029872560635 31.63354500923924 417.12042392068986 2594.8293988055 929.0892933354298 22.962298625375315 28.677079858307643 5102.603869601936 795.2131594212941 2051.3576939444106 147.92394452664786 672.2412229378499 489.7191073236317 96.07842776923188 2157.56575338543 206.45644908387865 213.43796727510312 31.996693160739866 1065.2000344356056 391.36111901579244 232.7401715611873 681.3898496357685 113.61946470038914 4960.240446160005 476.9732165823638 500.104322094919 402.271841355178 140.8819731519347 295.7850863664418 370.88353736015625 11681.981861092361 195.24344188310295 388.39775832911846 3838.378180296799 1556.4442108049968 635.4873884881641 364.6341656932892 1865.6449708870584 901.99270848475 197.1078351568341 355.58959793044284 1454.817595006735 401.8632906594544 167.5254546098985 53.67244468341064 896.8007758469022 209.3621721921378
131.9086107194965 69.72802997168857 426.11440196169707 1156.3543820472805 33.10890577312665 513.7757244209643 2188.9124772176733 999.6956485304104 19.98926972757781 31.73280228750247 3291.7700926234406 556.4915366379057 1292.4541648776765 127.0013364943504 542.4129836908726 577.3934077707755 190.01624048483458 1890.5420895225993 220.27234984308896 158.19194616303886 31.059566688583928 919.1697215711467 555.0822700929743 225.64323756751156 668.8307495819342 416.51697527548674 3159.6070635661745 453.2188125032716 371.4731980509912 628.5569048253335 210.86172710333386 262.0293824687551 648.8070614004455 11146.15596420876 362.396448242665 254.4355092984465 3981.1203138222086 2452.8985318566365 505.5156161347993 251.7120071822767 1686.812112086393 1118.2397143823132 316.8715586909569 382.61549839056516 1857.1449354201154 538.7084033379077 105.57114727798638 45.04047382393296 1681.7624764569703 271.53530381073995
149.46459393697003 63.44810381763658 467.62973950108875 1337.5763692213955 22.27271069051158 444.2890980818421 1849.701126002914 1188.1071070008593 26.212555972022514 27.565432286262713 3672.9982716492277 982.810890381711 1318.411002930378 148.40015840727028 527.7790648841205 497.6277488308153 221.94731116540206 3541.60487191353 293.7789985841849 160.78303354271367 38.67549333982289 744.2443121780584 564.2520451426471 194.41192171526197 728.5701150543757 369.5553456386047 3631.9875882128176 833.7608512255866 416.92678666684253 471.7271726782261 236.1982097290197 343.41272637501265 649.7686436012498 12031.587242871758 287.6847536734156 384.1894948177705 2942.993850336696 1372.454858958312 653.7270537731517 450.31507462994466 2474.72719332665 1184.8922934082202 180.37836963088185 597.0365784324489 1967.4464342473018 421.04359736601543 215.0496810374439 60.71870971387246 864.1696966533157 242.72827828034832
132.76302301098275 67.4380982889498 465.34255023658324 1019.6696722066703 30.210187875352712 420.20862976702017 1737.9627731784483 652.0041469989957 32.35809467268667 22.39549817992426 4274.245954017108 768.2522698204359 927.3729707049569 131.78027034645686 492.5197064870497 359.4993358251253 195.84405198413506 1083.6024279857184 163.9292063118421 201.66761135951992 41.243102026415244 749.9082580536485 503.9615274103793 356.74191191522226 814.4914974243527 293.39685803604624 2598.0428461599713 455.70002894195136 362.9326179297282 248.05219901973385 137.3427711814877 200.76716195946852 341.0034075891539 12444.886748222681 141.97728254725993 250.70299294913144 3284.2812476532436 2074.406532511071 469.18038663098935 247.66656815479132 1484.9047096450913 811.4110812521257 248.9373779112976 525.064476184736 1486.1618503325326 800.7878474175936 226.21230354902266 47.371285489738085 1515.1547085118018 178.90936787292836
75.50447433615908 94.54505267561018 613.1294233494616 1112.44173918529 34.86582688174559 487.1333436903538 1809.9098968297544 930.679698177021 24.18289683438703 18.767741966868265 5249.70943756185 930.8539913347668 1561.2356462106516 123.05175924717462 459.8740330576122 560.295886884805 199.34569748787624 3661.7959222342224 147.4813847200208 162.8783557102376 36.061856518123435 649.331922807895 371.76780641117386 245.9846208830159 853.553646200962 333.3178176703884 3666.3519567145904 546.1353932923156 528.3293123007973 559.2605610125804 159.95406664159816 301.6979935022144 571.0102943925098 10662.508869719273 303.92918510027016 261.2707314457501 3848.117620981632 2355.4496246324784 662.8884393807676 329.0220376955862 1618.7313905339774 1339.9998043292176 196.90528577032887 519.5103617910645 1872.0705433935525 653.626574078782 141.59372941878868 55.30123807997642 1108.931672549289 180.2176159184163
79.96002917704008 71.07031681108124 615.6201858983599 1403.7343413705125 16.535520321592266 450.51933988900146 1962.8215827074466 381.6329446736862 22.44558133554786 29.45734524755546 5830.521248680331 773.3033573599489 1568.995352342489 151.0228078057073 468.5555337403864 582.5679003586134 233.776498114017 3227.8438462008153 153.8463019967351 238.17919017104305 26.2254035384629 336.53328495896585 680.8732473429541 275.9589309620523 747.2303619339855 251.1480040233737 2755.3890073464586 453.65449126566494 392.01953157680134 503.78558752540675 160.84427423240663 223.948449096577 777.4570664011437 11037.886840573085 316.9494440184172 322.95273805206887 3362.4366490050625 2091.4720723392534 651.3310979238429 296.80261136304193 973.2494547915903 710.4107204966353 227.77277492360713 336.4591059318306 2532.9754325017225 775.7918625479442 192.57435944353062 40.07708712109857 1890.9258110102787 186.8202542247792
121.38560498728292 61.05677249325176 483.17634371225955 1486.5154945667005 9.09556007083761 454.22518811938244 2277.651404298731 706.6089658821188 24.867381017496683 19.23619209921915 4362.024346761575 433.73238928079064 1129.6913159415053 116.54033587318146 727.674294327293 514.1339486980697 256.21436893473674 2889.9766712939945 325.06911432310125 174.21707561174264 30.28924191320166 418.02666252396955 610.242130299532 246.6607818952809 547.7953814065651 267.38520580896545 3487.547595152322 307.67482940396786 319.2057526665793 378.2493207535962 197.2760606219805 286.9948035821296 478.3985756518883 10279.605472233841 262.29621944004396 305.18302859962 3765.481520273319 2141.8671168667283 513.5480856437811 358.2265917169665 1307.7730948459116 539.3175918093557 236.24303494982314 436.7537062103241 1791.0150304338533 755.9317885803931 171.63249257267458 36.5409287126381 1167.1074193490294 148.1221725804676
118.48425240261028 87.07563748138229 589.4226035709047 1404.774719009109 24.693495987178423 484.4485521104566 2419.099557686581 950.4446550861358 30.473103533485407 37.75697419525751 4616.112425636278 1013.8160994358155 1304.1880778264658 95.00724875963331 545.6369455387248 254.52453843706706 127.28461270090722 2797.4708952435303 251.56693760918517 199.13346339670414 33.33608771302271 564.9238800786718 356.72342135067805 212.49803814073655 740.6939512096076 207.02378164838467 2997.561219694404 388.617382873582 266.7842504543303 310.0831848114987 163.7685977260995 251.7167797428504 600.171624902227 12762.020698718588 282.75188475362444 355.70176306271577 3010.1374608299684 1435.2744173491683 474.53562044352367 282.96062220421487 1588.3371174979661 484.2405556596032 237.57853901390297 256.45369974227197 1741.750453199727 918.0520303114176 171.7206074756718 41.90167962458825 1064.860141543586 209.0526623291986
150.6665710687663 99.46092426352939 533.725276241556 975.9897831786202 18.075886041402164 580.5033247185295 1138.048710593558 1047.9431658397566 33.569601124138394 28.023149714577357 6820.94702903096 692.5109600190611 920.0025595987819 100.19041539659341 438.8739469064475 532.9200333418762 129.31170111373012 2145.6781494130028 271.52971826096996 106.25275744493187 30.091510722423614 509.86669934394035 294.6466846275731 259.9614769059937 614.9205689142583 223.6412930042471 5738.55877133308 455.3371023154895 340.8470477146767 268.7434393265844 184.8501338995208 259.03014319312706 508.2004241878852 11465.735866859317 221.1023613837468 246.82667259132043 3009.6039137817934 1671.4407148337664 523.5772770599758 196.9353020838892 1101.734287508726 811.6159736976455 104.42836769216892 242.49094931993244 1542.0291453880182 417.31892163311767 99.29582081340489 29.934362575049725 842.0156956396553 187.398477559213
148.70088966783803 70.35758916463654 540.9470733076322 848.3387922374269 28.382616698707537 550.4572027832838 1714.80622427111 1001.3614565883689 30.21134376553438 26.867438798523178 3997.0571753572613 677.6827827868101 1133.232046623465 127.63445850767373 555.557782025348 509.95350433947 241.19967567117658 2809.815070611683 231.803660750482 216.08370657252684 30.039886457404698 756.6048726707878 448.9533117209645 277.28304421905904 757.9345766659186 356.62346174154504 3864.0734886960818 461.53775766106304 449.275059774856 526.8265262227405 176.02272421093488 291.9246853827039 468.39349305116644 11409.632982230378 316.27789130524826 293.88222606231 3212.4239003300727 1904.9541463453888 747.4400213536869 269.9462416977469 1499.6219718557995 1199.8493057065318 233.88548576017507 430.0800198494492 1889.7380603216836 654.1942185584234 196.7480055664177 40.39707525368631 1191.8860210403911 196.40578894238664
137.24410192352647 66.12693428433636 605.5012536371813 1076.0799528489667 26.32357778614557 410.6102869687618 1951.0811940898311 971.1861280082182 32.86243577602619 25.13494071574686 5560.704854106798 742.7286546496232 1056.3213454424779 111.90485334191933 580.0226653912027 464.3348930721903 181.55097452941914 2716.399468486596 279.5903794625764 158.81914626935898 22.42386307309208 742.9083447733326 456.74914502719196 213.0027397075981 605.4807683858522 322.6936976407494 4608.615232259302 318.5857886303289 343.07330663961085 519.2001364970268 145.58866886765676 303.28147860625705 611.330479532385 11629.207127084934 295.71902216289044 310.1505843724237 4115.863452428823 1907.390016081812 768.695885330009 240.3550434080395 1382.3171924588162 899.9765137057927 211.97155825050214 464.62924419159515 1802.7588577229765 690.0039088260366 186.75434263975944 38.71012061172015 1017.3983929355754 213.33443779517427
150.77971297645053 89.54448038795007 837.9284536853123 1050.968211951481 36.24390971728679 513.4455675400692 1971.2588550044163 789.1348107604445 34.57070564904871 30.139855153438035 5005.902477926984 1078.697895216014 1445.762030078778 135.4432243783907 500.81056556287655 398.64416791609034 193.9411278943007 2370.018169176174 189.81280982956085 133.73827435481033 37.02186683008824 506.16865245053907 384.5931789671298 384.11733310351804 986.2070973255497 265.2791779115872 4130.865409290248 554.2780755639295 299.1922086582436 652.7677537713981 237.44563933765332 258.8718639863097 538.1155207591108 14543.9821176659 336.7198492155512 409.19225063984027 4000.1611811165208 2192.5807024822957 839.9615557645194 258.41797089643137 832.7075726609588 910.5504663624761 233.9056947363418 498.3607845023894 1806.7223651921483 418.7602841836971 202.46152941988078 49.21037385141609 1331.135262906324 193.93659585598095
160.92448684686283 91.76509885960559 573.0705680452901 1035.7354576667453 28.61236502149249 497.5934915628561 2565.423674604803 1051.730372759444 34.99120814111455 35.01294929414567 7217.5608894686775 1018.4503676604317 1339.6169208831998 142.6094725918759 538.2442760182604 544.4690693531059 198.06586826219387 2705.157164326379 228.94113061582098 186.4183149820138 44.13574124632188 871.2476938549584 536.1482020758722 326.9054377534905 832.9226498811965 371.82217969154465 4119.843934470041 493.09569586301836 363.2157809230199 524.3291542702965 230.29094637851418 316.45986030369687 724.9852686243885 11963.95948386039 234.80966534768837 400.6052178550041 4188.985798164797 2422.062337113904 824.8985684568484 362.21937262558254 1413.9741275582212 991.5359975418527 268.82487213168423 530.9094593049467 2187.580342258797 788.02224227892 220.30811647762602 62.720982164859265 1692.4322244085677 252.17538136090383
201.48838985119676 127.37768433309608 872.1604836101113 1497.7704349473745 39.372062572427595 484.2346010189209 3009.7847979028816 1311.1664706063336 40.021325903141715 27.6522373178282 7590.19646803247 648.8433594607932 1578.9054897299245 167.37338031538704 634.4695101354702 699.3054811428773 256.52679502072715 3740.4993533601173 235.7633079983573 199.9467890988151 49.09168400754624 969.4054710104294 722.0629263874189 280.8491569958646 883.9037675170963 432.9147598673052 4755.9684138247885 773.4626132664515 380.7442728866596 613.6085645507411 228.0843626452269 477.74366744963635 646.6818975183877 8291.66005834208 385.0984338297878 245.98956166603347 3300.6697948751225 2029.0714573060266 793.2732434451957 403.23468740734614 2263.6841169646427 1105.0648341752176 270.00014872610274 622.8779637304198 2449.3291156219157 782.1611314609175 308.33650662627576 61.277883050974516 1780.4774974135005 227.11540744138586
141.72594645054448 77.80253909183516 545.1573302852644 1107.8319325429984 23.633518551421815 465.78533982488 1909.9607088218645 962.8172455173101 34.86017782290476 29.154632211982708 4132.931027536969 811.1665465979434 1285.796083058571 133.3284053224973 457.8992022436632 499.3281294128135 183.12574043020032 2001.6422884268347 244.3745866751365 150.6851403167607 31.711725385919348 536.8289211347469 358.4390162477125 268.2481563863067 423.51247215390595 345.2369992723012 2770.2621915571217 436.0587940868485 313.53170473112476 324.92008405086256 177.43259458746869 255.13061135150883 384.2412357456101 11994.310510609303 280.4646909416935 328.6603545432333 3234.073580610796 2807.722045321573 549.4426081524148 270.9591615197086 1458.7697380397753 668.4796634148042 267.6904797581638 419.12432515378424 2336.9808249119164 679.9875580458921 155.4618885022344 39.74777544449122 1012.0408002076856 184.99555877337235
123.08354023832294 88.99030065098631 670.1066748221405 1445.554495960745 29.30460141032959 484.1048396346588 1582.7919539985944 1119.3757486589045 31.414781380840274 28.123982157313787 6622.658913114055 981.0875502242453 1196.3786570619307 119.56716367960678 518.047437952978 481.3879388196058 236.5041979615181 2630.493402159342 238.29930052548534 173.58467091718654 35.22754140282221 806.1296506699289 590.6531162470482 314.84354786469544 630.4440543306994 389.7025157499927 3879.1801427598984 519.8512082522631 472.1400060404581 499.4862433093976 281.72120509503145 310.4919037608203 586.4077566412085 13641.47791673753 366.5082606751219 360.0686004678062 2795.5287132166295 1987.6091668782208 641.5816924520019 308.7054309911925 1634.1489532730664 1001.4591414020537 275.6463634200815 467.5013811778245 2082.317706858147 550.7202928277999 180.72306954003906 51.90417984054298 1499.2581421670616 168.38910832698497
135.48966217865555 112.9357624665618 790.2709157614918 1370.4368153002213 32.61503015696432 726.7854004271431 2570.1024634521914 1214.289357799409 35.03248755340752 24.968883540046935 6165.829825517439 894.0193304904801 1786.5288110397287 159.5552908718518 778.1123041054647 657.0145237046988 238.64288728647927 3472.242661010149 267.5889256841273 231.01328297680107 43.06705457379921 797.4929869484587 511.8260994047304 314.13044467459844 1150.7269700556303 395.41085352818686 4774.852947282787 657.5125468617621 532.5646391429827 622.4846244421361 304.43180174867456 359.6170613495722 741.9120293938539 14823.839336084839 322.5185183246175 522.0842132584578 4365.295068723892 2422.09439538258 816.1039592992697 461.50517008378375 1917.1774380670756 1274.9195069086663 393.04611052559903 502.959296955236 2599.0110045549764 720.9339767876816 234.3226786333798 60.1231233005176 2058.586904128444 247.69237782578247
122.68350002376265 83.16764326618926 572.1437632928231 1294.4865006917323 37.75656712413414 474.55970861491176 2414.4253817916324 1247.2187623280695 32.150957034014304 32.081358110676284 6971.735213826959 845.4914159524735 1518.3138668705158 156.3299818452432 590.4588195012972 649.5475966955483 210.08815459348358 2913.850767271492 257.3683137559786 183.58315490668897 39.44124983303516 1014.9743085836496 504.01095555654 315.28223403941394 957.2897958867718 260.8929151365094 4747.330751748664 615.4481998360849 456.07605722054967 424.22534437596795 271.28428240723287 273.63654860725796 773.8214173346962 13807.172476610975 321.80341637947225 439.3176269653325 3576.0120877803492 1609.651481730515 683.5281936266856 266.68203612856934 1878.697819769218 1168.2852822003863 296.32107821035964 543.0157378282377 1884.1574076782683 862.9924207331261 229.64498787156384 59.353892861543635 1375.1158717436188 232.44989703520764
169.19286430381496 104.79118252769204 779.7411548348057 1646.0764865280187 30.861260307203654 596.9801539145482 2587.2746932830487 1192.0314879097248 37.97398014633624 28.49035111729549 5864.683666573017 826.3740905854386 1317.9524586202867 184.14172846375922 778.7091749390338 545.7741684188588 261.67425521809633 3649.915439941214 257.3645560321063 211.98818757995502 39.68383825585955 976.2537693390141 629.0109003955993 315.78433764479047 980.2819906156238 407.39510359331877 5541.221095218405 661.2670347318767 479.25112413696195 508.2226222160754 260.11319660851177 324.88279019234045 733.3507988962922 14617.195087415768 316.1717586090076 377.5202579094419 4577.784774337429 2035.9713395634112 672.9700384401392 353.98402026934053 1767.8272785665135 1256.8825436612394 266.73625841328857 467.4292971491799 2340.3826387565596 740.8911346325167 263.32580765115904 63.72523521165392 1922.2583746038545 290.53994471037186
136.66756995628248 100.80216449955316 680.9507567021412 1498.0753086383095 34.853698914474506 470.26536564510485 1885.3891144968065 1195.648301315947 35.29603811358383 36.209322225931 5711.740278682226 748.4753999335982 1630.1232980128548 124.65099572659582 530.4044360601017 528.0609499143219 194.2677602279878 3572.4029756510968 199.9704988365997 182.54005125812216 37.566784159617285 751.1268261107339 524.6994014708674 382.91260784691156 708.9035065315172 331.77477464340814 4392.376311965057 650.7973064850872 492.6204745424371 527.9796102383689 252.82826959412324 285.1804952760625 661.0196461603381 10200.072791768915 347.71130475907705 383.1386512695842 4287.932829339319 2234.0393732162793 629.6508080781898 290.40217313302117 1537.5068007547939 1073.0079559720953 298.85903247278543 516.1210258949534 2465.3945231532734 846.3325073137289 201.81782146105738 51.49261515035434 1311.6835892932766 197.63499282462786
95.74440923925653 51.96720381739296 367.4405209157433 801.0188264479812 11.34951387492148 332.4064140384081 1106.6679172165477 610.5237382957874 17.2255872890235 21.695652825495422 2566.1219875835013 628.6459822365579 814.120474824947 112.513247385546 295.6945264750815 197.98638067175435 157.2681170751415 1670.1943933228617 154.42284848000833 62.74508177831716 14.522152404295671 371.95822340420733 374.1817980938183 201.9653519409409 177.08720339789545 190.38815144724992 3117.483047136642 184.2920777472946 344.7882978390858 368.5092340383913 145.89548623459052 192.66736669800858 324.8137573996158 10951.041261407838 210.60204412154286 284.62601423435177 2353.403952342299 660.0503650872514 573.3683806854376 262.74487314004034 895.5965455944533 881.3769305222482 217.67206508525567 381.60010561868074 1420.2596680587003 350.05844621541235 61.163027147491434 29.701505585406533 931.835485498455 143.28706932116182
156.36104197308168 99.3830721447547 649.3240440986254 1466.9471277442012 30.99333829481948 574.3255096312664 2768.775841188191 1231.1216951413853 29.673945175243677 40.197607795283346 4770.731478159631 975.4469972161467 1661.0997074343657 143.52924628284586 777.3824107556301 530.3851910251974 206.86479170320564 3191.4699467102078 230.41091945332371 228.2042303629449 35.75290890870643 772.7179308979266 668.644242106642 375.43116130873557 775.5019982045433 391.75667499361873 4187.021170625517 595.8822737957923 569.8829414051698 557.3685762548354 262.5813568587252 321.1498341793214 676.0389057562992 13484.907201172793 254.19987495682227 453.8710396329427 3925.7476210675195 1751.091539748053 681.0464431933779 347.5882781491417 1965.63034951307 1137.66759145288 297.2921003747161 574.4533368641174 2716.3053718091132 957.9606020991115 208.88614690394567 46.83325588165907 1671.3834966051718 191.79071365852613
136.63713632278987 43.92446282951775 606.1530499043104 1125.0052334863979 22.133925905971644 597.3011691472896 2190.330975993823 934.250697000811 17.812666837475195 30.41205204331653 5272.795520005527 571.5763456846721 1959.5990450761296 114.61049059557223 504.5915057573739 719.5594715656115 248.76745009878175 1063.977064044721 194.51803782917844 190.18262668964002 23.063914101175918 343.1330155719618 341.8993130250126 298.1093901254108 710.4501728061671 167.05096262462948 2501.521299865309 348.04188375379283 423.90558759698604 491.523594069533 230.25845038333043 210.3635957984714 436.9129048127327 6569.875661257238 272.08705837979426 329.00399328542983 2505.490913429722 1060.865957786761 513.1163179971 300.24316274164005 1358.93357809376 1117.490182709832 231.1455806569502 483.2451788206151 1837.636645253851 676.6517172808631 141.49859703776423 37.074894171452286 863.4988711603836 130.92410699405832
157.32109649449652 86.8781153691826 634.1684467541365 1123.2372149681373 30.382450951133436 480.7128193546637 2601.8638555970338 1181.7569675138968 36.67316325818973 37.54366080908233 6150.093198704934 873.266130728674 1615.175624762592 155.82420225273717 680.4185001671966 432.35549937533796 223.48536291710394 3466.188459221433 316.28985697176296 196.14291302458437 38.60417429386467 993.5262542827645 500.31056714660906 339.6182385643082 781.1993106527426 376.17042565010985 4359.801869578991 523.8875843062694 473.36152469833235 526.7171692192826 197.1053029442885 360.85265780785386 804.7938792708189 12465.00329052071 293.561776024982 374.2403552665746 5082.9722107525 1913.0224485301935 792.6688046287035 283.16032021321956 1552.538186202543 1253.7139069321681 299.6366684350354 564.604920149332 2054.53630236011 815.7762743713397 189.64810622326854 46.072353517322625 1637.1028898464465 223.97005816241705
133.24354188518194 72.35485288177794 572.4656218284848 1090.5671135609236 30.953374864398903 677.4611737430789 1821.9709496855444 1227.3761789558744 30.43966262770831 30.144375515200657 4778.900456195218 758.3883630999499 1269.226858290809 133.03210662019916 569.2913428738103 514.1193720205114 201.2630102497362 2959.902066929028 282.87578051089463 185.7574727476915 37.73124337594143 740.5851881541658 573.6506346835255 290.34603154708503 723.9084822530718 326.5673473075853 4694.363031340036 519.7560974267243 618.3561048344176 528.2817430240698 226.98005473072834 375.41041017810903 500.89521885660434 15805.994576713903 316.00741046141263 359.6885583051637 3392.757424238649 2229.1467143452883 738.8810692631876 336.09511906624965 1681.08815217587 1327.2753457487904 219.64447554011235 321.5876964268347 2298.118207369002 774.7969284097675 200.02145461649098 48.19487197312493 1255.986435012546 252.2851776751251
129.54334947054465 87.4523095478789 699.9992356116893 1696.5763015028342 22.525391357200192 481.7492295830547 2344.870481640904 1342.6424062734843 32.198695391835905 27.934229116919255 5118.504887608465 1028.8561970643564 1643.049985105535 146.05658223731427 484.1969152700107 368.3559521088901 202.41453491202603 2890.408760139987 240.07650774833576 188.62024911709156 52.3246649583625 908.5821603342658 555.4322469194012 273.78970408625054 751.8740451560006 332.4898356279212 5283.429630996757 689.8940429099441 534.8200921059432 363.4146152023133 271.68836445365804 308.84153166635514 629.1407122408183 15053.720200973405 277.238531415441 341.43551911435816 4107.066097278502 1430.7809640481387 787.5293111643151 271.8902341855666 1635.356109600019 1065.3888744130736 202.5572091167431 428.87626578197256 2462.789175545568 696.3416119253758 189.80980941028594 70.81970125759815 1227.286594248789 245.66010748879728
156.97245359888524 69.98683767738133 773.563713156844 1761.7275312398206 35.465121718380786 476.4852767973202 2781.5456745620277 1274.9846710535248 43.74255864312554 38.77513400996575 6956.0063664325635 1244.6863889748695 1729.924289352375 146.87332649892286 672.6230773798509 868.1254299329562 226.0714227439447 4111.247719354438 322.16618972565686 263.8376046809423 30.680535501630825 944.0790070445254 686.8324080563499 313.27883033299935 915.3619740957938 537.6908671380354 4919.781830496713 719.5366277788105 556.0373545844667 650.4991157350382 195.84077379074432 458.2685963872094 901.1610570741359 17193.469888020714 323.04668905812883 421.0640117391374 4085.555700990025 2700.9933007336444 837.6283736326062 330.5281842186136 1851.3412871464377 1507.1902292835182 427.50556936578636 660.1000256892195 2364.4989464137875 730.710062506638 226.4883046760247 63.49026633607861 1310.9488552946716 241.3651803303078
147.49057780921436 86.96301565731572 629.6634383133037 1555.0078914077587 33.54529508978341 603.6771386135798 2569.3553500909557 1245.7493862866838 33.29714175214981 35.022530712074335 5895.369736148841 1101.771951004089 1571.747303847024 160.56150590536637 485.3952144086816 598.4437367844864 205.32830362857885 3088.3989978149375 227.30716457259373 187.8820481545663 44.44750119155076 579.5470576925095 553.7370942285852 301.35121481293663 835.5455680540158 380.3602620882707 5213.244546571421 497.9941142812664 454.3693333710488 569.4883412185618 178.71401032283592 345.11925429722277 715.7785684284972 12889.45918165292 332.1670550332043 324.223219627459 4390.293480883258 1694.229494307668 690.9165798917369 381.5731189284898 1584.7697089674914 1349.4458772077103 298.10119897811404 575.8252444466991 2339.249310805418 685.9148698169373 270.9509376157607 51.292875099556596 1295.7445196449223 230.03580592173307
181.19543343452565 116.45240439943876 905.9817830645937 1635.9587728863237 29.474421014628344 712.8719648853515 2530.3653883693732 1002.8557994201426 31.203354091175843 34.12731953464794 4705.787480207682 832.7497804569078 1158.5009171406966 114.65631082243304 697.7881353465698 517.1338323641958 207.31146315247227 2783.1028749669886 189.79909268828695 208.2092894264112 31.671331949519146 907.4413133647736 576.0181944371631 344.8787165751511 1188.0071397306017 310.4359316643155 4782.9791027115525 442.16300397983514 429.2072473557796 508.3835612535922 221.77941079216882 247.91721701384412 714.2404738990742 14419.041712053226 359.5920759232473 366.3850525511011 3047.4431480418307 2253.0552901899837 978.1153424029976 341.63221264098553 2211.0758837173435 1108.6904671476134 315.4698894982736 690.0273332169245 2397.676267022263 706.3667957622271 195.61871773328116 50.287701849489316 1710.6378482377 229.99312817619878
157.31454224703918 82.3558941103699 656.1866307926921 1289.351599390451 27.920496269842534 581.929867056993 1977.6996169881966 1074.011449692205 27.48282370143075 34.942953742058826 5422.516483499184 1045.9848891949746 1416.7704382315085 162.76946711819852 687.6099848721615 427.1742645362714 173.36523280164303 2971.8076794879275 278.2804341383204 221.05751678196245 41.1420742663847 732.5385236874025 409.5491889072201 332.44700071614017 952.2951035671582 318.3800751399939 4400.845532504243 568.6266635834752 463.0253373702937 364.7073687710515 192.70116313359665 340.00263470984277 724.022697161353 12885.0432336375 291.1313374668218 359.5965731940876 2751.2945411777387 2501.810870370232 913.1761447102964 337.5555716075967 1778.5824065610816 1209.0924109653677 371.037384992927 522.1788304445512 2171.231841042273 681.4231884138948 198.8187938839181 36.34429424620279 1487.5792401930382 250.61513120841215
131.45058266573113 101.36835377812397 902.4186618324496 2243.6182234386533 38.41785778766697 678.7893534533205 2529.324016790715 1479.204077794658 40.08852414494194 48.2263912682721 7955.974713747519 1074.4424997163492 2164.6566015667695 237.36993396629066 752.9967213215716 295.3453142699486 279.6710050836914 4174.462715170606 337.2454974515484 216.3989036009698 35.09430167599285 1165.1855838448387 665.9464187915094 519.2254285472684 1252.2081022046132 418.1144997958635 5173.52277851946 822.4408635321334 592.9957896835073 696.7897798194722 289.98245837657737 479.12093534244167 914.1850260569781 14514.274048860909 488.8414596173818 470.5943357749172 4405.8187203923 2544.1295816788597 1038.0552758753329 346.10500752234714 2124.149728264073 1487.7807530968719 317.60999069298543 674.6684436650168 2603.4627368111696 776.6037913216038 323.89572505746526 54.878695454869835 1671.8147149943688 302.98228622320573
148.63316368107928 97.13506677410587 631.2095575092856 1427.0889972691912 33.70244336651015 505.3233689204541 2693.808505086928 1344.9915232643632 35.46847776656449 39.250805551571275 6140.637095947942 1082.2427086563584 1408.4545720561287 156.32821599691079 681.7843992228145 512.016059833491 264.3552113807294 3351.264353020379 236.66795827235651 199.9949077334806 31.727581996440122 736.6689007253517 606.6539102615372 294.05057164315184 817.3991455100665 425.5327374264974 5509.216890421613 525.5771065662864 562.1960434230128 637.6170280333395 198.14344467362062 333.70269312745774 1103.3073555910903 16853.450234418742 311.2753316533827 436.7002853153185 3621.652924352362 2603.4583808677958 744.7600215798146 369.5954611584359 1588.8198043781006 992.3158367055273 287.5518548999006 597.6604384127709 1563.9432593851345 756.2391544743199 267.0270891771898 47.50563427532186 1467.4176815524797 290.6923423501136
186.23910781405237 102.82858105816815 778.7663452641141 1485.0598005301686 33.19260405682208 654.1416775280272 2592.521007818323 1460.3909594156964 38.91607089123273 44.547040618817924 6217.813851860857 993.7089492361532 1245.3123731317469 190.18163068707355 684.0808669022887 857.7538588827599 200.1184013642749 4097.319119087436 285.74045214721053 198.35559803033436 59.026708038567385 829.2787598781977 588.7775290525998 360.13854181668484 763.3441414599952 349.5603901421932 5754.748239498901 785.5085284475908 651.121744016785 602.7303343617303 255.71165850012324 446.23918021660813 882.6837855394498 16715.69925275679 383.62344930767017 401.69463848753395 3089.606607310534 2540.341677103441 980.0080477376508 438.1718897727061 2021.7891193259961 1142.5034129132896 312.3732684365304 701.5043463394265 2900.4096782384618 1052.3901376113708 198.8406830173464 47.97060684810743 1532.4138382298277 288.0811203756325
155.01496004607824 75.34552081161169 788.5006977365173 1588.8652767932233 31.79719294240353 648.5052627862594 2456.181316467713 1049.114607313743 32.59163483295033 36.143165907692236 6926.520164967045 1034.150114613157 1486.7059252842823 153.14287402099157 696.9630460701696 676.8211304023001 263.9232137789571 3509.2914787139603 258.8915102268638 240.7698823854873 47.8737753336097 821.0930189083572 583.4789120556388 381.0908750970406 841.0871722424222 366.7513500712505 3842.130036391444 549.3390595281738 601.1579278491616 634.6781462675948 243.30582155676453 351.31334721454994 836.3896670680692 9549.527417787784 317.2833623440481 394.57535610216854 3734.358107750141 2717.7373090390756 817.2757742567455 433.522973136723 1778.6522775856486 1182.9929469748984 328.42011638576435 561.2056782728164 2511.0708088465553 769.0445075063859 224.26836335980877 58.03611245398589 1654.5942767068289 248.65650777410337
226.4088304245371 99.57370797048033 530.4955533456853 1376.6491171453729 29.123593245093577 773.4771499120955 2787.3057980984654 1154.0629309717426 36.12313316250843 29.903742737979165 6118.802282907007 787.5275344335352 1592.887606733498 196.0641086269694 670.067260978162 564.09162864129 255.46856513671042 3016.5870828497204 271.63224994719184 207.92525606913412 54.29457894802863 1001.3535426241433 677.8663480893501 338.87722537251074 1123.002522105845 432.0795660405433 5062.840969610402 593.7434611336863 615.5491151355235 613.471914101294 222.44542798392075 433.22249625220155 787.1686091931474 11272.12518712998 481.1658598233782 437.37925919298846 3896.3430710842363 2480.3019894920017 686.2869771675496 294.74012877918017 1996.957223031483 1348.6457353989179 336.89742502553673 624.7660368492524 2591.8451494151223 647.2651254202757 259.12032601319805 64.64210368481864 1624.8745788874353 243.79331971197894
191.28375915087136 89.00302159365631 730.0861006031103 1122.8329846634074 30.726659752581504 615.6093402836359 2671.9364151494183 1230.1559209473655 35.734252483660995 32.68693335122042 6144.9968265954985 1174.0180483269862 1272.8829658597797 172.65631077920267 538.7066410990826 684.8074045748042 248.64309833186476 3259.9295416121363 266.42521276381035 197.01627252664866 36.83437537239494 663.7877344015071 618.3437808726101 247.45333380549332 917.9289598266234 300.33858301754964 4457.900978689004 613.8114043196987 550.0436432358133 469.9223376935818 211.02009794651278 358.70338458272977 679.9994982820272 14961.751501243298 298.5768165922029 455.6001364835339 3125.0291243925603 2354.509617231233 748.0522015000771 403.6280064755188 2136.461956536692 1355.6431705623281 263.5566478739569 619.4925671015205 2666.332041278083 509.5076276805622 254.22961938029718 62.34557245771471 1647.9753978310077 293.6999568985328
96.12759798760358 90.27810158473939 735.154471876504 1549.632952253355 33.87737638999777 540.3002814313987 2512.0730484569567 1199.189768122742 29.670448668897993 26.180741320770707 4994.697305000418 880.8425266022282 1846.5110646382177 139.6518770714403 509.5046156266706 539.4413996041368 276.79083785526393 3698.2706375416933 274.17545694656496 87.70048330974365 38.30438368503029 802.5207889464958 542.0612927187545 374.9561893539839 805.2609260090815 355.58482947638345 5019.394813817734 412.3563920315227 634.4667192880357 384.7633503990128 316.3947968321914 374.8295541182858 781.5754459548136 10225.235379949261 330.5487427351367 246.7418098531605 4032.638605964842 1877.4637942757856 669.8330005249835 417.6361835200548 2073.448556758109 899.2510547459349 279.2434638725536 479.08432428855247 1939.1624210761677 737.1774261050767 213.26781282680955 39.08511902199703 1308.699621472115 149.6805900901597
163.6284296805423 101.23362878768289 656.7573063442702 1439.748811349203 29.033977357201564 479.7413264523348 2549.4160293413215 1249.1869846405725 35.24929543929574 30.827131720520786 4507.111468296197 685.5939101760632 1461.2157385921444 189.05638976297092 596.8408663297992 616.5201524112298 216.62707011179987 2766.6794407450075 278.0456878284115 176.82281801580052 38.772296225425514 883.2296523544843 647.8105807479609 257.6172761819584 691.0968033078722 302.0680325396064 4902.970226197612 533.0710907213504 577.2254867465423 495.6214128247103 255.74401383248983 336.8253975304106 784.2376432758265 15558.601553083792 373.3548701295694 330.5956905258545 4159.152013037836 2054.7527034745626 808.6060964366583 340.5746139597948 1984.2412720843804 1281.8815944969292 312.0678276765729 554.8227491235259 2473.4903933357823 829.4741226388303 236.76478135562775 64.94062886217279 1581.1540517906412 254.18073611423134
149.5416592113727 130.09838254288252 731.8263603739381 1616.9239006288867 32.82923029336667 587.5147911388116 2989.168113466472 1259.1524429276515 31.322510456112845 32.60283745075394 6441.799338440489 864.2718792508227 1796.3084549233652 184.43723395663795 684.1800136954356 749.1209297203911 217.36302691330303 2910.41168087794 256.71600109742917 232.80951378336854 51.386867577284015 1198.1885881833605 645.207836149028 305.56708505569736 814.1613641246068 352.5215685858828 4316.71312971241 679.9708561481832 695.5653605406915 318.84350967447557 231.78337691815602 293.43631566684724 839.4833490883838 15219.71864933566 286.7434238903669 453.4622883897697 4849.453190717775 2538.871148453736 836.4640015700363 383.03376170228944 2260.8349126393455 1099.9921928542644 307.25695556701714 579.9633473948383 2127.6815534105135 799.831406985579 269.43429611500613 37.53282185429172 2005.8427969506918 287.36628892569973
260.98943239096747 138.667221171207 1048.797768189563 2103.7008216283925 48.70406037508974 920.457969732264 4343.963547760163 2124.9247277102836 55.86090590974047 59.841653114579316 8922.032652281236 1556.0800048121396 2855.3403492799102 251.66610301867706 977.0863593255013 947.4692573735836 348.28803646328623 5080.462028689746 426.4868958163404 251.98391012924918 58.55168723573949 1252.2638318970985 862.2617973549287 502.0560253035409 1084.5317192810012 565.0871439801659 6691.288098234391 975.6339702612377 659.5646075289214 842.6018530844365 354.4965718673359 592.4366859333255 1198.0625215243638 19453.741207625135 514.6019805027117 554.0300386483739 5939.451352711889 3998.463788093078 1028.632680844894 564.4794919888232 3049.3740277052807 1996.1143773079148 341.0544613452476 882.9714145336482 3924.1132316696667 1154.3188291551232 357.7661745492721 82.82305108394826 2425.2198027973122 310.2786379076257
146.25747055389778 101.58542643053237 634.5510909500961 1134.1015417395615 22.835872882516796 530.6017768636481 2933.5847755483405 1241.5556296672435 36.64070511576164 33.88848397262457 6817.9292065388345 910.6504900107562 1262.5643700238104 132.71596531278578 480.0782620946891 747.3212250553127 243.91694485705847 3519.1449465821283 210.8327897987482 198.7979868585577 39.9908879852722 883.8302311814623 585.6073802569117 206.63400928743073 1022.5514448576369 328.68525804845336 4047.10965639769 644.7771727752659 675.0046500940765 394.0470930156365 162.3431479023242 414.2243398205789 657.0474980416717 10823.70695028394 361.7214535195763 290.0203732997022 4453.712818554007 3155.318425048016 851.9673275189386 334.1596409806467 1608.0224570242572 1026.3612078017422 281.8778234033048 478.49607791776026 2433.561050912983 866.2119895899403 295.5996183642513 62.516341823529935 1244.2716900276089 212.88424506080486
100.65749277662886 57.88403794998655 549.408519579368 805.5026967955205 18.98765444437002 442.87148864542695 1899.9043880495772 877.8637864828212 21.551730867423252 29.282183062825524 3667.2169306193937 763.0439605507617 1181.8671386368035 107.96462701190065 456.78014783076657 417.5065224051523 159.575513477806 2615.9075538716174 211.43170692846422 135.79078865003282 28.33448227845191 919.589448008876 460.9342067037888 258.89044040422914 707.6330921859147 248.42941978384476 3525.4620702390603 360.10334393116136 434.18368263199005 303.0537857071884 182.98515598418044 234.00194398995876 465.80329309101404 7580.292587393338 210.41993757839865 296.13332481874687 2376.1015028071574 1918.4742009072415 497.81566662362945 281.1537165161483 1445.63828236432 745.2186754396033 250.24878107880158 362.33411898314154 1441.0416631050998 619.7277762361252 169.66690596924593 39.886889238118655 1130.282257189537 170.47924123879386
166.30215250499714 101.4264821968088 743.0135601531066 1377.1448352674709 38.0330514732571 702.8766015341275 2490.3691952750546 918.9991008236198 25.882590698417097 35.19047883911345 5663.409309811288 883.6338536743413 1360.1764402578385 146.78185256796277 589.5338463116349 615.0604367387255 302.26740280999513 3526.5902937179435 160.75781655018739 250.66177880951278 40.789591441146754 983.4465929256575 439.7038869663026 310.6768834657501 656.585556036724 395.37098185682174 4136.0943578415045 659.7419322509651 509.47884152709605 532.4799974728124 270.20565901945645 401.48833901253846 677.2561804367492 13838.704464714761 325.48774914376 338.22130688777486 4271.439224429423 2203.768436107435 734.9832987937464 442.60787577242206 2447.7622344430447 1351.6076914972466 387.7228746853493 466.76907239932774 1999.9943266042496 619.6978290037906 255.38581191591027 47.353411153449095 1493.569682897726 276.32392955532686
130.67882512184417 79.57321653294085 679.8507402216534 1144.976715580468 32.32256893036557 477.03328169079117 2307.7216726613738 1037.9355904626127 24.359400821665506 25.895586175069045 4727.719065450437 703.2453415350833 1267.3811592246716 145.16849635034566 456.68468533821937 509.62032494635025 176.3368590520967 3009.103957835143 249.41056060918578 181.810110005691 43.1881331430295 637.4764836613401 428.47113195822214 187.16258238415202 730.0342693994472 222.73429710465388 4984.603859142711 571.7794587256963 388.9046631851801 435.22408715485375 205.8229704846628 323.7083374834724 617.3950960918767 12010.297611420112 282.56269246638567 299.64534213224675 3412.603453906462 1647.4470483250507 505.0599379383785 229.2724342552878 1817.8263308996395 1050.5154858041549 206.7373340533104 434.6878677235834 1924.728404387369 625.57534903237 190.46856301542422 32.86239592388495 1181.3096950913857 164.72215278557718
193.13665374816702 97.32077379446002 680.2145291875695 1601.892960756778 36.97175111860318 715.2178292076131 2774.5172569879587 1124.5811065474695 30.5078481214214 36.51091448703583 5341.169824474577 1008.9398430574096 1356.8338543358434 146.35528765120776 491.0065094802898 550.0824383686615 282.7074694934272 3310.2414726832044 304.78597553344525 224.69266631971277 48.44388289412109 934.9670415682874 646.5196454286162 331.23079411673973 800.1759515094803 335.456838763516 4475.498749608755 668.6578512814149 473.5631757508945 599.6239573471806 326.1747298685857 431.365885422661 793.7940387818792 13681.726213202957 383.97295798806545 435.66029404945357 4328.706988217155 2286.7687005394696 735.6485955259711 357.6786807213692 1491.1028644633848 1199.074508159079 291.63233446321226 530.5841865839134 2280.3996768116267 845.8379123842477 254.54834941701807 57.384731136694825 1856.6358004705157 315.43858906720817
113.2766485449009 58.6041280457021 725.6290343552065 1250.2936910474255 19.188573928476536 474.95787160513106 1993.1774883432408 1023.2465730465292 25.60179588931004 28.896800145134023 4058.5092174381057 851.6497141672162 1360.4512555233791 104.2934986608468 494.87667954535146 457.05694141126963 211.64348231483214 2637.0383320974765 160.93153393466346 125.51884749890615 24.83160961688401 598.4670760634295 521.5853189473538 206.35937270340787 623.5274370085683 230.3171421083245 3418.293661929219 472.7138874352064 385.6600736321404 334.9987891270999 190.05293305713226 261.888073679894 536.7218016068881 11747.431175869855 331.71352391872364 294.4376036881374 2833.975828897404 1944.141747552991 555.3777545679545 291.8382075368802 1356.1547264781384 837.0368231182672 257.7020855191501 449.5010921845535 1814.5877227014983 599.348156876375 152.53408828535623 35.07159958419119 1008.1407618692277 217.84288850145026
88.37431087338696 93.89309760072236 483.1356846433666 1469.6885057339493 8.092807371541078 382.0004006402124 2159.3669499075318 990.05237525945 32.540232853935514 22.87622817653087 4861.744586743377 591.4089362590728 1469.945797869057 137.1791448040904 307.3476480209018 338.0058814423368 246.24866185385838 1838.04968666485 143.8935892295403 184.7611376239182 34.749610151348755 499.2709086832514 437.6594939813756 225.32181368670098 736.0967547305122 257.31495691741907 4200.64937333639 547.3102413457417 260.8954119708436 427.26043069061654 115.89058651960039 210.23132846902885 684.7894863623179 10387.394360059126 273.11605414850794 178.13585216153743 3115.6647191971324 2119.4374198043556 450.72902536155647 316.0704097574243 1524.4911954978252 1087.5573750484941 224.75129756023375 428.05981893931295 1698.488586608041 691.2337776730722 153.0453891876721 28.44845492118003 1147.8095732496458 213.9894864260128
115.63645701018001 62.0598255688098 642.3981992339666 1231.5642945874158 21.021037234284478 659.4216448425149 2159.0038326621816 1069.9875853838819 34.9694115654567 30.413627923127844 5001.921446817433 733.2812316524122 1438.8828123188853 118.81007643862091 674.486005271282 489.3755249075644 216.62152655830508 2812.1562127934803 212.82101303667258 196.46632040379714 36.68472254848684 818.5398818938094 484.07034826698464 276.3920831092759 750.7075909138796 390.4886858228178 5178.848998013183 615.3479267834092 551.8915249233053 417.13893259844224 273.2290712088233 271.08602930080934 509.7198471433729 10717.913759123006 284.44138025390293 381.40000527636994 3188.642818726406 2473.4092647814564 684.0297760798658 318.5531381993812 1504.637452137822 786.0614518298357 273.1910422147079 347.7101312452874 1882.4702434960127 654.2570388144338 219.96313902761202 43.46627016421273 1722.6787061098112 196.8512125715264
121.50108916186389 33.207417891076076 36.47470429171068 814.320822302768 26.33912432708638 405.7780412718637 1710.0493328972489 444.99068297328694 24.923975210697222 18.91926262624886 2802.2655478683664 373.96050128785464 775.7291513934615 85.39594266421324 199.93186971413039 395.9982234022503 198.90410216954749 2095.7578286607727 128.8608186350845 140.7835982087267 31.556846779460685 856.7655711924065 401.93215545954104 81.23546090149283 482.96005948433447 237.9165322019088 1823.4741100563776 315.38821675215513 287.66138796317347 301.28531980056556 90.21430775637715 208.28012001248598 216.22106146417053 9050.317915296122 316.44504279643263 399.03129625724273 1090.9978091603157 1757.7434389600467 342.29967802190913 235.9848289950032 1914.1682803640888 937.9730812007207 232.16995719841424 336.10030456124343 1338.4597998939605 595.5007522639276 187.21148361410684 28.0215231028686 721.1063583923366 158.56811862004594
142.67869203011395 78.17538482573096 646.9886709868773 1519.3717159280327 28.22061806102177 669.666075189472 2237.9720461082034 978.7725119163213 47.24201232385096 30.349363811613518 5377.751505962064 1068.993958415544 1126.8578864071355 133.22542575456882 641.8630172467914 497.07169581079035 201.86918333060729 3149.5310611744885 226.03610716404634 213.88902145800938 60.051322851947916 955.1314865907154 752.5429552271878 374.05091290298867 566.4865928324866 370.0240840440918 4534.09525734778 609.575533546667 546.1249755245385 534.0617817641664 190.07800200111555 440.73505874253186 464.85786210892945 14675.34406653571 394.67211165481734 418.1867193160622 4971.027332983399 2283.6077659211655 685.669172606506 422.57959485692663 1662.0890642098532 1255.3458992654837 253.67605453199806 698.8192212241038 2153.738059489733 759.3965643734925 257.6379404716871 46.781633167481424 1191.8454234105634 138.67302966786139
125.21940924970932 86.89699314187489 660.6167375563089 1534.1357438875802 43.43921242542011 551.7151585571116 2583.1272838331893 1520.6956819663778 34.77668404980723 34.5191685979847 3665.704815504673 807.8284939439093 1354.102465655825 127.12682592898592 823.347548284773 561.4876470258403 288.2718873071336 2325.18467615862 232.6150466097064 181.43083517585174 55.81007783588094 929.9288641544249 681.3562698768214 253.79463270334975 666.802662498515 336.00070371265275 5099.643481314868 626.5879571409845 508.1421424411156 553.3996402401833 249.90155580424184 399.425504100573 825.32272996994 13709.898321087596 325.64243694696563 207.13074501037937 3613.2862897233995 2101.579587726013 802.8341215738259 307.96282975104634 2187.4830108080737 1423.9560140026304 325.7660357724854 438.5138140975824 2878.8661137759605 698.7411380320502 232.92490413177308 65.00259511955926 1543.6791539804385 255.43340134484194
126.6325110682395 80.64686613247524 800.5314203036326 1445.1512539422024 25.165206835070435 749.9177844578273 1822.1018190974717 673.3958187270761 42.799392906287665 33.817973111660756 6913.230286960833 786.4915958377911 1623.0829163361063 148.6691204953201 676.9187166752259 734.2683750665627 305.1099285203422 3634.943180131086 296.85663006377905 188.65079186354464 39.408016221931206 819.0746081253272 409.1737390266299 356.3791286152953 835.3673625322274 341.4120269251294 4636.534859949973 772.5480844055509 450.6989848182093 511.8943082152369 213.8992032947373 265.7669116171428 686.7698199641828 19803.483054028202 349.7907474715436 325.69303546221937 5589.3161809033 3014.4330474697413 793.1399858446636 309.85237450192915 2121.5800641700957 1502.6472074732553 327.49876454398475 384.21653190978554 1609.8575338879941 974.8755509510761 221.931958461857 43.36775773258076 1182.6633444616175 296.87593758617544
137.71568283762338 93.1072300463776 692.2593161495826 1275.9265468327346 33.20377128990691 593.2717480320182 2988.018993015863 997.9319883288275 28.349243734684737 32.279973340546185 6644.762673928197 793.775785856512 1646.670130701662 143.8984626145773 618.5330608247978 560.7792973794998 235.97941126625594 2946.8109122898863 241.09458791267178 229.14937706862838 40.16245899288162 759.360170133706 582.0087155064016 320.52014032712736 834.6103742338552 386.5774781756342 3850.137307564118 571.6708255677767 503.3625554872141 367.9750942941489 208.3716568202609 347.5438990224239 799.866742831408 15218.512699863039 289.61328251470263 366.08657393741424 3820.947590672159 2572.796836735527 776.1079539915585 309.8003843060019 1968.4752591876797 1030.785745846655 313.2092838963382 545.5934348485956 2065.7767057716774 769.879374608546 219.08750889916297 46.60981196495794 1434.3702115747415 272.3834746241947
146.4891583123436 53.24933434980627 547.4156420332322 993.3014418178526 35.26890210874228 627.4629024339854 2823.658360448473 1199.2554194833667 36.85686455419325 34.88579772622547 5568.723163237929 889.8870427363261 1344.2740530801457 127.22859558849537 593.3229865317567 433.9884872625066 249.07131260690812 2932.5689138303933 269.45495252362707 122.85516482277438 37.219637086884084 962.5157647799914 684.8106415223485 345.73454281085 834.2616669295971 325.1121765843982 5404.927250751827 707.7760345127683 487.1657521535122 372.5720273056821 204.88238841327973 362.79001540087467 576.7684745294655 12296.267482870275 379.69933919694324 313.9547796206686 3971.460139028356 2447.083808734165 722.238618349332 308.55599852029457 1701.1795682240388 1225.6815304893341 238.33939844908974 450.04124538064644 1917.2129407617338 734.7308579884675 200.31524548085926 59.47320750250746 1374.5371802499021 238.47298157559504
135.0278534018625 58.64273412449894 640.4978942203854 1291.724034497678 23.360802899845368 501.4074703983031 1781.150317118983 850.8597662111691 29.21615367807027 26.521465418821776 4954.154598870236 931.4076536971488 1269.40697504436 126.38752356289034 595.8370662172963 491.0083113381565 204.03288642778614 2845.957274548867 240.20774010222289 149.87530384854938 36.08816022648005 679.9893914836191 504.67595477213865 333.46058018494585 651.3958334982183 367.39399523815905 3201.6183497416846 562.3656939747316 338.7040651340719 398.4854489943393 213.00007500400955 269.27998576857493 517.3441589844405 11201.82472121593 300.90616219385413 377.0424455564049 3115.1332602130865 1834.1614060329543 650.0605685805549 233.63807158900465 1615.493607248152 1100.8503235685478 217.2141503498687 487.91532570960715 1863.2786414884338 771.1186314952663 163.8091109735405 47.86310418092551 1167.8779731567251 193.13039244084246
128.7390425211697 92.33398736160957 664.2007365750278 1689.6281691065847 26.31996976186195 519.8028060239978 2129.623771267285 1006.3345852742208 28.79571857057204 40.38684927122306 4720.7394556869185 1050.6320172472854 1384.9499215438668 161.51765640935457 817.518926784828 632.0368379187469 229.04968679489255 3334.890042312231 245.71163113233467 237.66469016506866 39.70225467545421 869.8694454544328 496.9293870571231 401.69124089307434 894.5175975879902 336.41453293052655 4495.754556122636 505.22384500270357 475.76332952480516 362.73331248572276 243.29613786011217 407.6524397893713 693.3814645400543 15974.796612166097 353.72063311382885 437.7239494911187 3819.2497765699964 2335.346610549808 694.5965204032955 386.68469867287587 1530.6664495451487 1370.6953492716034 252.20388304900993 513.3078209094109 1735.5755463755775 548.8045307537108 134.34372866863882 45.545562960511305 1150.6128103992087 225.8004218836211
122.98492165447144 70.04904628107431 471.31213653299375 1039.8891894831356 30.00617939562307 471.87214835669596 1788.661221792455 937.0547327357758 23.59337342601559 29.586070168443563 4291.1625291387245 638.2650103509264 1438.1248214977306 121.35454060686082 418.6773331069534 545.3892195571028 178.84348586800283 2443.790276268162 204.16762047304798 137.4789756164847 28.925441914171813 755.3663537444281 474.03134119469865 213.76007548057862 775.2556107561977 300.2925861685766 3340.2307188879267 450.6972028577808 360.77638846535416 494.6893214942819 196.0245927187231 292.4037947164784 685.5593860025638 9934.316232695024 268.8252844654192 349.43144796848395 3222.0700950888568 2282.8864528429444 575.6584642180328 272.9160737258152 1639.432139057667 992.1982788944358 202.09544725509312 525.9337798196848 1875.8251279299616 636.8004140349448 127.98186991697816 49.05075751292981 888.1170903033187 161.102075193869
133.34548461855815 86.4828442930943 680.0307128997166 1096.093190943798 42.455164819163656 332.15460278543884 2286.8634646046494 1574.770122997885 28.44940830276276 38.45243067608141 4727.551746406567 904.7026188196094 1405.2535707280517 142.09905201307632 582.1065994458048 487.93939184200565 224.46091302785024 2631.1813691915895 196.74360779561164 186.1721195700057 30.45788640325292 832.0674329289269 558.5885769334806 267.40932054237885 1104.041427079883 296.50614008421394 5186.066420773742 658.9630191982967 434.66366211741786 496.0564185376088 165.69354782826406 322.51366546553993 495.8841589529456 13311.266159039751 243.5532976181653 442.160393499238 2741.3148307753945 2022.2077141813415 598.8862424993454 233.01576398391424 1834.5646304898185 978.3934628539785 238.37004539077117 350.7874693105615 2535.550621265751 688.6400818249215 206.31539300398245 45.50524002174719 1339.3377758262575 213.01970907510773
153.44691225790436 96.45483854013212 772.0719643563216 1367.866663206091 25.22022975792173 642.4135495128719 2314.077534764188 926.707976410527 30.22011371115843 36.13435172153171 5985.063496973451 992.5646900118776 1375.0245291923231 145.23459384882568 689.7664295152669 685.0196895012326 241.22181998539344 3297.485856890329 228.89039753201212 212.05056479955087 36.07200440542592 733.8194731431232 515.2602180395068 273.44866796066583 854.0616484085598 338.4524333124435 4804.320422847202 650.8747763771822 557.6859326349422 519.9014594075182 237.57820416517114 310.1924431062943 765.0517700313421 15392.242759922248 323.8188800070357 337.5760143750495 2502.7703250187596 1464.2583599613083 687.6969500304414 295.03946733548645 1527.8568206536027 1206.8504141979543 331.4024338243879 619.4864462661654 2208.892005896271 1017.8227857235859 211.39048537045952 49.2553075878101 1734.1628556155995 312.361688644098
165.07585458722423 86.11352670841747 662.6634775394984 1504.1930936638466 37.48431174886473 544.2056179626949 2032.4910890895696 1081.867337934695 46.12518007223313 38.756732965152736 4915.983207986036 1124.9016038157629 1607.8685737686385 174.02511100355855 832.8018654123919 569.2653424573614 239.60795994391358 3171.739371309177 297.5069793572745 281.76488177599435 39.05274856114951 639.302435416124 463.62544222718 279.7389938118658 953.1076773586215 311.2717306731657 4745.797443453951 622.180709384418 504.7421454249271 511.64389935319383 258.0742497116307 297.1875320981973 809.0313699114688 9193.358439280331 375.688117894077 374.33315777510796 3677.7864142976696 3186.596463681266 738.2627416938788 264.5364082680675 1511.643552627248 1357.2034342193112 263.23647021360904 617.7339908400601 2157.1383224066494 971.4870587173201 216.41909285618746 56.19603543897724 1584.370635076333 282.47157794718584
129.1712627276255 85.38925036337557 599.622722056539 1733.8027430970617 25.997407643445023 428.9213037728235 1654.0721755042969 1048.6485838310095 37.113250546541366 30.43512085008181 5638.059051427114 710.9851728029369 1205.7526845135887 155.7179143220026 549.8558353092706 598.8213688807843 180.41574640677078 3293.181355760163 283.91195674488563 198.7081165379867 38.28273907265955 755.2470922168526 535.8722396814892 370.6926703114447 986.9100697116868 392.1935454854278 4695.043816477236 742.9960275199712 430.036620975439 523.5218018905953 277.25664416909484 323.78202475356585 630.1588800541048 10198.767444871864 364.70293814916135 367.8579731316352 4022.990392565277 2411.8016212639486 612.1005062771776 293.67900120157697 1601.3252478990391 1269.4164137959815 299.4709890712842 556.7813775739753 2516.1769019144676 775.7023730427948 198.5154933856877 52.68751983476569 1680.658686032946 249.4683533480322
129.64712932624352 86.64173542919502 739.9452983748422 1392.7619626931933 20.11283553491004 383.1449917476616 2071.0246768208253 850.8047622701721 23.192402110741376 22.824667296693775 4516.827113305132 737.520148833509 1245.3874067388945 147.63913558401208 473.6383943328701 559.8690048942171 209.53141371278574 2071.9848744893734 191.01156111042175 231.28308439934042 39.328929722905194 845.8940052656985 494.9064925576306 249.0930936669097 922.5090496899006 309.2584528007222 3340.1759269745544 524.9083672169708 466.63728038300854 361.92652053654064 260.65602979059935 342.0413524298326 513.0509064109178 10903.795801295653 286.2685350538799 258.4793287064719 4147.520995107705 2870.0447915549935 503.0690318712079 350.62034504116934 1700.4327498511725 893.7436543251113 297.0563110208785 493.36351683522236 2091.338211211756 691.390666124582 250.6853057077272 49.86786672089464 1194.1408721991304 207.23669040425716
99.84250699281554 45.68285743693643 509.0407060494962 936.2738997926733 25.38060398825103 478.9009321575667 2669.7127777175738 698.2005130514488 29.356162492366238 32.76879599583723 5135.606707799102 636.9468850585766 1405.2066482773878 106.14599265483395 233.8964825790525 263.7912891077782 100.6728490020989 1907.244486701774 179.13877558329293 124.94900012625143 18.31252571101689 623.3027965353168 499.961859693789 185.17278629434202 635.617263710312 243.7249840491092 3104.4821364167838 465.6030433150711 473.45703508675024 512.4741679129805 204.5225178582595 282.3525744485339 435.7493321923811 8125.000187330312 231.93885491580818 146.80961353112883 3540.207301911716 2155.395378012348 630.9158452853536 202.86100513784078 1635.7170291956909 1089.4326641778443 224.76603015846354 456.1029491954736 1862.0935694419327 531.7147098021625 202.77480078442994 35.76632730757385 951.7255583287222 172.49664750813278
108.55096006784736 68.73922290491019 380.5140120255894 1094.2285216073903 16.42487574671342 448.6544893104274 2130.854826347419 987.6263985104599 26.223535577354347 19.812266011613296 5023.917751666527 528.8343283356195 1227.5463856339097 118.20444869706124 670.7874364484021 312.58283116809594 168.9056714334227 2462.0270491565525 199.380874506506 124.78046442584852 33.55123575358654 551.8078624355977 366.1918938572684 201.58390156235427 651.8014146382168 251.53302212243065 3524.2566943551165 404.919152811829 314.0515041758792 394.5415022139091 194.15775431681317 295.7273824261125 497.2701885304503 8318.225716282173 219.32447912167956 314.6164534497533 1966.4626445249528 1517.6994114680408 658.4976262585509 147.94377168306144 1264.7511569743617 848.4966934490817 173.86369116938403 342.6136165590624 1826.7980669110664 550.3571784816181 107.29757232770635 40.476584831592824 1288.3862651892346 191.78257227328413
182.67069299454232 88.63303491322654 730.9982665238413 1385.871909923515 45.47256740922723 610.6113370672019 2223.160309203433 1298.1069912449834 44.19022203782231 51.9775318673491 6618.370627986242 1246.370670854326 1489.8197065311065 154.7899610147402 757.96587499374 623.7132546074222 195.85724005025304 2749.0086653890157 374.88900935162894 277.97409589172156 56.41148923153013 929.995795907754 784.8279138611563 382.66310621024473 1003.5743787001863 419.4248139534103 4737.715090825773 794.298362968039 582.5118146959547 735.7654761363573 269.1602462229833 395.46548107344955 584.1544704875566 16769.36055713009 409.24824619748796 341.6230195312445 4408.2577811466745 2921.4005852752493 711.4689081604464 332.3804856697144 2458.454953966462 1617.9695808739598 278.93719907787283 533.3328804470294 2697.7038725405805 923.7434082415682 287.6473413946869 71.73630998463474 1739.650476029662 240.00727367894308
179.78200826774255 108.25654814017301 761.3777058962675 1556.8512705505477 31.594226184143494 607.8370454051399 2851.216188269328 1329.1152037914214 44.73807915691345 37.04540808385704 5755.523021052257 1085.3342918703654 1670.0850718760894 134.44459757759492 669.1279207500465 621.885349896165 260.76097381405594 3806.6538847331794 275.66964443542804 209.81908380818152 45.10840845228765 839.5402896233702 673.0385064875777 274.7334839376453 873.5043184221364 385.99450976710216 4569.727161132405 597.8299623794228 560.2612904299222 533.5649888394333 251.67476497387108 398.1685158915421 644.0888559531253 13570.343788456214 368.62891081610377 433.03698321146965 5023.295864589021 2168.7476662264266 940.9751739721834 451.9390536568192 1800.8048946111785 1272.2332264515364 299.3701771196915 509.84691378401857 2226.109896329656 808.7627841428292 244.80340928436283 54.9345238464051 1921.193804365304 269.23295040260246
113.98521339904391 88.33927577163914 545.5829652927549 1330.460859899546 30.193265300110966 510.9027440836235 1845.3711959449247 1015.0280714420155 29.874412606268837 24.112527170550113 5150.56580933784 674.2751728055192 1299.2185321179654 129.48281527553706 487.88744235492726 485.4212583828837 243.07835204151883 3011.850159134934 198.62316545519784 150.8469818515992 37.02994345045556 775.4715065725314 462.0595799114967 252.48924478122086 439.6325500752179 259.6960546374909 4628.683891302176 579.0197791752607 432.56970570126225 393.2062534935716 241.80469108189814 339.3789396570857 589.5805396324524 10919.411539711773 326.16045030283016 297.27251320300985 3537.8544665066383 1967.8805728341413 491.8797077817599 305.7815864676169 1492.6351914659099 1056.57965590967 282.3958242914901 507.3249474422364 2138.1018293614247 670.6728279108098 161.93293693400847 40.23943638092179 970.1891523588356 197.09439817015593
165.6728344140927 90.30816681963175 779.1179399889184 1548.955874272554 36.83207224011525 680.3965540892635 2285.7444379534195 1208.3193112691029 37.737876287464374 40.26237754271129 7301.08483649217 1059.3806307053949 1779.2223346579294 162.44423941795523 705.3710447414962 642.1824926602951 307.00464597712937 4685.744150045632 343.73827646597164 175.75909679691944 42.65819161408425 1043.978712531559 692.024934491588 355.2144314745898 990.5256168909287 375.5745049970188 5433.070262763464 629.4118260316104 580.9784821141259 607.8071725207325 276.85681301677835 316.0289783226958 706.3116737975593 17305.74997787811 381.1677373540273 462.44906648444714 4685.202181807462 2249.2229836769275 808.6295922801557 324.85173357910764 2300.3969530750746 1360.5617932597586 336.1426385901803 614.1747971883696 2049.0903903415997 830.1282251503472 248.5042413730427 58.072904461993886 1834.2815613182577 358.4931341152403
216.83035592743244 110.31051426396374 887.097001005037 1610.2263027742142 31.854874837491117 728.4795735429113 2578.958872604113 1482.7513273522766 24.87141288332005 40.80133659415905 5835.050020525509 1306.673895664394 1594.3757747726468 201.82740607503533 855.8357668299273 720.4617579580182 197.2633695920253 4009.8996079878943 324.05669100283257 232.6103871604501 40.18582023840855 849.9831239264195 667.8440557801923 397.6099255544583 1366.6302838155348 437.7968664153413 5054.9656089388245 635.4049742369214 693.999735273982 641.2107814066965 325.20377561122893 336.75182899283834 779.7295371405439 14515.542070546664 355.3071368475699 380.3166768717739 4071.4724360646837 3003.9348053608887 767.9203764249239 353.996959611548 2012.8882335766157 953.9764982541818 260.8497896709853 621.6020998309366 1622.2633877281608 913.3571027456464 259.01836761721887 64.30005053491476 1916.2875228953335 308.38241683697254
153.87877086528945 114.63276299965412 875.9646730823331 1540.4189862195688 19.98135312080955 552.7349184274887 2338.2409635187546 1323.8940757040189 25.220024969371597 25.00266119957822 6512.490159746336 894.5300258996762 1647.0823026308144 124.91971854725071 774.2990347132665 558.1070964263424 272.1947712713942 3525.7544747579313 300.15209428547536 225.05342125375202 39.07734430470613 661.9970629324075 680.6845552519386 296.48049284686425 813.3474865151564 420.7188889146183 5016.9819878153285 503.3544468998043 514.9950577382599 674.305880390852 292.5483198053016 351.88023745902757 777.1566245287444 13006.923485108808 347.57594057393885 402.5937501663153 3477.4499218658034 2676.007542291773 581.7304175140704 414.50949049913015 1645.1615613220301 1313.4682836898091 300.99286137126035 524.5502301401303 2547.839586618861 819.9865780105013 225.77839555039387 70.43280074068025 1493.3904635416861 195.03057942583334
146.89771122663706 107.48769429878818 873.1617213271733 1993.9599864458119 38.87767515111548 797.3177255681662 3001.60247467547 1612.6841250718446 36.15176956421129 47.92762059701649 9086.138782990749 1150.9114192335323 1618.1880670757928 162.81221643506206 738.3769361047277 736.3171336355034 303.0769820312571 3843.2837663631567 344.9608100077613 285.34807266221117 50.03669276141462 1178.9333527433478 701.9765961657171 396.8148999666405 1131.7229759550464 427.65441567500494 5285.59884793683 853.1206647376343 682.1155244419693 687.0038119862506 399.0284593604258 535.8912976424706 940.3776743410056 17722.85673194533 418.04555979421184 532.5746849668644 5309.0564198356105 2872.674062387585 934.2097073403679 429.99786477714093 2477.9031229568964 1197.4797523768227 337.77251136109305 564.7935928771249 2223.473884309604 1185.7658684609687 315.4234457797484 62.58345448884705 1924.733154996201 290.3123558710855
195.48011501028327 90.53924895191975 581.1042951604487 1436.3000172428394 35.775388462206024 689.1626226226858 2491.2848290480024 1013.9781156647905 28.565269086899747 31.543780119430437 5387.019629465629 862.8231959702184 1836.1814319896382 182.3672890669139 570.3295096381664 542.457353876506 251.0376809583333 3166.1619000297496 243.59307783525898 182.07603950311264 43.326631117059094 957.0465903514801 578.882462616642 375.8934066347052 608.4896059090908 271.56146278663437 4423.338812433947 471.1423428919658 491.15169872301317 475.77528896444994 237.81820101190937 333.0254553241396 884.094700718124 14787.035259918757 227.978142973675 382.9032290184181 3264.5780231573767 2733.5309126634293 832.4403274264959 333.4446264530763 1616.8991597834474 949.9959705123745 336.70078754737887 490.51885011517834 2629.5991799209683 663.5824061541695 272.86834191247294 52.37127703680741 1549.3982283759292 285.003204339875
140.8318442951769 42.639000094176026 658.5895414908896 1058.9470196985212 26.57571347801099 411.22030964167914 1953.884367718848 819.0380329835651 32.562788949508025 20.45786728798204 5522.331518001613 924.4992060374532 1132.9603372441816 129.23164671324912 568.8067429566322 379.806215038677 205.4285038725549 2713.6906262498633 236.6991256042466 169.5805176651384 31.918924949525945 504.43921596811083 435.49094340582474 283.99517726075476 433.57661662140595 289.62196209275294 3051.969492366 487.14488768436405 453.07564024606063 371.34652590893813 161.2195791166852 296.8004152898283 635.4086445394231 11663.190323906514 260.5918931851311 332.00439219677554 1907.7140648549741 2028.2627516818077 553.3377201772125 342.0725270617821 892.1273857964823 832.400678721902 275.7164057116342 508.62183625051097 2220.627110665453 658.6482676764047 169.6696512253101 42.77036405214719 1595.020921660492 248.19814800709875
86.8526696175274 83.9683590882576 494.9119268661839 1272.334595014528 24.2383574650798 441.0418994161228 2220.953309294281 997.4970282015441 31.204715401015047 24.94896122814592 2871.7119952241815 713.0131786033145 1056.2286794797187 108.32856835395634 434.0312529682358 391.4429543339466 191.38325077090138 2619.7811281032273 228.8672459089363 140.67674405490345 29.835325698616593 555.4180254949331 441.2074632278628 218.62899015982623 691.6068147496115 266.4988186817765 3005.615241877304 494.83022003999577 423.9956839009502 319.1358426008817 184.07432344731475 222.79947413731583 542.8117008145555 10980.434713099145 276.3094739117437 268.5590829752276 1935.6530439353032 1386.5635949244113 746.1048983346053 285.29805511899036 1057.7119453739144 1087.4063589645446 243.58136957741823 355.3759423412279 1164.0780230880935 725.4358448702566 140.7751857181671 35.06564801974706 982.1280649670794 233.96367988418598
