0.0 104.39000490502247 0.0 0.0 0.0 640.5922943297818 0.0 0.0 38.42256568198585 40.06913532451834 4849.534146327263 0.0 0.0 149.7816851709381 0.0 0.0 295.1416002522033 4140.319224954772 236.19886774740687 198.49975792187087 39.50484736744289 0.0 0.0 0.0 0.0 366.385628795869 0.0 732.510129255588 0.0 586.1882447789309 290.6512975213242 418.3075591985171 0.0 0.0 414.983103975462 0.0 3744.1695080318477 3084.0129804891158 0.0 0.0 2016.0856830385146 0.0 422.6525393819445 529.8768885200058 0.0 857.8563216437219 290.43955129421926 0.0 1494.1955373572812 0.0
179.79211572569662 0.0 722.2894593853888 1382.2347079191943 0.0 620.0210405069765 2906.5941807299596 0.0 0.0 0.0 7166.647260157105 0.0 0.0 0.0 0.0 539.0681199642366 0.0 3692.6575615020474 0.0 0.0 0.0 1070.0019827452093 702.5258751301138 366.47978567809554 0.0 298.60483914896577 0.0 600.5031443494887 0.0 0.0 0.0 374.8570096193837 816.9528918838331 17684.903209024145 0.0 0.0 3986.7020066336854 0.0 0.0 0.0 0.0 0.0 0.0 525.529639408252 0.0 0.0 0.0 0.0 0.0 261.28926833143476
0.0 0.0 520.5845487274548 0.0 0.0 485.70859877005125 2061.34094147018 0.0 0.0 30.734831704338095 0.0 0.0 0.0 126.41539610166696 0.0 605.4077863062827 209.87850546434558 0.0 258.2634349381537 0.0 22.805481014173576 626.0220269605071 0.0 189.2048846728746 921.2823510314736 320.96371614707243 2808.4993678250094 499.9091164578839 0.0 454.1067455664845 171.05699543049383 319.21632043776714 843.3382247722459 0.0 0.0 393.1906759786366 4405.984183758829 0.0 741.7510353909311 0.0 1599.0577692443742 0.0 0.0 345.0846970685228 0.0 726.2745212290206 221.7143010980853 0.0 0.0 206.8241269808081
0.0 111.31195023906143 0.0 1876.3965243129674 36.045033151567736 580.1099049331233 0.0 1275.0053416976016 41.110922989657645 39.05480945354434 6537.7240411974 0.0 0.0 145.47334338621187 676.6055107727535 646.124621893134 0.0 0.0 0.0 244.91363196974973 0.0 1113.149572593637 0.0 0.0 995.903521590868 331.0316298928579 3185.6903559190805 690.3543473395924 500.1756489511374 633.891033317029 209.26256998692526 0.0 868.2527691022601 18034.599268754304 391.3047101938954 349.4350294248867 0.0 0.0 0.0 0.0 1773.0474233276811 0.0 309.0940663607389 557.3122988691501 0.0 751.0290891219876 202.5008597920423 0.0 1563.4603368332364 0.0
175.2945294577247 113.41842473454689 727.2392997181532 1681.807282014115 0.0 0.0 2092.3804782047678 1239.256380544698 35.68250913482607 0.0 0.0 0.0 0.0 139.9355609168552 0.0 0.0 246.5843374364999 0.0 0.0 234.96545637608483 0.0 0.0 0.0 417.4141026778382 891.4528245659252 0.0 0.0 707.2350738504899 638.4335521135278 0.0 0.0 372.05448651636203 628.5927052030323 0.0 318.85823812484637 0.0 3251.6933784644093 0.0 0.0 398.3504314438902 0.0 0.0 0.0 464.18286344142496 0.0 766.2282315398229 222.72515313769603 47.928057239296606 0.0 0.0
0.0 74.95765025686163 0.0 1243.0244751586292 20.891625275800042 451.66870722641045 0.0 857.2120457853614 27.31595891689533 0.0 3278.1209351031785 0.0 1447.9103701888332 0.0 0.0 0.0 155.25181809365353 0.0 0.0 0.0 28.160634009324003 0.0 0.0 0.0 526.5523906135259 0.0 0.0 368.29890221391565 530.0318345044655 0.0 0.0 323.7739510332941 0.0 0.0 0.0 0.0 3570.7989318409227 2265.485111184076 549.6010726963373 220.7450532789498 1358.6131435239422 0.0 0.0 0.0 0.0 535.4887236586264 201.79559837230025 0.0 0.0 0.0
156.069864174171 105.22742729456115 617.3551029321916 0.0 39.636979089162374 763.4790169714499 3792.0910981366246 0.0 0.0 0.0 0.0 0.0 1616.2002203070856 0.0 0.0 0.0 0.0 4432.862931638834 273.3439269738976 227.04491632025704 52.59643105348356 1092.6925238779913 784.4086119922436 0.0 0.0 0.0 6214.491404294095 710.5717514861283 363.16812336505336 499.6970130554729 0.0 0.0 0.0 0.0 462.56300068831155 385.6052631027459 4750.5194094844965 3475.61059665579 0.0 0.0 2522.786637693537 0.0 306.3497551552365 681.8896561885521 0.0 931.8220003354224 0.0 0.0 0.0 251.8831406914646
143.7100291154583 0.0 576.571189919691 1004.9446006029962 23.140829951877315 507.6333174003215 2840.4654113557363 0.0 29.51704997580379 27.670217360665344 4749.019981869349 0.0 1039.3341313075832 121.88742426212802 550.0067215700451 298.76804829915386 0.0 2447.8942343877834 265.2624090943097 0.0 31.578189617389782 626.7474555757141 0.0 0.0 734.6829656034413 226.75837646234868 5250.518021645932 394.96769431665075 0.0 0.0 0.0 268.96447744694865 0.0 0.0 0.0 0.0 2085.02993262897 0.0 504.25017952961474 210.05947554455395 0.0 846.9907764860832 0.0 402.0146716197364 0.0 562.3446131674548 148.3966104303889 0.0 0.0 0.0
0.0 109.99358887622337 0.0 0.0 45.13132220878898 659.2928976655035 0.0 0.0 32.28169480420892 44.0781266455267 0.0 987.339180638174 1696.141328373291 0.0 0.0 0.0 256.32344683476015 2846.8752826815507 0.0 0.0 0.0 693.1830168548112 604.055393414591 0.0 0.0 349.19699246919276 0.0 0.0 520.2425904231652 0.0 206.1091411125936 380.50422432244096 757.4621531640845 0.0 0.0 426.2519751282972 5038.760140046678 0.0 0.0 0.0 0.0 0.0 0.0 0.0 2086.017880182256 0.0 231.097581475553 47.35161493382332 0.0 0.0
169.70925788900865 97.82641221241039 681.3891063854924 0.0 40.65444914890672 0.0 2321.0033295609464 0.0 35.97192847417904 33.96340995959046 7237.253867178748 1094.547820729316 0.0 0.0 529.0786156342267 0.0 198.72682555825952 0.0 265.16238305207617 0.0 0.0 795.347120941302 0.0 285.3635344780736 723.9378743749334 0.0 0.0 0.0 513.7289349775313 0.0 0.0 359.9536166017009 0.0 0.0 357.14245882256995 0.0 0.0 0.0 0.0 348.13661682151576 1941.5656535349935 0.0 0.0 495.5547850849705 2453.9555437115237 0.0 247.37900874037967 0.0 1506.740008805022 0.0
122.41426392723996 0.0 707.608837439971 1348.0912762817554 23.169271624446438 555.6032922722549 0.0 1222.4421337285619 0.0 0.0 0.0 708.9817270035921 1067.2344248874356 0.0 635.4130835914982 564.0111796985656 0.0 0.0 217.39300961332995 0.0 38.23292488315847 0.0 520.2250980342858 0.0 0.0 0.0 0.0 526.9837828218101 0.0 556.6853822804384 0.0 323.831946368388 0.0 0.0 0.0 378.0040392967852 3225.9811162709807 2356.9464348859287 0.0 0.0 0.0 0.0 0.0 0.0 0.0 0.0 0.0 39.69083413010447 0.0 0.0
0.0 0.0 0.0 0.0 0.0 0.0 1852.2245597798885 0.0 0.0 0.0 0.0 855.5584815033309 1287.3165092449658 149.26420403337414 653.2437831724059 581.3334590027812 0.0 0.0 287.6983833148065 0.0 0.0 904.3853049414369 0.0 0.0 0.0 249.96871734327826 4106.783969329979 463.38771087519245 0.0 628.2468320655444 0.0 0.0 0.0 12217.686976438918 255.8644853868921 449.4467272573244 0.0 1924.5542430627686 0.0 324.59580672535435 1956.1459459934786 1103.0282935069088 0.0 0.0 0.0 0.0 0.0 0.0 1666.456697461584 229.6943549648514
183.78186522153004 111.77420561174034 0.0 0.0 34.430161141459386 658.7287136418831 0.0 0.0 0.0 42.75452686087574 6105.675474162968 1228.1323330544394 2218.4335185298073 184.7977904589749 0.0 714.4239661314549 0.0 3509.926628601988 0.0 276.4981670871857 0.0 0.0 575.7765212536895 0.0 0.0 443.2037775722171 0.0 0.0 0.0 0.0 317.76300912481736 0.0 0.0 19089.182044676887 0.0 0.0 0.0 0.0 0.0 410.38169196787754 0.0 1550.9617360269087 321.6476526803745 601.4958533976297 0.0 1187.5675605491056 0.0 0.0 0.0 0.0
0.0 0.0 644.3727905571257 1149.140117363348 35.5829504090855 598.0012547884986 2169.8581085984183 0.0 0.0 0.0 0.0 0.0 1518.9127176205757 145.25484319014984 0.0 542.0159515789431 0.0 0.0 276.3296228024266 0.0 32.37464254586985 729.9962412553676 489.3078376242134 340.2251071631783 809.4704229353924 0.0 0.0 523.4732281827237 619.2442048130875 0.0 237.35835463052658 0.0 646.3377046123776 12914.524956724976 345.8326304107976 0.0 3351.710035036371 0.0 0.0 0.0 1508.636588160614 1145.6218007447121 266.26379407473246 518.8063552706759 1948.804118581906 775.4005230427485 226.8666018954209 49.44003133047748 1223.9806086346655 228.89437698558004
180.31285932494137 113.31781968221352 0.0 0.0 27.07033177262816 717.9814439610684 2162.8033107832484 732.5281767664706 37.2704092966996 0.0 0.0 0.0 0.0 212.79663318997228 0.0 570.8286135847322 230.15142993684697 2610.025277181736 235.24791727154525 266.4524790041031 46.438577240311446 0.0 0.0 0.0 0.0 0.0 0.0 0.0 0.0 540.9072494552265 269.8143169402232 0.0 539.8931042851109 0.0 318.2163174548541 397.3536901268208 0.0 2456.8302592271684 0.0 306.46693515967877 0.0 0.0 377.37988583760443 0.0 1810.5256037154763 735.6806181234167 0.0 0.0 0.0 0.0
159.26461273838544 0.0 0.0 1214.548339970361 25.02809144087899 578.6500133077482 0.0 1325.4525252481726 0.0 0.0 5479.335994034212 0.0 1216.0461115226894 162.1683944224078 0.0 0.0 191.38824257506147 1801.3387472990814 347.34420804422837 223.4021828497074 0.0 862.8662798619412 655.7333880552926 351.85461534190773 916.0666347583405 0.0 0.0 653.7421812778877 0.0 0.0 275.1103866125112 0.0 0.0 14904.582338817925 0.0 0.0 3403.370824233517 0.0 0.0 340.46829999123855 0.0 1319.9116078954416 0.0 381.24338886571906 0.0 0.0 294.56554732430976 59.42628162189605 1337.007147492285 0.0
0.0 73.1344097290757 0.0 1432.7508830875647 38.33448808712041 0.0 2073.927351129125 0.0 0.0 0.0 0.0 0.0 0.0 162.76515882136076 0.0 626.8854508249143 0.0 0.0 0.0 174.47500273704838 0.0 796.6902048062559 0.0 0.0 0.0 0.0 3555.115480471612 758.8342616330149 555.8630589496396 641.6231894524755 0.0 335.57515344690455 859.5350043726573 0.0 425.62794315873253 0.0 0.0 0.0 0.0 0.0 1533.1129121966856 0.0 246.70085642451235 297.9076020199002 2699.8463881369353 0.0 0.0 0.0 0.0 0.0
0.0 61.82272455552334 519.9942748754373 0.0 0.0 0.0 0.0 865.7396072529059 0.0 30.248457604490007 0.0 0.0 0.0 0.0 663.2326810207093 0.0 199.1591754027666 1614.1087282816309 171.90585155153857 153.1130028633298 31.68249979980922 655.4865184410507 0.0 265.3581868588135 684.8448153726085 0.0 0.0 0.0 0.0 0.0 0.0 0.0 623.0180803806061 8349.956858014782 0.0 270.832034358641 2953.6732828268514 1910.742460430979 0.0 307.9807508770349 1293.924647610292 0.0 0.0 0.0 1698.7140400577923 0.0 165.1500836267769 0.0 1003.7421827347832 134.0181055770974
161.9778583837035 93.3667121068024 0.0 1519.0281264237267 34.54577594296738 622.2562962790927 2452.5378756589434 1337.6026828662414 0.0 32.8178717392355 6048.7202644188355 0.0 0.0 0.0 0.0 0.0 262.66157522706703 2653.4130115939433 307.05519614387526 212.21361459085244 0.0 1078.2488313261263 0.0 335.8065582015549 0.0 363.33541665241046 0.0 0.0 598.1926243969558 0.0 254.8292745019155 0.0 0.0 0.0 377.4437769231623 0.0 4488.508481686468 0.0 0.0 0.0 1885.2621871237357 1474.200313827853 0.0 647.1803946966555 2316.962507314601 0.0 0.0 0.0 1507.0351555689815 275.4134417712682
0.0 89.04951091040438 541.7022651829461 1037.9814487223261 0.0 648.5486623043753 2093.2702332275157 909.4527066870432 0.0 22.292795082432246 5128.924894539088 598.1330212780863 1384.2354627020986 0.0 0.0 0.0 0.0 3468.3322162415293 272.6755399851551 0.0 0.0 787.5424006099945 0.0 304.13989908367483 693.9420485256364 303.2142072993645 4619.911328606068 0.0 495.1781109723687 0.0 159.40628655962735 0.0 0.0 0.0 0.0 282.9133298719598 0.0 1858.5564770030196 0.0 0.0 0.0 0.0 0.0 517.3196449958165 0.0 742.6605036126618 206.57467577476152 50.026769275990944 0.0 0.0
0.0 76.21739840433011 696.9082760339809 0.0 25.027791869990654 0.0 0.0 842.8958605037407 32.163228536087125 0.0 0.0 0.0 1394.5834363586928 94.83033925548474 0.0 0.0 211.70751390472986 0.0 181.42723430591428 206.85856563040312 29.083195294412814 0.0 569.3189315038313 285.9327045430127 0.0 419.6759528589415 4271.928558950334 0.0 335.78701685505837 384.9814489475845 184.24834084531759 0.0 0.0 0.0 236.53237367289054 307.06565238083255 0.0 1715.8023486820607 0.0 341.5225408021844 1576.6251501126521 1136.7977948131536 206.5934647226838 0.0 0.0 873.5131831537143 0.0 46.04543396024056 1474.1821839806694 151.83913517876903
137.99947606118633 0.0 0.0 0.0 28.701259433371796 0.0 0.0 657.4346402039826 0.0 0.0 0.0 0.0 941.871796750094 0.0 0.0 426.72429865870635 187.38947177639474 2878.7904657918475 0.0 0.0 31.950549758759912 707.9332062771815 430.14243899254257 0.0 0.0 361.7890033373302 0.0 583.8321101322247 437.3688653395424 485.1546307014041 269.5313630099551 365.78263968840474 0.0 13266.757036379815 369.5169529377255 341.1329670974699 3268.846849626295 687.0538395938231 654.3712147305091 383.61478595422057 0.0 639.3371110631336 0.0 0.0 1906.4746052576272 0.0 0.0 0.0 0.0 176.2942837849146
0.0 0.0 0.0 0.0 36.66007348311085 716.8960637634198 2600.560666429112 1016.5345010050573 37.6864959591164 26.503451157104024 5615.082556687518 0.0 1284.1817464786773 147.221236536145 586.5857380033443 450.44773815875556 245.92789886397543 3712.8648354980373 176.27351906327831 199.0175390143208 0.0 0.0 558.7907672118698 0.0 0.0 0.0 4138.3103397938185 519.4470364643531 0.0 0.0 0.0 332.6561614337261 0.0 11874.195665947775 0.0 337.03641091820833 3959.339045194773 1915.7441049111262 832.7182477981429 408.27484826854396 0.0 1164.8484924949726 0.0 695.9477537272172 2361.531402771906 0.0 0.0 48.14580320980876 0.0 0.0
0.0 0.0 0.0 933.9079916902513 25.644689505704836 0.0 1831.8384622967924 0.0 0.0 31.593391102572095 5687.3713045437025 575.689335458537 0.0 129.67648665450088 481.17736503867354 0.0 0.0 0.0 256.6969339672671 203.75924534394926 36.03874271992203 532.6484535841676 0.0 0.0 768.9674534259912 259.5372662449879 3518.6553516024915 0.0 0.0 425.0260293347633 295.16616868558185 304.8723673378652 448.34418071857476 0.0 309.7697460857722 0.0 1759.628432207759 0.0 0.0 0.0 0.0 968.6020447950782 0.0 373.59828440983284 2247.5080805823904 471.1587296757485 186.57453389245774 40.326609219847924 0.0 0.0
0.0 65.321337529436 0.0 1521.7581265085005 29.373177795173795 431.198072926577 0.0 694.334985067567 26.999158403721705 22.17324630354327 0.0 758.9101040004672 1157.1994253229707 112.75821029057742 0.0 0.0 198.80968156577336 3011.5242217917967 108.13197724671906 0.0 0.0 0.0 391.0016994228359 0.0 0.0 0.0 3435.8024154698287 0.0 0.0 0.0 0.0 0.0 551.8239405110292 13505.115414088763 0.0 324.3848146718095 3401.378724663455 1657.727738053594 0.0 310.24379995794754 1230.944611809133 888.5232542597792 234.33172780456542 358.03920589987723 1495.8973600732993 425.54559730454787 0.0 0.0 0.0 194.05600235745996
212.56403054840507 0.0 0.0 0.0 0.0 0.0 3006.190682409231 0.0 48.236601535905834 0.0 8791.337521423871 1443.6502992398405 2182.7858897706737 0.0 0.0 0.0 292.5232418408794 3510.129733685846 0.0 279.1651651327399 0.0 0.0 0.0 0.0 1221.722057438459 411.21051522853725 5326.097051477255 987.8946477177719 0.0 0.0 0.0 473.8026029672024 1073.0233410079313 0.0 506.2805734281051 635.4175447794844 4931.1623500548685 3707.0908990345765 0.0 412.50127665637706 2624.860153017487 0.0 398.11582085505074 762.8494753719539 3360.0488477959316 0.0 247.87486521113826 0.0 2275.472055043847 0.0
134.95863198391032 0.0 0.0 1318.3084485707147 31.265579483159406 0.0 2639.0577612995066 0.0 0.0 0.0 4154.667211207826 0.0 1486.827718269557 0.0 0.0 453.683938511418 0.0 2576.0868266964876 0.0 171.3405547861541 27.320717394505095 749.6596531647134 0.0 231.93856832675004 0.0 0.0 3792.905768566831 456.42510149231464 0.0 366.976918407208 0.0 247.34297779858372 0.0 13043.560176972649 310.3208554249622 288.2977251791462 0.0 1764.8921842670204 664.1602054647568 327.0160861849478 1423.5688715349986 0.0 0.0 404.23406831357215 2216.8949682024618 601.6863910472663 185.98657103582823 44.97766573366479 0.0 218.55950753801724
123.42967742727213 0.0 0.0 1357.587906978488 33.91575700843661 0.0 0.0 0.0 30.142227272468823 0.0 0.0 704.8801409682939 1121.0720323448013 0.0 0.0 383.57473110070913 194.2589470224596 2968.9973346363727 0.0 0.0 44.68821867090328 1046.22906342145 0.0 335.3557767386834 596.838749999683 418.7187083713696 4580.688652513553 0.0 0.0 0.0 0.0 0.0 0.0 0.0 243.47666601202658 0.0 3301.721340953965 2322.7273670281807 0.0 0.0 1365.518232778563 721.2973145547945 234.29036265157998 0.0 2057.5458423260766 538.4353369949773 0.0 49.544860138369316 0.0 175.09651124023463
0.0 98.09932641776695 746.5005522870981 1076.7468565400313 32.60820189631358 0.0 2428.1143441078293 0.0 36.77075239486819 0.0 5131.479945823081 0.0 1195.0666429093649 0.0 587.224553020786 0.0 236.3220046406778 2940.2413172439815 245.73667565429014 197.75803204506227 42.4860457424538 0.0 550.5886642463253 0.0 0.0 337.9036601962213 0.0 0.0 501.20434617331006 0.0 0.0 0.0 619.2294002702015 13034.891384497858 0.0 364.64775872934945 0.0 0.0 0.0 0.0 1797.3414352326988 1088.9370221028705 260.5047234615524 429.1945710921412 2427.792115308221 722.6738532471437 226.03625746891552 0.0 0.0 0.0
0.0 96.54579340998525 541.3547542236718 0.0 35.3389142910709 597.3962837383614 0.0 0.0 0.0 32.50492184294886 6756.777628470042 1206.9903243770748 0.0 117.94446038043954 620.4696477170124 461.8291827689565 216.542598911485 3764.297413460456 0.0 204.66336802258272 0.0 774.7859256655249 551.4256169516079 298.9803536109652 0.0 0.0 4896.121457902544 0.0 572.8136156751442 0.0 0.0 0.0 0.0 0.0 0.0 0.0 0.0 2552.5195129262315 768.5524138744111 323.80133587431976 0.0 1214.577384274752 0.0 487.4110087655017 0.0 847.9669221090436 0.0 0.0 0.0 259.327983725089
0.0 0.0 0.0 0.0 0.0 486.4759555347863 2161.1994611421433 0.0 29.301153430092455 28.770876751718024 6026.303785819917 0.0 1417.4000432520052 0.0 528.8463094895274 559.0893343535121 0.0 0.0 267.77249635633564 219.35719059289423 0.0 691.537734011603 0.0 339.62872078496014 673.854927866219 308.44704225414137 3913.6797128425615 553.1174347050422 448.3528111309451 0.0 0.0 0.0 595.9944059266394 0.0 0.0 0.0 0.0 2316.6846004587087 847.4959117158653 289.96922270421095 1390.7403484634447 1083.3641744946308 264.7783173578416 366.8889692573264 0.0 680.14300769016 231.03344481411645 46.4543210197985 1241.9175317406132 211.61331797599325
110.43677925293397 0.0 725.3791181335055 1359.1455923136166 0.0 391.72840755609275 2269.99292895026 901.1626777135434 30.347277431678155 35.58651269788895 0.0 0.0 1406.8376130636912 129.4873411416498 392.74433802271153 638.5470422691642 267.83619189233593 0.0 0.0 139.4302500619016 32.77904807049807 718.9000540129332 401.8905329697359 0.0 0.0 0.0 0.0 558.7302531324294 453.164637615766 490.80850252540887 0.0 233.69768351036225 0.0 13294.175952034871 236.12756822112084 336.1732405416936 3691.926379702848 0.0 514.690044115604 268.9668560349195 1557.1579151793321 795.5399032420027 236.69444196256927 0.0 0.0 641.40039697406 211.6793808510883 0.0 0.0 222.3722218153062
142.04004653350398 0.0 0.0 0.0 0.0 748.819098396339 0.0 1042.431897874689 0.0 0.0 4987.546757362172 0.0 0.0 203.7693446186105 701.8747028697576 0.0 0.0 2468.4630525310376 260.4812026585557 259.8185035147345 56.402731794065176 921.3160341068887 0.0 0.0 0.0 434.4967426958905 0.0 794.2769897374936 0.0 703.0544705982875 241.3627714568495 418.703164295614 1152.6130558950922 14963.906045698017 0.0 0.0 4705.912596071275 3094.8199670369754 0.0 323.0573917843381 0.0 0.0 0.0 545.0619929804034 0.0 970.0476523987444 0.0 0.0 1274.3608448397306 332.9710678630415
0.0 90.44743575035938 0.0 1565.0046469727888 31.451789258149056 475.94203995882384 0.0 901.5790540486499 41.12609059749708 18.350945290830893 3957.3852431666273 0.0 1131.845755103866 94.52072528049776 695.5925798779226 0.0 239.70331237294405 0.0 0.0 0.0 38.72862420492274 0.0 431.21848549231146 336.0664555915537 478.8682708960323 303.26439504190995 4813.2492003367215 0.0 0.0 0.0 0.0 298.62694743994973 0.0 0.0 0.0 0.0 4509.678574412976 0.0 0.0 321.95844478027453 1896.542602129586 1017.9002667021053 268.7268636705536 371.89318088956304 2074.812054978399 755.0621507188697 0.0 0.0 1354.0609554410132 0.0
0.0 54.066293394118745 616.2097616429195 1182.6904095147993 0.0 413.60332558384005 0.0 996.6329595508133 23.89975130105185 37.78762492623644 0.0 637.8728786672131 0.0 118.32082571164219 573.2725362532769 0.0 171.32086712441298 3130.9744945578705 241.6209706286075 236.75740031450957 0.0 853.6646575385267 0.0 249.75624328203344 763.2145226224739 0.0 4352.887884346802 549.9156167371126 384.4478539418144 402.212785489396 0.0 307.87408691389777 0.0 0.0 354.71742801639266 268.20089346602987 0.0 0.0 0.0 292.6201636914005 1782.0961992604566 0.0 0.0 0.0 1510.8875669298209 0.0 0.0 0.0 1183.8688218888287 157.72803946991144
171.072937812559 74.06405925576254 0.0 1456.7803143674435 0.0 0.0 2984.2735210780093 1165.8665778342124 0.0 0.0 4422.472871719013 746.0727631771267 0.0 157.29908499996088 0.0 0.0 264.13838877993845 3424.4424367501942 0.0 253.21607226324892 33.317772067501366 0.0 460.3616842914278 0.0 755.9060729852597 0.0 3954.0532570398873 588.9093113394317 0.0 491.02185476250145 255.99499446484947 307.00240389727054 620.5896926552513 12041.217717099807 309.102824831534 351.2260762526116 0.0 0.0 690.1539074775026 0.0 1797.7355934624823 1277.3043437037293 182.57477360121598 490.1137919308146 0.0 776.7764568967251 0.0 0.0 1598.5073227196872 0.0
105.01987382531897 120.28692039165317 0.0 1661.1664249395108 29.41874197856629 0.0 1113.7362205744648 0.0 0.0 25.05109151316066 3987.079321260887 571.4103220001613 0.0 152.15253292687572 0.0 0.0 0.0 0.0 149.09914453993687 0.0 0.0 0.0 643.8300043173383 276.8399410542469 688.7585880385096 400.22923391633856 0.0 0.0 0.0 364.64037204885 0.0 352.24459509738585 0.0 12433.029303937648 259.0195332995091 408.6000376912761 3551.743004094931 0.0 777.5463042113957 0.0 0.0 0.0 0.0 0.0 0.0 0.0 0.0 0.0 0.0 0.0
124.3404190036767 112.1975733988069 0.0 1743.1180357296755 0.0 0.0 0.0 1216.6271987121784 0.0 0.0 0.0 0.0 1750.9843510732205 0.0 603.6827400328733 0.0 262.6509120399011 0.0 288.20067477896964 230.31903562966207 0.0 661.010416094426 0.0 395.72796578407275 588.1710020708604 332.5562601701556 4087.2546928851066 0.0 0.0 505.6045224098524 291.578279825594 0.0 0.0 12115.999810499123 211.11449411858422 0.0 0.0 0.0 949.0469346591634 400.0274190633803 1536.3381167369132 1238.9637500819424 0.0 0.0 0.0 0.0 0.0 58.4795748125382 0.0 313.85407466943536
0.0 97.8254849296674 603.5966141909089 1447.9526607229177 0.0 445.9844087541417 2565.5782750529315 0.0 31.453098871184558 0.0 0.0 0.0 1382.1802856966958 0.0 0.0 614.7927714514503 236.98979380401732 0.0 0.0 200.07476225753624 38.265730954202276 0.0 0.0 350.46625871618215 0.0 0.0 0.0 518.706019891969 511.10176415721554 468.54973241758375 0.0 289.75648490325995 649.6216912031499 12533.002478256141 0.0 0.0 0.0 2410.9889169615685 0.0 0.0 1313.8837517769518 1025.5283657904577 0.0 593.7271824849769 0.0 0.0 0.0 35.42136021759794 0.0 0.0
134.44084302140834 62.63443774611123 574.8429391219723 0.0 0.0 0.0 0.0 0.0 34.48683900394383 0.0 0.0 879.6185332655053 0.0 127.58325592663915 540.1088828432826 595.7737379215249 220.30757486566884 3216.35411343772 219.14434282255283 0.0 45.16391346423929 720.6955927457554 0.0 0.0 930.6919586767305 0.0 0.0 0.0 504.6166322651426 466.79929072775843 0.0 0.0 673.1370873949585 0.0 0.0 0.0 3779.021399416544 0.0 580.8075172815728 0.0 1723.4949875400698 0.0 0.0 0.0 2240.311708078028 0.0 201.9844718245113 0.0 0.0 209.9555733491473
145.52062596275098 98.04406226163466 560.9675843413721 0.0 36.9531671517149 494.5914893633759 0.0 0.0 20.610080434461388 0.0 0.0 0.0 0.0 0.0 401.86512371414625 368.5949032550341 0.0 1847.3151189191483 0.0 0.0 0.0 0.0 357.53220527898327 0.0 0.0 187.99161750948855 1907.1718398265189 566.3680227911149 345.81771251590067 0.0 120.96487050355557 208.8232183125188 0.0 12359.375282480045 0.0 412.15348107948626 2663.600891347088 0.0 0.0 338.7104495674359 818.8925060294308 0.0 252.987031839147 619.7007804588951 0.0 0.0 0.0 42.80238100148088 1192.9020924674282 180.6927862649125
107.14846689929787 68.3713422043161 661.3315644004248 0.0 29.139174370244415 0.0 0.0 0.0 37.12739072199622 0.0 0.0 0.0 0.0 0.0 0.0 493.6520745523082 0.0 2552.616835392766 0.0 159.95204998341183 28.79014820094596 0.0 570.8010784037108 266.9613713867274 910.8738315924495 0.0 0.0 479.8949372497883 380.0800777627238 378.9052046330692 199.22242121077966 0.0 0.0 11818.627236582637 0.0 226.59349996011144 0.0 0.0 470.52581396215686 0.0 1406.869471536927 818.8860367366202 202.54479903112693 486.71799140840744 2090.25469373513 467.2195324638277 0.0 0.0 1306.2459764050311 228.58422041754218
0.0 0.0 680.1464087580648 0.0 30.839580534482565 570.1214806094243 0.0 1118.5837309210913 0.0 30.40742828990293 6437.488452823252 902.0971249591807 1794.3928700814013 0.0 572.3551887872776 0.0 210.83116243589348 0.0 232.3531386673006 0.0 0.0 1084.0201326701742 0.0 0.0 867.8152461895871 0.0 4340.708185175189 0.0 469.775428346848 517.9966064846396 0.0 92.7568973102344 0.0 0.0 0.0 0.0 0.0 0.0 866.415363126967 390.5588051338341 2206.8434441214754 0.0 277.37113297167224 0.0 2934.806807308877 813.0101653602419 180.44540166675563 50.98523859394096 1695.95316343851 194.7958489520607
0.0 96.1671565981199 816.690142680121 0.0 0.0 435.7978261477024 2297.0561790457255 920.1722470892416 31.050290141283114 0.0 0.0 0.0 0.0 178.16524541358086 627.2032539598172 496.166469834242 0.0 0.0 0.0 120.36171018910241 45.04730675062784 0.0 0.0 234.2925971858358 0.0 325.5675037154656 0.0 0.0 452.92072227446107 530.9287443243751 0.0 0.0 0.0 13826.37972566034 282.8980795179779 294.8589021130655 0.0 2471.106601569508 686.3056243175363 0.0 2010.408954419262 0.0 251.86582390194465 479.43392753492935 2337.091182863443 769.1286217854118 0.0 0.0 1320.4851879819894 253.06989987132954
0.0 0.0 774.1024732921088 0.0 33.839620742820436 0.0 2146.217741579022 0.0 24.544292495942962 0.0 0.0 0.0 0.0 0.0 0.0 591.4184403244548 0.0 0.0 0.0 171.47121941030628 0.0 0.0 0.0 0.0 816.8430266717036 0.0 0.0 0.0 0.0 566.396920922241 0.0 0.0 0.0 13000.935827433683 311.2436267291635 0.0 0.0 0.0 729.1292483193762 0.0 0.0 0.0 0.0 617.0483794260899 2294.262603976975 0.0 0.0 0.0 0.0 0.0
0.0 0.0 871.2605151626017 0.0 26.674726434502176 0.0 0.0 0.0 0.0 46.29746853213088 5621.126618395428 0.0 2042.6644020663146 212.73761463744034 0.0 0.0 0.0 0.0 0.0 311.22710150092547 49.00027290733489 0.0 0.0 433.993766290994 0.0 402.0429368579116 4667.334348798398 0.0 0.0 748.8932074027663 298.5029121673863 311.2671360415719 368.69606738302855 13832.741641557928 412.10071783195605 489.7335061388178 4280.812230536754 3350.535223176208 0.0 545.5446438231695 0.0 1600.5897735633318 342.5575403326675 493.52122345291355 0.0 711.325933760523 252.55526645870196 54.36059864474331 0.0 313.960012800272
174.8574746922491 111.56233614640888 806.3862205176802 1624.2212964170453 0.0 0.0 0.0 0.0 0.0 35.58241046564042 0.0 0.0 0.0 161.41195283865812 0.0 705.7651102640781 260.5138473975341 4007.4715859394055 0.0 276.2235241499909 0.0 995.3310835262016 753.4650299251628 0.0 0.0 0.0 6854.74177955077 0.0 0.0 548.5532881645472 0.0 0.0 941.2937775991885 14886.293647150456 0.0 0.0 5260.434102228371 2828.508976002555 906.5371176642336 0.0 1960.252046107039 1423.0984761443744 0.0 0.0 2794.7805640064207 769.283832292461 0.0 60.7516875231671 1475.018049417954 241.2008260216063
0.0 0.0 566.8252649840974 1594.1488650005992 0.0 460.5216271721922 1943.1958977950499 1201.6230542718413 28.05284247212888 37.79966630565181 7347.337908692635 0.0 0.0 0.0 441.45588478056004 0.0 258.409179613268 2598.7489153976203 196.8172018929209 0.0 0.0 696.3606490295787 435.13319241270915 333.2643586493789 0.0 356.64583190007465 0.0 421.4522375923555 330.642539649325 473.74547006822274 188.67386108453618 335.33484475201533 0.0 9778.56235824853 0.0 0.0 4367.630731173332 0.0 648.2409915134224 286.6136476015596 0.0 0.0 0.0 501.25753668162326 1996.3534547312038 0.0 0.0 0.0 1551.5905704186332 191.55632732392147
202.2583247381192 0.0 0.0 0.0 36.764226493054785 713.9778627992786 0.0 1359.0233359449207 41.49971477236503 40.41961759235467 8228.743312582232 1343.405539501775 1716.2189027993634 0.0 0.0 751.9667649925836 0.0 0.0 0.0 0.0 45.85898502705396 0.0 0.0 341.5274588984456 987.806966076189 0.0 4856.774092471771 0.0 600.3374592040701 649.2879343962214 279.0447591600048 442.07755267564363 0.0 0.0 390.51914794700866 437.0661052448071 4420.437445089159 0.0 0.0 462.2813737252491 2004.8544237995934 1577.2464341791901 308.8150417227883 461.6597827187144 0.0 0.0 0.0 0.0 0.0 279.63958495526185
0.0 0.0 762.1327637519129 0.0 0.0 521.2053751011616 0.0 983.9623928046008 29.132804442183605 0.0 4084.023157083689 1029.3020712756165 0.0 0.0 0.0 0.0 230.165262078977 0.0 0.0 188.3081378669968 0.0 0.0 500.44412537339286 256.1429007068314 743.2385510743546 0.0 5453.661059078652 466.8671208301863 519.2136103762277 0.0 273.4569712242133 0.0 856.1176826878818 0.0 0.0 0.0 0.0 0.0 0.0 282.0644449384852 0.0 0.0 0.0 517.0826345238676 0.0 0.0 214.51205605005146 57.98435730826581 0.0 305.44064857708906
129.94774461141841 71.16664211847467 0.0 0.0 0.0 0.0 2115.856893514494 902.3363422744103 29.382087011475374 24.799441264032616 5234.884290171023 0.0 1025.6927858459735 0.0 0.0 0.0 0.0 0.0 221.30296583481106 0.0 0.0 658.3859410939111 0.0 249.25772940576076 0.0 330.4140580461809 0.0 307.72395967919886 0.0 0.0 194.3811967455355 230.43730811275114 460.2272480621074 11761.171802558543 285.2729495971489 324.99021674493054 0.0 0.0 642.7784945876115 0.0 0.0 0.0 0.0 422.6111852963986 2093.969478825909 528.0957341505618 121.11605263200028 0.0 1370.6088857623731 0.0
0.0 107.80868376477551 679.8036338518784 0.0 33.324099364995625 0.0 0.0 0.0 0.0 0.0 6193.084381735266 932.2222790263418 0.0 0.0 0.0 0.0 0.0 3159.291216915616 0.0 190.70523781728525 44.83392883682731 0.0 580.2335232356606 284.8560480636868 709.8465911900291 0.0 5108.27229887514 642.3003810337499 578.7844299994557 0.0 0.0 0.0 643.0821317125797 10966.897827416155 340.92275997009983 370.5991588349948 0.0 0.0 592.9409598478006 299.4569457973142 0.0 1265.9428100208959 0.0 524.8766857535568 0.0 705.5237218231719 249.02604870155972 0.0 1512.8611562751994 234.7569891540101
0.0 89.08755407669148 0.0 1437.860060678238 0.0 0.0 2967.53735226541 898.5124899352776 35.26701461660053 35.09427034633285 0.0 988.0809475000294 1536.516936747735 0.0 721.2404332721754 0.0 302.3740459376202 0.0 298.8812187081377 214.03509707336443 0.0 0.0 610.7410358055747 321.84695497310776 1148.6708398667129 365.61241857998823 4850.4243838961465 0.0 0.0 647.5911869419162 220.6925646577629 392.41965113822994 865.1387288121681 15719.284001090742 381.8936383689525 377.5942170509285 3962.859450212003 2347.4836303106777 721.3306503736837 400.4183283218202 2100.1687243867773 1025.925074135283 0.0 543.1348314197019 2811.898612392258 0.0 224.95992295957655 0.0 0.0 0.0
0.0 111.46755108551966 807.2294965377292 1392.0590742780264 0.0 638.2093394113755 0.0 0.0 53.802680880364065 0.0 6476.433282216999 0.0 996.6726126872259 169.22495956949948 933.9596773588981 696.4357644542197 314.36833706083564 0.0 0.0 0.0 0.0 1044.7201011095376 0.0 0.0 979.4612529938296 0.0 6018.96457887585 0.0 679.8915109198525 0.0 322.4139323687375 408.8286805730374 0.0 15279.160773954274 0.0 0.0 0.0 3414.395134433992 0.0 410.4869869982985 0.0 0.0 278.4485020530798 0.0 2681.242256252571 0.0 325.0768803844077 71.674718769714 1776.7356097023849 0.0
147.20062383093364 96.48089116327364 785.6536397274295 1291.427481541517 39.448296932388914 0.0 2821.535634029993 0.0 0.0 0.0 0.0 0.0 0.0 169.02790408508656 491.23927383567906 0.0 0.0 2840.0084265615797 294.6750887552322 0.0 37.35514737235678 626.5900526476231 0.0 0.0 669.8487342405115 477.0876033740403 3889.405043868734 0.0 0.0 0.0 0.0 0.0 642.2566067114835 13747.331778965672 0.0 0.0 0.0 0.0 0.0 426.28480928179806 0.0 1050.0318429382562 272.8151469610932 0.0 0.0 0.0 0.0 61.037672345718754 0.0 219.9335455626314
0.0 0.0 764.9722041468111 1203.9095558609054 0.0 0.0 0.0 0.0 32.03466425581347 0.0 0.0 0.0 0.0 149.036215827225 626.5371558147842 0.0 0.0 3246.6557951190302 256.8775248891225 0.0 0.0 748.6935299663085 655.8248286071776 0.0 0.0 295.6486426161672 4307.126429528277 615.941369644759 0.0 0.0 0.0 317.0963452836589 0.0 13548.773577673992 341.29388423324747 343.01452343432925 3384.5057835266225 2006.6933025933815 0.0 302.5721822274321 1708.0484281845468 1011.5453975637209 0.0 0.0 0.0 0.0 0.0 0.0 0.0 225.9248176067239
121.21440619598762 65.02630205814854 0.0 0.0 0.0 0.0 0.0 0.0 0.0 28.53105730994703 0.0 0.0 0.0 172.32129016104938 755.4702695507519 0.0 148.27704206650378 0.0 269.0758444677304 187.31855919296845 39.484900259009976 681.0554435859088 488.4494943704117 0.0 0.0 0.0 0.0 0.0 472.12329110530465 0.0 177.78597125076192 0.0 0.0 9574.067162034642 320.2392152918944 0.0 3221.834446001406 1832.8964941871134 0.0 290.80166056354324 1168.3870320343801 788.1217289544229 0.0 322.5165156569353 2230.9806401094597 0.0 175.49577535980262 40.94441311859171 0.0 0.0
0.0 0.0 908.5240730958676 1549.2124667892454 0.0 627.4297297856804 0.0 0.0 42.97646813443373 33.84437076889612 5264.2177412472865 1196.420581532625 1594.686255165525 123.14996511317142 0.0 693.9752526126998 225.575816745013 3368.1576131776947 0.0 0.0 36.94258742079396 1128.1557997627979 0.0 0.0 0.0 503.2981196228353 6209.001587265682 968.4638429938666 0.0 645.3266227068004 0.0 501.76828423182735 871.8355573441316 15895.965617428054 0.0 0.0 4236.543627110514 2294.2852531653493 737.0330893944323 0.0 2204.85574818301 0.0 314.6242218871105 656.9904173570378 0.0 966.9612667473402 0.0 61.70315952309486 1323.090682057357 279.5310219411775
197.7646303318908 93.79133717774872 0.0 1672.185264307001 49.04669747737331 0.0 0.0 1420.1009012435452 38.154684632153646 34.88422286685727 0.0 673.2766717307763 1636.3506674066002 0.0 0.0 0.0 325.70820063487724 0.0 0.0 0.0 35.32861730672093 960.8509395384568 0.0 373.2434491982977 0.0 0.0 5598.719657357676 599.1838954268416 0.0 0.0 262.5731830646921 0.0 838.3032755444794 0.0 0.0 0.0 3513.2453876677 0.0 928.2952984014667 0.0 0.0 0.0 279.5628061351615 0.0 0.0 717.1242518778201 277.9792553376949 0.0 1272.7699863125476 0.0
0.0 111.86877209773758 0.0 1241.8510059105606 0.0 0.0 1968.5299319324565 1179.6332197475292 0.0 28.063259649703188 0.0 0.0 1402.491326758569 127.59867299570428 0.0 495.9903921936546 174.08007401166793 2655.932133258872 226.62720612260566 0.0 31.465019053683978 811.2833663516913 426.6366457904851 0.0 0.0 0.0 3849.0648357466043 0.0 503.27765612031806 519.0849580923923 199.75933062630216 270.6165957836926 0.0 11718.662686179487 379.74977859368346 0.0 0.0 1732.9177288585702 571.800458091086 273.5807200558872 0.0 0.0 0.0 392.73106159852745 1644.9418267389028 0.0 0.0 0.0 1759.9796201123816 0.0
141.32857041722957 0.0 684.4421892425717 0.0 0.0 506.87124908069177 2947.433747083873 1079.8607823150094 0.0 37.92760923243883 7062.046290549354 0.0 0.0 174.04512718111013 0.0 0.0 0.0 0.0 313.14818026112187 184.01933146324018 0.0 0.0 0.0 0.0 0.0 0.0 5871.868397639819 672.60849431149 0.0 519.0222863608358 0.0 257.4709595040466 0.0 16472.534271223707 360.0189608419333 394.68954392878163 5154.226973905913 0.0 897.0997022571614 0.0 2003.6873125710258 1140.0737091155625 0.0 389.9934691727089 0.0 0.0 0.0 0.0 1721.4764964197852 252.564548273016
156.87817150047246 82.61605841117098 821.1341144509684 1587.8644994748495 32.35757783466956 519.4736328067308 3424.0117022599934 999.5643619231912 0.0 30.616826415913316 0.0 0.0 1488.709181861687 0.0 0.0 501.11362388165026 0.0 3007.7637108566705 313.2612232315134 230.01449235312313 0.0 875.9721700840252 0.0 355.96937517495655 0.0 0.0 5123.550500660785 623.2191872761412 574.5421772579016 0.0 0.0 0.0 685.368225745347 0.0 0.0 0.0 4211.2959829543015 0.0 0.0 327.0258341800117 0.0 0.0 244.98703808176612 0.0 2286.23122529591 876.5070821838293 0.0 0.0 1565.5637351976302 0.0
0.0 0.0 845.996454905513 1560.765935462596 0.0 659.3386943375285 2261.189579411329 1121.4918524357845 33.70813044251458 36.900791451311626 5369.577087033083 947.8015317889112 1566.1658324223451 0.0 0.0 0.0 235.55825109791496 3451.0482504443553 0.0 0.0 0.0 815.195302994439 533.4135185254479 292.30238114363544 1027.1958418425477 332.40259931414926 0.0 0.0 0.0 0.0 232.08778122087043 0.0 807.2741859441312 0.0 0.0 0.0 4294.338021618887 1806.2382838858143 0.0 0.0 1596.8043271009296 1370.1941629659248 340.7194287501678 546.365728812007 2403.6862350219753 0.0 223.26090049243678 0.0 1480.0225085870911 0.0
0.0 0.0 0.0 1470.4087914895354 44.703028941403964 805.7704722386223 2220.8538008223295 0.0 0.0 29.772320614221854 0.0 964.057970647193 1533.7478386455787 0.0 0.0 0.0 0.0 0.0 0.0 0.0 37.28852653447786 895.6894502136279 0.0 0.0 840.8462565252947 332.88516667471964 0.0 0.0 468.6756174806132 652.7772399235092 0.0 355.28916661533594 0.0 14079.020613575429 340.104768358338 371.18555430472327 0.0 2964.968934319649 646.5854051828446 328.6484935452802 1482.021931256618 1180.8422649068993 307.1426327225295 502.37365609383755 2366.607094619591 617.1870479937596 267.0746199110499 0.0 1326.2992423167486 245.08485952247645
148.3489644756268 0.0 0.0 0.0 0.0 0.0 0.0 0.0 37.80686899304985 32.073026231040515 0.0 0.0 1406.1666700478927 0.0 0.0 0.0 0.0 2639.4744580295005 0.0 0.0 36.25431031532712 800.4100257961026 0.0 195.82934569228405 0.0 245.36633872271793 0.0 530.8644187292172 0.0 0.0 0.0 0.0 0.0 0.0 225.8737325772691 316.33183562701726 0.0 0.0 684.4250885597304 311.0476493649434 1451.7013960352976 0.0 0.0 621.1112165031607 0.0 0.0 0.0 0.0 1090.034452046301 0.0
0.0 68.55936608035627 0.0 1392.3272938889972 0.0 0.0 0.0 1182.2045413807189 0.0 34.94496761720653 0.0 728.9923163822604 0.0 0.0 817.3416312022131 0.0 226.84218695040792 0.0 274.1160719003409 213.61513722321 0.0 0.0 487.46278307110936 0.0 0.0 0.0 0.0 551.9662715956839 516.8660506838496 0.0 281.62651470915426 230.7240982413735 802.7965253670116 0.0 0.0 0.0 0.0 0.0 506.0004928711412 0.0 0.0 1204.9156245423237 217.4264071571827 0.0 0.0 870.8161103884134 271.5485204406513 49.82493633106653 1873.6330137375096 0.0
0.0 88.40507907300776 0.0 0.0 0.0 490.9379120842082 0.0 1021.9188908989457 0.0 33.95681122271563 0.0 0.0 1139.958533286263 0.0 0.0 434.86318636541495 0.0 3389.8592475244304 0.0 179.63918481732 0.0 0.0 595.6695886446413 336.50908689609287 0.0 0.0 0.0 0.0 0.0 0.0 214.30922619729125 288.66967739616325 676.5641564785723 12681.490897895075 301.5610278873835 410.55000353175535 0.0 2556.8485077116547 0.0 337.68935097209066 1617.5208441733637 0.0 0.0 584.4311075182244 2212.4875904975265 832.2316808573083 0.0 50.08757065154012 0.0 0.0
0.0 108.46370896251449 0.0 0.0 28.7744419067732 612.8511900013932 0.0 1056.0359268640668 0.0 37.25489809307919 5900.956683545157 981.2489322083914 0.0 0.0 664.1828647557613 0.0 270.51319474540554 3129.5007483615404 0.0 251.5408406410254 0.0 0.0 0.0 0.0 0.0 0.0 4361.861868421585 0.0 552.2818968870783 0.0 0.0 398.468301151045 0.0 0.0 454.44999284770483 0.0 5005.871408628845 2493.38683870591 0.0 423.4114811618791 0.0 1354.429951283978 0.0 0.0 2972.680363888485 0.0 199.62620973589756 0.0 1579.9644866605843 0.0
0.0 0.0 0.0 1191.4321342757198 35.40057849527114 0.0 0.0 991.9568171439772 33.3960848471029 0.0 4771.63472048905 907.237459093176 0.0 155.36764829131562 611.7864532538786 575.2576300878259 0.0 0.0 257.7363269304004 0.0 34.397364054178915 0.0 619.0493308406132 0.0 720.5889724772276 0.0 0.0 0.0 0.0 0.0 218.45814812073155 0.0 674.7249009574776 13296.087099742246 0.0 0.0 0.0 2794.670282927931 666.3485085890346 0.0 1731.062557928308 936.8067180652956 283.2472070724506 0.0 0.0 618.2814556573056 182.62313664837433 0.0 0.0 0.0
0.0 54.01356029966397 662.4548141337 1336.3632753203506 0.0 556.696796656664 1879.2290704252969 1121.9878592162192 33.05609816252651 0.0 0.0 860.0108297614627 1560.2738923655313 0.0 0.0 605.0531844052181 0.0 2403.882462234638 238.4607846951593 165.98607460469825 44.150930991688945 0.0 578.1430414282239 0.0 0.0 314.5804078538043 4698.861783830408 633.3678037170367 0.0 0.0 0.0 310.467391095954 664.6762821401416 13846.765521904088 263.98745648381305 0.0 0.0 2589.7269762198457 0.0 0.0 0.0 1213.296415820895 223.12051739464323 492.03293901957267 0.0 673.0039654617376 240.58279897772073 45.63271519889118 0.0 0.0
166.26351319487785 0.0 0.0 1413.4979840718001 31.45557257519594 597.0572200334542 2142.391989491783 1001.7764690776445 41.05836731900434 29.25377149763034 0.0 951.2885794055741 1310.3150440458842 138.77301542507576 0.0 0.0 0.0 0.0 0.0 0.0 0.0 805.8293288250949 557.6769412467845 0.0 801.1074079161295 0.0 4697.806562767287 0.0 427.6267499725266 0.0 0.0 373.5635566895421 0.0 12519.922891502425 0.0 480.94514400185824 0.0 0.0 771.928991576064 233.1763323354283 0.0 0.0 0.0 0.0 2327.7887636986648 677.731161723351 232.15443102227255 0.0 0.0 0.0
0.0 89.95020519936392 715.6029533970125 0.0 32.155907111067656 641.2503410647467 2694.4838298098653 1212.2640604294506 32.25149039980606 0.0 0.0 0.0 0.0 145.70606679471035 0.0 630.1604264598457 229.47984434453744 2896.9550212705003 0.0 221.21321044552275 0.0 805.9966617761795 493.0019010649641 0.0 813.5801319260103 0.0 0.0 556.0303965569123 555.5635520956309 0.0 0.0 338.0629484017955 0.0 0.0 337.09923719416327 0.0 0.0 0.0 0.0 0.0 1836.6394596238729 0.0 0.0 0.0 0.0 776.2172863413733 232.24081661772786 49.963151073511916 0.0 216.7757435957775
0.0 97.15577586937614 0.0 1274.1322462321812 0.0 0.0 0.0 0.0 34.38791863712715 0.0 4937.043194385003 1023.3695737783246 0.0 152.6084290060498 0.0 512.6634800528335 0.0 0.0 235.55948606360582 214.3264577316368 0.0 0.0 504.7812626835928 340.1232325560641 0.0 346.74854562106873 0.0 668.8095698331234 0.0 0.0 253.8196705805937 0.0 0.0 0.0 0.0 354.28071390400413 3973.2436030769736 1978.6029494676793 736.8269850585486 0.0 1663.5166196261355 0.0 331.39772694529904 0.0 0.0 0.0 0.0 0.0 1265.1294600154874 233.83843230215618
0.0 97.50818852657574 0.0 0.0 0.0 0.0 1812.2536271076747 1102.5035808301645 0.0 0.0 0.0 0.0 1802.5058571043648 0.0 537.2436700971501 512.0924643092563 230.47182875415686 0.0 0.0 248.32295089961414 43.12531495703877 1040.8614476806965 474.459039974517 0.0 1054.1364471971776 418.2720351706651 0.0 497.436823739762 0.0 0.0 253.37971687621365 0.0 0.0 13691.204300087753 301.05855660666367 380.9143840433297 4272.275966870683 2401.9237347433577 0.0 0.0 2174.382943229588 0.0 303.3174303230502 0.0 2240.07123894628 828.8228309382163 0.0 59.48185207887399 1589.726620380984 0.0
0.0 63.97576826490784 397.6041854735331 0.0 0.0 0.0 0.0 777.4641853045121 19.82259203745843 20.569368706107163 2556.9574782616846 617.064282508235 0.0 0.0 263.0599093551655 402.942812977925 0.0 0.0 131.8932590909709 0.0 27.89075891750852 0.0 366.6214197172578 221.4857404945538 486.5758926272044 0.0 2549.202705760231 382.2626605217979 0.0 273.67463782442553 157.2172101283976 179.7361329131666 0.0 9688.286729756232 180.82108378584252 313.98658897732355 0.0 0.0 0.0 224.75330361157748 1435.1530631050703 0.0 220.65045595972973 431.5780632089135 0.0 561.5177266434692 134.12485191557116 33.882939547044785 0.0 174.01622937377476
156.5133728406418 0.0 723.8616100985281 0.0 34.50606692955392 0.0 0.0 1175.6559304449236 21.992532371430038 23.602662057457817 4993.506648503103 695.5757228245888 0.0 181.11376624902258 548.5245024557659 0.0 188.26709713029038 2711.1422767041277 0.0 180.778245340413 0.0 716.0588549622404 471.7108287617088 366.43325086380975 0.0 0.0 4242.572559177405 0.0 477.62279378672685 485.3122081946689 239.0998990342964 0.0 879.4803503271783 0.0 363.6917903901448 0.0 3684.0016718821344 0.0 0.0 288.3338329430646 0.0 0.0 0.0 487.20009930475675 0.0 0.0 285.7459848915112 44.58524938622681 0.0 0.0
148.88465643432397 0.0 0.0 1706.869447989474 29.25851250072099 0.0 0.0 0.0 34.87418904532225 0.0 6788.814391763099 0.0 1728.6557873786064 208.62147167400673 827.2593702009921 580.5020133076788 255.48085922641107 0.0 195.1613881580275 221.95872608309307 0.0 705.3703143827258 387.67077419934367 0.0 0.0 380.3428505367566 0.0 853.6216597737895 0.0 0.0 0.0 334.64167696371726 975.7002650305624 16021.711340346981 388.0403593979574 0.0 0.0 2038.4732447204046 0.0 321.4361121874792 0.0 1397.91952591846 0.0 0.0 0.0 0.0 270.52296037942256 41.84769928478492 0.0 0.0
0.0 0.0 0.0 1633.3382388698365 38.94425352876385 0.0 0.0 1150.1968263781469 41.10582699133422 0.0 4944.563879984171 0.0 1465.3962110093007 0.0 0.0 0.0 0.0 0.0 338.3654312895038 232.85171327474873 0.0 940.5928595958502 717.8516502704456 0.0 0.0 411.9007154618824 0.0 692.2525156090455 0.0 0.0 0.0 0.0 0.0 0.0 385.40433576858936 0.0 0.0 0.0 973.2528677793725 0.0 0.0 0.0 0.0 432.79215911633514 0.0 0.0 0.0 0.0 0.0 278.26540389266756
0.0 0.0 670.4329000131385 0.0 28.67051375095345 0.0 2136.694495857878 0.0 0.0 40.94382444463003 4352.035209742743 1027.7028187155765 0.0 138.4262743530121 0.0 0.0 0.0 1924.8252149629677 0.0 166.74844315049612 0.0 1256.54075369235 644.7019402160855 0.0 1085.717467072014 323.90906668695374 0.0 0.0 458.111732854178 0.0 0.0 0.0 618.9945003706815 0.0 386.8102467588036 334.0866913511985 0.0 2425.520956015617 0.0 0.0 2029.500092625416 0.0 0.0 0.0 0.0 746.3815535199316 244.429592041099 0.0 0.0 195.14036948642212
0.0 0.0 477.17563745070214 1083.4701716564857 0.0 540.1352208046194 0.0 913.1818544664733 27.20061714366796 38.056623360590606 4829.8946604220155 627.1126218147351 0.0 118.46246979036627 568.041318049138 419.3815864498928 0.0 0.0 0.0 146.6420853945131 0.0 696.2376554034123 0.0 253.38081296322935 731.4505887401522 299.5397186998218 4281.921912553808 0.0 359.94635722389535 361.1146296281813 0.0 0.0 559.6286538146344 11220.47900747829 0.0 277.5283041283631 2804.6511695310255 0.0 0.0 0.0 0.0 0.0 0.0 0.0 0.0 668.6402989214581 0.0 0.0 0.0 0.0
0.0 0.0 0.0 0.0 0.0 0.0 0.0 1140.5029475850743 39.75452790086289 37.29858871731484 0.0 0.0 1242.6531690848908 0.0 0.0 0.0 0.0 0.0 0.0 270.2818099622631 0.0 813.5242763968073 637.0380385542098 0.0 0.0 310.0915268867648 3970.503577669947 0.0 0.0 0.0 0.0 359.6412359709701 922.8099097754431 16409.367633696274 410.3535461043087 347.5783001885971 0.0 2107.8609667135315 902.7461945008657 267.95897308962486 1729.6784214064392 0.0 0.0 0.0 3149.9145400430243 778.5068261842175 0.0 49.32794692345291 0.0 266.1451842715931
0.0 66.77192683672948 0.0 1095.1036293854609 0.0 408.3761570793163 1891.931903988228 945.2630961065454 0.0 0.0 4459.342471848154 0.0 0.0 116.7962783966358 603.9268739245731 482.2063779074501 183.25881157970804 0.0 220.49024037644938 151.75575550493744 0.0 623.4483502137572 0.0 261.8147362818841 0.0 261.3618088828067 0.0 475.94590117901123 272.84308512395455 0.0 0.0 320.6308905896594 0.0 0.0 0.0 231.09238374099596 0.0 1242.8145768969327 600.9083355470727 267.94719686052065 0.0 0.0 0.0 0.0 0.0 466.34658483867804 0.0 0.0 0.0 0.0
154.48135452421533 0.0 0.0 1719.4011334378438 40.2137993291122 525.8936807641816 2612.7704948622045 0.0 0.0 0.0 6393.4916267455965 0.0 0.0 0.0 0.0 0.0 265.14900310773186 3157.7705768198925 0.0 195.86099785098887 0.0 909.5622688531553 633.7058475362891 334.9480585387439 1060.2506856871348 351.9965901335868 0.0 710.3066413484777 452.0284132505594 0.0 291.19676345475403 396.2650632677349 0.0 17906.956175495045 377.70776283847863 403.44349995166857 0.0 0.0 835.8145331802696 346.1080616462854 1999.5838545581707 1227.61580074911 272.3786179730548 0.0 2689.3595302986387 855.2767206765595 209.99383314507264 62.58061573905131 0.0 0.0
111.47572488997712 92.44597175609188 536.8494827224396 0.0 0.0 315.61556321660305 1795.0944777072068 1060.890492674571 0.0 32.79747843235453 4461.6519405275085 1025.8554304279382 1412.6609561136702 0.0 0.0 0.0 236.90918096559037 0.0 211.92179668687254 0.0 20.137434652254825 740.5186756355281 0.0 294.8496952293413 746.3997267518021 0.0 4183.021165538256 0.0 548.6581135665796 411.98529599148696 175.35854380227568 294.1136830165174 0.0 10319.941472169452 257.19713101352676 307.29704706988014 4377.0450136331665 0.0 0.0 0.0 0.0 1062.7728617284786 270.1321334125429 0.0 0.0 732.0050044884655 182.64650978680245 45.251754056607666 1152.8152940283817 0.0
129.93128351606973 0.0 598.7274635963821 0.0 0.0 0.0 2447.098046771843 1043.1007567415927 29.296981266159847 0.0 6089.684976937706 0.0 1766.8259180264704 0.0 0.0 697.7409601478084 0.0 3218.328153627615 0.0 208.71420894391562 0.0 0.0 547.1281446235314 0.0 730.721243372738 0.0 4492.519391581923 644.0576736847519 0.0 0.0 249.61696254322737 0.0 0.0 0.0 315.910169239084 0.0 3805.167235548957 2610.2887540846905 0.0 300.34377387572465 1725.4692306524455 0.0 0.0 0.0 0.0 602.9519129076567 0.0 44.0132971802957 0.0 0.0
210.62359650843763 0.0 0.0 1497.7001058653407 45.4400109107651 853.9385587753616 0.0 0.0 0.0 39.08928979798805 0.0 876.4697466167081 0.0 195.17854720463077 771.8679241706104 693.7622004606302 0.0 3316.4076951646025 0.0 238.73796717796867 0.0 932.5523851367664 0.0 349.7438685076562 0.0 493.1411305079822 4152.128700287321 557.2389724711696 0.0 580.9303507181305 0.0 293.1727368822672 0.0 12626.799610408796 290.83281648278154 0.0 0.0 0.0 0.0 0.0 1962.9149562927923 0.0 0.0 626.6365350596255 0.0 0.0 321.2819295091856 0.0 0.0 254.95499558705637
197.02028431079643 93.00198558281059 0.0 0.0 37.01237410895777 415.8665788073536 0.0 1017.4147458571096 0.0 0.0 0.0 901.5116049344987 1289.9150783879763 0.0 579.2558424118234 586.8684017771565 246.77852577619328 2841.0899436795703 0.0 203.86495535567576 0.0 754.6734270263012 665.42391540331 345.59229473376627 845.8244356402084 0.0 3492.084867394495 696.1270858389357 482.70846787389297 603.1916846120148 0.0 0.0 0.0 0.0 318.2872333235415 0.0 4013.239229534825 0.0 0.0 342.32708316687786 1642.041290698099 0.0 0.0 569.4392031756703 0.0 0.0 0.0 0.0 0.0 241.193176092579
0.0 94.73696438935251 0.0 1797.2835824108358 0.0 683.9442904166091 2336.1252095053183 1086.9970914445835 0.0 37.473077217758956 0.0 945.9711627339076 1669.6307949895595 166.7145642160355 556.5765935847652 0.0 0.0 0.0 305.1278735191329 0.0 39.460999918405086 1174.091461088356 571.7101629531081 367.6233244593753 836.3253481486155 0.0 4473.025832630506 508.65396259213605 0.0 0.0 256.5354852862547 0.0 0.0 0.0 390.02544919383615 428.204770919363 4542.585470000106 2550.383730676116 0.0 382.9340571760779 0.0 0.0 407.3656839462484 0.0 2204.724363022013 0.0 0.0 0.0 0.0 0.0
158.1232896187138 106.15826438113476 797.5557489216665 0.0 38.19425694642335 632.4876210347621 1914.8136785204797 0.0 38.22327369832001 36.179769733156945 6341.8841657675775 945.4354596355835 0.0 0.0 0.0 627.4465080498617 250.44245439918083 0.0 235.23877540578488 222.35540253530507 0.0 873.6049532470302 547.6992491147967 0.0 906.5526355104523 414.1832817287892 0.0 0.0 601.6916561482963 547.4911190202336 0.0 0.0 0.0 14845.104725078538 0.0 422.41787350839235 4606.291439594859 0.0 0.0 0.0 0.0 0.0 284.3473000828188 0.0 0.0 796.736008071622 0.0 59.17603434916573 0.0 254.71990370604573
0.0 0.0 616.4009379825279 0.0 0.0 578.9729889419813 0.0 0.0 37.46833794297546 31.416221209406803 0.0 860.8478511514344 0.0 0.0 0.0 0.0 282.4072408740062 0.0 225.64980114515194 0.0 0.0 0.0 0.0 271.58684356460907 781.9489367889712 375.8529508253846 6069.000917506625 0.0 0.0 484.8983981279949 167.85198146019343 338.0640829276301 562.0725762086373 0.0 339.3489003841873 444.51219996204685 0.0 2084.3973660993047 0.0 339.86293908803543 2073.9674376302355 763.3832031285824 0.0 675.6448013066993 2538.297491811918 868.3534450807707 214.69546769355102 0.0 1171.6688778485025 199.53004854308026
0.0 133.38888387664144 885.7210070949989 0.0 0.0 791.0809905171388 0.0 1382.317744476233 38.27933725374011 0.0 8635.212103564667 801.4821784389934 1943.8702315202681 0.0 772.1621899145135 887.2509318087177 0.0 4081.470338625003 0.0 270.24039097221385 0.0 1116.1297886920197 552.8479796281038 0.0 0.0 509.39984630072956 5870.502725572461 642.9659722847039 0.0 526.744016458297 0.0 391.7727622187903 0.0 18349.015465398814 302.5240612943693 438.39707583537523 4180.671991765401 3560.2206186519456 972.1407741631023 365.1393737756535 2049.542891197731 1453.1949297383558 0.0 0.0 2941.533118762998 846.6071307512993 292.2036436685722 60.87967340188175 2163.115705237633 0.0
148.27136613496475 112.8499323798381 0.0 1401.392579734358 0.0 0.0 0.0 0.0 0.0 32.970609424093254 0.0 0.0 0.0 0.0 647.3248415705231 550.1292479103846 257.65231005531683 0.0 0.0 0.0 37.81666986003398 811.4095221157488 0.0 343.5819389555118 888.0612660152132 0.0 0.0 0.0 0.0 514.7269722265313 262.3700982689575 0.0 0.0 0.0 0.0 0.0 4322.4374883845085 2228.898532791094 777.7631184446634 0.0 1982.7841288947636 1367.2903399571728 0.0 555.0805027431082 2342.135248297468 0.0 0.0 0.0 1869.7639930974133 0.0
0.0 93.49451013048275 0.0 0.0 0.0 732.1708681605802 0.0 0.0 36.118735756599975 0.0 6050.958474231992 982.824399370407 0.0 135.78777472394646 0.0 637.6960770405428 245.37332813698188 0.0 307.16154939303414 197.53473799686031 36.93545014069393 0.0 640.6239735591835 0.0 0.0 0.0 0.0 0.0 517.1671058959622 0.0 0.0 0.0 0.0 0.0 0.0 0.0 3748.5643556717614 2734.039781793131 748.0103060069807 327.17005251500393 1690.003544267539 1283.90045249179 277.46614229651516 0.0 0.0 880.1214457221092 254.13140913926406 0.0 0.0 0.0
0.0 107.51953867002891 779.4326580212107 0.0 0.0 690.6542046554283 0.0 1122.1661010920259 40.07612951164206 0.0 0.0 0.0 0.0 0.0 546.4318676501804 0.0 0.0 3552.524157953307 0.0 0.0 0.0 0.0 0.0 280.319601927583 0.0 329.6112290700915 4889.544978202794 0.0 0.0 409.73819316282373 288.76843616751876 0.0 749.0695380231991 0.0 0.0 0.0 0.0 2271.1886354061658 853.5085986340464 0.0 1385.8178436179878 1548.4967710901979 229.0365448622207 502.09941081976154 2376.747423046645 0.0 259.6832551588523 0.0 1622.8523553870016 201.24602387072133
0.0 0.0 719.4339833869694 1545.5652501232487 0.0 554.6229200895216 2479.4344541950168 1031.7575038014884 31.982037627738322 40.36731943412058 6088.0643313023165 0.0 1503.2119606060905 158.9844408726812 642.0941805409449 742.7376475809683 246.9372739505471 3018.3615299521616 269.07450309680286 0.0 0.0 0.0 602.2278876196215 0.0 708.5825153736728 0.0 0.0 0.0 0.0 0.0 0.0 0.0 0.0 15385.546960603897 0.0 403.44225108822536 0.0 0.0 721.1066077584601 0.0 1762.0080653943726 0.0 287.69912423283716 607.8196643977367 2330.5537818412995 0.0 0.0 0.0 1409.724750080099 213.51173230608669
0.0 65.63665999982838 0.0 1081.3340088923721 0.0 440.31489657392103 3303.745003031778 1059.0014243572336 26.464514118143665 21.122726212150496 0.0 0.0 1506.0649447613303 133.39367782284253 0.0 0.0 0.0 0.0 199.78626962454217 120.46310059247774 0.0 0.0 425.4503351287306 210.76475485743967 627.021601542484 0.0 5092.432758767489 0.0 385.5082999694848 368.4230239997299 0.0 0.0 0.0 8283.878015165166 320.671652048796 0.0 4004.986697142533 2076.746981535857 778.9816634008716 303.72526988525783 1352.3249274047225 0.0 0.0 0.0 1628.9180863631318 0.0 183.32839117206566 49.72848235538533 933.1686350101365 142.59435220642936
161.74974676388084 89.99619806684339 778.1328288003227 0.0 44.27099486551495 0.0 2601.57755712163 1458.9636686890988 42.3913696668057 0.0 0.0 0.0 1929.1785171228912 170.45011225712062 612.4106830685671 672.1056549392803 242.51395108240553 0.0 327.75563777856814 0.0 0.0 824.132142587854 0.0 385.9608619811871 903.6107390242479 427.0734794344428 5813.8493829683 605.3359485526187 615.2024760433364 0.0 275.85382679894974 0.0 770.1536401576226 15655.734498271173 0.0 0.0 4125.991698199787 0.0 0.0 0.0 0.0 0.0 0.0 509.9947523129049 0.0 0.0 292.5005300560342 53.68651489581183 1280.0086805847984 247.60125950803524
0.0 0.0 0.0 1875.341088699979 0.0 749.9361553286858 0.0 1206.1924922289004 37.46739577035501 0.0 6841.396130508585 817.026827727123 0.0 167.72718618809668 0.0 0.0 0.0 3564.2281841140607 320.91998663814985 0.0 48.8382128254635 1137.936070624236 0.0 0.0 0.0 0.0 6281.685890803359 591.0948243931612 518.3724310030188 0.0 343.3478010708647 0.0 0.0 0.0 0.0 0.0 0.0 0.0 768.875146559876 439.7159672982491 2128.810701833782 0.0 0.0 699.2706351321089 2511.1032213321196 906.542546286254 0.0 61.38936301312104 1512.0477106654173 246.18115604128928
0.0 0.0 815.1872694053723 0.0 0.0 0.0 2194.7954229571974 1278.067759262918 0.0 29.87607656977652 5617.932320329737 0.0 0.0 165.0423377186577 585.0835106285822 0.0 0.0 3091.2808429581846 0.0 0.0 39.76363276913906 0.0 537.2783551974593 277.03407174960563 887.1585911395825 292.46413483338245 4061.1502967080733 0.0 0.0 0.0 248.55899596510457 282.49795689379073 0.0 0.0 300.39116329048517 338.33265566605365 3914.9967693618046 0.0 720.4411332511789 0.0 0.0 0.0 0.0 0.0 2838.02934953883 701.7669727494916 0.0 0.0 0.0 0.0
145.33860353321967 0.0 0.0 0.0 25.48931973917432 325.4344949265184 2237.26435503521 0.0 24.519396834934895 28.69804355712583 0.0 0.0 0.0 0.0 570.1309627533994 399.74389859394535 0.0 0.0 0.0 199.6778126872329 37.60091882125983 748.790318209809 388.2660352762013 241.8366688694648 0.0 0.0 2826.2659112227134 0.0 0.0 0.0 0.0 0.0 546.968411928935 0.0 0.0 235.0856400422512 3640.598200859597 0.0 623.9779452414328 308.77001466465475 0.0 953.3351441196537 0.0 0.0 0.0 0.0 149.73938149379921 36.60691210222779 1400.4003128839067 232.66400390924503
0.0 96.1593812884579 0.0 0.0 0.0 545.1386629785311 0.0 1117.0038105525564 0.0 0.0 0.0 887.4246015265376 1321.6908428332977 162.69953523620072 432.46093431438914 0.0 0.0 2889.622331493207 0.0 0.0 0.0 903.6943883507346 0.0 0.0 0.0 317.76995701042966 0.0 645.2836665056622 0.0 0.0 0.0 299.8584326515095 760.0251126364597 0.0 354.95324110084886 0.0 3906.648318229849 2205.9085920159296 818.4118077144916 278.9827162211439 0.0 0.0 280.76538941464827 0.0 0.0 0.0 0.0 52.67050685890033 1736.4704747097926 0.0
0.0 0.0 775.4117925515518 0.0 40.71682282160647 528.1633868886626 0.0 1469.427945985585 0.0 40.05139982181872 6106.386059279813 777.0927660841493 0.0 141.3239134951154 0.0 729.4512776773378 0.0 0.0 0.0 220.62201297304597 39.17404654874434 0.0 0.0 305.7378545211514 0.0 286.8928309164067 0.0 0.0 0.0 0.0 0.0 274.10881042576756 701.8619288791816 0.0 483.64726876999964 319.06654706419016 3466.9376675811145 0.0 0.0 344.9353429832939 0.0 1374.7308701941352 312.01229401460904 0.0 3542.9278852985444 860.810884672502 0.0 57.168193909095585 0.0 0.0
133.40733548878572 0.0 0.0 0.0 0.0 561.1652423688058 0.0 886.6505306297774 0.0 0.0 5614.069296963289 836.4372970356079 1661.6245210188902 0.0 0.0 578.424591736351 0.0 1931.149201198997 179.5349813757094 174.08316496692822 0.0 0.0 0.0 183.7347702716787 761.2973946048486 0.0 4447.573473814483 0.0 0.0 491.8857072224774 186.48779913257692 242.2763263377754 728.8591267506367 7238.778296379924 0.0 0.0 3679.193995142973 1808.4562670424264 0.0 241.60305457260154 1597.3546604784444 0.0 231.54043686906178 342.5523607765036 0.0 516.3703805134792 0.0 43.11386049194482 1489.1887117324795 0.0
0.0 103.34846832194559 0.0 1318.9860291242564 31.08361465362242 0.0 0.0 1117.7458278987885 0.0 30.979284220232053 5131.2400838589265 956.5622000515364 0.0 100.23313032012442 0.0 647.514111221398 0.0 0.0 0.0 198.21644368914173 31.63471258590018 0.0 0.0 304.80129691922946 0.0 366.98631065172424 5029.199553194394 0.0 0.0 0.0 250.35245557897255 0.0 659.5036052622937 0.0 322.0960547590211 329.0665409830797 0.0 2295.3504443979377 574.096404111754 303.72945429886863 1675.7381634513888 1134.9876468460025 219.7931009653393 465.0358295782984 2811.2077709531372 815.5959059612285 272.89078520238263 41.48327248841657 0.0 295.3586017528546
0.0 91.08515108543708 0.0 1237.2730590311337 0.0 514.8202706100749 0.0 1022.8921736811827 0.0 0.0 3810.0405094790176 0.0 1348.6826090804261 132.9438088086381 465.6791669374199 436.712624677034 199.89862533520756 2519.3295650199498 240.05385613201585 217.4815455544479 32.149384364383266 618.1717414624738 523.6262664046042 0.0 633.0819429582402 334.3816605991039 4058.179859168507 0.0 362.3679033621822 439.1834395572065 0.0 0.0 501.3803653351053 0.0 324.35325222499273 228.30207828944214 0.0 2404.0330958678337 557.3130597527949 0.0 0.0 922.7655901007573 285.60771895338314 0.0 0.0 666.2639812249488 0.0 0.0 0.0 213.58432682801777
0.0 0.0 0.0 1121.0142455202515 0.0 423.88822424748946 2402.6660247833897 950.3127860509512 34.19861823755454 19.524437892015072 0.0 0.0 1207.2809113466246 0.0 442.60973008564133 321.36011069974757 220.62069504166226 0.0 206.90091735943923 200.34239649583802 36.2363371175728 0.0 0.0 204.73326406639922 0.0 0.0 0.0 611.7520216015917 0.0 0.0 0.0 0.0 0.0 12290.068786931755 0.0 240.0673106890042 0.0 1986.4290491028223 456.34043560672524 298.37391945477583 0.0 0.0 270.4731373270364 251.5616846111546 0.0 0.0 0.0 0.0 1143.0263017369934 183.3094409149844
0.0 86.34832064262118 635.8287814978579 0.0 28.101102037675357 689.2370320558896 0.0 0.0 0.0 0.0 5987.763812378166 0.0 0.0 0.0 0.0 563.4482444013016 276.6154034706696 3731.630069985561 285.3953194713976 179.0335494839515 36.40635008663018 554.5117436695489 609.8985263938756 0.0 0.0 0.0 4935.949095787957 629.6962987145291 0.0 0.0 0.0 0.0 0.0 17075.539880263095 0.0 423.4650091893274 3633.298435227122 2990.0218046520995 795.1674249114399 0.0 0.0 1200.6863839997181 348.915016604481 690.0733119216957 0.0 814.5055071010026 239.57250633717274 44.706560617358164 1412.4785021639207 231.42047467516312
144.60717302151986 0.0 602.3262655744064 1233.377076484019 23.949503498967776 0.0 0.0 1182.276055484119 25.544965930404683 24.045699761424505 6028.671884830805 994.4930178552721 0.0 0.0 0.0 521.4456601022276 142.0485718522663 0.0 0.0 218.6586653172042 0.0 709.960051468071 0.0 249.34687504951236 705.1008833595203 0.0 0.0 446.38726422903994 0.0 0.0 228.00265394431742 0.0 0.0 13382.764438138263 0.0 362.29991054970463 3028.0208177651543 1719.1171005110223 607.0151414908316 0.0 0.0 1237.7440798445318 0.0 0.0 0.0 718.8882779934563 201.11214674356137 0.0 1377.6188459269147 0.0
132.92157117715627 120.71484057726873 0.0 0.0 0.0 730.3400759025787 2631.226540923167 1164.1776878604853 0.0 35.536075537256075 5693.404615030065 897.9019077681279 1131.9752564329958 166.63945153582006 0.0 580.5713396928354 279.35361399651487 0.0 224.96717446652178 159.09530039527084 43.40910510980372 0.0 383.8535929135214 325.5445340687185 0.0 331.679848025834 0.0 673.2578474103567 430.8751586251624 0.0 218.45381357474727 0.0 752.0886848376485 0.0 186.66816203511195 428.34141810659173 4100.052918031217 0.0 209.71350322034408 289.10582971593425 0.0 0.0 0.0 0.0 0.0 0.0 0.0 43.828192588290555 1142.248777170167 254.76868914135824
140.20831330807 77.9597895515384 0.0 1449.9181052209817 34.81005734483576 625.2553589629674 0.0 0.0 29.185012113874322 0.0 0.0 0.0 0.0 0.0 585.0741169863692 544.0813300492204 0.0 0.0 253.53027494683073 0.0 0.0 780.8291689279858 0.0 277.978372959598 909.6773646835089 386.5681026202257 0.0 0.0 0.0 0.0 220.6272107871883 0.0 711.4615280563919 13848.508571089897 0.0 0.0 3676.551606167692 2538.3995514687035 0.0 260.8337750160246 0.0 0.0 0.0 0.0 0.0 645.9878441030984 0.0 0.0 0.0 0.0
226.43214019150656 128.20147931942557 0.0 1725.906573922861 0.0 790.1832203833243 2838.401349716079 1696.0120340444284 0.0 42.34272803522637 6359.714232639752 0.0 0.0 0.0 908.6659094989291 0.0 0.0 5262.116370601629 0.0 0.0 51.274591211018446 0.0 0.0 0.0 1069.25784104803 0.0 6976.218525163173 765.9209488994782 0.0 0.0 0.0 0.0 894.7071811329492 15767.74145537386 0.0 0.0 5387.956032843982 0.0 1017.3838766049472 0.0 0.0 1492.263012273844 420.44820705824145 687.4842400950834 0.0 0.0 292.776629447194 0.0 0.0 230.9115291757525
131.22256104307422 0.0 0.0 1498.875457403678 30.2168697895266 0.0 2035.572142152064 1058.72719961167 37.93251650837641 0.0 0.0 0.0 1051.0915670985728 0.0 0.0 0.0 211.17364905943614 0.0 246.75817295930705 0.0 41.540571190206364 0.0 465.99991354900726 148.1246925228694 820.0224825512919 0.0 5094.884338129903 446.24353992634855 473.93952675339 559.2916707271191 0.0 0.0 564.182095655864 0.0 0.0 0.0 3391.307204590592 0.0 487.40071550065056 0.0 983.9928998939658 0.0 0.0 0.0 0.0 0.0 113.96921895961471 0.0 0.0 233.43432822640176
129.04949560547746 0.0 0.0 1066.8761341757313 0.0 458.91553090651536 2299.403661723301 0.0 28.820050430872772 17.987373961008785 6145.511765242418 716.6608753211628 902.3298112894181 143.8909396370111 0.0 0.0 255.71784413918064 0.0 229.18729563992886 0.0 0.0 0.0 0.0 190.20521807099996 0.0 326.68795343533486 3671.3895436276157 567.8716352664877 0.0 359.2915341038878 179.42918983429604 322.98443085602094 657.8400672641053 0.0 263.4985118737693 370.42438222932384 3821.885907402533 0.0 0.0 0.0 1732.3803178956687 810.2839171544714 0.0 499.3916673165231 2114.8673884168184 0.0 174.8295493787377 0.0 1022.6227798027303 0.0
157.31490790108373 100.99785671608048 494.7663550168457 0.0 0.0 0.0 2533.490610155368 1018.692274261763 0.0 36.805068239220695 0.0 0.0 0.0 0.0 744.7930612585045 0.0 203.92470186368678 0.0 0.0 0.0 36.24586649252133 684.3101017468296 616.3223970737987 377.1393491027288 0.0 0.0 0.0 0.0 471.9558703917079 480.02581740344345 0.0 0.0 551.8934358468987 0.0 0.0 301.33774679749445 0.0 0.0 0.0 0.0 1620.450444044464 1248.9059926992904 0.0 0.0 2261.743624322022 0.0 177.33530388492701 0.0 1673.062677498273 264.7118972817212
0.0 0.0 0.0 1027.4224538696747 33.957385009341984 575.9943208030656 0.0 0.0 0.0 31.84237343276168 5471.615796708151 894.8571579710401 0.0 101.70520355826633 0.0 560.5863651423045 0.0 0.0 0.0 0.0 0.0 0.0 0.0 320.8405730084758 802.6705226876943 327.0739154706397 4482.03262877119 0.0 387.8121699228219 0.0 219.23996123482664 394.15145933409724 715.4876895993432 0.0 0.0 0.0 0.0 0.0 0.0 0.0 0.0 0.0 275.6367293871802 485.9113618273525 2062.5355578391936 733.8582413885888 213.90471897442734 0.0 1437.312523462956 0.0
74.96959576273994 0.0 0.0 636.49223441161 23.349551834043716 0.0 2272.409402480778 0.0 0.0 0.0 0.0 542.635473214045 0.0 73.06690255609456 517.526930820044 503.9208826123229 0.0 2014.4763944517429 96.1656181420001 0.0 0.0 557.7414324882128 502.16624871913723 0.0 0.0 244.37241203798692 1723.8532423644624 275.3782043451024 339.55531575343593 0.0 0.0 229.66850865905576 0.0 0.0 0.0 162.30472645684947 0.0 1055.8497552650847 0.0 252.46103517200908 0.0 694.8701112505316 0.0 471.6896178503203 1595.9246198850574 0.0 0.0 27.38352052726709 0.0 159.9402642283465
143.71711828668083 43.749722048068456 0.0 0.0 24.802893588088004 539.178592234662 1961.137793668998 0.0 40.971092103217686 25.61039899046174 0.0 0.0 0.0 0.0 603.4217050330396 373.34505108831496 194.77374463065226 0.0 0.0 140.7547144582877 20.613052045340375 845.6843267733166 0.0 272.4727947845503 0.0 267.3218437274689 0.0 805.1791932926913 0.0 380.1976858637303 0.0 293.6957020905768 0.0 0.0 294.8031022196043 322.07574091344225 4936.651661706888 2306.8435584155486 0.0 0.0 0.0 742.153310169544 0.0 0.0 1746.4625784108725 0.0 0.0 0.0 1479.9974395220358 145.97574672792712
0.0 0.0 0.0 0.0 0.0 572.7588973336304 0.0 0.0 40.97195601172565 0.0 0.0 862.0102931775926 1777.0534710575525 191.74640323216875 592.9994668623618 642.5204891949838 0.0 3238.423584576742 390.19283728714777 217.38000385890157 0.0 921.277243193282 0.0 0.0 0.0 0.0 0.0 632.1373331726256 0.0 0.0 0.0 362.7899728247099 0.0 0.0 0.0 477.09337118446985 0.0 2876.60038205652 883.0045149787198 361.93614847728486 0.0 1170.6833225274504 313.97641564005545 435.3429498355894 0.0 0.0 260.00881520338305 62.72184705200606 1684.9401147205265 0.0
0.0 0.0 822.3397417236988 773.277170325437 0.0 0.0 0.0 0.0 0.0 30.54370477865573 4360.690279604386 813.5555969615018 0.0 162.03433780759482 513.0754637215172 305.54491522824685 0.0 0.0 0.0 0.0 37.79179009175631 0.0 0.0 0.0 0.0 0.0 0.0 535.3904670077883 611.3457893210881 649.8833342142499 0.0 0.0 0.0 14983.069285725465 0.0 0.0 0.0 2012.811895157972 436.92392370487477 360.39754789235735 0.0 1183.5386075304527 0.0 444.31598212584595 0.0 630.6793988919469 0.0 49.43384212479844 0.0 221.6722142310147
120.76570651748818 101.65412510690241 0.0 0.0 35.45648689082617 0.0 0.0 0.0 0.0 31.618356901247783 0.0 884.4072618519064 840.4925763815882 0.0 0.0 677.2293666028426 0.0 0.0 0.0 0.0 40.61673015427561 745.9606226954538 529.4024076508406 354.66404515240436 0.0 344.35371118844535 4570.234219944366 635.8821246248323 0.0 409.47649920245306 0.0 387.29663179545827 0.0 0.0 275.75548610650065 0.0 0.0 0.0 601.0235536469714 264.39312220096406 1156.5587328477434 0.0 0.0 0.0 2443.731655491621 0.0 0.0 0.0 1454.0082085671186 0.0
159.52811077159976 87.43485726608961 0.0 1555.1877027482542 39.60847391662841 400.46231915214395 2550.781043136797 1330.3450914360726 31.632991499223657 0.0 4761.193881197311 1078.176950856729 1816.9865702835834 0.0 0.0 767.4059547191703 295.1178137966554 2644.966941272591 0.0 0.0 46.046333545401325 0.0 0.0 0.0 0.0 0.0 4013.2904566897405 0.0 0.0 0.0 204.47055250761693 0.0 0.0 0.0 0.0 342.59973312035436 0.0 0.0 760.8224784688755 0.0 0.0 1425.85958026692 405.55131857448697 465.85616890380186 0.0 647.0265534068096 0.0 0.0 0.0 0.0
188.67856403438327 0.0 667.4791357331586 0.0 28.62703829839056 561.6242459713606 0.0 989.8434016043395 0.0 0.0 0.0 0.0 0.0 0.0 0.0 0.0 181.62237343828275 2974.9100860234407 204.24841341862196 165.89193658841273 37.042770838221344 0.0 0.0 263.68995998676155 724.8753895477664 0.0 0.0 0.0 405.0003100915722 379.06408782728084 240.5347972082636 305.2242963655431 0.0 0.0 300.46014341832165 335.84303599914597 0.0 1969.2930104371292 0.0 343.77422144497075 1704.2326816941086 1081.4783060937752 259.99172008545463 548.5744480555628 2490.4796136493396 626.8217573954088 233.28109913610962 45.467805244696635 1746.8555951951867 0.0
0.0 0.0 0.0 925.7268120071176 28.783650116440636 527.8190234414541 2688.7153977000225 0.0 0.0 26.206708168954115 0.0 0.0 0.0 135.1340439738022 571.2351425261859 0.0 228.9704870753909 0.0 237.3191937811659 0.0 34.20284597569127 640.6467617544595 452.33938207496794 0.0 0.0 0.0 0.0 504.9074401430114 0.0 0.0 0.0 0.0 660.3523751674899 0.0 0.0 298.75043473755454 0.0 1890.3809621056732 0.0 297.29680690107716 1611.9053168800947 831.3454782665963 0.0 470.944802707093 0.0 0.0 176.8806985272331 37.41391919101547 0.0 175.18350500374262
153.59143584425692 97.74868105101805 0.0 0.0 0.0 0.0 1646.8584287518502 0.0 0.0 0.0 5815.957388405137 955.0205110061163 0.0 0.0 423.1100573977072 0.0 276.45439408344424 0.0 303.25520755635574 0.0 0.0 829.9803010270234 544.64812129527 328.2230874759685 0.0 410.46026034576784 0.0 597.9399664852115 0.0 383.7609445878024 0.0 0.0 0.0 0.0 348.06899910270585 0.0 3467.3187791123523 0.0 919.0011420305642 377.5959006243608 1741.1020566164937 1402.899672577132 295.1628394098422 508.6745499769594 0.0 0.0 263.65838923537075 57.42194705122322 1774.404266072886 257.1122693298299
156.75703249163178 0.0 0.0 0.0 0.0 527.7709255489062 0.0 1358.6228870427578 40.03318415720253 52.03097230548508 6226.29716527986 795.17034661091 0.0 0.0 0.0 643.5926290146297 0.0 0.0 330.8137807824529 0.0 47.000968473788234 0.0 0.0 0.0 818.5449642868928 347.22033185183915 4604.74777571142 0.0 0.0 0.0 246.82254790209424 0.0 789.4382483302408 0.0 0.0 389.70831952345384 4118.288586487205 0.0 785.1280147937065 285.3675854675569 2149.132707441592 982.4622635965517 0.0 659.1375855852666 2179.9627107227134 968.1879980847503 0.0 32.49415785952264 1357.3565613192488 0.0
0.0 81.54109811368623 0.0 0.0 28.78111582339147 0.0 0.0 963.209620837728 0.0 36.007811970566976 4764.8294059330165 1003.562295647467 0.0 114.1508192038104 480.2266696931892 0.0 199.70289771549238 0.0 0.0 0.0 29.943097553966737 0.0 0.0 259.27865481163684 790.9176515260006 0.0 3826.7537812760247 494.796237855866 527.9476114942246 460.0822193163018 169.03398112623816 0.0 0.0 0.0 309.9466890807174 385.09593206459965 2557.069124715001 0.0 0.0 0.0 1739.6624898065684 1184.5029780238044 257.66046226952744 503.2045848952303 2290.3970335192544 0.0 198.53496979864516 0.0 1066.004178389478 0.0
156.27693994200968 125.34187613084258 841.8669019497443 0.0 0.0 0.0 0.0 1263.8185057633361 37.40254700814691 0.0 0.0 0.0 1818.8882511165416 0.0 627.460651468565 0.0 0.0 4799.100351723412 309.12988788692087 293.8762985131475 0.0 0.0 787.6523157323263 0.0 0.0 0.0 0.0 0.0 589.3688222226008 601.8887737776088 377.91694917345694 413.6342212328168 1005.4278646719005 0.0 376.449949582984 0.0 0.0 2913.4849473251284 816.3535223471295 411.3358243956808 0.0 1677.6316146959339 0.0 0.0 0.0 918.4400613621958 0.0 61.249067784826636 1774.0863423895419 298.25902292527195
0.0 58.86316117954531 598.5020512858446 0.0 24.5702331084606 0.0 2138.7421826823925 0.0 36.03411752861158 0.0 6601.625434697221 1018.8057441426289 0.0 164.69107355595432 0.0 627.0126587258749 0.0 2852.9035057494607 249.81141235197077 194.70183872954146 40.985209471620706 823.1097172473753 0.0 0.0 0.0 0.0 0.0 0.0 0.0 0.0 0.0 0.0 0.0 0.0 0.0 0.0 0.0 2667.647455970734 439.1189079588533 0.0 1542.8521735934758 0.0 0.0 0.0 0.0 548.8362760027289 0.0 0.0 0.0 0.0
0.0 101.31243553848196 0.0 1092.3070687948007 0.0 488.04819494524736 0.0 0.0 33.36092651158642 42.010785938392004 5768.3738471922425 0.0 0.0 130.85075829445287 770.4304405266653 743.6997110498633 292.0648628723786 3796.347168850213 0.0 195.10226457179562 44.936558692445104 0.0 0.0 280.1129272567281 989.5872613261835 0.0 0.0 704.8594539305815 385.32653031436195 0.0 256.889038184523 0.0 0.0 16221.195360419708 319.8459584477731 0.0 0.0 0.0 0.0 0.0 1556.2550437209616 1412.2662641160146 0.0 625.9852098808703 2300.0442040617963 818.0358313330491 249.7419927755289 0.0 1443.15381963991 302.94387580714374
0.0 0.0 597.4719446366106 0.0 0.0 509.7432404159326 2076.6669072122054 995.8043619278424 30.646400277740053 0.0 5654.2967047774055 0.0 1743.4681254952325 134.80431800986233 0.0 0.0 222.72665416527818 0.0 150.73360485585337 0.0 0.0 0.0 0.0 290.13893415950764 0.0 277.5793221472866 5075.631016384612 481.1215079800861 0.0 0.0 146.32008721803766 293.56786230269586 0.0 13743.812760928016 279.1968009383251 0.0 4141.028408790526 0.0 0.0 0.0 0.0 0.0 218.27010230623054 0.0 1837.581090639363 662.6840392489516 0.0 0.0 1551.8131803824795 144.81540589220162
107.85961088769662 0.0 721.3730550097987 1640.8951994697682 27.946162433708167 770.5998136474891 2878.4051266988704 0.0 0.0 28.950076021863698 7863.164490514971 1000.1490973187938 0.0 0.0 0.0 573.247596065857 244.454847365944 0.0 0.0 229.03032062703957 0.0 0.0 527.5888217509415 306.66758884077467 0.0 0.0 4869.640545920811 695.579068183799 0.0 649.1920793157722 0.0 338.1893122926196 597.3907255944663 0.0 0.0 0.0 3702.8806792436535 0.0 0.0 0.0 0.0 1189.92504010991 0.0 0.0 0.0 0.0 0.0 0.0 1337.3877532635827 291.69532103995596
171.05266450770944 0.0 0.0 0.0 32.35762816586616 525.5657855649374 0.0 0.0 0.0 0.0 4255.496506471996 763.948596705129 1502.514909976942 196.80050330400647 0.0 503.9067064481531 0.0 3084.166135594572 0.0 164.24110742534265 49.97295242090776 1011.9244873080713 0.0 0.0 720.8423399990028 380.581932718558 4328.729350132263 654.0141400792879 492.53632598114666 464.36445269775595 199.8118642995939 0.0 0.0 13050.902733749213 0.0 289.34432645932543 0.0 2521.063720237316 538.791526734254 405.2614369903684 1775.4122517029548 0.0 237.78977145034023 555.3965091432508 2090.241350462805 0.0 305.0458190150905 0.0 2098.897928360365 224.9886603246984
0.0 0.0 0.0 0.0 21.09875638154945 308.16632969391355 0.0 0.0 0.0 0.0 3126.7754591556454 614.0416103579728 0.0 63.38914630860806 0.0 510.63365498628593 144.4960181632134 0.0 0.0 0.0 33.42726125030575 0.0 0.0 212.46472351192847 502.4117061827527 0.0 0.0 350.4962095953681 260.33796369538106 343.01230590604996 143.35256936515333 243.59740793121108 549.3525848708434 0.0 0.0 234.34596194195655 0.0 1842.0776223036075 435.0071835963063 0.0 0.0 0.0 0.0 0.0 1222.7322132362042 0.0 0.0 0.0 845.6602655381105 161.6647478299727
0.0 0.0 625.2744150177971 0.0 0.0 495.8235524067773 1811.8867192413636 731.8338397800077 0.0 0.0 4043.3648403930556 0.0 0.0 0.0 0.0 664.5998794315465 151.36343398020733 0.0 0.0 188.36026275598553 0.0 726.7847568002692 433.6745675237335 131.22165134751938 0.0 273.144480155474 0.0 0.0 0.0 0.0 163.1218630453772 0.0 0.0 8859.504552982511 0.0 230.9478998310119 3766.581326482221 1481.3042251168872 0.0 292.5196342229219 0.0 1144.9884411442677 0.0 348.54495112321723 0.0 0.0 161.17978719229782 0.0 899.6979135874051 0.0
175.88694244296806 117.23360788036442 0.0 1543.5598431494595 39.689881472560685 591.086487511855 3724.46028325926 0.0 0.0 41.21808139598385 0.0 0.0 0.0 0.0 0.0 682.7637022465321 334.3113067701895 4008.397207031563 0.0 248.6644172792969 51.849775567904075 0.0 0.0 461.58420544928447 977.857177272263 0.0 5665.522855335199 0.0 613.7293145223023 0.0 285.97591592667527 349.7932340094452 971.3405582158663 0.0 381.9442583167934 468.0770334069688 4570.371029814134 2814.8567700016056 762.5658477776401 356.69894565527045 2115.0144453273924 0.0 0.0 0.0 0.0 877.8343799291374 286.2424776938781 54.68829758480145 0.0 0.0
0.0 102.27642352338378 0.0 0.0 0.0 0.0 1655.0090831315156 746.0846658935073 35.34005827879647 34.23623279081725 5719.010598666668 812.0658846775 1329.700432784169 174.11230754112572 513.9758845169257 0.0 0.0 3000.2095512347546 0.0 190.7412785197506 0.0 0.0 724.6218254148357 0.0 0.0 0.0 0.0 0.0 482.6445280286328 429.8436810341199 0.0 0.0 658.0145225531849 0.0 286.9399316385107 0.0 0.0 0.0 0.0 0.0 1468.33614807373 0.0 0.0 470.98538498922284 0.0 0.0 0.0 58.08702300769707 0.0 235.58662963059112
0.0 0.0 936.22642174466 0.0 42.58463669433008 740.086290995537 0.0 0.0 45.83327972072237 0.0 0.0 1061.2579061055299 2045.4829889068883 150.68704278643776 0.0 0.0 0.0 0.0 0.0 0.0 0.0 895.4478969413997 604.1906665808867 0.0 0.0 457.03331358037036 0.0 842.8147918443777 633.0823284725376 0.0 285.91963412623386 339.40336899530485 0.0 0.0 0.0 0.0 5203.752242044177 0.0 811.5426246312345 0.0 0.0 1358.0554892349646 0.0 586.4272949313763 2496.938986928291 0.0 247.28204579295536 56.031545938922996 1255.1454437138827 244.83835434332028
0.0 0.0 0.0 0.0 0.0 704.1056680764959 1413.4129873561128 1292.4290486201728 33.84416548352223 0.0 7196.922966196089 920.8041224535684 1403.8720529303064 0.0 0.0 639.4151706066078 287.4786840470366 0.0 0.0 0.0 31.918868972787344 865.3289196835675 0.0 391.6792065785901 764.1927957071049 0.0 0.0 0.0 0.0 0.0 285.9294506347915 312.5589166116842 0.0 14304.447506116925 444.69679681697306 313.86482539670027 0.0 0.0 783.7555874342764 251.99232443502066 1823.9517046583187 0.0 236.54438055493196 546.319504299544 2210.4545320688367 0.0 253.53895706326813 0.0 1731.9424254926737 0.0
121.49061175862047 71.22710291535962 0.0 1056.5516655301421 0.0 0.0 2597.122519947382 0.0 0.0 34.64273857102541 5753.286402483257 0.0 1544.8802147801111 157.02213315621984 618.5580442984023 654.3929016599513 0.0 3176.2391948018094 245.42896806537334 195.65387179785048 0.0 0.0 649.8160666655251 0.0 0.0 371.736473906429 4729.765641105002 598.2520583134356 555.8039501604133 511.90448597923995 0.0 316.3806513360349 0.0 0.0 305.57250159959585 0.0 3533.519920148748 2548.6133598857546 624.2964497719196 0.0 0.0 0.0 0.0 486.70349941343494 2115.102420536976 0.0 202.11286914261584 46.354884433866054 1669.3356459123709 284.7532625784489
0.0 0.0 447.5657036858861 0.0 23.976023250269733 412.0757418810173 0.0 0.0 0.0 19.30829956520067 3984.7855469818714 0.0 976.4682140359716 81.69725458691778 570.394838589099 344.85545305078074 0.0 0.0 132.11102650260483 111.25308991326608 19.88352770813165 0.0 470.71156861618465 245.40478703965525 715.1987104727162 261.3022546446112 2541.003855933187 360.07541379403006 0.0 0.0 0.0 267.5270955706138 542.9612734599007 8172.298874718424 0.0 246.5974193765946 0.0 0.0 0.0 336.9265222275276 781.0915337332913 0.0 0.0 384.56419117731514 0.0 619.6699718741119 0.0 29.261969584357235 0.0 0.0
0.0 38.9183127235853 306.248823624496 939.1238078640662 13.752113108890876 386.612846853478 0.0 735.6799261501785 26.730484637752284 26.573762900556066 0.0 765.8979996636183 0.0 0.0 0.0 0.0 226.54735894729532 0.0 0.0 0.0 23.609194279894457 0.0 0.0 0.0 0.0 0.0 2578.761279277156 300.41926156897716 312.7284122776569 332.738661223741 0.0 0.0 0.0 9232.264979281628 124.34986619276488 320.3659226294354 3235.974410871988 1973.9291842219495 542.170495452021 0.0 808.2391042664763 984.9675226837069 152.84356110576266 0.0 0.0 794.1615826734571 0.0 38.2122492931646 0.0 0.0
161.64967641061776 102.71338986264709 797.8265502665266 1449.9524175450617 0.0 0.0 0.0 0.0 33.235752693197746 38.86068084379093 0.0 1035.176303515311 1295.3969382075848 0.0 765.0881386811321 602.4896694939507 0.0 0.0 0.0 0.0 0.0 885.7785234317712 481.1469663567467 304.72094262446467 0.0 0.0 0.0 0.0 527.7117076485564 660.8698546399954 0.0 0.0 665.0042449051016 0.0 0.0 0.0 0.0 0.0 0.0 386.4240101461915 1781.2551020178728 0.0 0.0 0.0 2534.531409945099 681.6003140108157 0.0 0.0 0.0 0.0
86.52556306207114 0.0 462.19039213234123 0.0 0.0 0.0 1737.5972586830571 760.2031315779485 0.0 0.0 0.0 0.0 0.0 127.83749947594326 464.33061324060884 556.2664086430159 153.8615990265862 0.0 0.0 0.0 0.0 0.0 335.33080719271027 292.436097753747 0.0 0.0 0.0 355.42543147814376 203.47641052874485 0.0 173.5504692660094 0.0 422.8326390136359 8960.991574099997 234.53805037498643 0.0 0.0 542.6446677255957 406.34783927294484 0.0 0.0 0.0 159.36133483767944 450.8463449370141 0.0 0.0 0.0 0.0 0.0 0.0
148.80156833301396 96.54725469317964 0.0 1601.8909308614147 33.20706729346302 0.0 2797.9046824254424 1193.070233103522 41.89299774745372 35.41744059240089 5469.473828516197 1241.6272243337187 0.0 0.0 0.0 0.0 0.0 0.0 319.9743712870721 0.0 48.207442527339474 0.0 638.6623806086832 319.52402200713885 0.0 0.0 0.0 565.4479195860089 529.9636841988373 538.7225662505921 247.69319780310113 404.72786852958217 711.4521797704139 14775.395715141847 0.0 0.0 0.0 0.0 0.0 358.7902551338983 2093.225543603441 0.0 0.0 0.0 2555.9910487864495 768.3129271960213 289.7626106677648 54.57244570514644 0.0 0.0
0.0 89.09679162609234 811.462558038577 0.0 0.0 0.0 0.0 0.0 0.0 39.01587476651166 0.0 0.0 0.0 147.65721265721592 0.0 0.0 275.448223612875 3637.574820704246 267.61575358400944 204.04148505670338 0.0 0.0 0.0 0.0 0.0 343.0959844455447 0.0 607.9090888659629 537.0784653558443 679.1135425285628 273.6514863686524 375.99959159636853 0.0 0.0 367.8802086390971 533.2962777438357 0.0 0.0 764.1292398188053 0.0 1956.3906477426567 1532.2535094157274 306.4302054949448 482.66403698814804 0.0 954.5684897908774 0.0 0.0 1708.3429804648858 0.0
0.0 0.0 0.0 843.3606333006054 0.0 0.0 0.0 0.0 29.11663212921205 27.60558088820097 5559.630453441092 0.0 1681.504612728765 103.09713212108187 343.9177088305628 209.1872124350612 242.72685640135077 3124.699289186264 248.36045997334566 155.24963402634054 0.0 0.0 0.0 0.0 0.0 251.34263531158254 2307.9489982784557 0.0 0.0 0.0 0.0 296.9202708025509 0.0 0.0 0.0 272.6915248803035 2136.52554214409 2079.9000961380098 0.0 285.4363619412947 0.0 1159.4488188005953 0.0 340.85740537735694 2171.1816373646734 797.4289372035776 0.0 0.0 1638.6940776806707 0.0
79.77713283953366 52.75497347186072 0.0 0.0 10.421129836787745 709.1185141354711 2372.409537480301 850.6972849428058 25.523073071030336 0.0 0.0 660.6184645816145 0.0 0.0 0.0 527.7895571427543 0.0 0.0 0.0 0.0 26.06648515822989 0.0 355.1233201661146 0.0 581.2648410474725 236.66171012718175 3215.055576166146 397.6331267605303 0.0 0.0 202.56225210399893 0.0 584.1899866140762 10527.175357344606 232.8112123712197 349.6894387727371 0.0 0.0 414.9497414743104 189.1854358112169 1181.3092049078818 0.0 208.45541334011267 0.0 2080.5723140864156 0.0 0.0 0.0 0.0 0.0
186.92942757792244 0.0 0.0 1850.6808606232594 0.0 741.5732238975783 0.0 0.0 0.0 44.855397202601296 0.0 1133.3859682588145 1877.039196920442 218.5087844985906 0.0 675.4557407229382 271.15384437236753 3912.268891298303 321.06685160826373 0.0 40.52797629046049 1018.5981762886138 840.2103556041415 0.0 0.0 0.0 0.0 773.3749144370462 0.0 655.4631353355967 0.0 0.0 0.0 0.0 415.1436917751371 0.0 5005.193812114672 0.0 962.5325706263852 432.8872689176659 2131.266054018639 1613.9555177811872 387.7990861559323 0.0 0.0 0.0 261.22335321343877 64.24259773272513 0.0 275.8484384255929
167.41437680443414 0.0 749.1728021360827 1544.4006478776785 30.892216518148587 0.0 0.0 902.1712505079767 0.0 0.0 5238.683433477279 0.0 1645.89603173516 0.0 0.0 663.1990596332574 0.0 0.0 263.94581862475155 0.0 0.0 791.4839117547778 0.0 0.0 973.3611515075404 0.0 4879.122292675971 0.0 0.0 0.0 0.0 277.7364188553822 0.0 0.0 0.0 465.83793667560263 0.0 0.0 0.0 311.84600685282663 0.0 0.0 0.0 462.48443744328614 2298.024400102452 802.109202805636 284.61582317218347 56.43747441404806 1388.1472501778135 0.0
0.0 117.89241278929852 0.0 0.0 33.87505269055988 638.9829629752568 1812.3304696369746 0.0 0.0 0.0 7575.535658636866 0.0 0.0 0.0 554.7116056602633 708.4925957643811 0.0 0.0 265.42755295814925 226.52727384438492 41.85211041639072 992.7321775162227 768.1828005615682 311.17557588798576 0.0 0.0 3330.7194496278207 680.6070518207696 520.0871070164042 0.0 0.0 0.0 0.0 12391.55860737839 0.0 0.0 0.0 3507.985764253297 0.0 0.0 1723.8117887692938 0.0 0.0 0.0 0.0 885.1637014285235 264.8342394176688 65.13634136724357 2112.1498795720236 0.0
124.71954195609067 0.0 0.0 0.0 29.763039694583604 0.0 3023.412724608318 0.0 33.906772543475576 37.12951564201441 5704.491379109727 810.6716473353779 0.0 187.9988663646881 0.0 0.0 221.98943361557315 0.0 249.00999335777897 0.0 0.0 777.7350745987416 512.5997879795518 326.6756413546001 0.0 269.19172093819486 4541.253255218029 0.0 0.0 475.9237916748112 227.0745288935929 278.4350493503458 685.3531744739892 0.0 0.0 0.0 0.0 2484.7537571069624 635.3848059838259 0.0 0.0 1143.0096729649786 252.42223677183574 0.0 0.0 823.423779621186 215.17192839925752 0.0 1786.0803924818574 0.0
161.29055640561972 0.0 829.1198442468035 1203.9899848514399 0.0 0.0 2895.484795361966 0.0 28.269818501222026 0.0 0.0 0.0 1653.66608830893 0.0 663.5577445036481 723.4675949888293 0.0 0.0 0.0 0.0 0.0 934.9704585631627 609.6070943584257 318.2607303933243 831.0094032306306 394.89233988736174 0.0 747.5160471537436 583.7078191858316 464.76217241519464 0.0 373.82608002233513 0.0 0.0 365.5413220984574 0.0 0.0 0.0 0.0 0.0 0.0 1368.1055212881056 0.0 670.6153444533577 0.0 931.8955539957714 0.0 50.7352950918096 0.0 276.4673873149732
0.0 91.54369709840749 756.3282010095726 1398.4577371890148 41.64795791276488 605.6706804764211 0.0 0.0 40.900160083586954 41.64069107719942 0.0 1176.2904897760425 0.0 0.0 682.1094104624304 0.0 207.96840131953388 3347.1192644324356 254.06197870754778 0.0 48.38268484718515 1016.5489087706246 526.5979829061051 333.42815872824383 1095.2652464059454 338.0464164880904 0.0 694.6063076075609 542.7418982340346 599.1322539947993 0.0 437.7553720600098 876.4482326239082 15030.032411888813 398.90044010422565 555.4470768745772 0.0 0.0 779.6304971811951 443.3600909753866 2167.1734599505858 1498.6064074440653 0.0 0.0 2269.49396825619 859.91884625121 253.77827259778678 64.91331670730135 1936.0194970754212 260.393481526596
146.0334203883645 0.0 0.0 1212.2796093245797 0.0 545.4936731899716 2096.221240689352 0.0 0.0 0.0 5256.98078911104 792.4705447610078 1412.2500513787481 171.58565224438183 438.00689343551306 0.0 204.2952927137912 2150.7306890847494 210.2721636687962 0.0 29.511539329450592 778.975488023156 0.0 0.0 0.0 0.0 0.0 0.0 424.9719648254944 569.3823297842547 125.72898744309306 0.0 710.5161344948331 10485.914172419421 351.68046176562166 0.0 3990.3769512322133 0.0 546.144513629062 0.0 1641.3756176173833 977.1979449581125 233.10429829817647 0.0 0.0 590.0307247602992 0.0 44.963326362262116 1375.611727007732 0.0
112.54506637176189 77.89278420152219 0.0 1196.2496307216156 33.07309510067712 543.6835343438277 1803.877405719921 1045.3310948197322 25.390357304086518 0.0 6123.194442209882 853.7931742368881 0.0 165.69803704570887 0.0 568.5881115742799 234.85295654378405 0.0 0.0 0.0 39.666448779521936 825.1855794855796 539.5024015382681 0.0 812.2440897634422 328.63241976067746 4351.874976371794 603.1186673821114 525.8248630124035 467.98021563219413 225.8444009454527 349.69554647814834 0.0 0.0 0.0 428.2771535492326 0.0 0.0 700.6872150113045 0.0 0.0 0.0 0.0 0.0 0.0 753.468032065666 0.0 47.09286808830648 0.0 0.0
0.0 86.15879257528553 747.7612422082182 0.0 30.826587523038548 0.0 0.0 1262.009805777788 9.353541019069562 20.013558650011543 4803.92497030882 527.161947378793 0.0 0.0 0.0 0.0 0.0 0.0 0.0 130.2136537554825 30.088752733300204 711.5981086935248 425.7049528162689 290.693140338502 0.0 0.0 0.0 612.3395473324016 0.0 0.0 178.50959343001338 0.0 0.0 11936.402007778557 0.0 0.0 3172.329537515455 1461.4255054288121 0.0 308.68990341440275 0.0 0.0 241.1404758208639 586.0178962821192 1444.2402287503899 0.0 217.3511358993473 0.0 1263.3195971965126 0.0
0.0 0.0 0.0 1168.6902804355163 33.87466351804241 0.0 2628.36039676981 1003.2425205262466 0.0 34.12407371376009 0.0 855.9776415978517 1708.798889052871 166.17988619924688 581.1340592545188 561.5943716202896 264.214709925628 0.0 0.0 228.18521096072675 0.0 0.0 531.8017200349 270.6930382960929 779.736804623285 347.5487283797608 0.0 535.2183217106846 443.3696050703011 598.4521757422312 0.0 321.3865979992437 598.7855297010973 0.0 0.0 0.0 0.0 1692.1066732016038 1004.6098398572805 437.93914326736245 1693.5166664845092 0.0 0.0 0.0 0.0 873.9984053862344 0.0 63.05525212094888 0.0 264.5254870806258
0.0 0.0 795.433248408842 929.6981588621036 0.0 344.3417655894302 2296.97056091807 646.7914276518475 0.0 24.060725911643065 3287.8450623510785 0.0 1477.9903338767829 113.59833177224803 0.0 0.0 144.01868670089297 2312.813672538463 191.26994683885866 0.0 0.0 480.3653614947444 0.0 0.0 820.7423522327986 272.9247679977937 4438.313875493744 572.3184571628974 0.0 373.48602262089605 134.2989120783349 0.0 638.6590405392564 14907.171421117353 0.0 316.3205630177522 3164.281148533344 0.0 552.1128654565559 336.58227063306174 1254.5194942842495 735.5880848291356 0.0 563.7206025564174 1609.7264949554583 0.0 0.0 0.0 0.0 0.0
162.58749357613974 0.0 693.5545480149206 1513.4211826560959 31.088641821657777 480.92754946720464 0.0 1044.0934335308907 0.0 0.0 0.0 897.5893224974142 1320.5391772904622 0.0 0.0 451.1539786675143 204.66326875801067 2839.3511677244596 0.0 0.0 28.628595747064313 836.7340235933392 517.8709665798692 288.36477220855045 0.0 331.7500330953118 0.0 522.1376706150295 0.0 0.0 281.7667610335269 0.0 0.0 11792.900554362966 256.57551582315006 386.8158805807359 0.0 1799.6231741905378 0.0 0.0 1176.082318852889 0.0 0.0 0.0 1742.7328159123354 612.8252477107469 216.8942992225812 0.0 1412.3276329661503 144.7937426232877
158.21001281726834 0.0 0.0 1567.5634367142732 0.0 699.8716437793165 0.0 963.7548906346639 32.269890926898036 0.0 5265.377178975981 925.8667505840152 1531.3274949298834 153.0739936080538 712.6174439581323 0.0 207.54906034582547 0.0 0.0 264.02518451662485 38.88220962018728 0.0 0.0 0.0 725.0368110761251 0.0 4842.127245281864 421.99313560305836 531.977900615549 0.0 0.0 242.92830610647184 0.0 0.0 0.0 0.0 0.0 0.0 0.0 0.0 1808.4424247675192 0.0 306.4442250443706 509.2052772512616 0.0 669.2009524981357 0.0 49.727955476250486 0.0 0.0
0.0 0.0 808.7276698384571 1136.000304015203 28.871894362656473 0.0 2932.7637062480776 1039.0228845028337 0.0 0.0 0.0 0.0 1489.736275514738 162.61090871071113 529.2724907666634 654.3067037470236 255.52474744297993 2945.3409219074924 326.7422124728913 0.0 31.747234692697873 0.0 0.0 341.00919606616395 891.0036898079913 0.0 0.0 565.6855440881919 0.0 458.7955462096038 238.6494073237739 0.0 534.6727993351908 0.0 358.64041325333864 0.0 0.0 2149.3356902477763 913.7681767580658 367.499669501839 1704.0932877195562 1400.2157298485272 0.0 0.0 0.0 1023.2380880799484 213.21468224419166 47.11578460055482 1664.3652129585394 0.0
152.99768346037112 78.3944140468374 690.6144774895263 0.0 29.347532562964567 595.5381793667591 0.0 0.0 30.751449776851913 29.111089772455284 5290.506073011089 0.0 1464.884546972588 120.41605040387918 0.0 514.2755656416214 237.53862435282892 0.0 252.53533856219002 0.0 35.07722079769781 683.7444063305733 0.0 0.0 0.0 0.0 4604.002112416247 0.0 0.0 0.0 265.83628610579615 339.1095674712829 0.0 12578.794332915888 0.0 0.0 0.0 0.0 0.0 0.0 0.0 998.3401459362476 0.0 513.0576954891983 2164.133708690304 0.0 242.35721140525214 41.63774708813948 0.0 190.86438710050064
171.63332872208667 95.05813603699784 722.1173104368004 0.0 0.0 0.0 0.0 1058.7316369751861 41.135121333707126 29.889495379451567 5332.819377041553 798.3957333965333 1544.3083923351676 152.37822813242667 0.0 493.6033916344987 297.77649826241003 0.0 0.0 208.03666350061823 0.0 897.0474171820875 0.0 346.8537456801193 1009.8442330600172 356.0779530647281 4005.07683852096 0.0 0.0 0.0 0.0 0.0 0.0 14534.731996639166 0.0 0.0 3500.2944512905124 0.0 721.1641339017875 0.0 2158.2119033249223 0.0 0.0 492.4813681270863 0.0 773.4743396826796 229.96321947789477 0.0 0.0 259.8713848174187
0.0 54.46046860683229 0.0 1204.1553006028585 23.276657725454612 456.09575595026274 0.0 919.0775955982339 0.0 23.882018102663185 4150.404435480914 920.3449076421218 0.0 102.63318583959449 0.0 457.1166294281584 224.17551876498015 0.0 0.0 131.46437425815927 42.57222239960038 0.0 288.3464130682672 0.0 825.281088199097 347.082919073226 0.0 0.0 418.35754758429243 0.0 0.0 340.22499074122527 0.0 9534.622989554087 0.0 0.0 0.0 1674.3048737916076 583.577301541349 0.0 0.0 776.9189785993101 228.2543991557458 438.4798599910668 1779.3926544146336 451.75645314299504 157.86475417387112 47.07830539039079 1232.2191671846217 0.0
145.76336193082582 0.0 0.0 1320.8754608600116 0.0 0.0 2871.266727281579 1378.4758293922557 19.834386069637272 0.0 6075.070380372443 954.1750984200439 1940.0303362660156 0.0 0.0 676.0119676956655 0.0 0.0 0.0 185.30329762631945 41.621934708374525 888.9160428158301 0.0 251.55868251253744 909.7939050234455 276.4567440011126 0.0 0.0 0.0 590.905790451067 0.0 282.48905790013123 0.0 0.0 0.0 404.6057018113546 0.0 0.0 0.0 336.0582851559587 1210.3797171226504 866.9530028456428 189.74356428821542 600.9609999566635 2171.396847645807 0.0 0.0 61.66248766200076 0.0 0.0
0.0 0.0 0.0 1319.3322928719422 0.0 0.0 2227.7998629463373 1132.4001510177195 30.208411603693012 33.94738480088574 4078.961550458084 0.0 1199.8038243873198 0.0 632.8153339343353 0.0 0.0 2122.449495903353 263.39000340206593 0.0 37.327350385982754 0.0 0.0 288.68682364223196 741.0913955569301 262.18190713270985 0.0 0.0 339.32397396320624 405.2947314713801 205.6580270232086 259.9716103101972 0.0 8977.692643004664 216.97912426068552 323.33697405874784 2674.9103141251057 0.0 0.0 0.0 1317.9402486724293 862.7414191178935 206.85490487634445 0.0 2238.018589858144 559.5076545783677 219.9545659185571 0.0 0.0 144.66093450525506
0.0 80.32917831000282 719.93841900521 0.0 30.20789193970903 0.0 0.0 965.1805233078328 0.0 25.424206162010773 0.0 735.3408762146092 0.0 134.3753320694555 614.5227563362079 0.0 194.45891571678033 0.0 0.0 199.85445384159854 34.37988621556359 668.0792954390929 0.0 285.9654792146631 841.1711534500419 0.0 0.0 0.0 0.0 0.0 171.45385701151585 295.04138946844483 582.320889955748 10221.484202528365 367.81846123157413 310.81740283751685 0.0 0.0 624.7684053532033 0.0 0.0 752.0704172500307 238.8048640461289 0.0 0.0 0.0 227.14852893281804 37.4088661982086 0.0 228.82147264274286
0.0 0.0 0.0 859.562943926431 23.812651168666225 0.0 0.0 0.0 0.0 18.70651540918895 0.0 707.195760615097 1525.6482205129143 109.10372920383328 0.0 247.85542287552886 0.0 1214.7036284100277 0.0 147.44196646396156 28.713973576664774 606.9495313623959 594.0741283197173 160.34198080230672 621.7655403473126 0.0 0.0 0.0 0.0 0.0 184.65822776267373 222.0509043804813 396.72105305187324 0.0 170.18831157728567 270.21864252307876 0.0 0.0 0.0 0.0 0.0 0.0 0.0 0.0 0.0 678.9950553153379 0.0 0.0 0.0 178.97995992673268
175.65137821105728 0.0 776.7174652960252 1846.256326219497 44.501410734445614 597.4577867777884 2706.943426766391 0.0 46.03255468384843 0.0 0.0 0.0 0.0 168.42299420175297 852.175590161367 748.69178701059 0.0 0.0 0.0 295.0219276311603 46.99177326174121 0.0 615.3832830757076 0.0 0.0 363.9922025610282 4412.055362055067 622.5277635011187 0.0 0.0 0.0 326.25615096020374 0.0 0.0 341.38324161905524 346.29631941956296 4277.496256179448 2212.8041710393027 0.0 0.0 1525.6544204883521 0.0 334.1134939260076 560.7824772171487 2950.286726745487 825.8641699907228 0.0 50.30921523006635 0.0 225.35644572455098
0.0 87.36890428585514 712.8683257179816 0.0 0.0 605.1773200345568 2458.0813704650204 0.0 0.0 0.0 0.0 970.5481519254638 0.0 144.9571132090403 0.0 0.0 0.0 3860.05527636101 265.30715403883744 196.3917160804049 0.0 0.0 0.0 0.0 822.4390219613773 436.21558613196305 5108.3881303778635 633.2375191349277 0.0 566.6883249506141 0.0 0.0 0.0 0.0 0.0 389.8133541953838 4195.859928608462 0.0 668.6953433845258 434.10883525355905 0.0 0.0 0.0 0.0 0.0 0.0 0.0 0.0 1503.3705107878654 283.9484813109561
0.0 0.0 562.2235574970209 1521.6730902058675 26.916506078579808 0.0 0.0 0.0 31.05015743517135 24.04508590520938 4761.579786412889 790.3175128718005 0.0 0.0 0.0 366.1429280352527 182.06069260416274 2482.1175831776422 120.70596065491524 159.9993573278145 33.68512909956667 560.0714467833247 555.1208106559733 234.6592252491211 0.0 233.85420415008733 3627.0692565347226 0.0 404.43193181127117 491.771999454628 0.0 220.6927051320181 488.91479248492084 10345.524726179727 240.25728306104986 332.4890569653304 3395.4272207484337 2086.0884691757396 513.4589817723045 0.0 0.0 0.0 233.738328918507 480.04088746433547 1835.0950083948271 0.0 0.0 43.410511041210356 1253.088519922601 186.2610910737889
95.94448242284525 67.48968442821884 0.0 676.7788540248921 30.709719074166085 688.0445826096122 0.0 0.0 0.0 0.0 3600.8166577134816 0.0 1163.6305613311708 0.0 0.0 0.0 269.6271477458677 0.0 209.42688202655228 0.0 17.59925370955815 0.0 466.2347978671919 284.23006349272475 582.8334157050298 0.0 0.0 674.3209465806115 134.56741271469298 0.0 0.0 0.0 0.0 0.0 0.0 0.0 0.0 1831.4521969872774 0.0 0.0 0.0 0.0 269.96549102783194 619.1081806823845 0.0 0.0 0.0 53.49496569678305 0.0 105.67186754596528
0.0 60.24766433090302 557.9277929800523 1235.5592058877276 28.05549887623782 407.0710154024036 0.0 0.0 23.84153514068314 23.547425206746244 4969.063628839251 0.0 1360.1471439470793 115.1323491031761 577.9102323265424 536.0911848530346 0.0 0.0 194.96419034267413 182.9903371485053 0.0 0.0 0.0 270.08793064049604 938.5766188569336 248.90717297284473 3667.2702399627083 0.0 0.0 0.0 243.34350886564772 0.0 818.80573984172 12663.327777700455 330.1855977068709 0.0 0.0 0.0 649.2427739201231 336.8598842189181 1157.867412196938 0.0 209.0908752364808 0.0 1940.3555307779538 0.0 255.2494452193506 0.0 1173.577249488218 0.0
0.0 87.51943142671263 826.7724672718489 0.0 37.041625204421436 0.0 0.0 0.0 0.0 0.0 0.0 0.0 0.0 128.30843689297683 549.4121608306373 604.0512697882801 0.0 2620.5899605438563 0.0 230.82053608817859 0.0 0.0 0.0 0.0 0.0 0.0 3871.0538867253654 0.0 516.3768119452876 0.0 0.0 308.4998907780032 580.4804371674476 0.0 357.35051517330214 316.58507088818504 0.0 2489.721619785591 696.6953150057087 323.445500299671 0.0 0.0 0.0 526.4139822393789 0.0 790.1481707225516 171.36494358288175 0.0 1447.4868989565166 0.0
0.0 74.21624830869794 0.0 0.0 15.832970746524994 0.0 1851.2683431770927 0.0 0.0 12.969907550942452 5306.27929067075 0.0 0.0 101.67464422886704 0.0 0.0 0.0 0.0 87.28292723051018 0.0 24.82946618669009 640.4316580605243 0.0 0.0 0.0 0.0 4026.5373830814437 0.0 400.7429860646687 0.0 0.0 0.0 535.8319058477816 8685.362300658187 0.0 0.0 0.0 903.5067365105248 482.02412126190586 246.05217369005442 1403.4790663802746 1261.7662668248367 0.0 271.7954990228535 0.0 0.0 150.0649983800306 42.61475206440758 703.0027440874034 0.0
151.14094317463696 0.0 632.3315878712228 1074.1643357486687 0.0 0.0 0.0 0.0 14.789795912967707 17.00551377108208 0.0 0.0 1041.8531450402338 72.43958761990928 287.085297529827 0.0 0.0 0.0 158.42154317635539 99.3794882065066 0.0 0.0 0.0 267.17263877340037 475.18506432373295 206.9905864840558 0.0 0.0 309.15002815706845 241.75496119940266 0.0 0.0 0.0 8355.813476594296 217.28738219331174 227.914216726434 2037.8298674735008 1933.2372050945623 0.0 153.35242008675894 0.0 0.0 0.0 187.24718257232058 0.0 0.0 118.23793690499659 32.819411079274744 0.0 0.0
129.05860561766252 97.8237979063047 601.1668427923572 1123.8839241951648 0.0 0.0 2044.8057549669602 971.1588747421138 28.006978424780264 27.8276059259711 0.0 0.0 0.0 0.0 539.1575829022685 499.69092617612216 215.95207787021775 3523.4921615214535 0.0 186.93871622854118 0.0 753.8373927805577 0.0 211.30498209661923 0.0 343.0624485307507 0.0 540.3633321307891 0.0 382.95210608991346 186.62571006838488 297.05698524802744 684.8451301126634 0.0 427.3408493868024 374.8648403624301 2786.861103057037 0.0 459.50814600480606 0.0 1581.380460561027 0.0 0.0 573.6560333948993 0.0 746.7912314144238 214.23747508822606 44.069624976516984 1401.2718098225337 0.0
188.11543192493946 0.0 913.0411415339522 650.0454199284187 0.0 595.4959611232182 3445.2036391375837 1372.2433557114591 37.749091747320485 20.256318589426822 6080.729738904474 0.0 1413.764731320664 118.95470777554449 413.4306888620822 0.0 235.55553146716957 2196.150189394827 300.5152502305904 187.39677779705485 0.0 0.0 0.0 0.0 0.0 0.0 5176.707142969228 0.0 451.28278648461156 0.0 242.06716054583006 0.0 0.0 13113.70397988133 0.0 0.0 0.0 0.0 0.0 0.0 1829.794755535419 0.0 0.0 546.3458004496774 0.0 0.0 173.18122336115832 63.403639947986676 1932.6399738380194 233.53959148121382
149.53120965151697 0.0 0.0 0.0 0.0 527.9652015252344 0.0 873.8343234349618 0.0 33.291955460379086 0.0 0.0 1293.0378624092423 0.0 0.0 0.0 197.00494670082435 0.0 284.0530667772757 0.0 38.491584595284216 0.0 0.0 286.56333092936256 0.0 0.0 3817.167463231763 0.0 590.9841765159251 0.0 215.01070249005267 0.0 0.0 12175.816460659513 0.0 0.0 0.0 2590.036224756537 0.0 0.0 1516.612113940469 0.0 0.0 412.0670486014833 2360.82240467088 758.8798438975374 0.0 46.97160929776351 0.0 0.0
0.0 0.0 0.0 1041.7228715752703 0.0 415.4156225883951 2147.795857864182 1003.6544997593845 0.0 0.0 0.0 0.0 0.0 149.3371835913332 0.0 0.0 204.3324538731018 0.0 0.0 0.0 38.29719242166345 488.642076821067 404.18175548778026 238.85771822666428 566.1764753486923 283.53230384332187 4211.312310737319 0.0 457.8140705922867 401.5299419284623 165.4371099300368 0.0 758.239930613845 0.0 194.03305863948717 0.0 3563.5876410528303 1918.1596091032197 627.156284251159 384.6201452913556 964.4083751211049 1078.4638768373165 223.22656479675527 0.0 0.0 0.0 0.0 0.0 0.0 128.64124203402991
0.0 0.0 0.0 0.0 29.571554576693675 638.9982045503489 2392.321174409193 940.3177555140098 0.0 0.0 6189.212499711294 880.1594422550228 1302.8362831625207 0.0 0.0 0.0 265.9827153198532 3325.1539618126085 212.291693225379 224.3812414345962 0.0 871.0733285887409 449.60721675483137 289.15159089466357 727.4661714134555 346.8633969751181 0.0 459.8575369599871 0.0 0.0 0.0 258.8104892321547 833.0439401991345 10744.537011344608 334.3205887308054 412.6134156545036 0.0 0.0 0.0 0.0 0.0 0.0 286.3071926038932 530.281538674723 0.0 0.0 0.0 46.003006219857596 0.0 247.95709008133335
0.0 113.77732694992434 0.0 0.0 0.0 602.4727523254578 0.0 1205.8239337004993 0.0 30.89542932110662 3251.180149776074 0.0 1951.1368472514487 124.54519864482107 0.0 487.46617191018436 0.0 4176.14708677807 311.2261063478878 0.0 0.0 719.3173392187925 654.131447858986 362.6609749337108 810.954566706775 0.0 0.0 0.0 601.345468407083 0.0 195.62210812452543 339.58752629023473 623.3933154977021 14990.610502083848 0.0 382.87932490576145 3935.3421921655545 2088.594993948307 563.8639251457997 0.0 2126.510421704347 0.0 328.82190745714536 0.0 0.0 732.4383911768093 321.723544992503 0.0 0.0 0.0
115.80796567542306 55.80712179377902 0.0 0.0 25.80535226739926 587.8441365400316 0.0 985.0770635358052 0.0 23.852518427014544 0.0 0.0 1580.3328661447435 0.0 0.0 557.0400281282429 235.0553978790516 0.0 0.0 196.07853991345672 0.0 881.1522063303894 0.0 244.7854747592572 857.8992439973046 0.0 0.0 504.97784860699926 0.0 0.0 204.04885096238746 0.0 625.205028609288 12330.377049933528 299.04800623964235 0.0 4347.3663432501735 0.0 0.0 334.31441339686495 0.0 1222.7070792024515 244.06176457430718 458.02384521213577 0.0 706.9558331260034 0.0 0.0 0.0 0.0
0.0 0.0 702.8174546180948 0.0 23.638818458599605 0.0 2664.8070264290163 0.0 40.348426580517554 40.17059661151728 0.0 0.0 1720.4333996527987 0.0 0.0 0.0 0.0 3892.666392323927 256.0680156824208 0.0 36.68247184380623 0.0 523.2958310911013 0.0 0.0 492.50634624914227 0.0 0.0 407.8608956130441 0.0 141.65973381171287 330.988668845892 0.0 11482.197135186769 0.0 404.54941695977806 4118.607290734402 0.0 790.762314520881 0.0 1556.194683728271 0.0 0.0 497.76138650371087 2673.040883263216 0.0 0.0 0.0 864.4510097499596 0.0
168.7348421275932 0.0 621.4385670340819 0.0 0.0 586.9664321087381 2822.526504274959 0.0 43.204921355712074 0.0 4689.455338267807 0.0 1204.5022576763877 0.0 621.3214142140185 0.0 200.35620773033654 0.0 280.8353840183639 0.0 0.0 0.0 699.3630041207166 0.0 0.0 0.0 0.0 0.0 576.4860022131631 580.113202160868 0.0 322.1385787819233 332.7629096518246 10741.78583768004 424.59652432182395 0.0 0.0 0.0 0.0 416.4867454680356 0.0 0.0 338.2851190341384 592.6008376169282 0.0 778.9545059657191 219.86407661772853 0.0 0.0 0.0
0.0 0.0 0.0 938.8025319751283 30.709704108751822 589.0031494572838 0.0 0.0 0.0 0.0 0.0 740.5262764725203 918.7335755208742 102.6233414235379 696.7039295018321 438.19769976283794 204.35700466714115 2669.4137675359075 0.0 0.0 25.94327300003849 0.0 0.0 238.03973417194248 0.0 288.8213691056266 3880.52155377183 0.0 450.50895588461657 0.0 221.12138028405056 266.6707785100988 0.0 0.0 0.0 245.93537990536862 2701.985672101317 1588.5700332040187 0.0 331.0953835556826 979.5580845532686 0.0 263.464530302166 453.59497673478626 0.0 0.0 0.0 0.0 1347.6591563220968 0.0
130.6130418282962 95.54828589249615 767.1975902234911 0.0 39.53072243876192 450.97394682254844 2746.04645508524 1006.7937750523749 46.63117647640803 0.0 5229.539692771561 0.0 1510.8313657004533 0.0 0.0 0.0 0.0 0.0 189.28938835373663 201.35311350255796 37.64928458098552 0.0 0.0 0.0 698.3915781219596 241.64702644068666 4068.24760491909 0.0 535.1060817585112 338.2393720401974 0.0 0.0 557.4200389840404 0.0 339.39255313292307 0.0 0.0 0.0 644.1918968732922 344.4141345712581 0.0 0.0 0.0 340.8504942803292 2587.1197548370674 996.6059274917495 238.0899146647572 0.0 1416.8737496079677 0.0
0.0 0.0 717.8300010933466 1055.8263878926418 35.13100612826822 0.0 0.0 1363.1224487338477 0.0 0.0 0.0 920.4303766185744 1427.3032369375355 0.0 0.0 616.1796441588335 279.49300831969447 2706.6281014032484 0.0 214.1597350225608 0.0 0.0 515.0093525218108 0.0 0.0 358.8855244842342 0.0 0.0 528.4172005495333 0.0 216.53630746494488 0.0 744.7323328370035 14367.096620294538 336.58730332648895 361.06749333279015 0.0 0.0 0.0 242.35630854079153 1913.2613610755898 1297.0776684711925 278.91852609966696 0.0 0.0 847.2006529340899 0.0 0.0 0.0 264.81267561849944
0.0 0.0 731.1076651835923 0.0 0.0 0.0 1868.4027255216972 941.4672982106864 0.0 0.0 5500.776254599111 0.0 0.0 93.89186367249167 0.0 0.0 219.73225182542635 0.0 256.3973251369714 190.20802037860213 30.12769983846619 508.14010237954284 489.2640712042537 242.005161482177 673.3198976377497 0.0 2975.4847046158975 0.0 323.52993564083926 555.5850001102837 147.17200549290556 204.28826491182815 0.0 0.0 320.81694597468254 0.0 3357.2603893210085 0.0 0.0 0.0 1689.5330597663155 0.0 0.0 0.0 2100.365201187818 0.0 176.3314489059832 54.604784667757755 1250.8797691806021 231.6981021200257
190.08048935557704 0.0 953.2844527459054 0.0 0.0 623.0773828857849 0.0 0.0 41.08404750092222 36.596544544999546 7713.008228398328 1100.1583230037406 0.0 0.0 0.0 0.0 0.0 0.0 0.0 288.8401943144647 0.0 0.0 593.506308903512 0.0 0.0 449.05583698869845 0.0 0.0 539.6527279279508 0.0 0.0 467.7712664712001 1055.7209154339089 17248.55762551999 438.0722149449861 431.37785347482946 4563.278468506113 3178.0422490682245 0.0 0.0 0.0 0.0 0.0 0.0 0.0 0.0 0.0 70.57662859092041 1853.7528787660058 286.62586558874096
0.0 59.033058415530576 0.0 1093.5154258648063 33.197395751552406 0.0 1456.538545162946 0.0 0.0 23.527602499107644 2341.495424146593 0.0 0.0 0.0 0.0 0.0 0.0 0.0 137.27195980793888 0.0 0.0 0.0 291.42597602229 0.0 0.0 0.0 0.0 311.1830327734938 257.79178676377325 141.07641517113933 0.0 0.0 306.78408197468355 0.0 0.0 233.67669400798275 0.0 1663.2954244894477 0.0 195.51431591649927 1330.4639194806505 0.0 126.3897001215813 0.0 1150.2372586642628 442.0800529077756 0.0 34.60675807707548 0.0 0.0
166.18805090975448 111.77285709103953 0.0 1562.8593395682901 0.0 0.0 0.0 1089.0306343368763 0.0 30.59283073870463 0.0 0.0 0.0 149.3107290085333 0.0 546.2108461474392 217.23381654118097 0.0 310.1360948834381 244.59806007549653 47.36953083018581 0.0 596.5691334650771 0.0 0.0 395.8646885738958 4657.377653520728 0.0 0.0 0.0 273.6113992955344 347.5842024179147 0.0 0.0 0.0 345.4506487157151 0.0 2601.4762094367516 733.0764192937908 0.0 2027.986099389287 1319.5040184907207 275.62893956425074 0.0 0.0 685.242251809611 215.28078382624113 52.49578581611578 0.0 249.92875444302433
0.0 0.0 423.22464698508327 1387.0153007242097 20.534147500296037 0.0 2608.3975749031115 909.2523706014483 28.059701193622175 26.115309435021874 0.0 814.961706352696 1764.4054180064104 0.0 0.0 587.6514592434298 0.0 3056.7402431163346 261.25522241593245 180.28639194009762 41.365751526484374 0.0 0.0 353.0575541957006 0.0 326.05034290994496 4651.590655717915 0.0 0.0 467.63765603433154 188.11931187891597 318.152817941305 725.0367899134421 0.0 0.0 380.2674508701523 0.0 2475.1509230989113 0.0 312.293475769383 1301.5141611588942 0.0 338.7159929727821 0.0 0.0 719.7468840237877 0.0 48.57217574346049 1794.337692359222 249.48556491413794
148.28838897279917 0.0 0.0 1447.8131445852162 34.09172338026118 575.5959943571428 3194.1484288947777 0.0 39.261619092356185 0.0 0.0 927.9122377010938 0.0 166.05759145795784 734.624126384676 0.0 0.0 2490.6522280560653 202.8645145660424 239.49025181486206 33.644835498594496 956.2127486037036 0.0 358.6166296629438 0.0 0.0 4816.750541306359 0.0 295.05675610814166 449.9452077305513 0.0 366.60217485920833 0.0 0.0 309.5337360867965 0.0 0.0 0.0 0.0 0.0 0.0 0.0 0.0 0.0 0.0 713.305891841911 225.0478053012675 0.0 0.0 205.77665980344477
174.70629700310326 0.0 0.0 0.0 0.0 585.181330196848 0.0 1098.1540994780912 25.55130882537829 0.0 5550.555780024362 0.0 0.0 136.27794653586037 488.9547503874793 622.4637954807649 237.7035397501858 3798.1889678345883 224.7311726157664 0.0 41.542926713266894 0.0 0.0 297.6776026619975 0.0 340.4449028523489 5302.923016192593 0.0 459.71023032508344 0.0 229.08681357415108 0.0 797.0899435795739 0.0 348.5574660441969 311.5352152388199 3572.727771211277 2478.9810912680364 849.084276644798 313.65455032181666 0.0 1348.543163155207 0.0 0.0 0.0 0.0 0.0 0.0 1295.82486787713 288.2450826737619
140.9959809055915 0.0 716.757161193755 0.0 0.0 0.0 0.0 0.0 0.0 0.0 0.0 727.3834301493894 1415.2137006637229 163.02708660544147 561.3957520777325 0.0 0.0 0.0 0.0 165.71906149294608 34.85755641461914 892.848850241973 420.09968126192484 297.5340580836568 761.3343398082872 284.31721417355385 0.0 0.0 427.12142689297525 0.0 198.45208613351255 0.0 0.0 0.0 295.1747694165628 0.0 3437.616373515057 2018.5822537880028 624.9642785785579 208.72927008162583 1767.6485158830733 0.0 0.0 567.7629703940323 0.0 768.191137194967 216.65462192302206 0.0 0.0 179.07691434429157
160.6838299901555 0.0 693.0297024491086 1365.068464198243 27.37297780723382 0.0 2557.8830848507428 0.0 35.00746851281842 0.0 6043.315597333585 1059.277152736813 1524.4716275001676 0.0 0.0 608.3999207844869 276.732347285793 3493.7004502664117 0.0 234.53008517490792 46.97268914095355 802.0128351919633 527.9189536442707 0.0 869.5990420310776 0.0 4974.606126040576 554.2348710327941 461.0804875030004 544.4861325871663 0.0 320.8019870516907 0.0 13993.403916519022 0.0 419.1859644838513 0.0 0.0 875.1188817580396 372.30983178832975 0.0 1253.4341727450933 0.0 0.0 0.0 0.0 216.58514114754036 0.0 0.0 0.0
139.00427902719042 104.06817430121377 0.0 1496.3262988948618 37.7657785918703 0.0 2833.6609274328057 0.0 0.0 33.465821678604684 6708.609983242899 0.0 1819.9538310418195 189.75479429069054 0.0 0.0 0.0 0.0 300.8942813402622 189.2838939600062 40.11099587072037 0.0 544.7298265465847 296.3520099225585 1084.9164076176667 300.2351967676032 4265.090707733501 0.0 0.0 715.0606450718644 254.33212754100163 0.0 0.0 0.0 0.0 446.6197897504185 0.0 2532.953459796878 820.5390838009931 343.31088371330986 0.0 0.0 264.5196302042648 464.1857584971084 2594.136656812905 0.0 0.0 0.0 1454.8659213961914 261.15926043108954
166.16408074937584 0.0 0.0 0.0 0.0 720.5793776386324 2588.9850976510534 1199.4717755973102 0.0 0.0 6755.912730702633 1158.8027109815275 0.0 0.0 538.6216368796122 557.7333164737548 249.4628913865348 0.0 217.01084080336977 275.21779098011854 0.0 0.0 0.0 389.3641633733448 0.0 0.0 0.0 0.0 651.4741265466955 0.0 252.0407969799533 0.0 778.9314503338147 13649.236034856127 0.0 387.311742340396 0.0 2831.805244530594 0.0 0.0 2136.357234226826 0.0 0.0 548.53821331517 2695.2203008215774 0.0 0.0 57.97949619218433 1883.7381903146593 0.0
119.07919349564862 0.0 624.2804007306296 0.0 0.0 0.0 2005.8281839164845 0.0 30.172507916060585 23.06080149215487 2767.7007771437934 613.9794068217223 0.0 143.08278602882643 0.0 0.0 171.0267174142326 2901.2336755850565 0.0 0.0 0.0 0.0 0.0 0.0 754.3314474858087 234.38133434477206 3539.6962763983474 0.0 0.0 662.6048498705092 0.0 298.44915997275643 715.9361526733783 0.0 257.9812189731314 0.0 0.0 0.0 614.9532904678904 232.44272213420814 1938.6539831489783 0.0 0.0 0.0 0.0 649.8885288852989 129.8767318518025 0.0 0.0 0.0
0.0 98.23175900830333 0.0 1559.319821662062 27.23343022587295 0.0 2467.9440035093576 1455.7751770835653 0.0 37.38266488102 5763.092660251645 1042.8942671096095 0.0 163.37825430688687 708.2173286748218 633.2370900961655 0.0 0.0 266.7315387791216 278.3785157041457 49.25386494653084 0.0 604.170843818285 339.4348354760291 0.0 413.4444365267211 0.0 693.1475911440723 0.0 0.0 228.01746561212175 363.5306730693463 838.1732401322454 12102.682398246006 390.1728543846496 0.0 0.0 0.0 707.5691712456328 425.37876797852147 0.0 1018.5672594302266 0.0 605.011203494395 1786.4756996350225 769.1435487644411 0.0 0.0 0.0 230.50668843532355
0.0 100.9140627129274 0.0 1748.464323450925 50.445065920971636 738.0125957975463 0.0 0.0 0.0 37.41871322074309 0.0 1006.2838247369305 2302.804722513863 0.0 0.0 0.0 0.0 2640.653854337842 229.45141682745736 296.33442310759284 0.0 1093.0184649906782 499.3502525500921 320.6250114481037 1074.6407445760015 0.0 4020.7246259567514 0.0 0.0 0.0 261.80599429053325 434.0125197472946 907.4337010390323 0.0 0.0 0.0 0.0 0.0 0.0 392.6618579353797 1419.5188864541983 1205.6724663363307 300.369951132175 0.0 2386.861618661527 0.0 321.3455008968169 0.0 1327.991254246718 298.2176673176533
69.92471196057072 0.0 0.0 0.0 0.0 343.66304439829867 2559.4085627999007 0.0 19.863834386430582 19.743736497762264 0.0 0.0 0.0 0.0 529.9987378448038 0.0 169.64076055088702 2202.087406677435 216.40182260899746 152.18338750715895 30.96351392143753 0.0 0.0 0.0 768.6011653003757 223.28039347659063 1586.6917795755799 514.7281243449241 442.4480207259262 437.21718652866036 0.0 0.0 734.9035082644178 0.0 316.1145004967934 0.0 2243.6893019868303 1423.3111177721667 586.6918850182477 0.0 0.0 0.0 266.2788337883977 308.39701151204923 0.0 0.0 0.0 37.804237521335715 723.488330861361 0.0
0.0 0.0 653.7883887046203 0.0 28.025194286916214 624.2454523496186 0.0 901.2531559522815 37.32784981162234 33.258595531402634 0.0 833.6593094173028 1108.656972619692 0.0 0.0 0.0 0.0 0.0 0.0 0.0 43.689578944764456 0.0 538.4500323989379 300.1322103767004 0.0 326.38020603791205 0.0 516.2537224182105 0.0 0.0 236.819852879484 304.73138270268237 0.0 0.0 310.5433324548071 0.0 2963.3850274712454 2270.8987718848343 588.1419520295108 0.0 1750.9534090328868 0.0 243.17176902939707 0.0 1964.135645162364 0.0 222.58302980195884 0.0 1549.4486641098506 0.0
0.0 0.0 0.0 1519.1658733661068 35.97274593552789 459.86840213604586 0.0 1243.6079610960821 31.906597964250306 29.423245856740202 0.0 878.463721830092 1823.9514120365552 171.66936966169357 0.0 495.8576501627525 0.0 0.0 320.5111611749343 202.16701009616213 50.49865661980109 850.2840030816085 0.0 295.08059562537517 859.8769399089401 331.6582463069877 0.0 728.7017340119285 0.0 544.778023373381 251.17397055915103 253.02580961800678 608.5834486840173 0.0 0.0 347.79167374410383 0.0 2890.965381454021 0.0 368.92664022879035 0.0 0.0 0.0 685.677745624523 0.0 0.0 0.0 0.0 0.0 0.0
144.0704687455586 103.11467724772976 0.0 0.0 28.907004025241346 0.0 0.0 0.0 0.0 24.14126416629731 6049.253790107378 0.0 1465.941593109899 0.0 0.0 460.9200482827307 0.0 3064.250248268717 217.2229072154362 149.28548493892586 35.40120624645803 0.0 372.80205652423734 0.0 0.0 0.0 0.0 0.0 395.46288216699884 422.52201619514824 0.0 0.0 0.0 10817.09304474773 333.76361908095487 314.0905367993296 4118.355825858711 2223.8260331920856 0.0 354.3543349893664 1533.9279719250262 992.5941582125089 0.0 502.610818971008 1781.872230358591 738.1497364434941 189.22107282580555 57.59829638317496 1121.320262324773 225.864360866183
133.08547407866416 0.0 0.0 1056.6460920729867 0.0 0.0 0.0 0.0 0.0 34.18781993689679 5358.412303553502 917.7563201209135 0.0 0.0 597.9407693976315 591.0239585761102 193.2693993509095 3152.7727229708144 223.4383504332218 0.0 0.0 0.0 0.0 284.06576660414646 0.0 313.4836757636491 4248.684339874906 0.0 462.4585730257719 439.0933418989304 205.1252951813174 0.0 0.0 11851.108961892758 0.0 336.6952406348625 3876.423386893262 0.0 0.0 0.0 1533.4187943458328 1190.709714554196 280.9567951317376 432.7492585016214 1884.5101536774052 779.513678921831 235.81152196596017 0.0 1357.2700703245855 201.89657880929445
0.0 0.0 0.0 0.0 0.0 374.7615285271379 0.0 1295.4680109421395 0.0 0.0 0.0 712.4291940260741 0.0 0.0 378.7165269996482 651.7623853856709 0.0 0.0 249.03819054245486 0.0 28.340604695345306 846.4514138955404 579.7054235062726 204.12461686909506 795.6272813293208 306.1619106923384 0.0 0.0 0.0 322.9912684315534 200.1165020860077 246.28354321686732 0.0 9646.218448714972 0.0 0.0 2405.6381193014354 1304.044020083158 351.7638418693721 240.3563796976092 1179.178281281216 0.0 0.0 0.0 0.0 0.0 176.10292541574114 46.007477453331106 0.0 0.0
69.2958395227269 0.0 0.0 0.0 28.402648324599024 0.0 1875.0856692496168 0.0 13.879184173402974 0.0 4917.107403529353 934.5172545320426 0.0 144.38691572376607 511.89226551040446 676.5385287605419 0.0 0.0 0.0 0.0 40.862588547844936 0.0 0.0 0.0 574.5775494800258 0.0 0.0 216.38060027590953 575.317236375068 607.4289759951757 0.0 0.0 527.8209545070556 11897.522486008018 280.89808824679426 0.0 4331.130001311549 0.0 781.2493553706511 279.72141217366146 0.0 738.497912028047 224.4771240308887 0.0 0.0 899.2827177282046 281.08231659420164 49.57825121806012 1318.443354585093 0.0
0.0 0.0 673.1751805333042 1267.9225118814497 0.0 0.0 2182.1177583864337 915.7025372417258 29.134738833637783 33.74633265551891 0.0 0.0 0.0 117.00222491824138 460.9998603563622 412.17131913712683 229.82633864121902 3132.3054536344453 0.0 0.0 0.0 702.1547371162775 0.0 280.04455399926695 943.6930090234986 294.0466912532629 0.0 486.13633902316474 425.53807007128023 0.0 0.0 354.3752193276836 564.5692744680081 0.0 248.21838259925863 0.0 3883.8876042445772 2081.8064850736655 0.0 294.69013395298424 1573.287474220994 1024.6604787559731 275.8272259832997 0.0 0.0 0.0 0.0 0.0 1396.821794160908 168.81141038699255
58.132554980053 0.0 637.7962162493319 1318.0364438470178 0.0 397.06633823825786 2211.322363949843 0.0 0.0 0.0 3258.545939229214 0.0 1326.55423618858 76.426622409683 0.0 0.0 229.4905753373987 0.0 210.86429523611014 181.0003839129089 26.742816677018666 541.3258692613309 419.64841847892706 0.0 0.0 248.3871126833689 0.0 317.26796523036217 390.8228680734254 461.28974747811895 123.42204035574207 0.0 479.3752149132286 0.0 0.0 275.21712826717305 2545.562803612282 0.0 0.0 309.40595062608514 1022.456825997733 0.0 169.5407985650021 0.0 1628.1776699537572 733.7538470747179 0.0 36.84978119179654 749.3993234712254 161.26001155618445
154.09624472037703 73.26451597834381 723.2972439116204 0.0 29.068566709209293 461.0000356405369 0.0 0.0 0.0 0.0 0.0 846.8637530494846 0.0 0.0 0.0 462.24864209382065 0.0 3312.014088194814 264.4155503170439 193.40543372949645 0.0 984.0368534027018 0.0 259.5096479586424 950.0155483194544 311.61188276769735 0.0 0.0 615.5911877322237 486.31485224459254 255.80749899725774 0.0 0.0 0.0 279.9964796044274 312.17820509560227 0.0 0.0 0.0 0.0 0.0 1143.9877364468844 311.1394212911313 0.0 0.0 0.0 0.0 33.433431543732134 0.0 0.0
169.29384912046345 0.0 0.0 1619.700273479331 0.0 0.0 0.0 0.0 0.0 0.0 7863.7485097319095 1273.4454182134284 1476.0498331905744 0.0 764.2874598017622 659.1518852529898 239.0615243891882 3459.5930894772714 0.0 0.0 0.0 743.6417525066237 624.326347008324 0.0 733.7457325551995 0.0 0.0 689.4404586622268 0.0 498.7860930147132 0.0 342.00785643617667 779.3060287356178 17082.449282556365 403.036391346714 0.0 4097.960500908204 0.0 733.4900893414641 0.0 0.0 0.0 0.0 557.1456299076182 2845.598189579934 0.0 0.0 0.0 0.0 218.39890552369536
172.1755946791417 0.0 0.0 1752.9980586659594 0.0 807.0719038068039 3400.0579495025413 1291.9316937941592 50.41821746270774 42.658118312623145 0.0 1358.2880614078595 0.0 180.64917190800244 0.0 0.0 284.03434839129034 4004.2242625972185 349.17081548615715 253.32942449186325 48.912345399962874 0.0 828.4289968555396 438.78752081143284 0.0 613.9120504087057 6199.41069109289 0.0 0.0 0.0 0.0 441.66397013309074 833.4449424912495 17093.736226574998 579.8651728099502 0.0 0.0 3119.829967468201 0.0 415.9838550423709 0.0 0.0 356.23457279245446 0.0 2951.4851559997032 0.0 0.0 53.67300894835368 2232.343877319323 233.99210207863533
176.55008731432187 115.37658802863275 0.0 0.0 43.097359859276764 0.0 0.0 1299.6862899973166 0.0 0.0 0.0 1631.2668639835379 1951.3881774730899 174.82474418142112 860.7783494793664 0.0 0.0 0.0 314.9767530509792 223.2022604216991 49.93873339050063 935.1089682779694 0.0 441.7166589916134 0.0 483.3329053138728 0.0 0.0 745.0282407490208 789.7533532221961 389.4546271430121 0.0 0.0 0.0 507.23495418234756 604.3667394571971 0.0 3085.3111078527804 0.0 0.0 0.0 0.0 366.9615959330572 0.0 2159.6577372597976 0.0 297.32577889663935 0.0 0.0 0.0
0.0 107.26203223765444 0.0 0.0 38.94341591280743 678.5846851388604 2420.7598496724904 0.0 0.0 39.71405487908328 0.0 1114.4718746969652 0.0 212.9275223883221 511.7103688731753 0.0 228.02133968184916 3318.4125064505633 0.0 251.54780031844177 41.15723616143016 0.0 0.0 255.9588085479931 0.0 0.0 4876.586942991758 614.2650969040421 658.6425600993977 312.39508311796374 258.51435315861283 0.0 649.7635863403636 0.0 0.0 0.0 0.0 0.0 806.1759475296511 225.8098244787424 1453.1477641449173 0.0 343.8338301692481 0.0 2336.322236024223 0.0 240.0140328052848 0.0 1297.7422319979544 0.0
142.76170508183554 0.0 552.3101061999604 0.0 0.0 0.0 1849.6952291967502 891.1615726259275 0.0 0.0 0.0 0.0 0.0 0.0 0.0 0.0 0.0 2877.941011847204 231.44249275568097 198.56536169767548 34.8670160905967 502.73152593184795 590.6214375045387 285.5967240742924 517.1344327280127 218.91391970008766 3528.0783056136297 414.6000108647902 236.61603832459812 0.0 0.0 0.0 550.0266520135197 10209.202922258015 0.0 0.0 0.0 0.0 0.0 0.0 0.0 985.4903469325009 0.0 498.06023951328535 1793.0988910825486 372.6061831526819 0.0 0.0 0.0 238.72715485993777
134.79120622364238 76.54074890972707 0.0 0.0 0.0 602.9042344944212 2658.6671670969927 1090.2401880096809 0.0 0.0 3903.666395695534 0.0 1187.689514740765 163.13281342165374 744.7821430603449 544.5487735190316 0.0 0.0 323.6494561488332 222.8459686878413 31.75022947850505 0.0 527.6733367831333 314.88405510841625 0.0 0.0 3380.1570414851685 430.613973763441 0.0 0.0 236.29193637609959 328.2661298554687 0.0 0.0 0.0 373.2720267856266 0.0 0.0 0.0 0.0 0.0 1053.5046301135774 259.89213671444014 0.0 2246.5937328945183 776.6052685023515 229.49341972104827 48.29265624190861 1655.563062013936 0.0
166.99935220333674 115.84196683448171 0.0 0.0 0.0 552.6898543234737 0.0 1097.7873911285649 0.0 0.0 0.0 1170.3760348568505 0.0 0.0 688.0033066683077 0.0 250.78482589245834 3246.2664914597785 329.10206875438456 0.0 37.83318968677354 945.2432562180538 513.0548716076992 318.95424437042095 0.0 439.42761794294216 4929.7636772367405 0.0 0.0 508.9706903667547 197.42446847359963 0.0 709.9711503706064 16584.23422228561 301.9019237962028 0.0 0.0 0.0 0.0 386.1620319553232 0.0 0.0 300.8088045255185 0.0 0.0 952.8613260752167 0.0 0.0 0.0 237.0073985654894
0.0 108.06253269783707 681.4813387418917 1784.014278190842 33.05355548577867 0.0 2647.152870844401 0.0 33.95688504267046 32.100320023077614 0.0 885.8645656772746 1763.1330608182136 127.61580466827706 0.0 0.0 254.52297073766982 2768.4085195028324 333.3963200861936 0.0 37.26505357973784 876.402856247383 0.0 0.0 0.0 407.9020199248076 0.0 0.0 554.3240584928205 490.6731401981113 212.34989965979338 0.0 0.0 0.0 0.0 0.0 3089.2693409729613 2134.6123157065786 564.0300130657747 423.0673636382971 1917.271534953397 1057.936783942971 0.0 533.9309074184292 2484.7065120786697 867.0637702208252 219.0829009939446 0.0 0.0 0.0
0.0 0.0 0.0 0.0 42.78325850303083 702.7882416611051 2926.3769151577267 0.0 0.0 46.099157881091266 0.0 0.0 2343.437459071749 0.0 970.9372913490242 721.7503600817297 323.1624180546112 0.0 0.0 258.8015789502207 48.774606465609644 0.0 0.0 427.10086027083634 1135.0910433839063 454.83916843877466 0.0 0.0 696.7163498898643 669.9006187665227 0.0 0.0 865.5536025402222 16920.570172894113 0.0 567.591971874196 0.0 3088.8812150780805 0.0 0.0 2759.2777869057795 1282.9784103392956 367.65516362636737 588.4705203346693 2437.20903213797 1062.7907186384691 0.0 64.16015452428452 0.0 0.0
130.87065168438022 0.0 675.6482507928324 1569.954666822423 0.0 0.0 0.0 0.0 34.17577300824767 36.73957306915508 0.0 1059.32858055202 1422.2760914641306 0.0 0.0 0.0 190.15111895127484 0.0 263.2047241103502 0.0 38.6043960885194 903.4606428761851 0.0 0.0 0.0 376.84419494589946 0.0 0.0 433.7146806185846 0.0 260.33461770871907 276.26393851472574 694.802615729137 11304.48375627554 327.0314830275752 0.0 3462.3136007824123 2319.6718578881064 669.720838552028 0.0 1846.9098207831332 0.0 275.8060261563978 0.0 0.0 0.0 221.48471730624937 0.0 1829.2944175274845 0.0
0.0 120.30965813568241 0.0 1930.4103713375098 0.0 883.4697045242062 0.0 0.0 0.0 44.880787278727915 6859.062433544431 1190.535287376512 1842.8423252585262 157.44923024747925 0.0 0.0 0.0 0.0 329.50242006478635 220.48736910090426 42.3425776913633 950.8550061190612 730.3455131133379 376.3993095868969 984.7509774552198 0.0 0.0 862.2316322100992 610.0933699933164 597.7669747473271 281.3161346815443 0.0 0.0 17011.682808620684 369.10704956079155 457.8081564459895 5216.868784425993 0.0 0.0 0.0 0.0 0.0 0.0 0.0 0.0 0.0 318.20555160798267 68.01823356709113 2082.1616526093653 220.82712420379335
158.9159842652101 79.84598360567355 0.0 1095.6221705388498 0.0 453.0333213924012 0.0 1177.5472321802151 32.91533263451981 32.79302253302923 3706.87719940207 785.5095095031368 1348.8150832221302 0.0 453.31342074020415 545.9159803614851 189.98781411139706 2875.082521091482 232.54741279373408 196.90760293306033 38.50420580028273 0.0 548.8854886674604 0.0 879.3304307603689 0.0 2775.7254418173784 492.55029959108214 457.939772828931 441.5608485122599 176.1280853655813 0.0 677.6381679860463 0.0 313.36175017536084 0.0 3385.172645454829 0.0 0.0 334.78773182354183 0.0 1069.9930808346685 284.94599562172544 503.7648354789723 0.0 0.0 0.0 0.0 0.0 287.02017941361885
0.0 69.82199584472099 0.0 0.0 28.752968934639668 505.3217126772188 2436.453527309928 1175.2550089882 33.43240758118358 0.0 4587.583394890816 1050.7847875416146 1548.5589057804568 137.35217793387497 503.5830494498098 0.0 0.0 0.0 0.0 152.25455035585378 36.66747967661719 0.0 459.13015055934414 340.2385896762161 637.1507369128848 390.8468117858264 0.0 0.0 520.9397944475 0.0 175.18651505829277 0.0 0.0 0.0 305.95943853657155 0.0 2423.7004656743275 0.0 507.5652726813689 455.4724212062692 1880.9885942524784 1063.5074665861173 237.57665843412732 395.44910362752495 0.0 0.0 198.00829026833503 49.93129916594825 1157.0589197070876 153.78619803576305
0.0 87.66901466772251 0.0 1585.257933512707 40.81302640994868 640.1613548598093 0.0 0.0 34.66162973474714 39.63684560408157 0.0 1229.6619437279533 0.0 130.5880950338869 864.6164832063582 0.0 268.1216195159444 3799.4731806127847 0.0 251.00279246964323 41.83011020418945 859.1187787231587 616.1745331108681 0.0 0.0 291.1332450122392 0.0 0.0 0.0 707.7892878362705 0.0 0.0 0.0 17366.66639335493 0.0 474.58725479353666 3728.269125099651 2969.0546284785078 0.0 0.0 0.0 0.0 0.0 0.0 2914.017020857022 1079.2556762907566 0.0 55.57993200279293 0.0 352.6717109932107
0.0 56.193430349104695 0.0 0.0 37.811772888139856 0.0 2356.4438166157643 1012.3862379930814 36.602407585722666 34.475892175843114 6230.255074102251 774.6039134306021 1543.5556162830692 0.0 0.0 550.6326243008829 0.0 3054.1775344767934 0.0 200.94447232064064 35.49791885180402 819.5444081698519 0.0 321.1269599827203 693.67946546561 331.7406686016735 0.0 554.7137622504225 0.0 0.0 0.0 0.0 718.5619614855806 16634.15572793315 223.74644722637498 0.0 0.0 0.0 0.0 394.18983934092586 0.0 0.0 272.77959463230906 0.0 0.0 713.3816350546946 0.0 0.0 0.0 233.96313128759314
0.0 0.0 592.384044708956 0.0 28.796062307363137 451.67061214474535 1908.2284344743844 960.1572121224879 24.680258494042572 25.485549442690886 0.0 0.0 0.0 0.0 0.0 565.9473135319272 0.0 0.0 0.0 195.00840431103478 34.19523785241425 0.0 527.0017931948178 0.0 704.8590561149931 0.0 0.0 0.0 0.0 0.0 223.65784745820463 256.78055966697355 0.0 0.0 312.35403651996853 0.0 3595.8916929945462 2044.5325342712852 830.796250659825 250.58130415675325 0.0 0.0 253.65154896878332 0.0 0.0 0.0 222.15954776695474 0.0 0.0 203.4007845538228
140.4879040787833 0.0 0.0 1212.521566169137 24.758517167854517 0.0 0.0 0.0 30.464868927430537 30.639114852194986 5674.564010058394 1040.2279277538375 0.0 0.0 462.13213849885193 540.9346280812177 0.0 0.0 0.0 0.0 35.687933485772625 0.0 346.752137164795 0.0 0.0 0.0 3935.8072157184665 491.8265438821004 429.25657722490973 559.1909947113219 0.0 275.3749338789414 606.1900286843098 0.0 370.26209634503846 367.2996701661914 2460.3727811991607 0.0 0.0 389.64332002105664 0.0 0.0 244.11055590260895 0.0 2317.8795047805884 670.2250645013204 224.01290944014517 0.0 1454.7011956228912 257.67317003629427
150.1042767034163 77.09833015786387 0.0 1022.4412245444474 18.644521048589343 540.4289761101527 0.0 970.3090366456063 0.0 27.176260866703387 0.0 0.0 1527.741596404041 0.0 0.0 507.09738134535246 0.0 3229.076132339661 0.0 0.0 0.0 637.4103041583543 404.58884816285547 218.86000339846618 0.0 270.69063148665686 4107.355814612098 0.0 393.31259010342455 0.0 187.37361382526225 329.6743391330913 543.7337388287524 0.0 221.37622898370702 390.78872974046396 0.0 0.0 551.5773978960469 0.0 1193.9538442379123 0.0 218.36541829150633 450.3113952881675 0.0 726.421637338218 0.0 0.0 1312.537484693348 0.0
181.70513116197276 0.0 785.9466916918386 0.0 0.0 0.0 0.0 0.0 44.03271763753975 42.46641403172286 0.0 0.0 1611.1383896054117 0.0 0.0 0.0 0.0 0.0 413.22722448176944 0.0 0.0 0.0 674.3732677105265 0.0 855.645371413186 0.0 0.0 0.0 0.0 734.3661102504421 264.68896444844063 0.0 1021.4060839155725 15359.821910731356 0.0 538.7166392703635 0.0 0.0 0.0 0.0 0.0 1648.8776646618885 0.0 0.0 0.0 0.0 0.0 0.0 0.0 230.81537657158577
0.0 0.0 0.0 0.0 0.0 0.0 2039.3845870358673 1108.6098602169907 35.77246092000906 43.01670202025773 7003.19711774456 0.0 0.0 0.0 0.0 0.0 0.0 3245.1666097216676 0.0 186.63945392018553 41.191878749133465 775.0345193951715 648.2648427617834 0.0 0.0 0.0 5894.338689313741 0.0 0.0 575.2157258082409 0.0 0.0 0.0 14068.145465544412 311.2830532264932 361.6880467811542 4157.317569789873 0.0 914.7851093927987 0.0 2045.0691896135938 1274.3111190811303 202.1782174074125 442.254729863214 0.0 0.0 242.03590190493765 55.17285851486411 0.0 259.15631426418184
0.0 90.3008050261291 746.6311295983331 1436.6932705410882 28.120273025225536 483.4878575874443 2072.7983258255786 1053.6534800215284 0.0 29.32966916037141 6084.2205040460385 0.0 0.0 143.714623347163 530.4680491926181 470.895494993915 0.0 0.0 215.70294704988962 0.0 37.30689913392572 800.3544672151386 507.20080474256685 0.0 854.7658178834179 0.0 0.0 0.0 0.0 0.0 0.0 0.0 0.0 0.0 319.24532410626693 0.0 0.0 0.0 0.0 0.0 0.0 0.0 0.0 397.97857296560744 0.0 615.5071862566103 225.5523867546913 0.0 0.0 278.95494541557946
141.7166816602804 0.0 0.0 1184.6136282674524 32.096532916424515 0.0 0.0 0.0 24.455056548911813 0.0 5937.337463050765 788.5474240998223 0.0 130.03312456798344 0.0 583.9581622947842 0.0 0.0 0.0 0.0 37.84469396319971 719.3507616715317 0.0 0.0 0.0 325.8688085678129 0.0 442.4399728459592 480.86636343259454 0.0 227.78292955237384 0.0 0.0 12070.291869011731 0.0 0.0 0.0 1320.3862190367242 554.0763146666002 0.0 1509.3985138915184 0.0 218.2489861452588 468.3684400805378 1850.3147325830903 614.7118168065513 218.23900501141122 52.56964506725846 0.0 185.84442285399678
140.49685586283732 78.49812434202931 0.0 0.0 0.0 533.6492114123707 0.0 961.7751012630819 0.0 29.841096612597916 0.0 0.0 1782.102135265337 0.0 0.0 552.5399410949872 0.0 2912.9462656192927 271.1648683982373 0.0 0.0 787.6284418117922 546.83616048708 0.0 0.0 376.8331695250869 0.0 563.0324799447005 0.0 530.5819209864682 233.63006524565145 0.0 672.7597574294022 9945.797474743442 0.0 0.0 0.0 0.0 0.0 0.0 0.0 1001.009328471865 234.55648176784788 0.0 2172.869172115591 538.310927366731 0.0 0.0 0.0 226.6616466404734
87.04939957758452 0.0 0.0 1534.9163972138606 0.0 285.9423581170165 2437.2457941280463 0.0 27.540328532325358 29.155533673784696 0.0 0.0 893.7323863234569 0.0 783.6999124553918 613.3499422462314 0.0 0.0 0.0 0.0 0.0 0.0 0.0 0.0 473.9997975901765 287.9758594101393 0.0 418.6172594399145 450.1269263854269 0.0 0.0 0.0 0.0 0.0 298.2507037680778 0.0 0.0 1662.2187921150958 0.0 265.7827372538066 0.0 0.0 0.0 0.0 0.0 0.0 155.54236876804555 0.0 1524.912986671237 0.0
0.0 82.57728443209443 515.2734423028494 0.0 0.0 0.0 0.0 925.7080524568664 35.44495561009317 28.80705405519443 0.0 944.8043041833464 0.0 146.45591137235954 628.7060910689613 321.28252069431085 214.8551454527416 0.0 0.0 0.0 38.35480097735749 0.0 0.0 0.0 675.238533994401 277.3863320643133 3888.8725391625967 0.0 362.20983703431756 503.5924371236729 198.92712861037438 346.09917033162577 711.7819884393053 8985.444214739227 0.0 0.0 3645.5056657216396 1924.1742108582566 0.0 349.2785169029353 0.0 0.0 0.0 0.0 0.0 0.0 200.69514721560407 43.55864160996707 968.5743637174951 202.68502411354737
0.0 0.0 822.5669338121027 0.0 0.0 749.6046129502431 3273.681961999316 0.0 29.382620381524866 0.0 0.0 783.6167920574068 1780.1982147994192 0.0 773.5011522952371 0.0 199.54616320652582 3668.888340546747 0.0 0.0 0.0 884.0773605728793 0.0 0.0 1097.9558111566034 0.0 5744.933201181429 619.928213567503 602.3565849926038 0.0 251.9457229527775 421.3666378949004 0.0 0.0 362.51926075950917 472.14643536562784 0.0 0.0 1097.0135473767293 0.0 1824.6659585588063 1484.76273581794 0.0 0.0 3539.957945557871 0.0 263.0393854639365 0.0 0.0 264.9132736715298
0.0 93.38492096704097 0.0 1139.0858443792526 23.497673380105965 635.8008339708912 0.0 0.0 0.0 35.20987369695733 5601.160083507774 0.0 0.0 0.0 515.4248092623769 0.0 0.0 3559.886575665614 255.65961257708923 0.0 0.0 961.344061319915 0.0 0.0 0.0 0.0 4811.155806394783 562.7960943753719 0.0 689.9930346818139 244.5643654440201 0.0 668.0230934057647 15795.40658422746 348.14911346830536 462.7306624711869 0.0 0.0 0.0 339.8705430814769 0.0 0.0 233.31503709921734 0.0 1809.8182276813604 0.0 267.30071139466014 67.526775579177 1346.6076510930873 0.0
197.83913771992997 87.25915855669543 745.6215706535683 1278.5868983061262 0.0 616.0823021466869 2603.3460914221864 0.0 38.29765973194068 36.68749535209322 0.0 0.0 0.0 0.0 644.2615598344205 629.4289675214371 264.10885666648744 3010.689381140851 0.0 0.0 43.2598902956908 0.0 362.04234479706366 279.7297762781065 0.0 339.13020768016963 5501.603078954009 0.0 576.4203441947785 574.1580912191696 0.0 0.0 0.0 13277.92908785475 359.02669612196263 0.0 0.0 0.0 0.0 320.1548622494495 0.0 1213.7951141816563 0.0 550.287178669463 2273.597807826547 836.5281606300457 230.05309703888832 0.0 1533.0290074870138 0.0
0.0 44.81345164064842 0.0 0.0 34.52863141118596 0.0 0.0 828.9715675347577 0.0 0.0 5533.432083016487 777.4289242976224 1205.9824651392084 111.82385597614582 0.0 0.0 219.2650601015583 2685.884105336737 0.0 0.0 36.96491134369693 0.0 0.0 0.0 817.5653610972715 214.13783123984516 4672.18468534542 0.0 0.0 0.0 0.0 0.0 0.0 5713.356816481068 0.0 313.9270250823679 0.0 1509.24778484339 452.74442131043213 225.8311834905341 0.0 0.0 0.0 490.55710305901556 0.0 0.0 0.0 54.948903007956524 0.0 274.3409764136765
134.9670341176773 0.0 0.0 0.0 39.466769230981704 0.0 2534.103878643623 977.6360593248039 0.0 36.30639701140912 0.0 0.0 0.0 154.89190359429983 522.5068891819471 535.5294712306439 228.13284789622477 0.0 276.18022971254186 0.0 0.0 920.4783082318005 0.0 195.177529415686 0.0 0.0 4162.416171102733 0.0 363.95748173823966 0.0 0.0 400.4903545839156 0.0 11415.62847669843 309.2622919231763 0.0 4387.408449468794 0.0 516.7612420989813 321.32647154705785 0.0 0.0 0.0 635.0282206616364 0.0 609.3516108695795 157.30155005681002 0.0 0.0 251.11763378025603
0.0 0.0 0.0 1110.6370610547779 24.721380211971855 504.599910912258 2596.3636955066218 1185.1182631205963 0.0 0.0 4500.989572276729 0.0 1342.206235531619 0.0 539.1947509912186 0.0 279.75546726140857 0.0 324.88054324972234 145.73575787380344 0.0 0.0 0.0 0.0 746.5663831046423 306.55235299860294 0.0 508.8296284837003 0.0 0.0 0.0 0.0 0.0 7674.147306098348 295.8485081961552 0.0 0.0 2439.7702701783846 0.0 0.0 0.0 1131.4303390582486 0.0 0.0 2178.467193969256 749.3247542299401 251.61347473033547 30.693566639160714 0.0 0.0
0.0 72.14025527824327 0.0 0.0 0.0 464.5517419159495 0.0 778.3393637816828 0.0 0.0 0.0 748.2944385759931 680.7970408339916 0.0 629.6723918121382 0.0 0.0 0.0 0.0 0.0 24.44307321903463 0.0 0.0 71.35056148820978 0.0 199.1406452787471 2451.85282837256 287.20272586050794 292.6390298622506 0.0 0.0 251.7389857361921 0.0 3225.7237443184404 0.0 0.0 0.0 1929.7105062735477 356.850435816635 0.0 1213.9666474847618 0.0 178.97674690651866 364.56723058443237 946.9820561708566 0.0 0.0 31.603210701801537 0.0 0.0
0.0 0.0 0.0 0.0 38.52734344854878 0.0 0.0 0.0 33.04245244378101 0.0 0.0 0.0 1481.2932774362826 144.25424289972705 0.0 0.0 0.0 0.0 0.0 0.0 36.42776534135607 0.0 0.0 320.972710019601 815.8927844153314 305.1621946442569 4039.0450918565894 0.0 424.29537222937313 0.0 189.97089887395938 0.0 0.0 0.0 360.2000146127375 474.59416406620227 4746.373113863879 2130.9013429061947 713.643606015635 291.2671777930213 0.0 1167.5064879066415 285.65807036409035 0.0 0.0 567.735389519777 0.0 41.07478699914437 1817.704029193397 272.45595560464386
165.0333691218937 98.2784386120275 0.0 0.0 0.0 0.0 0.0 0.0 0.0 0.0 5708.453729929048 0.0 1581.4891990233596 131.44963144166536 0.0 0.0 0.0 0.0 226.02573176848992 0.0 50.87568707367848 793.6775872268311 561.3551708843453 0.0 0.0 0.0 4381.7819733162905 0.0 0.0 0.0 264.16344545081785 374.5161134582202 0.0 0.0 316.2170203586272 389.82703253250924 0.0 0.0 0.0 270.78138094639166 0.0 0.0 0.0 0.0 2408.4779982192467 0.0 208.58977226300178 49.65870458232163 0.0 254.9104172819465
189.93032307999584 0.0 849.5078613887522 0.0 39.706442534076075 0.0 0.0 1574.9783963316072 28.87470064636658 40.6764503201969 0.0 949.7021320320598 0.0 0.0 826.6823116085753 704.9747570496013 325.66831713743846 3434.266001548187 265.1852013742429 286.64712405806256 54.68718547642024 1008.5840792891566 665.1618955409358 356.9059856659311 0.0 484.9063638482677 0.0 764.3842674095092 0.0 716.7838253708941 334.00668046942883 0.0 0.0 14891.416635425954 354.78269427724825 548.7053903870376 4691.3786751633925 0.0 891.5422968467719 0.0 1704.2384997020877 0.0 327.3412061365124 644.0196760820804 0.0 0.0 276.2993713181868 0.0 0.0 285.10361049612817
161.18571851005163 0.0 682.7364919402173 1289.527609321579 22.7887227881179 464.9363718420834 2061.381513494242 0.0 37.66466851496977 30.60738235232129 5006.6627090203965 0.0 0.0 0.0 695.1750256385725 0.0 0.0 3681.2591932612104 250.5149589503121 150.57676412192714 38.891573478876445 867.3647439989129 639.0543163320465 0.0 0.0 362.97231606003464 0.0 713.3338453516457 407.97089152917727 0.0 222.61388977731605 0.0 0.0 0.0 292.03267398029254 369.5001959341929 4281.61089428822 2182.5103023753254 0.0 269.92173491361325 0.0 0.0 279.4376692721582 0.0 0.0 0.0 0.0 0.0 1410.5012284946076 0.0
149.80064387715163 122.09107782903412 0.0 0.0 0.0 792.336236533425 0.0 1361.9701897181576 0.0 0.0 5659.061375405716 1090.6248671666315 0.0 0.0 887.512006726859 674.8944047778023 0.0 0.0 303.8415821205375 0.0 47.53032875376292 0.0 0.0 375.4007921184279 0.0 0.0 6099.74709413633 691.0705067278697 0.0 661.5570644956367 0.0 369.5424688086308 0.0 20700.984981896414 470.7028117157053 389.90720610295926 4333.067003244131 2800.9080075359293 0.0 400.8144061579886 0.0 0.0 0.0 592.9325830755997 3461.3258802634546 863.3690279418469 0.0 70.08762535646851 1572.509604184578 293.1080680119951
117.15727642326868 75.9050664032289 0.0 0.0 28.322448121654762 0.0 0.0 0.0 32.67823361513948 0.0 4455.181056798656 0.0 1186.229391502329 113.38616982315041 601.9467525200479 523.539788129711 207.93472162910547 2565.378907553508 0.0 0.0 23.78827892955408 674.2443267116629 0.0 231.46709913073732 0.0 0.0 0.0 474.639787288122 368.580555989374 372.62589345820334 169.42654198226472 313.9262281773208 594.5541006426912 0.0 0.0 247.15173199655854 3279.3998616644326 1670.8140499651358 740.8648816518856 0.0 0.0 0.0 222.39861830652683 504.1791431339404 1710.6828431931885 651.5961566382166 0.0 0.0 0.0 0.0
137.10732469513346 0.0 602.5653635091523 0.0 0.0 361.60219290256475 2482.099228946779 0.0 0.0 31.01900445636957 0.0 410.1146774676709 0.0 0.0 0.0 452.73867955094624 0.0 1242.35402947722 196.56871799950363 0.0 36.326405214453665 0.0 0.0 0.0 0.0 0.0 3154.619304551791 445.0053579551723 278.8721725744785 326.66153664124386 0.0 0.0 0.0 0.0 0.0 0.0 1960.5791449082662 0.0 0.0 0.0 1047.8912841536182 0.0 0.0 423.20324720109295 1035.2670988487484 0.0 181.6720127207426 7.1242637314952475 0.0 0.0
171.84451358003287 95.6531884793653 607.3876307861526 0.0 0.0 0.0 0.0 0.0 34.340145512696004 0.0 0.0 0.0 1710.2387955462934 108.09958937390579 558.6470059166135 0.0 0.0 0.0 246.1955207478657 181.23696328121648 0.0 699.8856866045132 0.0 0.0 1035.9461376656927 451.8487659806281 5321.832277125183 505.8115860260491 0.0 460.4366289829869 0.0 0.0 0.0 0.0 383.7001898065502 407.88276350104945 3791.2509611961323 0.0 0.0 0.0 1973.5558255121289 1200.3550902927398 0.0 575.7526427010034 0.0 830.4661046941427 278.7578518581767 0.0 0.0 0.0
115.42470599899343 0.0 0.0 0.0 31.45830512684255 0.0 0.0 0.0 21.069984897474527 0.0 6976.836503350748 0.0 1695.8718022135147 140.4700990452385 642.1895053557471 0.0 206.1106353133502 2917.892123207702 0.0 0.0 0.0 762.521159617539 0.0 0.0 684.7162732379923 0.0 0.0 0.0 0.0 396.2033532601513 144.94123371356403 370.6658222676359 947.1567566923142 8187.828825866047 0.0 326.3801349299488 0.0 0.0 633.1937496627581 0.0 0.0 0.0 0.0 0.0 0.0 698.4176085979716 0.0 0.0 0.0 0.0
129.48019582739093 98.17148888267268 501.91601613611846 0.0 32.663530984442794 671.984961447213 968.2938755439712 0.0 24.039716129116208 24.525892882124854 4180.966774859916 827.1124820742341 1443.9944143028404 0.0 0.0 0.0 0.0 0.0 0.0 0.0 0.0 853.6329263283194 600.8540295634484 0.0 593.8498757558168 237.1996376704645 2920.911885954483 380.97397534856344 412.0204390298471 487.07559569433255 243.51691486581748 0.0 0.0 0.0 187.37224384146418 0.0 3230.7090702783808 0.0 909.9420180640661 425.92103033679024 1391.0066993510181 948.892986720157 0.0 0.0 0.0 777.4695164628572 226.00048883208876 58.43700717062244 0.0 0.0
166.1158980376133 0.0 923.4890044675562 1393.7595616890605 36.94068327952108 607.8656471351856 0.0 0.0 38.98735419704654 0.0 0.0 0.0 1757.6092484325811 158.9105013322477 736.9419025450495 0.0 215.66514680445277 0.0 0.0 208.54532221754405 0.0 782.547590726876 0.0 304.2582948823904 823.1924681853072 0.0 0.0 732.5656858191771 521.433425294637 0.0 0.0 408.05851451705337 0.0 0.0 322.07675115616655 429.0097790339179 4249.673080360204 0.0 0.0 0.0 0.0 1192.680041716485 350.89082939915704 642.931972535152 0.0 838.5451970664926 0.0 0.0 0.0 0.0
0.0 0.0 713.4090711520421 0.0 38.96763713315575 573.5344076827874 0.0 1206.2037679744906 32.1270816806847 0.0 0.0 0.0 0.0 157.70001263512182 704.0261385763225 0.0 0.0 0.0 0.0 198.38246447433085 0.0 838.3826760746421 0.0 0.0 0.0 0.0 4998.858215714427 729.1580846902498 580.7728253824188 0.0 0.0 0.0 702.7782943643108 0.0 0.0 0.0 3959.9746241371304 0.0 0.0 388.0462899653835 1919.2115355529218 0.0 0.0 0.0 2393.4958250298905 819.7630794764887 0.0 0.0 1660.055481262538 290.45909708976126
125.2340964798972 0.0 556.8668410408434 0.0 26.240775525176666 492.06487196889054 2113.2631010066666 0.0 0.0 25.028442805253004 0.0 607.4720813340806 0.0 128.569605648785 0.0 476.2388771171843 0.0 2437.146027066926 0.0 0.0 29.079112974894276 0.0 0.0 219.9521849190845 0.0 0.0 0.0 0.0 0.0 0.0 157.83350228183596 0.0 575.7292938453959 0.0 255.87300583801533 0.0 3342.8957587028217 0.0 680.6496788470289 0.0 0.0 0.0 0.0 0.0 2064.4550087401576 787.7675404160798 0.0 0.0 0.0 0.0
0.0 0.0 565.7239295268703 1273.5473303170324 37.95826711010574 698.2792681303081 2469.9389997310273 1509.357456784857 33.39987260680576 0.0 4888.289560565814 0.0 1830.7411322225178 217.7638876961411 0.0 0.0 0.0 4379.963513778079 213.25307439067205 253.2026141385051 0.0 748.94035084713 580.5649035305076 0.0 909.1147270188402 370.23701466172884 4296.618084525041 0.0 0.0 0.0 0.0 348.24430196946514 671.3593741594907 12252.694098538106 183.34872039169474 0.0 4857.09711112029 0.0 806.0243255224923 0.0 0.0 883.997366002958 179.1473490002939 0.0 2540.484987574093 0.0 0.0 0.0 0.0 0.0
0.0 0.0 794.8076364064038 0.0 33.94867391299447 0.0 0.0 0.0 43.03761370381475 25.976434216961017 0.0 0.0 0.0 181.40391967680355 0.0 0.0 254.18770189957456 0.0 0.0 161.5541483971434 44.473176530131305 744.3108539342721 503.66395190703423 321.7477361660578 0.0 0.0 5034.401551292504 561.187149605939 0.0 641.6069717928906 0.0 0.0 690.2967298448592 16047.944925130038 417.4684133771602 0.0 0.0 0.0 649.5907500018527 344.0845468159956 1958.9840965215833 0.0 0.0 333.26702481191137 2208.3663799286596 0.0 236.36918879751013 58.24702167405307 0.0 0.0
167.50533215804944 76.92635641913336 0.0 0.0 25.726753442912305 483.20202646400355 2334.5000219477547 0.0 24.904857448743424 30.44424525874411 0.0 844.1993652343274 0.0 0.0 672.4061665998715 0.0 202.14688226524223 3074.7168881595026 238.49257627396443 0.0 0.0 0.0 577.9746966920287 0.0 734.9472085190068 0.0 0.0 442.5347281113046 0.0 0.0 0.0 335.37912380651017 721.3803330808793 14089.072468850169 259.17052676152 399.825646815121 0.0 2195.5342508758836 0.0 408.9180023761051 0.0 0.0 0.0 655.6481942536143 0.0 0.0 214.65494144913066 45.07619320869098 1351.1483047086833 0.0
0.0 0.0 875.3750963440069 0.0 35.94603172839231 0.0 2981.5634410896027 897.4878749244943 42.86182936049605 0.0 6678.5017666667345 0.0 0.0 0.0 0.0 815.5650077467183 0.0 3865.566333975032 260.89525677098385 0.0 0.0 0.0 0.0 0.0 0.0 0.0 4922.367826627938 803.8764302111548 575.5885554365897 522.1455561091336 0.0 393.41603019351703 1018.6256879096377 14174.838603236967 0.0 0.0 0.0 2539.480431635999 0.0 0.0 0.0 1258.5007457805832 332.9986936350933 0.0 0.0 916.2874366583826 0.0 0.0 0.0 176.01265876673904
0.0 0.0 0.0 0.0 0.0 310.3266077081172 0.0 0.0 15.521264224843055 0.0 3842.038419153261 688.8973353933964 979.0810323178396 134.55607268603973 0.0 490.2509672848653 0.0 1256.8872635074774 0.0 88.86063875916491 29.660193767819294 0.0 153.0080840958502 236.8100964579935 0.0 0.0 0.0 366.8697618371753 0.0 0.0 204.3076343176856 238.09868123774714 516.2830703776419 0.0 263.7230823754846 0.0 0.0 1365.450028774872 0.0 0.0 871.7000145958723 0.0 0.0 0.0 1768.105205372433 390.60512568308104 118.78367085155713 19.13932512174098 0.0 109.8812706595786
167.7275018465316 106.67078187952286 0.0 0.0 0.0 593.8362590392793 0.0 0.0 0.0 20.327085982534093 0.0 0.0 0.0 164.3911081829244 0.0 466.91365026177095 242.18732797743476 4354.469795192147 234.77845415012408 0.0 44.729074411228794 0.0 0.0 447.3903446012233 0.0 303.3482385471198 0.0 0.0 0.0 406.48162472010625 0.0 0.0 0.0 0.0 0.0 431.4879568177829 0.0 1770.7308701666745 0.0 0.0 0.0 1230.1373270834806 0.0 530.2126249462979 1935.1969162119399 659.9989465829116 228.806888058495 0.0 1111.6351808972788 280.13028937846184
0.0 0.0 0.0 1399.577561543586 28.297537107661288 0.0 0.0 0.0 33.20180542175939 35.428315255575974 6890.852910144949 0.0 0.0 124.92783258900727 0.0 532.5733452532368 0.0 0.0 0.0 244.11332822821834 0.0 928.9982122024043 505.6329877363587 230.98474994140955 829.9745531237473 324.59058489840754 0.0 584.1337172050758 0.0 669.4087921762914 0.0 332.1818374128468 0.0 0.0 316.5196324868393 0.0 3649.662341641946 1732.7770663406957 0.0 0.0 1918.7465183674751 1316.1492135807796 306.49324920853184 0.0 0.0 0.0 276.94908226553093 53.466224497258835 0.0 217.38176523023301
123.69608041560117 90.15119208419537 0.0 1115.396264885725 0.0 0.0 0.0 1063.2238179179328 0.0 35.33073580847345 5498.473790773382 752.7347243289012 0.0 156.12301046716073 0.0 592.2765072802315 198.77826366690275 0.0 0.0 0.0 0.0 0.0 680.7897581268577 0.0 0.0 0.0 4671.380681540547 726.8896065011372 0.0 582.1530587356926 257.61196508077023 0.0 0.0 14501.955853775344 318.98672058060475 361.8343779939088 3797.9897102360046 2319.7093442025002 0.0 410.08807413722803 0.0 0.0 302.77769211554175 0.0 0.0 0.0 0.0 0.0 0.0 242.03314982325983
142.87405594460088 0.0 0.0 0.0 38.09165099853112 560.1919129189612 2529.344078695273 1147.0913163602877 0.0 0.0 5186.465543975193 1033.4821062394744 1181.5483346874478 0.0 768.1039958501842 0.0 0.0 2351.003743920376 0.0 0.0 0.0 751.4234685903803 807.6625899251686 0.0 0.0 0.0 4385.171294118993 0.0 483.3871013543577 593.0816573597183 0.0 339.0430964302725 0.0 15744.793049409769 287.0782486144562 377.38528620392583 0.0 0.0 0.0 347.09190951545827 1593.2143242314237 0.0 0.0 0.0 2560.244072219394 837.3540583998546 0.0 0.0 0.0 0.0
129.49362080966768 0.0 818.4044926306458 1635.842387246793 36.59166858251972 0.0 0.0 0.0 34.30026192850025 0.0 7523.759306278557 0.0 0.0 160.02836482056088 0.0 718.1089501438491 286.45029457380895 0.0 0.0 277.24946708352036 46.618332476668755 1016.8078487903957 0.0 274.4436824495908 1017.6303173572284 415.8263491604138 4424.161746270447 712.6484595895762 0.0 0.0 0.0 0.0 0.0 15271.261314605214 407.772603307276 429.2119790152484 0.0 0.0 742.3066010792409 312.5508619122987 1977.4200423022544 0.0 296.3339761737462 0.0 2285.685260332742 921.528510389103 0.0 0.0 0.0 0.0
125.31561305529999 0.0 0.0 0.0 24.29604336192349 689.0716147821238 0.0 0.0 0.0 0.0 0.0 906.49881389909 1247.0135057000118 118.01093587547061 592.3937511563781 0.0 0.0 0.0 254.21495392551356 0.0 0.0 0.0 0.0 334.45037365182566 561.1540879903511 0.0 0.0 0.0 348.2225044468843 0.0 199.0600705274087 190.9866172423947 676.3715791416638 11709.14837386426 226.29172706939988 0.0 2448.3341815197196 1954.8346334262578 546.3982511681843 0.0 1703.9953000301048 0.0 0.0 0.0 0.0 0.0 0.0 0.0 1246.2337320372887 0.0
0.0 99.83053174626622 752.4868550597673 0.0 0.0 605.3206771833976 0.0 0.0 33.48859593741355 0.0 6369.415872924736 0.0 1382.2671977247144 0.0 788.2570632468785 619.2618877824797 269.05434596249756 3080.9276934469967 0.0 240.6558298979636 44.07079282068636 937.8484889340808 614.2739620733048 0.0 960.2092867789487 0.0 5138.013683745861 632.776465649265 0.0 520.562752501462 0.0 326.5327268758713 707.3864158121506 14273.439124700748 407.32767428236014 387.60801796952524 4102.776822747063 0.0 0.0 351.7505528315879 0.0 1406.0954576404984 279.4949778564918 601.7001678286498 2716.536562494403 832.9125579044126 246.25459421206787 42.82845704380134 0.0 237.92290354262505
178.2102300035674 0.0 656.1783966823151 1258.6251119251901 0.0 0.0 0.0 1086.7533275548267 0.0 0.0 5850.113983715735 874.4454981365059 0.0 0.0 0.0 0.0 0.0 3142.5298394448523 0.0 191.74524617303553 0.0 0.0 618.5686511748969 238.42888200901484 773.1865591505529 301.1146083585272 0.0 0.0 409.03998201094606 0.0 308.87237389755563 329.72692114531134 551.8842934146995 0.0 0.0 0.0 0.0 1207.7008690331593 672.9074541493372 340.35605164177457 1681.7679984977817 895.9185642144936 252.43137825658752 0.0 2094.430697402003 0.0 277.90046932516145 42.516808910369285 0.0 0.0
0.0 0.0 611.8516752348768 1126.9729994913246 0.0 0.0 0.0 1181.8365942436722 35.07402519972676 21.942038097102902 0.0 0.0 0.0 88.37076738204591 0.0 494.7375255014922 200.30529457212748 2257.7046673662194 0.0 198.40936612026096 0.0 0.0 365.89404932391574 257.7824291178557 0.0 313.0240268801846 0.0 447.35343723815606 379.6639363660219 301.3943127349792 176.38657521944523 266.94733116846425 0.0 11476.549524789853 269.8233680350536 0.0 0.0 1633.8575148446628 664.7745489231027 318.85355980595983 0.0 0.0 284.98423695506153 0.0 0.0 647.6733784627662 135.9625295761288 0.0 0.0 143.49045123660375
0.0 0.0 663.1848021171858 1566.0031288111452 34.4476346168617 555.5839729883005 0.0 1182.5324200344226 27.059064665371135 27.40448869622583 4932.74398079802 0.0 0.0 0.0 704.662432028409 525.1348556698717 212.40199466959666 3019.3781835788677 272.5347430518477 0.0 0.0 915.9496941166103 626.5380761952391 0.0 0.0 0.0 0.0 505.29475716365175 0.0 0.0 192.28945692767553 0.0 0.0 0.0 0.0 432.5373458303751 3016.6484313204714 2585.0715817794758 0.0 0.0 0.0 0.0 0.0 504.8023356996614 2007.8931194455017 0.0 0.0 39.413804229034845 1265.0690419272453 0.0
159.0202383923911 96.10844625643242 0.0 0.0 0.0 985.5832329188031 2577.385058899489 0.0 40.6653302474119 38.21958222337346 8711.282766087674 1253.1323340078143 1746.9141607858353 0.0 646.8137384033452 669.267052988167 332.59721442728323 3748.054207377347 0.0 0.0 0.0 955.1384970437538 544.3362280850976 308.9727062944223 0.0 0.0 0.0 774.096716804203 0.0 600.7338252731586 0.0 352.4171355607641 1023.2553036538476 0.0 0.0 491.2005319931571 4589.99447497359 3093.500457864076 0.0 332.9768209324849 0.0 1546.0265619080515 291.4128879767445 816.2992915360785 2444.05712947487 1267.7986359298125 0.0 0.0 0.0 225.80262553416665
0.0 87.82776290035655 0.0 1272.1088738936567 0.0 547.207689590735 0.0 1328.2422805060585 31.116142572595646 0.0 0.0 968.4563428761537 0.0 164.29014822722462 598.4810188705346 0.0 208.8069877634255 2962.3575756974233 274.606192366879 0.0 41.703662397761406 0.0 0.0 358.7028679262373 0.0 0.0 0.0 558.4737343479604 0.0 0.0 262.8731682578236 0.0 0.0 11994.559468975951 0.0 397.3058217660832 0.0 2360.944110954981 0.0 336.41440148184563 0.0 1284.8036875646926 0.0 0.0 2563.0930570189294 0.0 221.61494649046665 0.0 0.0 266.17830166858994
0.0 61.35759832892726 0.0 0.0 24.331200208800787 469.27377704059774 0.0 1080.6952731081465 25.377501651723666 24.647600276898036 4986.02219922403 0.0 0.0 129.29665058988874 359.66982275569256 445.73474504639563 203.2858782665276 2637.010552064598 247.9966511748049 164.54480757214296 30.2497172102063 625.1506142618161 394.75420375388023 0.0 802.4177423962585 324.3475344019607 0.0 514.4485734369097 0.0 0.0 0.0 308.6185131692197 0.0 0.0 0.0 251.4750374802161 0.0 2107.9975407249185 0.0 0.0 1305.8488626504363 0.0 194.2431394482632 0.0 2297.874429976767 622.3333685167603 0.0 0.0 1240.098960992391 254.35364929458297
0.0 67.65244683799189 548.2873965662048 0.0 0.0 0.0 0.0 0.0 30.75139778435615 0.0 4069.2792800482835 634.3179324235601 1342.2719678669189 123.45013379480218 0.0 423.89816545868126 0.0 2811.768593162802 217.34240674632485 179.930945190035 0.0 0.0 0.0 378.92065220858615 0.0 251.8844402289295 0.0 481.34119149292405 375.12425283845664 468.86720940697643 0.0 0.0 0.0 0.0 0.0 0.0 3667.205641563745 0.0 649.0475372655483 0.0 1602.3441984518574 0.0 0.0 526.7082451621656 0.0 827.7603267844869 0.0 0.0 0.0 0.0
0.0 96.07426395234808 682.7485411236526 0.0 38.34985282911544 0.0 2700.7542595311215 0.0 35.11368285871307 29.949003336693654 4516.433050192219 1078.0041291982202 1072.9198537119553 0.0 0.0 0.0 238.48165680541672 0.0 230.76551909775503 0.0 46.127704171646016 0.0 0.0 232.43108005987236 0.0 357.94692028652696 0.0 0.0 0.0 599.7150596725097 0.0 320.49582984382 726.5290018592771 0.0 291.06416930463325 337.06218653340846 0.0 1906.9501728950077 732.6590466415577 292.5810456154456 1412.0576164181439 785.5008597113099 196.3761902421985 0.0 2363.3012716451058 737.6160501972787 176.42898992191132 50.26468660658903 0.0 0.0
133.04241723144065 0.0 0.0 1271.366682089784 0.0 534.2429674559701 2365.836404459289 0.0 0.0 0.0 0.0 981.6816173012721 1495.0489933194074 0.0 547.0482791580923 0.0 0.0 3191.642243958681 285.32890126329187 219.8216594132394 36.94931658006802 863.9433825342479 0.0 304.1304000925636 869.3974013621306 0.0 4151.740232343867 627.2895868712815 602.9436972423171 562.9595276376351 239.94050977395054 0.0 699.3511986925562 0.0 333.3601798260707 436.59561133055956 0.0 0.0 786.8562057072088 0.0 1398.7977292084818 1287.440663247143 0.0 0.0 2265.4520355738696 0.0 0.0 47.89233984395604 0.0 268.54613894976717
135.97969658994228 85.11214987045085 0.0 0.0 0.0 0.0 0.0 1054.7572216253197 0.0 0.0 6170.649911502161 0.0 1809.1621945439308 143.36689350329718 0.0 0.0 0.0 0.0 259.0479183058315 0.0 47.69838851694929 0.0 479.12507584221237 0.0 0.0 336.02291257995705 0.0 0.0 0.0 0.0 0.0 0.0 724.984625231373 12915.51776303762 410.37395212187573 447.20899817456205 0.0 2459.168737799785 795.1504060190651 336.28360069394625 0.0 1251.4993511391142 355.74189840276966 551.7406952886995 2082.566983424028 0.0 287.2410349174646 0.0 0.0 243.85894271082512
0.0 0.0 0.0 0.0 0.0 491.86173498506133 0.0 0.0 32.48158288457536 18.232324173122894 0.0 742.5334024286019 1305.295108487907 143.17977787036435 605.575376319756 524.8684811443854 235.9888979886457 3014.0281215351933 264.06777877447695 0.0 44.506582795453966 757.3934289117244 557.7568784481632 0.0 0.0 0.0 0.0 463.73696359584073 0.0 0.0 247.0277636464933 313.2736642721389 0.0 7551.946143017885 0.0 0.0 0.0 1634.6144797125494 591.2585015436946 241.2520894610027 0.0 0.0 0.0 0.0 0.0 0.0 266.3453958612945 42.88189349219965 1837.350523046669 203.66715497748476
102.86302256369741 0.0 0.0 0.0 24.34005210188687 424.6456717901077 0.0 761.4259182834335 23.636768888613787 21.623982727515987 4163.7363399184005 712.2994880876761 0.0 0.0 284.90197469148825 0.0 135.58124355245565 2762.7001194243508 0.0 0.0 33.207104409737646 0.0 0.0 0.0 0.0 0.0 0.0 0.0 263.8158955831045 0.0 0.0 0.0 0.0 11746.077152248545 245.49643181560646 292.65708546818627 2435.118276321985 0.0 559.4342478407564 286.6138511409741 0.0 884.1350191720423 0.0 0.0 0.0 543.3649285908886 0.0 34.66448849224104 854.8753103987747 155.13681908487922
154.33918763537088 0.0 0.0 0.0 31.389143355271703 0.0 3158.62300162314 0.0 35.79072687129661 35.31221969143071 0.0 1089.0087186807757 1544.069835422987 134.97669253741697 0.0 480.47416300645 0.0 0.0 327.0749155046366 221.32867829121219 0.0 964.3395281859548 0.0 0.0 837.9353305875861 0.0 4396.608175306708 727.2733051196947 597.650349025434 469.7740431645307 0.0 0.0 0.0 14863.833282559734 0.0 474.46803032519125 4202.9226281230485 0.0 0.0 409.37233152656523 1510.2596272058445 1544.4013106105126 381.32460149153474 480.6239248619094 3196.0658026519877 685.6845938072826 0.0 0.0 0.0 0.0
0.0 0.0 0.0 0.0 39.08209458531392 0.0 0.0 1284.9205755623325 0.0 37.31246193933525 6031.853914172296 0.0 1576.0758970791062 0.0 0.0 543.5069273188961 305.04143458757886 0.0 0.0 0.0 44.209397183844416 0.0 484.7159675391185 321.3808211215254 939.9630149637308 369.4129041074437 4577.400076121521 563.5103135397266 0.0 0.0 0.0 334.0345586883828 774.1927329693399 0.0 0.0 0.0 4899.402470469458 2053.5525553956227 654.7867631000942 358.9360627968586 2049.1962356542463 1375.9604228844564 328.1741139323127 0.0 2033.478625090033 717.4759662906139 0.0 61.08665649417703 0.0 243.58289460962206
163.2496678286862 75.40491779241574 795.990663219288 1210.1845953936916 0.0 0.0 2640.4719177403317 1373.9899679179152 0.0 0.0 0.0 1025.2785592661544 0.0 135.05275822067472 663.998894818254 590.0560138559858 224.47801836512863 3223.2213013419414 0.0 0.0 0.0 0.0 0.0 0.0 0.0 0.0 3978.06218591181 600.5257772697513 528.1470623626542 0.0 0.0 377.64544459643 759.1554979282269 11559.12977280835 0.0 352.14651801569204 0.0 0.0 0.0 295.72321294259814 1618.91318190784 1136.2235633164444 350.883373275599 0.0 2441.3508751573368 975.1731869036541 0.0 32.740366422788746 1722.3711823829221 244.93687278199326
180.84586089606776 96.81633823821544 838.254183523118 1983.7504151397475 40.252226537033685 0.0 0.0 0.0 0.0 41.39890143850245 6496.150442877052 0.0 0.0 0.0 0.0 840.9934008545001 330.1155750231358 0.0 308.8476453359384 314.77921284304335 50.53250878151309 1268.357260373947 0.0 386.8835099648085 0.0 437.8933062429066 6125.515471756085 0.0 0.0 614.1785977377274 0.0 413.01772151084356 1091.2633287533656 16177.88670538651 439.5215934769783 0.0 5538.393223775826 0.0 1021.8818306254636 393.549001073164 0.0 1596.528876575924 334.2452166689024 0.0 2962.143731696809 1039.7306321984877 0.0 61.845663286578386 0.0 0.0
0.0 0.0 657.7123162901383 0.0 0.0 472.2601833089668 2288.6721176212814 1067.2254548630137 28.084019312536647 0.0 0.0 0.0 1409.6656954464456 136.2209372702088 0.0 0.0 0.0 2876.8196066225137 270.1326027903224 0.0 35.196385343432176 760.7527482254246 0.0 0.0 603.1757539121213 0.0 0.0 632.5418573360519 424.8712177775593 0.0 0.0 0.0 788.1069869904852 10591.284635775926 0.0 0.0 0.0 2088.210437176403 0.0 0.0 1450.4093454193771 1160.0477076123138 231.2875126052352 495.4967899567114 0.0 645.5185484521093 194.384141244987 0.0 0.0 218.4925868302365
0.0 0.0 0.0 0.0 30.961438041936642 0.0 0.0 0.0 35.79982401898951 35.484558382589135 5390.8922139390625 0.0 0.0 0.0 838.9171788536459 0.0 0.0 2545.274072409962 0.0 162.37674419634064 0.0 768.9891336994243 649.8889289275808 0.0 0.0 343.11360453721176 4350.375190899531 548.8362695262529 0.0 308.3189239444608 217.43143357536385 401.49966256709524 0.0 10765.339448935343 278.5730447619518 467.6399607124219 3265.278859568578 0.0 0.0 0.0 1552.0353690951315 1155.3578812023545 0.0 0.0 0.0 803.5222693873343 0.0 0.0 1650.2746233133164 167.97740087479687
197.25754758579941 0.0 0.0 1940.271146523922 0.0 0.0 1928.2942656141015 0.0 0.0 0.0 6504.588700397783 955.8302078480308 0.0 157.431584837099 0.0 0.0 292.9632400030212 0.0 0.0 0.0 0.0 0.0 709.9749356867125 0.0 722.0505153902368 355.1297072655141 5078.101745315252 854.6764121293978 0.0 650.076722185217 210.74765303449473 0.0 808.2470267652249 0.0 0.0 0.0 0.0 2412.319590653677 0.0 0.0 1965.8123946355759 0.0 365.50582890725684 0.0 2907.682829070043 0.0 258.3622536355116 0.0 1788.7266953091148 0.0
147.5895490825445 0.0 0.0 0.0 0.0 870.2516711989086 2742.8958566875112 0.0 44.64896736695069 0.0 4653.487616019848 0.0 0.0 162.4216604586631 936.5833394005301 0.0 245.47416329224777 0.0 302.12860181140195 249.04575480237492 42.80555360477647 1090.6239653253247 0.0 405.9948032833784 902.523450152045 453.43109936777614 0.0 923.2443744925911 0.0 0.0 0.0 0.0 686.2858663960724 0.0 0.0 413.3321243902395 4522.76252531122 2567.3446141386567 0.0 0.0 2125.219270056675 0.0 387.1731330932364 0.0 0.0 705.4678140628912 0.0 0.0 1667.8587887606993 0.0
0.0 65.32706576516188 730.0164192167543 1350.6009485231073 17.62702717302584 0.0 0.0 1049.6499577616667 0.0 0.0 4061.799822616895 984.7225226188625 1310.8151348788074 150.40194576876942 266.66071399052413 0.0 158.6435781993807 3642.8444308441153 0.0 256.67221759150414 42.66262921721095 0.0 0.0 0.0 919.5895986380783 0.0 4342.4178241340205 0.0 552.2158039740912 472.1416196563566 0.0 0.0 556.1864928233938 16707.277449553265 0.0 365.82001570560305 4273.545614134664 0.0 0.0 320.6458320335414 0.0 0.0 352.8896352667629 577.5164656813307 0.0 0.0 0.0 0.0 0.0 0.0
175.4269645459599 0.0 708.7457461311562 0.0 43.91264630892592 0.0 0.0 1164.0151866281165 33.79207121056357 0.0 6751.949941640415 1074.8104755028899 1683.1339744154723 108.1765766498582 778.5727476179486 660.5891080416529 297.05655012444515 0.0 0.0 0.0 35.60942108233554 881.4311453541181 741.6674138897068 0.0 1056.1288327239286 405.08026605785324 0.0 503.8385175259059 0.0 673.6377528529256 0.0 0.0 0.0 14180.353685969849 0.0 0.0 0.0 0.0 0.0 420.45008668792786 1821.7838478690317 0.0 0.0 465.7404797181524 0.0 944.7612212031048 162.2922654762035 0.0 1574.4368989705476 266.4442299970173
133.1743078246862 88.38457283351569 759.5638363585616 0.0 0.0 0.0 0.0 0.0 0.0 28.0487536481584 5224.707973294759 0.0 0.0 0.0 0.0 0.0 266.0311789785971 0.0 219.32376850630388 197.63200316771335 35.19295639538635 813.2923182828632 612.3738390423173 279.95413691473846 953.3257076314161 0.0 3862.115997055429 568.9718653806241 0.0 474.96435541764237 0.0 299.9380604492789 0.0 11754.679134136613 270.6373785014136 0.0 3641.945466030056 0.0 751.4782582356198 0.0 0.0 0.0 241.73383955342481 0.0 2101.20078069725 728.5040774905724 215.97526436517722 57.06520921794413 0.0 0.0
127.09749441656837 83.92735156710438 830.2626446556442 0.0 0.0 0.0 0.0 0.0 40.753256530055175 0.0 0.0 744.0340327259723 0.0 0.0 0.0 0.0 0.0 0.0 253.26949707338497 0.0 41.085342903868266 896.040363839911 0.0 0.0 0.0 0.0 0.0 0.0 448.5064087774387 0.0 0.0 285.4230789985104 771.0319513833704 13397.255674049176 0.0 0.0 4263.225462051825 0.0 0.0 0.0 1722.4943909664098 0.0 274.542534370605 556.6340876167742 2467.323207458666 685.7525665088156 237.0940551913605 0.0 0.0 216.38538862902783
120.11298237449103 64.74485110362791 573.0242032595504 1203.0685675270502 0.0 531.9340970389583 0.0 1010.7836803114426 0.0 17.41314479155538 4617.170375125212 907.5249907453759 0.0 0.0 0.0 638.3453976897856 0.0 0.0 0.0 0.0 0.0 736.3564083324816 534.489803361992 0.0 0.0 312.4543574513012 0.0 0.0 255.10820895408028 0.0 223.8615026534726 0.0 664.5009567377172 0.0 0.0 0.0 2481.393008501129 0.0 709.7591320239087 129.23091975761918 0.0 904.4125929555776 0.0 0.0 995.5318483639437 0.0 213.2358189893701 43.03101193692715 0.0 0.0
95.5673052883866 63.813163739921606 0.0 0.0 0.0 511.95753336217035 0.0 1103.908368408052 0.0 24.487798184546328 4567.877453932631 0.0 955.6748556995924 114.89048229508651 444.3071918370645 0.0 0.0 0.0 0.0 0.0 0.0 562.0124489928386 405.81606160030697 226.27745092369076 0.0 274.675135066033 3059.4242516639365 470.54568808701595 0.0 450.9223993624151 0.0 227.64988785676528 0.0 0.0 0.0 0.0 2963.4725542144633 1580.042023678946 0.0 0.0 0.0 1056.900136915777 0.0 0.0 1486.656037216365 529.5095665634192 0.0 0.0 892.1318073726643 0.0
144.1574257068871 85.06678378927838 663.0082307396375 1505.4047674145213 33.79847783782104 512.6072271845646 2717.488770862246 0.0 0.0 37.59598579802243 4943.891318262918 1004.3224749144572 1763.2595870457164 0.0 0.0 661.5371020491991 218.432960101423 0.0 234.61563103060445 0.0 30.964299482253185 737.9250787914934 494.3450951810711 353.7971097451836 773.8081263375526 0.0 3644.747802513174 487.3654988668656 504.2840576992506 548.8324664390577 0.0 0.0 0.0 0.0 284.9625763677413 0.0 0.0 0.0 0.0 333.1648499495378 0.0 0.0 268.89197669702736 533.5370658533051 0.0 0.0 236.20198868259666 42.49363355735788 0.0 206.03199380104235
0.0 93.97913041020735 0.0 1532.4408311546624 31.999704904466398 0.0 2599.4476139500975 1018.9395616759166 22.550744503854908 0.0 4273.45764928941 909.072075264513 1339.4951102591 0.0 0.0 567.2373239247061 0.0 0.0 0.0 0.0 0.0 0.0 527.1766984054991 250.53740997688752 0.0 0.0 0.0 0.0 514.0709925347206 609.9403047142968 0.0 330.9595491527526 751.1033498537874 15763.33225258582 0.0 0.0 3142.5007499019916 2196.966811179065 0.0 0.0 0.0 619.8995192052917 278.60758801278433 0.0 2462.9032785743675 562.0884297999596 0.0 54.32470938542871 1483.9079487010454 0.0
142.26575262390264 0.0 607.5146428860152 1611.2871242456606 28.958103668676525 0.0 0.0 0.0 33.45680896776142 0.0 5791.476892213369 0.0 1643.7949403233636 0.0 490.6705956480041 0.0 174.11222468123643 3087.4686941474583 0.0 0.0 35.33111987536479 0.0 0.0 365.4464152420172 0.0 0.0 1960.8058420481505 607.1150554705325 0.0 494.20693825242245 185.04159436157374 377.24848130862995 0.0 0.0 402.5572128114122 0.0 3688.3231985817997 2042.8460638073611 781.7595023324392 308.3854473271824 1183.326605874709 0.0 281.9223914672098 0.0 0.0 839.1844938277136 212.2940301245031 38.5141790056702 0.0 0.0
143.76748141275752 75.2659749810997 655.5619894363904 0.0 32.41668347476123 0.0 0.0 1285.2340248643225 0.0 0.0 5867.9371203602195 0.0 0.0 0.0 536.5535498103966 626.9586873315653 0.0 3670.858545209677 0.0 193.08240685781533 0.0 721.2695700850154 523.4611070327974 352.94638607723306 793.4068390017504 279.0447512676232 0.0 0.0 0.0 0.0 0.0 0.0 0.0 12249.647566763968 0.0 0.0 0.0 1941.3857023958883 705.3902503760968 304.0589374052901 0.0 1101.4123187264897 337.4926784356001 474.3912300322791 2096.6986904330884 0.0 0.0 0.0 0.0 0.0
175.84277613530193 89.5076416760234 743.0546480119239 0.0 30.83160838232061 627.5936936829294 0.0 0.0 35.977896214585144 0.0 6046.279115830312 0.0 0.0 182.21497555931617 642.4643090713105 0.0 204.6477464756523 0.0 0.0 228.89765673948511 0.0 0.0 0.0 0.0 815.5632921330805 0.0 5421.600629719289 546.5923225413096 492.79468908764017 490.94804606467625 252.714870518524 403.73024649678007 0.0 11478.774763546744 0.0 0.0 0.0 0.0 0.0 319.0036538609132 0.0 1370.2752406953018 0.0 0.0 0.0 0.0 222.7031983451476 0.0 1564.0816930562926 279.44472250895035
