
Gurobi 12.0.3 (mac64[arm]) logging started Sat Sep 27 11:09:39 2025

Set parameter LogFile to value "Logs/Facility Location Logs/bernoulli_true/L100/phase1/scenario_generation.log"
Set parameter LogToConsole to value 0

Gurobi 12.0.3 (mac64[arm]) logging started Sat Sep 27 11:09:39 2025

Set parameter LogFile to value "Logs/Facility Location Logs/bernoulli_true/L100/phase1/scenario_generation.log"
Gurobi Optimizer version 12.0.3 build v12.0.3rc0 (mac64[arm] - Darwin 24.6.0 24G222)

CPU model: Apple M3
Thread count: 8 physical cores, 8 logical processors, using up to 8 threads

Non-default parameters:
LogToConsole  0

Optimize a model with 75 rows, 1325 columns and 2575 nonzeros
Model fingerprint: 0x2e673d72
Variable types: 1300 continuous, 25 integer (25 binary)
Coefficient statistics:
  Matrix range     [1e+00, 2e+04]
  Objective range  [8e-03, 8e+03]
  Bounds range     [0e+00, 0e+00]
  RHS range        [1e+03, 1e+04]
Found heuristic solution: objective 3509300.0000
Presolve removed 24 rows and 625 columns
Presolve time: 0.00s
Presolved: 51 rows, 700 columns, 1350 nonzeros
Variable types: 676 continuous, 24 integer (24 binary)

Root relaxation: objective 7.774211e+04, 81 iterations, 0.00 seconds (0.00 work units)

    Nodes    |    Current Node    |     Objective Bounds      |     Work
 Expl Unexpl |  Obj  Depth IntInf | Incumbent    BestBd   Gap | It/Node Time

     0     0 77742.1116    0   14 3509300.00 77742.1116  97.8%     -    0s
H    0     0                    155149.11164 77742.1116  49.9%     -    0s
H    0     0                    149453.47233 77742.1116  48.0%     -    0s
H    0     0                    125855.92369 77742.1116  38.2%     -    0s
     0     0 81838.1671    0    6 125855.924 81838.1671  35.0%     -    0s
H    0     0                    114245.16708 81995.5137  28.2%     -    0s
H    0     0                    112618.84359 81995.5137  27.2%     -    0s
H    0     0                    105467.72035 81995.5137  22.3%     -    0s
     0     0 81995.5137    0    6 105467.720 81995.5137  22.3%     -    0s
     0     0 82197.5930    0    6 105467.720 82197.5930  22.1%     -    0s
H    0     0                    99962.433509 82219.0674  17.8%     -    0s
H    0     0                    98580.209933 82219.0674  16.6%     -    0s
H    0     0                    91358.537308 82219.0674  10.0%     -    0s
H    0     0                    84551.854191 82219.0674  2.76%     -    0s
     0     0 82219.0674    0    6 84551.8542 82219.0674  2.76%     -    0s
H    0     0                    84539.856094 82219.0674  2.75%     -    0s
     0     0 82385.0710    0    5 84539.8561 82385.0710  2.55%     -    0s
     0     0 82476.6629    0    5 84539.8561 82476.6629  2.44%     -    0s
H    0     0                    84534.139013 82476.6629  2.43%     -    0s
     0     0 82700.6680    0    5 84534.1390 82700.6680  2.17%     -    0s
     0     0 82703.4882    0    5 84534.1390 82703.4882  2.17%     -    0s
     0     0 82772.1870    0    1 84534.1390 82772.1870  2.08%     -    0s
     0     0 82791.3000    0    2 84534.1390 82791.3000  2.06%     -    0s
     0     0 82793.4616    0    2 84534.1390 82793.4616  2.06%     -    0s
     0     0 82800.9482    0    1 84534.1390 82800.9482  2.05%     -    0s
     0     0 82800.9482    0    1 84534.1390 82800.9482  2.05%     -    0s
     0     2 82800.9834    0    1 84534.1390 82800.9834  2.05%     -    0s

Cutting planes:
  Implied bound: 39
  MIR: 4
  Flow cover: 5
  Relax-and-lift: 1

Explored 179 nodes (2645 simplex iterations) in 0.04 seconds (0.05 work units)
Thread count was 8 (of 8 available processors)

Solution count 10: 84534.1 91358.5 98580.2 ... 155149

Optimal solution found (tolerance 1.00e-04)
Best objective 8.453413901325e+04, best bound 8.453413901325e+04, gap 0.0000%

User-callback calls 643, time in user-callback 0.00 sec

Gurobi 12.0.3 (mac64[arm]) logging started Sat Sep 27 11:09:39 2025

Set parameter LogFile to value "Logs/Facility Location Logs/bernoulli_true/L100/phase1/scenario_generation.log"
Set parameter LogToConsole to value 0

Gurobi 12.0.3 (mac64[arm]) logging started Sat Sep 27 11:09:39 2025

Set parameter LogFile to value "Logs/Facility Location Logs/bernoulli_true/L100/phase1/scenario_generation.log"
Gurobi Optimizer version 12.0.3 build v12.0.3rc0 (mac64[arm] - Darwin 24.6.0 24G222)

CPU model: Apple M3
Thread count: 8 physical cores, 8 logical processors, using up to 8 threads

Non-default parameters:
LogToConsole  0

Optimize a model with 75 rows, 1325 columns and 2575 nonzeros
Model fingerprint: 0x9072ec43
Variable types: 1300 continuous, 25 integer (25 binary)
Coefficient statistics:
  Matrix range     [1e+00, 2e+04]
  Objective range  [8e-03, 8e+03]
  Bounds range     [0e+00, 0e+00]
  RHS range        [1e+03, 1e+04]
Found heuristic solution: objective 2747650.0000
Presolve removed 29 rows and 755 columns
Presolve time: 0.00s
Presolved: 46 rows, 570 columns, 1095 nonzeros
Variable types: 546 continuous, 24 integer (24 binary)

Root relaxation: objective 6.190695e+04, 87 iterations, 0.00 seconds (0.00 work units)

    Nodes    |    Current Node    |     Objective Bounds      |     Work
 Expl Unexpl |  Obj  Depth IntInf | Incumbent    BestBd   Gap | It/Node Time

     0     0 61906.9522    0   10 2747650.00 61906.9522  97.7%     -    0s
H    0     0                    116930.45221 61906.9522  47.1%     -    0s
H    0     0                    110407.93145 61906.9522  43.9%     -    0s
H    0     0                    97818.831229 61906.9522  36.7%     -    0s
H    0     0                    88157.118839 61906.9522  29.8%     -    0s
H    0     0                    68189.804957 65239.9792  4.33%     -    0s
H    0     0                    68117.613755 65239.9792  4.22%     -    0s
     0     0 65239.9792    0    5 68117.6138 65239.9792  4.22%     -    0s
     0     0 65278.5110    0    5 68117.6138 65278.5110  4.17%     -    0s
     0     0 65589.6241    0    5 68117.6138 65589.6241  3.71%     -    0s
     0     0 65631.1211    0    5 68117.6138 65631.1211  3.65%     -    0s
     0     0 65758.1796    0    5 68117.6138 65758.1796  3.46%     -    0s
     0     0 65918.9011    0    6 68117.6138 65918.9011  3.23%     -    0s
     0     0 65980.1466    0    6 68117.6138 65980.1466  3.14%     -    0s
     0     0 65997.8222    0    8 68117.6138 65997.8222  3.11%     -    0s
     0     0 65997.8222    0    7 68117.6138 65997.8222  3.11%     -    0s
     0     0 66164.5263    0    4 68117.6138 66164.5263  2.87%     -    0s
     0     0 66286.4901    0    4 68117.6138 66286.4901  2.69%     -    0s
     0     0 67151.5391    0    5 68117.6138 67151.5391  1.42%     -    0s
     0     0 67200.1885    0    5 68117.6138 67200.1885  1.35%     -    0s
     0     2 67200.1885    0    5 68117.6138 67200.1885  1.35%     -    0s

Cutting planes:
  Implied bound: 52
  MIR: 3
  Flow cover: 4
  Relax-and-lift: 3

Explored 55 nodes (1257 simplex iterations) in 0.03 seconds (0.04 work units)
Thread count was 8 (of 8 available processors)

Solution count 6: 68117.6 88157.1 97818.8 ... 2.74765e+06

Optimal solution found (tolerance 1.00e-04)
Best objective 6.811761375469e+04, best bound 6.811761375469e+04, gap 0.0000%

User-callback calls 378, time in user-callback 0.00 sec

Gurobi 12.0.3 (mac64[arm]) logging started Sat Sep 27 11:09:39 2025

Set parameter LogFile to value "Logs/Facility Location Logs/bernoulli_true/L100/phase1/scenario_generation.log"
Set parameter LogToConsole to value 0

Gurobi 12.0.3 (mac64[arm]) logging started Sat Sep 27 11:09:39 2025

Set parameter LogFile to value "Logs/Facility Location Logs/bernoulli_true/L100/phase1/scenario_generation.log"
Gurobi Optimizer version 12.0.3 build v12.0.3rc0 (mac64[arm] - Darwin 24.6.0 24G222)

CPU model: Apple M3
Thread count: 8 physical cores, 8 logical processors, using up to 8 threads

Non-default parameters:
LogToConsole  0

Optimize a model with 75 rows, 1325 columns and 2575 nonzeros
Model fingerprint: 0x45b408c0
Variable types: 1300 continuous, 25 integer (25 binary)
Coefficient statistics:
  Matrix range     [1e+00, 2e+04]
  Objective range  [8e-03, 8e+03]
  Bounds range     [0e+00, 0e+00]
  RHS range        [9e+02, 1e+04]
Found heuristic solution: objective 3253550.0000
Presolve removed 22 rows and 573 columns
Presolve time: 0.00s
Presolved: 53 rows, 752 columns, 1452 nonzeros
Variable types: 728 continuous, 24 integer (24 binary)

Root relaxation: objective 6.363239e+04, 100 iterations, 0.00 seconds (0.00 work units)

    Nodes    |    Current Node    |     Objective Bounds      |     Work
 Expl Unexpl |  Obj  Depth IntInf | Incumbent    BestBd   Gap | It/Node Time

     0     0 63632.3910    0   15 3253550.00 63632.3910  98.0%     -    0s
H    0     0                    151096.89104 63632.3910  57.9%     -    0s
H    0     0                    125080.39193 63632.3910  49.1%     -    0s
H    0     0                    122652.41894 63632.3910  48.1%     -    0s
H    0     0                    116729.07816 63632.3910  45.5%     -    0s
H    0     0                    114258.21703 63632.3910  44.3%     -    0s
H    0     0                    99967.902801 63632.3910  36.3%     -    0s
     0     0 66817.0176    0    7 99967.9028 66817.0176  33.2%     -    0s
H    0     0                    94020.984646 66867.7590  28.9%     -    0s
H    0     0                    79476.249187 66867.7590  15.9%     -    0s
     0     0 67065.3878    0    6 79476.2492 67065.3878  15.6%     -    0s
H    0     0                    78626.121480 67065.3878  14.7%     -    0s
H    0     0                    73869.898332 67065.3878  9.21%     -    0s
H    0     0                    71488.668083 67065.3878  6.19%     -    0s
     0     0 67116.5063    0    4 71488.6681 67116.5063  6.12%     -    0s
     0     0 67177.2735    0    3 71488.6681 67177.2735  6.03%     -    0s
     0     0 67211.9182    0    4 71488.6681 67211.9182  5.98%     -    0s
     0     0 67218.8800    0    4 71488.6681 67218.8800  5.97%     -    0s
     0     0 67258.5647    0    1 71488.6681 67258.5647  5.92%     -    0s
     0     0 67258.8583    0    1 71488.6681 67258.8583  5.92%     -    0s
     0     0 67268.4393    0    1 71488.6681 67268.4393  5.90%     -    0s
H    0     0                    71370.329996 67268.4393  5.75%     -    0s
     0     0 67278.6659    0    1 71370.3300 67278.6659  5.73%     -    0s
     0     0 67278.8280    0    2 71370.3300 67278.8280  5.73%     -    0s
     0     0 67285.2510    0    2 71370.3300 67285.2510  5.72%     -    0s
     0     0 67285.2510    0    2 71370.3300 67285.2510  5.72%     -    0s
H    0     0                    71354.257128 67285.2510  5.70%     -    0s
     0     2 67285.3143    0    2 71354.2571 67285.3143  5.70%     -    0s

Cutting planes:
  Implied bound: 38
  MIR: 8
  Flow cover: 6
  Relax-and-lift: 7

Explored 1402 nodes (19407 simplex iterations) in 0.11 seconds (0.17 work units)
Thread count was 8 (of 8 available processors)

Solution count 10: 71354.3 73869.9 78626.1 ... 125080

Optimal solution found (tolerance 1.00e-04)
Best objective 7.135425712800e+04, best bound 7.135425712800e+04, gap 0.0000%

User-callback calls 3117, time in user-callback 0.00 sec

Gurobi 12.0.3 (mac64[arm]) logging started Sat Sep 27 11:09:39 2025

Set parameter LogFile to value "Logs/Facility Location Logs/bernoulli_true/L100/phase1/scenario_generation.log"
Set parameter LogToConsole to value 0

Gurobi 12.0.3 (mac64[arm]) logging started Sat Sep 27 11:09:39 2025

Set parameter LogFile to value "Logs/Facility Location Logs/bernoulli_true/L100/phase1/scenario_generation.log"
Gurobi Optimizer version 12.0.3 build v12.0.3rc0 (mac64[arm] - Darwin 24.6.0 24G222)

CPU model: Apple M3
Thread count: 8 physical cores, 8 logical processors, using up to 8 threads

Non-default parameters:
LogToConsole  0

Optimize a model with 75 rows, 1325 columns and 2575 nonzeros
Model fingerprint: 0x83e92d77
Variable types: 1300 continuous, 25 integer (25 binary)
Coefficient statistics:
  Matrix range     [1e+00, 2e+04]
  Objective range  [8e-03, 8e+03]
  Bounds range     [0e+00, 0e+00]
  RHS range        [2e+03, 7e+03]
Found heuristic solution: objective 3309350.0000
Presolve removed 27 rows and 703 columns
Presolve time: 0.00s
Presolved: 48 rows, 622 columns, 1197 nonzeros
Variable types: 598 continuous, 24 integer (24 binary)

Root relaxation: objective 3.966351e+04, 80 iterations, 0.00 seconds (0.00 work units)

    Nodes    |    Current Node    |     Objective Bounds      |     Work
 Expl Unexpl |  Obj  Depth IntInf | Incumbent    BestBd   Gap | It/Node Time

     0     0 39663.5142    0   13 3309350.00 39663.5142  98.8%     -    0s
H    0     0                    111570.01419 39663.5142  64.4%     -    0s
H    0     0                    88966.454717 39663.5142  55.4%     -    0s
H    0     0                    82131.421472 39663.5142  51.7%     -    0s
H    0     0                    75530.879679 39663.5142  47.5%     -    0s
H    0     0                    69900.892280 42994.3923  38.5%     -    0s
     0     0 42994.3923    0    6 69900.8923 42994.3923  38.5%     -    0s
H    0     0                    55024.745941 43047.0408  21.8%     -    0s
H    0     0                    53980.062852 43216.5547  19.9%     -    0s
     0     0 43216.5547    0    2 53980.0629 43216.5547  19.9%     -    0s
H    0     0                    46772.212410 43216.5547  7.60%     -    0s
     0     0 43227.6431    0    1 46772.2124 43227.6431  7.58%     -    0s
     0     0 43235.7862    0    2 46772.2124 43235.7862  7.56%     -    0s
     0     0 43236.0346    0    2 46772.2124 43236.0346  7.56%     -    0s
     0     0 43253.3538    0    2 46772.2124 43253.3538  7.52%     -    0s
     0     0 43282.5724    0    3 46772.2124 43282.5724  7.46%     -    0s
     0     0 43282.9121    0    2 46772.2124 43282.9121  7.46%     -    0s
     0     0 43298.8822    0    2 46772.2124 43298.8822  7.43%     -    0s
     0     0 43345.4692    0    2 46772.2124 43345.4692  7.33%     -    0s
     0     0 43381.5533    0    2 46772.2124 43381.5533  7.25%     -    0s
     0     0 43456.0495    0    3 46772.2124 43456.0495  7.09%     -    0s
     0     0 43464.8469    0    3 46772.2124 43464.8469  7.07%     -    0s
     0     2 43464.8469    0    3 46772.2124 43464.8469  7.07%     -    0s
*   47    49               8    46759.911510 43464.8469  7.05%  13.5    0s

Cutting planes:
  Implied bound: 39
  MIR: 6
  Relax-and-lift: 1

Explored 973 nodes (11402 simplex iterations) in 0.07 seconds (0.10 work units)
Thread count was 8 (of 8 available processors)

Solution count 10: 46759.9 46772.2 53980.1 ... 3.30935e+06

Optimal solution found (tolerance 1.00e-04)
Best objective 4.675991150981e+04, best bound 4.675991150981e+04, gap 0.0000%

User-callback calls 2236, time in user-callback 0.00 sec

Gurobi 12.0.3 (mac64[arm]) logging started Sat Sep 27 11:09:39 2025

Set parameter LogFile to value "Logs/Facility Location Logs/bernoulli_true/L100/phase1/scenario_generation.log"
Set parameter LogToConsole to value 0

Gurobi 12.0.3 (mac64[arm]) logging started Sat Sep 27 11:09:39 2025

Set parameter LogFile to value "Logs/Facility Location Logs/bernoulli_true/L100/phase1/scenario_generation.log"
Gurobi Optimizer version 12.0.3 build v12.0.3rc0 (mac64[arm] - Darwin 24.6.0 24G222)

CPU model: Apple M3
Thread count: 8 physical cores, 8 logical processors, using up to 8 threads

Non-default parameters:
LogToConsole  0

Optimize a model with 75 rows, 1325 columns and 2575 nonzeros
Model fingerprint: 0x336801e4
Variable types: 1300 continuous, 25 integer (25 binary)
Coefficient statistics:
  Matrix range     [1e+00, 2e+04]
  Objective range  [8e-03, 8e+03]
  Bounds range     [0e+00, 0e+00]
  RHS range        [9e+02, 2e+04]
Found heuristic solution: objective 3234200.0000
Presolve removed 21 rows and 547 columns
Presolve time: 0.00s
Presolved: 54 rows, 778 columns, 1503 nonzeros
Variable types: 754 continuous, 24 integer (24 binary)

Root relaxation: objective 6.744297e+04, 78 iterations, 0.00 seconds (0.00 work units)

    Nodes    |    Current Node    |     Objective Bounds      |     Work
 Expl Unexpl |  Obj  Depth IntInf | Incumbent    BestBd   Gap | It/Node Time

     0     0 67442.9685    0   15 3234200.00 67442.9685  97.9%     -    0s
H    0     0                    162600.96849 67442.9685  58.5%     -    0s
H    0     0                    148561.57607 67442.9685  54.6%     -    0s
H    0     0                    145573.52536 67442.9685  53.7%     -    0s
H    0     0                    129912.46251 67442.9685  48.1%     -    0s
H    0     0                    125628.95442 68029.4749  45.8%     -    0s
H    0     0                    97693.763549 71166.5825  27.2%     -    0s
     0     0 71166.5825    0    9 97693.7635 71166.5825  27.2%     -    0s
H    0     0                    91237.681986 71491.4059  21.6%     -    0s
H    0     0                    83028.594553 71491.4059  13.9%     -    0s
     0     0 72156.1488    0    9 83028.5946 72156.1488  13.1%     -    0s
H    0     0                    78772.894556 72173.1262  8.38%     -    0s
     0     0 72520.4320    0   10 78772.8946 72520.4320  7.94%     -    0s
H    0     0                    78540.160713 72609.1613  7.55%     -    0s
H    0     0                    77925.970056 72609.1613  6.82%     -    0s
     0     0 72609.1613    0    7 77925.9701 72609.1613  6.82%     -    0s
H    0     0                    77454.464440 72610.5425  6.25%     -    0s
     0     0 72610.5425    0    9 77454.4644 72610.5425  6.25%     -    0s
     0     0 72688.3168    0    6 77454.4644 72688.3168  6.15%     -    0s
     0     0 72698.7955    0    9 77454.4644 72698.7955  6.14%     -    0s
     0     0 72702.1270    0    9 77454.4644 72702.1270  6.14%     -    0s
     0     0 72784.5411    0    6 77454.4644 72784.5411  6.03%     -    0s
H    0     0                    75859.823024 72784.5411  4.05%     -    0s
     0     0 72802.8805    0    7 75859.8230 72802.8805  4.03%     -    0s
     0     0 72802.8805    0    7 75859.8230 72802.8805  4.03%     -    0s
H    0     0                    75858.083284 72802.8805  4.03%     -    0s
H    0     0                    75839.039526 72802.8805  4.00%     -    0s
     0     2 72802.8805    0    7 75839.0395 72802.8805  4.00%     -    0s

Cutting planes:
  Implied bound: 70
  MIR: 4
  Flow cover: 7
  Relax-and-lift: 3

Explored 632 nodes (8409 simplex iterations) in 0.08 seconds (0.11 work units)
Thread count was 8 (of 8 available processors)

Solution count 10: 75839 75859.8 77454.5 ... 145574

Optimal solution found (tolerance 1.00e-04)
Best objective 7.583903952600e+04, best bound 7.583903952600e+04, gap 0.0000%

User-callback calls 1568, time in user-callback 0.00 sec

Gurobi 12.0.3 (mac64[arm]) logging started Sat Sep 27 11:09:39 2025

Set parameter LogFile to value "Logs/Facility Location Logs/bernoulli_true/L100/phase1/scenario_generation.log"
Set parameter LogToConsole to value 0

Gurobi 12.0.3 (mac64[arm]) logging started Sat Sep 27 11:09:39 2025

Set parameter LogFile to value "Logs/Facility Location Logs/bernoulli_true/L100/phase1/scenario_generation.log"
Gurobi Optimizer version 12.0.3 build v12.0.3rc0 (mac64[arm] - Darwin 24.6.0 24G222)

CPU model: Apple M3
Thread count: 8 physical cores, 8 logical processors, using up to 8 threads

Non-default parameters:
LogToConsole  0

Optimize a model with 75 rows, 1325 columns and 2575 nonzeros
Model fingerprint: 0x0634eda6
Variable types: 1300 continuous, 25 integer (25 binary)
Coefficient statistics:
  Matrix range     [1e+00, 2e+04]
  Objective range  [8e-03, 8e+03]
  Bounds range     [0e+00, 0e+00]
  RHS range        [7e+02, 5e+03]
Found heuristic solution: objective 1850250.0000
Presolve removed 27 rows and 703 columns
Presolve time: 0.00s
Presolved: 48 rows, 622 columns, 1197 nonzeros
Variable types: 598 continuous, 24 integer (24 binary)

Root relaxation: objective 2.072406e+04, 94 iterations, 0.00 seconds (0.00 work units)

    Nodes    |    Current Node    |     Objective Bounds      |     Work
 Expl Unexpl |  Obj  Depth IntInf | Incumbent    BestBd   Gap | It/Node Time

     0     0 20724.0590    0    9 1850250.00 20724.0590  98.9%     -    0s
H    0     0                    77221.559039 20724.0590  73.2%     -    0s
H    0     0                    55505.354220 20724.0590  62.7%     -    0s
H    0     0                    41192.201411 23313.1621  43.4%     -    0s
     0     0 23313.1621    0    8 41192.2014 23313.1621  43.4%     -    0s
H    0     0                    34319.939445 23413.3868  31.8%     -    0s
H    0     0                    34167.714644 23413.3868  31.5%     -    0s
H    0     0                    31064.385154 23413.3868  24.6%     -    0s
H    0     0                    31057.742839 23413.3868  24.6%     -    0s
     0     0 23413.3868    0    8 31057.7428 23413.3868  24.6%     -    0s
H    0     0                    27317.330906 23413.3868  14.3%     -    0s
     0     0 23891.9873    0    9 27317.3309 23891.9873  12.5%     -    0s
     0     0 24010.9008    0    6 27317.3309 24010.9008  12.1%     -    0s
     0     0 24011.7353    0    7 27317.3309 24011.7353  12.1%     -    0s
     0     0 24842.0261    0    5 27317.3309 24842.0261  9.06%     -    0s
     0     0 24955.6997    0    5 27317.3309 24955.6997  8.65%     -    0s
     0     0 25512.3135    0    9 27317.3309 25512.3135  6.61%     -    0s
     0     0 25538.4404    0    8 27317.3309 25538.4404  6.51%     -    0s
     0     0 25913.2608    0    1 27317.3309 25913.2608  5.14%     -    0s
     0     0 25934.3415    0    5 27317.3309 25934.3415  5.06%     -    0s
     0     0 25934.3415    0    5 27317.3309 25934.3415  5.06%     -    0s
H    0     0                    27056.445359 25934.3415  4.15%     -    0s
     0     0 25934.3415    0    9 27056.4454 25934.3415  4.15%     -    0s
     0     0 25934.3415    0    7 27056.4454 25934.3415  4.15%     -    0s
     0     0 25934.3415    0    7 27056.4454 25934.3415  4.15%     -    0s
     0     0 25934.3415    0    7 27056.4454 25934.3415  4.15%     -    0s
     0     0 25934.3415    0    4 27056.4454 25934.3415  4.15%     -    0s
     0     0 25934.3415    0    5 27056.4454 25934.3415  4.15%     -    0s
     0     0 25934.3415    0    3 27056.4454 25934.3415  4.15%     -    0s
     0     0 25934.3415    0    4 27056.4454 25934.3415  4.15%     -    0s
     0     0 25934.3415    0    5 27056.4454 25934.3415  4.15%     -    0s
     0     0 25934.3415    0    5 27056.4454 25934.3415  4.15%     -    0s
     0     0 25934.3415    0    4 27056.4454 25934.3415  4.15%     -    0s
     0     0 25934.3415    0    5 27056.4454 25934.3415  4.15%     -    0s
     0     0 25934.3415    0    5 27056.4454 25934.3415  4.15%     -    0s
     0     0 25987.5534    0    5 27056.4454 25987.5534  3.95%     -    0s
     0     0 26011.7910    0    5 27056.4454 26011.7910  3.86%     -    0s
     0     0 26020.7736    0    6 27056.4454 26020.7736  3.83%     -    0s
     0     0 26022.3879    0    6 27056.4454 26022.3879  3.82%     -    0s
     0     2 26022.6129    0    6 27056.4454 26022.6129  3.82%     -    0s

Cutting planes:
  Implied bound: 59
  MIR: 3
  Relax-and-lift: 2

Explored 54 nodes (1275 simplex iterations) in 0.04 seconds (0.05 work units)
Thread count was 8 (of 8 available processors)

Solution count 9: 27056.4 27317.3 31057.7 ... 1.85025e+06

Optimal solution found (tolerance 1.00e-04)
Best objective 2.705644535888e+04, best bound 2.705644535888e+04, gap 0.0000%

User-callback calls 455, time in user-callback 0.00 sec

Gurobi 12.0.3 (mac64[arm]) logging started Sat Sep 27 11:09:39 2025

Set parameter LogFile to value "Logs/Facility Location Logs/bernoulli_true/L100/phase1/scenario_generation.log"
Set parameter LogToConsole to value 0

Gurobi 12.0.3 (mac64[arm]) logging started Sat Sep 27 11:09:39 2025

Set parameter LogFile to value "Logs/Facility Location Logs/bernoulli_true/L100/phase1/scenario_generation.log"
Gurobi Optimizer version 12.0.3 build v12.0.3rc0 (mac64[arm] - Darwin 24.6.0 24G222)

CPU model: Apple M3
Thread count: 8 physical cores, 8 logical processors, using up to 8 threads

Non-default parameters:
LogToConsole  0

Optimize a model with 75 rows, 1325 columns and 2575 nonzeros
Model fingerprint: 0xdf42bea1
Variable types: 1300 continuous, 25 integer (25 binary)
Coefficient statistics:
  Matrix range     [1e+00, 2e+04]
  Objective range  [8e-03, 8e+03]
  Bounds range     [0e+00, 0e+00]
  RHS range        [5e+02, 6e+03]
Found heuristic solution: objective 2550750.0000
Presolve removed 19 rows and 495 columns
Presolve time: 0.00s
Presolved: 56 rows, 830 columns, 1605 nonzeros
Variable types: 806 continuous, 24 integer (24 binary)

Root relaxation: objective 3.850658e+04, 93 iterations, 0.00 seconds (0.00 work units)

    Nodes    |    Current Node    |     Objective Bounds      |     Work
 Expl Unexpl |  Obj  Depth IntInf | Incumbent    BestBd   Gap | It/Node Time

     0     0 38506.5786    0   16 2550750.00 38506.5786  98.5%     -    0s
H    0     0                    140499.07862 38506.5786  72.6%     -    0s
H    0     0                    97872.980315 38506.5786  60.7%     -    0s
H    0     0                    90624.044849 38506.5786  57.5%     -    0s
H    0     0                    83402.328149 38506.5786  53.8%     -    0s
     0     0 42280.3541    0    8 83402.3281 42280.3541  49.3%     -    0s
H    0     0                    74505.267856 42313.6450  43.2%     -    0s
H    0     0                    50128.717026 42313.6450  15.6%     -    0s
H    0     0                    48391.578590 42313.6450  12.6%     -    0s
     0     0 42509.2245    0    2 48391.5786 42509.2245  12.2%     -    0s
H    0     0                    48110.958338 42530.5284  11.6%     -    0s
     0     0 43199.7373    0    3 48110.9583 43199.7373  10.2%     -    0s
     0     0 43347.6356    0    4 48110.9583 43347.6356  9.90%     -    0s
H    0     0                    47035.688362 43544.9336  7.42%     -    0s
H    0     0                    46359.256365 43544.9336  6.07%     -    0s
     0     0 43544.9336    0    4 46359.2564 43544.9336  6.07%     -    0s
     0     0 44145.5359    0    1 46359.2564 44145.5359  4.78%     -    0s
     0     0 44149.5689    0    4 46359.2564 44149.5689  4.77%     -    0s
     0     0 44149.9716    0    4 46359.2564 44149.9716  4.77%     -    0s
H    0     0                    46359.180167 44149.9716  4.77%     -    0s
     0     2 44149.9827    0    4 46359.1802 44149.9827  4.77%     -    0s

Cutting planes:
  Implied bound: 106
  MIR: 1
  Relax-and-lift: 1

Explored 328 nodes (5638 simplex iterations) in 0.07 seconds (0.11 work units)
Thread count was 8 (of 8 available processors)

Solution count 10: 46359.2 48111 48391.6 ... 2.55075e+06

Optimal solution found (tolerance 1.00e-04)
Best objective 4.635918016669e+04, best bound 4.635918016669e+04, gap 0.0000%

User-callback calls 937, time in user-callback 0.00 sec

Gurobi 12.0.3 (mac64[arm]) logging started Sat Sep 27 11:09:39 2025

Set parameter LogFile to value "Logs/Facility Location Logs/bernoulli_true/L100/phase1/scenario_generation.log"
Set parameter LogToConsole to value 0

Gurobi 12.0.3 (mac64[arm]) logging started Sat Sep 27 11:09:39 2025

Set parameter LogFile to value "Logs/Facility Location Logs/bernoulli_true/L100/phase1/scenario_generation.log"
Gurobi Optimizer version 12.0.3 build v12.0.3rc0 (mac64[arm] - Darwin 24.6.0 24G222)

CPU model: Apple M3
Thread count: 8 physical cores, 8 logical processors, using up to 8 threads

Non-default parameters:
LogToConsole  0

Optimize a model with 75 rows, 1325 columns and 2575 nonzeros
Model fingerprint: 0xbc15e657
Variable types: 1300 continuous, 25 integer (25 binary)
Coefficient statistics:
  Matrix range     [1e+00, 2e+04]
  Objective range  [8e-03, 8e+03]
  Bounds range     [0e+00, 0e+00]
  RHS range        [1e+03, 1e+04]
Found heuristic solution: objective 2560850.0000
Presolve removed 25 rows and 651 columns
Presolve time: 0.00s
Presolved: 50 rows, 674 columns, 1299 nonzeros
Variable types: 650 continuous, 24 integer (24 binary)

Root relaxation: objective 4.734489e+04, 98 iterations, 0.00 seconds (0.00 work units)

    Nodes    |    Current Node    |     Objective Bounds      |     Work
 Expl Unexpl |  Obj  Depth IntInf | Incumbent    BestBd   Gap | It/Node Time

     0     0 47344.8862    0   12 2560850.00 47344.8862  98.2%     -    0s
H    0     0                    119236.38622 47344.8862  60.3%     -    0s
H    0     0                    84504.457603 47344.8862  44.0%     -    0s
H    0     0                    84378.748876 47344.8862  43.9%     -    0s
H    0     0                    81086.585888 48092.2112  40.7%     -    0s
     0     0 50091.9157    0    7 81086.5859 50091.9157  38.2%     -    0s
H    0     0                    69200.356763 50158.4003  27.5%     -    0s
H    0     0                    68365.316976 50158.4003  26.6%     -    0s
     0     0 50450.6621    0    6 68365.3170 50450.6621  26.2%     -    0s
H    0     0                    62107.571925 50529.1907  18.6%     -    0s
H    0     0                    56642.700297 50529.1907  10.8%     -    0s
     0     0 50529.1907    0    5 56642.7003 50529.1907  10.8%     -    0s
     0     0 51097.4361    0    5 56642.7003 51097.4361  9.79%     -    0s
H    0     0                    54109.608880 51100.7407  5.56%     -    0s
     0     0 51440.7089    0    8 54109.6089 51440.7089  4.93%     -    0s
     0     0 51463.3176    0    7 54109.6089 51463.3176  4.89%     -    0s
     0     0 51467.2444    0    7 54109.6089 51467.2444  4.88%     -    0s
     0     0 51890.1145    0    3 54109.6089 51890.1145  4.10%     -    0s
     0     0 51901.5427    0    4 54109.6089 51901.5427  4.08%     -    0s
     0     0 51929.7492    0    7 54109.6089 51929.7492  4.03%     -    0s
     0     0 51934.6387    0    5 54109.6089 51934.6387  4.02%     -    0s
     0     0 51958.7332    0    5 54109.6089 51958.7332  3.98%     -    0s
     0     0 51960.3321    0    5 54109.6089 51960.3321  3.97%     -    0s
     0     0 51980.3305    0    3 54109.6089 51980.3305  3.94%     -    0s
     0     0 51982.2200    0    3 54109.6089 51982.2200  3.93%     -    0s
     0     0 51986.1254    0    4 54109.6089 51986.1254  3.92%     -    0s
     0     0 51986.1254    0    4 54109.6089 51986.1254  3.92%     -    0s
     0     2 51986.1254    0    4 54109.6089 51986.1254  3.92%     -    0s

Cutting planes:
  Implied bound: 72
  MIR: 7
  Relax-and-lift: 1

Explored 415 nodes (6312 simplex iterations) in 0.07 seconds (0.09 work units)
Thread count was 8 (of 8 available processors)

Solution count 9: 54109.6 56642.7 62107.6 ... 2.56085e+06

Optimal solution found (tolerance 1.00e-04)
Best objective 5.410960887975e+04, best bound 5.410960887975e+04, gap 0.0000%

User-callback calls 1134, time in user-callback 0.00 sec

Gurobi 12.0.3 (mac64[arm]) logging started Sat Sep 27 11:09:39 2025

Set parameter LogFile to value "Logs/Facility Location Logs/bernoulli_true/L100/phase1/scenario_generation.log"
Set parameter LogToConsole to value 0

Gurobi 12.0.3 (mac64[arm]) logging started Sat Sep 27 11:09:39 2025

Set parameter LogFile to value "Logs/Facility Location Logs/bernoulli_true/L100/phase1/scenario_generation.log"
Gurobi Optimizer version 12.0.3 build v12.0.3rc0 (mac64[arm] - Darwin 24.6.0 24G222)

CPU model: Apple M3
Thread count: 8 physical cores, 8 logical processors, using up to 8 threads

Non-default parameters:
LogToConsole  0

Optimize a model with 75 rows, 1325 columns and 2575 nonzeros
Model fingerprint: 0x7e64a326
Variable types: 1300 continuous, 25 integer (25 binary)
Coefficient statistics:
  Matrix range     [1e+00, 2e+04]
  Objective range  [8e-03, 8e+03]
  Bounds range     [0e+00, 0e+00]
  RHS range        [1e+03, 7e+03]
Found heuristic solution: objective 2812850.0000
Presolve removed 27 rows and 703 columns
Presolve time: 0.00s
Presolved: 48 rows, 622 columns, 1197 nonzeros
Variable types: 598 continuous, 24 integer (24 binary)

Root relaxation: objective 4.568663e+04, 108 iterations, 0.00 seconds (0.00 work units)

    Nodes    |    Current Node    |     Objective Bounds      |     Work
 Expl Unexpl |  Obj  Depth IntInf | Incumbent    BestBd   Gap | It/Node Time

     0     0 45686.6253    0   12 2812850.00 45686.6253  98.4%     -    0s
H    0     0                    115058.12528 45686.6253  60.3%     -    0s
H    0     0                    103068.08111 45686.6253  55.7%     -    0s
H    0     0                    95278.904845 45686.6253  52.0%     -    0s
H    0     0                    93191.757249 45686.6253  51.0%     -    0s
H    0     0                    86985.430915 50096.5841  42.4%     -    0s
H    0     0                    60612.074815 50096.5841  17.3%     -    0s
     0     0 50096.5841    0    4 60612.0748 50096.5841  17.3%     -    0s
H    0     0                    51922.790770 50457.9876  2.82%     -    0s
H    0     0                    51890.322644 50457.9876  2.76%     -    0s
     0     0 50737.2489    0    2 51890.3226 50737.2489  2.22%     -    0s
     0     0 50737.2489    0    8 51890.3226 50737.2489  2.22%     -    0s
     0     0 50737.2489    0    6 51890.3226 50737.2489  2.22%     -    0s
     0     0 50737.2489    0    2 51890.3226 50737.2489  2.22%     -    0s
     0     0 50737.2489    0    2 51890.3226 50737.2489  2.22%     -    0s
     0     0 50778.9672    0    1 51890.3226 50778.9672  2.14%     -    0s
     0     0 50871.2632    0    1 51890.3226 50871.2632  1.96%     -    0s
     0     0 51264.8796    0    1 51890.3226 51264.8796  1.21%     -    0s
     0     0 51720.2722    0    1 51890.3226 51720.2722  0.33%     -    0s
     0     0 51746.1113    0    1 51890.3226 51746.1113  0.28%     -    0s
     0     0 51746.1113    0    6 51890.3226 51746.1113  0.28%     -    0s
     0     0 51746.1113    0    5 51890.3226 51746.1113  0.28%     -    0s
     0     0 51746.1113    0    2 51890.3226 51746.1113  0.28%     -    0s
     0     0 51746.1113    0    1 51890.3226 51746.1113  0.28%     -    0s
     0     0 51746.1113    0    1 51890.3226 51746.1113  0.28%     -    0s
     0     0 51746.1113    0    1 51890.3226 51746.1113  0.28%     -    0s
     0     0 51746.1113    0    4 51890.3226 51746.1113  0.28%     -    0s
     0     0 51747.8645    0    4 51890.3226 51747.8645  0.27%     -    0s

Cutting planes:
  Implied bound: 17
  MIR: 5
  Flow cover: 1
  Relax-and-lift: 2

Explored 1 nodes (430 simplex iterations) in 0.02 seconds (0.02 work units)
Thread count was 8 (of 8 available processors)

Solution count 10: 51890.3 60612.1 71372 ... 2.81285e+06

Optimal solution found (tolerance 1.00e-04)
Best objective 5.189032264425e+04, best bound 5.189032264425e+04, gap 0.0000%

User-callback calls 298, time in user-callback 0.00 sec

Gurobi 12.0.3 (mac64[arm]) logging started Sat Sep 27 11:09:39 2025

Set parameter LogFile to value "Logs/Facility Location Logs/bernoulli_true/L100/phase1/scenario_generation.log"
Set parameter LogToConsole to value 0

Gurobi 12.0.3 (mac64[arm]) logging started Sat Sep 27 11:09:39 2025

Set parameter LogFile to value "Logs/Facility Location Logs/bernoulli_true/L100/phase1/scenario_generation.log"
Gurobi Optimizer version 12.0.3 build v12.0.3rc0 (mac64[arm] - Darwin 24.6.0 24G222)

CPU model: Apple M3
Thread count: 8 physical cores, 8 logical processors, using up to 8 threads

Non-default parameters:
LogToConsole  0

Optimize a model with 75 rows, 1325 columns and 2575 nonzeros
Model fingerprint: 0x01b59c4c
Variable types: 1300 continuous, 25 integer (25 binary)
Coefficient statistics:
  Matrix range     [1e+00, 2e+04]
  Objective range  [8e-03, 8e+03]
  Bounds range     [0e+00, 0e+00]
  RHS range        [8e+02, 1e+04]
Found heuristic solution: objective 2641100.0000
Presolve removed 26 rows and 677 columns
Presolve time: 0.00s
Presolved: 49 rows, 648 columns, 1248 nonzeros
Variable types: 624 continuous, 24 integer (24 binary)

Root relaxation: objective 4.768369e+04, 75 iterations, 0.00 seconds (0.00 work units)

    Nodes    |    Current Node    |     Objective Bounds      |     Work
 Expl Unexpl |  Obj  Depth IntInf | Incumbent    BestBd   Gap | It/Node Time

     0     0 47683.6907    0   11 2641100.00 47683.6907  98.2%     -    0s
H    0     0                    111272.69066 47683.6907  57.1%     -    0s
H    0     0                    82121.741737 47683.6907  41.9%     -    0s
H    0     0                    75804.641456 47683.6907  37.1%     -    0s
H    0     0                    74425.646971 47683.6907  35.9%     -    0s
H    0     0                    53568.400625 47683.6907  11.0%     -    0s
     0     0 49636.1559    0    3 53568.4006 49636.1559  7.34%     -    0s
H    0     0                    53548.237479 49660.6224  7.26%     -    0s
     0     0 49953.9153    0    2 53548.2375 49953.9153  6.71%     -    0s
H    0     0                    52807.629369 49976.2281  5.36%     -    0s
     0     0 49976.2281    0    3 52807.6294 49976.2281  5.36%     -    0s
     0     0 50102.1840    0    3 52807.6294 50102.1840  5.12%     -    0s
     0     0 50147.5762    0    4 52807.6294 50147.5762  5.04%     -    0s
     0     0 50317.1650    0    4 52807.6294 50317.1650  4.72%     -    0s
     0     0 50361.1457    0    4 52807.6294 50361.1457  4.63%     -    0s
     0     2 50361.1457    0    4 52807.6294 50361.1457  4.63%     -    0s

Cutting planes:
  Implied bound: 20
  MIR: 3
  Flow cover: 2

Explored 263 nodes (3319 simplex iterations) in 0.05 seconds (0.05 work units)
Thread count was 8 (of 8 available processors)

Solution count 7: 52807.6 53568.4 74425.6 ... 2.6411e+06

Optimal solution found (tolerance 1.00e-04)
Best objective 5.280762936937e+04, best bound 5.280762936937e+04, gap 0.0000%

User-callback calls 778, time in user-callback 0.00 sec

Gurobi 12.0.3 (mac64[arm]) logging started Sat Sep 27 11:09:39 2025

Set parameter LogFile to value "Logs/Facility Location Logs/bernoulli_true/L100/phase1/scenario_generation.log"
Set parameter LogToConsole to value 0

Gurobi 12.0.3 (mac64[arm]) logging started Sat Sep 27 11:09:39 2025

Set parameter LogFile to value "Logs/Facility Location Logs/bernoulli_true/L100/phase1/scenario_generation.log"
Gurobi Optimizer version 12.0.3 build v12.0.3rc0 (mac64[arm] - Darwin 24.6.0 24G222)

CPU model: Apple M3
Thread count: 8 physical cores, 8 logical processors, using up to 8 threads

Non-default parameters:
LogToConsole  0

Optimize a model with 75 rows, 1325 columns and 2575 nonzeros
Model fingerprint: 0x8e8bce5b
Variable types: 1300 continuous, 25 integer (25 binary)
Coefficient statistics:
  Matrix range     [1e+00, 2e+04]
  Objective range  [8e-03, 8e+03]
  Bounds range     [0e+00, 0e+00]
  RHS range        [8e+02, 1e+04]
Found heuristic solution: objective 2196900.0000
Presolve removed 27 rows and 703 columns
Presolve time: 0.00s
Presolved: 48 rows, 622 columns, 1197 nonzeros
Variable types: 598 continuous, 24 integer (24 binary)

Root relaxation: objective 4.222720e+04, 82 iterations, 0.00 seconds (0.00 work units)

    Nodes    |    Current Node    |     Objective Bounds      |     Work
 Expl Unexpl |  Obj  Depth IntInf | Incumbent    BestBd   Gap | It/Node Time

     0     0 42227.2018    0   10 2196900.00 42227.2018  98.1%     -    0s
H    0     0                    102758.20179 42227.2018  58.9%     -    0s
H    0     0                    63677.494621 42227.2018  33.7%     -    0s
H    0     0                    47743.824871 42227.2018  11.6%     -    0s
     0     0 43894.3703    0    8 47743.8249 43894.3703  8.06%     -    0s
H    0     0                    45829.098622 43951.5878  4.10%     -    0s
H    0     0                    45825.452045 43951.5878  4.09%     -    0s
H    0     0                    45660.716941 44234.0689  3.12%     -    0s
     0     0 44234.0689    0    8 45660.7169 44234.0689  3.12%     -    0s
     0     0 44411.2798    0    5 45660.7169 44411.2798  2.74%     -    0s
H    0     0                    45103.399833 44441.1789  1.47%     -    0s
     0     0 44547.8027    0    7 45103.3998 44547.8027  1.23%     -    0s
     0     0 44753.6834    0    1 45103.3998 44753.6834  0.78%     -    0s

Cutting planes:
  Implied bound: 52
  MIR: 2
  Flow cover: 1

Explored 1 nodes (191 simplex iterations) in 0.01 seconds (0.01 work units)
Thread count was 8 (of 8 available processors)

Solution count 7: 45103.4 45660.7 45825.5 ... 2.1969e+06

Optimal solution found (tolerance 1.00e-04)
Best objective 4.510339983319e+04, best bound 4.510339983319e+04, gap 0.0000%

User-callback calls 228, time in user-callback 0.00 sec

Gurobi 12.0.3 (mac64[arm]) logging started Sat Sep 27 11:09:39 2025

Set parameter LogFile to value "Logs/Facility Location Logs/bernoulli_true/L100/phase1/scenario_generation.log"
Set parameter LogToConsole to value 0

Gurobi 12.0.3 (mac64[arm]) logging started Sat Sep 27 11:09:39 2025

Set parameter LogFile to value "Logs/Facility Location Logs/bernoulli_true/L100/phase1/scenario_generation.log"
Gurobi Optimizer version 12.0.3 build v12.0.3rc0 (mac64[arm] - Darwin 24.6.0 24G222)

CPU model: Apple M3
Thread count: 8 physical cores, 8 logical processors, using up to 8 threads

Non-default parameters:
LogToConsole  0

Optimize a model with 75 rows, 1325 columns and 2575 nonzeros
Model fingerprint: 0x464a9836
Variable types: 1300 continuous, 25 integer (25 binary)
Coefficient statistics:
  Matrix range     [1e+00, 2e+04]
  Objective range  [8e-03, 8e+03]
  Bounds range     [0e+00, 0e+00]
  RHS range        [1e+03, 4e+03]
Found heuristic solution: objective 1539350.0000
Presolve removed 31 rows and 807 columns
Presolve time: 0.00s
Presolved: 44 rows, 518 columns, 993 nonzeros
Variable types: 494 continuous, 24 integer (24 binary)

Root relaxation: objective 1.123887e+04, 64 iterations, 0.00 seconds (0.00 work units)

    Nodes    |    Current Node    |     Objective Bounds      |     Work
 Expl Unexpl |  Obj  Depth IntInf | Incumbent    BestBd   Gap | It/Node Time

     0     0 11238.8690    0    8 1539350.00 11238.8690  99.3%     -    0s
H    0     0                    63345.369000 11238.8690  82.3%     -    0s
H    0     0                    63300.679945 11699.1855  81.5%     -    0s
H    0     0                    56063.774706 11699.1855  79.1%     -    0s
     0     0 12240.7703    0    7 56063.7747 12240.7703  78.2%     -    0s
H    0     0                    48683.802042 12280.1602  74.8%     -    0s
H    0     0                    19807.364969 12280.1602  38.0%     -    0s
H    0     0                    19699.287371 12463.1615  36.7%     -    0s
     0     0 12463.1615    0    4 19699.2874 12463.1615  36.7%     -    0s
H    0     0                    19296.039407 12541.3085  35.0%     -    0s
     0     0 12695.8501    0    3 19296.0394 12695.8501  34.2%     -    0s
     0     0 12699.8949    0    3 19296.0394 12699.8949  34.2%     -    0s
     0     0 12705.7109    0    5 19296.0394 12705.7109  34.2%     -    0s
     0     0 12707.8263    0    5 19296.0394 12707.8263  34.1%     -    0s
     0     0 12713.8673    0    1 19296.0394 12713.8673  34.1%     -    0s
     0     0 12814.7505    0    1 19296.0394 12814.7505  33.6%     -    0s
     0     0 12885.6848    0    1 19296.0394 12885.6848  33.2%     -    0s
H    0     0                    19263.179752 12885.6848  33.1%     -    0s
H    0     0                    19262.916264 12885.6848  33.1%     -    0s
     0     2 12885.6848    0    1 19262.9163 12885.6848  33.1%     -    0s

Cutting planes:
  Implied bound: 44
  MIR: 1
  Flow cover: 1

Explored 589 nodes (9969 simplex iterations) in 0.05 seconds (0.07 work units)
Thread count was 8 (of 8 available processors)

Solution count 7: 19262.9 19699.3 19807.4 ... 1.53935e+06

Optimal solution found (tolerance 1.00e-04)
Best objective 1.926291626362e+04, best bound 1.926291626362e+04, gap 0.0000%

User-callback calls 1446, time in user-callback 0.00 sec

Gurobi 12.0.3 (mac64[arm]) logging started Sat Sep 27 11:09:39 2025

Set parameter LogFile to value "Logs/Facility Location Logs/bernoulli_true/L100/phase1/scenario_generation.log"
Set parameter LogToConsole to value 0

Gurobi 12.0.3 (mac64[arm]) logging started Sat Sep 27 11:09:39 2025

Set parameter LogFile to value "Logs/Facility Location Logs/bernoulli_true/L100/phase1/scenario_generation.log"
Gurobi Optimizer version 12.0.3 build v12.0.3rc0 (mac64[arm] - Darwin 24.6.0 24G222)

CPU model: Apple M3
Thread count: 8 physical cores, 8 logical processors, using up to 8 threads

Non-default parameters:
LogToConsole  0

Optimize a model with 75 rows, 1325 columns and 2575 nonzeros
Model fingerprint: 0x72724c64
Variable types: 1300 continuous, 25 integer (25 binary)
Coefficient statistics:
  Matrix range     [1e+00, 2e+04]
  Objective range  [8e-03, 8e+03]
  Bounds range     [0e+00, 0e+00]
  RHS range        [8e+02, 5e+03]
Found heuristic solution: objective 1687300.0000
Presolve removed 26 rows and 677 columns
Presolve time: 0.00s
Presolved: 49 rows, 648 columns, 1248 nonzeros
Variable types: 624 continuous, 24 integer (24 binary)

Root relaxation: objective 2.230585e+04, 93 iterations, 0.00 seconds (0.00 work units)

    Nodes    |    Current Node    |     Objective Bounds      |     Work
 Expl Unexpl |  Obj  Depth IntInf | Incumbent    BestBd   Gap | It/Node Time

     0     0 22305.8528    0    8 1687300.00 22305.8528  98.7%     -    0s
H    0     0                    72932.852765 22305.8528  69.4%     -    0s
H    0     0                    51563.926991 22305.8528  56.7%     -    0s
H    0     0                    45050.318710 22305.8528  50.5%     -    0s
H    0     0                    37568.145622 22305.8528  40.6%     -    0s
H    0     0                    30462.414087 24810.2925  18.6%     -    0s
     0     0 24810.2925    0    3 30462.4141 24810.2925  18.6%     -    0s
H    0     0                    30096.665251 24826.1073  17.5%     -    0s
     0     0 24849.9332    0    2 30096.6653 24849.9332  17.4%     -    0s
H    0     0                    29892.238543 24953.5290  16.5%     -    0s
     0     0 24993.2671    0    3 29892.2385 24993.2671  16.4%     -    0s
H    0     0                    29807.446588 24993.2671  16.2%     -    0s
     0     0 25059.8664    0    3 29807.4466 25059.8664  15.9%     -    0s
     0     0 25350.4460    0    2 29807.4466 25350.4460  15.0%     -    0s
     0     0 25364.1120    0    2 29807.4466 25364.1120  14.9%     -    0s
     0     2 25417.8353    0    2 29807.4466 25417.8353  14.7%     -    0s

Cutting planes:
  Implied bound: 38
  Flow cover: 2
  Relax-and-lift: 1

Explored 67 nodes (1606 simplex iterations) in 0.03 seconds (0.04 work units)
Thread count was 8 (of 8 available processors)

Solution count 8: 29807.4 29892.2 30096.7 ... 1.6873e+06

Optimal solution found (tolerance 1.00e-04)
Best objective 2.980744658831e+04, best bound 2.980744658831e+04, gap 0.0000%

User-callback calls 376, time in user-callback 0.00 sec

Gurobi 12.0.3 (mac64[arm]) logging started Sat Sep 27 11:09:39 2025

Set parameter LogFile to value "Logs/Facility Location Logs/bernoulli_true/L100/phase1/scenario_generation.log"
Set parameter LogToConsole to value 0

Gurobi 12.0.3 (mac64[arm]) logging started Sat Sep 27 11:09:39 2025

Set parameter LogFile to value "Logs/Facility Location Logs/bernoulli_true/L100/phase1/scenario_generation.log"
Gurobi Optimizer version 12.0.3 build v12.0.3rc0 (mac64[arm] - Darwin 24.6.0 24G222)

CPU model: Apple M3
Thread count: 8 physical cores, 8 logical processors, using up to 8 threads

Non-default parameters:
LogToConsole  0

Optimize a model with 75 rows, 1325 columns and 2575 nonzeros
Model fingerprint: 0x7dff2fe9
Variable types: 1300 continuous, 25 integer (25 binary)
Coefficient statistics:
  Matrix range     [1e+00, 2e+04]
  Objective range  [8e-03, 8e+03]
  Bounds range     [0e+00, 0e+00]
  RHS range        [2e+03, 5e+03]
Found heuristic solution: objective 2738900.0000
Presolve removed 27 rows and 703 columns
Presolve time: 0.00s
Presolved: 48 rows, 622 columns, 1197 nonzeros
Variable types: 598 continuous, 24 integer (24 binary)

Root relaxation: objective 2.856947e+04, 76 iterations, 0.00 seconds (0.00 work units)

    Nodes    |    Current Node    |     Objective Bounds      |     Work
 Expl Unexpl |  Obj  Depth IntInf | Incumbent    BestBd   Gap | It/Node Time

     0     0 28569.4680    0   14 2738900.00 28569.4680  99.0%     -    0s
H    0     0                    113680.46800 28569.4680  74.9%     -    0s
H    0     0                    106884.69578 28569.4680  73.3%     -    0s
H    0     0                    106518.70880 28569.4680  73.2%     -    0s
H    0     0                    84823.340088 28569.4680  66.3%     -    0s
H    0     0                    70105.633824 28569.4680  59.2%     -    0s
H    0     0                    33638.572482 28569.4680  15.1%     -    0s
H    0     0                    33597.139283 28569.4680  15.0%     -    0s
     0     0 31082.7925    0    5 33597.1393 31082.7925  7.48%     -    0s
     0     0 31082.7925    0    4 33597.1393 31082.7925  7.48%     -    0s
     0     0 31082.7925    0    4 33597.1393 31082.7925  7.48%     -    0s
     0     0 31082.7925    0    5 33597.1393 31082.7925  7.48%     -    0s
     0     0 31082.7925    0    3 33597.1393 31082.7925  7.48%     -    0s
     0     0 31101.6990    0    3 33597.1393 31101.6990  7.43%     -    0s
H    0     0                    33569.830517 31103.6276  7.35%     -    0s
     0     0 31103.6276    0    4 33569.8305 31103.6276  7.35%     -    0s
     0     0 31140.3316    0    2 33569.8305 31140.3316  7.24%     -    0s
H    0     0                    33490.701661 31142.3208  7.01%     -    0s
     0     0 31158.4531    0    2 33490.7017 31158.4531  6.96%     -    0s
     0     0 31159.6598    0    2 33490.7017 31159.6598  6.96%     -    0s
     0     0 31216.4234    0    3 33490.7017 31216.4234  6.79%     -    0s
     0     0 31227.0781    0    2 33490.7017 31227.0781  6.76%     -    0s
     0     0 31227.0781    0    2 33490.7017 31227.0781  6.76%     -    0s
     0     0 31227.0781    0    3 33490.7017 31227.0781  6.76%     -    0s
     0     0 31227.0781    0    4 33490.7017 31227.0781  6.76%     -    0s
     0     0 31227.0781    0    3 33490.7017 31227.0781  6.76%     -    0s
     0     0 31227.0781    0    2 33490.7017 31227.0781  6.76%     -    0s
     0     0 31227.0781    0    2 33490.7017 31227.0781  6.76%     -    0s
     0     2 31227.0781    0    2 33490.7017 31227.0781  6.76%     -    0s

Cutting planes:
  Implied bound: 38
  MIR: 4
  Flow cover: 3
  Relax-and-lift: 6

Explored 761 nodes (10859 simplex iterations) in 0.08 seconds (0.11 work units)
Thread count was 8 (of 8 available processors)

Solution count 9: 33490.7 33569.8 33597.1 ... 2.7389e+06

Optimal solution found (tolerance 1.00e-04)
Best objective 3.349070166150e+04, best bound 3.349070166150e+04, gap 0.0000%

User-callback calls 1841, time in user-callback 0.00 sec

Gurobi 12.0.3 (mac64[arm]) logging started Sat Sep 27 11:09:39 2025

Set parameter LogFile to value "Logs/Facility Location Logs/bernoulli_true/L100/phase1/scenario_generation.log"
Set parameter LogToConsole to value 0

Gurobi 12.0.3 (mac64[arm]) logging started Sat Sep 27 11:09:39 2025

Set parameter LogFile to value "Logs/Facility Location Logs/bernoulli_true/L100/phase1/scenario_generation.log"
Gurobi Optimizer version 12.0.3 build v12.0.3rc0 (mac64[arm] - Darwin 24.6.0 24G222)

CPU model: Apple M3
Thread count: 8 physical cores, 8 logical processors, using up to 8 threads

Non-default parameters:
LogToConsole  0

Optimize a model with 75 rows, 1325 columns and 2575 nonzeros
Model fingerprint: 0x780b47be
Variable types: 1300 continuous, 25 integer (25 binary)
Coefficient statistics:
  Matrix range     [1e+00, 2e+04]
  Objective range  [8e-03, 8e+03]
  Bounds range     [0e+00, 0e+00]
  RHS range        [9e+02, 2e+04]
Found heuristic solution: objective 3647900.0000
Presolve removed 23 rows and 599 columns
Presolve time: 0.00s
Presolved: 52 rows, 726 columns, 1401 nonzeros
Variable types: 702 continuous, 24 integer (24 binary)

Root relaxation: objective 8.604833e+04, 90 iterations, 0.00 seconds (0.00 work units)

    Nodes    |    Current Node    |     Objective Bounds      |     Work
 Expl Unexpl |  Obj  Depth IntInf | Incumbent    BestBd   Gap | It/Node Time

     0     0 86048.3324    0   13 3647900.00 86048.3324  97.6%     -    0s
H    0     0                    162069.33242 86048.3324  46.9%     -    0s
H    0     0                    129236.07880 86048.3324  33.4%     -    0s
H    0     0                    122023.05196 86048.3324  29.5%     -    0s
H    0     0                    120065.28704 86048.3324  28.3%     -    0s
H    0     0                    106999.67200 90978.6720  15.0%     -    0s
H    0     0                    91761.843242 90978.6720  0.85%     -    0s
     0     0 91270.1737    0    1 91761.8432 91270.1737  0.54%     -    0s
     0     0 91305.5105    0    2 91761.8432 91305.5105  0.50%     -    0s
     0     0 91305.5105    0    3 91761.8432 91305.5105  0.50%     -    0s
     0     0 91305.5105    0    2 91761.8432 91305.5105  0.50%     -    0s
     0     0 91436.6559    0    1 91761.8432 91436.6559  0.35%     -    0s
     0     0 91761.8432    0    3 91761.8432 91761.8432  0.00%     -    0s

Cutting planes:
  Implied bound: 7
  Flow cover: 1

Explored 1 nodes (267 simplex iterations) in 0.01 seconds (0.01 work units)
Thread count was 8 (of 8 available processors)

Solution count 9: 91761.8 98391.2 98702.4 ... 3.6479e+06

Optimal solution found (tolerance 1.00e-04)
Best objective 9.176184324244e+04, best bound 9.176184324244e+04, gap 0.0000%

User-callback calls 235, time in user-callback 0.00 sec

Gurobi 12.0.3 (mac64[arm]) logging started Sat Sep 27 11:09:39 2025

Set parameter LogFile to value "Logs/Facility Location Logs/bernoulli_true/L100/phase1/scenario_generation.log"
Set parameter LogToConsole to value 0

Gurobi 12.0.3 (mac64[arm]) logging started Sat Sep 27 11:09:39 2025

Set parameter LogFile to value "Logs/Facility Location Logs/bernoulli_true/L100/phase1/scenario_generation.log"
Gurobi Optimizer version 12.0.3 build v12.0.3rc0 (mac64[arm] - Darwin 24.6.0 24G222)

CPU model: Apple M3
Thread count: 8 physical cores, 8 logical processors, using up to 8 threads

Non-default parameters:
LogToConsole  0

Optimize a model with 75 rows, 1325 columns and 2575 nonzeros
Model fingerprint: 0x5eb65527
Variable types: 1300 continuous, 25 integer (25 binary)
Coefficient statistics:
  Matrix range     [1e+00, 2e+04]
  Objective range  [8e-03, 8e+03]
  Bounds range     [0e+00, 0e+00]
  RHS range        [7e+02, 8e+03]
Found heuristic solution: objective 1732100.0000
Presolve removed 30 rows and 781 columns
Presolve time: 0.00s
Presolved: 45 rows, 544 columns, 1044 nonzeros
Variable types: 520 continuous, 24 integer (24 binary)

Root relaxation: objective 1.465527e+04, 91 iterations, 0.00 seconds (0.00 work units)

    Nodes    |    Current Node    |     Objective Bounds      |     Work
 Expl Unexpl |  Obj  Depth IntInf | Incumbent    BestBd   Gap | It/Node Time

     0     0 14655.2745    0    7 1732100.00 14655.2745  99.2%     -    0s
H    0     0                    57334.274494 14655.2745  74.4%     -    0s
H    0     0                    37442.128282 14655.2745  60.9%     -    0s
H    0     0                    35343.259393 14655.2745  58.5%     -    0s
     0     0 16103.5063    0    3 35343.2594 16103.5063  54.4%     -    0s
H    0     0                    29093.280421 16128.1005  44.6%     -    0s
H    0     0                    21593.280421 16128.1005  25.3%     -    0s
H    0     0                    21424.765983 16128.1005  24.7%     -    0s
     0     0 16144.7788    0    3 21424.7660 16144.7788  24.6%     -    0s
H    0     0                    21411.199026 16192.1434  24.4%     -    0s
H    0     0                    21112.308057 16192.1434  23.3%     -    0s
     0     0 16192.1434    0    3 21112.3081 16192.1434  23.3%     -    0s
     0     0 16268.6142    0    4 21112.3081 16268.6142  22.9%     -    0s
     0     0 16299.6902    0    3 21112.3081 16299.6902  22.8%     -    0s
     0     0 16299.6902    0    3 21112.3081 16299.6902  22.8%     -    0s
     0     0 16384.4378    0    4 21112.3081 16384.4378  22.4%     -    0s
     0     0 16501.4435    0    4 21112.3081 16501.4435  21.8%     -    0s
     0     0 16781.9091    0    1 21112.3081 16781.9091  20.5%     -    0s
     0     0 17033.8623    0    3 21112.3081 17033.8623  19.3%     -    0s
     0     0 17069.9477    0    3 21112.3081 17069.9477  19.1%     -    0s
     0     2 17069.9477    0    3 21112.3081 17069.9477  19.1%     -    0s

Cutting planes:
  Implied bound: 50
  MIR: 1
  Flow cover: 1
  Relax-and-lift: 1

Explored 412 nodes (6081 simplex iterations) in 0.05 seconds (0.07 work units)
Thread count was 8 (of 8 available processors)

Solution count 8: 21112.3 21411.2 21593.3 ... 1.7321e+06

Optimal solution found (tolerance 1.00e-04)
Best objective 2.111230805719e+04, best bound 2.111230805719e+04, gap 0.0000%

User-callback calls 1104, time in user-callback 0.00 sec

Gurobi 12.0.3 (mac64[arm]) logging started Sat Sep 27 11:09:39 2025

Set parameter LogFile to value "Logs/Facility Location Logs/bernoulli_true/L100/phase1/scenario_generation.log"
Set parameter LogToConsole to value 0

Gurobi 12.0.3 (mac64[arm]) logging started Sat Sep 27 11:09:39 2025

Set parameter LogFile to value "Logs/Facility Location Logs/bernoulli_true/L100/phase1/scenario_generation.log"
Gurobi Optimizer version 12.0.3 build v12.0.3rc0 (mac64[arm] - Darwin 24.6.0 24G222)

CPU model: Apple M3
Thread count: 8 physical cores, 8 logical processors, using up to 8 threads

Non-default parameters:
LogToConsole  0

Optimize a model with 75 rows, 1325 columns and 2575 nonzeros
Model fingerprint: 0x29154061
Variable types: 1300 continuous, 25 integer (25 binary)
Coefficient statistics:
  Matrix range     [1e+00, 2e+04]
  Objective range  [8e-03, 8e+03]
  Bounds range     [0e+00, 0e+00]
  RHS range        [1e+03, 8e+03]
Found heuristic solution: objective 2607600.0000
Presolve removed 29 rows and 755 columns
Presolve time: 0.00s
Presolved: 46 rows, 570 columns, 1095 nonzeros
Variable types: 546 continuous, 24 integer (24 binary)

Root relaxation: objective 3.487643e+04, 70 iterations, 0.00 seconds (0.00 work units)

    Nodes    |    Current Node    |     Objective Bounds      |     Work
 Expl Unexpl |  Obj  Depth IntInf | Incumbent    BestBd   Gap | It/Node Time

     0     0 34876.4275    0   10 2607600.00 34876.4275  98.7%     -    0s
H    0     0                    91300.427476 34876.4275  61.8%     -    0s
H    0     0                    91290.795856 34876.4275  61.8%     -    0s
H    0     0                    80078.315512 34876.4275  56.4%     -    0s
H    0     0                    76562.934811 34876.4275  54.4%     -    0s
H    0     0                    43551.731161 37867.0288  13.1%     -    0s
     0     0 37867.0288    0    2 43551.7312 37867.0288  13.1%     -    0s
     0     0 38108.7731    0    2 43551.7312 38108.7731  12.5%     -    0s
     0     0 38480.2663    0    2 43551.7312 38480.2663  11.6%     -    0s
H    0     0                    41152.244859 38480.2663  6.49%     -    0s
     0     0 38480.2663    0    2 41152.2449 38480.2663  6.49%     -    0s
     0     0 38923.1501    0    4 41152.2449 38923.1501  5.42%     -    0s
H    0     0                    41147.808005 38926.8978  5.40%     -    0s
     0     0 38926.8978    0    4 41147.8080 38926.8978  5.40%     -    0s
     0     0 39134.9081    0    1 41147.8080 39134.9081  4.89%     -    0s
     0     0 39139.9079    0    1 41147.8080 39139.9079  4.88%     -    0s
     0     0 39176.1498    0    2 41147.8080 39176.1498  4.79%     -    0s
     0     0 39250.7569    0    2 41147.8080 39250.7569  4.61%     -    0s
     0     0 39362.9126    0    1 41147.8080 39362.9126  4.34%     -    0s
     0     0 39407.9626    0    1 41147.8080 39407.9626  4.23%     -    0s
     0     0 39552.1142    0    2 41147.8080 39552.1142  3.88%     -    0s
     0     0 39663.5416    0    2 41147.8080 39663.5416  3.61%     -    0s
     0     0 39671.5884    0    2 41147.8080 39671.5884  3.59%     -    0s
     0     0 39746.5914    0    1 41147.8080 39746.5914  3.41%     -    0s
     0     0 39792.6272    0    1 41147.8080 39792.6272  3.29%     -    0s
     0     0 39792.6272    0   10 41147.8080 39792.6272  3.29%     -    0s
     0     0 39792.6272    0    2 41147.8080 39792.6272  3.29%     -    0s
     0     0 39792.6272    0    2 41147.8080 39792.6272  3.29%     -    0s
     0     0 39792.6272    0    2 41147.8080 39792.6272  3.29%     -    0s
     0     0 39792.6272    0    3 41147.8080 39792.6272  3.29%     -    0s
     0     0 39792.6272    0    2 41147.8080 39792.6272  3.29%     -    0s
     0     0 39792.6272    0    3 41147.8080 39792.6272  3.29%     -    0s
     0     0 39792.6272    0    3 41147.8080 39792.6272  3.29%     -    0s
     0     0 39792.6272    0    1 41147.8080 39792.6272  3.29%     -    0s
     0     0 39792.6272    0    2 41147.8080 39792.6272  3.29%     -    0s
     0     0 39792.6272    0    2 41147.8080 39792.6272  3.29%     -    0s
     0     0 39792.6272    0    1 41147.8080 39792.6272  3.29%     -    0s
     0     0 39792.6272    0    2 41147.8080 39792.6272  3.29%     -    0s
     0     0 39792.6272    0    3 41147.8080 39792.6272  3.29%     -    0s
     0     0 39792.6272    0    2 41147.8080 39792.6272  3.29%     -    0s
     0     0 39792.6272    0    3 41147.8080 39792.6272  3.29%     -    0s
     0     0 39792.6272    0    3 41147.8080 39792.6272  3.29%     -    0s
     0     2 39792.6272    0    3 41147.8080 39792.6272  3.29%     -    0s

Cutting planes:
  Implied bound: 26
  MIR: 8
  Flow cover: 1
  Relax-and-lift: 3

Explored 177 nodes (2140 simplex iterations) in 0.05 seconds (0.05 work units)
Thread count was 8 (of 8 available processors)

Solution count 7: 41147.8 43551.7 69740.2 ... 2.6076e+06

Optimal solution found (tolerance 1.00e-04)
Best objective 4.114780800488e+04, best bound 4.114780800488e+04, gap 0.0000%

User-callback calls 719, time in user-callback 0.00 sec

Gurobi 12.0.3 (mac64[arm]) logging started Sat Sep 27 11:09:39 2025

Set parameter LogFile to value "Logs/Facility Location Logs/bernoulli_true/L100/phase1/scenario_generation.log"
Set parameter LogToConsole to value 0

Gurobi 12.0.3 (mac64[arm]) logging started Sat Sep 27 11:09:39 2025

Set parameter LogFile to value "Logs/Facility Location Logs/bernoulli_true/L100/phase1/scenario_generation.log"
Gurobi Optimizer version 12.0.3 build v12.0.3rc0 (mac64[arm] - Darwin 24.6.0 24G222)

CPU model: Apple M3
Thread count: 8 physical cores, 8 logical processors, using up to 8 threads

Non-default parameters:
LogToConsole  0

Optimize a model with 75 rows, 1325 columns and 2575 nonzeros
Model fingerprint: 0x2603f220
Variable types: 1300 continuous, 25 integer (25 binary)
Coefficient statistics:
  Matrix range     [1e+00, 2e+04]
  Objective range  [8e-03, 8e+03]
  Bounds range     [0e+00, 0e+00]
  RHS range        [1e+03, 1e+04]
Found heuristic solution: objective 2912250.0000
Presolve removed 27 rows and 703 columns
Presolve time: 0.00s
Presolved: 48 rows, 622 columns, 1197 nonzeros
Variable types: 598 continuous, 24 integer (24 binary)

Root relaxation: objective 5.377243e+04, 105 iterations, 0.00 seconds (0.00 work units)

    Nodes    |    Current Node    |     Objective Bounds      |     Work
 Expl Unexpl |  Obj  Depth IntInf | Incumbent    BestBd   Gap | It/Node Time

     0     0 53772.4279    0   13 2912250.00 53772.4279  98.2%     -    0s
H    0     0                    129649.92794 53772.4279  58.5%     -    0s
H    0     0                    101177.39841 53772.4279  46.9%     -    0s
H    0     0                    92733.137177 53772.4279  42.0%     -    0s
H    0     0                    89028.830292 53772.4279  39.6%     -    0s
H    0     0                    85431.183175 53772.4279  37.1%     -    0s
H    0     0                    78332.439136 53772.4279  31.4%     -    0s
H    0     0                    57041.527619 56127.9117  1.60%     -    0s
     0     0 56127.9117    0    4 57041.5276 56127.9117  1.60%     -    0s
     0     0 56425.3751    0    3 57041.5276 56425.3751  1.08%     -    0s
     0     0 56734.6242    0    2 57041.5276 56734.6242  0.54%     -    0s

Cutting planes:
  Implied bound: 20
  MIR: 2
  Flow cover: 4

Explored 1 nodes (170 simplex iterations) in 0.01 seconds (0.01 work units)
Thread count was 8 (of 8 available processors)

Solution count 8: 57041.5 78332.4 85431.2 ... 2.91225e+06

Optimal solution found (tolerance 1.00e-04)
Best objective 5.704152761944e+04, best bound 5.703834701027e+04, gap 0.0056%

User-callback calls 218, time in user-callback 0.00 sec

Gurobi 12.0.3 (mac64[arm]) logging started Sat Sep 27 11:09:39 2025

Set parameter LogFile to value "Logs/Facility Location Logs/bernoulli_true/L100/phase1/scenario_generation.log"
Set parameter LogToConsole to value 0

Gurobi 12.0.3 (mac64[arm]) logging started Sat Sep 27 11:09:39 2025

Set parameter LogFile to value "Logs/Facility Location Logs/bernoulli_true/L100/phase1/scenario_generation.log"
Gurobi Optimizer version 12.0.3 build v12.0.3rc0 (mac64[arm] - Darwin 24.6.0 24G222)

CPU model: Apple M3
Thread count: 8 physical cores, 8 logical processors, using up to 8 threads

Non-default parameters:
LogToConsole  0

Optimize a model with 75 rows, 1325 columns and 2575 nonzeros
Model fingerprint: 0x44489ffe
Variable types: 1300 continuous, 25 integer (25 binary)
Coefficient statistics:
  Matrix range     [1e+00, 2e+04]
  Objective range  [8e-03, 8e+03]
  Bounds range     [0e+00, 0e+00]
  RHS range        [7e+02, 2e+04]
Found heuristic solution: objective 3191550.0000
Presolve removed 27 rows and 703 columns
Presolve time: 0.00s
Presolved: 48 rows, 622 columns, 1197 nonzeros
Variable types: 598 continuous, 24 integer (24 binary)

Root relaxation: objective 8.521025e+04, 86 iterations, 0.00 seconds (0.00 work units)

    Nodes    |    Current Node    |     Objective Bounds      |     Work
 Expl Unexpl |  Obj  Depth IntInf | Incumbent    BestBd   Gap | It/Node Time

     0     0 85210.2470    0   10 3191550.00 85210.2470  97.3%     -    0s
H    0     0                    143294.74702 85210.2470  40.5%     -    0s
H    0     0                    121599.58106 85210.2470  29.9%     -    0s
H    0     0                    110169.65093 85210.2470  22.7%     -    0s
H    0     0                    107015.97463 85210.2470  20.4%     -    0s
     0     0 90674.4300    0    6 107015.975 90674.4300  15.3%     -    0s
H    0     0                    100165.45006 91058.3368  9.09%     -    0s
H    0     0                    96776.672184 91058.3368  5.91%     -    0s
     0     0 91353.9867    0    2 96776.6722 91353.9867  5.60%     -    0s
H    0     0                    93190.773790 91353.9867  1.97%     -    0s
     0     0 91353.9867    0    1 93190.7738 91353.9867  1.97%     -    0s
     0     0 91547.2602    0    1 93190.7738 91547.2602  1.76%     -    0s
     0     0 91714.7157    0    1 93190.7738 91714.7157  1.58%     -    0s
     0     0 92057.6536    0    1 93190.7738 92057.6536  1.22%     -    0s
     0     0 92274.3437    0    1 93190.7738 92274.3437  0.98%     -    0s
     0     0 92274.3437    0    1 93190.7738 92274.3437  0.98%     -    0s
     0     0 92274.3437    0    5 93190.7738 92274.3437  0.98%     -    0s
     0     0 92274.3437    0    5 93190.7738 92274.3437  0.98%     -    0s
     0     0 92274.3437    0    1 93190.7738 92274.3437  0.98%     -    0s
     0     0 92274.3437    0    1 93190.7738 92274.3437  0.98%     -    0s
     0     0 92274.3437    0    1 93190.7738 92274.3437  0.98%     -    0s
     0     0 92274.3437    0    1 93190.7738 92274.3437  0.98%     -    0s
     0     0 92410.9468    0    1 93190.7738 92410.9468  0.84%     -    0s
     0     0 92672.8175    0    1 93190.7738 92672.8175  0.56%     -    0s

Cutting planes:
  Gomory: 2
  Implied bound: 15
  MIR: 5
  Flow cover: 1
  Relax-and-lift: 1

Explored 1 nodes (314 simplex iterations) in 0.02 seconds (0.02 work units)
Thread count was 8 (of 8 available processors)

Solution count 9: 93190.8 96776.7 100165 ... 3.19155e+06

Optimal solution found (tolerance 1.00e-04)
Best objective 9.319077379031e+04, best bound 9.319077379031e+04, gap 0.0000%

User-callback calls 279, time in user-callback 0.00 sec

Gurobi 12.0.3 (mac64[arm]) logging started Sat Sep 27 11:09:40 2025

Set parameter LogFile to value "Logs/Facility Location Logs/bernoulli_true/L100/phase1/scenario_generation.log"
Set parameter LogToConsole to value 0

Gurobi 12.0.3 (mac64[arm]) logging started Sat Sep 27 11:09:40 2025

Set parameter LogFile to value "Logs/Facility Location Logs/bernoulli_true/L100/phase1/scenario_generation.log"
Gurobi Optimizer version 12.0.3 build v12.0.3rc0 (mac64[arm] - Darwin 24.6.0 24G222)

CPU model: Apple M3
Thread count: 8 physical cores, 8 logical processors, using up to 8 threads

Non-default parameters:
LogToConsole  0

Optimize a model with 75 rows, 1325 columns and 2575 nonzeros
Model fingerprint: 0x24bf88f8
Variable types: 1300 continuous, 25 integer (25 binary)
Coefficient statistics:
  Matrix range     [1e+00, 2e+04]
  Objective range  [8e-03, 8e+03]
  Bounds range     [0e+00, 0e+00]
  RHS range        [1e+03, 8e+03]
Found heuristic solution: objective 2932200.0000
Presolve removed 25 rows and 651 columns
Presolve time: 0.00s
Presolved: 50 rows, 674 columns, 1299 nonzeros
Variable types: 650 continuous, 24 integer (24 binary)

Root relaxation: objective 5.572443e+04, 81 iterations, 0.00 seconds (0.00 work units)

    Nodes    |    Current Node    |     Objective Bounds      |     Work
 Expl Unexpl |  Obj  Depth IntInf | Incumbent    BestBd   Gap | It/Node Time

     0     0 55724.4297    0   13 2932200.00 55724.4297  98.1%     -    0s
H    0     0                    131402.42965 55724.4297  57.6%     -    0s
H    0     0                    109746.44448 55724.4297  49.2%     -    0s
H    0     0                    90076.527608 55724.4297  38.1%     -    0s
H    0     0                    80522.619985 59832.2193  25.7%     -    0s
H    0     0                    60295.243567 59832.2193  0.77%     -    0s
     0     0 59832.2193    0    2 60295.2436 59832.2193  0.77%     -    0s
     0     0 59927.3929    0    2 60295.2436 59927.3929  0.61%     -    0s
     0     0 59946.8036    0    1 60295.2436 59946.8036  0.58%     -    0s
     0     0 59946.8036    0    2 60295.2436 59946.8036  0.58%     -    0s
     0     0     cutoff    0      60295.2436 60295.2436  0.00%     -    0s

Explored 1 nodes (249 simplex iterations) in 0.01 seconds (0.01 work units)
Thread count was 8 (of 8 available processors)

Solution count 8: 60295.2 68981.8 80522.6 ... 2.9322e+06

Optimal solution found (tolerance 1.00e-04)
Best objective 6.029524356694e+04, best bound 6.029524356694e+04, gap 0.0000%

User-callback calls 222, time in user-callback 0.00 sec

Gurobi 12.0.3 (mac64[arm]) logging started Sat Sep 27 11:09:40 2025

Set parameter LogFile to value "Logs/Facility Location Logs/bernoulli_true/L100/phase1/scenario_generation.log"
Set parameter LogToConsole to value 0

Gurobi 12.0.3 (mac64[arm]) logging started Sat Sep 27 11:09:40 2025

Set parameter LogFile to value "Logs/Facility Location Logs/bernoulli_true/L100/phase1/scenario_generation.log"
Gurobi Optimizer version 12.0.3 build v12.0.3rc0 (mac64[arm] - Darwin 24.6.0 24G222)

CPU model: Apple M3
Thread count: 8 physical cores, 8 logical processors, using up to 8 threads

Non-default parameters:
LogToConsole  0

Optimize a model with 75 rows, 1325 columns and 2575 nonzeros
Model fingerprint: 0x698a0e61
Variable types: 1300 continuous, 25 integer (25 binary)
Coefficient statistics:
  Matrix range     [1e+00, 2e+04]
  Objective range  [8e-03, 8e+03]
  Bounds range     [0e+00, 0e+00]
  RHS range        [8e+02, 6e+03]
Found heuristic solution: objective 2052450.0000
Presolve removed 23 rows and 599 columns
Presolve time: 0.00s
Presolved: 52 rows, 726 columns, 1401 nonzeros
Variable types: 702 continuous, 24 integer (24 binary)

Root relaxation: objective 2.782551e+04, 72 iterations, 0.00 seconds (0.00 work units)

    Nodes    |    Current Node    |     Objective Bounds      |     Work
 Expl Unexpl |  Obj  Depth IntInf | Incumbent    BestBd   Gap | It/Node Time

     0     0 27825.5106    0   12 2052450.00 27825.5106  98.6%     -    0s
H    0     0                    104801.01057 27825.5106  73.4%     -    0s
H    0     0                    62770.507809 27825.5106  55.7%     -    0s
H    0     0                    53608.806977 27825.5106  48.1%     -    0s
H    0     0                    33263.741359 30472.4504  8.39%     -    0s
H    0     0                    32738.877600 30472.4504  6.92%     -    0s
     0     0 30472.4504    0    8 32738.8776 30472.4504  6.92%     -    0s
H    0     0                    32631.007156 30523.3226  6.46%     -    0s
     0     0 30523.3226    0    8 32631.0072 30523.3226  6.46%     -    0s
     0     0 30654.2650    0    5 32631.0072 30654.2650  6.06%     -    0s
     0     0 30922.2117    0    7 32631.0072 30922.2117  5.24%     -    0s
     0     0 30944.7274    0    8 32631.0072 30944.7274  5.17%     -    0s
     0     0 30944.7274    0    8 32631.0072 30944.7274  5.17%     -    0s
H    0     0                    32622.360793 30954.1188  5.11%     -    0s
     0     0 31041.6191    0    8 32622.3608 31041.6191  4.85%     -    0s
     0     0 31600.7045    0    8 32622.3608 31600.7045  3.13%     -    0s

Cutting planes:
  Implied bound: 73
  MIR: 3
  Flow cover: 10
  Relax-and-lift: 4

Explored 1 nodes (186 simplex iterations) in 0.01 seconds (0.02 work units)
Thread count was 8 (of 8 available processors)

Solution count 7: 32622.4 32631 32738.9 ... 2.05245e+06

Optimal solution found (tolerance 1.00e-04)
Best objective 3.262236079256e+04, best bound 3.262236079256e+04, gap 0.0000%

User-callback calls 241, time in user-callback 0.00 sec

Gurobi 12.0.3 (mac64[arm]) logging started Sat Sep 27 11:09:40 2025

Set parameter LogFile to value "Logs/Facility Location Logs/bernoulli_true/L100/phase1/scenario_generation.log"
Set parameter LogToConsole to value 0

Gurobi 12.0.3 (mac64[arm]) logging started Sat Sep 27 11:09:40 2025

Set parameter LogFile to value "Logs/Facility Location Logs/bernoulli_true/L100/phase1/scenario_generation.log"
Gurobi Optimizer version 12.0.3 build v12.0.3rc0 (mac64[arm] - Darwin 24.6.0 24G222)

CPU model: Apple M3
Thread count: 8 physical cores, 8 logical processors, using up to 8 threads

Non-default parameters:
LogToConsole  0

Optimize a model with 75 rows, 1325 columns and 2575 nonzeros
Model fingerprint: 0xa2b19b68
Variable types: 1300 continuous, 25 integer (25 binary)
Coefficient statistics:
  Matrix range     [1e+00, 2e+04]
  Objective range  [8e-03, 8e+03]
  Bounds range     [0e+00, 0e+00]
  RHS range        [1e+03, 5e+03]
Found heuristic solution: objective 2513200.0000
Presolve removed 26 rows and 677 columns
Presolve time: 0.00s
Presolved: 49 rows, 648 columns, 1248 nonzeros
Variable types: 624 continuous, 24 integer (24 binary)

Root relaxation: objective 2.671622e+04, 76 iterations, 0.00 seconds (0.00 work units)

    Nodes    |    Current Node    |     Objective Bounds      |     Work
 Expl Unexpl |  Obj  Depth IntInf | Incumbent    BestBd   Gap | It/Node Time

     0     0 26716.2228    0   12 2513200.00 26716.2228  98.9%     -    0s
H    0     0                    99084.222826 26716.2228  73.0%     -    0s
H    0     0                    99039.840631 26716.2228  73.0%     -    0s
H    0     0                    95859.506152 26716.2228  72.1%     -    0s
H    0     0                    69948.393806 26716.2228  61.8%     -    0s
     0     0 29531.5876    0    7 69948.3938 29531.5876  57.8%     -    0s
H    0     0                    64399.587600 29605.3269  54.0%     -    0s
H    0     0                    63638.748133 29605.3269  53.5%     -    0s
H    0     0                    63227.652028 29605.3269  53.2%     -    0s
     0     0 29895.9267    0    6 63227.6520 29895.9267  52.7%     -    0s
H    0     0                    56269.502588 29903.6783  46.9%     -    0s
H    0     0                    50864.901262 29903.6783  41.2%     -    0s
H    0     0                    43941.707137 29903.6783  31.9%     -    0s
H    0     0                    37252.433174 29903.6783  19.7%     -    0s
H    0     0                    34917.151127 29903.6783  14.4%     -    0s
     0     0 29953.6788    0    3 34917.1511 29953.6788  14.2%     -    0s
     0     0 29981.5767    0    3 34917.1511 29981.5767  14.1%     -    0s
H    0     0                    34695.877216 30055.2140  13.4%     -    0s
H    0     0                    34183.774069 30055.2140  12.1%     -    0s
     0     0 30055.2140    0    3 34183.7741 30055.2140  12.1%     -    0s
     0     0 30087.5960    0    1 34183.7741 30087.5960  12.0%     -    0s
     0     0 30105.9361    0    2 34183.7741 30105.9361  11.9%     -    0s
H    0     0                    34183.443896 30106.1062  11.9%     -    0s
     0     0 30106.1062    0    3 34183.4439 30106.1062  11.9%     -    0s
     0     0 30113.1902    0    3 34183.4439 30113.1902  11.9%     -    0s
     0     0 30122.9089    0    2 34183.4439 30122.9089  11.9%     -    0s
     0     0 30123.0478    0    2 34183.4439 30123.0478  11.9%     -    0s
     0     0 30126.9967    0    2 34183.4439 30126.9967  11.9%     -    0s
     0     0 30128.3390    0    2 34183.4439 30128.3390  11.9%     -    0s
     0     2 30128.3390    0    2 34183.4439 30128.3390  11.9%     -    0s

Cutting planes:
  Implied bound: 46
  MIR: 5
  Flow cover: 1
  Relax-and-lift: 1

Explored 1900 nodes (21046 simplex iterations) in 0.09 seconds (0.15 work units)
Thread count was 8 (of 8 available processors)

Solution count 10: 34183.4 34917.2 37252.4 ... 69948.4

Optimal solution found (tolerance 1.00e-04)
Best objective 3.418344389550e+04, best bound 3.418344389550e+04, gap 0.0000%

User-callback calls 4117, time in user-callback 0.00 sec

Gurobi 12.0.3 (mac64[arm]) logging started Sat Sep 27 11:09:40 2025

Set parameter LogFile to value "Logs/Facility Location Logs/bernoulli_true/L100/phase1/scenario_generation.log"
Set parameter LogToConsole to value 0

Gurobi 12.0.3 (mac64[arm]) logging started Sat Sep 27 11:09:40 2025

Set parameter LogFile to value "Logs/Facility Location Logs/bernoulli_true/L100/phase1/scenario_generation.log"
Gurobi Optimizer version 12.0.3 build v12.0.3rc0 (mac64[arm] - Darwin 24.6.0 24G222)

CPU model: Apple M3
Thread count: 8 physical cores, 8 logical processors, using up to 8 threads

Non-default parameters:
LogToConsole  0

Optimize a model with 75 rows, 1325 columns and 2575 nonzeros
Model fingerprint: 0x31bd37ce
Variable types: 1300 continuous, 25 integer (25 binary)
Coefficient statistics:
  Matrix range     [1e+00, 2e+04]
  Objective range  [8e-03, 8e+03]
  Bounds range     [0e+00, 0e+00]
  RHS range        [1e+03, 2e+04]
Found heuristic solution: objective 3570400.0000
Presolve removed 18 rows and 469 columns
Presolve time: 0.00s
Presolved: 57 rows, 856 columns, 1656 nonzeros
Variable types: 832 continuous, 24 integer (24 binary)

Root relaxation: objective 6.586480e+04, 114 iterations, 0.00 seconds (0.00 work units)

    Nodes    |    Current Node    |     Objective Bounds      |     Work
 Expl Unexpl |  Obj  Depth IntInf | Incumbent    BestBd   Gap | It/Node Time

     0     0 65864.8018    0   16 3570400.00 65864.8018  98.2%     -    0s
H    0     0                    165160.80183 65864.8018  60.1%     -    0s
H    0     0                    128369.16053 65864.8018  48.7%     -    0s
H    0     0                    120651.55602 65864.8018  45.4%     -    0s
H    0     0                    100686.83053 66480.9628  34.0%     -    0s
H    0     0                    93897.053881 66480.9628  29.2%     -    0s
     0     0 67819.9414    0    9 93897.0539 67819.9414  27.8%     -    0s
H    0     0                    77769.812978 67866.2728  12.7%     -    0s
     0     0 67866.2728    0    9 77769.8130 67866.2728  12.7%     -    0s
H    0     0                    77483.481335 68134.4108  12.1%     -    0s
     0     0 68134.4108    0    5 77483.4813 68134.4108  12.1%     -    0s
H    0     0                    70187.435996 68143.7995  2.91%     -    0s
H    0     0                    70148.961908 68143.7995  2.86%     -    0s
     0     0 68143.7995    0    6 70148.9619 68143.7995  2.86%     -    0s
     0     0 68223.3078    0    4 70148.9619 68223.3078  2.75%     -    0s
     0     0 68233.9596    0    5 70148.9619 68233.9596  2.73%     -    0s
     0     0 68313.8988    0    5 70148.9619 68313.8988  2.62%     -    0s
H    0     0                    70021.744452 68315.0041  2.44%     -    0s
     0     0 68315.0041    0    4 70021.7445 68315.0041  2.44%     -    0s
     0     0 68349.2795    0    2 70021.7445 68349.2795  2.39%     -    0s
H    0     0                    69875.117377 68349.2795  2.18%     -    0s
     0     0 68352.9468    0    2 69875.1174 68352.9468  2.18%     -    0s
     0     0 68353.3804    0    1 69875.1174 68353.3804  2.18%     -    0s
     0     0 68359.2089    0    1 69875.1174 68359.2089  2.17%     -    0s
     0     0 68365.3094    0    2 69875.1174 68365.3094  2.16%     -    0s
     0     0 68365.3094    0    2 69875.1174 68365.3094  2.16%     -    0s
     0     2 68365.3094    0    2 69875.1174 68365.3094  2.16%     -    0s

Cutting planes:
  Implied bound: 59
  MIR: 3
  Flow cover: 3

Explored 379 nodes (7148 simplex iterations) in 0.07 seconds (0.10 work units)
Thread count was 8 (of 8 available processors)

Solution count 10: 69875.1 70021.7 77483.5 ... 3.5704e+06

Optimal solution found (tolerance 1.00e-04)
Best objective 6.987511737694e+04, best bound 6.987511737694e+04, gap 0.0000%

User-callback calls 1059, time in user-callback 0.00 sec

Gurobi 12.0.3 (mac64[arm]) logging started Sat Sep 27 11:09:40 2025

Set parameter LogFile to value "Logs/Facility Location Logs/bernoulli_true/L100/phase1/scenario_generation.log"
Set parameter LogToConsole to value 0

Gurobi 12.0.3 (mac64[arm]) logging started Sat Sep 27 11:09:40 2025

Set parameter LogFile to value "Logs/Facility Location Logs/bernoulli_true/L100/phase1/scenario_generation.log"
Gurobi Optimizer version 12.0.3 build v12.0.3rc0 (mac64[arm] - Darwin 24.6.0 24G222)

CPU model: Apple M3
Thread count: 8 physical cores, 8 logical processors, using up to 8 threads

Non-default parameters:
LogToConsole  0

Optimize a model with 75 rows, 1325 columns and 2575 nonzeros
Model fingerprint: 0x9a95802c
Variable types: 1300 continuous, 25 integer (25 binary)
Coefficient statistics:
  Matrix range     [1e+00, 2e+04]
  Objective range  [8e-03, 8e+03]
  Bounds range     [0e+00, 0e+00]
  RHS range        [1e+03, 9e+03]
Found heuristic solution: objective 2165000.0000
Presolve removed 31 rows and 807 columns
Presolve time: 0.00s
Presolved: 44 rows, 518 columns, 993 nonzeros
Variable types: 494 continuous, 24 integer (24 binary)

Root relaxation: objective 2.577747e+04, 71 iterations, 0.00 seconds (0.00 work units)

    Nodes    |    Current Node    |     Objective Bounds      |     Work
 Expl Unexpl |  Obj  Depth IntInf | Incumbent    BestBd   Gap | It/Node Time

     0     0 25777.4743    0    7 2165000.00 25777.4743  98.8%     -    0s
H    0     0                    64127.474337 25777.4743  59.8%     -    0s
H    0     0                    64124.508639 25777.4743  59.8%     -    0s
H    0     0                    43612.590073 25777.4743  40.9%     -    0s
     0     0 28918.0089    0    6 43612.5901 28918.0089  33.7%     -    0s
H    0     0                    36307.849541 29008.2032  20.1%     -    0s
H    0     0                    32603.374898 29008.2032  11.0%     -    0s
H    0     0                    31978.789685 29008.2032  9.29%     -    0s
     0     0 29434.4056    0    5 31978.7897 29434.4056  7.96%     -    0s
     0     0 29921.3422    0    5 31978.7897 29921.3422  6.43%     -    0s
     0     0 30234.3299    0    4 31978.7897 30234.3299  5.46%     -    0s
     0     0 30828.7417    0    5 31978.7897 30828.7417  3.60%     -    0s
     0     0 30884.0138    0    7 31978.7897 30884.0138  3.42%     -    0s
     0     0 31233.3146    0    2 31978.7897 31233.3146  2.33%     -    0s
     0     0 31233.3146    0    7 31978.7897 31233.3146  2.33%     -    0s
     0     0 31233.3146    0    4 31978.7897 31233.3146  2.33%     -    0s
     0     0 31233.3146    0    3 31978.7897 31233.3146  2.33%     -    0s
     0     0 31233.3146    0    2 31978.7897 31233.3146  2.33%     -    0s
     0     0 31233.3146    0    7 31978.7897 31233.3146  2.33%     -    0s
     0     0 31233.3146    0    4 31978.7897 31233.3146  2.33%     -    0s
H    0     0                    31940.632377 31233.3146  2.21%     -    0s
     0     0 31233.3146    0    5 31940.6324 31233.3146  2.21%     -    0s
     0     0 31233.3146    0    3 31940.6324 31233.3146  2.21%     -    0s
     0     0 31233.3146    0    3 31940.6324 31233.3146  2.21%     -    0s
     0     0 31233.3146    0    2 31940.6324 31233.3146  2.21%     -    0s
     0     0 31349.1428    0    5 31940.6324 31349.1428  1.85%     -    0s
H    0     0                    31578.901179 31413.7654  0.52%     -    0s
     0     0 31414.9376    0    3 31578.9012 31414.9376  0.52%     -    0s
     0     0 31416.1355    0    2 31578.9012 31416.1355  0.52%     -    0s
     0     0 31422.5895    0    5 31578.9012 31422.5895  0.49%     -    0s
     0     0 31422.5895    0    7 31578.9012 31422.5895  0.49%     -    0s
     0     0 31422.5895    0    5 31578.9012 31422.5895  0.49%     -    0s
     0     0 31422.5895    0    5 31578.9012 31422.5895  0.49%     -    0s
     0     0 31422.5895    0    4 31578.9012 31422.5895  0.49%     -    0s
     0     0 31422.5895    0    4 31578.9012 31422.5895  0.49%     -    0s
     0     0 31422.5895    0    4 31578.9012 31422.5895  0.49%     -    0s
     0     0 31422.5895    0    4 31578.9012 31422.5895  0.49%     -    0s
     0     0 31422.5895    0    2 31578.9012 31422.5895  0.49%     -    0s
     0     0 31422.5895    0    5 31578.9012 31422.5895  0.49%     -    0s
     0     0 31443.4873    0    6 31578.9012 31443.4873  0.43%     -    0s
     0     0 31578.9012    0    5 31578.9012 31578.9012  0.00%     -    0s

Cutting planes:
  Implied bound: 31
  MIR: 8

Explored 1 nodes (615 simplex iterations) in 0.02 seconds (0.02 work units)
Thread count was 8 (of 8 available processors)

Solution count 8: 31578.9 31940.6 31978.8 ... 2.165e+06

Optimal solution found (tolerance 1.00e-04)
Best objective 3.157890117881e+04, best bound 3.157890117881e+04, gap 0.0000%

User-callback calls 343, time in user-callback 0.00 sec

Gurobi 12.0.3 (mac64[arm]) logging started Sat Sep 27 11:09:40 2025

Set parameter LogFile to value "Logs/Facility Location Logs/bernoulli_true/L100/phase1/scenario_generation.log"
Set parameter LogToConsole to value 0

Gurobi 12.0.3 (mac64[arm]) logging started Sat Sep 27 11:09:40 2025

Set parameter LogFile to value "Logs/Facility Location Logs/bernoulli_true/L100/phase1/scenario_generation.log"
Gurobi Optimizer version 12.0.3 build v12.0.3rc0 (mac64[arm] - Darwin 24.6.0 24G222)

CPU model: Apple M3
Thread count: 8 physical cores, 8 logical processors, using up to 8 threads

Non-default parameters:
LogToConsole  0

Optimize a model with 75 rows, 1325 columns and 2575 nonzeros
Model fingerprint: 0x7f15b26a
Variable types: 1300 continuous, 25 integer (25 binary)
Coefficient statistics:
  Matrix range     [1e+00, 2e+04]
  Objective range  [8e-03, 8e+03]
  Bounds range     [0e+00, 0e+00]
  RHS range        [6e+02, 6e+03]
Found heuristic solution: objective 1565800.0000
Presolve removed 30 rows and 781 columns
Presolve time: 0.00s
Presolved: 45 rows, 544 columns, 1044 nonzeros
Variable types: 520 continuous, 24 integer (24 binary)

Root relaxation: objective 1.480555e+04, 64 iterations, 0.00 seconds (0.00 work units)

    Nodes    |    Current Node    |     Objective Bounds      |     Work
 Expl Unexpl |  Obj  Depth IntInf | Incumbent    BestBd   Gap | It/Node Time

     0     0 14805.5473    0    6 1565800.00 14805.5473  99.1%     -    0s
H    0     0                    51647.547281 14805.5473  71.3%     -    0s
H    0     0                    44392.711430 14805.5473  66.6%     -    0s
H    0     0                    36884.016970 14805.5473  59.9%     -    0s
H    0     0                    36828.192268 16091.1686  56.3%     -    0s
     0     0 16523.6592    0    5 36828.1923 16523.6592  55.1%     -    0s
H    0     0                    31343.170312 16599.9595  47.0%     -    0s
H    0     0                    23887.431776 16599.9595  30.5%     -    0s
     0     0 16908.1416    0    5 23887.4318 16908.1416  29.2%     -    0s
H    0     0                    23114.444795 16919.9124  26.8%     -    0s
H    0     0                    22474.561417 16919.9124  24.7%     -    0s
     0     0 17074.4634    0    2 22474.5614 17074.4634  24.0%     -    0s
     0     0 17182.3020    0    2 22474.5614 17182.3020  23.5%     -    0s
     0     0 17341.8741    0    1 22474.5614 17341.8741  22.8%     -    0s
     0     0 17626.3711    0    5 22474.5614 17626.3711  21.6%     -    0s
     0     0 17633.9277    0    5 22474.5614 17633.9277  21.5%     -    0s
     0     2 17633.9277    0    5 22474.5614 17633.9277  21.5%     -    0s

Cutting planes:
  Implied bound: 30
  MIR: 3
  Flow cover: 2
  Relax-and-lift: 1

Explored 431 nodes (4613 simplex iterations) in 0.04 seconds (0.05 work units)
Thread count was 8 (of 8 available processors)

Solution count 8: 22474.6 23114.4 31343.2 ... 1.5658e+06

Optimal solution found (tolerance 1.00e-04)
Best objective 2.247456141694e+04, best bound 2.247456141694e+04, gap 0.0000%

User-callback calls 1122, time in user-callback 0.00 sec

Gurobi 12.0.3 (mac64[arm]) logging started Sat Sep 27 11:09:40 2025

Set parameter LogFile to value "Logs/Facility Location Logs/bernoulli_true/L100/phase1/scenario_generation.log"
Set parameter LogToConsole to value 0

Gurobi 12.0.3 (mac64[arm]) logging started Sat Sep 27 11:09:40 2025

Set parameter LogFile to value "Logs/Facility Location Logs/bernoulli_true/L100/phase1/scenario_generation.log"
Gurobi Optimizer version 12.0.3 build v12.0.3rc0 (mac64[arm] - Darwin 24.6.0 24G222)

CPU model: Apple M3
Thread count: 8 physical cores, 8 logical processors, using up to 8 threads

Non-default parameters:
LogToConsole  0

Optimize a model with 75 rows, 1325 columns and 2575 nonzeros
Model fingerprint: 0xdeeda3e1
Variable types: 1300 continuous, 25 integer (25 binary)
Coefficient statistics:
  Matrix range     [1e+00, 2e+04]
  Objective range  [8e-03, 8e+03]
  Bounds range     [0e+00, 0e+00]
  RHS range        [1e+03, 6e+03]
Found heuristic solution: objective 2608450.0000
Presolve removed 25 rows and 651 columns
Presolve time: 0.00s
Presolved: 50 rows, 674 columns, 1299 nonzeros
Variable types: 650 continuous, 24 integer (24 binary)

Root relaxation: objective 3.428255e+04, 94 iterations, 0.00 seconds (0.00 work units)

    Nodes    |    Current Node    |     Objective Bounds      |     Work
 Expl Unexpl |  Obj  Depth IntInf | Incumbent    BestBd   Gap | It/Node Time

     0     0 34282.5524    0   12 2608450.00 34282.5524  98.7%     -    0s
H    0     0                    105698.05236 34282.5524  67.6%     -    0s
H    0     0                    77423.284273 34282.5524  55.7%     -    0s
H    0     0                    77343.016714 34282.5524  55.7%     -    0s
H    0     0                    59047.772047 34282.5524  41.9%     -    0s
     0     0 37355.8963    0    7 59047.7720 37355.8963  36.7%     -    0s
H    0     0                    40919.896614 37478.2477  8.41%     -    0s
     0     0 37699.6427    0    3 40919.8966 37699.6427  7.87%     -    0s
     0     0 37745.6000    0    3 40919.8966 37745.6000  7.76%     -    0s
     0     0 38218.6221    0    4 40919.8966 38218.6221  6.60%     -    0s
     0     0 38309.0621    0    4 40919.8966 38309.0621  6.38%     -    0s
     0     0 38678.1381    0    3 40919.8966 38678.1381  5.48%     -    0s
     0     0 38714.0213    0    3 40919.8966 38714.0213  5.39%     -    0s
     0     0 39044.6730    0    2 40919.8966 39044.6730  4.58%     -    0s
     0     0 39067.9507    0    2 40919.8966 39067.9507  4.53%     -    0s
     0     0 39067.9507    0    2 40919.8966 39067.9507  4.53%     -    0s
     0     2 39067.9507    0    2 40919.8966 39067.9507  4.53%     -    0s

Cutting planes:
  Implied bound: 46
  MIR: 4
  Relax-and-lift: 2

Explored 212 nodes (3385 simplex iterations) in 0.04 seconds (0.04 work units)
Thread count was 8 (of 8 available processors)

Solution count 5: 40919.9 59047.8 77343 ... 2.60845e+06

Optimal solution found (tolerance 1.00e-04)
Best objective 4.091989661381e+04, best bound 4.091989661381e+04, gap 0.0000%

User-callback calls 682, time in user-callback 0.00 sec

Gurobi 12.0.3 (mac64[arm]) logging started Sat Sep 27 11:09:40 2025

Set parameter LogFile to value "Logs/Facility Location Logs/bernoulli_true/L100/phase1/scenario_generation.log"
Set parameter LogToConsole to value 0

Gurobi 12.0.3 (mac64[arm]) logging started Sat Sep 27 11:09:40 2025

Set parameter LogFile to value "Logs/Facility Location Logs/bernoulli_true/L100/phase1/scenario_generation.log"
Gurobi Optimizer version 12.0.3 build v12.0.3rc0 (mac64[arm] - Darwin 24.6.0 24G222)

CPU model: Apple M3
Thread count: 8 physical cores, 8 logical processors, using up to 8 threads

Non-default parameters:
LogToConsole  0

Optimize a model with 75 rows, 1325 columns and 2575 nonzeros
Model fingerprint: 0x7490096a
Variable types: 1300 continuous, 25 integer (25 binary)
Coefficient statistics:
  Matrix range     [1e+00, 2e+04]
  Objective range  [8e-03, 8e+03]
  Bounds range     [0e+00, 0e+00]
  RHS range        [1e+03, 6e+03]
Found heuristic solution: objective 2756300.0000
Presolve removed 21 rows and 547 columns
Presolve time: 0.00s
Presolved: 54 rows, 778 columns, 1503 nonzeros
Variable types: 754 continuous, 24 integer (24 binary)

Root relaxation: objective 3.085099e+04, 96 iterations, 0.00 seconds (0.00 work units)

    Nodes    |    Current Node    |     Objective Bounds      |     Work
 Expl Unexpl |  Obj  Depth IntInf | Incumbent    BestBd   Gap | It/Node Time

     0     0 30850.9914    0   13 2756300.00 30850.9914  98.9%     -    0s
H    0     0                    108287.99145 30850.9914  71.5%     -    0s
H    0     0                    71787.539981 30850.9914  57.0%     -    0s
H    0     0                    71787.478556 30850.9914  57.0%     -    0s
H    0     0                    48051.610754 31074.8462  35.3%     -    0s
     0     0 34373.1515    0    9 48051.6108 34373.1515  28.5%     -    0s
H    0     0                    40589.289892 34461.3243  15.1%     -    0s
H    0     0                    40425.590074 35055.2519  13.3%     -    0s
     0     0 35055.2519    0    9 40425.5901 35055.2519  13.3%     -    0s
     0     0 35198.6671    0    7 40425.5901 35198.6671  12.9%     -    0s
     0     0 35993.3798    0    9 40425.5901 35993.3798  11.0%     -    0s
H    0     0                    40064.421331 36210.3682  9.62%     -    0s
H    0     0                    39755.200238 36210.3682  8.92%     -    0s
H    0     0                    39470.328023 36210.3682  8.26%     -    0s
H    0     0                    37658.127827 36210.3682  3.84%     -    0s
     0     0 36210.3682    0   11 37658.1278 36210.3682  3.84%     -    0s
     0     0 36210.3874    0   11 37658.1278 36210.3874  3.84%     -    0s
     0     0 36604.3086    0   11 37658.1278 36604.3086  2.80%     -    0s
     0     0 36625.9936    0   11 37658.1278 36625.9936  2.74%     -    0s
     0     0 37014.7432    0    4 37658.1278 37014.7432  1.71%     -    0s
     0     0 37022.6175    0    4 37658.1278 37022.6175  1.69%     -    0s
     0     0 37022.6175    0    4 37658.1278 37022.6175  1.69%     -    0s
     0     2 37022.6175    0    4 37658.1278 37022.6175  1.69%     -    0s

Cutting planes:
  Implied bound: 85
  MIR: 4
  Flow cover: 2
  Relax-and-lift: 3

Explored 131 nodes (2067 simplex iterations) in 0.05 seconds (0.06 work units)
Thread count was 8 (of 8 available processors)

Solution count 8: 37658.1 39755.2 40425.6 ... 2.7563e+06

Optimal solution found (tolerance 1.00e-04)
Best objective 3.765812782650e+04, best bound 3.765812782650e+04, gap 0.0000%

User-callback calls 547, time in user-callback 0.00 sec

Gurobi 12.0.3 (mac64[arm]) logging started Sat Sep 27 11:09:40 2025

Set parameter LogFile to value "Logs/Facility Location Logs/bernoulli_true/L100/phase1/scenario_generation.log"
Set parameter LogToConsole to value 0

Gurobi 12.0.3 (mac64[arm]) logging started Sat Sep 27 11:09:40 2025

Set parameter LogFile to value "Logs/Facility Location Logs/bernoulli_true/L100/phase1/scenario_generation.log"
Gurobi Optimizer version 12.0.3 build v12.0.3rc0 (mac64[arm] - Darwin 24.6.0 24G222)

CPU model: Apple M3
Thread count: 8 physical cores, 8 logical processors, using up to 8 threads

Non-default parameters:
LogToConsole  0

Optimize a model with 75 rows, 1325 columns and 2575 nonzeros
Model fingerprint: 0x1b97bf47
Variable types: 1300 continuous, 25 integer (25 binary)
Coefficient statistics:
  Matrix range     [1e+00, 2e+04]
  Objective range  [8e-03, 8e+03]
  Bounds range     [0e+00, 0e+00]
  RHS range        [1e+03, 2e+04]
Found heuristic solution: objective 3420350.0000
Presolve removed 25 rows and 651 columns
Presolve time: 0.00s
Presolved: 50 rows, 674 columns, 1299 nonzeros
Variable types: 650 continuous, 24 integer (24 binary)

Root relaxation: objective 7.550367e+04, 111 iterations, 0.00 seconds (0.00 work units)

    Nodes    |    Current Node    |     Objective Bounds      |     Work
 Expl Unexpl |  Obj  Depth IntInf | Incumbent    BestBd   Gap | It/Node Time

     0     0 75503.6704    0   13 3420350.00 75503.6704  97.8%     -    0s
H    0     0                    153800.17045 75503.6704  50.9%     -    0s
H    0     0                    127876.92446 75503.6704  41.0%     -    0s
H    0     0                    116980.40731 75503.6704  35.5%     -    0s
H    0     0                    111801.00314 75503.6704  32.5%     -    0s
H    0     0                    110556.22920 75503.6704  31.7%     -    0s
H    0     0                    96685.913570 77293.7951  20.1%     -    0s
     0     0 78389.4136    0    3 96685.9136 78389.4136  18.9%     -    0s
H    0     0                    89007.855013 78550.6797  11.7%     -    0s
     0     0 78786.2532    0    4 89007.8550 78786.2532  11.5%     -    0s
H    0     0                    87957.679531 78786.2532  10.4%     -    0s
     0     0 78826.0910    0    3 87957.6795 78826.0910  10.4%     -    0s
     0     0 78826.0910    0    3 87957.6795 78826.0910  10.4%     -    0s
H    0     0                    82764.266729 78826.0910  4.76%     -    0s
H    0     0                    82010.493196 78867.6606  3.83%     -    0s
H    0     0                    81602.505453 78867.6606  3.35%     -    0s
     0     0 78867.6606    0    3 81602.5055 78867.6606  3.35%     -    0s
     0     0 78873.8786    0    3 81602.5055 78873.8786  3.34%     -    0s
     0     0 78891.6936    0    1 81602.5055 78891.6936  3.32%     -    0s
     0     0 78898.7275    0    2 81602.5055 78898.7275  3.31%     -    0s
     0     0 78937.6863    0    2 81602.5055 78937.6863  3.27%     -    0s
H    0     0                    81527.524791 79148.6708  2.92%     -    0s
     0     0 79148.6708    0    3 81527.5248 79148.6708  2.92%     -    0s
     0     0 79322.8714    0    2 81527.5248 79322.8714  2.70%     -    0s
     0     0 79375.6888    0    2 81527.5248 79375.6888  2.64%     -    0s
     0     2 79375.6888    0    2 81527.5248 79375.6888  2.64%     -    0s

Cutting planes:
  Implied bound: 32
  MIR: 5
  Flow cover: 2
  Relax-and-lift: 2

Explored 110 nodes (1944 simplex iterations) in 0.04 seconds (0.04 work units)
Thread count was 8 (of 8 available processors)

Solution count 10: 81527.5 82764.3 87957.7 ... 153800

Optimal solution found (tolerance 1.00e-04)
Best objective 8.152752479063e+04, best bound 8.152752479063e+04, gap 0.0000%

User-callback calls 499, time in user-callback 0.00 sec

Gurobi 12.0.3 (mac64[arm]) logging started Sat Sep 27 11:09:40 2025

Set parameter LogFile to value "Logs/Facility Location Logs/bernoulli_true/L100/phase1/scenario_generation.log"
Set parameter LogToConsole to value 0

Gurobi 12.0.3 (mac64[arm]) logging started Sat Sep 27 11:09:40 2025

Set parameter LogFile to value "Logs/Facility Location Logs/bernoulli_true/L100/phase1/scenario_generation.log"
Gurobi Optimizer version 12.0.3 build v12.0.3rc0 (mac64[arm] - Darwin 24.6.0 24G222)

CPU model: Apple M3
Thread count: 8 physical cores, 8 logical processors, using up to 8 threads

Non-default parameters:
LogToConsole  0

Optimize a model with 75 rows, 1325 columns and 2575 nonzeros
Model fingerprint: 0x81c31a1a
Variable types: 1300 continuous, 25 integer (25 binary)
Coefficient statistics:
  Matrix range     [1e+00, 2e+04]
  Objective range  [8e-03, 8e+03]
  Bounds range     [0e+00, 0e+00]
  RHS range        [1e+03, 6e+03]
Found heuristic solution: objective 3039400.0000
Presolve removed 24 rows and 625 columns
Presolve time: 0.00s
Presolved: 51 rows, 700 columns, 1350 nonzeros
Variable types: 676 continuous, 24 integer (24 binary)

Root relaxation: objective 5.263711e+04, 85 iterations, 0.00 seconds (0.00 work units)

    Nodes    |    Current Node    |     Objective Bounds      |     Work
 Expl Unexpl |  Obj  Depth IntInf | Incumbent    BestBd   Gap | It/Node Time

     0     0 52637.1136    0   16 3039400.00 52637.1136  98.3%     -    0s
H    0     0                    149743.11358 52637.1136  64.8%     -    0s
H    0     0                    97058.098877 52637.1136  45.8%     -    0s
H    0     0                    94289.433429 52637.1136  44.2%     -    0s
H    0     0                    78284.523807 57364.8666  26.7%     -    0s
     0     0 57364.8666    0    6 78284.5238 57364.8666  26.7%     -    0s
H    0     0                    70183.151410 57553.0819  18.0%     -    0s
H    0     0                    65356.022366 57769.3602  11.6%     -    0s
     0     0 57794.6780    0    7 65356.0224 57794.6780  11.6%     -    0s
H    0     0                    63861.475865 57794.6780  9.50%     -    0s
     0     0 57819.2186    0    5 63861.4759 57819.2186  9.46%     -    0s
     0     0 57833.2283    0    6 63861.4759 57833.2283  9.44%     -    0s
     0     0 57839.9248    0    5 63861.4759 57839.9248  9.43%     -    0s
     0     0 57840.4650    0    5 63861.4759 57840.4650  9.43%     -    0s
     0     0 57880.5165    0    4 63861.4759 57880.5165  9.37%     -    0s
H    0     0                    63816.639769 57888.4937  9.29%     -    0s
     0     0 57888.4937    0    6 63816.6398 57888.4937  9.29%     -    0s
     0     0 57890.0165    0    4 63816.6398 57890.0165  9.29%     -    0s
     0     0 57905.1086    0    1 63816.6398 57905.1086  9.26%     -    0s
     0     0 57912.9198    0    4 63816.6398 57912.9198  9.25%     -    0s
     0     0 57912.9198    0    3 63816.6398 57912.9198  9.25%     -    0s
     0     0 57949.0406    0    3 63816.6398 57949.0406  9.19%     -    0s
     0     0 57949.0406    0    3 63816.6398 57949.0406  9.19%     -    0s
H    0     0                    63347.746208 57949.0406  8.52%     -    0s
     0     2 57949.0406    0    3 63347.7462 57949.0406  8.52%     -    0s
*   19    14               4    63014.558529 57949.0406  8.04%  24.5    0s

Cutting planes:
  Implied bound: 61
  MIR: 5
  Flow cover: 4
  Inf proof: 1

Explored 952 nodes (15683 simplex iterations) in 0.16 seconds (0.14 work units)
Thread count was 8 (of 8 available processors)

Solution count 10: 63014.6 63347.7 63816.6 ... 3.0394e+06

Optimal solution found (tolerance 1.00e-04)
Best objective 6.301455852862e+04, best bound 6.301455852862e+04, gap 0.0000%

User-callback calls 2217, time in user-callback 0.00 sec

Gurobi 12.0.3 (mac64[arm]) logging started Sat Sep 27 11:09:40 2025

Set parameter LogFile to value "Logs/Facility Location Logs/bernoulli_true/L100/phase1/scenario_generation.log"
Set parameter LogToConsole to value 0

Gurobi 12.0.3 (mac64[arm]) logging started Sat Sep 27 11:09:40 2025

Set parameter LogFile to value "Logs/Facility Location Logs/bernoulli_true/L100/phase1/scenario_generation.log"
Gurobi Optimizer version 12.0.3 build v12.0.3rc0 (mac64[arm] - Darwin 24.6.0 24G222)

CPU model: Apple M3
Thread count: 8 physical cores, 8 logical processors, using up to 8 threads

Non-default parameters:
LogToConsole  0

Optimize a model with 75 rows, 1325 columns and 2575 nonzeros
Model fingerprint: 0x024bf006
Variable types: 1300 continuous, 25 integer (25 binary)
Coefficient statistics:
  Matrix range     [1e+00, 2e+04]
  Objective range  [8e-03, 8e+03]
  Bounds range     [0e+00, 0e+00]
  RHS range        [1e+03, 8e+03]
Found heuristic solution: objective 2842200.0000
Presolve removed 23 rows and 599 columns
Presolve time: 0.00s
Presolved: 52 rows, 726 columns, 1401 nonzeros
Variable types: 702 continuous, 24 integer (24 binary)

Root relaxation: objective 3.762360e+04, 66 iterations, 0.00 seconds (0.00 work units)

    Nodes    |    Current Node    |     Objective Bounds      |     Work
 Expl Unexpl |  Obj  Depth IntInf | Incumbent    BestBd   Gap | It/Node Time

     0     0 37623.6028    0   12 2842200.00 37623.6028  98.7%     -    0s
H    0     0                    106701.60281 37623.6028  64.7%     -    0s
H    0     0                    89643.702363 37623.6028  58.0%     -    0s
H    0     0                    70811.067974 37623.6028  46.9%     -    0s
H    0     0                    55811.067974 37623.6028  32.6%     -    0s
H    0     0                    42679.909834 37623.6028  11.8%     -    0s
H    0     0                    42513.176871 37623.6028  11.5%     -    0s
     0     0 40630.7182    0    5 42513.1769 40630.7182  4.43%     -    0s
     0     0 40937.1496    0    5 42513.1769 40937.1496  3.71%     -    0s
     0     0 41090.6925    0    5 42513.1769 41090.6925  3.35%     -    0s
     0     0 41090.6925    0    5 42513.1769 41090.6925  3.35%     -    0s
     0     0 41090.6925    0    4 42513.1769 41090.6925  3.35%     -    0s
     0     0 41264.6926    0    5 42513.1769 41264.6926  2.94%     -    0s
     0     0 41265.4330    0    4 42513.1769 41265.4330  2.93%     -    0s
     0     0 41352.0539    0    2 42513.1769 41352.0539  2.73%     -    0s
     0     0 41352.2117    0    2 42513.1769 41352.2117  2.73%     -    0s
     0     0 41370.8366    0    4 42513.1769 41370.8366  2.69%     -    0s
     0     0 41370.8366    0    4 42513.1769 41370.8366  2.69%     -    0s
     0     0 41370.8366    0    9 42513.1769 41370.8366  2.69%     -    0s
     0     0 41370.8366    0    6 42513.1769 41370.8366  2.69%     -    0s
     0     0 41370.8366    0    5 42513.1769 41370.8366  2.69%     -    0s
     0     0 41370.8366    0    5 42513.1769 41370.8366  2.69%     -    0s
     0     0 41370.8366    0    5 42513.1769 41370.8366  2.69%     -    0s
     0     0 41370.8366    0    5 42513.1769 41370.8366  2.69%     -    0s
     0     0 41370.8366    0    4 42513.1769 41370.8366  2.69%     -    0s
     0     0 41370.8366    0    5 42513.1769 41370.8366  2.69%     -    0s
     0     0 41370.8366    0    3 42513.1769 41370.8366  2.69%     -    0s
     0     0 41370.8366    0    4 42513.1769 41370.8366  2.69%     -    0s
     0     0 41375.3172    0    2 42513.1769 41375.3172  2.68%     -    0s
     0     0 41376.4383    0    3 42513.1769 41376.4383  2.67%     -    0s
     0     0 41425.1934    0    3 42513.1769 41425.1934  2.56%     -    0s
     0     2 41425.1934    0    3 42513.1769 41425.1934  2.56%     -    0s

Cutting planes:
  Implied bound: 45
  MIR: 3
  Flow cover: 1
  Relax-and-lift: 4

Explored 52 nodes (1309 simplex iterations) in 0.05 seconds (0.06 work units)
Thread count was 8 (of 8 available processors)

Solution count 8: 42513.2 49453 55811.1 ... 2.8422e+06

Optimal solution found (tolerance 1.00e-04)
Best objective 4.251317687063e+04, best bound 4.251317687063e+04, gap 0.0000%

User-callback calls 435, time in user-callback 0.00 sec

Gurobi 12.0.3 (mac64[arm]) logging started Sat Sep 27 11:09:40 2025

Set parameter LogFile to value "Logs/Facility Location Logs/bernoulli_true/L100/phase1/scenario_generation.log"
Set parameter LogToConsole to value 0

Gurobi 12.0.3 (mac64[arm]) logging started Sat Sep 27 11:09:40 2025

Set parameter LogFile to value "Logs/Facility Location Logs/bernoulli_true/L100/phase1/scenario_generation.log"
Gurobi Optimizer version 12.0.3 build v12.0.3rc0 (mac64[arm] - Darwin 24.6.0 24G222)

CPU model: Apple M3
Thread count: 8 physical cores, 8 logical processors, using up to 8 threads

Non-default parameters:
LogToConsole  0

Optimize a model with 75 rows, 1325 columns and 2575 nonzeros
Model fingerprint: 0xb887f46a
Variable types: 1300 continuous, 25 integer (25 binary)
Coefficient statistics:
  Matrix range     [1e+00, 2e+04]
  Objective range  [8e-03, 8e+03]
  Bounds range     [0e+00, 0e+00]
  RHS range        [1e+03, 8e+03]
Found heuristic solution: objective 2682150.0000
Presolve removed 25 rows and 651 columns
Presolve time: 0.00s
Presolved: 50 rows, 674 columns, 1299 nonzeros
Variable types: 650 continuous, 24 integer (24 binary)

Root relaxation: objective 2.978172e+04, 86 iterations, 0.00 seconds (0.00 work units)

    Nodes    |    Current Node    |     Objective Bounds      |     Work
 Expl Unexpl |  Obj  Depth IntInf | Incumbent    BestBd   Gap | It/Node Time

     0     0 29781.7188    0   10 2682150.00 29781.7188  98.9%     -    0s
H    0     0                    85460.218825 29781.7188  65.2%     -    0s
H    0     0                    78787.996630 29781.7188  62.2%     -    0s
H    0     0                    56575.912206 32236.2481  43.0%     -    0s
     0     0 32236.2481    0    6 56575.9122 32236.2481  43.0%     -    0s
H    0     0                    37482.217325 32355.9248  13.7%     -    0s
H    0     0                    37402.664204 32355.9248  13.5%     -    0s
     0     0 32618.0335    0    5 37402.6642 32618.0335  12.8%     -    0s
     0     0 32715.7248    0    5 37402.6642 32715.7248  12.5%     -    0s
     0     0 33236.7900    0    3 37402.6642 33236.7900  11.1%     -    0s
H    0     0                    36887.704601 33341.3449  9.61%     -    0s
H    0     0                    36362.388232 33341.3449  8.31%     -    0s
     0     0 33566.2815    0    5 36362.3882 33566.2815  7.69%     -    0s
H    0     0                    35865.913204 33567.2997  6.41%     -    0s
     0     0 34232.2668    0    1 35865.9132 34232.2668  4.55%     -    0s
     0     0 34233.2990    0    2 35865.9132 34233.2990  4.55%     -    0s
     0     0 34233.2990    0    2 35865.9132 34233.2990  4.55%     -    0s
H    0     0                    35472.750596 34233.2990  3.49%     -    0s
H    0     0                    35383.592001 34233.2990  3.25%     -    0s
     0     0 34233.2990    0   10 35383.5920 34233.2990  3.25%     -    0s
     0     0 34233.2990    0    6 35383.5920 34233.2990  3.25%     -    0s
     0     0 34233.2990    0    5 35383.5920 34233.2990  3.25%     -    0s
     0     0 34233.2990    0    3 35383.5920 34233.2990  3.25%     -    0s
     0     0 34233.2990    0    5 35383.5920 34233.2990  3.25%     -    0s
     0     0 34233.2990    0    8 35383.5920 34233.2990  3.25%     -    0s
     0     0 34233.2990    0    3 35383.5920 34233.2990  3.25%     -    0s
     0     0 34233.2990    0    3 35383.5920 34233.2990  3.25%     -    0s
     0     0 34233.2990    0    3 35383.5920 34233.2990  3.25%     -    0s
     0     0 34233.2990    0    4 35383.5920 34233.2990  3.25%     -    0s
     0     0 34233.2990    0    2 35383.5920 34233.2990  3.25%     -    0s
     0     0 34233.2990    0    2 35383.5920 34233.2990  3.25%     -    0s
     0     0 34233.2990    0    2 35383.5920 34233.2990  3.25%     -    0s
     0     0 34233.2990    0    2 35383.5920 34233.2990  3.25%     -    0s
     0     0 34233.2990    0    2 35383.5920 34233.2990  3.25%     -    0s
     0     0 34264.2034    0    2 35383.5920 34264.2034  3.16%     -    0s
     0     0 34285.2542    0    1 35383.5920 34285.2542  3.10%     -    0s
     0     0 34295.8627    0    4 35383.5920 34295.8627  3.07%     -    0s
     0     0 34297.5304    0    5 35383.5920 34297.5304  3.07%     -    0s
     0     0 34308.1219    0    3 35383.5920 34308.1219  3.04%     -    0s
     0     0 34308.2329    0    3 35383.5920 34308.2329  3.04%     -    0s
     0     2 34308.2329    0    3 35383.5920 34308.2329  3.04%     -    0s

Cutting planes:
  Implied bound: 57
  MIR: 11
  Flow cover: 1
  Relax-and-lift: 2

Explored 96 nodes (1869 simplex iterations) in 0.05 seconds (0.06 work units)
Thread count was 8 (of 8 available processors)

Solution count 9: 35383.6 35865.9 36362.4 ... 2.68215e+06

Optimal solution found (tolerance 1.00e-04)
Best objective 3.538359200100e+04, best bound 3.538359200100e+04, gap 0.0000%

User-callback calls 547, time in user-callback 0.00 sec

Gurobi 12.0.3 (mac64[arm]) logging started Sat Sep 27 11:09:40 2025

Set parameter LogFile to value "Logs/Facility Location Logs/bernoulli_true/L100/phase1/scenario_generation.log"
Set parameter LogToConsole to value 0

Gurobi 12.0.3 (mac64[arm]) logging started Sat Sep 27 11:09:40 2025

Set parameter LogFile to value "Logs/Facility Location Logs/bernoulli_true/L100/phase1/scenario_generation.log"
Gurobi Optimizer version 12.0.3 build v12.0.3rc0 (mac64[arm] - Darwin 24.6.0 24G222)

CPU model: Apple M3
Thread count: 8 physical cores, 8 logical processors, using up to 8 threads

Non-default parameters:
LogToConsole  0

Optimize a model with 75 rows, 1325 columns and 2575 nonzeros
Model fingerprint: 0xc2226702
Variable types: 1300 continuous, 25 integer (25 binary)
Coefficient statistics:
  Matrix range     [1e+00, 2e+04]
  Objective range  [8e-03, 8e+03]
  Bounds range     [0e+00, 0e+00]
  RHS range        [1e+03, 6e+03]
Found heuristic solution: objective 2746950.0000
Presolve removed 25 rows and 651 columns
Presolve time: 0.00s
Presolved: 50 rows, 674 columns, 1299 nonzeros
Variable types: 650 continuous, 24 integer (24 binary)

Root relaxation: objective 3.511058e+04, 63 iterations, 0.00 seconds (0.00 work units)

    Nodes    |    Current Node    |     Objective Bounds      |     Work
 Expl Unexpl |  Obj  Depth IntInf | Incumbent    BestBd   Gap | It/Node Time

     0     0 35110.5847    0   13 2746950.00 35110.5847  98.7%     -    0s
H    0     0                    112641.08470 35110.5847  68.8%     -    0s
H    0     0                    91261.097091 35110.5847  61.5%     -    0s
H    0     0                    90596.632122 35110.5847  61.2%     -    0s
H    0     0                    61534.964529 36982.8104  39.9%     -    0s
H    0     0                    40374.024205 36982.8104  8.40%     -    0s
H    0     0                    40237.936070 36982.8104  8.09%     -    0s
     0     0 36982.8104    0    7 40237.9361 36982.8104  8.09%     -    0s
     0     0 37003.2116    0    6 40237.9361 37003.2116  8.04%     -    0s
H    0     0                    39960.386505 37205.1945  6.89%     -    0s
     0     0 37279.1179    0    4 39960.3865 37279.1179  6.71%     -    0s
H    0     0                    39876.754858 37279.1179  6.51%     -    0s
     0     0 37342.1403    0    3 39876.7549 37342.1403  6.36%     -    0s
     0     0 37355.2072    0    3 39876.7549 37355.2072  6.32%     -    0s
     0     0 37356.5134    0    5 39876.7549 37356.5134  6.32%     -    0s
     0     0 37410.9936    0    4 39876.7549 37410.9936  6.18%     -    0s
H    0     0                    39867.711639 37426.6930  6.12%     -    0s
     0     0 37426.6930    0    3 39867.7116 37426.6930  6.12%     -    0s
     0     0 37435.9164    0    4 39867.7116 37435.9164  6.10%     -    0s
     0     0 37466.9035    0    1 39867.7116 37466.9035  6.02%     -    0s
H    0     0                    39538.601730 37466.9035  5.24%     -    0s
     0     0 37471.1321    0    1 39538.6017 37471.1321  5.23%     -    0s
     0     0 37480.2303    0    3 39538.6017 37480.2303  5.21%     -    0s
     0     0 37480.2303    0    3 39538.6017 37480.2303  5.21%     -    0s
     0     2 37480.2303    0    3 39538.6017 37480.2303  5.21%     -    0s

Cutting planes:
  Implied bound: 36
  MIR: 3
  Flow cover: 1
  Relax-and-lift: 2

Explored 322 nodes (5711 simplex iterations) in 0.05 seconds (0.06 work units)
Thread count was 8 (of 8 available processors)

Solution count 8: 39538.6 39867.7 40237.9 ... 2.74695e+06

Optimal solution found (tolerance 1.00e-04)
Best objective 3.953860173038e+04, best bound 3.953860173038e+04, gap 0.0000%

User-callback calls 931, time in user-callback 0.00 sec

Gurobi 12.0.3 (mac64[arm]) logging started Sat Sep 27 11:09:40 2025

Set parameter LogFile to value "Logs/Facility Location Logs/bernoulli_true/L100/phase1/scenario_generation.log"
Set parameter LogToConsole to value 0

Gurobi 12.0.3 (mac64[arm]) logging started Sat Sep 27 11:09:40 2025

Set parameter LogFile to value "Logs/Facility Location Logs/bernoulli_true/L100/phase1/scenario_generation.log"
Gurobi Optimizer version 12.0.3 build v12.0.3rc0 (mac64[arm] - Darwin 24.6.0 24G222)

CPU model: Apple M3
Thread count: 8 physical cores, 8 logical processors, using up to 8 threads

Non-default parameters:
LogToConsole  0

Optimize a model with 75 rows, 1325 columns and 2575 nonzeros
Model fingerprint: 0x58c5ede1
Variable types: 1300 continuous, 25 integer (25 binary)
Coefficient statistics:
  Matrix range     [1e+00, 2e+04]
  Objective range  [8e-03, 8e+03]
  Bounds range     [0e+00, 0e+00]
  RHS range        [1e+03, 2e+04]
Found heuristic solution: objective 2954350.0000
Presolve removed 29 rows and 755 columns
Presolve time: 0.00s
Presolved: 46 rows, 570 columns, 1095 nonzeros
Variable types: 546 continuous, 24 integer (24 binary)

Root relaxation: objective 7.381153e+04, 74 iterations, 0.00 seconds (0.00 work units)

    Nodes    |    Current Node    |     Objective Bounds      |     Work
 Expl Unexpl |  Obj  Depth IntInf | Incumbent    BestBd   Gap | It/Node Time

     0     0 73811.5271    0   10 2954350.00 73811.5271  97.5%     -    0s
H    0     0                    134268.02715 73811.5271  45.0%     -    0s
H    0     0                    121668.24970 73811.5271  39.3%     -    0s
H    0     0                    120265.69177 73811.5271  38.6%     -    0s
H    0     0                    112336.19362 73811.5271  34.3%     -    0s
H    0     0                    92420.114834 73811.5271  20.1%     -    0s
H    0     0                    77608.339792 77068.0273  0.70%     -    0s
H    0     0                    77256.020137 77068.0273  0.24%     -    0s
     0     0          -    0      77256.0201 77254.3363  0.00%     -    0s

Cutting planes:
  Implied bound: 10
  Flow cover: 3

Explored 1 nodes (131 simplex iterations) in 0.00 seconds (0.00 work units)
Thread count was 8 (of 8 available processors)

Solution count 6: 77256 92420.1 112336 ... 2.95435e+06

Optimal solution found (tolerance 1.00e-04)
Best objective 7.725602013656e+04, best bound 7.725433629912e+04, gap 0.0022%

User-callback calls 208, time in user-callback 0.00 sec

Gurobi 12.0.3 (mac64[arm]) logging started Sat Sep 27 11:09:40 2025

Set parameter LogFile to value "Logs/Facility Location Logs/bernoulli_true/L100/phase1/scenario_generation.log"
Set parameter LogToConsole to value 0

Gurobi 12.0.3 (mac64[arm]) logging started Sat Sep 27 11:09:40 2025

Set parameter LogFile to value "Logs/Facility Location Logs/bernoulli_true/L100/phase1/scenario_generation.log"
Gurobi Optimizer version 12.0.3 build v12.0.3rc0 (mac64[arm] - Darwin 24.6.0 24G222)

CPU model: Apple M3
Thread count: 8 physical cores, 8 logical processors, using up to 8 threads

Non-default parameters:
LogToConsole  0

Optimize a model with 75 rows, 1325 columns and 2575 nonzeros
Model fingerprint: 0xf8f1c5fc
Variable types: 1300 continuous, 25 integer (25 binary)
Coefficient statistics:
  Matrix range     [1e+00, 2e+04]
  Objective range  [8e-03, 8e+03]
  Bounds range     [0e+00, 0e+00]
  RHS range        [9e+02, 2e+04]
Found heuristic solution: objective 3682300.0000
Presolve removed 19 rows and 495 columns
Presolve time: 0.00s
Presolved: 56 rows, 830 columns, 1605 nonzeros
Variable types: 806 continuous, 24 integer (24 binary)

Root relaxation: objective 8.012289e+04, 127 iterations, 0.00 seconds (0.00 work units)

    Nodes    |    Current Node    |     Objective Bounds      |     Work
 Expl Unexpl |  Obj  Depth IntInf | Incumbent    BestBd   Gap | It/Node Time

     0     0 80122.8881    0   15 3682300.00 80122.8881  97.8%     -    0s
H    0     0                    170799.88807 80122.8881  53.1%     -    0s
H    0     0                    128832.91528 80122.8881  37.8%     -    0s
H    0     0                    128240.98811 80122.8881  37.5%     -    0s
H    0     0                    105369.36186 83590.9312  20.7%     -    0s
     0     0 83590.9312    0    7 105369.362 83590.9312  20.7%     -    0s
H    0     0                    84464.948636 83636.3222  0.98%     -    0s
     0     0 83973.6470    0    6 84464.9486 83973.6470  0.58%     -    0s
     0     0 84104.3761    0    3 84464.9486 84104.3761  0.43%     -    0s
     0     0 84173.2912    0    3 84464.9486 84173.2912  0.35%     -    0s
     0     0 84173.2912    0    3 84464.9486 84173.2912  0.35%     -    0s

Cutting planes:
  Implied bound: 34
  MIR: 5
  Flow cover: 1
  Relax-and-lift: 1

Explored 1 nodes (242 simplex iterations) in 0.01 seconds (0.01 work units)
Thread count was 8 (of 8 available processors)

Solution count 5: 84464.9 105369 128241 ... 3.6823e+06

Optimal solution found (tolerance 1.00e-04)
Best objective 8.446494863606e+04, best bound 8.446494863606e+04, gap 0.0000%

User-callback calls 224, time in user-callback 0.00 sec

Gurobi 12.0.3 (mac64[arm]) logging started Sat Sep 27 11:09:40 2025

Set parameter LogFile to value "Logs/Facility Location Logs/bernoulli_true/L100/phase1/scenario_generation.log"
Set parameter LogToConsole to value 0

Gurobi 12.0.3 (mac64[arm]) logging started Sat Sep 27 11:09:40 2025

Set parameter LogFile to value "Logs/Facility Location Logs/bernoulli_true/L100/phase1/scenario_generation.log"
Gurobi Optimizer version 12.0.3 build v12.0.3rc0 (mac64[arm] - Darwin 24.6.0 24G222)

CPU model: Apple M3
Thread count: 8 physical cores, 8 logical processors, using up to 8 threads

Non-default parameters:
LogToConsole  0

Optimize a model with 75 rows, 1325 columns and 2575 nonzeros
Model fingerprint: 0x85e7eb3a
Variable types: 1300 continuous, 25 integer (25 binary)
Coefficient statistics:
  Matrix range     [1e+00, 2e+04]
  Objective range  [8e-03, 8e+03]
  Bounds range     [0e+00, 0e+00]
  RHS range        [5e+02, 5e+03]
Found heuristic solution: objective 2384250.0000
Presolve removed 15 rows and 391 columns
Presolve time: 0.00s
Presolved: 60 rows, 934 columns, 1809 nonzeros
Variable types: 910 continuous, 24 integer (24 binary)

Root relaxation: objective 3.575311e+04, 115 iterations, 0.00 seconds (0.00 work units)

    Nodes    |    Current Node    |     Objective Bounds      |     Work
 Expl Unexpl |  Obj  Depth IntInf | Incumbent    BestBd   Gap | It/Node Time

     0     0 35753.1081    0   14 2384250.00 35753.1081  98.5%     -    0s
H    0     0                    124410.60814 35753.1081  71.3%     -    0s
H    0     0                    86413.600558 35753.1081  58.6%     -    0s
H    0     0                    86403.975727 35753.1081  58.6%     -    0s
H    0     0                    86377.451634 36181.4336  58.1%     -    0s
H    0     0                    73885.397168 39015.3166  47.2%     -    0s
     0     0 39015.3166    0    6 73885.3972 39015.3166  47.2%     -    0s
H    0     0                    66742.707610 39114.9103  41.4%     -    0s
     0     0 39114.9103    0    5 66742.7076 39114.9103  41.4%     -    0s
H    0     0                    53322.126879 39363.7651  26.2%     -    0s
H    0     0                    45935.738152 39363.7651  14.3%     -    0s
H    0     0                    45906.475855 39363.7651  14.3%     -    0s
     0     0 39363.7651    0    3 45906.4759 39363.7651  14.3%     -    0s
H    0     0                    45387.389273 39369.9553  13.3%     -    0s
H    0     0                    45046.520510 39386.0570  12.6%     -    0s
     0     0 39386.0570    0    2 45046.5205 39386.0570  12.6%     -    0s
     0     0 39400.7265    0    3 45046.5205 39400.7265  12.5%     -    0s
     0     0 39406.4739    0    3 45046.5205 39406.4739  12.5%     -    0s
     0     0 39526.2270    0    1 45046.5205 39526.2270  12.3%     -    0s
     0     0 39664.8916    0    2 45046.5205 39664.8916  11.9%     -    0s
     0     0 39702.0187    0    2 45046.5205 39702.0187  11.9%     -    0s
     0     0 39715.2131    0    2 45046.5205 39715.2131  11.8%     -    0s
H    0     0                    45042.245302 39715.2131  11.8%     -    0s
H    0     0                    44924.828250 39715.2131  11.6%     -    0s
H    0     0                    44775.413339 39715.2131  11.3%     -    0s
     0     2 39715.2131    0    2 44775.4133 39715.2131  11.3%     -    0s

Cutting planes:
  Implied bound: 61
  MIR: 3
  Relax-and-lift: 2

Explored 372 nodes (6709 simplex iterations) in 0.06 seconds (0.09 work units)
Thread count was 8 (of 8 available processors)

Solution count 10: 44775.4 44924.8 45387.4 ... 2.38425e+06

Optimal solution found (tolerance 1.00e-04)
Best objective 4.477541333925e+04, best bound 4.477541333925e+04, gap 0.0000%

User-callback calls 1036, time in user-callback 0.00 sec

Gurobi 12.0.3 (mac64[arm]) logging started Sat Sep 27 11:09:40 2025

Set parameter LogFile to value "Logs/Facility Location Logs/bernoulli_true/L100/phase1/scenario_generation.log"
Set parameter LogToConsole to value 0

Gurobi 12.0.3 (mac64[arm]) logging started Sat Sep 27 11:09:40 2025

Set parameter LogFile to value "Logs/Facility Location Logs/bernoulli_true/L100/phase1/scenario_generation.log"
Gurobi Optimizer version 12.0.3 build v12.0.3rc0 (mac64[arm] - Darwin 24.6.0 24G222)

CPU model: Apple M3
Thread count: 8 physical cores, 8 logical processors, using up to 8 threads

Non-default parameters:
LogToConsole  0

Optimize a model with 75 rows, 1325 columns and 2575 nonzeros
Model fingerprint: 0x3512b418
Variable types: 1300 continuous, 25 integer (25 binary)
Coefficient statistics:
  Matrix range     [1e+00, 2e+04]
  Objective range  [8e-03, 8e+03]
  Bounds range     [0e+00, 0e+00]
  RHS range        [9e+02, 8e+03]
Found heuristic solution: objective 2513650.0000
Presolve removed 23 rows and 599 columns
Presolve time: 0.00s
Presolved: 52 rows, 726 columns, 1401 nonzeros
Variable types: 702 continuous, 24 integer (24 binary)

Root relaxation: objective 2.701142e+04, 92 iterations, 0.00 seconds (0.00 work units)

    Nodes    |    Current Node    |     Objective Bounds      |     Work
 Expl Unexpl |  Obj  Depth IntInf | Incumbent    BestBd   Gap | It/Node Time

     0     0 27011.4215    0   14 2513650.00 27011.4215  98.9%     -    0s
H    0     0                    114374.92146 27011.4215  76.4%     -    0s
H    0     0                    77045.571774 27011.4215  64.9%     -    0s
H    0     0                    72788.318657 27011.4215  62.9%     -    0s
H    0     0                    65874.502523 27011.4215  59.0%     -    0s
H    0     0                    58723.136916 27011.4215  54.0%     -    0s
     0     0 30036.4548    0    9 58723.1369 30036.4548  48.9%     -    0s
H    0     0                    42062.384212 30101.3018  28.4%     -    0s
H    0     0                    40301.059543 30101.3018  25.3%     -    0s
     0     0 30395.4656    0   10 40301.0595 30395.4656  24.6%     -    0s
H    0     0                    38511.590628 30438.1608  21.0%     -    0s
H    0     0                    38409.051539 30438.1608  20.8%     -    0s
     0     0 30438.1608    0   10 38409.0515 30438.1608  20.8%     -    0s
     0     0 31246.9595    0   10 38409.0515 31246.9595  18.6%     -    0s
     0     0 31334.0954    0    7 38409.0515 31334.0954  18.4%     -    0s
H    0     0                    38214.377037 31735.4655  17.0%     -    0s
     0     0 31735.4655    0   10 38214.3770 31735.4655  17.0%     -    0s
H    0     0                    38197.520706 31786.7191  16.8%     -    0s
H    0     0                    38027.956091 31786.7191  16.4%     -    0s
H    0     0                    37938.522029 31786.7191  16.2%     -    0s
H    0     0                    37342.857190 31786.7191  14.9%     -    0s
     0     0 31786.7191    0    6 37342.8572 31786.7191  14.9%     -    0s
     0     0 31787.4069    0    7 37342.8572 31787.4069  14.9%     -    0s
     0     0 32325.5295    0    3 37342.8572 32325.5295  13.4%     -    0s
H    0     0                    34782.921199 32325.5295  7.06%     -    0s
     0     0 32338.4244    0    5 34782.9212 32338.4244  7.03%     -    0s
     0     0 32338.4244    0    5 34782.9212 32338.4244  7.03%     -    0s
H    0     0                    34642.165742 32338.4244  6.65%     -    0s
H    0     0                    34637.637136 32338.4244  6.64%     -    0s
     0     2 32338.4546    0    5 34637.6371 32338.4546  6.64%     -    0s
H   61    61                    34636.338377 32432.3290  6.36%  11.1    0s

Cutting planes:
  Implied bound: 72
  MIR: 1
  Relax-and-lift: 1

Explored 1095 nodes (15557 simplex iterations) in 0.09 seconds (0.14 work units)
Thread count was 8 (of 8 available processors)

Solution count 10: 34636.3 34782.9 37342.9 ... 65874.5

Optimal solution found (tolerance 1.00e-04)
Best objective 3.463633837744e+04, best bound 3.463633837744e+04, gap 0.0000%

User-callback calls 2493, time in user-callback 0.00 sec

Gurobi 12.0.3 (mac64[arm]) logging started Sat Sep 27 11:09:40 2025

Set parameter LogFile to value "Logs/Facility Location Logs/bernoulli_true/L100/phase1/scenario_generation.log"
Set parameter LogToConsole to value 0

Gurobi 12.0.3 (mac64[arm]) logging started Sat Sep 27 11:09:40 2025

Set parameter LogFile to value "Logs/Facility Location Logs/bernoulli_true/L100/phase1/scenario_generation.log"
Gurobi Optimizer version 12.0.3 build v12.0.3rc0 (mac64[arm] - Darwin 24.6.0 24G222)

CPU model: Apple M3
Thread count: 8 physical cores, 8 logical processors, using up to 8 threads

Non-default parameters:
LogToConsole  0

Optimize a model with 75 rows, 1325 columns and 2575 nonzeros
Model fingerprint: 0xd205e458
Variable types: 1300 continuous, 25 integer (25 binary)
Coefficient statistics:
  Matrix range     [1e+00, 2e+04]
  Objective range  [8e-03, 8e+03]
  Bounds range     [0e+00, 0e+00]
  RHS range        [1e+03, 6e+03]
Found heuristic solution: objective 1853050.0000
Presolve removed 30 rows and 781 columns
Presolve time: 0.00s
Presolved: 45 rows, 544 columns, 1044 nonzeros
Variable types: 520 continuous, 24 integer (24 binary)

Root relaxation: objective 2.679411e+04, 75 iterations, 0.00 seconds (0.00 work units)

    Nodes    |    Current Node    |     Objective Bounds      |     Work
 Expl Unexpl |  Obj  Depth IntInf | Incumbent    BestBd   Gap | It/Node Time

     0     0 26794.1051    0    8 1853050.00 26794.1051  98.6%     -    0s
H    0     0                    75763.605132 26794.1051  64.6%     -    0s
H    0     0                    69294.621344 26794.1051  61.3%     -    0s
H    0     0                    68787.311841 26794.1051  61.0%     -    0s
H    0     0                    46917.625994 26794.1051  42.9%     -    0s
H    0     0                    40460.753659 28607.8493  29.3%     -    0s
     0     0 28607.8493    0    4 40460.7537 28607.8493  29.3%     -    0s
H    0     0                    32933.246634 28651.1124  13.0%     -    0s
     0     0 28769.2145    0    4 32933.2466 28769.2145  12.6%     -    0s
H    0     0                    32861.612550 28791.9347  12.4%     -    0s
H    0     0                    32830.784780 28791.9347  12.3%     -    0s
     0     0 28873.7306    0    4 32830.7848 28873.7306  12.1%     -    0s
H    0     0                    32474.633381 28873.7306  11.1%     -    0s
     0     0 28941.6173    0    3 32474.6334 28941.6173  10.9%     -    0s
     0     0 28991.3040    0    3 32474.6334 28991.3040  10.7%     -    0s
H    0     0                    32270.329784 28996.1558  10.1%     -    0s
     0     0 29091.3672    0    4 32270.3298 29091.3672  9.85%     -    0s
H    0     0                    32203.718593 29091.3672  9.66%     -    0s
     0     0 29146.8027    0    4 32203.7186 29146.8027  9.49%     -    0s
     0     0 29502.3925    0    1 32203.7186 29502.3925  8.39%     -    0s
     0     0 29666.1293    0    4 32203.7186 29666.1293  7.88%     -    0s
     0     0 29679.4571    0    4 32203.7186 29679.4571  7.84%     -    0s
     0     0 29786.1853    0    4 32203.7186 29786.1853  7.51%     -    0s
     0     0 29894.8510    0    3 32203.7186 29894.8510  7.17%     -    0s
     0     0 29998.5283    0    3 32203.7186 29998.5283  6.85%     -    0s
     0     2 29998.5283    0    3 32203.7186 29998.5283  6.85%     -    0s

Cutting planes:
  Implied bound: 37
  MIR: 4
  Relax-and-lift: 1

Explored 82 nodes (1681 simplex iterations) in 0.03 seconds (0.04 work units)
Thread count was 8 (of 8 available processors)

Solution count 7: 32203.7 32474.6 40460.8 ... 1.85305e+06

Optimal solution found (tolerance 1.00e-04)
Best objective 3.220371859256e+04, best bound 3.220371859256e+04, gap 0.0000%

User-callback calls 443, time in user-callback 0.00 sec

Gurobi 12.0.3 (mac64[arm]) logging started Sat Sep 27 11:09:40 2025

Set parameter LogFile to value "Logs/Facility Location Logs/bernoulli_true/L100/phase1/scenario_generation.log"
Set parameter LogToConsole to value 0

Gurobi 12.0.3 (mac64[arm]) logging started Sat Sep 27 11:09:40 2025

Set parameter LogFile to value "Logs/Facility Location Logs/bernoulli_true/L100/phase1/scenario_generation.log"
Gurobi Optimizer version 12.0.3 build v12.0.3rc0 (mac64[arm] - Darwin 24.6.0 24G222)

CPU model: Apple M3
Thread count: 8 physical cores, 8 logical processors, using up to 8 threads

Non-default parameters:
LogToConsole  0

Optimize a model with 75 rows, 1325 columns and 2575 nonzeros
Model fingerprint: 0x6a1867a6
Variable types: 1300 continuous, 25 integer (25 binary)
Coefficient statistics:
  Matrix range     [1e+00, 2e+04]
  Objective range  [8e-03, 8e+03]
  Bounds range     [0e+00, 0e+00]
  RHS range        [7e+02, 9e+03]
Found heuristic solution: objective 2131000.0000
Presolve removed 25 rows and 651 columns
Presolve time: 0.00s
Presolved: 50 rows, 674 columns, 1299 nonzeros
Variable types: 650 continuous, 24 integer (24 binary)

Root relaxation: objective 2.302641e+04, 84 iterations, 0.00 seconds (0.00 work units)

    Nodes    |    Current Node    |     Objective Bounds      |     Work
 Expl Unexpl |  Obj  Depth IntInf | Incumbent    BestBd   Gap | It/Node Time

     0     0 23026.4090    0   11 2131000.00 23026.4090  98.9%     -    0s
H    0     0                    91716.409020 23026.4090  74.9%     -    0s
H    0     0                    56873.811538 23026.4090  59.5%     -    0s
H    0     0                    54834.537476 23026.4090  58.0%     -    0s
     0     0 25646.5312    0    6 54834.5375 25646.5312  53.2%     -    0s
H    0     0                    48741.792507 25824.1656  47.0%     -    0s
H    0     0                    34575.454288 25824.1656  25.3%     -    0s
H    0     0                    32881.083629 25824.1656  21.5%     -    0s
H    0     0                    29687.279810 26006.7279  12.4%     -    0s
     0     0 26006.7279    0    5 29687.2798 26006.7279  12.4%     -    0s
H    0     0                    29374.918546 26041.6922  11.3%     -    0s
     0     0 26827.6431    0    4 29374.9185 26827.6431  8.67%     -    0s
     0     0 27514.8709    0    6 29374.9185 27514.8709  6.33%     -    0s
H    0     0                    29234.459329 28524.8192  2.43%     -    0s
     0     0 28524.8192    0    1 29234.4593 28524.8192  2.43%     -    0s
     0     0 28532.8288    0    4 29234.4593 28532.8288  2.40%     -    0s
     0     0 28532.8288    0    4 29234.4593 28532.8288  2.40%     -    0s
     0     2 28532.8288    0    4 29234.4593 28532.8288  2.40%     -    0s

Cutting planes:
  Implied bound: 109
  MIR: 1

Explored 39 nodes (1009 simplex iterations) in 0.03 seconds (0.04 work units)
Thread count was 8 (of 8 available processors)

Solution count 10: 29234.5 29374.9 29687.3 ... 2.131e+06

Optimal solution found (tolerance 1.00e-04)
Best objective 2.923445932875e+04, best bound 2.923445932875e+04, gap 0.0000%

User-callback calls 329, time in user-callback 0.00 sec

Gurobi 12.0.3 (mac64[arm]) logging started Sat Sep 27 11:09:40 2025

Set parameter LogFile to value "Logs/Facility Location Logs/bernoulli_true/L100/phase1/scenario_generation.log"
Set parameter LogToConsole to value 0

Gurobi 12.0.3 (mac64[arm]) logging started Sat Sep 27 11:09:40 2025

Set parameter LogFile to value "Logs/Facility Location Logs/bernoulli_true/L100/phase1/scenario_generation.log"
Gurobi Optimizer version 12.0.3 build v12.0.3rc0 (mac64[arm] - Darwin 24.6.0 24G222)

CPU model: Apple M3
Thread count: 8 physical cores, 8 logical processors, using up to 8 threads

Non-default parameters:
LogToConsole  0

Optimize a model with 75 rows, 1325 columns and 2575 nonzeros
Model fingerprint: 0x56558377
Variable types: 1300 continuous, 25 integer (25 binary)
Coefficient statistics:
  Matrix range     [1e+00, 2e+04]
  Objective range  [8e-03, 8e+03]
  Bounds range     [0e+00, 0e+00]
  RHS range        [2e+03, 6e+03]
Found heuristic solution: objective 3069050.0000
Presolve removed 27 rows and 703 columns
Presolve time: 0.00s
Presolved: 48 rows, 622 columns, 1197 nonzeros
Variable types: 598 continuous, 24 integer (24 binary)

Root relaxation: objective 4.612944e+04, 99 iterations, 0.00 seconds (0.00 work units)

    Nodes    |    Current Node    |     Objective Bounds      |     Work
 Expl Unexpl |  Obj  Depth IntInf | Incumbent    BestBd   Gap | It/Node Time

     0     0 46129.4419    0   13 3069050.00 46129.4419  98.5%     -    0s
H    0     0                    120438.94189 46129.4419  61.7%     -    0s
H    0     0                    107338.21760 46129.4419  57.0%     -    0s
H    0     0                    100042.48554 46129.4419  53.9%     -    0s
H    0     0                    93297.760715 46129.4419  50.6%     -    0s
H    0     0                    77763.833582 50031.1971  35.7%     -    0s
     0     0 50031.1971    0    7 77763.8336 50031.1971  35.7%     -    0s
H    0     0                    71228.685014 50171.9428  29.6%     -    0s
H    0     0                    70943.892640 50171.9428  29.3%     -    0s
H    0     0                    64864.194834 50171.9428  22.7%     -    0s
H    0     0                    59492.938475 50762.0600  14.7%     -    0s
H    0     0                    58404.603167 50762.0600  13.1%     -    0s
     0     0 50762.0600    0    8 58404.6032 50762.0600  13.1%     -    0s
     0     0 50891.6149    0    8 58404.6032 50891.6149  12.9%     -    0s
     0     0 51052.3008    0    8 58404.6032 51052.3008  12.6%     -    0s
     0     0 51121.6009    0    7 58404.6032 51121.6009  12.5%     -    0s
     0     0 51121.6009    0    6 58404.6032 51121.6009  12.5%     -    0s
     0     0 51121.6009    0    8 58404.6032 51121.6009  12.5%     -    0s
     0     0 51383.4996    0    5 58404.6032 51383.4996  12.0%     -    0s
     0     0 51391.2784    0    6 58404.6032 51391.2784  12.0%     -    0s
H    0     0                    58211.120092 51391.2784  11.7%     -    0s
     0     0 51597.5914    0    4 58211.1201 51597.5914  11.4%     -    0s
H    0     0                    58150.914434 51605.2886  11.3%     -    0s
     0     0 51605.2886    0    6 58150.9144 51605.2886  11.3%     -    0s
     0     0 51605.3028    0    6 58150.9144 51605.3028  11.3%     -    0s
H    0     0                    56903.073587 51605.3028  9.31%     -    0s
H    0     0                    56893.151355 51605.3072  9.29%     -    0s
     0     2 51605.3072    0    6 56893.1514 51605.3072  9.29%     -    0s
*  239   207              12    56816.373592 51721.4039  8.97%   9.2    0s
* 3612   192               7    56666.918692 53469.3089  5.64%  16.1    0s

Cutting planes:
  Implied bound: 102
  MIR: 5
  Inf proof: 4
  Relax-and-lift: 1

Explored 4721 nodes (71903 simplex iterations) in 0.21 seconds (0.36 work units)
Thread count was 8 (of 8 available processors)

Solution count 10: 56666.9 56816.4 56893.2 ... 77763.8

Optimal solution found (tolerance 1.00e-04)
Best objective 5.666691869175e+04, best bound 5.666691869175e+04, gap 0.0000%

User-callback calls 9785, time in user-callback 0.01 sec

Gurobi 12.0.3 (mac64[arm]) logging started Sat Sep 27 11:09:41 2025

Set parameter LogFile to value "Logs/Facility Location Logs/bernoulli_true/L100/phase1/scenario_generation.log"
Set parameter LogToConsole to value 0

Gurobi 12.0.3 (mac64[arm]) logging started Sat Sep 27 11:09:41 2025

Set parameter LogFile to value "Logs/Facility Location Logs/bernoulli_true/L100/phase1/scenario_generation.log"
Gurobi Optimizer version 12.0.3 build v12.0.3rc0 (mac64[arm] - Darwin 24.6.0 24G222)

CPU model: Apple M3
Thread count: 8 physical cores, 8 logical processors, using up to 8 threads

Non-default parameters:
LogToConsole  0

Optimize a model with 75 rows, 1325 columns and 2575 nonzeros
Model fingerprint: 0x565f0a4f
Variable types: 1300 continuous, 25 integer (25 binary)
Coefficient statistics:
  Matrix range     [1e+00, 2e+04]
  Objective range  [8e-03, 8e+03]
  Bounds range     [0e+00, 0e+00]
  RHS range        [1e+03, 5e+03]
Found heuristic solution: objective 2980350.0000
Presolve removed 26 rows and 677 columns
Presolve time: 0.00s
Presolved: 49 rows, 648 columns, 1248 nonzeros
Variable types: 624 continuous, 24 integer (24 binary)

Root relaxation: objective 4.289698e+04, 58 iterations, 0.00 seconds (0.00 work units)

    Nodes    |    Current Node    |     Objective Bounds      |     Work
 Expl Unexpl |  Obj  Depth IntInf | Incumbent    BestBd   Gap | It/Node Time

     0     0 42896.9833    0   16 2980350.00 42896.9833  98.6%     -    0s
H    0     0                    140593.48332 42896.9833  69.5%     -    0s
H    0     0                    137381.15307 42896.9833  68.8%     -    0s
H    0     0                    125196.56831 42896.9833  65.7%     -    0s
H    0     0                    121940.01183 42896.9833  64.8%     -    0s
H    0     0                    103927.29613 42896.9833  58.7%     -    0s
H    0     0                    76320.692699 46977.8685  38.4%     -    0s
     0     0 46977.8685    0    8 76320.6927 46977.8685  38.4%     -    0s
H    0     0                    68846.254990 47074.1410  31.6%     -    0s
H    0     0                    65781.324261 47442.9166  27.9%     -    0s
H    0     0                    58856.564952 47442.9166  19.4%     -    0s
     0     0 47442.9166    0    8 58856.5650 47442.9166  19.4%     -    0s
H    0     0                    51570.793230 47595.9061  7.71%     -    0s
H    0     0                    48117.098207 47595.9061  1.08%     -    0s
     0     0 47807.8831    0    5 48117.0982 47807.8831  0.64%     -    0s
     0     0 47809.5015    0    4 48117.0982 47809.5015  0.64%     -    0s
H    0     0                    48029.967697 47809.5015  0.46%     -    0s
     0     0 47809.7513    0    5 48029.9677 47809.7513  0.46%     -    0s
     0     0 47829.4630    0    4 48029.9677 47829.4630  0.42%     -    0s
     0     0 47829.4630    0   10 48029.9677 47829.4630  0.42%     -    0s
     0     0 47829.4630    0    9 48029.9677 47829.4630  0.42%     -    0s
     0     0 47829.4630    0    6 48029.9677 47829.4630  0.42%     -    0s
     0     0 47829.4630    0    6 48029.9677 47829.4630  0.42%     -    0s
     0     0 47829.4630    0    3 48029.9677 47829.4630  0.42%     -    0s
     0     0 47832.9880    0    4 48029.9677 47832.9880  0.41%     -    0s
     0     0 47874.5929    0    2 48029.9677 47874.5929  0.32%     -    0s
     0     0 47874.5929    0    9 48029.9677 47874.5929  0.32%     -    0s
     0     0 47874.5929    0    6 48029.9677 47874.5929  0.32%     -    0s
     0     0 47874.5929    0    4 48029.9677 47874.5929  0.32%     -    0s
     0     0 47874.5929    0    3 48029.9677 47874.5929  0.32%     -    0s
     0     0 47874.5929    0    5 48029.9677 47874.5929  0.32%     -    0s
     0     0 47874.5929    0    2 48029.9677 47874.5929  0.32%     -    0s
     0     0 47874.5929    0    2 48029.9677 47874.5929  0.32%     -    0s
     0     0 47877.3351    0    2 48029.9677 47877.3351  0.32%     -    0s
     0     0 47877.3798    0    1 48029.9677 47877.3798  0.32%     -    0s
     0     0 47878.6329    0    1 48029.9677 47878.6329  0.32%     -    0s
     0     0 47878.6329    0    1 48029.9677 47878.6329  0.32%     -    0s
     0     0 47878.6329    0    9 48029.9677 47878.6329  0.32%     -    0s
     0     0 47878.6329    0    4 48029.9677 47878.6329  0.32%     -    0s
     0     0 47878.6329    0    5 48029.9677 47878.6329  0.32%     -    0s
     0     0 47878.6329    0    7 48029.9677 47878.6329  0.32%     -    0s
     0     0 47878.6329    0    2 48029.9677 47878.6329  0.32%     -    0s
     0     0 47878.6329    0    2 48029.9677 47878.6329  0.32%     -    0s
     0     0 47878.6329    0    1 48029.9677 47878.6329  0.32%     -    0s
     0     0 47878.6329    0    1 48029.9677 47878.6329  0.32%     -    0s
     0     2 47878.6329    0    1 48029.9677 47878.6329  0.32%     -    0s

Cutting planes:
  Implied bound: 24
  MIR: 5
  Flow cover: 2

Explored 10 nodes (595 simplex iterations) in 0.03 seconds (0.03 work units)
Thread count was 8 (of 8 available processors)

Solution count 10: 48030 48117.1 48253.1 ... 103927

Optimal solution found (tolerance 1.00e-04)
Best objective 4.802996769694e+04, best bound 4.802996769694e+04, gap 0.0000%

User-callback calls 392, time in user-callback 0.00 sec

Gurobi 12.0.3 (mac64[arm]) logging started Sat Sep 27 11:09:41 2025

Set parameter LogFile to value "Logs/Facility Location Logs/bernoulli_true/L100/phase1/scenario_generation.log"
Set parameter LogToConsole to value 0

Gurobi 12.0.3 (mac64[arm]) logging started Sat Sep 27 11:09:41 2025

Set parameter LogFile to value "Logs/Facility Location Logs/bernoulli_true/L100/phase1/scenario_generation.log"
Gurobi Optimizer version 12.0.3 build v12.0.3rc0 (mac64[arm] - Darwin 24.6.0 24G222)

CPU model: Apple M3
Thread count: 8 physical cores, 8 logical processors, using up to 8 threads

Non-default parameters:
LogToConsole  0

Optimize a model with 75 rows, 1325 columns and 2575 nonzeros
Model fingerprint: 0x1da68ec7
Variable types: 1300 continuous, 25 integer (25 binary)
Coefficient statistics:
  Matrix range     [1e+00, 2e+04]
  Objective range  [8e-03, 8e+03]
  Bounds range     [0e+00, 0e+00]
  RHS range        [8e+02, 1e+04]
Found heuristic solution: objective 2716750.0000
Presolve removed 22 rows and 573 columns
Presolve time: 0.00s
Presolved: 53 rows, 752 columns, 1452 nonzeros
Variable types: 728 continuous, 24 integer (24 binary)

Root relaxation: objective 6.226117e+04, 76 iterations, 0.00 seconds (0.00 work units)

    Nodes    |    Current Node    |     Objective Bounds      |     Work
 Expl Unexpl |  Obj  Depth IntInf | Incumbent    BestBd   Gap | It/Node Time

     0     0 62261.1679    0   12 2716750.00 62261.1679  97.7%     -    0s
H    0     0                    132593.66792 62261.1679  53.0%     -    0s
H    0     0                    98222.635705 62261.1679  36.6%     -    0s
H    0     0                    88859.614356 62261.1679  29.9%     -    0s
H    0     0                    88609.877499 62261.1679  29.7%     -    0s
     0     0 64849.1412    0    5 88609.8775 64849.1412  26.8%     -    0s
H    0     0                    67367.161587 64916.8292  3.64%     -    0s
H    0     0                    67362.711946 64916.8292  3.63%     -    0s
     0     0 65124.1164    0    7 67362.7119 65124.1164  3.32%     -    0s
     0     0 65333.5762    0    8 67362.7119 65333.5762  3.01%     -    0s
H    0     0                    67177.317839 65333.5762  2.74%     -    0s
     0     0 65681.2374    0    7 67177.3178 65681.2374  2.23%     -    0s
     0     0 65734.9545    0    7 67177.3178 65734.9545  2.15%     -    0s
     0     0 65734.9545    0    6 67177.3178 65734.9545  2.15%     -    0s
     0     0 65734.9545    0    6 67177.3178 65734.9545  2.15%     -    0s
     0     0 65734.9545    0    7 67177.3178 65734.9545  2.15%     -    0s
     0     0 65734.9545    0    6 67177.3178 65734.9545  2.15%     -    0s
     0     0 65734.9545    0    6 67177.3178 65734.9545  2.15%     -    0s
     0     0 65734.9545    0    5 67177.3178 65734.9545  2.15%     -    0s
     0     0 65734.9545    0    6 67177.3178 65734.9545  2.15%     -    0s
     0     0 65734.9545    0    5 67177.3178 65734.9545  2.15%     -    0s
     0     0 65734.9545    0    3 67177.3178 65734.9545  2.15%     -    0s
     0     0 65734.9545    0    3 67177.3178 65734.9545  2.15%     -    0s
     0     0 65734.9545    0    3 67177.3178 65734.9545  2.15%     -    0s

Cutting planes:
  Implied bound: 31
  MIR: 6
  Flow cover: 3
  Relax-and-lift: 1

Explored 1 nodes (356 simplex iterations) in 0.02 seconds (0.03 work units)
Thread count was 8 (of 8 available processors)

Solution count 7: 67177.3 67362.7 88609.9 ... 2.71675e+06

Optimal solution found (tolerance 1.00e-04)
Best objective 6.717731783925e+04, best bound 6.717731783925e+04, gap 0.0000%

User-callback calls 285, time in user-callback 0.00 sec

Gurobi 12.0.3 (mac64[arm]) logging started Sat Sep 27 11:09:41 2025

Set parameter LogFile to value "Logs/Facility Location Logs/bernoulli_true/L100/phase1/scenario_generation.log"
Set parameter LogToConsole to value 0

Gurobi 12.0.3 (mac64[arm]) logging started Sat Sep 27 11:09:41 2025

Set parameter LogFile to value "Logs/Facility Location Logs/bernoulli_true/L100/phase1/scenario_generation.log"
Gurobi Optimizer version 12.0.3 build v12.0.3rc0 (mac64[arm] - Darwin 24.6.0 24G222)

CPU model: Apple M3
Thread count: 8 physical cores, 8 logical processors, using up to 8 threads

Non-default parameters:
LogToConsole  0

Optimize a model with 75 rows, 1325 columns and 2575 nonzeros
Model fingerprint: 0x6b4797b9
Variable types: 1300 continuous, 25 integer (25 binary)
Coefficient statistics:
  Matrix range     [1e+00, 2e+04]
  Objective range  [8e-03, 8e+03]
  Bounds range     [0e+00, 0e+00]
  RHS range        [1e+03, 1e+04]
Found heuristic solution: objective 2769850.0000
Presolve removed 30 rows and 781 columns
Presolve time: 0.00s
Presolved: 45 rows, 544 columns, 1044 nonzeros
Variable types: 520 continuous, 24 integer (24 binary)

Root relaxation: objective 6.643666e+04, 73 iterations, 0.00 seconds (0.00 work units)

    Nodes    |    Current Node    |     Objective Bounds      |     Work
 Expl Unexpl |  Obj  Depth IntInf | Incumbent    BestBd   Gap | It/Node Time

     0     0 66436.6576    0   10 2769850.00 66436.6576  97.6%     -    0s
H    0     0                    121238.15759 66436.6576  45.2%     -    0s
H    0     0                    106999.71031 66436.6576  37.9%     -    0s
H    0     0                    100380.63786 69704.1666  30.6%     -    0s
     0     0 69704.1666    0    5 100380.638 69704.1666  30.6%     -    0s
H    0     0                    93342.415703 69856.4085  25.2%     -    0s
H    0     0                    72338.791569 69856.4085  3.43%     -    0s
H    0     0                    72263.913744 69856.4085  3.33%     -    0s
     0     0 70146.6009    0    5 72263.9137 70146.6009  2.93%     -    0s
     0     0 70538.1878    0    4 72263.9137 70538.1878  2.39%     -    0s
     0     0 70734.7554    0    3 72263.9137 70734.7554  2.12%     -    0s
     0     0 70742.6476    0    4 72263.9137 70742.6476  2.11%     -    0s
     0     0 70908.4363    0    4 72263.9137 70908.4363  1.88%     -    0s
     0     0 71263.3302    0    4 72263.9137 71263.3302  1.38%     -    0s
     0     0 72263.9137    0    2 72263.9137 72263.9137  0.00%     -    0s

Cutting planes:
  Implied bound: 32
  MIR: 5
  Flow cover: 3

Explored 1 nodes (204 simplex iterations) in 0.01 seconds (0.01 work units)
Thread count was 8 (of 8 available processors)

Solution count 6: 72263.9 93342.4 100381 ... 2.76985e+06

Optimal solution found (tolerance 1.00e-04)
Best objective 7.226391374381e+04, best bound 7.226391374381e+04, gap 0.0000%

User-callback calls 236, time in user-callback 0.00 sec

Gurobi 12.0.3 (mac64[arm]) logging started Sat Sep 27 11:09:41 2025

Set parameter LogFile to value "Logs/Facility Location Logs/bernoulli_true/L100/phase1/scenario_generation.log"
Set parameter LogToConsole to value 0

Gurobi 12.0.3 (mac64[arm]) logging started Sat Sep 27 11:09:41 2025

Set parameter LogFile to value "Logs/Facility Location Logs/bernoulli_true/L100/phase1/scenario_generation.log"
Gurobi Optimizer version 12.0.3 build v12.0.3rc0 (mac64[arm] - Darwin 24.6.0 24G222)

CPU model: Apple M3
Thread count: 8 physical cores, 8 logical processors, using up to 8 threads

Non-default parameters:
LogToConsole  0

Optimize a model with 75 rows, 1325 columns and 2575 nonzeros
Model fingerprint: 0xa93777d9
Variable types: 1300 continuous, 25 integer (25 binary)
Coefficient statistics:
  Matrix range     [1e+00, 2e+04]
  Objective range  [8e-03, 8e+03]
  Bounds range     [0e+00, 0e+00]
  RHS range        [8e+02, 1e+04]
Found heuristic solution: objective 3236550.0000
Presolve removed 17 rows and 443 columns
Presolve time: 0.00s
Presolved: 58 rows, 882 columns, 1707 nonzeros
Variable types: 858 continuous, 24 integer (24 binary)

Root relaxation: objective 5.512530e+04, 119 iterations, 0.00 seconds (0.00 work units)

    Nodes    |    Current Node    |     Objective Bounds      |     Work
 Expl Unexpl |  Obj  Depth IntInf | Incumbent    BestBd   Gap | It/Node Time

     0     0 55125.3022    0   17 3236550.00 55125.3022  98.3%     -    0s
H    0     0                    157759.80222 55125.3022  65.1%     -    0s
H    0     0                    112231.37820 55125.3022  50.9%     -    0s
H    0     0                    105670.99942 55125.3022  47.8%     -    0s
H    0     0                    94332.647739 55125.3022  41.6%     -    0s
     0     0 58624.3711    0    9 94332.6477 58624.3711  37.9%     -    0s
H    0     0                    91631.038166 58762.7924  35.9%     -    0s
     0     0 58762.7924    0    9 91631.0382 58762.7924  35.9%     -    0s
H    0     0                    87663.852284 58762.7924  33.0%     -    0s
H    0     0                    84930.477414 59147.9293  30.4%     -    0s
     0     0 59147.9293    0    9 84930.4774 59147.9293  30.4%     -    0s
H    0     0                    80916.021042 59216.1658  26.8%     -    0s
H    0     0                    75345.219224 59216.1658  21.4%     -    0s
     0     0 59310.4934    0    8 75345.2192 59310.4934  21.3%     -    0s
H    0     0                    68388.939368 59310.4934  13.3%     -    0s
H    0     0                    66790.847799 59310.4934  11.2%     -    0s
     0     0 59758.8419    0    7 66790.8478 59758.8419  10.5%     -    0s
     0     0 59819.5941    0    7 66790.8478 59819.5941  10.4%     -    0s
H    0     0                    66635.448389 60207.4745  9.65%     -    0s
H    0     0                    66335.463946 60207.4745  9.24%     -    0s
     0     0 60207.4745    0    6 66335.4639 60207.4745  9.24%     -    0s
H    0     0                    66097.342751 60270.9263  8.81%     -    0s
     0     0 60270.9263    0    5 66097.3428 60270.9263  8.81%     -    0s
     0     0 60751.0941    0    2 66097.3428 60751.0941  8.09%     -    0s
H    0     0                    65885.594079 60751.0941  7.79%     -    0s
     0     0 60752.9901    0    2 65885.5941 60752.9901  7.79%     -    0s
     0     0 60767.3649    0    4 65885.5941 60767.3649  7.77%     -    0s
     0     0 60768.6134    0    4 65885.5941 60768.6134  7.77%     -    0s
H    0     0                    63804.709812 60768.6134  4.76%     -    0s
H    0     0                    63661.885402 60768.7776  4.54%     -    0s
     0     2 60768.7776    0    4 63661.8854 60768.7776  4.54%     -    0s
*   14    14               3    63629.113720 60838.9411  4.39%  23.9    0s

Cutting planes:
  Implied bound: 80
  MIR: 5
  Flow cover: 7
  Relax-and-lift: 10

Explored 1783 nodes (32890 simplex iterations) in 0.13 seconds (0.24 work units)
Thread count was 8 (of 8 available processors)

Solution count 10: 63629.1 63661.9 66097.3 ... 87663.9

Optimal solution found (tolerance 1.00e-04)
Best objective 6.362911372031e+04, best bound 6.362911372031e+04, gap 0.0000%

User-callback calls 3895, time in user-callback 0.00 sec

Gurobi 12.0.3 (mac64[arm]) logging started Sat Sep 27 11:09:41 2025

Set parameter LogFile to value "Logs/Facility Location Logs/bernoulli_true/L100/phase1/scenario_generation.log"
Set parameter LogToConsole to value 0

Gurobi 12.0.3 (mac64[arm]) logging started Sat Sep 27 11:09:41 2025

Set parameter LogFile to value "Logs/Facility Location Logs/bernoulli_true/L100/phase1/scenario_generation.log"
Gurobi Optimizer version 12.0.3 build v12.0.3rc0 (mac64[arm] - Darwin 24.6.0 24G222)

CPU model: Apple M3
Thread count: 8 physical cores, 8 logical processors, using up to 8 threads

Non-default parameters:
LogToConsole  0

Optimize a model with 75 rows, 1325 columns and 2575 nonzeros
Model fingerprint: 0x87fa2404
Variable types: 1300 continuous, 25 integer (25 binary)
Coefficient statistics:
  Matrix range     [1e+00, 2e+04]
  Objective range  [8e-03, 8e+03]
  Bounds range     [0e+00, 0e+00]
  RHS range        [8e+02, 2e+04]
Found heuristic solution: objective 2473150.0000
Presolve removed 24 rows and 625 columns
Presolve time: 0.00s
Presolved: 51 rows, 700 columns, 1350 nonzeros
Variable types: 676 continuous, 24 integer (24 binary)

Root relaxation: objective 5.034235e+04, 106 iterations, 0.00 seconds (0.00 work units)

    Nodes    |    Current Node    |     Objective Bounds      |     Work
 Expl Unexpl |  Obj  Depth IntInf | Incumbent    BestBd   Gap | It/Node Time

     0     0 50342.3514    0   11 2473150.00 50342.3514  98.0%     -    0s
H    0     0                    123110.85142 50342.3514  59.1%     -    0s
H    0     0                    78942.361278 50342.3514  36.2%     -    0s
H    0     0                    72442.124914 50342.3514  30.5%     -    0s
H    0     0                    65338.113891 50342.3514  23.0%     -    0s
     0     0 51971.5584    0    9 65338.1139 51971.5584  20.5%     -    0s
H    0     0                    57218.634861 51986.6556  9.14%     -    0s
     0     0 52127.3614    0    6 57218.6349 52127.3614  8.90%     -    0s
     0     0 52171.5860    0    4 57218.6349 52171.5860  8.82%     -    0s
     0     0 52180.8111    0    5 57218.6349 52180.8111  8.80%     -    0s
     0     0 52203.3554    0    5 57218.6349 52203.3554  8.77%     -    0s
     0     0 52257.1756    0    1 57218.6349 52257.1756  8.67%     -    0s
H    0     0                    56977.793905 52257.1756  8.29%     -    0s
     0     0 52257.1756    0    3 56977.7939 52257.1756  8.29%     -    0s
     0     0 52349.0777    0    3 56977.7939 52349.0777  8.12%     -    0s
     0     2 52349.0777    0    3 56977.7939 52349.0777  8.12%     -    0s

Cutting planes:
  Implied bound: 50
  MIR: 6
  Flow cover: 6

Explored 661 nodes (10174 simplex iterations) in 0.07 seconds (0.10 work units)
Thread count was 8 (of 8 available processors)

Solution count 7: 56977.8 57218.6 65338.1 ... 2.47315e+06

Optimal solution found (tolerance 1.00e-04)
Best objective 5.697779390531e+04, best bound 5.697779390531e+04, gap 0.0000%

User-callback calls 1586, time in user-callback 0.00 sec

Gurobi 12.0.3 (mac64[arm]) logging started Sat Sep 27 11:09:41 2025

Set parameter LogFile to value "Logs/Facility Location Logs/bernoulli_true/L100/phase1/scenario_generation.log"
Set parameter LogToConsole to value 0

Gurobi 12.0.3 (mac64[arm]) logging started Sat Sep 27 11:09:41 2025

Set parameter LogFile to value "Logs/Facility Location Logs/bernoulli_true/L100/phase1/scenario_generation.log"
Gurobi Optimizer version 12.0.3 build v12.0.3rc0 (mac64[arm] - Darwin 24.6.0 24G222)

CPU model: Apple M3
Thread count: 8 physical cores, 8 logical processors, using up to 8 threads

Non-default parameters:
LogToConsole  0

Optimize a model with 75 rows, 1325 columns and 2575 nonzeros
Model fingerprint: 0x6daf4743
Variable types: 1300 continuous, 25 integer (25 binary)
Coefficient statistics:
  Matrix range     [1e+00, 2e+04]
  Objective range  [8e-03, 8e+03]
  Bounds range     [0e+00, 0e+00]
  RHS range        [7e+02, 8e+03]
Found heuristic solution: objective 2195700.0000
Presolve removed 27 rows and 703 columns
Presolve time: 0.00s
Presolved: 48 rows, 622 columns, 1197 nonzeros
Variable types: 598 continuous, 24 integer (24 binary)

Root relaxation: objective 2.454629e+04, 72 iterations, 0.00 seconds (0.00 work units)

    Nodes    |    Current Node    |     Objective Bounds      |     Work
 Expl Unexpl |  Obj  Depth IntInf | Incumbent    BestBd   Gap | It/Node Time

     0     0 24546.2888    0   10 2195700.00 24546.2888  98.9%     -    0s
H    0     0                    85089.288773 24546.2888  71.2%     -    0s
H    0     0                    61605.120374 24546.2888  60.2%     -    0s
H    0     0                    52138.557811 24546.2888  52.9%     -    0s
H    0     0                    36620.758816 27581.5982  24.7%     -    0s
H    0     0                    30860.196010 27581.5982  10.6%     -    0s
     0     0 27581.5982    0    6 30860.1960 27581.5982  10.6%     -    0s
     0     0 27687.7053    0    5 30860.1960 27687.7053  10.3%     -    0s
H    0     0                    30818.643944 27687.7053  10.2%     -    0s
     0     0 28510.1240    0    5 30818.6439 28510.1240  7.49%     -    0s
H    0     0                    30816.374431 28665.3847  6.98%     -    0s
H    0     0                    30794.993985 28665.3847  6.92%     -    0s
H    0     0                    30672.668070 28665.3847  6.54%     -    0s
     0     0 28665.3847    0    4 30672.6681 28665.3847  6.54%     -    0s
H    0     0                    30655.505633 28665.3847  6.49%     -    0s
     0     0 29013.2075    0    5 30655.5056 29013.2075  5.36%     -    0s
H    0     0                    30623.604499 29352.3363  4.15%     -    0s
     0     0 29352.3363    0    5 30623.6045 29352.3363  4.15%     -    0s
     0     0 29352.3363    0    5 30623.6045 29352.3363  4.15%     -    0s
     0     0 29656.6882    0    7 30623.6045 29656.6882  3.16%     -    0s
     0     0 29691.2940    0    7 30623.6045 29691.2940  3.04%     -    0s
     0     0 30189.6291    0    1 30623.6045 30189.6291  1.42%     -    0s
     0     0 30191.0381    0    2 30623.6045 30191.0381  1.41%     -    0s
     0     0 30191.0381    0    5 30623.6045 30191.0381  1.41%     -    0s
     0     0 30191.0381    0    5 30623.6045 30191.0381  1.41%     -    0s
     0     0 30191.0381    0    5 30623.6045 30191.0381  1.41%     -    0s
     0     0 30191.0381    0    7 30623.6045 30191.0381  1.41%     -    0s
     0     0 30191.0381    0    7 30623.6045 30191.0381  1.41%     -    0s
     0     0 30191.0381    0    6 30623.6045 30191.0381  1.41%     -    0s
     0     0 30191.0381    0    4 30623.6045 30191.0381  1.41%     -    0s
     0     0 30191.0381    0    6 30623.6045 30191.0381  1.41%     -    0s
     0     0 30191.0381    0    4 30623.6045 30191.0381  1.41%     -    0s
     0     0 30191.0381    0    3 30623.6045 30191.0381  1.41%     -    0s
     0     0 30191.0381    0    2 30623.6045 30191.0381  1.41%     -    0s
     0     0 30191.0381    0    3 30623.6045 30191.0381  1.41%     -    0s
     0     0 30191.0381    0    2 30623.6045 30191.0381  1.41%     -    0s
     0     0 30486.7232    0    1 30623.6045 30486.7232  0.45%     -    0s
     0     0 30623.6045    0    2 30623.6045 30623.6045  0.00%     -    0s

Cutting planes:
  Implied bound: 58
  MIR: 1
  Flow cover: 1
  Relax-and-lift: 3

Explored 1 nodes (413 simplex iterations) in 0.02 seconds (0.02 work units)
Thread count was 8 (of 8 available processors)

Solution count 10: 30623.6 30655.5 30795 ... 2.1957e+06

Optimal solution found (tolerance 1.00e-04)
Best objective 3.062360449856e+04, best bound 3.062360449856e+04, gap 0.0000%

User-callback calls 325, time in user-callback 0.00 sec

Gurobi 12.0.3 (mac64[arm]) logging started Sat Sep 27 11:09:41 2025

Set parameter LogFile to value "Logs/Facility Location Logs/bernoulli_true/L100/phase1/scenario_generation.log"
Set parameter LogToConsole to value 0

Gurobi 12.0.3 (mac64[arm]) logging started Sat Sep 27 11:09:41 2025

Set parameter LogFile to value "Logs/Facility Location Logs/bernoulli_true/L100/phase1/scenario_generation.log"
Gurobi Optimizer version 12.0.3 build v12.0.3rc0 (mac64[arm] - Darwin 24.6.0 24G222)

CPU model: Apple M3
Thread count: 8 physical cores, 8 logical processors, using up to 8 threads

Non-default parameters:
LogToConsole  0

Optimize a model with 75 rows, 1325 columns and 2575 nonzeros
Model fingerprint: 0xc795a973
Variable types: 1300 continuous, 25 integer (25 binary)
Coefficient statistics:
  Matrix range     [1e+00, 2e+04]
  Objective range  [8e-03, 8e+03]
  Bounds range     [0e+00, 0e+00]
  RHS range        [2e+03, 6e+03]
Found heuristic solution: objective 3154850.0000
Presolve removed 25 rows and 651 columns
Presolve time: 0.00s
Presolved: 50 rows, 674 columns, 1299 nonzeros
Variable types: 650 continuous, 24 integer (24 binary)

Root relaxation: objective 4.575378e+04, 94 iterations, 0.00 seconds (0.00 work units)

    Nodes    |    Current Node    |     Objective Bounds      |     Work
 Expl Unexpl |  Obj  Depth IntInf | Incumbent    BestBd   Gap | It/Node Time

     0     0 45753.7758    0   13 3154850.00 45753.7758  98.5%     -    0s
H    0     0                    119205.27580 45753.7758  61.6%     -    0s
H    0     0                    94158.804563 45753.7758  51.4%     -    0s
H    0     0                    94147.819523 45753.7758  51.4%     -    0s
H    0     0                    83770.501412 45753.7758  45.4%     -    0s
     0     0 49266.7719    0   10 83770.5014 49266.7719  41.2%     -    0s
H    0     0                    76139.491747 49366.8699  35.2%     -    0s
     0     0 49366.8699    0    9 76139.4917 49366.8699  35.2%     -    0s
H    0     0                    69845.093065 49366.8699  29.3%     -    0s
H    0     0                    63898.173116 49670.4890  22.3%     -    0s
H    0     0                    56726.451806 49670.4890  12.4%     -    0s
     0     0 49692.9021    0    6 56726.4518 49692.9021  12.4%     -    0s
H    0     0                    56337.307788 49745.4202  11.7%     -    0s
     0     0 49745.4202    0    6 56337.3078 49745.4202  11.7%     -    0s
     0     0 49828.9446    0    5 56337.3078 49828.9446  11.6%     -    0s
H    0     0                    55135.176355 49845.2928  9.59%     -    0s
     0     0 49845.2928    0    5 55135.1764 49845.2928  9.59%     -    0s
     0     0 49845.2928    0    6 55135.1764 49845.2928  9.59%     -    0s
     0     0 49897.9845    0    3 55135.1764 49897.9845  9.50%     -    0s
     0     0 49900.2288    0    3 55135.1764 49900.2288  9.49%     -    0s
     0     0 49901.5495    0    3 55135.1764 49901.5495  9.49%     -    0s
     0     0 49940.3395    0    4 55135.1764 49940.3395  9.42%     -    0s
     0     0 49945.8588    0    4 55135.1764 49945.8588  9.41%     -    0s
     0     0 49950.8893    0    4 55135.1764 49950.8893  9.40%     -    0s
     0     0 49951.7417    0    4 55135.1764 49951.7417  9.40%     -    0s
     0     0 49956.3043    0    8 55135.1764 49956.3043  9.39%     -    0s
     0     0 49956.4062    0    8 55135.1764 49956.4062  9.39%     -    0s
H    0     0                    54658.729916 49956.4062  8.60%     -    0s
     0     2 49956.4103    0    8 54658.7299 49956.4103  8.60%     -    0s
H   26    62                    54652.247989 49977.4563  8.55%  14.0    0s

Cutting planes:
  Implied bound: 50
  MIR: 10
  Flow cover: 5
  Inf proof: 6
  Relax-and-lift: 9

Explored 3083 nodes (48040 simplex iterations) in 0.17 seconds (0.28 work units)
Thread count was 8 (of 8 available processors)

Solution count 10: 54652.2 55135.2 56337.3 ... 119205

Optimal solution found (tolerance 1.00e-04)
Best objective 5.465224798875e+04, best bound 5.465224798875e+04, gap 0.0000%

User-callback calls 6504, time in user-callback 0.00 sec

Gurobi 12.0.3 (mac64[arm]) logging started Sat Sep 27 11:09:41 2025

Set parameter LogFile to value "Logs/Facility Location Logs/bernoulli_true/L100/phase1/scenario_generation.log"
Set parameter LogToConsole to value 0

Gurobi 12.0.3 (mac64[arm]) logging started Sat Sep 27 11:09:41 2025

Set parameter LogFile to value "Logs/Facility Location Logs/bernoulli_true/L100/phase1/scenario_generation.log"
Gurobi Optimizer version 12.0.3 build v12.0.3rc0 (mac64[arm] - Darwin 24.6.0 24G222)

CPU model: Apple M3
Thread count: 8 physical cores, 8 logical processors, using up to 8 threads

Non-default parameters:
LogToConsole  0

Optimize a model with 75 rows, 1325 columns and 2575 nonzeros
Model fingerprint: 0x9a4f19b4
Variable types: 1300 continuous, 25 integer (25 binary)
Coefficient statistics:
  Matrix range     [1e+00, 2e+04]
  Objective range  [8e-03, 8e+03]
  Bounds range     [0e+00, 0e+00]
  RHS range        [1e+03, 7e+03]
Found heuristic solution: objective 3109800.0000
Presolve removed 25 rows and 651 columns
Presolve time: 0.00s
Presolved: 50 rows, 674 columns, 1299 nonzeros
Variable types: 650 continuous, 24 integer (24 binary)

Root relaxation: objective 4.535814e+04, 71 iterations, 0.00 seconds (0.00 work units)

    Nodes    |    Current Node    |     Objective Bounds      |     Work
 Expl Unexpl |  Obj  Depth IntInf | Incumbent    BestBd   Gap | It/Node Time

     0     0 45358.1374    0   15 3109800.00 45358.1374  98.5%     -    0s
H    0     0                    134260.13745 45358.1374  66.2%     -    0s
H    0     0                    93581.634964 45358.1374  51.5%     -    0s
H    0     0                    82797.874209 45358.1374  45.2%     -    0s
     0     0 49876.2512    0    8 82797.8742 49876.2512  39.8%     -    0s
H    0     0                    76407.133505 50035.6200  34.5%     -    0s
     0     0 50266.6005    0    8 76407.1335 50266.6005  34.2%     -    0s
H    0     0                    75012.016264 50266.6005  33.0%     -    0s
H    0     0                    67926.005900 50266.6005  26.0%     -    0s
H    0     0                    62316.532092 50329.7800  19.2%     -    0s
     0     0 50329.7800    0    6 62316.5321 50329.7800  19.2%     -    0s
H    0     0                    61175.353323 50329.7800  17.7%     -    0s
H    0     0                    57512.921951 50329.7800  12.5%     -    0s
     0     0 50329.7800    0    5 57512.9220 50329.7800  12.5%     -    0s
     0     0 50541.3662    0    5 57512.9220 50541.3662  12.1%     -    0s
H    0     0                    57338.201588 50569.0528  11.8%     -    0s
H    0     0                    57267.491027 50569.0528  11.7%     -    0s
     0     0 50569.0528    0    6 57267.4910 50569.0528  11.7%     -    0s
     0     0 50587.6787    0    6 57267.4910 50587.6787  11.7%     -    0s
     0     0 50911.0296    0    6 57267.4910 50911.0296  11.1%     -    0s
H    0     0                    56831.091238 50920.5762  10.4%     -    0s
     0     0 50990.5981    0    1 56831.0912 50990.5981  10.3%     -    0s
     0     0 50996.1818    0    2 56831.0912 50996.1818  10.3%     -    0s
     0     0 50996.7553    0    2 56831.0912 50996.7553  10.3%     -    0s
H    0     0                    56124.796550 50996.7553  9.14%     -    0s
H    0     0                    55866.693737 50996.7553  8.72%     -    0s
H    0     0                    55840.697766 50996.7553  8.67%     -    0s
     0     2 50997.0109    0    2 55840.6978 50997.0109  8.67%     -    0s

Cutting planes:
  Implied bound: 55
  MIR: 3
  Flow cover: 7
  Inf proof: 6
  Relax-and-lift: 4

Explored 1716 nodes (22884 simplex iterations) in 0.11 seconds (0.17 work units)
Thread count was 8 (of 8 available processors)

Solution count 10: 55840.7 56124.8 56831.1 ... 82797.9

Optimal solution found (tolerance 1.00e-04)
Best objective 5.584069776581e+04, best bound 5.584069776581e+04, gap 0.0000%

User-callback calls 3750, time in user-callback 0.00 sec

Gurobi 12.0.3 (mac64[arm]) logging started Sat Sep 27 11:09:41 2025

Set parameter LogFile to value "Logs/Facility Location Logs/bernoulli_true/L100/phase1/scenario_generation.log"
Set parameter LogToConsole to value 0

Gurobi 12.0.3 (mac64[arm]) logging started Sat Sep 27 11:09:41 2025

Set parameter LogFile to value "Logs/Facility Location Logs/bernoulli_true/L100/phase1/scenario_generation.log"
Gurobi Optimizer version 12.0.3 build v12.0.3rc0 (mac64[arm] - Darwin 24.6.0 24G222)

CPU model: Apple M3
Thread count: 8 physical cores, 8 logical processors, using up to 8 threads

Non-default parameters:
LogToConsole  0

Optimize a model with 75 rows, 1325 columns and 2575 nonzeros
Model fingerprint: 0x110bc776
Variable types: 1300 continuous, 25 integer (25 binary)
Coefficient statistics:
  Matrix range     [1e+00, 2e+04]
  Objective range  [8e-03, 8e+03]
  Bounds range     [0e+00, 0e+00]
  RHS range        [9e+02, 2e+04]
Found heuristic solution: objective 3187000.0000
Presolve removed 26 rows and 677 columns
Presolve time: 0.00s
Presolved: 49 rows, 648 columns, 1248 nonzeros
Variable types: 624 continuous, 24 integer (24 binary)

Root relaxation: objective 8.447676e+04, 72 iterations, 0.00 seconds (0.00 work units)

    Nodes    |    Current Node    |     Objective Bounds      |     Work
 Expl Unexpl |  Obj  Depth IntInf | Incumbent    BestBd   Gap | It/Node Time

     0     0 84476.7628    0   10 3187000.00 84476.7628  97.3%     -    0s
H    0     0                    142606.76280 84476.7628  40.8%     -    0s
H    0     0                    126474.04226 84476.7628  33.2%     -    0s
H    0     0                    121018.38760 84476.7628  30.2%     -    0s
H    0     0                    114322.65591 84476.7628  26.1%     -    0s
H    0     0                    100771.02099 84476.7628  16.2%     -    0s
     0     0 88171.2668    0    2 100771.021 88171.2668  12.5%     -    0s
H    0     0                    93823.145709 88202.5637  5.99%     -    0s
H    0     0                    93315.823251 88222.3952  5.46%     -    0s
     0     0 88237.3475    0    2 93315.8233 88237.3475  5.44%     -    0s
     0     0 88369.4936    0    1 93315.8233 88369.4936  5.30%     -    0s
H    0     0                    93024.132379 88556.8084  4.80%     -    0s
     0     0 88556.8084    0    2 93024.1324 88556.8084  4.80%     -    0s
H    0     0                    93010.440046 88556.8084  4.79%     -    0s
     0     0 88821.0697    0    1 93010.4400 88821.0697  4.50%     -    0s
     0     0 88821.0697    0    1 93010.4400 88821.0697  4.50%     -    0s
H    0     0                    92974.817159 88821.0697  4.47%     -    0s
H    0     0                    92761.399112 88821.0697  4.25%     -    0s
     0     2 88846.9776    0    1 92761.3991 88846.9776  4.22%     -    0s

Cutting planes:
  Implied bound: 25
  MIR: 1
  Relax-and-lift: 1

Explored 62 nodes (1490 simplex iterations) in 0.03 seconds (0.03 work units)
Thread count was 8 (of 8 available processors)

Solution count 8: 92761.4 93823.1 100771 ... 3.187e+06

Optimal solution found (tolerance 1.00e-04)
Best objective 9.276139911206e+04, best bound 9.276139911206e+04, gap 0.0000%

User-callback calls 373, time in user-callback 0.00 sec

Gurobi 12.0.3 (mac64[arm]) logging started Sat Sep 27 11:09:41 2025

Set parameter LogFile to value "Logs/Facility Location Logs/bernoulli_true/L100/phase1/scenario_generation.log"
Set parameter LogToConsole to value 0

Gurobi 12.0.3 (mac64[arm]) logging started Sat Sep 27 11:09:41 2025

Set parameter LogFile to value "Logs/Facility Location Logs/bernoulli_true/L100/phase1/scenario_generation.log"
Gurobi Optimizer version 12.0.3 build v12.0.3rc0 (mac64[arm] - Darwin 24.6.0 24G222)

CPU model: Apple M3
Thread count: 8 physical cores, 8 logical processors, using up to 8 threads

Non-default parameters:
LogToConsole  0

Optimize a model with 75 rows, 1325 columns and 2575 nonzeros
Model fingerprint: 0x771b11d3
Variable types: 1300 continuous, 25 integer (25 binary)
Coefficient statistics:
  Matrix range     [1e+00, 2e+04]
  Objective range  [8e-03, 8e+03]
  Bounds range     [0e+00, 0e+00]
  RHS range        [2e+03, 4e+03]
Found heuristic solution: objective 2723200.0000
Presolve removed 25 rows and 651 columns
Presolve time: 0.00s
Presolved: 50 rows, 674 columns, 1299 nonzeros
Variable types: 650 continuous, 24 integer (24 binary)

Root relaxation: objective 2.886877e+04, 71 iterations, 0.00 seconds (0.00 work units)

    Nodes    |    Current Node    |     Objective Bounds      |     Work
 Expl Unexpl |  Obj  Depth IntInf | Incumbent    BestBd   Gap | It/Node Time

     0     0 28868.7657    0   12 2723200.00 28868.7657  98.9%     -    0s
H    0     0                    99136.765652 28868.7657  70.9%     -    0s
H    0     0                    79864.065906 28868.7657  63.9%     -    0s
H    0     0                    63849.192863 28868.7657  54.8%     -    0s
H    0     0                    56349.192863 28868.7657  48.8%     -    0s
     0     0 31697.1488    0    6 56349.1929 31697.1488  43.7%     -    0s
H    0     0                    45144.257952 31717.8365  29.7%     -    0s
H    0     0                    43544.187701 31717.8365  27.2%     -    0s
     0     0 31966.4511    0    6 43544.1877 31966.4511  26.6%     -    0s
H    0     0                    37694.297710 31966.4511  15.2%     -    0s
H    0     0                    36256.886995 31966.4511  11.8%     -    0s
H    0     0                    34718.188936 31966.4511  7.93%     -    0s
     0     0 32021.0509    0    6 34718.1889 32021.0509  7.77%     -    0s
     0     0 32021.0509    0    4 34718.1889 32021.0509  7.77%     -    0s
     0     0 32022.3280    0    4 34718.1889 32022.3280  7.76%     -    0s
     0     0 32082.7261    0    4 34718.1889 32082.7261  7.59%     -    0s
     0     0 32084.0769    0    5 34718.1889 32084.0769  7.59%     -    0s
     0     0 32170.8698    0    4 34718.1889 32170.8698  7.34%     -    0s
     0     0 32229.9458    0    1 34718.1889 32229.9458  7.17%     -    0s
H    0     0                    34600.380986 32229.9458  6.85%     -    0s
     0     0 32236.9373    0    4 34600.3810 32236.9373  6.83%     -    0s
     0     0 32238.0938    0    3 34600.3810 32238.0938  6.83%     -    0s
     0     0 32240.9153    0    2 34600.3810 32240.9153  6.82%     -    0s
     0     0 32240.9153    0    2 34600.3810 32240.9153  6.82%     -    0s
     0     2 32240.9153    0    2 34600.3810 32240.9153  6.82%     -    0s

Cutting planes:
  Implied bound: 49
  MIR: 3
  Flow cover: 4
  Relax-and-lift: 8

Explored 1119 nodes (15118 simplex iterations) in 0.08 seconds (0.12 work units)
Thread count was 8 (of 8 available processors)

Solution count 10: 34600.4 34718.2 37694.3 ... 2.7232e+06

Optimal solution found (tolerance 1.00e-04)
Best objective 3.460038098588e+04, best bound 3.460038098588e+04, gap 0.0000%

User-callback calls 2537, time in user-callback 0.00 sec

Gurobi 12.0.3 (mac64[arm]) logging started Sat Sep 27 11:09:41 2025

Set parameter LogFile to value "Logs/Facility Location Logs/bernoulli_true/L100/phase1/scenario_generation.log"
Set parameter LogToConsole to value 0

Gurobi 12.0.3 (mac64[arm]) logging started Sat Sep 27 11:09:41 2025

Set parameter LogFile to value "Logs/Facility Location Logs/bernoulli_true/L100/phase1/scenario_generation.log"
Gurobi Optimizer version 12.0.3 build v12.0.3rc0 (mac64[arm] - Darwin 24.6.0 24G222)

CPU model: Apple M3
Thread count: 8 physical cores, 8 logical processors, using up to 8 threads

Non-default parameters:
LogToConsole  0

Optimize a model with 75 rows, 1325 columns and 2575 nonzeros
Model fingerprint: 0x041861f2
Variable types: 1300 continuous, 25 integer (25 binary)
Coefficient statistics:
  Matrix range     [1e+00, 2e+04]
  Objective range  [8e-03, 8e+03]
  Bounds range     [0e+00, 0e+00]
  RHS range        [1e+03, 8e+03]
Found heuristic solution: objective 2217800.0000
Presolve removed 28 rows and 729 columns
Presolve time: 0.00s
Presolved: 47 rows, 596 columns, 1146 nonzeros
Variable types: 572 continuous, 24 integer (24 binary)

Root relaxation: objective 2.069144e+04, 106 iterations, 0.00 seconds (0.00 work units)

    Nodes    |    Current Node    |     Objective Bounds      |     Work
 Expl Unexpl |  Obj  Depth IntInf | Incumbent    BestBd   Gap | It/Node Time

     0     0 20691.4394    0   12 2217800.00 20691.4394  99.1%     -    0s
H    0     0                    96013.439394 20691.4394  78.4%     -    0s
H    0     0                    46591.027634 20691.4394  55.6%     -    0s
H    0     0                    40384.491623 20691.4394  48.8%     -    0s
H    0     0                    24057.180420 20691.4394  14.0%     -    0s
     0     0 22524.3302    0    8 24057.1804 22524.3302  6.37%     -    0s
H    0     0                    23821.974851 23128.6981  2.91%     -    0s
     0     0 23128.6981    0    8 23821.9749 23128.6981  2.91%     -    0s
     0     0 23165.6186    0    7 23821.9749 23165.6186  2.76%     -    0s
     0     0 23313.6448    0    7 23821.9749 23313.6448  2.13%     -    0s
     0     0 23500.2570    0    7 23821.9749 23500.2570  1.35%     -    0s
     0     0 23561.8407    0    7 23821.9749 23561.8407  1.09%     -    0s
     0     0 23561.8407    0    8 23821.9749 23561.8407  1.09%     -    0s
     0     0 23561.8407    0    7 23821.9749 23561.8407  1.09%     -    0s
     0     0 23561.8407    0    8 23821.9749 23561.8407  1.09%     -    0s
     0     0 23561.8407    0    7 23821.9749 23561.8407  1.09%     -    0s
     0     0 23561.8407    0    7 23821.9749 23561.8407  1.09%     -    0s
     0     0 23821.9749    0    1 23821.9749 23821.9749  0.00%     -    0s

Cutting planes:
  Implied bound: 37
  MIR: 2
  Flow cover: 6
  Relax-and-lift: 4

Explored 1 nodes (429 simplex iterations) in 0.02 seconds (0.02 work units)
Thread count was 8 (of 8 available processors)

Solution count 7: 23822 24057.2 40384.5 ... 2.2178e+06

Optimal solution found (tolerance 1.00e-04)
Best objective 2.382197485106e+04, best bound 2.382197485106e+04, gap 0.0000%

User-callback calls 260, time in user-callback 0.00 sec

Gurobi 12.0.3 (mac64[arm]) logging started Sat Sep 27 11:09:41 2025

Set parameter LogFile to value "Logs/Facility Location Logs/bernoulli_true/L100/phase1/scenario_generation.log"
Set parameter LogToConsole to value 0

Gurobi 12.0.3 (mac64[arm]) logging started Sat Sep 27 11:09:41 2025

Set parameter LogFile to value "Logs/Facility Location Logs/bernoulli_true/L100/phase1/scenario_generation.log"
Gurobi Optimizer version 12.0.3 build v12.0.3rc0 (mac64[arm] - Darwin 24.6.0 24G222)

CPU model: Apple M3
Thread count: 8 physical cores, 8 logical processors, using up to 8 threads

Non-default parameters:
LogToConsole  0

Optimize a model with 75 rows, 1325 columns and 2575 nonzeros
Model fingerprint: 0x809fd653
Variable types: 1300 continuous, 25 integer (25 binary)
Coefficient statistics:
  Matrix range     [1e+00, 2e+04]
  Objective range  [8e-03, 8e+03]
  Bounds range     [0e+00, 0e+00]
  RHS range        [1e+03, 2e+04]
Found heuristic solution: objective 4264450.0000
Presolve removed 23 rows and 599 columns
Presolve time: 0.00s
Presolved: 52 rows, 726 columns, 1401 nonzeros
Variable types: 702 continuous, 24 integer (24 binary)

Root relaxation: objective 9.713995e+04, 80 iterations, 0.00 seconds (0.00 work units)

    Nodes    |    Current Node    |     Objective Bounds      |     Work
 Expl Unexpl |  Obj  Depth IntInf | Incumbent    BestBd   Gap | It/Node Time

     0     0 97139.9471    0   16 4264450.00 97139.9471  97.7%     -    0s
H    0     0                    189495.44710 97139.9471  48.7%     -    0s
H    0     0                    163153.91487 97139.9471  40.5%     -    0s
H    0     0                    145787.41554 97139.9471  33.4%     -    0s
H    0     0                    145475.79618 97139.9471  33.2%     -    0s
H    0     0                    139998.52467 97139.9471  30.6%     -    0s
H    0     0                    124716.38420 100476.578  19.4%     -    0s
H    0     0                    109211.76581 100476.578  8.00%     -    0s
H    0     0                    107755.63876 100476.578  6.76%     -    0s
     0     0 100476.578    0    6 107755.639 100476.578  6.76%     -    0s
     0     0 100728.413    0    5 107755.639 100728.413  6.52%     -    0s
H    0     0                    104940.63098 100792.761  3.95%     -    0s
     0     0 100792.761    0    5 104940.631 100792.761  3.95%     -    0s
H    0     0                    102896.91654 100792.761  2.04%     -    0s
     0     0 100886.954    0    4 102896.917 100886.954  1.95%     -    0s
     0     0 101006.557    0    2 102896.917 101006.557  1.84%     -    0s
     0     0 101008.832    0    1 102896.917 101008.832  1.83%     -    0s
     0     0 101023.598    0    2 102896.917 101023.598  1.82%     -    0s
H    0     0                    102891.63926 101023.598  1.82%     -    0s
     0     0 101032.396    0    2 102891.639 101032.396  1.81%     -    0s
     0     0 101033.077    0    2 102891.639 101033.077  1.81%     -    0s
     0     0 101037.795    0    1 102891.639 101037.795  1.80%     -    0s
     0     0 101039.360    0    2 102891.639 101039.360  1.80%     -    0s
     0     0 101041.325    0    2 102891.639 101041.325  1.80%     -    0s
     0     0 101041.325    0    2 102891.639 101041.325  1.80%     -    0s
     0     2 101041.325    0    2 102891.639 101041.325  1.80%     -    0s

Cutting planes:
  Implied bound: 44
  MIR: 5
  Flow cover: 4
  Relax-and-lift: 2

Explored 147 nodes (2364 simplex iterations) in 0.03 seconds (0.05 work units)
Thread count was 8 (of 8 available processors)

Solution count 10: 102892 104941 107756 ... 4.26445e+06

Optimal solution found (tolerance 1.00e-04)
Best objective 1.028916392563e+05, best bound 1.028916392563e+05, gap 0.0000%

User-callback calls 575, time in user-callback 0.00 sec

Gurobi 12.0.3 (mac64[arm]) logging started Sat Sep 27 11:09:41 2025

Set parameter LogFile to value "Logs/Facility Location Logs/bernoulli_true/L100/phase1/scenario_generation.log"
Set parameter LogToConsole to value 0

Gurobi 12.0.3 (mac64[arm]) logging started Sat Sep 27 11:09:41 2025

Set parameter LogFile to value "Logs/Facility Location Logs/bernoulli_true/L100/phase1/scenario_generation.log"
Gurobi Optimizer version 12.0.3 build v12.0.3rc0 (mac64[arm] - Darwin 24.6.0 24G222)

CPU model: Apple M3
Thread count: 8 physical cores, 8 logical processors, using up to 8 threads

Non-default parameters:
LogToConsole  0

Optimize a model with 75 rows, 1325 columns and 2575 nonzeros
Model fingerprint: 0xd80bcc88
Variable types: 1300 continuous, 25 integer (25 binary)
Coefficient statistics:
  Matrix range     [1e+00, 2e+04]
  Objective range  [8e-03, 8e+03]
  Bounds range     [0e+00, 0e+00]
  RHS range        [8e+02, 6e+03]
Found heuristic solution: objective 2150750.0000
Presolve removed 21 rows and 547 columns
Presolve time: 0.00s
Presolved: 54 rows, 778 columns, 1503 nonzeros
Variable types: 754 continuous, 24 integer (24 binary)

Root relaxation: objective 2.019893e+04, 95 iterations, 0.00 seconds (0.00 work units)

    Nodes    |    Current Node    |     Objective Bounds      |     Work
 Expl Unexpl |  Obj  Depth IntInf | Incumbent    BestBd   Gap | It/Node Time

     0     0 20198.9343    0   12 2150750.00 20198.9343  99.1%     -    0s
H    0     0                    96191.434266 20198.9343  79.0%     -    0s
H    0     0                    62613.522380 20198.9343  67.7%     -    0s
H    0     0                    53552.883710 20198.9343  62.3%     -    0s
H    0     0                    24777.052116 21786.9889  12.1%     -    0s
     0     0 21786.9889    0    8 24777.0521 21786.9889  12.1%     -    0s
H    0     0                    24707.669914 21903.8524  11.3%     -    0s
     0     0 22511.7138    0    8 24707.6699 22511.7138  8.89%     -    0s
     0     0 22532.6383    0    8 24707.6699 22532.6383  8.80%     -    0s
     0     0 22596.2009    0    8 24707.6699 22596.2009  8.55%     -    0s
     0     0 22896.0848    0    9 24707.6699 22896.0848  7.33%     -    0s
     0     0 22899.8884    0    9 24707.6699 22899.8884  7.32%     -    0s
     0     0 23405.6126    0    6 24707.6699 23405.6126  5.27%     -    0s
H    0     0                    24469.247601 23429.4341  4.25%     -    0s
     0     0 23662.8612    0    1 24469.2476 23662.8612  3.30%     -    0s
     0     0 23669.4219    0    1 24469.2476 23669.4219  3.27%     -    0s
     0     0 23669.4219    0    1 24469.2476 23669.4219  3.27%     -    0s
     0     2 23669.4219    0    1 24469.2476 23669.4219  3.27%     -    0s

Cutting planes:
  Implied bound: 86
  MIR: 3
  Flow cover: 6
  Relax-and-lift: 4

Explored 48 nodes (1391 simplex iterations) in 0.04 seconds (0.05 work units)
Thread count was 8 (of 8 available processors)

Solution count 7: 24469.2 24707.7 24777.1 ... 2.15075e+06

Optimal solution found (tolerance 1.00e-04)
Best objective 2.446924760081e+04, best bound 2.446924760081e+04, gap 0.0000%

User-callback calls 357, time in user-callback 0.00 sec

Gurobi 12.0.3 (mac64[arm]) logging started Sat Sep 27 11:09:41 2025

Set parameter LogFile to value "Logs/Facility Location Logs/bernoulli_true/L100/phase1/scenario_generation.log"
Set parameter LogToConsole to value 0

Gurobi 12.0.3 (mac64[arm]) logging started Sat Sep 27 11:09:41 2025

Set parameter LogFile to value "Logs/Facility Location Logs/bernoulli_true/L100/phase1/scenario_generation.log"
Gurobi Optimizer version 12.0.3 build v12.0.3rc0 (mac64[arm] - Darwin 24.6.0 24G222)

CPU model: Apple M3
Thread count: 8 physical cores, 8 logical processors, using up to 8 threads

Non-default parameters:
LogToConsole  0

Optimize a model with 75 rows, 1325 columns and 2575 nonzeros
Model fingerprint: 0xdf8ad373
Variable types: 1300 continuous, 25 integer (25 binary)
Coefficient statistics:
  Matrix range     [1e+00, 2e+04]
  Objective range  [8e-03, 8e+03]
  Bounds range     [0e+00, 0e+00]
  RHS range        [5e+02, 5e+03]
Found heuristic solution: objective 1957800.0000
Presolve removed 20 rows and 521 columns
Presolve time: 0.00s
Presolved: 55 rows, 804 columns, 1554 nonzeros
Variable types: 780 continuous, 24 integer (24 binary)

Root relaxation: objective 2.611246e+04, 97 iterations, 0.00 seconds (0.00 work units)

    Nodes    |    Current Node    |     Objective Bounds      |     Work
 Expl Unexpl |  Obj  Depth IntInf | Incumbent    BestBd   Gap | It/Node Time

     0     0 26112.4634    0    9 1957800.00 26112.4634  98.7%     -    0s
H    0     0                    81534.463425 26112.4634  68.0%     -    0s
H    0     0                    81492.716734 26112.4634  68.0%     -    0s
H    0     0                    59959.984236 26112.4634  56.5%     -    0s
H    0     0                    53457.710800 26112.4634  51.2%     -    0s
H    0     0                    45957.710800 26112.4634  43.2%     -    0s
H    0     0                    33025.992223 29644.1933  10.2%     -    0s
H    0     0                    32425.882460 29644.1933  8.58%     -    0s
     0     0 29644.1933    0    6 32425.8825 29644.1933  8.58%     -    0s
H    0     0                    32373.275010 29678.5022  8.32%     -    0s
     0     0 29846.6215    0    6 32373.2750 29846.6215  7.80%     -    0s
H    0     0                    31911.486939 30090.4839  5.71%     -    0s
     0     0 30102.0621    0    6 31911.4869 30102.0621  5.67%     -    0s
     0     0 30179.1793    0    6 31911.4869 30179.1793  5.43%     -    0s
     0     0 30318.1819    0    3 31911.4869 30318.1819  4.99%     -    0s
     0     0 30940.1763    0    1 31911.4869 30940.1763  3.04%     -    0s
     0     0 31213.0995    0    1 31911.4869 31213.0995  2.19%     -    0s

Cutting planes:
  Implied bound: 40
  MIR: 3
  Flow cover: 1
  Relax-and-lift: 2

Explored 1 nodes (194 simplex iterations) in 0.01 seconds (0.02 work units)
Thread count was 8 (of 8 available processors)

Solution count 8: 31911.5 32373.3 32425.9 ... 1.9578e+06

Optimal solution found (tolerance 1.00e-04)
Best objective 3.191148693937e+04, best bound 3.191148693937e+04, gap 0.0000%

User-callback calls 240, time in user-callback 0.00 sec

Gurobi 12.0.3 (mac64[arm]) logging started Sat Sep 27 11:09:42 2025

Set parameter LogFile to value "Logs/Facility Location Logs/bernoulli_true/L100/phase1/scenario_generation.log"
Set parameter LogToConsole to value 0

Gurobi 12.0.3 (mac64[arm]) logging started Sat Sep 27 11:09:42 2025

Set parameter LogFile to value "Logs/Facility Location Logs/bernoulli_true/L100/phase1/scenario_generation.log"
Gurobi Optimizer version 12.0.3 build v12.0.3rc0 (mac64[arm] - Darwin 24.6.0 24G222)

CPU model: Apple M3
Thread count: 8 physical cores, 8 logical processors, using up to 8 threads

Non-default parameters:
LogToConsole  0

Optimize a model with 75 rows, 1325 columns and 2575 nonzeros
Model fingerprint: 0x730db37a
Variable types: 1300 continuous, 25 integer (25 binary)
Coefficient statistics:
  Matrix range     [1e+00, 2e+04]
  Objective range  [8e-03, 8e+03]
  Bounds range     [0e+00, 0e+00]
  RHS range        [1e+03, 5e+03]
Found heuristic solution: objective 2448850.0000
Presolve removed 25 rows and 651 columns
Presolve time: 0.00s
Presolved: 50 rows, 674 columns, 1299 nonzeros
Variable types: 650 continuous, 24 integer (24 binary)

Root relaxation: objective 3.225816e+04, 77 iterations, 0.00 seconds (0.00 work units)

    Nodes    |    Current Node    |     Objective Bounds      |     Work
 Expl Unexpl |  Obj  Depth IntInf | Incumbent    BestBd   Gap | It/Node Time

     0     0 32258.1598    0   13 2448850.00 32258.1598  98.7%     -    0s
H    0     0                    112769.65982 32258.1598  71.4%     -    0s
H    0     0                    78525.381088 32258.1598  58.9%     -    0s
H    0     0                    69787.620320 32258.1598  53.8%     -    0s
H    0     0                    65617.926545 32258.1598  50.8%     -    0s
H    0     0                    58459.143799 32258.1598  44.8%     -    0s
H    0     0                    41993.732529 32258.1598  23.2%     -    0s
     0     0 35713.5897    0    8 41993.7325 35713.5897  15.0%     -    0s
     0     0 36278.3261    0    8 41993.7325 36278.3261  13.6%     -    0s
H    0     0                    40817.523324 36278.3261  11.1%     -    0s
H    0     0                    40772.796405 36278.3261  11.0%     -    0s
     0     0 36448.1690    0    7 40772.7964 36448.1690  10.6%     -    0s
     0     0 36448.1690    0    7 40772.7964 36448.1690  10.6%     -    0s
     0     0 36686.8963    0    6 40772.7964 36686.8963  10.0%     -    0s
     0     0 37111.3449    0    7 40772.7964 37111.3449  8.98%     -    0s
     0     0 37208.0338    0    1 40772.7964 37208.0338  8.74%     -    0s
     0     0 37210.6513    0    3 40772.7964 37210.6513  8.74%     -    0s
     0     0 37212.1370    0    3 40772.7964 37212.1370  8.73%     -    0s
H    0     0                    40772.544170 37212.1370  8.73%     -    0s
     0     2 37212.4136    0    3 40772.5442 37212.4136  8.73%     -    0s

Cutting planes:
  Implied bound: 50
  MIR: 1
  Flow cover: 4
  Relax-and-lift: 1

Explored 398 nodes (6982 simplex iterations) in 0.06 seconds (0.08 work units)
Thread count was 8 (of 8 available processors)

Solution count 8: 40772.5 41993.7 58459.1 ... 2.44885e+06

Optimal solution found (tolerance 1.00e-04)
Best objective 4.077254416969e+04, best bound 4.077254416969e+04, gap 0.0000%

User-callback calls 1071, time in user-callback 0.00 sec

Gurobi 12.0.3 (mac64[arm]) logging started Sat Sep 27 11:09:42 2025

Set parameter LogFile to value "Logs/Facility Location Logs/bernoulli_true/L100/phase1/scenario_generation.log"
Set parameter LogToConsole to value 0

Gurobi 12.0.3 (mac64[arm]) logging started Sat Sep 27 11:09:42 2025

Set parameter LogFile to value "Logs/Facility Location Logs/bernoulli_true/L100/phase1/scenario_generation.log"
Gurobi Optimizer version 12.0.3 build v12.0.3rc0 (mac64[arm] - Darwin 24.6.0 24G222)

CPU model: Apple M3
Thread count: 8 physical cores, 8 logical processors, using up to 8 threads

Non-default parameters:
LogToConsole  0

Optimize a model with 75 rows, 1325 columns and 2575 nonzeros
Model fingerprint: 0xd988005f
Variable types: 1300 continuous, 25 integer (25 binary)
Coefficient statistics:
  Matrix range     [1e+00, 2e+04]
  Objective range  [8e-03, 8e+03]
  Bounds range     [0e+00, 0e+00]
  RHS range        [1e+02, 2e+04]
Found heuristic solution: objective 2050800.0000
Presolve removed 23 rows and 599 columns
Presolve time: 0.00s
Presolved: 52 rows, 726 columns, 1401 nonzeros
Variable types: 702 continuous, 24 integer (24 binary)

Root relaxation: objective 5.381681e+04, 86 iterations, 0.00 seconds (0.00 work units)

    Nodes    |    Current Node    |     Objective Bounds      |     Work
 Expl Unexpl |  Obj  Depth IntInf | Incumbent    BestBd   Gap | It/Node Time

     0     0 53816.8129    0    4 2050800.00 53816.8129  97.4%     -    0s
H    0     0                    78308.812885 53816.8129  31.3%     -    0s
H    0     0                    72434.962770 53816.8129  25.7%     -    0s
H    0     0                    56739.666258 55524.3580  2.14%     -    0s
     0     0 55542.7426    0    3 56739.6663 55542.7426  2.11%     -    0s
     0     0 56739.6663    0    2 56739.6663 56739.6663  0.00%     -    0s

Cutting planes:
  Implied bound: 3
  Relax-and-lift: 1

Explored 1 nodes (115 simplex iterations) in 0.00 seconds (0.00 work units)
Thread count was 8 (of 8 available processors)

Solution count 4: 56739.7 72435 78308.8 2.0508e+06 

Optimal solution found (tolerance 1.00e-04)
Best objective 5.673966625819e+04, best bound 5.673966625819e+04, gap 0.0000%

User-callback calls 205, time in user-callback 0.00 sec

Gurobi 12.0.3 (mac64[arm]) logging started Sat Sep 27 11:09:42 2025

Set parameter LogFile to value "Logs/Facility Location Logs/bernoulli_true/L100/phase1/scenario_generation.log"
Set parameter LogToConsole to value 0

Gurobi 12.0.3 (mac64[arm]) logging started Sat Sep 27 11:09:42 2025

Set parameter LogFile to value "Logs/Facility Location Logs/bernoulli_true/L100/phase1/scenario_generation.log"
Gurobi Optimizer version 12.0.3 build v12.0.3rc0 (mac64[arm] - Darwin 24.6.0 24G222)

CPU model: Apple M3
Thread count: 8 physical cores, 8 logical processors, using up to 8 threads

Non-default parameters:
LogToConsole  0

Optimize a model with 75 rows, 1325 columns and 2575 nonzeros
Model fingerprint: 0x8aab9a7e
Variable types: 1300 continuous, 25 integer (25 binary)
Coefficient statistics:
  Matrix range     [1e+00, 2e+04]
  Objective range  [8e-03, 8e+03]
  Bounds range     [0e+00, 0e+00]
  RHS range        [1e+03, 2e+04]
Found heuristic solution: objective 3350950.0000
Presolve removed 23 rows and 599 columns
Presolve time: 0.00s
Presolved: 52 rows, 726 columns, 1401 nonzeros
Variable types: 702 continuous, 24 integer (24 binary)

Root relaxation: objective 6.675126e+04, 105 iterations, 0.00 seconds (0.00 work units)

    Nodes    |    Current Node    |     Objective Bounds      |     Work
 Expl Unexpl |  Obj  Depth IntInf | Incumbent    BestBd   Gap | It/Node Time

     0     0 66751.2566    0   12 3350950.00 66751.2566  98.0%     -    0s
H    0     0                    138241.75660 66751.2566  51.7%     -    0s
H    0     0                    109305.12668 66751.2566  38.9%     -    0s
H    0     0                    101699.87724 66751.2566  34.4%     -    0s
H    0     0                    94915.279659 66751.2566  29.7%     -    0s
H    0     0                    79916.456813 69086.2610  13.6%     -    0s
     0     0 69086.2610    0    3 79916.4568 69086.2610  13.6%     -    0s
H    0     0                    76423.552428 69216.2796  9.43%     -    0s
     0     0 69816.8565    0    3 76423.5524 69816.8565  8.64%     -    0s
     0     0 69831.5344    0    3 76423.5524 69831.5344  8.63%     -    0s
H    0     0                    75291.452971 69831.5344  7.25%     -    0s
     0     0 69831.5344    0    5 75291.4530 69831.5344  7.25%     -    0s
H    0     0                    72730.005964 69831.5344  3.99%     -    0s
     0     0 69831.5344    0    5 72730.0060 69831.5344  3.99%     -    0s
     0     0 70304.7591    0    3 72730.0060 70304.7591  3.33%     -    0s
     0     0 70519.3361    0    3 72730.0060 70519.3361  3.04%     -    0s
     0     0 70566.5787    0    2 72730.0060 70566.5787  2.97%     -    0s
     0     0 70566.9775    0    2 72730.0060 70566.9775  2.97%     -    0s
     0     0 70576.4777    0    2 72730.0060 70576.4777  2.96%     -    0s
     0     0 70602.4772    0    2 72730.0060 70602.4772  2.93%     -    0s
     0     0 70603.3247    0    3 72730.0060 70603.3247  2.92%     -    0s
     0     0 70684.0312    0    2 72730.0060 70684.0312  2.81%     -    0s
     0     0 70684.0312    0    3 72730.0060 70684.0312  2.81%     -    0s
     0     0 70684.0312    0    3 72730.0060 70684.0312  2.81%     -    0s
     0     0 70699.1359    0    2 72730.0060 70699.1359  2.79%     -    0s
     0     0 70699.1359    0    2 72730.0060 70699.1359  2.79%     -    0s
     0     2 70699.1359    0    2 72730.0060 70699.1359  2.79%     -    0s

Cutting planes:
  Implied bound: 36
  MIR: 7
  Flow cover: 6
  Relax-and-lift: 1

Explored 221 nodes (3502 simplex iterations) in 0.04 seconds (0.06 work units)
Thread count was 8 (of 8 available processors)

Solution count 9: 72730 75291.5 76423.6 ... 3.35095e+06

Optimal solution found (tolerance 1.00e-04)
Best objective 7.273000596394e+04, best bound 7.273000596394e+04, gap 0.0000%

User-callback calls 734, time in user-callback 0.00 sec

Gurobi 12.0.3 (mac64[arm]) logging started Sat Sep 27 11:09:42 2025

Set parameter LogFile to value "Logs/Facility Location Logs/bernoulli_true/L100/phase1/scenario_generation.log"
Set parameter LogToConsole to value 0

Gurobi 12.0.3 (mac64[arm]) logging started Sat Sep 27 11:09:42 2025

Set parameter LogFile to value "Logs/Facility Location Logs/bernoulli_true/L100/phase1/scenario_generation.log"
Gurobi Optimizer version 12.0.3 build v12.0.3rc0 (mac64[arm] - Darwin 24.6.0 24G222)

CPU model: Apple M3
Thread count: 8 physical cores, 8 logical processors, using up to 8 threads

Non-default parameters:
LogToConsole  0

Optimize a model with 75 rows, 1325 columns and 2575 nonzeros
Model fingerprint: 0x17c921e1
Variable types: 1300 continuous, 25 integer (25 binary)
Coefficient statistics:
  Matrix range     [1e+00, 2e+04]
  Objective range  [8e-03, 8e+03]
  Bounds range     [0e+00, 0e+00]
  RHS range        [8e+02, 5e+03]
Found heuristic solution: objective 2288100.0000
Presolve removed 23 rows and 599 columns
Presolve time: 0.00s
Presolved: 52 rows, 726 columns, 1401 nonzeros
Variable types: 702 continuous, 24 integer (24 binary)

Root relaxation: objective 3.387898e+04, 86 iterations, 0.00 seconds (0.00 work units)

    Nodes    |    Current Node    |     Objective Bounds      |     Work
 Expl Unexpl |  Obj  Depth IntInf | Incumbent    BestBd   Gap | It/Node Time

     0     0 33878.9756    0   12 2288100.00 33878.9756  98.5%     -    0s
H    0     0                    108497.97562 33878.9756  68.8%     -    0s
H    0     0                    85108.711102 33878.9756  60.2%     -    0s
H    0     0                    84274.711897 33878.9756  59.8%     -    0s
H    0     0                    53201.126184 37381.7418  29.7%     -    0s
     0     0 37381.7418    0   10 53201.1262 37381.7418  29.7%     -    0s
H    0     0                    44812.112768 37502.5496  16.3%     -    0s
     0     0 37502.5496    0   10 44812.1128 37502.5496  16.3%     -    0s
     0     0 37751.6047    0    8 44812.1128 37751.6047  15.8%     -    0s
     0     0 37792.1706    0    8 44812.1128 37792.1706  15.7%     -    0s
     0     0 38062.1581    0    9 44812.1128 38062.1581  15.1%     -    0s
     0     0 38096.2693    0   10 44812.1128 38096.2693  15.0%     -    0s
     0     0 38250.8969    0    9 44812.1128 38250.8969  14.6%     -    0s
     0     0 38465.6184    0   11 44812.1128 38465.6184  14.2%     -    0s
     0     0 38709.5231    0    3 44812.1128 38709.5231  13.6%     -    0s
     0     0 38710.7610    0    4 44812.1128 38710.7610  13.6%     -    0s
     0     0 38710.8769    0    4 44812.1128 38710.8769  13.6%     -    0s
     0     2 38710.9004    0    4 44812.1128 38710.9004  13.6%     -    0s
*  264   146               9    44748.235854 38875.7611  13.1%  17.8    0s
*  266   146              21    44736.068643 38875.7611  13.1%  17.9    0s
*  310   146              11    44501.914938 38934.9504  12.5%  17.9    0s

Cutting planes:
  Implied bound: 82
  MIR: 6
  Flow cover: 12
  Inf proof: 4
  Relax-and-lift: 3

Explored 792 nodes (16202 simplex iterations) in 0.09 seconds (0.14 work units)
Thread count was 8 (of 8 available processors)

Solution count 8: 44501.9 44736.1 44748.2 ... 2.2881e+06

Optimal solution found (tolerance 1.00e-04)
Best objective 4.450191493781e+04, best bound 4.450191493781e+04, gap 0.0000%

User-callback calls 1870, time in user-callback 0.00 sec

Gurobi 12.0.3 (mac64[arm]) logging started Sat Sep 27 11:09:42 2025

Set parameter LogFile to value "Logs/Facility Location Logs/bernoulli_true/L100/phase1/scenario_generation.log"
Set parameter LogToConsole to value 0

Gurobi 12.0.3 (mac64[arm]) logging started Sat Sep 27 11:09:42 2025

Set parameter LogFile to value "Logs/Facility Location Logs/bernoulli_true/L100/phase1/scenario_generation.log"
Gurobi Optimizer version 12.0.3 build v12.0.3rc0 (mac64[arm] - Darwin 24.6.0 24G222)

CPU model: Apple M3
Thread count: 8 physical cores, 8 logical processors, using up to 8 threads

Non-default parameters:
LogToConsole  0

Optimize a model with 75 rows, 1325 columns and 2575 nonzeros
Model fingerprint: 0x1a1e753c
Variable types: 1300 continuous, 25 integer (25 binary)
Coefficient statistics:
  Matrix range     [1e+00, 2e+04]
  Objective range  [8e-03, 8e+03]
  Bounds range     [0e+00, 0e+00]
  RHS range        [7e+02, 6e+03]
Found heuristic solution: objective 1446900.0000
Presolve removed 32 rows and 833 columns
Presolve time: 0.00s
Presolved: 43 rows, 492 columns, 942 nonzeros
Variable types: 468 continuous, 24 integer (24 binary)

Root relaxation: objective 2.126236e+04, 61 iterations, 0.00 seconds (0.00 work units)

    Nodes    |    Current Node    |     Objective Bounds      |     Work
 Expl Unexpl |  Obj  Depth IntInf | Incumbent    BestBd   Gap | It/Node Time

     0     0 21262.3643    0    4 1446900.00 21262.3643  98.5%     -    0s
H    0     0                    44293.364321 21262.3643  52.0%     -    0s
H    0     0                    34099.942584 21262.3643  37.6%     -    0s
H    0     0                    31159.315625 21262.3643  31.8%     -    0s
H    0     0                    24771.166643 24771.1666  0.00%     -    0s
     0     0          -    0      24771.1666 24771.1666  0.00%     -    0s

Cutting planes:
  Implied bound: 4
  Flow cover: 1

Explored 1 nodes (81 simplex iterations) in 0.00 seconds (0.00 work units)
Thread count was 8 (of 8 available processors)

Solution count 5: 24771.2 31159.3 34099.9 ... 1.4469e+06

Optimal solution found (tolerance 1.00e-04)
Best objective 2.477116664325e+04, best bound 2.477116664325e+04, gap 0.0000%

User-callback calls 202, time in user-callback 0.00 sec

Gurobi 12.0.3 (mac64[arm]) logging started Sat Sep 27 11:09:42 2025

Set parameter LogFile to value "Logs/Facility Location Logs/bernoulli_true/L100/phase1/scenario_generation.log"
Set parameter LogToConsole to value 0

Gurobi 12.0.3 (mac64[arm]) logging started Sat Sep 27 11:09:42 2025

Set parameter LogFile to value "Logs/Facility Location Logs/bernoulli_true/L100/phase1/scenario_generation.log"
Gurobi Optimizer version 12.0.3 build v12.0.3rc0 (mac64[arm] - Darwin 24.6.0 24G222)

CPU model: Apple M3
Thread count: 8 physical cores, 8 logical processors, using up to 8 threads

Non-default parameters:
LogToConsole  0

Optimize a model with 75 rows, 1325 columns and 2575 nonzeros
Model fingerprint: 0xcdf84052
Variable types: 1300 continuous, 25 integer (25 binary)
Coefficient statistics:
  Matrix range     [1e+00, 2e+04]
  Objective range  [8e-03, 8e+03]
  Bounds range     [0e+00, 0e+00]
  RHS range        [1e+03, 1e+04]
Found heuristic solution: objective 2875250.0000
Presolve removed 25 rows and 651 columns
Presolve time: 0.00s
Presolved: 50 rows, 674 columns, 1299 nonzeros
Variable types: 650 continuous, 24 integer (24 binary)

Root relaxation: objective 5.304496e+04, 86 iterations, 0.00 seconds (0.00 work units)

    Nodes    |    Current Node    |     Objective Bounds      |     Work
 Expl Unexpl |  Obj  Depth IntInf | Incumbent    BestBd   Gap | It/Node Time

     0     0 53044.9631    0   14 2875250.00 53044.9631  98.2%     -    0s
H    0     0                    136792.46310 53044.9631  61.2%     -    0s
H    0     0                    87885.086028 53044.9631  39.6%     -    0s
H    0     0                    87188.724025 53044.9631  39.2%     -    0s
H    0     0                    75994.148511 53044.9631  30.2%     -    0s
     0     0 54771.4542    0    5 75994.1485 54771.4542  27.9%     -    0s
H    0     0                    65014.564729 54804.2479  15.7%     -    0s
H    0     0                    57761.582909 54804.2479  5.12%     -    0s
H    0     0                    57467.332309 54804.2479  4.63%     -    0s
H    0     0                    57466.140002 55030.0284  4.24%     -    0s
     0     0 55030.0284    0    7 57466.1400 55030.0284  4.24%     -    0s
H    0     0                    57463.246691 55085.2900  4.14%     -    0s
     0     0 55085.2900    0    6 57463.2467 55085.2900  4.14%     -    0s
H    0     0                    57392.970955 55085.2900  4.02%     -    0s
H    0     0                    56518.357642 55085.2900  2.54%     -    0s
     0     0 55262.6255    0    5 56518.3576 55262.6255  2.22%     -    0s
     0     0 55383.3535    0    4 56518.3576 55383.3535  2.01%     -    0s
     0     0 55390.1996    0    5 56518.3576 55390.1996  2.00%     -    0s
     0     0 55433.6556    0    2 56518.3576 55433.6556  1.92%     -    0s
     0     0 55434.4533    0    3 56518.3576 55434.4533  1.92%     -    0s
     0     0 55434.7903    0    3 56518.3576 55434.7903  1.92%     -    0s
     0     2 55434.7903    0    3 56518.3576 55434.7903  1.92%     -    0s

Cutting planes:
  Implied bound: 54
  MIR: 3
  Flow cover: 3

Explored 104 nodes (1631 simplex iterations) in 0.03 seconds (0.04 work units)
Thread count was 8 (of 8 available processors)

Solution count 9: 56518.4 57393 57466.1 ... 2.87525e+06

Optimal solution found (tolerance 1.00e-04)
Best objective 5.651835764250e+04, best bound 5.651835764250e+04, gap 0.0000%

User-callback calls 474, time in user-callback 0.00 sec

Gurobi 12.0.3 (mac64[arm]) logging started Sat Sep 27 11:09:42 2025

Set parameter LogFile to value "Logs/Facility Location Logs/bernoulli_true/L100/phase1/scenario_generation.log"
Set parameter LogToConsole to value 0

Gurobi 12.0.3 (mac64[arm]) logging started Sat Sep 27 11:09:42 2025

Set parameter LogFile to value "Logs/Facility Location Logs/bernoulli_true/L100/phase1/scenario_generation.log"
Gurobi Optimizer version 12.0.3 build v12.0.3rc0 (mac64[arm] - Darwin 24.6.0 24G222)

CPU model: Apple M3
Thread count: 8 physical cores, 8 logical processors, using up to 8 threads

Non-default parameters:
LogToConsole  0

Optimize a model with 75 rows, 1325 columns and 2575 nonzeros
Model fingerprint: 0xf48c89c9
Variable types: 1300 continuous, 25 integer (25 binary)
Coefficient statistics:
  Matrix range     [1e+00, 2e+04]
  Objective range  [8e-03, 8e+03]
  Bounds range     [0e+00, 0e+00]
  RHS range        [1e+03, 7e+03]
Found heuristic solution: objective 2982700.0000
Presolve removed 27 rows and 703 columns
Presolve time: 0.00s
Presolved: 48 rows, 622 columns, 1197 nonzeros
Variable types: 598 continuous, 24 integer (24 binary)

Root relaxation: objective 3.334069e+04, 77 iterations, 0.00 seconds (0.00 work units)

    Nodes    |    Current Node    |     Objective Bounds      |     Work
 Expl Unexpl |  Obj  Depth IntInf | Incumbent    BestBd   Gap | It/Node Time

     0     0 33340.6882    0   14 2982700.00 33340.6882  98.9%     -    0s
H    0     0                    116013.68820 33340.6882  71.3%     -    0s
H    0     0                    79263.130882 33340.6882  57.9%     -    0s
H    0     0                    68009.084245 33340.6882  51.0%     -    0s
H    0     0                    39206.506911 36481.5890  6.95%     -    0s
     0     0 36481.5890    0    8 39206.5069 36481.5890  6.95%     -    0s
H    0     0                    37480.104956 36519.0654  2.56%     -    0s
H    0     0                    37477.080224 36519.0654  2.56%     -    0s
     0     0 36927.8183    0    6 37477.0802 36927.8183  1.47%     -    0s
     0     0 37046.0411    0    6 37477.0802 37046.0411  1.15%     -    0s
     0     0 37058.4500    0    7 37477.0802 37058.4500  1.12%     -    0s
     0     0 37261.5757    0    5 37477.0802 37261.5757  0.58%     -    0s
     0     0 37328.2258    0    2 37477.0802 37328.2258  0.40%     -    0s
     0     0 37477.0802    0    2 37477.0802 37477.0802  0.00%     -    0s

Cutting planes:
  Implied bound: 49
  MIR: 1
  Relax-and-lift: 1

Explored 1 nodes (204 simplex iterations) in 0.01 seconds (0.01 work units)
Thread count was 8 (of 8 available processors)

Solution count 6: 37477.1 39206.5 68009.1 ... 2.9827e+06

Optimal solution found (tolerance 1.00e-04)
Best objective 3.747708022406e+04, best bound 3.747708022406e+04, gap 0.0000%

User-callback calls 234, time in user-callback 0.00 sec

Gurobi 12.0.3 (mac64[arm]) logging started Sat Sep 27 11:09:42 2025

Set parameter LogFile to value "Logs/Facility Location Logs/bernoulli_true/L100/phase1/scenario_generation.log"
Set parameter LogToConsole to value 0

Gurobi 12.0.3 (mac64[arm]) logging started Sat Sep 27 11:09:42 2025

Set parameter LogFile to value "Logs/Facility Location Logs/bernoulli_true/L100/phase1/scenario_generation.log"
Gurobi Optimizer version 12.0.3 build v12.0.3rc0 (mac64[arm] - Darwin 24.6.0 24G222)

CPU model: Apple M3
Thread count: 8 physical cores, 8 logical processors, using up to 8 threads

Non-default parameters:
LogToConsole  0

Optimize a model with 75 rows, 1325 columns and 2575 nonzeros
Model fingerprint: 0x9088dec4
Variable types: 1300 continuous, 25 integer (25 binary)
Coefficient statistics:
  Matrix range     [1e+00, 2e+04]
  Objective range  [8e-03, 8e+03]
  Bounds range     [0e+00, 0e+00]
  RHS range        [9e+02, 5e+03]
Found heuristic solution: objective 2056450.0000
Presolve removed 27 rows and 703 columns
Presolve time: 0.00s
Presolved: 48 rows, 622 columns, 1197 nonzeros
Variable types: 598 continuous, 24 integer (24 binary)

Root relaxation: objective 2.826052e+04, 79 iterations, 0.00 seconds (0.00 work units)

    Nodes    |    Current Node    |     Objective Bounds      |     Work
 Expl Unexpl |  Obj  Depth IntInf | Incumbent    BestBd   Gap | It/Node Time

     0     0 28260.5209    0   10 2056450.00 28260.5209  98.6%     -    0s
H    0     0                    90196.020859 28260.5209  68.7%     -    0s
H    0     0                    90184.037628 28260.5209  68.7%     -    0s
H    0     0                    83439.834251 28260.5209  66.1%     -    0s
H    0     0                    83251.626709 28260.5209  66.1%     -    0s
H    0     0                    71086.825264 29324.9277  58.7%     -    0s
H    0     0                    54199.459134 32546.4067  40.0%     -    0s
     0     0 32546.4067    0    7 54199.4591 32546.4067  40.0%     -    0s
H    0     0                    47892.058431 32642.1810  31.8%     -    0s
H    0     0                    41822.938264 32642.1810  22.0%     -    0s
H    0     0                    34227.944756 32642.1810  4.63%     -    0s
     0     0 33091.3673    0    5 34227.9448 33091.3673  3.32%     -    0s
H    0     0                    34189.305622 33187.7741  2.93%     -    0s
H    0     0                    33847.049805 33187.7741  1.95%     -    0s
     0     0 33847.0498    0    5 33847.0498 33847.0498  0.00%     -    0s

Cutting planes:
  Implied bound: 29
  Flow cover: 2
  Relax-and-lift: 1

Explored 1 nodes (145 simplex iterations) in 0.01 seconds (0.01 work units)
Thread count was 8 (of 8 available processors)

Solution count 10: 33847 34189.3 34227.9 ... 90184

Optimal solution found (tolerance 1.00e-04)
Best objective 3.384704980462e+04, best bound 3.384704980462e+04, gap 0.0000%

User-callback calls 226, time in user-callback 0.00 sec

Gurobi 12.0.3 (mac64[arm]) logging started Sat Sep 27 11:09:42 2025

Set parameter LogFile to value "Logs/Facility Location Logs/bernoulli_true/L100/phase1/scenario_generation.log"
Set parameter LogToConsole to value 0

Gurobi 12.0.3 (mac64[arm]) logging started Sat Sep 27 11:09:42 2025

Set parameter LogFile to value "Logs/Facility Location Logs/bernoulli_true/L100/phase1/scenario_generation.log"
Gurobi Optimizer version 12.0.3 build v12.0.3rc0 (mac64[arm] - Darwin 24.6.0 24G222)

CPU model: Apple M3
Thread count: 8 physical cores, 8 logical processors, using up to 8 threads

Non-default parameters:
LogToConsole  0

Optimize a model with 75 rows, 1325 columns and 2575 nonzeros
Model fingerprint: 0x1ddec4dc
Variable types: 1300 continuous, 25 integer (25 binary)
Coefficient statistics:
  Matrix range     [1e+00, 2e+04]
  Objective range  [8e-03, 8e+03]
  Bounds range     [0e+00, 0e+00]
  RHS range        [8e+02, 9e+03]
Found heuristic solution: objective 2018550.0000
Presolve removed 28 rows and 729 columns
Presolve time: 0.00s
Presolved: 47 rows, 596 columns, 1146 nonzeros
Variable types: 572 continuous, 24 integer (24 binary)

Root relaxation: objective 4.387238e+04, 102 iterations, 0.00 seconds (0.00 work units)

    Nodes    |    Current Node    |     Objective Bounds      |     Work
 Expl Unexpl |  Obj  Depth IntInf | Incumbent    BestBd   Gap | It/Node Time

     0     0 43872.3843    0    7 2018550.00 43872.3843  97.8%     -    0s
H    0     0                    83686.884299 43872.3843  47.6%     -    0s
H    0     0                    63871.543863 43872.3843  31.3%     -    0s
H    0     0                    61712.674642 43872.3843  28.9%     -    0s
H    0     0                    48196.114574 47319.9389  1.82%     -    0s
H    0     0                    47782.421140 47319.9389  0.97%     -    0s
     0     0 47622.9069    0    2 47782.4211 47622.9069  0.33%     -    0s
*    0     0               0    47767.786266 47767.7863  0.00%     -    0s

Cutting planes:
  Implied bound: 7
  Flow cover: 1

Explored 1 nodes (178 simplex iterations) in 0.00 seconds (0.00 work units)
Thread count was 8 (of 8 available processors)

Solution count 5: 47767.8 61712.7 63871.5 ... 2.01855e+06

Optimal solution found (tolerance 1.00e-04)
Best objective 4.776778626600e+04, best bound 4.776778626600e+04, gap 0.0000%

User-callback calls 207, time in user-callback 0.00 sec

Gurobi 12.0.3 (mac64[arm]) logging started Sat Sep 27 11:09:42 2025

Set parameter LogFile to value "Logs/Facility Location Logs/bernoulli_true/L100/phase1/scenario_generation.log"
Set parameter LogToConsole to value 0

Gurobi 12.0.3 (mac64[arm]) logging started Sat Sep 27 11:09:42 2025

Set parameter LogFile to value "Logs/Facility Location Logs/bernoulli_true/L100/phase1/scenario_generation.log"
Gurobi Optimizer version 12.0.3 build v12.0.3rc0 (mac64[arm] - Darwin 24.6.0 24G222)

CPU model: Apple M3
Thread count: 8 physical cores, 8 logical processors, using up to 8 threads

Non-default parameters:
LogToConsole  0

Optimize a model with 75 rows, 1325 columns and 2575 nonzeros
Model fingerprint: 0xce6f079d
Variable types: 1300 continuous, 25 integer (25 binary)
Coefficient statistics:
  Matrix range     [1e+00, 2e+04]
  Objective range  [8e-03, 8e+03]
  Bounds range     [0e+00, 0e+00]
  RHS range        [1e+03, 5e+03]
Found heuristic solution: objective 1961050.0000
Presolve removed 26 rows and 677 columns
Presolve time: 0.00s
Presolved: 49 rows, 648 columns, 1248 nonzeros
Variable types: 624 continuous, 24 integer (24 binary)

Root relaxation: objective 2.056134e+04, 115 iterations, 0.00 seconds (0.00 work units)

    Nodes    |    Current Node    |     Objective Bounds      |     Work
 Expl Unexpl |  Obj  Depth IntInf | Incumbent    BestBd   Gap | It/Node Time

     0     0 20561.3435    0   11 1961050.00 20561.3435  99.0%     -    0s
H    0     0                    90950.843458 20561.3435  77.4%     -    0s
H    0     0                    60218.226038 20561.3435  65.9%     -    0s
H    0     0                    39609.347568 20561.3435  48.1%     -    0s
     0     0 22808.9332    0    7 39609.3476 22808.9332  42.4%     -    0s
H    0     0                    33354.791572 22847.6411  31.5%     -    0s
H    0     0                    26133.104276 22847.6411  12.6%     -    0s
H    0     0                    25664.915141 22847.6411  11.0%     -    0s
     0     0 22847.6411    0    7 25664.9151 22847.6411  11.0%     -    0s
     0     0 23076.8491    0    3 25664.9151 23076.8491  10.1%     -    0s
H    0     0                    25551.297263 23076.8491  9.68%     -    0s
     0     0 23076.8491    0    3 25551.2973 23076.8491  9.68%     -    0s
     0     0 23174.5358    0    6 25551.2973 23174.5358  9.30%     -    0s
     0     0 23206.2558    0    3 25551.2973 23206.2558  9.18%     -    0s
     0     0 23400.2982    0    1 25551.2973 23400.2982  8.42%     -    0s
     0     0 23497.5146    0    1 25551.2973 23497.5146  8.04%     -    0s
     0     0 23663.1879    0    3 25551.2973 23663.1879  7.39%     -    0s
     0     0 23868.5771    0    5 25551.2973 23868.5771  6.59%     -    0s
     0     0 23918.2834    0    5 25551.2973 23918.2834  6.39%     -    0s
     0     2 23918.2834    0    5 25551.2973 23918.2834  6.39%     -    0s

Cutting planes:
  Implied bound: 37
  MIR: 2
  Flow cover: 6
  Relax-and-lift: 9

Explored 111 nodes (2026 simplex iterations) in 0.03 seconds (0.04 work units)
Thread count was 8 (of 8 available processors)

Solution count 7: 25551.3 25664.9 33354.8 ... 1.96105e+06

Optimal solution found (tolerance 1.00e-04)
Best objective 2.555129726269e+04, best bound 2.555129726269e+04, gap 0.0000%

User-callback calls 486, time in user-callback 0.00 sec

Gurobi 12.0.3 (mac64[arm]) logging started Sat Sep 27 11:09:42 2025

Set parameter LogFile to value "Logs/Facility Location Logs/bernoulli_true/L100/phase1/scenario_generation.log"
Set parameter LogToConsole to value 0

Gurobi 12.0.3 (mac64[arm]) logging started Sat Sep 27 11:09:42 2025

Set parameter LogFile to value "Logs/Facility Location Logs/bernoulli_true/L100/phase1/scenario_generation.log"
Gurobi Optimizer version 12.0.3 build v12.0.3rc0 (mac64[arm] - Darwin 24.6.0 24G222)

CPU model: Apple M3
Thread count: 8 physical cores, 8 logical processors, using up to 8 threads

Non-default parameters:
LogToConsole  0

Optimize a model with 75 rows, 1325 columns and 2575 nonzeros
Model fingerprint: 0x86c0cfc6
Variable types: 1300 continuous, 25 integer (25 binary)
Coefficient statistics:
  Matrix range     [1e+00, 2e+04]
  Objective range  [8e-03, 8e+03]
  Bounds range     [0e+00, 0e+00]
  RHS range        [8e+02, 5e+03]
Found heuristic solution: objective 2009100.0000
Presolve removed 26 rows and 677 columns
Presolve time: 0.00s
Presolved: 49 rows, 648 columns, 1248 nonzeros
Variable types: 624 continuous, 24 integer (24 binary)

Root relaxation: objective 2.783403e+04, 81 iterations, 0.00 seconds (0.00 work units)

    Nodes    |    Current Node    |     Objective Bounds      |     Work
 Expl Unexpl |  Obj  Depth IntInf | Incumbent    BestBd   Gap | It/Node Time

     0     0 27834.0305    0   11 2009100.00 27834.0305  98.6%     -    0s
H    0     0                    97743.030470 27834.0305  71.5%     -    0s
H    0     0                    71146.499987 27834.0305  60.9%     -    0s
H    0     0                    58720.963806 27834.0305  52.6%     -    0s
H    0     0                    58252.326385 27834.0305  52.2%     -    0s
     0     0 30817.7511    0    4 58252.3264 30817.7511  47.1%     -    0s
H    0     0                    55726.751093 31023.8855  44.3%     -    0s
H    0     0                    55418.673310 31023.8855  44.0%     -    0s
H    0     0                    47390.599229 31023.8855  34.5%     -    0s
H    0     0                    40644.264610 31023.8855  23.7%     -    0s
H    0     0                    40564.894662 31023.8855  23.5%     -    0s
H    0     0                    34292.134424 31023.8855  9.53%     -    0s
H    0     0                    33854.954071 31023.8855  8.36%     -    0s
H    0     0                    33368.301027 31023.8855  7.03%     -    0s
     0     0 31287.8502    0    5 33368.3010 31287.8502  6.23%     -    0s
     0     0 31927.7725    0    4 33368.3010 31927.7725  4.32%     -    0s
     0     0 32000.2919    0    4 33368.3010 32000.2919  4.10%     -    0s
     0     0 32000.2919    0   10 33368.3010 32000.2919  4.10%     -    0s
     0     0 32000.2919    0    4 33368.3010 32000.2919  4.10%     -    0s
     0     0 32000.2919    0    5 33368.3010 32000.2919  4.10%     -    0s
     0     0 32000.2919    0    4 33368.3010 32000.2919  4.10%     -    0s
     0     0 32000.2919    0    5 33368.3010 32000.2919  4.10%     -    0s
     0     0 32289.1700    0    3 33368.3010 32289.1700  3.23%     -    0s
     0     0 32466.7606    0    3 33368.3010 32466.7606  2.70%     -    0s
     0     0 32801.5443    0    2 33368.3010 32801.5443  1.70%     -    0s
     0     0 33368.3010    0    2 33368.3010 33368.3010  0.00%     -    0s

Cutting planes:
  Implied bound: 32
  MIR: 1
  Relax-and-lift: 1

Explored 1 nodes (355 simplex iterations) in 0.02 seconds (0.02 work units)
Thread count was 8 (of 8 available processors)

Solution count 10: 33368.3 33855 40564.9 ... 97743

Optimal solution found (tolerance 1.00e-04)
Best objective 3.336830102737e+04, best bound 3.336830102737e+04, gap 0.0000%

User-callback calls 280, time in user-callback 0.00 sec

Gurobi 12.0.3 (mac64[arm]) logging started Sat Sep 27 11:09:42 2025

Set parameter LogFile to value "Logs/Facility Location Logs/bernoulli_true/L100/phase1/scenario_generation.log"
Set parameter LogToConsole to value 0

Gurobi 12.0.3 (mac64[arm]) logging started Sat Sep 27 11:09:42 2025

Set parameter LogFile to value "Logs/Facility Location Logs/bernoulli_true/L100/phase1/scenario_generation.log"
Gurobi Optimizer version 12.0.3 build v12.0.3rc0 (mac64[arm] - Darwin 24.6.0 24G222)

CPU model: Apple M3
Thread count: 8 physical cores, 8 logical processors, using up to 8 threads

Non-default parameters:
LogToConsole  0

Optimize a model with 75 rows, 1325 columns and 2575 nonzeros
Model fingerprint: 0x4b88c912
Variable types: 1300 continuous, 25 integer (25 binary)
Coefficient statistics:
  Matrix range     [1e+00, 2e+04]
  Objective range  [8e-03, 8e+03]
  Bounds range     [0e+00, 0e+00]
  RHS range        [1e+03, 7e+03]
Found heuristic solution: objective 2966950.0000
Presolve removed 26 rows and 677 columns
Presolve time: 0.00s
Presolved: 49 rows, 648 columns, 1248 nonzeros
Variable types: 624 continuous, 24 integer (24 binary)

Root relaxation: objective 5.526888e+04, 88 iterations, 0.00 seconds (0.00 work units)

    Nodes    |    Current Node    |     Objective Bounds      |     Work
 Expl Unexpl |  Obj  Depth IntInf | Incumbent    BestBd   Gap | It/Node Time

     0     0 55268.8837    0   14 2966950.00 55268.8837  98.1%     -    0s
H    0     0                    138099.38372 55268.8837  60.0%     -    0s
H    0     0                    131733.14119 55268.8837  58.0%     -    0s
H    0     0                    117344.10926 55268.8837  52.9%     -    0s
H    0     0                    110841.45833 56733.3224  48.8%     -    0s
H    0     0                    103293.30607 59272.7697  42.6%     -    0s
H    0     0                    95891.685764 59272.7697  38.2%     -    0s
     0     0 59272.7697    0    7 95891.6858 59272.7697  38.2%     -    0s
H    0     0                    80670.224557 59322.0103  26.5%     -    0s
H    0     0                    63321.905705 59322.0103  6.32%     -    0s
     0     0 59555.1102    0    4 63321.9057 59555.1102  5.95%     -    0s
H    0     0                    60391.832886 59555.3064  1.39%     -    0s
H    0     0                    60370.597175 59555.3064  1.35%     -    0s
H    0     0                    60232.371307 59748.9741  0.80%     -    0s
     0     0 59748.9741    0    5 60232.3713 59748.9741  0.80%     -    0s
     0     0 59777.1644    0    4 60232.3713 59777.1644  0.76%     -    0s
     0     0 59786.6111    0    4 60232.3713 59786.6111  0.74%     -    0s
H    0     0                    60141.915975 59786.6111  0.59%     -    0s
     0     0 59815.3493    0    7 60141.9160 59815.3493  0.54%     -    0s
     0     0 59885.7710    0    2 60141.9160 59885.7710  0.43%     -    0s
     0     0 60141.9160    0    3 60141.9160 60141.9160  0.00%     -    0s

Cutting planes:
  Implied bound: 48
  MIR: 4
  Flow cover: 4
  Relax-and-lift: 2

Explored 1 nodes (227 simplex iterations) in 0.01 seconds (0.01 work units)
Thread count was 8 (of 8 available processors)

Solution count 10: 60141.9 60232.4 60370.6 ... 131733

Optimal solution found (tolerance 1.00e-04)
Best objective 6.014191597463e+04, best bound 6.014191597463e+04, gap 0.0000%

User-callback calls 249, time in user-callback 0.00 sec

Gurobi 12.0.3 (mac64[arm]) logging started Sat Sep 27 11:09:42 2025

Set parameter LogFile to value "Logs/Facility Location Logs/bernoulli_true/L100/phase1/scenario_generation.log"
Set parameter LogToConsole to value 0

Gurobi 12.0.3 (mac64[arm]) logging started Sat Sep 27 11:09:42 2025

Set parameter LogFile to value "Logs/Facility Location Logs/bernoulli_true/L100/phase1/scenario_generation.log"
Gurobi Optimizer version 12.0.3 build v12.0.3rc0 (mac64[arm] - Darwin 24.6.0 24G222)

CPU model: Apple M3
Thread count: 8 physical cores, 8 logical processors, using up to 8 threads

Non-default parameters:
LogToConsole  0

Optimize a model with 75 rows, 1325 columns and 2575 nonzeros
Model fingerprint: 0xf58699e1
Variable types: 1300 continuous, 25 integer (25 binary)
Coefficient statistics:
  Matrix range     [1e+00, 2e+04]
  Objective range  [8e-03, 8e+03]
  Bounds range     [0e+00, 0e+00]
  RHS range        [8e+02, 1e+04]
Found heuristic solution: objective 3014150.0000
Presolve removed 23 rows and 599 columns
Presolve time: 0.00s
Presolved: 52 rows, 726 columns, 1401 nonzeros
Variable types: 702 continuous, 24 integer (24 binary)

Root relaxation: objective 5.747625e+04, 106 iterations, 0.00 seconds (0.00 work units)

    Nodes    |    Current Node    |     Objective Bounds      |     Work
 Expl Unexpl |  Obj  Depth IntInf | Incumbent    BestBd   Gap | It/Node Time

     0     0 57476.2479    0   13 3014150.00 57476.2479  98.1%     -    0s
H    0     0                    132334.74791 57476.2479  56.6%     -    0s
H    0     0                    100787.58792 57476.2479  43.0%     -    0s
H    0     0                    89139.555111 57476.2479  35.5%     -    0s
H    0     0                    82026.551102 57476.2479  29.9%     -    0s
     0     0 59340.9209    0    6 82026.5511 59340.9209  27.7%     -    0s
H    0     0                    75188.031002 59395.1961  21.0%     -    0s
     0     0 59890.1321    0    6 75188.0310 59890.1321  20.3%     -    0s
H    0     0                    73820.246404 59900.1753  18.9%     -    0s
H    0     0                    67381.902845 59980.4481  11.0%     -    0s
H    0     0                    67366.638757 59980.4481  11.0%     -    0s
H    0     0                    67303.895529 59980.4481  10.9%     -    0s
     0     0 59980.4481    0    5 67303.8955 59980.4481  10.9%     -    0s
     0     0 59994.0074    0    4 67303.8955 59994.0074  10.9%     -    0s
     0     0 60174.0247    0    5 67303.8955 60174.0247  10.6%     -    0s
     0     0 60237.0822    0    3 67303.8955 60237.0822  10.5%     -    0s
     0     0 60240.0017    0    3 67303.8955 60240.0017  10.5%     -    0s
     0     0 60251.9105    0    3 67303.8955 60251.9105  10.5%     -    0s
     0     0 60258.2541    0    3 67303.8955 60258.2541  10.5%     -    0s
     0     0 60262.7883    0    3 67303.8955 60262.7883  10.5%     -    0s
     0     0 60278.0782    0    3 67303.8955 60278.0782  10.4%     -    0s
     0     0 60283.0599    0    3 67303.8955 60283.0599  10.4%     -    0s
H    0     0                    67218.236630 60283.0599  10.3%     -    0s
     0     2 60283.0599    0    3 67218.2366 60283.0599  10.3%     -    0s
H  469   306                    66815.292770 60708.2956  9.14%  10.3    0s
*  804   444               8    66282.475001 60903.6573  8.11%  10.9    0s

Cutting planes:
  Implied bound: 61
  MIR: 9
  Flow cover: 1
  Relax-and-lift: 2

Explored 3478 nodes (46656 simplex iterations) in 0.22 seconds (0.28 work units)
Thread count was 8 (of 8 available processors)

Solution count 10: 66282.5 66815.3 67218.2 ... 132335

Optimal solution found (tolerance 1.00e-04)
Best objective 6.628247500087e+04, best bound 6.628247500087e+04, gap 0.0000%

User-callback calls 7296, time in user-callback 0.00 sec

Gurobi 12.0.3 (mac64[arm]) logging started Sat Sep 27 11:09:42 2025

Set parameter LogFile to value "Logs/Facility Location Logs/bernoulli_true/L100/phase1/scenario_generation.log"
Set parameter LogToConsole to value 0

Gurobi 12.0.3 (mac64[arm]) logging started Sat Sep 27 11:09:42 2025

Set parameter LogFile to value "Logs/Facility Location Logs/bernoulli_true/L100/phase1/scenario_generation.log"
Gurobi Optimizer version 12.0.3 build v12.0.3rc0 (mac64[arm] - Darwin 24.6.0 24G222)

CPU model: Apple M3
Thread count: 8 physical cores, 8 logical processors, using up to 8 threads

Non-default parameters:
LogToConsole  0

Optimize a model with 75 rows, 1325 columns and 2575 nonzeros
Model fingerprint: 0xb8013c8d
Variable types: 1300 continuous, 25 integer (25 binary)
Coefficient statistics:
  Matrix range     [1e+00, 2e+04]
  Objective range  [8e-03, 8e+03]
  Bounds range     [0e+00, 0e+00]
  RHS range        [6e+02, 2e+04]
Found heuristic solution: objective 2095050.0000
Presolve removed 32 rows and 833 columns
Presolve time: 0.00s
Presolved: 43 rows, 492 columns, 942 nonzeros
Variable types: 468 continuous, 24 integer (24 binary)

Root relaxation: objective 6.005639e+04, 65 iterations, 0.00 seconds (0.00 work units)

    Nodes    |    Current Node    |     Objective Bounds      |     Work
 Expl Unexpl |  Obj  Depth IntInf | Incumbent    BestBd   Gap | It/Node Time

     0     0 60056.3919    0    5 2095050.00 60056.3919  97.1%     -    0s
H    0     0                    91605.891923 60056.3919  34.4%     -    0s
H    0     0                    84623.092431 60056.3919  29.0%     -    0s
H    0     0                    78724.975333 60056.3919  23.7%     -    0s
H    0     0                    69948.432508 63646.3777  9.01%     -    0s
H    0     0                    65836.834112 63646.3777  3.33%     -    0s
     0     0 63646.3777    0    4 65836.8341 63646.3777  3.33%     -    0s
     0     0 64200.1832    0    4 65836.8341 64200.1832  2.49%     -    0s
     0     0 65405.9519    0    4 65836.8341 65405.9519  0.65%     -    0s

Cutting planes:
  Cover: 1
  Implied bound: 8
  MIR: 2
  Flow cover: 5
  Relax-and-lift: 1

Explored 1 nodes (116 simplex iterations) in 0.00 seconds (0.00 work units)
Thread count was 8 (of 8 available processors)

Solution count 6: 65836.8 69948.4 78725 ... 2.09505e+06

Optimal solution found (tolerance 1.00e-04)
Best objective 6.583683411225e+04, best bound 6.583367564194e+04, gap 0.0048%

User-callback calls 215, time in user-callback 0.00 sec

Gurobi 12.0.3 (mac64[arm]) logging started Sat Sep 27 11:09:42 2025

Set parameter LogFile to value "Logs/Facility Location Logs/bernoulli_true/L100/phase1/scenario_generation.log"
Set parameter LogToConsole to value 0

Gurobi 12.0.3 (mac64[arm]) logging started Sat Sep 27 11:09:42 2025

Set parameter LogFile to value "Logs/Facility Location Logs/bernoulli_true/L100/phase1/scenario_generation.log"
Gurobi Optimizer version 12.0.3 build v12.0.3rc0 (mac64[arm] - Darwin 24.6.0 24G222)

CPU model: Apple M3
Thread count: 8 physical cores, 8 logical processors, using up to 8 threads

Non-default parameters:
LogToConsole  0

Optimize a model with 75 rows, 1325 columns and 2575 nonzeros
Model fingerprint: 0xa7b430ad
Variable types: 1300 continuous, 25 integer (25 binary)
Coefficient statistics:
  Matrix range     [1e+00, 2e+04]
  Objective range  [8e-03, 8e+03]
  Bounds range     [0e+00, 0e+00]
  RHS range        [7e+02, 3e+03]
Found heuristic solution: objective 1604750.0000
Presolve removed 28 rows and 729 columns
Presolve time: 0.00s
Presolved: 47 rows, 596 columns, 1146 nonzeros
Variable types: 572 continuous, 24 integer (24 binary)

Root relaxation: objective 1.162096e+04, 73 iterations, 0.00 seconds (0.00 work units)

    Nodes    |    Current Node    |     Objective Bounds      |     Work
 Expl Unexpl |  Obj  Depth IntInf | Incumbent    BestBd   Gap | It/Node Time

     0     0 11620.9594    0    8 1604750.00 11620.9594  99.3%     -    0s
H    0     0                    63073.459410 11620.9594  81.6%     -    0s
H    0     0                    56367.750030 11620.9594  79.4%     -    0s
H    0     0                    48974.087412 11620.9594  76.3%     -    0s
     0     0 12434.0435    0    8 48974.0874 12434.0435  74.6%     -    0s
H    0     0                    41201.017440 12512.0001  69.6%     -    0s
H    0     0                    19880.867422 12512.0001  37.1%     -    0s
H    0     0                    19102.090012 12512.0001  34.5%     -    0s
     0     0 12783.1160    0    5 19102.0900 12783.1160  33.1%     -    0s
H    0     0                    19044.321999 12786.7206  32.9%     -    0s
     0     0 12794.6939    0    2 19044.3220 12794.6939  32.8%     -    0s
     0     0 12808.6801    0    2 19044.3220 12808.6801  32.7%     -    0s
     0     0 12893.1851    0    1 19044.3220 12893.1851  32.3%     -    0s
     0     0 12933.9707    0    3 19044.3220 12933.9707  32.1%     -    0s
     0     0 12934.3702    0    3 19044.3220 12934.3702  32.1%     -    0s
H    0     0                    19019.938513 12934.3702  32.0%     -    0s
     0     2 12934.3702    0    3 19019.9385 12934.3702  32.0%     -    0s

Cutting planes:
  Implied bound: 63
  MIR: 2
  Flow cover: 1

Explored 568 nodes (9643 simplex iterations) in 0.06 seconds (0.08 work units)
Thread count was 8 (of 8 available processors)

Solution count 9: 19019.9 19044.3 19102.1 ... 1.60475e+06

Optimal solution found (tolerance 1.00e-04)
Best objective 1.901993851313e+04, best bound 1.901993851313e+04, gap 0.0000%

User-callback calls 1402, time in user-callback 0.00 sec

Gurobi 12.0.3 (mac64[arm]) logging started Sat Sep 27 11:09:42 2025

Set parameter LogFile to value "Logs/Facility Location Logs/bernoulli_true/L100/phase1/scenario_generation.log"
Set parameter LogToConsole to value 0

Gurobi 12.0.3 (mac64[arm]) logging started Sat Sep 27 11:09:42 2025

Set parameter LogFile to value "Logs/Facility Location Logs/bernoulli_true/L100/phase1/scenario_generation.log"
Gurobi Optimizer version 12.0.3 build v12.0.3rc0 (mac64[arm] - Darwin 24.6.0 24G222)

CPU model: Apple M3
Thread count: 8 physical cores, 8 logical processors, using up to 8 threads

Non-default parameters:
LogToConsole  0

Optimize a model with 75 rows, 1325 columns and 2575 nonzeros
Model fingerprint: 0x365cd6db
Variable types: 1300 continuous, 25 integer (25 binary)
Coefficient statistics:
  Matrix range     [1e+00, 2e+04]
  Objective range  [8e-03, 8e+03]
  Bounds range     [0e+00, 0e+00]
  RHS range        [9e+02, 2e+04]
Found heuristic solution: objective 3274050.0000
Presolve removed 26 rows and 677 columns
Presolve time: 0.00s
Presolved: 49 rows, 648 columns, 1248 nonzeros
Variable types: 624 continuous, 24 integer (24 binary)

Root relaxation: objective 8.183233e+04, 76 iterations, 0.00 seconds (0.00 work units)

    Nodes    |    Current Node    |     Objective Bounds      |     Work
 Expl Unexpl |  Obj  Depth IntInf | Incumbent    BestBd   Gap | It/Node Time

     0     0 81832.3280    0   11 3274050.00 81832.3280  97.5%     -    0s
H    0     0                    146591.82804 81832.3280  44.2%     -    0s
H    0     0                    132751.84175 81832.3280  38.4%     -    0s
H    0     0                    125041.84493 81832.3280  34.6%     -    0s
H    0     0                    109974.77816 81832.3280  25.6%     -    0s
     0     0 86478.8362    0    2 109974.778 86478.8362  21.4%     -    0s
H    0     0                    98738.336181 86494.9806  12.4%     -    0s
H    0     0                    96343.758437 86494.9806  10.2%     -    0s
H    0     0                    91292.100913 86535.1771  5.21%     -    0s
     0     0 86535.1771    0    1 91292.1009 86535.1771  5.21%     -    0s
     0     0 86560.5529    0    1 91292.1009 86560.5529  5.18%     -    0s
H    0     0                    90954.674428 86560.5529  4.83%     -    0s
     0     0 86606.5661    0    1 90954.6744 86606.5661  4.78%     -    0s
     0     0 86672.9731    0    2 90954.6744 86672.9731  4.71%     -    0s
H    0     0                    90927.492617 86672.9731  4.68%     -    0s
     0     0 86980.7498    0    3 90927.4926 86980.7498  4.34%     -    0s
     0     0 87046.2642    0    3 90927.4926 87046.2642  4.27%     -    0s
H    0     0                    89831.559964 87046.2642  3.10%     -    0s
H    0     0                    89617.875770 87046.2642  2.87%     -    0s
     0     2 87275.7743    0    3 89617.8758 87275.7743  2.61%     -    0s

Cutting planes:
  Implied bound: 15
  MIR: 4
  Flow cover: 1
  Relax-and-lift: 1

Explored 44 nodes (967 simplex iterations) in 0.02 seconds (0.03 work units)
Thread count was 8 (of 8 available processors)

Solution count 9: 89617.9 90927.5 96343.8 ... 3.27405e+06

Optimal solution found (tolerance 1.00e-04)
Best objective 8.961787576988e+04, best bound 8.961787576988e+04, gap 0.0000%

User-callback calls 341, time in user-callback 0.00 sec

Gurobi 12.0.3 (mac64[arm]) logging started Sat Sep 27 11:09:42 2025

Set parameter LogFile to value "Logs/Facility Location Logs/bernoulli_true/L100/phase1/scenario_generation.log"
Set parameter LogToConsole to value 0

Gurobi 12.0.3 (mac64[arm]) logging started Sat Sep 27 11:09:42 2025

Set parameter LogFile to value "Logs/Facility Location Logs/bernoulli_true/L100/phase1/scenario_generation.log"
Gurobi Optimizer version 12.0.3 build v12.0.3rc0 (mac64[arm] - Darwin 24.6.0 24G222)

CPU model: Apple M3
Thread count: 8 physical cores, 8 logical processors, using up to 8 threads

Non-default parameters:
LogToConsole  0

Optimize a model with 75 rows, 1325 columns and 2575 nonzeros
Model fingerprint: 0x54733412
Variable types: 1300 continuous, 25 integer (25 binary)
Coefficient statistics:
  Matrix range     [1e+00, 2e+04]
  Objective range  [8e-03, 8e+03]
  Bounds range     [0e+00, 0e+00]
  RHS range        [1e+03, 3e+03]
Found heuristic solution: objective 2106250.0000
Presolve removed 24 rows and 625 columns
Presolve time: 0.00s
Presolved: 51 rows, 700 columns, 1350 nonzeros
Variable types: 676 continuous, 24 integer (24 binary)

Root relaxation: objective 2.023904e+04, 89 iterations, 0.00 seconds (0.00 work units)

    Nodes    |    Current Node    |     Objective Bounds      |     Work
 Expl Unexpl |  Obj  Depth IntInf | Incumbent    BestBd   Gap | It/Node Time

     0     0 20239.0375    0   11 2106250.00 20239.0375  99.0%     -    0s
H    0     0                    89176.537453 20239.0375  77.3%     -    0s
H    0     0                    69480.312238 20239.0375  70.9%     -    0s
H    0     0                    61383.645534 20239.0375  67.0%     -    0s
H    0     0                    46383.645534 20239.0375  56.4%     -    0s
H    0     0                    26781.299414 20239.0375  24.4%     -    0s
     0     0 22224.3567    0   12 26781.2994 22224.3567  17.0%     -    0s
H    0     0                    25949.056241 22360.0066  13.8%     -    0s
H    0     0                    25832.431985 22755.4198  11.9%     -    0s
     0     0 22755.4198    0    8 25832.4320 22755.4198  11.9%     -    0s
H    0     0                    25352.132510 22790.7511  10.1%     -    0s
     0     0 23356.3292    0    5 25352.1325 23356.3292  7.87%     -    0s
     0     0 23591.3979    0   11 25352.1325 23591.3979  6.95%     -    0s
H    0     0                    24356.423903 23596.2054  3.12%     -    0s
     0     0 23600.7779    0    8 24356.4239 23600.7779  3.10%     -    0s
     0     0 23904.2401    0    1 24356.4239 23904.2401  1.86%     -    0s
     0     0 23925.3641    0    1 24356.4239 23925.3641  1.77%     -    0s
     0     0 23925.3641    0   10 24356.4239 23925.3641  1.77%     -    0s
     0     0 23925.3641    0    9 24356.4239 23925.3641  1.77%     -    0s
     0     0 23925.3641    0    7 24356.4239 23925.3641  1.77%     -    0s
     0     0 23925.3641    0    9 24356.4239 23925.3641  1.77%     -    0s
     0     0 23925.3641    0    8 24356.4239 23925.3641  1.77%     -    0s
     0     0 23925.3641    0    8 24356.4239 23925.3641  1.77%     -    0s
     0     0 23925.3641    0    2 24356.4239 23925.3641  1.77%     -    0s
     0     0 23925.3641    0    4 24356.4239 23925.3641  1.77%     -    0s
     0     0 23925.3641    0    5 24356.4239 23925.3641  1.77%     -    0s
     0     0 23925.3641    0    1 24356.4239 23925.3641  1.77%     -    0s
     0     0 23928.7470    0    3 24356.4239 23928.7470  1.76%     -    0s
     0     0 23938.7485    0    2 24356.4239 23938.7485  1.71%     -    0s
     0     0 23953.3455    0    5 24356.4239 23953.3455  1.65%     -    0s
     0     0 23953.4492    0    5 24356.4239 23953.4492  1.65%     -    0s
     0     0 23953.4492    0    8 24356.4239 23953.4492  1.65%     -    0s
     0     0 23953.4492    0    8 24356.4239 23953.4492  1.65%     -    0s
     0     0 23953.4492    0    9 24356.4239 23953.4492  1.65%     -    0s
     0     0 23953.4492    0    7 24356.4239 23953.4492  1.65%     -    0s
     0     0 23953.4492    0    5 24356.4239 23953.4492  1.65%     -    0s
     0     0 23953.4492    0    4 24356.4239 23953.4492  1.65%     -    0s
     0     0 23953.4492    0    2 24356.4239 23953.4492  1.65%     -    0s
     0     0 23953.4492    0    4 24356.4239 23953.4492  1.65%     -    0s
     0     0 23953.4492    0    1 24356.4239 23953.4492  1.65%     -    0s
     0     0 23953.4492    0    1 24356.4239 23953.4492  1.65%     -    0s
     0     0 23953.4492    0    5 24356.4239 23953.4492  1.65%     -    0s
     0     0 23953.4492    0    5 24356.4239 23953.4492  1.65%     -    0s
     0     0 23957.9416    0    2 24356.4239 23957.9416  1.64%     -    0s
     0     0 23958.3888    0    5 24356.4239 23958.3888  1.63%     -    0s
     0     0 23961.2000    0    5 24356.4239 23961.2000  1.62%     -    0s
     0     2 23961.2000    0    5 24356.4239 23961.2000  1.62%     -    0s

Cutting planes:
  Implied bound: 55
  MIR: 4
  Flow cover: 2
  Relax-and-lift: 1

Explored 36 nodes (1155 simplex iterations) in 0.04 seconds (0.05 work units)
Thread count was 8 (of 8 available processors)

Solution count 10: 24356.4 25352.1 25832.4 ... 2.10625e+06

Optimal solution found (tolerance 1.00e-04)
Best objective 2.435642390306e+04, best bound 2.435642390306e+04, gap 0.0000%

User-callback calls 450, time in user-callback 0.00 sec

Gurobi 12.0.3 (mac64[arm]) logging started Sat Sep 27 11:09:42 2025

Set parameter LogFile to value "Logs/Facility Location Logs/bernoulli_true/L100/phase1/scenario_generation.log"
Set parameter LogToConsole to value 0

Gurobi 12.0.3 (mac64[arm]) logging started Sat Sep 27 11:09:42 2025

Set parameter LogFile to value "Logs/Facility Location Logs/bernoulli_true/L100/phase1/scenario_generation.log"
Gurobi Optimizer version 12.0.3 build v12.0.3rc0 (mac64[arm] - Darwin 24.6.0 24G222)

CPU model: Apple M3
Thread count: 8 physical cores, 8 logical processors, using up to 8 threads

Non-default parameters:
LogToConsole  0

Optimize a model with 75 rows, 1325 columns and 2575 nonzeros
Model fingerprint: 0x127ed73d
Variable types: 1300 continuous, 25 integer (25 binary)
Coefficient statistics:
  Matrix range     [1e+00, 2e+04]
  Objective range  [8e-03, 8e+03]
  Bounds range     [0e+00, 0e+00]
  RHS range        [1e+03, 1e+04]
Found heuristic solution: objective 2642350.0000
Presolve removed 29 rows and 755 columns
Presolve time: 0.00s
Presolved: 46 rows, 570 columns, 1095 nonzeros
Variable types: 546 continuous, 24 integer (24 binary)

Root relaxation: objective 5.967135e+04, 69 iterations, 0.00 seconds (0.00 work units)

    Nodes    |    Current Node    |     Objective Bounds      |     Work
 Expl Unexpl |  Obj  Depth IntInf | Incumbent    BestBd   Gap | It/Node Time

     0     0 59671.3515    0    9 2642350.00 59671.3515  97.7%     -    0s
H    0     0                    108247.85147 59671.3515  44.9%     -    0s
H    0     0                    98456.330897 59671.3515  39.4%     -    0s
H    0     0                    86229.985231 59671.3515  30.8%     -    0s
     0     0 62432.2363    0    1 86229.9852 62432.2363  27.6%     -    0s
H    0     0                    66008.736265 62495.0334  5.32%     -    0s
H    0     0                    65141.518874 62495.0334  4.06%     -    0s
H    0     0                    64551.448013 62495.0334  3.19%     -    0s
H    0     0                    64495.954598 62495.0334  3.10%     -    0s
     0     0 62529.2434    0    1 64495.9546 62529.2434  3.05%     -    0s
     0     0 62655.6277    0    1 64495.9546 62655.6277  2.85%     -    0s
     0     0 62811.8565    0    1 64495.9546 62811.8565  2.61%     -    0s
     0     0 62906.9460    0    1 64495.9546 62906.9460  2.46%     -    0s
     0     0 62956.3252    0    1 64495.9546 62956.3252  2.39%     -    0s
     0     0 63028.9635    0    1 64495.9546 63028.9635  2.27%     -    0s
     0     0 63028.9635    0    7 64495.9546 63028.9635  2.27%     -    0s
     0     0 63028.9635    0    1 64495.9546 63028.9635  2.27%     -    0s
     0     0 63028.9635    0    1 64495.9546 63028.9635  2.27%     -    0s
     0     0 63028.9635    0    1 64495.9546 63028.9635  2.27%     -    0s
     0     0 63028.9635    0    1 64495.9546 63028.9635  2.27%     -    0s
     0     0 63028.9635    0    1 64495.9546 63028.9635  2.27%     -    0s
     0     0 63060.4131    0    2 64495.9546 63060.4131  2.23%     -    0s
     0     0 63396.2216    0    1 64495.9546 63396.2216  1.71%     -    0s
     0     0 63534.8506    0    1 64495.9546 63534.8506  1.49%     -    0s
     0     2 63534.8506    0    1 64495.9546 63534.8506  1.49%     -    0s

Cutting planes:
  Implied bound: 11
  MIR: 3
  Flow cover: 1

Explored 37 nodes (807 simplex iterations) in 0.03 seconds (0.03 work units)
Thread count was 8 (of 8 available processors)

Solution count 7: 64496 79173.8 86230 ... 2.64235e+06

Optimal solution found (tolerance 1.00e-04)
Best objective 6.449595459787e+04, best bound 6.449595459787e+04, gap 0.0000%

User-callback calls 361, time in user-callback 0.00 sec

Gurobi 12.0.3 (mac64[arm]) logging started Sat Sep 27 11:09:42 2025

Set parameter LogFile to value "Logs/Facility Location Logs/bernoulli_true/L100/phase1/scenario_generation.log"
Set parameter LogToConsole to value 0

Gurobi 12.0.3 (mac64[arm]) logging started Sat Sep 27 11:09:42 2025

Set parameter LogFile to value "Logs/Facility Location Logs/bernoulli_true/L100/phase1/scenario_generation.log"
Gurobi Optimizer version 12.0.3 build v12.0.3rc0 (mac64[arm] - Darwin 24.6.0 24G222)

CPU model: Apple M3
Thread count: 8 physical cores, 8 logical processors, using up to 8 threads

Non-default parameters:
LogToConsole  0

Optimize a model with 75 rows, 1325 columns and 2575 nonzeros
Model fingerprint: 0xd53ccba9
Variable types: 1300 continuous, 25 integer (25 binary)
Coefficient statistics:
  Matrix range     [1e+00, 2e+04]
  Objective range  [8e-03, 8e+03]
  Bounds range     [0e+00, 0e+00]
  RHS range        [9e+02, 6e+03]
Found heuristic solution: objective 1904750.0000
Presolve removed 27 rows and 703 columns
Presolve time: 0.00s
Presolved: 48 rows, 622 columns, 1197 nonzeros
Variable types: 598 continuous, 24 integer (24 binary)

Root relaxation: objective 1.794734e+04, 121 iterations, 0.00 seconds (0.00 work units)

    Nodes    |    Current Node    |     Objective Bounds      |     Work
 Expl Unexpl |  Obj  Depth IntInf | Incumbent    BestBd   Gap | It/Node Time

     0     0 17947.3369    0   10 1904750.00 17947.3369  99.1%     -    0s
H    0     0                    81399.836879 17947.3369  78.0%     -    0s
H    0     0                    57284.507968 17947.3369  68.7%     -    0s
H    0     0                    46706.282970 17947.3369  61.6%     -    0s
H    0     0                    44573.223273 17947.3369  59.7%     -    0s
H    0     0                    25927.610355 17947.3369  30.8%     -    0s
     0     0 19811.7949    0    5 25927.6104 19811.7949  23.6%     -    0s
H    0     0                    24988.813907 19923.6193  20.3%     -    0s
     0     0 20543.3070    0    5 24988.8139 20543.3070  17.8%     -    0s
H    0     0                    24573.938160 20543.3070  16.4%     -    0s
H    0     0                    23307.553238 20543.3070  11.9%     -    0s
     0     0 20543.3070    0    5 23307.5532 20543.3070  11.9%     -    0s
     0     0 20640.7552    0    3 23307.5532 20640.7552  11.4%     -    0s
     0     0 21016.8249    0    5 23307.5532 21016.8249  9.83%     -    0s
     0     0 21800.9404    0    2 23307.5532 21800.9404  6.46%     -    0s
     0     0 21807.3245    0    3 23307.5532 21807.3245  6.44%     -    0s
     0     0 21807.3245    0    3 23307.5532 21807.3245  6.44%     -    0s
     0     2 21807.3365    0    3 23307.5532 21807.3365  6.44%     -    0s

Cutting planes:
  Implied bound: 94
  MIR: 2

Explored 139 nodes (2533 simplex iterations) in 0.03 seconds (0.05 work units)
Thread count was 8 (of 8 available processors)

Solution count 9: 23307.6 24573.9 24988.8 ... 1.90475e+06

Optimal solution found (tolerance 1.00e-04)
Best objective 2.330755323788e+04, best bound 2.330755323788e+04, gap 0.0000%

User-callback calls 535, time in user-callback 0.00 sec

Gurobi 12.0.3 (mac64[arm]) logging started Sat Sep 27 11:09:42 2025

Set parameter LogFile to value "Logs/Facility Location Logs/bernoulli_true/L100/phase1/scenario_generation.log"
Set parameter LogToConsole to value 0

Gurobi 12.0.3 (mac64[arm]) logging started Sat Sep 27 11:09:42 2025

Set parameter LogFile to value "Logs/Facility Location Logs/bernoulli_true/L100/phase1/scenario_generation.log"
Gurobi Optimizer version 12.0.3 build v12.0.3rc0 (mac64[arm] - Darwin 24.6.0 24G222)

CPU model: Apple M3
Thread count: 8 physical cores, 8 logical processors, using up to 8 threads

Non-default parameters:
LogToConsole  0

Optimize a model with 75 rows, 1325 columns and 2575 nonzeros
Model fingerprint: 0x8a83a02e
Variable types: 1300 continuous, 25 integer (25 binary)
Coefficient statistics:
  Matrix range     [1e+00, 2e+04]
  Objective range  [8e-03, 8e+03]
  Bounds range     [0e+00, 0e+00]
  RHS range        [1e+03, 4e+03]
Found heuristic solution: objective 2115800.0000
Presolve removed 27 rows and 703 columns
Presolve time: 0.00s
Presolved: 48 rows, 622 columns, 1197 nonzeros
Variable types: 598 continuous, 24 integer (24 binary)

Root relaxation: objective 1.892428e+04, 92 iterations, 0.00 seconds (0.00 work units)

    Nodes    |    Current Node    |     Objective Bounds      |     Work
 Expl Unexpl |  Obj  Depth IntInf | Incumbent    BestBd   Gap | It/Node Time

     0     0 18924.2846    0    9 2115800.00 18924.2846  99.1%     -    0s
H    0     0                    72766.284584 18924.2846  74.0%     -    0s
H    0     0                    65374.708357 18924.2846  71.1%     -    0s
H    0     0                    65359.364069 18924.2846  71.0%     -    0s
     0     0 20782.4939    0    9 65359.3641 20782.4939  68.2%     -    0s
H    0     0                    59571.913530 20919.5492  64.9%     -    0s
H    0     0                    52071.913530 20919.5492  59.8%     -    0s
H    0     0                    51280.373930 20919.5492  59.2%     -    0s
H    0     0                    29179.973818 20919.5492  28.3%     -    0s
     0     0 20919.5492    0    8 29179.9738 20919.5492  28.3%     -    0s
H    0     0                    23684.737661 20919.5492  11.7%     -    0s
H    0     0                    23012.297533 20919.5492  9.09%     -    0s
H    0     0                    22938.212370 21169.5956  7.71%     -    0s
     0     0 21169.5956    0    7 22938.2124 21169.5956  7.71%     -    0s
     0     0 21282.6533    0    7 22938.2124 21282.6533  7.22%     -    0s
     0     0 21368.3943    0    6 22938.2124 21368.3943  6.84%     -    0s
     0     0 21496.5820    0    6 22938.2124 21496.5820  6.28%     -    0s
H    0     0                    22921.745657 21496.5820  6.22%     -    0s
     0     0 21496.5820    0    5 22921.7457 21496.5820  6.22%     -    0s
     0     0 21496.5820    0    5 22921.7457 21496.5820  6.22%     -    0s
H    0     0                    22905.686508 21496.5820  6.15%     -    0s
     0     0 21721.9199    0    1 22905.6865 21721.9199  5.17%     -    0s
     0     0 21725.4526    0    4 22905.6865 21725.4526  5.15%     -    0s
     0     0 21725.7215    0    4 22905.6865 21725.7215  5.15%     -    0s
     0     2 21725.8085    0    4 22905.6865 21725.8085  5.15%     -    0s

Cutting planes:
  Implied bound: 65
  MIR: 1
  Flow cover: 1
  Relax-and-lift: 3

Explored 254 nodes (4379 simplex iterations) in 0.04 seconds (0.05 work units)
Thread count was 8 (of 8 available processors)

Solution count 10: 22905.7 22921.7 22938.2 ... 65374.7

Optimal solution found (tolerance 1.00e-04)
Best objective 2.290568650819e+04, best bound 2.290568650819e+04, gap 0.0000%

User-callback calls 792, time in user-callback 0.00 sec

Gurobi 12.0.3 (mac64[arm]) logging started Sat Sep 27 11:09:42 2025

Set parameter LogFile to value "Logs/Facility Location Logs/bernoulli_true/L100/phase1/scenario_generation.log"
Set parameter LogToConsole to value 0

Gurobi 12.0.3 (mac64[arm]) logging started Sat Sep 27 11:09:42 2025

Set parameter LogFile to value "Logs/Facility Location Logs/bernoulli_true/L100/phase1/scenario_generation.log"
Gurobi Optimizer version 12.0.3 build v12.0.3rc0 (mac64[arm] - Darwin 24.6.0 24G222)

CPU model: Apple M3
Thread count: 8 physical cores, 8 logical processors, using up to 8 threads

Non-default parameters:
LogToConsole  0

Optimize a model with 75 rows, 1325 columns and 2575 nonzeros
Model fingerprint: 0xa431c939
Variable types: 1300 continuous, 25 integer (25 binary)
Coefficient statistics:
  Matrix range     [1e+00, 2e+04]
  Objective range  [8e-03, 8e+03]
  Bounds range     [0e+00, 0e+00]
  RHS range        [1e+03, 9e+03]
Found heuristic solution: objective 3155750.0000
Presolve removed 25 rows and 651 columns
Presolve time: 0.00s
Presolved: 50 rows, 674 columns, 1299 nonzeros
Variable types: 650 continuous, 24 integer (24 binary)

Root relaxation: objective 3.429655e+04, 108 iterations, 0.00 seconds (0.00 work units)

    Nodes    |    Current Node    |     Objective Bounds      |     Work
 Expl Unexpl |  Obj  Depth IntInf | Incumbent    BestBd   Gap | It/Node Time

     0     0 34296.5529    0   13 3155750.00 34296.5529  98.9%     -    0s
H    0     0                    107739.05294 34296.5529  68.2%     -    0s
H    0     0                    75281.073839 34296.5529  54.4%     -    0s
H    0     0                    52677.440504 34296.5529  34.9%     -    0s
H    0     0                    45177.440504 34296.5529  24.1%     -    0s
     0     0 36810.4903    0    8 45177.4405 36810.4903  18.5%     -    0s
     0     0 37196.7565    0    6 45177.4405 37196.7565  17.7%     -    0s
H    0     0                    43673.026807 37207.1234  14.8%     -    0s
     0     0 37207.1234    0    6 43673.0268 37207.1234  14.8%     -    0s
     0     0 37219.3102    0    6 43673.0268 37219.3102  14.8%     -    0s
H    0     0                    43258.279743 37219.3102  14.0%     -    0s
     0     0 37260.3205    0    5 43258.2797 37260.3205  13.9%     -    0s
H    0     0                    42777.815105 37261.4841  12.9%     -    0s
H    0     0                    42666.196643 37261.4841  12.7%     -    0s
     0     0 37268.0060    0    3 42666.1966 37268.0060  12.7%     -    0s
     0     0 37268.1522    0    3 42666.1966 37268.1522  12.7%     -    0s
     0     0 37297.8305    0    1 42666.1966 37297.8305  12.6%     -    0s
     0     0 37297.9275    0    3 42666.1966 37297.9275  12.6%     -    0s
     0     0 37301.7914    0    3 42666.1966 37301.7914  12.6%     -    0s
     0     0 37301.7914    0    3 42666.1966 37301.7914  12.6%     -    0s
H    0     0                    42663.860758 37301.7914  12.6%     -    0s
H    0     0                    42663.440150 37301.8042  12.6%     -    0s
     0     2 37301.8042    0    3 42663.4402 37301.8042  12.6%     -    0s

Cutting planes:
  Implied bound: 75
  MIR: 6
  Flow cover: 4
  Inf proof: 19
  Relax-and-lift: 4

Explored 6553 nodes (103430 simplex iterations) in 0.28 seconds (0.51 work units)
Thread count was 8 (of 8 available processors)

Solution count 8: 42663.4 42666.2 43673 ... 3.15575e+06

Optimal solution found (tolerance 1.00e-04)
Best objective 4.266344015025e+04, best bound 4.266344015025e+04, gap 0.0000%

User-callback calls 13467, time in user-callback 0.00 sec

Gurobi 12.0.3 (mac64[arm]) logging started Sat Sep 27 11:09:43 2025

Set parameter LogFile to value "Logs/Facility Location Logs/bernoulli_true/L100/phase1/scenario_generation.log"
Set parameter LogToConsole to value 0

Gurobi 12.0.3 (mac64[arm]) logging started Sat Sep 27 11:09:43 2025

Set parameter LogFile to value "Logs/Facility Location Logs/bernoulli_true/L100/phase1/scenario_generation.log"
Gurobi Optimizer version 12.0.3 build v12.0.3rc0 (mac64[arm] - Darwin 24.6.0 24G222)

CPU model: Apple M3
Thread count: 8 physical cores, 8 logical processors, using up to 8 threads

Non-default parameters:
LogToConsole  0

Optimize a model with 75 rows, 1325 columns and 2575 nonzeros
Model fingerprint: 0xed36f30d
Variable types: 1300 continuous, 25 integer (25 binary)
Coefficient statistics:
  Matrix range     [1e+00, 2e+04]
  Objective range  [8e-03, 8e+03]
  Bounds range     [0e+00, 0e+00]
  RHS range        [8e+02, 2e+04]
Found heuristic solution: objective 2914250.0000
Presolve removed 20 rows and 521 columns
Presolve time: 0.00s
Presolved: 55 rows, 804 columns, 1554 nonzeros
Variable types: 780 continuous, 24 integer (24 binary)

Root relaxation: objective 6.187044e+04, 142 iterations, 0.00 seconds (0.00 work units)

    Nodes    |    Current Node    |     Objective Bounds      |     Work
 Expl Unexpl |  Obj  Depth IntInf | Incumbent    BestBd   Gap | It/Node Time

     0     0 61870.4378    0   13 2914250.00 61870.4378  97.9%     -    0s
H    0     0                    145227.93778 61870.4378  57.4%     -    0s
H    0     0                    114887.86584 61870.4378  46.1%     -    0s
H    0     0                    101697.06719 61870.4378  39.2%     -    0s
H    0     0                    100997.20439 61870.4378  38.7%     -    0s
H    0     0                    94160.104037 63911.1311  32.1%     -    0s
     0     0 63911.1311    0    4 94160.1040 63911.1311  32.1%     -    0s
H    0     0                    87268.631131 63970.1020  26.7%     -    0s
H    0     0                    64931.833763 63970.1020  1.48%     -    0s
     0     0 64090.0478    0    4 64931.8338 64090.0478  1.30%     -    0s
     0     0 64127.8478    0    3 64931.8338 64127.8478  1.24%     -    0s
     0     0 64241.5178    0    5 64931.8338 64241.5178  1.06%     -    0s
     0     0 64421.5075    0    1 64931.8338 64421.5075  0.79%     -    0s
     0     0 64421.5075    0    1 64931.8338 64421.5075  0.79%     -    0s
     0     0 64623.9065    0    1 64931.8338 64623.9065  0.47%     -    0s
     0     0 64931.8338    0    1 64931.8338 64931.8338  0.00%     -    0s

Cutting planes:
  Implied bound: 29
  MIR: 4
  Flow cover: 1
  Relax-and-lift: 2

Explored 1 nodes (238 simplex iterations) in 0.01 seconds (0.02 work units)
Thread count was 8 (of 8 available processors)

Solution count 8: 64931.8 87268.6 94160.1 ... 2.91425e+06

Optimal solution found (tolerance 1.00e-04)
Best objective 6.493183376325e+04, best bound 6.493183376325e+04, gap 0.0000%

User-callback calls 242, time in user-callback 0.00 sec

Gurobi 12.0.3 (mac64[arm]) logging started Sat Sep 27 11:09:43 2025

Set parameter LogFile to value "Logs/Facility Location Logs/bernoulli_true/L100/phase1/scenario_generation.log"
Set parameter LogToConsole to value 0

Gurobi 12.0.3 (mac64[arm]) logging started Sat Sep 27 11:09:43 2025

Set parameter LogFile to value "Logs/Facility Location Logs/bernoulli_true/L100/phase1/scenario_generation.log"
Gurobi Optimizer version 12.0.3 build v12.0.3rc0 (mac64[arm] - Darwin 24.6.0 24G222)

CPU model: Apple M3
Thread count: 8 physical cores, 8 logical processors, using up to 8 threads

Non-default parameters:
LogToConsole  0

Optimize a model with 75 rows, 1325 columns and 2575 nonzeros
Model fingerprint: 0xbcb3fd4d
Variable types: 1300 continuous, 25 integer (25 binary)
Coefficient statistics:
  Matrix range     [1e+00, 2e+04]
  Objective range  [8e-03, 8e+03]
  Bounds range     [0e+00, 0e+00]
  RHS range        [1e+03, 1e+04]
Found heuristic solution: objective 2893150.0000
Presolve removed 26 rows and 677 columns
Presolve time: 0.00s
Presolved: 49 rows, 648 columns, 1248 nonzeros
Variable types: 624 continuous, 24 integer (24 binary)

Root relaxation: objective 3.506983e+04, 92 iterations, 0.00 seconds (0.00 work units)

    Nodes    |    Current Node    |     Objective Bounds      |     Work
 Expl Unexpl |  Obj  Depth IntInf | Incumbent    BestBd   Gap | It/Node Time

     0     0 35069.8259    0   12 2893150.00 35069.8259  98.8%     -    0s
H    0     0                    103638.32594 35069.8259  66.2%     -    0s
H    0     0                    74080.159857 35069.8259  52.7%     -    0s
H    0     0                    52256.424575 35069.8259  32.9%     -    0s
H    0     0                    42974.095756 35069.8259  18.4%     -    0s
H    0     0                    38903.661963 37833.6600  2.75%     -    0s
     0     0 37833.6600    0    6 38903.6620 37833.6600  2.75%     -    0s
     0     0 38667.0227    0    5 38903.6620 38667.0227  0.61%     -    0s
     0     0 38667.0227    0    7 38903.6620 38667.0227  0.61%     -    0s
     0     0 38667.0227    0    7 38903.6620 38667.0227  0.61%     -    0s
     0     0 38667.0227    0    6 38903.6620 38667.0227  0.61%     -    0s
     0     0 38868.6210    0    4 38903.6620 38868.6210  0.09%     -    0s
     0     0          -    0      38903.6620 38902.2562  0.00%     -    0s

Cutting planes:
  Cover: 1
  Implied bound: 9
  Flow cover: 1
  Relax-and-lift: 1

Explored 1 nodes (286 simplex iterations) in 0.01 seconds (0.01 work units)
Thread count was 8 (of 8 available processors)

Solution count 6: 38903.7 42974.1 52256.4 ... 2.89315e+06

Optimal solution found (tolerance 1.00e-04)
Best objective 3.890366196300e+04, best bound 3.890225616300e+04, gap 0.0036%

User-callback calls 229, time in user-callback 0.00 sec

Gurobi 12.0.3 (mac64[arm]) logging started Sat Sep 27 11:09:43 2025

Set parameter LogFile to value "Logs/Facility Location Logs/bernoulli_true/L100/phase1/scenario_generation.log"
Set parameter LogToConsole to value 0

Gurobi 12.0.3 (mac64[arm]) logging started Sat Sep 27 11:09:43 2025

Set parameter LogFile to value "Logs/Facility Location Logs/bernoulli_true/L100/phase1/scenario_generation.log"
Gurobi Optimizer version 12.0.3 build v12.0.3rc0 (mac64[arm] - Darwin 24.6.0 24G222)

CPU model: Apple M3
Thread count: 8 physical cores, 8 logical processors, using up to 8 threads

Non-default parameters:
LogToConsole  0

Optimize a model with 75 rows, 1325 columns and 2575 nonzeros
Model fingerprint: 0x96b0fa8b
Variable types: 1300 continuous, 25 integer (25 binary)
Coefficient statistics:
  Matrix range     [1e+00, 2e+04]
  Objective range  [8e-03, 8e+03]
  Bounds range     [0e+00, 0e+00]
  RHS range        [8e+02, 2e+04]
Found heuristic solution: objective 3097200.0000
Presolve removed 24 rows and 625 columns
Presolve time: 0.00s
Presolved: 51 rows, 700 columns, 1350 nonzeros
Variable types: 676 continuous, 24 integer (24 binary)

Root relaxation: objective 6.906407e+04, 101 iterations, 0.00 seconds (0.00 work units)

    Nodes    |    Current Node    |     Objective Bounds      |     Work
 Expl Unexpl |  Obj  Depth IntInf | Incumbent    BestBd   Gap | It/Node Time

     0     0 69064.0746    0   11 3097200.00 69064.0746  97.8%     -    0s
H    0     0                    135592.07461 69064.0746  49.1%     -    0s
H    0     0                    95493.052443 69064.0746  27.7%     -    0s
H    0     0                    94073.774636 69064.0746  26.6%     -    0s
     0     0 73739.0802    0    8 94073.7746 73739.0802  21.6%     -    0s
H    0     0                    87082.822162 74056.7467  15.0%     -    0s
     0     0 74192.7964    0    6 87082.8222 74192.7964  14.8%     -    0s
H    0     0                    78825.002475 74356.2869  5.67%     -    0s
     0     0 74700.9370    0    7 78825.0025 74700.9370  5.23%     -    0s
     0     0 74700.9370    0    7 78825.0025 74700.9370  5.23%     -    0s
     0     0 74700.9370    0    7 78825.0025 74700.9370  5.23%     -    0s
     0     0 74700.9370    0    7 78825.0025 74700.9370  5.23%     -    0s
     0     0 74700.9370    0    6 78825.0025 74700.9370  5.23%     -    0s
     0     0 74700.9370    0    3 78825.0025 74700.9370  5.23%     -    0s
     0     0 74858.5227    0    2 78825.0025 74858.5227  5.03%     -    0s
     0     0 74904.3974    0    6 78825.0025 74904.3974  4.97%     -    0s
     0     0 74963.4197    0    4 78825.0025 74963.4197  4.90%     -    0s
     0     0 74978.9970    0    4 78825.0025 74978.9970  4.88%     -    0s
H    0     0                    78301.871913 74978.9970  4.24%     -    0s
     0     2 74978.9970    0    4 78301.8719 74978.9970  4.24%     -    0s

Cutting planes:
  Implied bound: 44
  MIR: 7
  Flow cover: 4
  Inf proof: 1
  Relax-and-lift: 1

Explored 291 nodes (4340 simplex iterations) in 0.05 seconds (0.06 work units)
Thread count was 8 (of 8 available processors)

Solution count 5: 78301.9 87082.8 94073.8 ... 3.0972e+06

Optimal solution found (tolerance 1.00e-04)
Best objective 7.830187191263e+04, best bound 7.830187191263e+04, gap 0.0000%

User-callback calls 859, time in user-callback 0.00 sec

Gurobi 12.0.3 (mac64[arm]) logging started Sat Sep 27 11:09:43 2025

Set parameter LogFile to value "Logs/Facility Location Logs/bernoulli_true/L100/phase1/scenario_generation.log"
Set parameter LogToConsole to value 0

Gurobi 12.0.3 (mac64[arm]) logging started Sat Sep 27 11:09:43 2025

Set parameter LogFile to value "Logs/Facility Location Logs/bernoulli_true/L100/phase1/scenario_generation.log"
Gurobi Optimizer version 12.0.3 build v12.0.3rc0 (mac64[arm] - Darwin 24.6.0 24G222)

CPU model: Apple M3
Thread count: 8 physical cores, 8 logical processors, using up to 8 threads

Non-default parameters:
LogToConsole  0

Optimize a model with 75 rows, 1325 columns and 2575 nonzeros
Model fingerprint: 0x3ee0b544
Variable types: 1300 continuous, 25 integer (25 binary)
Coefficient statistics:
  Matrix range     [1e+00, 2e+04]
  Objective range  [8e-03, 8e+03]
  Bounds range     [0e+00, 0e+00]
  RHS range        [9e+02, 4e+03]
Found heuristic solution: objective 1260250.0000
Presolve removed 32 rows and 833 columns
Presolve time: 0.00s
Presolved: 43 rows, 492 columns, 942 nonzeros
Variable types: 468 continuous, 24 integer (24 binary)

Root relaxation: objective 9.129944e+03, 93 iterations, 0.00 seconds (0.00 work units)

    Nodes    |    Current Node    |     Objective Bounds      |     Work
 Expl Unexpl |  Obj  Depth IntInf | Incumbent    BestBd   Gap | It/Node Time

     0     0 9129.94402    0    5 1260250.00 9129.94402  99.3%     -    0s
H    0     0                    41527.444022 9129.94402  78.0%     -    0s
H    0     0                    37707.056956 9730.75263  74.2%     -    0s
H    0     0                    20595.242854 10234.9425  50.3%     -    0s
     0     0 10234.9425    0    5 20595.2429 10234.9425  50.3%     -    0s
H    0     0                    13208.443418 10350.1193  21.6%     -    0s
     0     0 10570.9927    0    2 13208.4434 10570.9927  20.0%     -    0s
     0     0 10570.9927    0    5 13208.4434 10570.9927  20.0%     -    0s
H    0     0                    12781.785557 10570.9927  17.3%     -    0s
     0     0 10570.9927    0    4 12781.7856 10570.9927  17.3%     -    0s
     0     0 10570.9927    0    2 12781.7856 10570.9927  17.3%     -    0s
     0     0 11042.1298    0    1 12781.7856 11042.1298  13.6%     -    0s

Explored 1 nodes (230 simplex iterations) in 0.01 seconds (0.01 work units)
Thread count was 8 (of 8 available processors)

Solution count 7: 12781.8 13208.4 13296.7 ... 1.26025e+06

Optimal solution found (tolerance 1.00e-04)
Best objective 1.278178555688e+04, best bound 1.278178555688e+04, gap 0.0000%

User-callback calls 239, time in user-callback 0.00 sec

Gurobi 12.0.3 (mac64[arm]) logging started Sat Sep 27 11:09:43 2025

Set parameter LogFile to value "Logs/Facility Location Logs/bernoulli_true/L100/phase1/scenario_generation.log"
Set parameter LogToConsole to value 0

Gurobi 12.0.3 (mac64[arm]) logging started Sat Sep 27 11:09:43 2025

Set parameter LogFile to value "Logs/Facility Location Logs/bernoulli_true/L100/phase1/scenario_generation.log"
Gurobi Optimizer version 12.0.3 build v12.0.3rc0 (mac64[arm] - Darwin 24.6.0 24G222)

CPU model: Apple M3
Thread count: 8 physical cores, 8 logical processors, using up to 8 threads

Non-default parameters:
LogToConsole  0

Optimize a model with 75 rows, 1325 columns and 2575 nonzeros
Model fingerprint: 0x34843fa5
Variable types: 1300 continuous, 25 integer (25 binary)
Coefficient statistics:
  Matrix range     [1e+00, 2e+04]
  Objective range  [8e-03, 8e+03]
  Bounds range     [0e+00, 0e+00]
  RHS range        [9e+02, 2e+04]
Found heuristic solution: objective 2395200.0000
Presolve removed 31 rows and 807 columns
Presolve time: 0.00s
Presolved: 44 rows, 518 columns, 993 nonzeros
Variable types: 494 continuous, 24 integer (24 binary)

Root relaxation: objective 5.872105e+04, 69 iterations, 0.00 seconds (0.00 work units)

    Nodes    |    Current Node    |     Objective Bounds      |     Work
 Expl Unexpl |  Obj  Depth IntInf | Incumbent    BestBd   Gap | It/Node Time

     0     0 58721.0533    0    7 2395200.00 58721.0533  97.5%     -    0s
H    0     0                    102269.05327 58721.0533  42.6%     -    0s
H    0     0                    88072.588199 58721.0533  33.3%     -    0s
H    0     0                    80972.430141 58721.0533  27.5%     -    0s
H    0     0                    73714.725233 60363.5138  18.1%     -    0s
     0     0 60363.5138    0    5 73714.7252 60363.5138  18.1%     -    0s
H    0     0                    66218.674880 60369.8406  8.83%     -    0s
     0     0 60394.5833    0    2 66218.6749 60394.5833  8.80%     -    0s
     0     0 60505.2783    0    2 66218.6749 60505.2783  8.63%     -    0s
     0     0 60574.4457    0    3 66218.6749 60574.4457  8.52%     -    0s
     0     0 60574.4457    0    3 66218.6749 60574.4457  8.52%     -    0s
H    0     0                    66150.835478 60574.4457  8.43%     -    0s
H    0     0                    66112.976297 60574.4457  8.38%     -    0s
H    0     0                    66007.237951 60574.4457  8.23%     -    0s
     0     2 60574.4457    0    3 66007.2380 60574.4457  8.23%     -    0s

Cutting planes:
  Implied bound: 17
  MIR: 1
  Relax-and-lift: 1

Explored 139 nodes (1548 simplex iterations) in 0.03 seconds (0.03 work units)
Thread count was 8 (of 8 available processors)

Solution count 7: 66007.2 66113 73714.7 ... 2.3952e+06

Optimal solution found (tolerance 1.00e-04)
Best objective 6.600723795056e+04, best bound 6.600723795056e+04, gap 0.0000%

User-callback calls 519, time in user-callback 0.00 sec

Gurobi 12.0.3 (mac64[arm]) logging started Sat Sep 27 11:09:43 2025

Set parameter LogFile to value "Logs/Facility Location Logs/bernoulli_true/L100/phase1/scenario_generation.log"
Set parameter LogToConsole to value 0

Gurobi 12.0.3 (mac64[arm]) logging started Sat Sep 27 11:09:43 2025

Set parameter LogFile to value "Logs/Facility Location Logs/bernoulli_true/L100/phase1/scenario_generation.log"
Gurobi Optimizer version 12.0.3 build v12.0.3rc0 (mac64[arm] - Darwin 24.6.0 24G222)

CPU model: Apple M3
Thread count: 8 physical cores, 8 logical processors, using up to 8 threads

Non-default parameters:
LogToConsole  0

Optimize a model with 75 rows, 1325 columns and 2575 nonzeros
Model fingerprint: 0x6e521a32
Variable types: 1300 continuous, 25 integer (25 binary)
Coefficient statistics:
  Matrix range     [1e+00, 2e+04]
  Objective range  [8e-03, 8e+03]
  Bounds range     [0e+00, 0e+00]
  RHS range        [9e+02, 7e+03]
Found heuristic solution: objective 2438300.0000
Presolve removed 25 rows and 651 columns
Presolve time: 0.00s
Presolved: 50 rows, 674 columns, 1299 nonzeros
Variable types: 650 continuous, 24 integer (24 binary)

Root relaxation: objective 3.310812e+04, 65 iterations, 0.00 seconds (0.00 work units)

    Nodes    |    Current Node    |     Objective Bounds      |     Work
 Expl Unexpl |  Obj  Depth IntInf | Incumbent    BestBd   Gap | It/Node Time

     0     0 33108.1241    0   13 2438300.00 33108.1241  98.6%     -    0s
H    0     0                    113725.12405 33108.1241  70.9%     -    0s
H    0     0                    79262.920358 33108.1241  58.2%     -    0s
H    0     0                    49735.377209 33108.1241  33.4%     -    0s
H    0     0                    41893.556792 33108.1241  21.0%     -    0s
     0     0 36818.7334    0    6 41893.5568 36818.7334  12.1%     -    0s
     0     0 37244.4068    0    3 41893.5568 37244.4068  11.1%     -    0s
H    0     0                    41796.607768 37244.4068  10.9%     -    0s
     0     0 37244.4068    0    3 41796.6078 37244.4068  10.9%     -    0s
     0     0 37288.9763    0    2 41796.6078 37288.9763  10.8%     -    0s
     0     0 37413.8998    0    2 41796.6078 37413.8998  10.5%     -    0s
     0     0 37553.1505    0    2 41796.6078 37553.1505  10.2%     -    0s
     0     0 37890.0264    0    1 41796.6078 37890.0264  9.35%     -    0s
     0     0 37892.0472    0    2 41796.6078 37892.0472  9.34%     -    0s
     0     0 37980.1264    0    2 41796.6078 37980.1264  9.13%     -    0s
     0     0 37980.1264    0    2 41796.6078 37980.1264  9.13%     -    0s
     0     2 37980.1264    0    2 41796.6078 37980.1264  9.13%     -    0s
*   10     9               3    41640.307575 37980.1264  8.79%  14.4    0s

Cutting planes:
  Implied bound: 40
  MIR: 4
  Flow cover: 2
  Relax-and-lift: 1

Explored 413 nodes (7356 simplex iterations) in 0.05 seconds (0.07 work units)
Thread count was 8 (of 8 available processors)

Solution count 7: 41640.3 41796.6 41893.6 ... 2.4383e+06

Optimal solution found (tolerance 1.00e-04)
Best objective 4.164030757519e+04, best bound 4.164030757519e+04, gap 0.0000%

User-callback calls 1094, time in user-callback 0.00 sec

Gurobi 12.0.3 (mac64[arm]) logging started Sat Sep 27 11:09:43 2025

Set parameter LogFile to value "Logs/Facility Location Logs/bernoulli_true/L100/phase1/scenario_generation.log"
Set parameter LogToConsole to value 0

Gurobi 12.0.3 (mac64[arm]) logging started Sat Sep 27 11:09:43 2025

Set parameter LogFile to value "Logs/Facility Location Logs/bernoulli_true/L100/phase1/scenario_generation.log"
Gurobi Optimizer version 12.0.3 build v12.0.3rc0 (mac64[arm] - Darwin 24.6.0 24G222)

CPU model: Apple M3
Thread count: 8 physical cores, 8 logical processors, using up to 8 threads

Non-default parameters:
LogToConsole  0

Optimize a model with 75 rows, 1325 columns and 2575 nonzeros
Model fingerprint: 0x0e4ae38b
Variable types: 1300 continuous, 25 integer (25 binary)
Coefficient statistics:
  Matrix range     [1e+00, 2e+04]
  Objective range  [8e-03, 8e+03]
  Bounds range     [0e+00, 0e+00]
  RHS range        [6e+02, 5e+03]
Found heuristic solution: objective 1738600.0000
Presolve removed 26 rows and 677 columns
Presolve time: 0.00s
Presolved: 49 rows, 648 columns, 1248 nonzeros
Variable types: 624 continuous, 24 integer (24 binary)

Root relaxation: objective 2.304143e+04, 75 iterations, 0.00 seconds (0.00 work units)

    Nodes    |    Current Node    |     Objective Bounds      |     Work
 Expl Unexpl |  Obj  Depth IntInf | Incumbent    BestBd   Gap | It/Node Time

     0     0 23041.4259    0   10 1738600.00 23041.4259  98.7%     -    0s
H    0     0                    88155.425889 23041.4259  73.9%     -    0s
H    0     0                    46014.328740 23041.4259  49.9%     -    0s
H    0     0                    45643.904171 23041.4259  49.5%     -    0s
H    0     0                    38357.825933 26583.4292  30.7%     -    0s
     0     0 26596.4168    0    6 38357.8259 26596.4168  30.7%     -    0s
H    0     0                    31863.059293 26791.5489  15.9%     -    0s
     0     0 27337.4936    0    2 31863.0593 27337.4936  14.2%     -    0s
H    0     0                    30900.154359 27417.3195  11.3%     -    0s
H    0     0                    30602.005365 27417.3195  10.4%     -    0s
     0     0 27637.7027    0    3 30602.0054 27637.7027  9.69%     -    0s
H    0     0                    30530.352240 27637.7027  9.47%     -    0s
     0     0 27959.1648    0    3 30530.3522 27959.1648  8.42%     -    0s
     0     0 28040.3325    0    4 30530.3522 28040.3325  8.16%     -    0s
     0     0 28040.3325    0    4 30530.3522 28040.3325  8.16%     -    0s
     0     2 28040.3325    0    4 30530.3522 28040.3325  8.16%     -    0s
*   15     3               5    30376.721958 28101.0856  7.49%  19.5    0s

Cutting planes:
  Implied bound: 30
  MIR: 1
  Relax-and-lift: 1

Explored 46 nodes (866 simplex iterations) in 0.03 seconds (0.04 work units)
Thread count was 8 (of 8 available processors)

Solution count 9: 30376.7 30530.4 30602 ... 1.7386e+06

Optimal solution found (tolerance 1.00e-04)
Best objective 3.037672195762e+04, best bound 3.037672195762e+04, gap 0.0000%

User-callback calls 342, time in user-callback 0.00 sec

Gurobi 12.0.3 (mac64[arm]) logging started Sat Sep 27 11:09:43 2025

Set parameter LogFile to value "Logs/Facility Location Logs/bernoulli_true/L100/phase1/scenario_generation.log"
Set parameter LogToConsole to value 0

Gurobi 12.0.3 (mac64[arm]) logging started Sat Sep 27 11:09:43 2025

Set parameter LogFile to value "Logs/Facility Location Logs/bernoulli_true/L100/phase1/scenario_generation.log"
Gurobi Optimizer version 12.0.3 build v12.0.3rc0 (mac64[arm] - Darwin 24.6.0 24G222)

CPU model: Apple M3
Thread count: 8 physical cores, 8 logical processors, using up to 8 threads

Non-default parameters:
LogToConsole  0

Optimize a model with 75 rows, 1325 columns and 2575 nonzeros
Model fingerprint: 0x9540d58a
Variable types: 1300 continuous, 25 integer (25 binary)
Coefficient statistics:
  Matrix range     [1e+00, 2e+04]
  Objective range  [8e-03, 8e+03]
  Bounds range     [0e+00, 0e+00]
  RHS range        [1e+03, 2e+04]
Found heuristic solution: objective 3719950.0000
Presolve removed 23 rows and 599 columns
Presolve time: 0.00s
Presolved: 52 rows, 726 columns, 1401 nonzeros
Variable types: 702 continuous, 24 integer (24 binary)

Root relaxation: objective 8.913112e+04, 96 iterations, 0.00 seconds (0.00 work units)

    Nodes    |    Current Node    |     Objective Bounds      |     Work
 Expl Unexpl |  Obj  Depth IntInf | Incumbent    BestBd   Gap | It/Node Time

     0     0 89131.1159    0   15 3719950.00 89131.1159  97.6%     -    0s
H    0     0                    179431.61592 89131.1159  50.3%     -    0s
H    0     0                    142015.06259 89131.1159  37.2%     -    0s
H    0     0                    141577.55341 89131.1159  37.0%     -    0s
H    0     0                    121948.12399 94557.9528  22.5%     -    0s
     0     0 94557.9528    0    4 121948.124 94557.9528  22.5%     -    0s
H    0     0                    109858.45281 94594.9697  13.9%     -    0s
H    0     0                    94763.285320 94594.9697  0.18%     -    0s
     0     0 94688.8977    0    1 94763.2853 94688.8977  0.08%     -    0s
     0     0          -    0      94763.2853 94762.2955  0.00%     -    0s

Cutting planes:
  Implied bound: 14
  MIR: 1
  Relax-and-lift: 1

Explored 1 nodes (178 simplex iterations) in 0.01 seconds (0.01 work units)
Thread count was 8 (of 8 available processors)

Solution count 6: 94763.3 109858 121948 ... 3.71995e+06

Optimal solution found (tolerance 1.00e-04)
Best objective 9.476328531994e+04, best bound 9.476229549281e+04, gap 0.0010%

User-callback calls 212, time in user-callback 0.00 sec

Gurobi 12.0.3 (mac64[arm]) logging started Sat Sep 27 11:09:43 2025

Set parameter LogFile to value "Logs/Facility Location Logs/bernoulli_true/L100/phase1/scenario_generation.log"
Set parameter LogToConsole to value 0

Gurobi 12.0.3 (mac64[arm]) logging started Sat Sep 27 11:09:43 2025

Set parameter LogFile to value "Logs/Facility Location Logs/bernoulli_true/L100/phase1/scenario_generation.log"
Gurobi Optimizer version 12.0.3 build v12.0.3rc0 (mac64[arm] - Darwin 24.6.0 24G222)

CPU model: Apple M3
Thread count: 8 physical cores, 8 logical processors, using up to 8 threads

Non-default parameters:
LogToConsole  0

Optimize a model with 75 rows, 1325 columns and 2575 nonzeros
Model fingerprint: 0xef0b7aa7
Variable types: 1300 continuous, 25 integer (25 binary)
Coefficient statistics:
  Matrix range     [1e+00, 2e+04]
  Objective range  [8e-03, 8e+03]
  Bounds range     [0e+00, 0e+00]
  RHS range        [1e+03, 7e+03]
Found heuristic solution: objective 3026100.0000
Presolve removed 24 rows and 625 columns
Presolve time: 0.00s
Presolved: 51 rows, 700 columns, 1350 nonzeros
Variable types: 676 continuous, 24 integer (24 binary)

Root relaxation: objective 4.118421e+04, 91 iterations, 0.00 seconds (0.00 work units)

    Nodes    |    Current Node    |     Objective Bounds      |     Work
 Expl Unexpl |  Obj  Depth IntInf | Incumbent    BestBd   Gap | It/Node Time

     0     0 41184.2056    0   14 3026100.00 41184.2056  98.6%     -    0s
H    0     0                    123423.20563 41184.2056  66.6%     -    0s
H    0     0                    99547.960973 41184.2056  58.6%     -    0s
H    0     0                    78459.688056 41184.2056  47.5%     -    0s
H    0     0                    72909.842751 41184.2056  43.5%     -    0s
     0     0 44574.8223    0    5 72909.8428 44574.8223  38.9%     -    0s
H    0     0                    66022.143421 44641.6137  32.4%     -    0s
     0     0 45021.8939    0    5 66022.1434 45021.8939  31.8%     -    0s
H    0     0                    65999.187460 45021.8939  31.8%     -    0s
H    0     0                    61847.310014 45021.8939  27.2%     -    0s
H    0     0                    52586.403304 45021.8939  14.4%     -    0s
     0     0 45100.9677    0    6 52586.4033 45100.9677  14.2%     -    0s
     0     0 45100.9677    0    6 52586.4033 45100.9677  14.2%     -    0s
     0     0 45323.1403    0    4 52586.4033 45323.1403  13.8%     -    0s
H    0     0                    52438.582563 45323.8377  13.6%     -    0s
H    0     0                    51860.971944 45323.8377  12.6%     -    0s
H    0     0                    51477.428878 45323.8377  12.0%     -    0s
     0     0 45352.7891    0    1 51477.4289 45352.7891  11.9%     -    0s
H    0     0                    51464.841909 45352.7891  11.9%     -    0s
     0     0 45356.9950    0    1 51464.8419 45356.9950  11.9%     -    0s
     0     0 45358.1172    0    1 51464.8419 45358.1172  11.9%     -    0s
     0     0 45358.1172    0    1 51464.8419 45358.1172  11.9%     -    0s
H    0     0                    51354.478780 45358.1172  11.7%     -    0s
     0     2 45358.1172    0    1 51354.4788 45358.1172  11.7%     -    0s
*  591   319              12    51222.648752 46617.3468  8.99%  12.0    0s
*  929   392              13    51178.586615 47035.3225  8.10%  12.4    0s

Cutting planes:
  Implied bound: 49
  MIR: 3
  Flow cover: 7
  Inf proof: 6
  Relax-and-lift: 2

Explored 2339 nodes (30701 simplex iterations) in 0.12 seconds (0.19 work units)
Thread count was 8 (of 8 available processors)

Solution count 10: 51178.6 51222.6 51354.5 ... 78459.7

Optimal solution found (tolerance 1.00e-04)
Best objective 5.117858661544e+04, best bound 5.117858661544e+04, gap 0.0000%

User-callback calls 4978, time in user-callback 0.00 sec

Gurobi 12.0.3 (mac64[arm]) logging started Sat Sep 27 11:09:43 2025

Set parameter LogFile to value "Logs/Facility Location Logs/bernoulli_true/L100/phase1/scenario_generation.log"
Set parameter LogToConsole to value 0

Gurobi 12.0.3 (mac64[arm]) logging started Sat Sep 27 11:09:43 2025

Set parameter LogFile to value "Logs/Facility Location Logs/bernoulli_true/L100/phase1/scenario_generation.log"
Gurobi Optimizer version 12.0.3 build v12.0.3rc0 (mac64[arm] - Darwin 24.6.0 24G222)

CPU model: Apple M3
Thread count: 8 physical cores, 8 logical processors, using up to 8 threads

Non-default parameters:
LogToConsole  0

Optimize a model with 75 rows, 1325 columns and 2575 nonzeros
Model fingerprint: 0xfad6df9d
Variable types: 1300 continuous, 25 integer (25 binary)
Coefficient statistics:
  Matrix range     [1e+00, 2e+04]
  Objective range  [8e-03, 8e+03]
  Bounds range     [0e+00, 0e+00]
  RHS range        [7e+02, 5e+03]
Found heuristic solution: objective 2324550.0000
Presolve removed 20 rows and 521 columns
Presolve time: 0.00s
Presolved: 55 rows, 804 columns, 1554 nonzeros
Variable types: 780 continuous, 24 integer (24 binary)

Root relaxation: objective 3.051083e+04, 104 iterations, 0.00 seconds (0.00 work units)

    Nodes    |    Current Node    |     Objective Bounds      |     Work
 Expl Unexpl |  Obj  Depth IntInf | Incumbent    BestBd   Gap | It/Node Time

     0     0 30510.8302    0   14 2324550.00 30510.8302  98.7%     -    0s
H    0     0                    119765.33016 30510.8302  74.5%     -    0s
H    0     0                    70601.312470 30510.8302  56.8%     -    0s
H    0     0                    56018.555082 30510.8302  45.5%     -    0s
H    0     0                    55796.666913 30510.8302  45.3%     -    0s
     0     0 34152.4168    0    8 55796.6669 34152.4168  38.8%     -    0s
     0     0 34538.9096    0    8 55796.6669 34538.9096  38.1%     -    0s
H    0     0                    49610.254857 34544.8955  30.4%     -    0s
H    0     0                    42177.687616 34544.8955  18.1%     -    0s
     0     0 34856.6154    0    7 42177.6876 34856.6154  17.4%     -    0s
H    0     0                    42030.794769 34856.6154  17.1%     -    0s
     0     0 34866.4783    0    3 42030.7948 34866.4783  17.0%     -    0s
     0     0 35252.9669    0    6 42030.7948 35252.9669  16.1%     -    0s
H    0     0                    41294.248431 35384.7367  14.3%     -    0s
     0     0 35384.7367    0    6 41294.2484 35384.7367  14.3%     -    0s
     0     0 35575.1736    0    1 41294.2484 35575.1736  13.8%     -    0s
     0     0 35576.1143    0    3 41294.2484 35576.1143  13.8%     -    0s
     0     0 35576.1143    0    3 41294.2484 35576.1143  13.8%     -    0s
H    0     0                    40872.703990 35576.1143  13.0%     -    0s
H    0     0                    40633.352093 35576.1143  12.4%     -    0s
H    0     0                    40504.507329 35576.2431  12.2%     -    0s
     0     2 35576.2431    0    3 40504.5073 35576.2431  12.2%     -    0s
H   54    77                    39474.341020 35600.1491  9.81%  15.6    0s

Cutting planes:
  Implied bound: 49
  MIR: 3
  Flow cover: 4
  Inf proof: 1
  Relax-and-lift: 4

Explored 463 nodes (9063 simplex iterations) in 0.07 seconds (0.10 work units)
Thread count was 8 (of 8 available processors)

Solution count 10: 39474.3 40504.5 40872.7 ... 2.32455e+06

Optimal solution found (tolerance 1.00e-04)
Best objective 3.947434102012e+04, best bound 3.947434102012e+04, gap 0.0000%

User-callback calls 1212, time in user-callback 0.00 sec

Gurobi 12.0.3 (mac64[arm]) logging started Sat Sep 27 11:09:43 2025

Set parameter LogFile to value "Logs/Facility Location Logs/bernoulli_true/L100/phase1/scenario_generation.log"
Set parameter LogToConsole to value 0

Gurobi 12.0.3 (mac64[arm]) logging started Sat Sep 27 11:09:43 2025

Set parameter LogFile to value "Logs/Facility Location Logs/bernoulli_true/L100/phase1/scenario_generation.log"
Gurobi Optimizer version 12.0.3 build v12.0.3rc0 (mac64[arm] - Darwin 24.6.0 24G222)

CPU model: Apple M3
Thread count: 8 physical cores, 8 logical processors, using up to 8 threads

Non-default parameters:
LogToConsole  0

Optimize a model with 75 rows, 1325 columns and 2575 nonzeros
Model fingerprint: 0x0a6c5388
Variable types: 1300 continuous, 25 integer (25 binary)
Coefficient statistics:
  Matrix range     [1e+00, 2e+04]
  Objective range  [8e-03, 8e+03]
  Bounds range     [0e+00, 0e+00]
  RHS range        [8e+02, 5e+03]
Found heuristic solution: objective 2147600.0000
Presolve removed 24 rows and 625 columns
Presolve time: 0.00s
Presolved: 51 rows, 700 columns, 1350 nonzeros
Variable types: 676 continuous, 24 integer (24 binary)

Root relaxation: objective 3.149884e+04, 91 iterations, 0.00 seconds (0.00 work units)

    Nodes    |    Current Node    |     Objective Bounds      |     Work
 Expl Unexpl |  Obj  Depth IntInf | Incumbent    BestBd   Gap | It/Node Time

     0     0 31498.8384    0   12 2147600.00 31498.8384  98.5%     -    0s
H    0     0                    107522.83843 31498.8384  70.7%     -    0s
H    0     0                    68186.011741 31498.8384  53.8%     -    0s
H    0     0                    49128.825131 31498.8384  35.9%     -    0s
H    0     0                    43778.198409 35112.5353  19.8%     -    0s
H    0     0                    36760.931342 35112.5353  4.48%     -    0s
     0     0 35112.5353    0    5 36760.9313 35112.5353  4.48%     -    0s
     0     0 35803.0887    0    6 36760.9313 35803.0887  2.61%     -    0s
     0     0 35803.0887    0    5 36760.9313 35803.0887  2.61%     -    0s
     0     0 36012.5675    0    6 36760.9313 36012.5675  2.04%     -    0s
     0     0 36013.3286    0    6 36760.9313 36013.3286  2.03%     -    0s
     0     0 36047.6306    0    5 36760.9313 36047.6306  1.94%     -    0s
     0     0 36047.6306    0    6 36760.9313 36047.6306  1.94%     -    0s
     0     0 36047.6306    0    6 36760.9313 36047.6306  1.94%     -    0s
     0     0 36047.6306    0    6 36760.9313 36047.6306  1.94%     -    0s
     0     0 36047.6306    0    6 36760.9313 36047.6306  1.94%     -    0s
     0     0 36341.9880    0    7 36760.9313 36341.9880  1.14%     -    0s

Cutting planes:
  Implied bound: 30
  MIR: 1
  Flow cover: 3
  Relax-and-lift: 2

Explored 1 nodes (273 simplex iterations) in 0.02 seconds (0.02 work units)
Thread count was 8 (of 8 available processors)

Solution count 7: 36760.9 38303.9 43778.2 ... 2.1476e+06

Optimal solution found (tolerance 1.00e-04)
Best objective 3.676093134169e+04, best bound 3.675880090681e+04, gap 0.0058%

User-callback calls 260, time in user-callback 0.00 sec

Gurobi 12.0.3 (mac64[arm]) logging started Sat Sep 27 11:09:43 2025

Set parameter LogFile to value "Logs/Facility Location Logs/bernoulli_true/L100/phase1/scenario_generation.log"
Set parameter LogToConsole to value 0

Gurobi 12.0.3 (mac64[arm]) logging started Sat Sep 27 11:09:43 2025

Set parameter LogFile to value "Logs/Facility Location Logs/bernoulli_true/L100/phase1/scenario_generation.log"
Gurobi Optimizer version 12.0.3 build v12.0.3rc0 (mac64[arm] - Darwin 24.6.0 24G222)

CPU model: Apple M3
Thread count: 8 physical cores, 8 logical processors, using up to 8 threads

Non-default parameters:
LogToConsole  0

Optimize a model with 75 rows, 1325 columns and 2575 nonzeros
Model fingerprint: 0x1a0561ca
Variable types: 1300 continuous, 25 integer (25 binary)
Coefficient statistics:
  Matrix range     [1e+00, 2e+04]
  Objective range  [8e-03, 8e+03]
  Bounds range     [0e+00, 0e+00]
  RHS range        [3e+02, 8e+03]
Found heuristic solution: objective 1716850.0000
Presolve removed 23 rows and 599 columns
Presolve time: 0.00s
Presolved: 52 rows, 726 columns, 1401 nonzeros
Variable types: 702 continuous, 24 integer (24 binary)

Root relaxation: objective 3.151919e+04, 97 iterations, 0.00 seconds (0.00 work units)

    Nodes    |    Current Node    |     Objective Bounds      |     Work
 Expl Unexpl |  Obj  Depth IntInf | Incumbent    BestBd   Gap | It/Node Time

     0     0 31519.1910    0    7 1716850.00 31519.1910  98.2%     -    0s
H    0     0                    74350.690987 31519.1910  57.6%     -    0s
H    0     0                    55905.167222 31519.1910  43.6%     -    0s
H    0     0                    52476.540152 31519.1910  39.9%     -    0s
     0     0 33972.6282    0    3 52476.5402 33972.6282  35.3%     -    0s
H    0     0                    45939.928375 34038.9809  25.9%     -    0s
H    0     0                    40103.071634 34038.9809  15.1%     -    0s
     0     0 35024.7804    0    2 40103.0716 35024.7804  12.7%     -    0s
H    0     0                    39920.590475 35024.7804  12.3%     -    0s
H    0     0                    39824.533386 35024.7804  12.1%     -    0s
H    0     0                    39354.251943 35298.7774  10.3%     -    0s
     0     0 35471.1613    0    4 39354.2519 35471.1613  9.87%     -    0s
     0     0 35613.5347    0    4 39354.2519 35613.5347  9.51%     -    0s
H    0     0                    38585.397475 35639.4381  7.63%     -    0s
     0     0 35639.4381    0    4 38585.3975 35639.4381  7.63%     -    0s
     0     0 36918.2225    0    1 38585.3975 36918.2225  4.32%     -    0s
     0     0 37346.2783    0    4 38585.3975 37346.2783  3.21%     -    0s
     0     0 37595.7788    0    4 38585.3975 37595.7788  2.56%     -    0s
     0     2 37595.7788    0    4 38585.3975 37595.7788  2.56%     -    0s

Cutting planes:
  Implied bound: 80
  MIR: 1
  Flow cover: 1
  Relax-and-lift: 2

Explored 53 nodes (1651 simplex iterations) in 0.03 seconds (0.05 work units)
Thread count was 8 (of 8 available processors)

Solution count 8: 38585.4 39354.3 39824.5 ... 1.71685e+06

Optimal solution found (tolerance 1.00e-04)
Best objective 3.858539747512e+04, best bound 3.858539747512e+04, gap 0.0000%

User-callback calls 363, time in user-callback 0.00 sec

Gurobi 12.0.3 (mac64[arm]) logging started Sat Sep 27 11:09:43 2025

Set parameter LogFile to value "Logs/Facility Location Logs/bernoulli_true/L100/phase1/scenario_generation.log"
Set parameter LogToConsole to value 0

Gurobi 12.0.3 (mac64[arm]) logging started Sat Sep 27 11:09:43 2025

Set parameter LogFile to value "Logs/Facility Location Logs/bernoulli_true/L100/phase1/scenario_generation.log"
Gurobi Optimizer version 12.0.3 build v12.0.3rc0 (mac64[arm] - Darwin 24.6.0 24G222)

CPU model: Apple M3
Thread count: 8 physical cores, 8 logical processors, using up to 8 threads

Non-default parameters:
LogToConsole  0

Optimize a model with 75 rows, 1325 columns and 2575 nonzeros
Model fingerprint: 0x76fc33d6
Variable types: 1300 continuous, 25 integer (25 binary)
Coefficient statistics:
  Matrix range     [1e+00, 2e+04]
  Objective range  [8e-03, 8e+03]
  Bounds range     [0e+00, 0e+00]
  RHS range        [8e+02, 6e+03]
Found heuristic solution: objective 2111950.0000
Presolve removed 26 rows and 677 columns
Presolve time: 0.00s
Presolved: 49 rows, 648 columns, 1248 nonzeros
Variable types: 624 continuous, 24 integer (24 binary)

Root relaxation: objective 3.501947e+04, 79 iterations, 0.00 seconds (0.00 work units)

    Nodes    |    Current Node    |     Objective Bounds      |     Work
 Expl Unexpl |  Obj  Depth IntInf | Incumbent    BestBd   Gap | It/Node Time

     0     0 35019.4667    0   10 2111950.00 35019.4667  98.3%     -    0s
H    0     0                    96399.966702 35019.4667  63.7%     -    0s
H    0     0                    76488.534862 35019.4667  54.2%     -    0s
H    0     0                    73503.237869 35019.4667  52.4%     -    0s
H    0     0                    71547.253557 36276.9566  49.3%     -    0s
H    0     0                    70422.591479 36276.9566  48.5%     -    0s
H    0     0                    62555.540890 36276.9566  42.0%     -    0s
H    0     0                    41231.813036 39110.7437  5.14%     -    0s
     0     0 39110.7437    0    4 41231.8130 39110.7437  5.14%     -    0s
H    0     0                    40136.724381 39217.8653  2.29%     -    0s
H    0     0                    39729.281134 39217.8653  1.29%     -    0s

Cutting planes:
  Cover: 1
  Implied bound: 20
  Flow cover: 2

Explored 1 nodes (126 simplex iterations) in 0.01 seconds (0.01 work units)
Thread count was 8 (of 8 available processors)

Solution count 7: 39729.3 41231.8 62555.5 ... 2.11195e+06

Optimal solution found (tolerance 1.00e-04)
Best objective 3.972928113394e+04, best bound 3.972928113394e+04, gap 0.0000%

User-callback calls 213, time in user-callback 0.00 sec

Gurobi 12.0.3 (mac64[arm]) logging started Sat Sep 27 11:09:43 2025

Set parameter LogFile to value "Logs/Facility Location Logs/bernoulli_true/L100/phase1/scenario_generation.log"
Set parameter LogToConsole to value 0

Gurobi 12.0.3 (mac64[arm]) logging started Sat Sep 27 11:09:43 2025

Set parameter LogFile to value "Logs/Facility Location Logs/bernoulli_true/L100/phase1/scenario_generation.log"
Gurobi Optimizer version 12.0.3 build v12.0.3rc0 (mac64[arm] - Darwin 24.6.0 24G222)

CPU model: Apple M3
Thread count: 8 physical cores, 8 logical processors, using up to 8 threads

Non-default parameters:
LogToConsole  0

Optimize a model with 75 rows, 1325 columns and 2575 nonzeros
Model fingerprint: 0xfccd8441
Variable types: 1300 continuous, 25 integer (25 binary)
Coefficient statistics:
  Matrix range     [1e+00, 2e+04]
  Objective range  [8e-03, 8e+03]
  Bounds range     [0e+00, 0e+00]
  RHS range        [9e+02, 3e+04]
Found heuristic solution: objective 3452400.0000
Presolve removed 26 rows and 677 columns
Presolve time: 0.00s
Presolved: 49 rows, 648 columns, 1248 nonzeros
Variable types: 624 continuous, 24 integer (24 binary)

Root relaxation: objective 9.543824e+04, 89 iterations, 0.00 seconds (0.00 work units)

    Nodes    |    Current Node    |     Objective Bounds      |     Work
 Expl Unexpl |  Obj  Depth IntInf | Incumbent    BestBd   Gap | It/Node Time

     0     0 95438.2415    0    9 3452400.00 95438.2415  97.2%     -    0s
H    0     0                    150914.24149 95438.2415  36.8%     -    0s
H    0     0                    132507.23517 95438.2415  28.0%     -    0s
H    0     0                    122467.65298 95438.2415  22.1%     -    0s
H    0     0                    122265.96319 95438.2415  21.9%     -    0s
     0     0 97653.4586    0    8 122265.963 97653.4586  20.1%     -    0s
H    0     0                    110530.65294 97762.5079  11.6%     -    0s
     0     0 98283.0873    0    7 110530.653 98283.0873  11.1%     -    0s
H    0     0                    109660.68178 98283.0873  10.4%     -    0s
H    0     0                    103257.30595 98283.0873  4.82%     -    0s
     0     0 98343.3028    0    7 103257.306 98343.3028  4.76%     -    0s
     0     0 98405.3789    0    7 103257.306 98405.3789  4.70%     -    0s
H    0     0                    101861.40317 98541.9503  3.26%     -    0s
     0     0 98541.9503    0    8 101861.403 98541.9503  3.26%     -    0s
     0     0 98598.6970    0    8 101861.403 98598.6970  3.20%     -    0s
H    0     0                    101501.59652 98716.5216  2.74%     -    0s
     0     0 98716.5216    0    8 101501.597 98716.5216  2.74%     -    0s
     0     0 98719.0818    0    8 101501.597 98719.0818  2.74%     -    0s
     0     0 98916.2281    0    3 101501.597 98916.2281  2.55%     -    0s
H    0     0                    101470.27256 98916.2281  2.52%     -    0s
     0     0 98923.8762    0    7 101470.273 98923.8762  2.51%     -    0s
     0     0 98925.7673    0    7 101470.273 98925.7673  2.51%     -    0s
     0     2 98926.5978    0    7 101470.273 98926.5978  2.51%     -    0s

Cutting planes:
  Implied bound: 54
  MIR: 5
  Flow cover: 5
  Relax-and-lift: 9

Explored 317 nodes (6043 simplex iterations) in 0.05 seconds (0.07 work units)
Thread count was 8 (of 8 available processors)

Solution count 10: 101470 101502 101861 ... 150914

Optimal solution found (tolerance 1.00e-04)
Best objective 1.014702725631e+05, best bound 1.014702725631e+05, gap 0.0000%

User-callback calls 913, time in user-callback 0.00 sec

Gurobi 12.0.3 (mac64[arm]) logging started Sat Sep 27 11:09:43 2025

Set parameter LogFile to value "Logs/Facility Location Logs/bernoulli_true/L100/phase1/scenario_generation.log"
Set parameter LogToConsole to value 0

Gurobi 12.0.3 (mac64[arm]) logging started Sat Sep 27 11:09:43 2025

Set parameter LogFile to value "Logs/Facility Location Logs/bernoulli_true/L100/phase1/scenario_generation.log"
Gurobi Optimizer version 12.0.3 build v12.0.3rc0 (mac64[arm] - Darwin 24.6.0 24G222)

CPU model: Apple M3
Thread count: 8 physical cores, 8 logical processors, using up to 8 threads

Non-default parameters:
LogToConsole  0

Optimize a model with 75 rows, 1325 columns and 2575 nonzeros
Model fingerprint: 0x2ea9bed4
Variable types: 1300 continuous, 25 integer (25 binary)
Coefficient statistics:
  Matrix range     [1e+00, 2e+04]
  Objective range  [8e-03, 8e+03]
  Bounds range     [0e+00, 0e+00]
  RHS range        [1e+03, 2e+04]
Found heuristic solution: objective 3409250.0000
Presolve removed 23 rows and 599 columns
Presolve time: 0.00s
Presolved: 52 rows, 726 columns, 1401 nonzeros
Variable types: 702 continuous, 24 integer (24 binary)

Root relaxation: objective 7.099476e+04, 92 iterations, 0.00 seconds (0.00 work units)

    Nodes    |    Current Node    |     Objective Bounds      |     Work
 Expl Unexpl |  Obj  Depth IntInf | Incumbent    BestBd   Gap | It/Node Time

     0     0 70994.7632    0   12 3409250.00 70994.7632  97.9%     -    0s
H    0     0                    141902.26324 70994.7632  50.0%     -    0s
H    0     0                    118323.83874 70994.7632  40.0%     -    0s
H    0     0                    112619.77400 70994.7632  37.0%     -    0s
H    0     0                    105358.62545 72920.7794  30.8%     -    0s
     0     0 72920.7794    0    6 105358.625 72920.7794  30.8%     -    0s
H    0     0                    98000.412355 73106.2493  25.4%     -    0s
H    0     0                    97965.872044 73106.2493  25.4%     -    0s
H    0     0                    90551.512909 73210.6284  19.2%     -    0s
     0     0 73210.6284    0    4 90551.5129 73210.6284  19.2%     -    0s
H    0     0                    83646.613983 73210.6284  12.5%     -    0s
H    0     0                    77196.621205 73216.7161  5.16%     -    0s
H    0     0                    76378.158236 73216.7161  4.14%     -    0s
     0     0 73218.2808    0    4 76378.1582 73218.2808  4.14%     -    0s
     0     0 73267.0906    0    4 76378.1582 73267.0906  4.07%     -    0s
H    0     0                    76329.401327 73268.9818  4.01%     -    0s
     0     0 73268.9818    0    4 76329.4013 73268.9818  4.01%     -    0s
     0     0 73269.5370    0    4 76329.4013 73269.5370  4.01%     -    0s
     0     0 73276.7393    0    4 76329.4013 73276.7393  4.00%     -    0s
     0     0 73279.9406    0    4 76329.4013 73279.9406  4.00%     -    0s
     0     0 73281.3807    0    4 76329.4013 73281.3807  3.99%     -    0s
     0     0 73281.4441    0    4 76329.4013 73281.4441  3.99%     -    0s
     0     0 73292.6598    0    5 76329.4013 73292.6598  3.98%     -    0s
     0     0 73296.4734    0    5 76329.4013 73296.4734  3.97%     -    0s
     0     0 73297.2005    0    5 76329.4013 73297.2005  3.97%     -    0s
     0     0 73301.4619    0    5 76329.4013 73301.4619  3.97%     -    0s
     0     0 73303.0870    0    5 76329.4013 73303.0870  3.96%     -    0s
     0     0 73308.3645    0    5 76329.4013 73308.3645  3.96%     -    0s
     0     2 73308.6063    0    5 76329.4013 73308.6063  3.96%     -    0s

Cutting planes:
  Implied bound: 45
  MIR: 7
  Flow cover: 3
  Relax-and-lift: 3

Explored 495 nodes (9309 simplex iterations) in 0.06 seconds (0.08 work units)
Thread count was 8 (of 8 available processors)

Solution count 10: 76329.4 76378.2 77196.6 ... 118324

Optimal solution found (tolerance 1.00e-04)
Best objective 7.632940132744e+04, best bound 7.632940132744e+04, gap 0.0000%

User-callback calls 1295, time in user-callback 0.00 sec

Gurobi 12.0.3 (mac64[arm]) logging started Sat Sep 27 11:09:43 2025

Set parameter LogFile to value "Logs/Facility Location Logs/bernoulli_true/L100/phase1/scenario_generation.log"
Set parameter LogToConsole to value 0

Gurobi 12.0.3 (mac64[arm]) logging started Sat Sep 27 11:09:43 2025

Set parameter LogFile to value "Logs/Facility Location Logs/bernoulli_true/L100/phase1/scenario_generation.log"
Gurobi Optimizer version 12.0.3 build v12.0.3rc0 (mac64[arm] - Darwin 24.6.0 24G222)

CPU model: Apple M3
Thread count: 8 physical cores, 8 logical processors, using up to 8 threads

Non-default parameters:
LogToConsole  0

Optimize a model with 75 rows, 1325 columns and 2575 nonzeros
Model fingerprint: 0x60c9eec9
Variable types: 1300 continuous, 25 integer (25 binary)
Coefficient statistics:
  Matrix range     [1e+00, 2e+04]
  Objective range  [8e-03, 8e+03]
  Bounds range     [0e+00, 0e+00]
  RHS range        [1e+03, 4e+03]
Found heuristic solution: objective 1510600.0000
Presolve removed 32 rows and 833 columns
Presolve time: 0.00s
Presolved: 43 rows, 492 columns, 942 nonzeros
Variable types: 468 continuous, 24 integer (24 binary)

Root relaxation: objective 1.193957e+04, 69 iterations, 0.00 seconds (0.00 work units)

    Nodes    |    Current Node    |     Objective Bounds      |     Work
 Expl Unexpl |  Obj  Depth IntInf | Incumbent    BestBd   Gap | It/Node Time

     0     0 11939.5702    0    7 1510600.00 11939.5702  99.2%     -    0s
H    0     0                    56833.570248 11939.5702  79.0%     -    0s
H    0     0                    42228.947242 11939.5702  71.7%     -    0s
H    0     0                    21119.172050 13261.3546  37.2%     -    0s
     0     0 13261.3546    0    7 21119.1721 13261.3546  37.2%     -    0s
H    0     0                    20490.538442 13794.8906  32.7%     -    0s
     0     0 13795.0557    0    5 20490.5384 13795.0557  32.7%     -    0s
H    0     0                    20065.718676 13795.0557  31.3%     -    0s
     0     0 13805.2118    0    5 20065.7187 13805.2118  31.2%     -    0s
     0     0 13813.0326    0    3 20065.7187 13813.0326  31.2%     -    0s
     0     0 13824.3280    0    1 20065.7187 13824.3280  31.1%     -    0s
H    0     0                    20041.472025 14187.9554  29.2%     -    0s
     0     0 14233.9801    0    1 20041.4720 14233.9801  29.0%     -    0s
     0     0 14234.4414    0    1 20041.4720 14234.4414  29.0%     -    0s
     0     2 14234.4414    0    1 20041.4720 14234.4414  29.0%     -    0s

Cutting planes:
  Implied bound: 43
  MIR: 1

Explored 579 nodes (7197 simplex iterations) in 0.04 seconds (0.05 work units)
Thread count was 8 (of 8 available processors)

Solution count 6: 20041.5 20490.5 21119.2 ... 1.5106e+06

Optimal solution found (tolerance 1.00e-04)
Best objective 2.004147202537e+04, best bound 2.004147202537e+04, gap 0.0000%

User-callback calls 1405, time in user-callback 0.00 sec

Gurobi 12.0.3 (mac64[arm]) logging started Sat Sep 27 11:09:43 2025

Set parameter LogFile to value "Logs/Facility Location Logs/bernoulli_true/L100/phase1/scenario_generation.log"
Set parameter LogToConsole to value 0

Gurobi 12.0.3 (mac64[arm]) logging started Sat Sep 27 11:09:43 2025

Set parameter LogFile to value "Logs/Facility Location Logs/bernoulli_true/L100/phase1/scenario_generation.log"
Gurobi Optimizer version 12.0.3 build v12.0.3rc0 (mac64[arm] - Darwin 24.6.0 24G222)

CPU model: Apple M3
Thread count: 8 physical cores, 8 logical processors, using up to 8 threads

Non-default parameters:
LogToConsole  0

Optimize a model with 75 rows, 1325 columns and 2575 nonzeros
Model fingerprint: 0xfff18221
Variable types: 1300 continuous, 25 integer (25 binary)
Coefficient statistics:
  Matrix range     [1e+00, 2e+04]
  Objective range  [8e-03, 8e+03]
  Bounds range     [0e+00, 0e+00]
  RHS range        [7e+02, 4e+03]
Found heuristic solution: objective 1644850.0000
Presolve removed 27 rows and 703 columns
Presolve time: 0.00s
Presolved: 48 rows, 622 columns, 1197 nonzeros
Variable types: 598 continuous, 24 integer (24 binary)

Root relaxation: objective 1.730078e+04, 77 iterations, 0.00 seconds (0.00 work units)

    Nodes    |    Current Node    |     Objective Bounds      |     Work
 Expl Unexpl |  Obj  Depth IntInf | Incumbent    BestBd   Gap | It/Node Time

     0     0 17300.7820    0    8 1644850.00 17300.7820  98.9%     -    0s
H    0     0                    68352.281985 17300.7820  74.7%     -    0s
H    0     0                    61769.940556 17300.7820  72.0%     -    0s
H    0     0                    61382.007285 17300.7820  71.8%     -    0s
H    0     0                    47811.724404 18505.8095  61.3%     -    0s
     0     0 19262.8170    0    8 47811.7244 19262.8170  59.7%     -    0s
H    0     0                    39629.635116 19360.2241  51.1%     -    0s
H    0     0                    24853.820503 19360.2241  22.1%     -    0s
     0     0 19522.8079    0    8 24853.8205 19522.8079  21.4%     -    0s
     0     0 19900.2251    0    7 24853.8205 19900.2251  19.9%     -    0s
H    0     0                    24837.436901 20217.7889  18.6%     -    0s
     0     0 20790.9127    0    6 24837.4369 20790.9127  16.3%     -    0s
     0     0 21095.4854    0    3 24837.4369 21095.4854  15.1%     -    0s
     0     0 22033.1959    0    1 24837.4369 22033.1959  11.3%     -    0s
     0     0 22248.1746    0    1 24837.4369 22248.1746  10.4%     -    0s
     0     0 22438.2258    0    1 24837.4369 22438.2258  9.66%     -    0s
     0     2 22438.2258    0    1 24837.4369 22438.2258  9.66%     -    0s

Cutting planes:
  Implied bound: 98
  MIR: 1
  Flow cover: 1
  Relax-and-lift: 1

Explored 417 nodes (6326 simplex iterations) in 0.06 seconds (0.09 work units)
Thread count was 8 (of 8 available processors)

Solution count 6: 24837.4 39629.6 47811.7 ... 1.64485e+06

Optimal solution found (tolerance 1.00e-04)
Best objective 2.483743690087e+04, best bound 2.483743690087e+04, gap 0.0000%

User-callback calls 1103, time in user-callback 0.00 sec

Gurobi 12.0.3 (mac64[arm]) logging started Sat Sep 27 11:09:43 2025

Set parameter LogFile to value "Logs/Facility Location Logs/bernoulli_true/L100/phase1/scenario_generation.log"
Set parameter LogToConsole to value 0

Gurobi 12.0.3 (mac64[arm]) logging started Sat Sep 27 11:09:43 2025

Set parameter LogFile to value "Logs/Facility Location Logs/bernoulli_true/L100/phase1/scenario_generation.log"
Gurobi Optimizer version 12.0.3 build v12.0.3rc0 (mac64[arm] - Darwin 24.6.0 24G222)

CPU model: Apple M3
Thread count: 8 physical cores, 8 logical processors, using up to 8 threads

Non-default parameters:
LogToConsole  0

Optimize a model with 75 rows, 1325 columns and 2575 nonzeros
Model fingerprint: 0xd97a241a
Variable types: 1300 continuous, 25 integer (25 binary)
Coefficient statistics:
  Matrix range     [1e+00, 2e+04]
  Objective range  [8e-03, 8e+03]
  Bounds range     [0e+00, 0e+00]
  RHS range        [1e+03, 1e+04]
Found heuristic solution: objective 3736700.0000
Presolve removed 17 rows and 443 columns
Presolve time: 0.00s
Presolved: 58 rows, 882 columns, 1707 nonzeros
Variable types: 858 continuous, 24 integer (24 binary)

Root relaxation: objective 5.915809e+04, 125 iterations, 0.00 seconds (0.00 work units)

    Nodes    |    Current Node    |     Objective Bounds      |     Work
 Expl Unexpl |  Obj  Depth IntInf | Incumbent    BestBd   Gap | It/Node Time

     0     0 59158.0862    0   18 3736700.00 59158.0862  98.4%     -    0s
H    0     0                    164291.08625 59158.0862  64.0%     -    0s
H    0     0                    117676.37582 59158.0862  49.7%     -    0s
H    0     0                    103292.89653 59158.0862  42.7%     -    0s
H    0     0                    96210.949663 59158.0862  38.5%     -    0s
H    0     0                    84236.213888 62232.4972  26.1%     -    0s
     0     0 62232.4972    0   10 84236.2139 62232.4972  26.1%     -    0s
     0     0 62332.9830    0   10 84236.2139 62332.9830  26.0%     -    0s
H    0     0                    77709.611125 62332.9830  19.8%     -    0s
H    0     0                    63768.541272 62332.9830  2.25%     -    0s
H    0     0                    63717.988549 62332.9830  2.17%     -    0s
     0     0 62777.7138    0   10 63717.9885 62777.7138  1.48%     -    0s
     0     0 62830.5846    0    7 63717.9885 62830.5846  1.39%     -    0s
H    0     0                    63501.261669 63010.3262  0.77%     -    0s
     0     0 63010.3262    0    9 63501.2617 63010.3262  0.77%     -    0s
H    0     0                    63473.193519 63032.3459  0.69%     -    0s
     0     0 63032.3459    0    8 63473.1935 63032.3459  0.69%     -    0s
     0     0 63032.3459    0    8 63473.1935 63032.3459  0.69%     -    0s
H    0     0                    63441.044732 63032.3459  0.64%     -    0s
H    0     0                    63423.278561 63032.3459  0.62%     -    0s
     0     0 63199.1069    0    8 63423.2786 63199.1069  0.35%     -    0s
     0     0 63200.0442    0    8 63423.2786 63200.0442  0.35%     -    0s
     0     0 63296.8081    0    6 63423.2786 63296.8081  0.20%     -    0s
     0     0 63303.4693    0    6 63423.2786 63303.4693  0.19%     -    0s
     0     0 63306.5772    0    7 63423.2786 63306.5772  0.18%     -    0s
     0     0 63306.5772    0    7 63423.2786 63306.5772  0.18%     -    0s
     0     0 63306.5772    0   12 63423.2786 63306.5772  0.18%     -    0s
     0     0 63306.5772    0   10 63423.2786 63306.5772  0.18%     -    0s
     0     0 63306.5772    0   10 63423.2786 63306.5772  0.18%     -    0s
     0     0 63306.5772    0    5 63423.2786 63306.5772  0.18%     -    0s
     0     0 63306.5772    0    6 63423.2786 63306.5772  0.18%     -    0s
     0     0 63306.5772    0    7 63423.2786 63306.5772  0.18%     -    0s
     0     0 63306.5772    0    7 63423.2786 63306.5772  0.18%     -    0s
     0     0 63306.5772    0    8 63423.2786 63306.5772  0.18%     -    0s
     0     0 63306.5772    0    6 63423.2786 63306.5772  0.18%     -    0s
     0     0 63306.5772    0    7 63423.2786 63306.5772  0.18%     -    0s
     0     0 63308.4197    0    5 63423.2786 63308.4197  0.18%     -    0s
     0     0 63308.6213    0    4 63423.2786 63308.6213  0.18%     -    0s
     0     0 63308.8843    0    4 63423.2786 63308.8843  0.18%     -    0s
     0     0 63309.0444    0    5 63423.2786 63309.0444  0.18%     -    0s
     0     0 63309.0444    0    5 63423.2786 63309.0444  0.18%     -    0s
     0     0 63309.0444    0   11 63423.2786 63309.0444  0.18%     -    0s
     0     0 63309.0444    0    8 63423.2786 63309.0444  0.18%     -    0s
     0     0 63309.0444    0    7 63423.2786 63309.0444  0.18%     -    0s
     0     0 63309.0444    0    6 63423.2786 63309.0444  0.18%     -    0s
     0     0 63309.0444    0    7 63423.2786 63309.0444  0.18%     -    0s
     0     0 63309.0444    0    7 63423.2786 63309.0444  0.18%     -    0s
     0     0 63309.0444    0    5 63423.2786 63309.0444  0.18%     -    0s
     0     0 63309.0444    0    5 63423.2786 63309.0444  0.18%     -    0s
     0     0 63309.0444    0    6 63423.2786 63309.0444  0.18%     -    0s
     0     0 63309.0568    0    5 63423.2786 63309.0568  0.18%     -    0s
     0     0 63309.1929    0    6 63423.2786 63309.1929  0.18%     -    0s
     0     0 63309.2506    0    6 63423.2786 63309.2506  0.18%     -    0s
     0     0 63309.2518    0    6 63423.2786 63309.2518  0.18%     -    0s
     0     0 63309.2518    0    9 63423.2786 63309.2518  0.18%     -    0s
     0     0 63309.2518    0    7 63423.2786 63309.2518  0.18%     -    0s
     0     0 63309.2518    0    6 63423.2786 63309.2518  0.18%     -    0s
     0     0 63309.2518    0    8 63423.2786 63309.2518  0.18%     -    0s
     0     0 63309.2518    0    7 63423.2786 63309.2518  0.18%     -    0s
     0     0 63309.2518    0    6 63423.2786 63309.2518  0.18%     -    0s
     0     0 63309.2518    0    5 63423.2786 63309.2518  0.18%     -    0s
     0     0 63309.2518    0    5 63423.2786 63309.2518  0.18%     -    0s
     0     0 63309.2518    0    6 63423.2786 63309.2518  0.18%     -    0s
     0     0 63309.2518    0    6 63423.2786 63309.2518  0.18%     -    0s
     0     0 63309.3393    0    5 63423.2786 63309.3393  0.18%     -    0s
     0     0 63309.3638    0    1 63423.2786 63309.3638  0.18%     -    0s
     0     0 63309.3638    0    1 63423.2786 63309.3638  0.18%     -    0s
     0     2 63309.3638    0    1 63423.2786 63309.3638  0.18%     -    0s

Cutting planes:
  Implied bound: 51
  MIR: 7
  Flow cover: 4
  Relax-and-lift: 5

Explored 17 nodes (1528 simplex iterations) in 0.08 seconds (0.09 work units)
Thread count was 8 (of 8 available processors)

Solution count 10: 63423.3 63473.2 63718 ... 3.7367e+06

Optimal solution found (tolerance 1.00e-04)
Best objective 6.342327856125e+04, best bound 6.342327856125e+04, gap 0.0000%

User-callback calls 514, time in user-callback 0.00 sec

Gurobi 12.0.3 (mac64[arm]) logging started Sat Sep 27 11:09:43 2025

Set parameter LogFile to value "Logs/Facility Location Logs/bernoulli_true/L100/phase1/scenario_generation.log"
Set parameter LogToConsole to value 0

Gurobi 12.0.3 (mac64[arm]) logging started Sat Sep 27 11:09:43 2025

Set parameter LogFile to value "Logs/Facility Location Logs/bernoulli_true/L100/phase1/scenario_generation.log"
Gurobi Optimizer version 12.0.3 build v12.0.3rc0 (mac64[arm] - Darwin 24.6.0 24G222)

CPU model: Apple M3
Thread count: 8 physical cores, 8 logical processors, using up to 8 threads

Non-default parameters:
LogToConsole  0

Optimize a model with 75 rows, 1325 columns and 2575 nonzeros
Model fingerprint: 0x80f39b15
Variable types: 1300 continuous, 25 integer (25 binary)
Coefficient statistics:
  Matrix range     [1e+00, 2e+04]
  Objective range  [8e-03, 8e+03]
  Bounds range     [0e+00, 0e+00]
  RHS range        [1e+03, 7e+03]
Found heuristic solution: objective 2912200.0000
Presolve removed 23 rows and 599 columns
Presolve time: 0.00s
Presolved: 52 rows, 726 columns, 1401 nonzeros
Variable types: 702 continuous, 24 integer (24 binary)

Root relaxation: objective 3.479449e+04, 83 iterations, 0.00 seconds (0.00 work units)

    Nodes    |    Current Node    |     Objective Bounds      |     Work
 Expl Unexpl |  Obj  Depth IntInf | Incumbent    BestBd   Gap | It/Node Time

     0     0 34794.4917    0   16 2912200.00 34794.4917  98.8%     -    0s
H    0     0                    133172.49175 34794.4917  73.9%     -    0s
H    0     0                    89882.488922 34794.4917  61.3%     -    0s
H    0     0                    79741.915059 34794.4917  56.4%     -    0s
H    0     0                    68642.280443 34794.4917  49.3%     -    0s
H    0     0                    41902.787717 38222.5708  8.78%     -    0s
     0     0 38222.5708    0    8 41902.7877 38222.5708  8.78%     -    0s
H    0     0                    41555.255702 38315.6448  7.80%     -    0s
H    0     0                    41446.991318 38315.6448  7.56%     -    0s
     0     0 38874.5800    0    6 41446.9913 38874.5800  6.21%     -    0s
H    0     0                    39453.607437 38896.9235  1.41%     -    0s
     0     0 39136.2359    0    3 39453.6074 39136.2359  0.80%     -    0s
     0     0 39150.5067    0    2 39453.6074 39150.5067  0.77%     -    0s
     0     0 39214.9329    0    3 39453.6074 39214.9329  0.60%     -    0s
     0     0 39214.9329    0    8 39453.6074 39214.9329  0.60%     -    0s
     0     0 39214.9329    0    2 39453.6074 39214.9329  0.60%     -    0s
     0     0 39214.9329    0    2 39453.6074 39214.9329  0.60%     -    0s
     0     0 39214.9329    0    5 39453.6074 39214.9329  0.60%     -    0s
     0     0 39453.6074    0    4 39453.6074 39453.6074  0.00%     -    0s

Cutting planes:
  Cover: 1
  Implied bound: 21
  MIR: 1
  Relax-and-lift: 1

Explored 1 nodes (383 simplex iterations) in 0.01 seconds (0.02 work units)
Thread count was 8 (of 8 available processors)

Solution count 9: 39453.6 41447 41902.8 ... 2.9122e+06

Optimal solution found (tolerance 1.00e-04)
Best objective 3.945360743700e+04, best bound 3.945360743700e+04, gap 0.0000%

User-callback calls 258, time in user-callback 0.00 sec

Gurobi 12.0.3 (mac64[arm]) logging started Sat Sep 27 11:09:43 2025

Set parameter LogFile to value "Logs/Facility Location Logs/bernoulli_true/L100/phase1/scenario_generation.log"
Set parameter LogToConsole to value 0

Gurobi 12.0.3 (mac64[arm]) logging started Sat Sep 27 11:09:43 2025

Set parameter LogFile to value "Logs/Facility Location Logs/bernoulli_true/L100/phase1/scenario_generation.log"
Gurobi Optimizer version 12.0.3 build v12.0.3rc0 (mac64[arm] - Darwin 24.6.0 24G222)

CPU model: Apple M3
Thread count: 8 physical cores, 8 logical processors, using up to 8 threads

Non-default parameters:
LogToConsole  0

Optimize a model with 75 rows, 1325 columns and 2575 nonzeros
Model fingerprint: 0x4d3917be
Variable types: 1300 continuous, 25 integer (25 binary)
Coefficient statistics:
  Matrix range     [1e+00, 2e+04]
  Objective range  [8e-03, 8e+03]
  Bounds range     [0e+00, 0e+00]
  RHS range        [1e+03, 5e+03]
Found heuristic solution: objective 2604250.0000
Presolve removed 26 rows and 677 columns
Presolve time: 0.00s
Presolved: 49 rows, 648 columns, 1248 nonzeros
Variable types: 624 continuous, 24 integer (24 binary)

Root relaxation: objective 3.749588e+04, 64 iterations, 0.00 seconds (0.00 work units)

    Nodes    |    Current Node    |     Objective Bounds      |     Work
 Expl Unexpl |  Obj  Depth IntInf | Incumbent    BestBd   Gap | It/Node Time

     0     0 37495.8770    0   14 2604250.00 37495.8770  98.6%     -    0s
H    0     0                    123953.37697 37495.8770  69.8%     -    0s
H    0     0                    90253.548326 37495.8770  58.5%     -    0s
H    0     0                    84191.227725 37495.8770  55.5%     -    0s
H    0     0                    73803.044936 37495.8770  49.2%     -    0s
     0     0 41713.3560    0   10 73803.0449 41713.3560  43.5%     -    0s
H    0     0                    46435.864643 41907.2162  9.75%     -    0s
H    0     0                    46336.987245 41907.2162  9.56%     -    0s
     0     0 42157.0530    0    6 46336.9872 42157.0530  9.02%     -    0s
     0     0 42490.4190    0    7 46336.9872 42490.4190  8.30%     -    0s
     0     0 42663.2904    0   11 46336.9872 42663.2904  7.93%     -    0s
H    0     0                    46278.669706 42684.5898  7.77%     -    0s
     0     0 42684.5898    0   10 46278.6697 42684.5898  7.77%     -    0s
     0     0 42911.7814    0    1 46278.6697 42911.7814  7.28%     -    0s
     0     0 42912.0175    0    1 46278.6697 42912.0175  7.27%     -    0s
     0     0 42934.2360    0    4 46278.6697 42934.2360  7.23%     -    0s
     0     0 42934.2360    0    4 46278.6697 42934.2360  7.23%     -    0s
H    0     0                    45960.996410 42934.2360  6.59%     -    0s
H    0     0                    45704.792298 42934.2360  6.06%     -    0s
H    0     0                    45668.607560 42934.2849  5.99%     -    0s
     0     2 42934.2849    0    4 45668.6076 42934.2849  5.99%     -    0s
*   19    10               4    45638.877619 43048.1598  5.68%  28.5    0s
*   81    49              11    45609.405047 43109.8645  5.48%  17.1    0s
*  400     0               9    45362.431342 44226.1329  2.50%  20.3    0s

Cutting planes:
  Implied bound: 69
  MIR: 3
  Flow cover: 4
  Relax-and-lift: 2

Explored 404 nodes (8395 simplex iterations) in 0.05 seconds (0.08 work units)
Thread count was 8 (of 8 available processors)

Solution count 9: 45362.4 45609.4 45638.9 ... 2.60425e+06

Optimal solution found (tolerance 1.00e-04)
Best objective 4.536243134250e+04, best bound 4.536243134250e+04, gap 0.0000%

User-callback calls 1088, time in user-callback 0.00 sec

Gurobi 12.0.3 (mac64[arm]) logging started Sat Sep 27 11:09:43 2025

Set parameter LogFile to value "Logs/Facility Location Logs/bernoulli_true/L100/phase1/scenario_generation.log"
Set parameter LogToConsole to value 0

Gurobi 12.0.3 (mac64[arm]) logging started Sat Sep 27 11:09:43 2025

Set parameter LogFile to value "Logs/Facility Location Logs/bernoulli_true/L100/phase1/scenario_generation.log"
Gurobi Optimizer version 12.0.3 build v12.0.3rc0 (mac64[arm] - Darwin 24.6.0 24G222)

CPU model: Apple M3
Thread count: 8 physical cores, 8 logical processors, using up to 8 threads

Non-default parameters:
LogToConsole  0

Optimize a model with 75 rows, 1325 columns and 2575 nonzeros
Model fingerprint: 0x777b5dbd
Variable types: 1300 continuous, 25 integer (25 binary)
Coefficient statistics:
  Matrix range     [1e+00, 2e+04]
  Objective range  [8e-03, 8e+03]
  Bounds range     [0e+00, 0e+00]
  RHS range        [2e+02, 2e+04]
Found heuristic solution: objective 2748200.0000
Presolve removed 23 rows and 599 columns
Presolve time: 0.00s
Presolved: 52 rows, 726 columns, 1401 nonzeros
Variable types: 702 continuous, 24 integer (24 binary)

Root relaxation: objective 7.408546e+04, 77 iterations, 0.00 seconds (0.00 work units)

    Nodes    |    Current Node    |     Objective Bounds      |     Work
 Expl Unexpl |  Obj  Depth IntInf | Incumbent    BestBd   Gap | It/Node Time

     0     0 74085.4591    0    7 2748200.00 74085.4591  97.3%     -    0s
H    0     0                    114103.45907 74085.4591  35.1%     -    0s
H    0     0                    110732.70310 74085.4591  33.1%     -    0s
H    0     0                    93331.365564 79414.7402  14.9%     -    0s
     0     0 79414.7402    0    8 93331.3656 79414.7402  14.9%     -    0s
H    0     0                    80666.588305 79596.3256  1.33%     -    0s
     0     0          -    0      80666.5883 80664.6820  0.00%     -    0s

Cutting planes:
  Cover: 2
  Implied bound: 21
  MIR: 3

Explored 1 nodes (165 simplex iterations) in 0.01 seconds (0.01 work units)
Thread count was 8 (of 8 available processors)

Solution count 5: 80666.6 93331.4 110733 ... 2.7482e+06

Optimal solution found (tolerance 1.00e-04)
Best objective 8.066658830550e+04, best bound 8.066468199450e+04, gap 0.0024%

User-callback calls 208, time in user-callback 0.00 sec

Gurobi 12.0.3 (mac64[arm]) logging started Sat Sep 27 11:09:43 2025

Set parameter LogFile to value "Logs/Facility Location Logs/bernoulli_true/L100/phase1/scenario_generation.log"
Set parameter LogToConsole to value 0

Gurobi 12.0.3 (mac64[arm]) logging started Sat Sep 27 11:09:43 2025

Set parameter LogFile to value "Logs/Facility Location Logs/bernoulli_true/L100/phase1/scenario_generation.log"
Gurobi Optimizer version 12.0.3 build v12.0.3rc0 (mac64[arm] - Darwin 24.6.0 24G222)

CPU model: Apple M3
Thread count: 8 physical cores, 8 logical processors, using up to 8 threads

Non-default parameters:
LogToConsole  0

Optimize a model with 75 rows, 1325 columns and 2575 nonzeros
Model fingerprint: 0xc360dd91
Variable types: 1300 continuous, 25 integer (25 binary)
Coefficient statistics:
  Matrix range     [1e+00, 2e+04]
  Objective range  [8e-03, 8e+03]
  Bounds range     [0e+00, 0e+00]
  RHS range        [6e+02, 4e+03]
Found heuristic solution: objective 1638950.0000
Presolve removed 29 rows and 755 columns
Presolve time: 0.00s
Presolved: 46 rows, 570 columns, 1095 nonzeros
Variable types: 546 continuous, 24 integer (24 binary)

Root relaxation: objective 2.398492e+04, 58 iterations, 0.00 seconds (0.00 work units)

    Nodes    |    Current Node    |     Objective Bounds      |     Work
 Expl Unexpl |  Obj  Depth IntInf | Incumbent    BestBd   Gap | It/Node Time

     0     0 23984.9238    0    6 1638950.00 23984.9238  98.5%     -    0s
H    0     0                    60095.423792 23984.9238  60.1%     -    0s
H    0     0                    60048.933365 23984.9238  60.1%     -    0s
H    0     0                    56876.850764 23984.9238  57.8%     -    0s
H    0     0                    47911.435470 23984.9238  49.9%     -    0s
H    0     0                    35508.861299 27937.1745  21.3%     -    0s
     0     0 27937.1745    0    8 35508.8613 27937.1745  21.3%     -    0s
H    0     0                    34287.657287 28184.2653  17.8%     -    0s
     0     0 28597.1228    0    2 34287.6573 28597.1228  16.6%     -    0s
H    0     0                    33493.059647 28626.6625  14.5%     -    0s
     0     0 29465.0356    0    2 33493.0596 29465.0356  12.0%     -    0s
H    0     0                    33035.817065 29465.0356  10.8%     -    0s
H    0     0                    32320.387307 29465.0356  8.83%     -    0s
     0     0 30052.8588    0    2 32320.3873 30052.8588  7.02%     -    0s
     0     0 30143.2361    0    2 32320.3873 30143.2361  6.74%     -    0s
     0     2 30143.2361    0    2 32320.3873 30143.2361  6.74%     -    0s

Cutting planes:
  Implied bound: 23

Explored 40 nodes (635 simplex iterations) in 0.03 seconds (0.03 work units)
Thread count was 8 (of 8 available processors)

Solution count 8: 32320.4 33035.8 33493.1 ... 1.63895e+06

Optimal solution found (tolerance 1.00e-04)
Best objective 3.232038730744e+04, best bound 3.232038730744e+04, gap 0.0000%

User-callback calls 322, time in user-callback 0.00 sec

Gurobi 12.0.3 (mac64[arm]) logging started Sat Sep 27 11:09:44 2025

Set parameter LogFile to value "Logs/Facility Location Logs/bernoulli_true/L100/phase1/scenario_generation.log"
Set parameter LogToConsole to value 0

Gurobi 12.0.3 (mac64[arm]) logging started Sat Sep 27 11:09:44 2025

Set parameter LogFile to value "Logs/Facility Location Logs/bernoulli_true/L100/phase1/scenario_generation.log"
Gurobi Optimizer version 12.0.3 build v12.0.3rc0 (mac64[arm] - Darwin 24.6.0 24G222)

CPU model: Apple M3
Thread count: 8 physical cores, 8 logical processors, using up to 8 threads

Non-default parameters:
LogToConsole  0

Optimize a model with 75 rows, 1325 columns and 2575 nonzeros
Model fingerprint: 0x12583eeb
Variable types: 1300 continuous, 25 integer (25 binary)
Coefficient statistics:
  Matrix range     [1e+00, 2e+04]
  Objective range  [8e-03, 8e+03]
  Bounds range     [0e+00, 0e+00]
  RHS range        [1e+03, 2e+04]
Found heuristic solution: objective 3906500.0000
Presolve removed 22 rows and 573 columns
Presolve time: 0.00s
Presolved: 53 rows, 752 columns, 1452 nonzeros
Variable types: 728 continuous, 24 integer (24 binary)

Root relaxation: objective 8.673998e+04, 76 iterations, 0.00 seconds (0.00 work units)

    Nodes    |    Current Node    |     Objective Bounds      |     Work
 Expl Unexpl |  Obj  Depth IntInf | Incumbent    BestBd   Gap | It/Node Time

     0     0 86739.9826    0   14 3906500.00 86739.9826  97.8%     -    0s
H    0     0                    167674.98262 86739.9826  48.3%     -    0s
H    0     0                    143451.45839 86739.9826  39.5%     -    0s
H    0     0                    135855.97216 86739.9826  36.2%     -    0s
H    0     0                    132189.92303 86826.6322  34.3%     -    0s
H    0     0                    132129.65269 86826.6322  34.3%     -    0s
H    0     0                    131655.97414 90741.9008  31.1%     -    0s
H    0     0                    116883.19799 90741.9008  22.4%     -    0s
     0     0 90741.9008    0    5 116883.198 90741.9008  22.4%     -    0s
H    0     0                    110339.87718 90782.7501  17.7%     -    0s
H    0     0                    110316.64056 90782.7501  17.7%     -    0s
H    0     0                    104282.65683 90782.7501  12.9%     -    0s
     0     0 90887.4166    0    2 104282.657 90887.4166  12.8%     -    0s
H    0     0                    98682.449690 90887.4166  7.90%     -    0s
H    0     0                    97519.132407 90887.4166  6.80%     -    0s
H    0     0                    96846.637560 90887.4166  6.15%     -    0s
     0     0 90945.5482    0    2 96846.6376 90945.5482  6.09%     -    0s
     0     0 90986.0104    0    2 96846.6376 90986.0104  6.05%     -    0s
H    0     0                    96795.144307 90986.0104  6.00%     -    0s
H    0     0                    96780.392358 90986.0104  5.99%     -    0s
H    0     0                    96422.329175 90986.0104  5.64%     -    0s
H    0     0                    95877.484948 90986.0104  5.10%     -    0s
     0     0 90986.0104    0    1 95877.4849 90986.0104  5.10%     -    0s
     0     0 90986.0104    0    2 95877.4849 90986.0104  5.10%     -    0s
     0     0 90986.0104    0    2 95877.4849 90986.0104  5.10%     -    0s
     0     0 90991.4953    0    1 95877.4849 90991.4953  5.10%     -    0s
     0     0 90991.4953    0    1 95877.4849 90991.4953  5.10%     -    0s
     0     0 90991.4953    0    1 95877.4849 90991.4953  5.10%     -    0s
     0     0 90991.4953    0    1 95877.4849 90991.4953  5.10%     -    0s
     0     2 90991.4953    0    1 95877.4849 90991.4953  5.10%     -    0s
H   26    42                    95860.481763 91019.6861  5.05%  16.8    0s
H   41    42                    95846.907591 91019.6861  5.04%  14.2    0s
H   55    42                    95814.561462 91019.6861  5.00%  12.9    0s
*   59    42               7    95785.594890 91019.6861  4.98%  14.0    0s

Cutting planes:
  Implied bound: 41
  MIR: 5
  Flow cover: 3
  Inf proof: 1
  Relax-and-lift: 2

Explored 1018 nodes (14587 simplex iterations) in 0.09 seconds (0.15 work units)
Thread count was 8 (of 8 available processors)

Solution count 10: 95785.6 96422.3 97519.1 ... 132130

Optimal solution found (tolerance 1.00e-04)
Best objective 9.578559488962e+04, best bound 9.578559488962e+04, gap 0.0000%

User-callback calls 2354, time in user-callback 0.00 sec

Gurobi 12.0.3 (mac64[arm]) logging started Sat Sep 27 11:09:44 2025

Set parameter LogFile to value "Logs/Facility Location Logs/bernoulli_true/L100/phase1/scenario_generation.log"
Set parameter LogToConsole to value 0

Gurobi 12.0.3 (mac64[arm]) logging started Sat Sep 27 11:09:44 2025

Set parameter LogFile to value "Logs/Facility Location Logs/bernoulli_true/L100/phase1/scenario_generation.log"
Gurobi Optimizer version 12.0.3 build v12.0.3rc0 (mac64[arm] - Darwin 24.6.0 24G222)

CPU model: Apple M3
Thread count: 8 physical cores, 8 logical processors, using up to 8 threads

Non-default parameters:
LogToConsole  0

Optimize a model with 75 rows, 1325 columns and 2575 nonzeros
Model fingerprint: 0x9c2019b5
Variable types: 1300 continuous, 25 integer (25 binary)
Coefficient statistics:
  Matrix range     [1e+00, 2e+04]
  Objective range  [8e-03, 8e+03]
  Bounds range     [0e+00, 0e+00]
  RHS range        [9e+02, 5e+03]
Found heuristic solution: objective 1861050.0000
Presolve removed 28 rows and 729 columns
Presolve time: 0.00s
Presolved: 47 rows, 596 columns, 1146 nonzeros
Variable types: 572 continuous, 24 integer (24 binary)

Root relaxation: objective 2.819501e+04, 80 iterations, 0.00 seconds (0.00 work units)

    Nodes    |    Current Node    |     Objective Bounds      |     Work
 Expl Unexpl |  Obj  Depth IntInf | Incumbent    BestBd   Gap | It/Node Time

     0     0 28195.0123    0   10 1861050.00 28195.0123  98.5%     -    0s
H    0     0                    92084.512302 28195.0123  69.4%     -    0s
H    0     0                    66735.357355 28195.0123  57.8%     -    0s
H    0     0                    46550.928601 28195.0123  39.4%     -    0s
H    0     0                    35231.526963 28195.0123  20.0%     -    0s
     0     0 30847.5416    0    4 35231.5270 30847.5416  12.4%     -    0s
H    0     0                    35133.960894 30847.5416  12.2%     -    0s
     0     0 31218.9945    0    5 35133.9609 31218.9945  11.1%     -    0s
     0     0 31381.5754    0    4 35133.9609 31381.5754  10.7%     -    0s
     0     0 31486.9684    0    4 35133.9609 31486.9684  10.4%     -    0s
     0     0 31649.1849    0    4 35133.9609 31649.1849  9.92%     -    0s
     0     2 31677.9460    0    4 35133.9609 31677.9460  9.84%     -    0s
*   24     6              13    34751.892520 31927.6628  8.13%  24.6    0s

Cutting planes:
  Implied bound: 23
  MIR: 1

Explored 48 nodes (1184 simplex iterations) in 0.03 seconds (0.04 work units)
Thread count was 8 (of 8 available processors)

Solution count 7: 34751.9 35134 35231.5 ... 1.86105e+06

Optimal solution found (tolerance 1.00e-04)
Best objective 3.475189251975e+04, best bound 3.475189251975e+04, gap 0.0000%

User-callback calls 336, time in user-callback 0.00 sec

Gurobi 12.0.3 (mac64[arm]) logging started Sat Sep 27 11:09:44 2025

Set parameter LogFile to value "Logs/Facility Location Logs/bernoulli_true/L100/phase1/scenario_generation.log"
Set parameter LogToConsole to value 0

Gurobi 12.0.3 (mac64[arm]) logging started Sat Sep 27 11:09:44 2025

Set parameter LogFile to value "Logs/Facility Location Logs/bernoulli_true/L100/phase1/scenario_generation.log"
Gurobi Optimizer version 12.0.3 build v12.0.3rc0 (mac64[arm] - Darwin 24.6.0 24G222)

CPU model: Apple M3
Thread count: 8 physical cores, 8 logical processors, using up to 8 threads

Non-default parameters:
LogToConsole  0

Optimize a model with 75 rows, 1325 columns and 2575 nonzeros
Model fingerprint: 0xc2a64316
Variable types: 1300 continuous, 25 integer (25 binary)
Coefficient statistics:
  Matrix range     [1e+00, 2e+04]
  Objective range  [8e-03, 8e+03]
  Bounds range     [0e+00, 0e+00]
  RHS range        [1e+03, 6e+03]
Found heuristic solution: objective 2614850.0000
Presolve removed 25 rows and 651 columns
Presolve time: 0.00s
Presolved: 50 rows, 674 columns, 1299 nonzeros
Variable types: 650 continuous, 24 integer (24 binary)

Root relaxation: objective 3.662365e+04, 77 iterations, 0.00 seconds (0.00 work units)

    Nodes    |    Current Node    |     Objective Bounds      |     Work
 Expl Unexpl |  Obj  Depth IntInf | Incumbent    BestBd   Gap | It/Node Time

     0     0 36623.6464    0   14 2614850.00 36623.6464  98.6%     -    0s
H    0     0                    122975.14635 36623.6464  70.2%     -    0s
H    0     0                    83577.169486 36623.6464  56.2%     -    0s
H    0     0                    71942.758037 36623.6464  49.1%     -    0s
H    0     0                    44748.606858 36623.6464  18.2%     -    0s
     0     0 41364.8550    0    6 44748.6069 41364.8550  7.56%     -    0s
     0     0 42217.9963    0    5 44748.6069 42217.9963  5.66%     -    0s
     0     0 42693.8359    0    6 44748.6069 42693.8359  4.59%     -    0s
H    0     0                    44263.870468 42702.0419  3.53%     -    0s
     0     0 42702.0419    0    6 44263.8705 42702.0419  3.53%     -    0s
     0     0 42790.9944    0    3 44263.8705 42790.9944  3.33%     -    0s
H    0     0                    44050.452929 42805.2335  2.83%     -    0s
     0     0 42829.1607    0    1 44050.4529 42829.1607  2.77%     -    0s
     0     0 42851.5576    0    5 44050.4529 42851.5576  2.72%     -    0s
     0     0 42903.6187    0    1 44050.4529 42903.6187  2.60%     -    0s
H    0     0                    43979.702850 42903.6187  2.45%     -    0s
     0     0 43038.3002    0    1 43979.7028 43038.3002  2.14%     -    0s
     0     0 43099.4397    0    1 43979.7028 43099.4397  2.00%     -    0s
     0     0 43195.1139    0    6 43979.7028 43195.1139  1.78%     -    0s
     0     0 43202.7255    0    6 43979.7028 43202.7255  1.77%     -    0s
     0     0 43202.7255    0    7 43979.7028 43202.7255  1.77%     -    0s
     0     0 43202.7255    0    7 43979.7028 43202.7255  1.77%     -    0s
     0     0 43202.7255    0    5 43979.7028 43202.7255  1.77%     -    0s
     0     0 43202.7255    0    5 43979.7028 43202.7255  1.77%     -    0s
     0     0 43202.7255    0    1 43979.7028 43202.7255  1.77%     -    0s
     0     0 43202.7255    0    5 43979.7028 43202.7255  1.77%     -    0s
     0     0 43202.7255    0    5 43979.7028 43202.7255  1.77%     -    0s
     0     0 43202.7255    0    6 43979.7028 43202.7255  1.77%     -    0s
     0     0 43211.0154    0    2 43979.7028 43211.0154  1.75%     -    0s
     0     0 43551.2929    0    3 43979.7028 43551.2929  0.97%     -    0s
     0     0 43674.6141    0    3 43979.7028 43674.6141  0.69%     -    0s
     0     0 43776.9747    0    3 43979.7028 43776.9747  0.46%     -    0s
     0     0 43804.2448    0    3 43979.7028 43804.2448  0.40%     -    0s
     0     2 43804.2448    0    3 43979.7028 43804.2448  0.40%     -    0s

Cutting planes:
  Implied bound: 29
  MIR: 7
  Flow cover: 1

Explored 47 nodes (925 simplex iterations) in 0.04 seconds (0.04 work units)
Thread count was 8 (of 8 available processors)

Solution count 7: 43979.7 44748.6 52732.7 ... 2.61485e+06

Optimal solution found (tolerance 1.00e-04)
Best objective 4.397970284981e+04, best bound 4.397970284981e+04, gap 0.0000%

User-callback calls 419, time in user-callback 0.00 sec

Gurobi 12.0.3 (mac64[arm]) logging started Sat Sep 27 11:09:44 2025

Set parameter LogFile to value "Logs/Facility Location Logs/bernoulli_true/L100/phase1/scenario_generation.log"
Set parameter LogToConsole to value 0

Gurobi 12.0.3 (mac64[arm]) logging started Sat Sep 27 11:09:44 2025

Set parameter LogFile to value "Logs/Facility Location Logs/bernoulli_true/L100/phase1/scenario_generation.log"
Gurobi Optimizer version 12.0.3 build v12.0.3rc0 (mac64[arm] - Darwin 24.6.0 24G222)

CPU model: Apple M3
Thread count: 8 physical cores, 8 logical processors, using up to 8 threads

Non-default parameters:
LogToConsole  0

Optimize a model with 75 rows, 1325 columns and 2575 nonzeros
Model fingerprint: 0x26319066
Variable types: 1300 continuous, 25 integer (25 binary)
Coefficient statistics:
  Matrix range     [1e+00, 2e+04]
  Objective range  [8e-03, 8e+03]
  Bounds range     [0e+00, 0e+00]
  RHS range        [1e+03, 6e+03]
Found heuristic solution: objective 1942950.0000
Presolve removed 30 rows and 781 columns
Presolve time: 0.00s
Presolved: 45 rows, 544 columns, 1044 nonzeros
Variable types: 520 continuous, 24 integer (24 binary)

Root relaxation: objective 2.544687e+04, 73 iterations, 0.00 seconds (0.00 work units)

    Nodes    |    Current Node    |     Objective Bounds      |     Work
 Expl Unexpl |  Obj  Depth IntInf | Incumbent    BestBd   Gap | It/Node Time

     0     0 25446.8681    0    7 1942950.00 25446.8681  98.7%     -    0s
H    0     0                    66017.368147 25446.8681  61.5%     -    0s
H    0     0                    58575.689566 25446.8681  56.6%     -    0s
H    0     0                    52464.432257 25446.8681  51.5%     -    0s
H    0     0                    37493.965078 25446.8681  32.1%     -    0s
H    0     0                    31040.049365 27664.1129  10.9%     -    0s
H    0     0                    30546.204097 27664.1129  9.44%     -    0s
     0     0 27664.1129    0    4 30546.2041 27664.1129  9.44%     -    0s
     0     0 27916.0227    0    5 30546.2041 27916.0227  8.61%     -    0s
H    0     0                    30507.317146 28227.2008  7.47%     -    0s
     0     0 28229.3555    0    5 30507.3171 28229.3555  7.47%     -    0s
H    0     0                    30429.133208 28229.3555  7.23%     -    0s
     0     0 28340.0043    0    5 30429.1332 28340.0043  6.87%     -    0s
     0     0 28382.5870    0    3 30429.1332 28382.5870  6.73%     -    0s
H    0     0                    30214.404033 28382.5870  6.06%     -    0s
     0     0 28848.2427    0    4 30214.4040 28848.2427  4.52%     -    0s
     0     0 29359.2208    0    1 30214.4040 29359.2208  2.83%     -    0s

Cutting planes:
  Implied bound: 29
  MIR: 2
  Relax-and-lift: 1

Explored 1 nodes (203 simplex iterations) in 0.01 seconds (0.01 work units)
Thread count was 8 (of 8 available processors)

Solution count 9: 30214.4 30429.1 30507.3 ... 1.94295e+06

Optimal solution found (tolerance 1.00e-04)
Best objective 3.021440403338e+04, best bound 3.021440403338e+04, gap 0.0000%

User-callback calls 238, time in user-callback 0.00 sec

============================================================
SUMMARY STATISTICS - PHASE 1: SCENARIO GENERATION (L100)
============================================================
Parameters:
  bernoulli_case: true
  nloc: 25
  ncust: 50
  nscen: 100

Results:
  total_scenarios: 100
  unique_solutions: 93
============================================================
