
Gurobi 12.0.3 (mac64[arm]) logging started Tue Sep 23 19:11:55 2025

Set parameter LogFile to value "Logs/PowerFlow Logs/L50/phase1/scenario_generation.log"
Set parameter LogToConsole to value 0

Gurobi 12.0.3 (mac64[arm]) logging started Tue Sep 23 19:11:55 2025

Set parameter LogFile to value "Logs/PowerFlow Logs/L50/phase1/scenario_generation.log"
Gurobi Optimizer version 12.0.3 build v12.0.3rc0 (mac64[arm] - Darwin 24.6.0 24G222)

CPU model: Apple M3
Thread count: 8 physical cores, 8 logical processors, using up to 8 threads

Non-default parameters:
TimeLimit  60
LogToConsole  0

Optimize a model with 980 rows, 726 columns and 3212 nonzeros
Model fingerprint: 0x8aa93f95
Variable types: 540 continuous, 186 integer (186 binary)
Coefficient statistics:
  Matrix range     [1e+00, 3e+03]
  Objective range  [6e-02, 1e+04]
  Bounds range     [0e+00, 0e+00]
  RHS range        [6e-02, 3e+03]
Found heuristic solution: objective 438577.53130
Found heuristic solution: objective 438577.52998
Presolve removed 181 rows and 40 columns
Presolve time: 0.00s
Presolved: 799 rows, 686 columns, 2644 nonzeros
Found heuristic solution: objective 418973.45366
Variable types: 513 continuous, 173 integer (173 binary)

Root relaxation: objective 2.294523e+03, 1051 iterations, 0.01 seconds (0.01 work units)

    Nodes    |    Current Node    |     Objective Bounds      |     Work
 Expl Unexpl |  Obj  Depth IntInf | Incumbent    BestBd   Gap | It/Node Time

     0     0 2294.52330    0   16 418973.454 2294.52330  99.5%     -    0s
H    0     0                    27585.702731 2294.52330  91.7%     -    0s
     0     0 2294.52330    0   19 27585.7027 2294.52330  91.7%     -    0s
H    0     0                    14387.258787 2294.52330  84.1%     -    0s
H    0     0                    12413.050529 2294.52330  81.5%     -    0s
     0     0 2294.52330    0   12 12413.0505 2294.52330  81.5%     -    0s
H    0     0                    7773.4354296 2294.52330  70.5%     -    0s
H    0     0                    6225.0164963 2294.52330  63.1%     -    0s
     0     0 2294.52330    0   15 6225.01650 2294.52330  63.1%     -    0s
     0     0 2294.52330    0   15 6225.01650 2294.52330  63.1%     -    0s
     0     0 2295.88291    0   17 6225.01650 2295.88291  63.1%     -    0s
     0     0 2295.88291    0   18 6225.01650 2295.88291  63.1%     -    0s
     0     0 2295.90317    0   20 6225.01650 2295.90317  63.1%     -    0s
     0     0 2295.90724    0   19 6225.01650 2295.90724  63.1%     -    0s
     0     0 2295.90724    0   18 6225.01650 2295.90724  63.1%     -    0s
     0     2 2295.90724    0   17 6225.01650 2295.90724  63.1%     -    0s
H  783   591                    4066.8875261 2869.13660  29.5%  17.2    0s
H 1156   668                    3813.4144742 2869.13660  24.8%  15.6    0s
H 1583   875                    3813.4144695 2869.13660  24.8%  14.8    0s
H 3892  1803                    3813.4144675 2869.13660  24.8%  15.0    0s
* 4209  1842             141    3813.1604146 2869.13660  24.8%  14.8    0s
* 6103  2767             119    3810.2071568 2869.38372  24.7%  14.4    1s
* 6105  2752             118    3809.9054634 2869.38372  24.7%  14.4    1s
H 7771  2066                    3714.0401421 2869.38372  22.7%  15.2    1s
* 8428  2141             118    3694.8087724 2869.38372  22.3%  14.9    1s
* 8438  2140             120    3694.4015941 2869.38372  22.3%  14.9    1s
* 8440  2140             121    3694.3770331 2869.38372  22.3%  14.9    1s
* 8448  2140             123    3694.3758149 2869.38372  22.3%  14.9    1s
H 8824  2055                    3665.1919031 2869.38372  21.7%  14.9    1s
H 8828  1733                    3637.6864687 2869.38372  21.1%  14.9    1s
H 8834  1901                    3610.6509073 2869.38372  20.5%  14.9    1s
H 9017   958                    3510.8341297 2869.38372  18.3%  14.8    1s
* 9622  1090             141    3450.5996454 3021.64225  12.4%  14.7    1s
* 9627  1090             143    3450.5968843 3021.64225  12.4%  14.6    1s
* 9629  1090             142    3450.5851967 3021.64225  12.4%  14.6    1s
*10842  1344             133    3439.8855482 3200.43038  6.96%  14.3    1s
H12243  2163                    3439.8855471 3200.43038  6.96%  14.4    1s
*13002  2229             136    3432.0994032 3200.43038  6.75%  14.3    1s
*13007  2221             137    3430.1876273 3200.43038  6.70%  14.3    1s
*13009  2217             136    3428.6788920 3200.43038  6.66%  14.3    1s
*13012  2203             137    3423.1896148 3200.43038  6.51%  14.3    1s
H13296  2259                    3399.1358114 3200.43038  5.85%  14.3    1s
*13311  1788             138    3364.5196699 3200.43038  4.88%  14.3    1s
*13557  1270              90    3314.7690605 3200.43038  3.45%  14.3    1s
*14644  1328              90    3308.1913670 3200.43038  3.26%  14.4    1s
H15627  1587                    3289.4876532 3200.43038  2.71%  14.4    1s
H18243  2201                    3281.2008061 3200.43038  2.46%  14.5    2s
*18261  2201             114    3281.1475510 3200.43038  2.46%  14.4    2s
H18503  1565                    3264.5649943 3200.43038  1.96%  14.6    2s
H18777  1373                    3248.8584074 3200.43038  1.49%  14.8    2s
H19126  1187                    3228.4115876 3200.43038  0.87%  14.8    2s
*19718  1623             138    3216.9697829 3200.43038  0.51%  15.0    2s
*19775  1586             139    3214.1009692 3200.43038  0.43%  15.0    2s
*19780  1586             139    3214.0638157 3200.43038  0.42%  15.0    2s
H19795  1467                    3209.1307851 3200.43038  0.27%  15.0    2s
*20357  1422             143    3204.0831380 3200.43038  0.11%  15.1    2s
*20404  1400             123    3200.4533935 3200.43038  0.00%  15.1    2s
*20410  1400             124    3200.4422597 3200.43038  0.00%  15.1    2s

Cutting planes:
  Gomory: 3
  MIR: 3
  Relax-and-lift: 5

Explored 20822 nodes (323691 simplex iterations) in 2.47 seconds (4.06 work units)
Thread count was 8 (of 8 available processors)

Solution count 10: 3200.44 3200.45 3204.08 ... 3264.56

Optimal solution found (tolerance 1.00e-04)
Best objective 3.200442259704e+03, best bound 3.200430382047e+03, gap 0.0004%

User-callback calls 43634, time in user-callback 0.00 sec

Gurobi 12.0.3 (mac64[arm]) logging started Tue Sep 23 19:11:58 2025

Set parameter LogFile to value "Logs/PowerFlow Logs/L50/phase1/scenario_generation.log"
Set parameter LogToConsole to value 0

Gurobi 12.0.3 (mac64[arm]) logging started Tue Sep 23 19:11:58 2025

Set parameter LogFile to value "Logs/PowerFlow Logs/L50/phase1/scenario_generation.log"
Gurobi Optimizer version 12.0.3 build v12.0.3rc0 (mac64[arm] - Darwin 24.6.0 24G222)

CPU model: Apple M3
Thread count: 8 physical cores, 8 logical processors, using up to 8 threads

Non-default parameters:
TimeLimit  60
LogToConsole  0

Optimize a model with 980 rows, 726 columns and 3212 nonzeros
Model fingerprint: 0xaf6babb1
Variable types: 540 continuous, 186 integer (186 binary)
Coefficient statistics:
  Matrix range     [1e+00, 3e+03]
  Objective range  [6e-02, 1e+04]
  Bounds range     [0e+00, 0e+00]
  RHS range        [9e-03, 3e+03]
Found heuristic solution: objective 442283.43847
Found heuristic solution: objective 442283.43693
Presolve removed 181 rows and 40 columns
Presolve time: 0.01s
Presolved: 799 rows, 686 columns, 2644 nonzeros
Found heuristic solution: objective 421697.20720
Variable types: 513 continuous, 173 integer (173 binary)

Root relaxation: objective 2.301484e+03, 1074 iterations, 0.01 seconds (0.01 work units)

    Nodes    |    Current Node    |     Objective Bounds      |     Work
 Expl Unexpl |  Obj  Depth IntInf | Incumbent    BestBd   Gap | It/Node Time

     0     0 2301.48419    0   10 421697.207 2301.48419  99.5%     -    0s
H    0     0                    53330.514598 2301.48419  95.7%     -    0s
H    0     0                    43624.380948 2301.48419  94.7%     -    0s
H    0     0                    41857.384061 2301.48419  94.5%     -    0s
     0     0 2301.48419    0   12 41857.3841 2301.48419  94.5%     -    0s
H    0     0                    9269.5400943 2301.48419  75.2%     -    0s
H    0     0                    6502.2448261 2301.48419  64.6%     -    0s
     0     0 2301.48419    0   10 6502.24483 2301.48419  64.6%     -    0s
     0     0 2301.48419    0   10 6502.24483 2301.48419  64.6%     -    0s
     0     0 2301.48419    0   10 6502.24483 2301.48419  64.6%     -    0s
     0     0 2301.48419    0   11 6502.24483 2301.48419  64.6%     -    0s
     0     0 2301.48419    0   11 6502.24483 2301.48419  64.6%     -    0s
     0     0 2340.12469    0   11 6502.24483 2340.12469  64.0%     -    0s
H    0     0                    5313.4765090 2340.12469  56.0%     -    0s
H    0     0                    5308.3677110 2340.12469  55.9%     -    0s
     0     2 2340.12469    0   11 5308.36771 2340.12469  55.9%     -    0s
H   27    42                    5064.0916587 2342.33204  53.7%  24.9    0s
H   37    42                    5060.6707570 2342.33204  53.7%  23.2    0s
H   47    42                    4618.0242991 2342.33204  49.3%  21.7    0s
H   52    42                    4395.5636205 2342.33204  46.7%  20.9    0s
H  114   120                    4390.0455240 2342.33204  46.6%  19.5    0s
H  114   120                    4389.1133650 2342.33204  46.6%  19.5    0s
H  194   199                    4212.8605718 2342.33204  44.4%  14.2    0s
H 1123   587                    3725.8350988 2886.69421  22.5%  16.9    0s
H 1509   586                    3630.1182472 2886.69421  20.5%  15.4    0s
H 2540   883                    3630.1182453 2886.69421  20.5%  15.5    0s
H 3259   719                    3576.4350595 2886.69421  19.3%  15.3    0s
H 4122   799                    3576.4350584 2899.70402  18.9%  15.2    0s
H 4142   799                    3576.4350572 2899.70402  18.9%  15.2    0s
H 4535   469                    3383.4190165 2908.88500  14.0%  15.3    0s
H 4538   469                    3373.1283499 2908.88500  13.8%  15.3    0s
H 4948   541                    3323.7315651 2908.88500  12.5%  15.4    0s
H 5355   657                    3311.0966966 2908.88500  12.1%  15.7    0s
H 6118   952                    3311.0966961 2908.88500  12.1%  16.5    1s
H 6202   952                    3311.0966957 2908.88500  12.1%  16.4    1s
H 6929  1099                    3311.0966951 2935.10786  11.4%  17.0    1s
H 8049  1348                    3305.5509403 2935.10786  11.2%  18.5    1s
H 9376  1543                    3304.8817468 3303.46855  0.04%  19.8    1s
H 9377  1499                    3303.5441665 3303.46855  0.00%  19.8    1s

Cutting planes:
  Gomory: 1
  MIR: 1

Explored 9408 nodes (188974 simplex iterations) in 1.98 seconds (2.80 work units)
Thread count was 8 (of 8 available processors)

Solution count 10: 3303.54 3304.88 3305.55 ... 3725.84

Optimal solution found (tolerance 1.00e-04)
Best objective 3.303544166460e+03, best bound 3.303468553834e+03, gap 0.0023%

User-callback calls 20473, time in user-callback 0.00 sec

Gurobi 12.0.3 (mac64[arm]) logging started Tue Sep 23 19:12:00 2025

Set parameter LogFile to value "Logs/PowerFlow Logs/L50/phase1/scenario_generation.log"
Set parameter LogToConsole to value 0

Gurobi 12.0.3 (mac64[arm]) logging started Tue Sep 23 19:12:00 2025

Set parameter LogFile to value "Logs/PowerFlow Logs/L50/phase1/scenario_generation.log"
Gurobi Optimizer version 12.0.3 build v12.0.3rc0 (mac64[arm] - Darwin 24.6.0 24G222)

CPU model: Apple M3
Thread count: 8 physical cores, 8 logical processors, using up to 8 threads

Non-default parameters:
TimeLimit  60
LogToConsole  0

Optimize a model with 980 rows, 726 columns and 3212 nonzeros
Model fingerprint: 0x62b1079a
Variable types: 540 continuous, 186 integer (186 binary)
Coefficient statistics:
  Matrix range     [1e+00, 3e+03]
  Objective range  [6e-02, 1e+04]
  Bounds range     [0e+00, 0e+00]
  RHS range        [6e-02, 3e+03]
Found heuristic solution: objective 439839.82465
Found heuristic solution: objective 439839.82289
Presolve removed 181 rows and 40 columns
Presolve time: 0.01s
Presolved: 799 rows, 686 columns, 2644 nonzeros
Found heuristic solution: objective 420450.76046
Variable types: 513 continuous, 173 integer (173 binary)

Root relaxation: objective 2.364035e+03, 978 iterations, 0.01 seconds (0.01 work units)

    Nodes    |    Current Node    |     Objective Bounds      |     Work
 Expl Unexpl |  Obj  Depth IntInf | Incumbent    BestBd   Gap | It/Node Time

     0     0 2364.03548    0   17 420450.760 2364.03548  99.4%     -    0s
H    0     0                    61003.041084 2364.03548  96.1%     -    0s
H    0     0                    59024.322331 2364.03548  96.0%     -    0s
H    0     0                    56050.417272 2364.03548  95.8%     -    0s
     0     0 2364.03548    0   16 56050.4173 2364.03548  95.8%     -    0s
H    0     0                    11525.180883 2364.03548  79.5%     -    0s
     0     0 2364.03548    0   16 11525.1809 2364.03548  79.5%     -    0s
     0     0 2364.03548    0   14 11525.1809 2364.03548  79.5%     -    0s
H    0     0                    10578.311839 2364.03548  77.7%     -    0s
H    0     0                    7353.3225920 2364.03548  67.9%     -    0s
     0     0 2372.41018    0   15 7353.32259 2372.41018  67.7%     -    0s
     0     0 2379.44349    0   15 7353.32259 2379.44349  67.6%     -    0s
     0     0 2405.19406    0   21 7353.32259 2405.19406  67.3%     -    0s
     0     0 2405.19747    0   20 7353.32259 2405.19747  67.3%     -    0s
     0     0 2405.50796    0   21 7353.32259 2405.50796  67.3%     -    0s
H    0     0                    5935.9385853 2405.50796  59.5%     -    0s
H    0     0                    4089.6838510 2405.50796  41.2%     -    0s
     0     0 2405.50796    0   21 4089.68385 2405.50796  41.2%     -    0s
     0     0 2405.50796    0   14 4089.68385 2405.50796  41.2%     -    0s
H    0     2                    4057.9270564 2405.50796  40.7%     -    0s
     0     2 2405.50796    0   12 4057.92706 2405.50796  40.7%     -    0s
H 1455  1171                    3944.2387817 2861.69758  27.4%  14.6    0s
H 1507  1170                    3914.3323911 2861.69758  26.9%  14.4    0s
H 2247  1508                    3875.8200149 2861.69758  26.2%  14.4    0s
H 2332  1499                    3871.0986914 2861.69758  26.1%  14.3    0s
H 2650  1577                    3805.1714783 2861.69758  24.8%  14.5    0s
H 2835  1523                    3805.1714778 2861.69758  24.8%  14.4    0s
H 3194  1647                    3799.3544831 2861.69758  24.7%  14.6    0s
H 3409  1648                    3799.3544821 2861.69758  24.7%  14.9    0s
H 3799  1067                    3774.5391337 2861.69758  24.2%  15.3    0s
H 3801  1011                    3747.0392362 2861.69758  23.6%  15.3    0s
* 3825   958             119    3737.6690010 2861.69758  23.4%  15.3    0s
H 4206   763                    3537.2376311 2861.69758  19.1%  15.0    0s
H 4662   913                    3537.2376307 3105.99720  12.2%  14.9    0s
H 5698  1065                    3458.5776869 3223.30877  6.80%  14.8    1s
* 6744  1288             103    3357.6272920 3223.30877  4.00%  15.4    1s
* 6745  1287             103    3355.3686758 3223.30877  3.94%  15.4    1s
H 7968  1504                    3333.7012913 3223.30877  3.31%  16.1    1s
H 8251  1587                    3333.7012903 3223.30877  3.31%  16.2    1s
H 8864  1551                    3299.5938018 3223.30877  2.31%  16.5    1s
H 9071  1605                    3299.1275562 3223.30877  2.30%  16.7    1s
H 9198  1564                    3296.2772954 3223.30877  2.21%  16.8    1s
*10052  1897              95    3290.9096340 3223.30877  2.05%  17.8    1s
*10948  2086             103    3290.2992880 3223.30877  2.04%  18.4    1s
*10951  2085             104    3290.0244657 3223.30877  2.03%  18.4    1s
H12042  2421                    3289.4347163 3223.30877  2.01%  18.9    2s
H12045  2421                    3288.9840140 3223.30877  2.00%  18.9    2s
H12047  2349                    3286.5315351 3223.30877  1.92%  18.9    2s
H12048  2342                    3283.3108903 3223.30877  1.83%  18.9    2s
H14089  3479                    3282.8153507 3282.64740  0.01%  20.9    2s

Cutting planes:
  Implied bound: 1
  MIR: 5
  Relax-and-lift: 1

Explored 14099 nodes (296838 simplex iterations) in 2.49 seconds (3.69 work units)
Thread count was 8 (of 8 available processors)

Solution count 10: 3282.82 3283.31 3286.53 ... 3299.13

Optimal solution found (tolerance 1.00e-04)
Best objective 3.282815350739e+03, best bound 3.282647398914e+03, gap 0.0051%

User-callback calls 30181, time in user-callback 0.00 sec

Gurobi 12.0.3 (mac64[arm]) logging started Tue Sep 23 19:12:02 2025

Set parameter LogFile to value "Logs/PowerFlow Logs/L50/phase1/scenario_generation.log"
Set parameter LogToConsole to value 0

Gurobi 12.0.3 (mac64[arm]) logging started Tue Sep 23 19:12:02 2025

Set parameter LogFile to value "Logs/PowerFlow Logs/L50/phase1/scenario_generation.log"
Gurobi Optimizer version 12.0.3 build v12.0.3rc0 (mac64[arm] - Darwin 24.6.0 24G222)

CPU model: Apple M3
Thread count: 8 physical cores, 8 logical processors, using up to 8 threads

Non-default parameters:
TimeLimit  60
LogToConsole  0

Optimize a model with 980 rows, 726 columns and 3212 nonzeros
Model fingerprint: 0x696d08cf
Variable types: 540 continuous, 186 integer (186 binary)
Coefficient statistics:
  Matrix range     [1e+00, 3e+03]
  Objective range  [6e-02, 1e+04]
  Bounds range     [0e+00, 0e+00]
  RHS range        [4e-02, 3e+03]
Found heuristic solution: objective 444407.32772
Found heuristic solution: objective 444407.32625
Presolve removed 181 rows and 40 columns
Presolve time: 0.01s
Presolved: 799 rows, 686 columns, 2644 nonzeros
Found heuristic solution: objective 425130.05229
Variable types: 513 continuous, 173 integer (173 binary)

Root relaxation: objective 2.354210e+03, 870 iterations, 0.01 seconds (0.01 work units)

    Nodes    |    Current Node    |     Objective Bounds      |     Work
 Expl Unexpl |  Obj  Depth IntInf | Incumbent    BestBd   Gap | It/Node Time

     0     0 2354.21046    0   21 425130.052 2354.21046  99.4%     -    0s
H    0     0                    47736.691795 2354.21046  95.1%     -    0s
H    0     0                    31820.857424 2354.21046  92.6%     -    0s
     0     0 2354.21046    0   22 31820.8574 2354.21046  92.6%     -    0s
H    0     0                    18217.134656 2354.21046  87.1%     -    0s
H    0     0                    18151.592861 2354.21046  87.0%     -    0s
     0     0 2359.29855    0   19 18151.5929 2359.29855  87.0%     -    0s
     0     0 2380.79706    0   18 18151.5929 2380.79706  86.9%     -    0s
     0     0 2380.79706    0   14 18151.5929 2380.79706  86.9%     -    0s
H    0     0                    10873.427996 2380.79706  78.1%     -    0s
     0     0 2380.79706    0   14 10873.4280 2380.79706  78.1%     -    0s
     0     0 2380.79706    0   16 10873.4280 2380.79706  78.1%     -    0s
     0     0 2380.79706    0   16 10873.4280 2380.79706  78.1%     -    0s
     0     0 2380.79706    0   17 10873.4280 2380.79706  78.1%     -    0s
H    0     0                    7418.1357587 2380.79706  67.9%     -    0s
     0     0 2380.79706    0   17 7418.13576 2380.79706  67.9%     -    0s
     0     0 2380.79706    0   18 7418.13576 2380.79706  67.9%     -    0s
     0     0 2380.79706    0   18 7418.13576 2380.79706  67.9%     -    0s
     0     0 2380.79706    0   17 7418.13576 2380.79706  67.9%     -    0s
     0     2 2380.79706    0   16 7418.13576 2380.79706  67.9%     -    0s
H   52    62                    5813.1369931 2392.75140  58.8%  17.9    0s
H  590   563                    3913.7174577 2733.88041  30.1%  11.4    0s
H  635   563                    3677.3465159 2733.88041  25.7%  11.6    0s
H 1050   645                    3620.2497978 2733.88041  24.5%  12.2    0s
H 1067   524                    3354.5466895 2733.88041  18.5%  12.6    0s
H 1118   551                    3267.9638526 2733.88041  16.3%  12.4    0s
H 1239   551                    3199.2571398 2740.45836  14.3%  12.1    0s
H 1822   628                    3195.3516879 2864.68538  10.3%  12.6    0s
H 1946   676                    3195.3516871 2864.68538  10.3%  12.3    0s
H 2992   758                    3186.7729035 3093.77800  2.92%  12.0    0s
H 3414   827                    3177.7611330 3116.84022  1.92%  12.6    0s
* 4071   915              99    3170.2795059 3116.84022  1.69%  13.2    0s
* 4091   913             116    3165.4270768 3116.84022  1.53%  13.2    0s
H 4582   910                    3165.4270764 3116.84022  1.53%  13.9    0s
H 8803  1312                    3165.4270753 3116.84022  1.53%  15.7    1s
H 8913  1206                    3165.4270740 3116.84022  1.53%  15.7    1s
H 9842  1266                    3165.3807296 3116.84022  1.53%  16.2    1s
H 9957  1222                    3165.3807293 3116.84022  1.53%  16.3    1s
H10282  1292                    3164.6487428 3164.50573  0.00%  16.8    1s
H10288  1237                    3164.6133159 3164.50573  0.00%  16.8    1s

Cutting planes:
  Gomory: 3
  MIR: 6
  Relax-and-lift: 1

Explored 10307 nodes (175696 simplex iterations) in 1.72 seconds (2.48 work units)
Thread count was 8 (of 8 available processors)

Solution count 10: 3164.61 3164.65 3165.38 ... 3199.26

Optimal solution found (tolerance 1.00e-04)
Best objective 3.164613315855e+03, best bound 3.164505725999e+03, gap 0.0034%

User-callback calls 22002, time in user-callback 0.00 sec

Gurobi 12.0.3 (mac64[arm]) logging started Tue Sep 23 19:12:04 2025

Set parameter LogFile to value "Logs/PowerFlow Logs/L50/phase1/scenario_generation.log"
Set parameter LogToConsole to value 0

Gurobi 12.0.3 (mac64[arm]) logging started Tue Sep 23 19:12:04 2025

Set parameter LogFile to value "Logs/PowerFlow Logs/L50/phase1/scenario_generation.log"
Gurobi Optimizer version 12.0.3 build v12.0.3rc0 (mac64[arm] - Darwin 24.6.0 24G222)

CPU model: Apple M3
Thread count: 8 physical cores, 8 logical processors, using up to 8 threads

Non-default parameters:
TimeLimit  60
LogToConsole  0

Optimize a model with 980 rows, 726 columns and 3212 nonzeros
Model fingerprint: 0xa7c60b4f
Variable types: 540 continuous, 186 integer (186 binary)
Coefficient statistics:
  Matrix range     [1e+00, 3e+03]
  Objective range  [6e-02, 1e+04]
  Bounds range     [0e+00, 0e+00]
  RHS range        [6e-02, 3e+03]
Found heuristic solution: objective 439814.22080
Found heuristic solution: objective 439814.21907
Presolve removed 181 rows and 40 columns
Presolve time: 0.01s
Presolved: 799 rows, 686 columns, 2644 nonzeros
Found heuristic solution: objective 419378.88819
Variable types: 513 continuous, 173 integer (173 binary)

Root relaxation: objective 2.263877e+03, 912 iterations, 0.01 seconds (0.01 work units)

    Nodes    |    Current Node    |     Objective Bounds      |     Work
 Expl Unexpl |  Obj  Depth IntInf | Incumbent    BestBd   Gap | It/Node Time

     0     0 2263.87666    0   21 419378.888 2263.87666  99.5%     -    0s
H    0     0                    65060.779119 2263.87666  96.5%     -    0s
H    0     0                    56333.622626 2263.87666  96.0%     -    0s
     0     0 2263.87666    0   13 56333.6226 2263.87666  96.0%     -    0s
H    0     0                    12253.896752 2263.87666  81.5%     -    0s
     0     0 2263.87666    0   15 12253.8968 2263.87666  81.5%     -    0s
     0     0 2263.87666    0   11 12253.8968 2263.87666  81.5%     -    0s
H    0     0                    10459.009919 2263.87666  78.4%     -    0s
     0     0 2263.87666    0   12 10459.0099 2263.87666  78.4%     -    0s
     0     0 2263.87666    0   12 10459.0099 2263.87666  78.4%     -    0s
H    0     0                    5899.9430100 2263.87666  61.6%     -    0s
     0     0 2263.87666    0   12 5899.94301 2263.87666  61.6%     -    0s
     0     0 2263.87666    0   12 5899.94301 2263.87666  61.6%     -    0s
     0     0 2263.87666    0   12 5899.94301 2263.87666  61.6%     -    0s
     0     2 2263.87666    0   12 5899.94301 2263.87666  61.6%     -    0s
H   32    58                    5378.4414621 2294.06098  57.3%  29.8    0s
H  158   170                    5179.3610253 2297.72553  55.6%  18.3    0s
H  566   518                    3781.9121552 2331.78961  38.3%  15.7    0s
H 1510  1255                    3749.7719531 2521.99094  32.7%  14.7    0s
H 1572  1222                    3636.7721607 2521.99094  30.7%  14.6    0s
H 1572  1135                    3484.2033135 2521.99094  27.6%  14.6    0s
H 1572  1118                    3464.5220552 2521.99094  27.2%  14.6    0s
H 1582  1057                    3464.5220548 2521.99094  27.2%  15.7    0s
H 1645  1038                    3464.5220541 2535.88876  26.8%  15.8    0s
H 2674  1443                    3446.9144228 2649.04616  23.1%  15.8    0s
H 2861  1373                    3440.5913108 2656.03667  22.8%  16.0    0s
H 2864   951                    3245.2816355 2656.03667  18.2%  16.0    0s
H 4013   805                    3205.4539861 2656.03667  17.1%  15.5    0s
H 5079  1050                    3177.7572130 2656.03667  16.4%  15.0    0s
H 5167   815                    3134.6424995 2656.03667  15.3%  14.9    1s
* 5306   917              78    3123.4478934 2656.03667  15.0%  14.8    1s
* 5571  1017              81    3117.5878589 2656.03667  14.8%  14.7    1s
* 5572   997              81    3116.8285148 2656.03667  14.8%  14.7    1s
H 5646   812                    3026.2950362 2656.03667  12.2%  14.6    1s
* 5652   812              79    3025.7013411 2656.03667  12.2%  14.6    1s
H 6959  1247                    3025.7013406 2656.03667  12.2%  15.3    1s
H 6978  1204                    3021.7540609 2656.03667  12.1%  15.3    1s
H 7918  1429                    3021.7540605 2695.20902  10.8%  15.8    1s
H 7985  1429                    3021.7540593 2695.20902  10.8%  15.9    1s
H 8391  1151                    2927.2074582 2828.70452  3.37%  16.0    1s
H 8882  1211                    2927.2074578 2830.75495  3.30%  16.6    1s
H10160  1429                    2922.0801817 2899.46991  0.77%  17.2    1s
*10783  1537             109    2912.2443308 2902.74497  0.33%  17.3    1s
*11067  1443              75    2903.9881658 2902.74497  0.04%  17.3    1s
H12822  2062                    2903.7629597 2902.74497  0.04%  21.0    2s
H15419  3023                    2903.6693218 2902.74497  0.03%  25.7    3s
H16699  3318                    2903.6126864 2902.74497  0.03%  27.4    3s
H16868  3318                    2903.6126262 2902.74497  0.03%  27.7    3s
H16998  3423                    2903.1718874 2902.74497  0.01%  27.8    3s
 22185  4621 2902.74497   67    3 2903.17189 2902.74497  0.01%  34.5    5s
 36578  7584 2902.74497   84    9 2903.17189 2902.74497  0.01%  50.0   10s
H45480  9278                    2903.1718870 2902.74497  0.01%  55.0   13s
 51232 10588 infeasible   95      2903.17189 2902.74497  0.01%  56.6   15s
 71839 16492 2902.74497   67    6 2903.17189 2902.74497  0.01%  59.9   20s
*72797 16416             137    2903.0929279 2902.74497  0.01%  59.6   20s
H73224 16371                    2902.8240389 2902.74497  0.00%  59.5   20s
H73291 16314                    2902.7829575 2902.74497  0.00%  59.5   20s

Cutting planes:
  Gomory: 6
  Implied bound: 1
  MIR: 3
  Flow cover: 21
  Relax-and-lift: 1

Explored 73695 nodes (4378083 simplex iterations) in 20.40 seconds (35.51 work units)
Thread count was 8 (of 8 available processors)

Solution count 10: 2902.78 2902.78 2902.82 ... 2903.99

Optimal solution found (tolerance 1.00e-04)
Best objective 2.902782957491e+03, best bound 2.902744973047e+03, gap 0.0013%

User-callback calls 158114, time in user-callback 0.02 sec

Gurobi 12.0.3 (mac64[arm]) logging started Tue Sep 23 19:12:25 2025

Set parameter LogFile to value "Logs/PowerFlow Logs/L50/phase1/scenario_generation.log"
Set parameter LogToConsole to value 0

Gurobi 12.0.3 (mac64[arm]) logging started Tue Sep 23 19:12:25 2025

Set parameter LogFile to value "Logs/PowerFlow Logs/L50/phase1/scenario_generation.log"
Gurobi Optimizer version 12.0.3 build v12.0.3rc0 (mac64[arm] - Darwin 24.6.0 24G222)

CPU model: Apple M3
Thread count: 8 physical cores, 8 logical processors, using up to 8 threads

Non-default parameters:
TimeLimit  60
LogToConsole  0

Optimize a model with 980 rows, 726 columns and 3212 nonzeros
Model fingerprint: 0x19ab4b05
Variable types: 540 continuous, 186 integer (186 binary)
Coefficient statistics:
  Matrix range     [1e+00, 3e+03]
  Objective range  [6e-02, 1e+04]
  Bounds range     [0e+00, 0e+00]
  RHS range        [5e-02, 3e+03]
Found heuristic solution: objective 442616.31345
Found heuristic solution: objective 442616.31179
Presolve removed 181 rows and 40 columns
Presolve time: 0.01s
Presolved: 799 rows, 686 columns, 2644 nonzeros
Found heuristic solution: objective 422486.27432
Variable types: 513 continuous, 173 integer (173 binary)

Root relaxation: objective 2.354649e+03, 892 iterations, 0.01 seconds (0.01 work units)

    Nodes    |    Current Node    |     Objective Bounds      |     Work
 Expl Unexpl |  Obj  Depth IntInf | Incumbent    BestBd   Gap | It/Node Time

     0     0 2354.64855    0   18 422486.274 2354.64855  99.4%     -    0s
H    0     0                    71873.628405 2354.64855  96.7%     -    0s
H    0     0                    53854.537946 2354.64855  95.6%     -    0s
H    0     0                    51362.317303 2354.64855  95.4%     -    0s
     0     0 2354.64855    0   14 51362.3173 2354.64855  95.4%     -    0s
H    0     0                    20188.669598 2354.64855  88.3%     -    0s
     0     0 2354.64855    0   12 20188.6696 2354.64855  88.3%     -    0s
H    0     0                    4950.1523336 2354.64855  52.4%     -    0s
     0     0 2354.64855    0    8 4950.15233 2354.64855  52.4%     -    0s
H    0     0                    4749.3576121 2354.64855  50.4%     -    0s
     0     0 2354.64855    0    8 4749.35761 2354.64855  50.4%     -    0s
     0     0 2354.64855    0    8 4749.35761 2354.64855  50.4%     -    0s
H    0     0                    4494.8380215 2354.64855  47.6%     -    0s
     0     0 2354.64855    0    8 4494.83802 2354.64855  47.6%     -    0s
     0     2 2354.64855    0    8 4494.83802 2354.64855  47.6%     -    0s
H  104    82                    3722.6207707 2372.40575  36.3%  13.7    0s
H  399   363                    3722.6207682 2404.55987  35.4%  13.9    0s
H  823   633                    3659.4780423 2770.86972  24.3%  17.2    0s
H 1707  1282                    3631.4138830 2770.86972  23.7%  15.5    0s
H 1707  1131                    3506.4384069 2770.86972  21.0%  15.5    0s
H 2569  1329                    3506.4384064 2770.86972  21.0%  15.8    0s
H 2755  1334                    3482.8948505 2770.86972  20.4%  15.9    0s
* 2974  1365             113    3477.4317710 2770.86972  20.3%  15.9    0s
H 3040  1033                    3368.0078690 2770.86972  17.7%  15.7    0s
H 3212   965                    3360.8291902 2780.84514  17.3%  15.8    0s
H 3216   919                    3352.3063263 2780.84514  17.0%  15.8    0s
H 3264   927                    3352.3063257 2780.84514  17.0%  15.8    0s
H 3505   941                    3352.3063242 2780.84514  17.0%  15.9    0s
H 3508   902                    3351.9596503 2780.84514  17.0%  15.9    0s
* 3860   747             123    3312.8299546 2780.84514  16.1%  15.7    0s
* 3866   746             122    3308.4813080 2780.84514  15.9%  15.7    0s
H 4924  1149                    3298.3376754 2780.84514  15.7%  15.6    0s
H 4930  1149                    3297.6966271 2780.84514  15.7%  15.6    0s
H 5394  1293                    3297.6966260 2780.84514  15.7%  15.5    0s
* 5414  1187             146    3293.0675767 2780.84514  15.6%  15.5    0s
* 5417  1187             144    3292.9266301 2780.84514  15.6%  15.5    0s
* 7391  1313              94    3271.2556503 2780.84514  15.0%  16.2    1s
H10474  1362                    3263.0800686 2882.21778  11.7%  16.2    1s
H10885  1162                    3243.5251025 2899.16218  10.6%  16.1    1s
*13935  1282              74    3234.7559392 3069.90039  5.10%  16.3    1s
*14268   869              73    3207.2565993 3069.90039  4.28%  16.3    1s
*14669  1058              72    3198.6544370 3069.90039  4.03%  16.3    2s
*15435   748              70    3101.3667762 3069.90039  1.01%  16.4    2s
H16139  1025                    3100.1827524 3069.90039  0.98%  16.6    2s
H16686  1233                    3084.6863491 3069.90039  0.48%  16.6    2s
H17709  1535                    3074.8546799 3069.90039  0.16%  17.0    2s
*17922  1459              63    3070.2988949 3069.90039  0.01%  17.0    2s
H20488  2224                    3070.0533846 3069.90039  0.00%  18.9    2s

Cutting planes:
  Relax-and-lift: 1

Explored 20737 nodes (398447 simplex iterations) in 2.78 seconds (4.43 work units)
Thread count was 8 (of 8 available processors)

Solution count 10: 3070.05 3070.3 3074.85 ... 3243.53

Optimal solution found (tolerance 1.00e-04)
Best objective 3.070053384606e+03, best bound 3.069900394521e+03, gap 0.0050%

User-callback calls 43545, time in user-callback 0.01 sec

Gurobi 12.0.3 (mac64[arm]) logging started Tue Sep 23 19:12:27 2025

Set parameter LogFile to value "Logs/PowerFlow Logs/L50/phase1/scenario_generation.log"
Set parameter LogToConsole to value 0

Gurobi 12.0.3 (mac64[arm]) logging started Tue Sep 23 19:12:27 2025

Set parameter LogFile to value "Logs/PowerFlow Logs/L50/phase1/scenario_generation.log"
Gurobi Optimizer version 12.0.3 build v12.0.3rc0 (mac64[arm] - Darwin 24.6.0 24G222)

CPU model: Apple M3
Thread count: 8 physical cores, 8 logical processors, using up to 8 threads

Non-default parameters:
TimeLimit  60
LogToConsole  0

Optimize a model with 980 rows, 726 columns and 3212 nonzeros
Model fingerprint: 0xcd576813
Variable types: 540 continuous, 186 integer (186 binary)
Coefficient statistics:
  Matrix range     [1e+00, 3e+03]
  Objective range  [6e-02, 1e+04]
  Bounds range     [0e+00, 0e+00]
  RHS range        [6e-02, 3e+03]
Found heuristic solution: objective 441144.61677
Found heuristic solution: objective 441144.61514
Presolve removed 181 rows and 40 columns
Presolve time: 0.01s
Presolved: 799 rows, 686 columns, 2644 nonzeros
Found heuristic solution: objective 420774.15778
Variable types: 513 continuous, 173 integer (173 binary)

Root relaxation: objective 2.317567e+03, 1045 iterations, 0.01 seconds (0.02 work units)

    Nodes    |    Current Node    |     Objective Bounds      |     Work
 Expl Unexpl |  Obj  Depth IntInf | Incumbent    BestBd   Gap | It/Node Time

     0     0 2317.56672    0   19 420774.158 2317.56672  99.4%     -    0s
H    0     0                    81138.811724 2317.56672  97.1%     -    0s
H    0     0                    42376.195102 2317.56672  94.5%     -    0s
     0     0 2317.56672    0   17 42376.1951 2317.56672  94.5%     -    0s
H    0     0                    14190.823250 2317.56672  83.7%     -    0s
     0     0 2317.56672    0   17 14190.8233 2317.56672  83.7%     -    0s
     0     0 2317.56672    0   14 14190.8233 2317.56672  83.7%     -    0s
H    0     0                    11519.234197 2317.56672  79.9%     -    0s
     0     0 2317.56672    0   15 11519.2342 2317.56672  79.9%     -    0s
     0     0 2317.56672    0   12 11519.2342 2317.56672  79.9%     -    0s
     0     0 2317.56672    0   12 11519.2342 2317.56672  79.9%     -    0s
     0     0 2317.56672    0   10 11519.2342 2317.56672  79.9%     -    0s
     0     0 2317.56672    0   14 11519.2342 2317.56672  79.9%     -    0s
H    0     0                    4695.3712877 2317.56672  50.6%     -    0s
     0     0 2317.56672    0   13 4695.37129 2317.56672  50.6%     -    0s
     0     0 2317.70471    0   15 4695.37129 2317.70471  50.6%     -    0s
     0     0 2317.71010    0   19 4695.37129 2317.71010  50.6%     -    0s
     0     0 2317.71225    0   19 4695.37129 2317.71225  50.6%     -    0s
     0     0 2317.73037    0   19 4695.37129 2317.73037  50.6%     -    0s
H    0     0                    3870.8120677 2317.74456  40.1%     -    0s
     0     0 2317.74456    0   20 3870.81207 2317.74456  40.1%     -    0s
     0     0 2317.74456    0   19 3870.81207 2317.74456  40.1%     -    0s
     0     0 2317.74456    0   19 3870.81207 2317.74456  40.1%     -    0s
     0     0 2317.74456    0   16 3870.81207 2317.74456  40.1%     -    0s
     0     2 2317.74456    0   16 3870.81207 2317.74456  40.1%     -    0s
H   71    89                    3850.3369279 2387.24782  38.0%  15.8    0s
H   76    89                    3850.3369274 2387.24782  38.0%  15.2    0s
H  141   159                    3850.3369252 2387.24782  38.0%  13.5    0s
H  221   244                    3760.5715096 2387.24782  36.5%  12.3    0s
H  907   653                    3742.4713188 2577.27302  31.1%  15.0    0s
H 1698  1126                    3718.5081317 2578.52068  30.7%  16.1    0s
H 1698  1123                    3716.4658068 2578.52068  30.6%  16.1    0s
H 1698  1049                    3685.9387718 2578.52068  30.0%  16.1    0s
H 1698  1033                    3682.6869648 2578.52068  30.0%  16.1    0s
H 1698   810                    3640.2539721 2578.52068  29.2%  16.1    0s
H 1698   809                    3639.6184496 2578.52068  29.2%  16.1    0s
H 1889   815                    3639.6184492 2578.52068  29.2%  16.7    0s
H 1919   767                    3639.6184488 2578.52068  29.2%  16.6    0s
H 2276   933                    3639.6184484 2578.52068  29.2%  16.2    0s
H 2897  1181                    3638.4535673 2732.53275  24.9%  15.9    0s
H 3087  1156                    3638.4535669 2732.53275  24.9%  15.7    0s
H 4003  1559                    3638.4535665 3138.01231  13.8%  14.9    0s
H 4605  1985                    3638.4535660 3138.01231  13.8%  14.1    0s
H 5894  2251                    3511.6981677 3138.01231  10.6%  12.9    1s
H 6405  2767                    3511.6981673 3138.01231  10.6%  12.7    1s
H 6839  2969                    3511.6981667 3138.01231  10.6%  12.5    1s
H 9787  5103                    3508.9559342 3138.01231  10.6%  11.9    1s
H23386 13857                    3496.4166789 3138.01231  10.3%  10.3    2s
H23387 13474                    3482.6434099 3138.01231  9.90%  10.3    2s
H23450 13543                    3482.6434092 3138.01231  9.90%  10.3    2s
H23482 13760                    3482.6434058 3138.01231  9.90%  10.3    2s
H24606 14272                    3482.1714374 3138.01231  9.88%  10.2    2s
H36248 22242                    3482.1503383 3138.01231  9.88%  10.0    3s
 49486 30781 3208.21114  121    1 3482.15034 3138.01231  9.88%  11.3    5s
H65597 39112                    3482.1503376 3138.01231  9.88%  13.2    6s
 93862 49248 3234.36157  117    6 3482.15034 3138.01231  9.88%  14.9   10s
H125679 60612                    3481.9230361 3138.01231  9.88%  15.6   13s
H125685 59891                    3461.2918890 3138.01231  9.34%  15.6   13s
H125687 59260                    3440.2786418 3138.01231  8.79%  15.6   13s
H126116 59271                    3436.4436765 3138.01231  8.68%  15.6   13s
H127593 58548                    3415.0975803 3138.01231  8.11%  15.7   13s
H127681 58492                    3414.1659164 3138.01231  8.09%  15.7   13s
 135430 60748 3200.23374  125    4 3414.16592 3138.01231  8.09%  16.2   15s
H136653 58406                    3410.6550870 3138.01231  7.99%  16.3   15s
H137883 58275                    3388.3150049 3138.01231  7.39%  16.3   15s
H137987 58031                    3375.6322496 3138.01231  7.04%  16.4   15s
H139064 57195                    3337.6258182 3138.01231  5.98%  16.4   15s
H139291 56352                    3305.1568711 3138.01231  5.06%  16.4   15s
H139453 49225                    3216.7538215 3138.01231  2.45%  16.4   15s
H140915 49453                    3216.4872050 3138.01231  2.44%  16.5   15s
H155049 50675                    3216.4871985 3138.01231  2.44%  17.2   17s
H156253 50759                    3216.4861554 3138.01231  2.44%  17.3   18s
H157727 50910                    3216.4424872 3138.01231  2.44%  17.4   18s
H159003 49935                    3213.5000105 3138.01231  2.35%  17.5   18s
 166362 50928 3200.23374  114    6 3213.50001 3138.01231  2.35%  18.1   20s
H166648 48914                    3210.4564024 3138.01231  2.26%  18.1   20s
H166821 44678                    3205.8061344 3138.01231  2.11%  18.1   20s
H166859 44534                    3205.6353231 3138.01231  2.11%  18.1   20s
H166914 44480                    3205.5788715 3138.01231  2.11%  18.1   20s
H169988 43492                    3204.1504288 3138.01231  2.06%  18.3   20s
H172464 41864                    3201.7140924 3138.01231  1.99%  18.6   21s
H172501 41702                    3201.5175947 3138.01231  1.98%  18.6   21s
 199132 49163 3200.91468  125    4 3201.51759 3138.01231  1.98%  19.3   25s
 229452 57571     cutoff  102      3201.51759 3138.01231  1.98%  20.3   30s
 260508 61954 3200.23374  116    5 3201.51759 3138.15220  1.98%  20.8   35s
 294904 59294     cutoff  117      3201.51759 3138.49908  1.97%  21.5   40s
 327914 58311     cutoff  124      3201.51759 3139.08582  1.95%  22.2   45s
 356859 63660     cutoff  113      3201.51759 3140.54193  1.90%  22.9   50s
 396814 66825     cutoff   94      3201.51759 3146.41699  1.72%  22.5   55s
H429747 60054                    3201.1459191 3199.63517  0.05%  22.0   58s
H430869 53404                    3200.3108800 3199.63517  0.02%  22.0   58s
H431155 53349                    3200.2955380 3199.63517  0.02%  22.0   58s
 438878 56200 3200.23374   71   10 3200.29554 3199.63517  0.02%  22.0   60s

Cutting planes:
  Gomory: 3
  Implied bound: 4
  MIR: 12
  Flow cover: 9

Explored 439118 nodes (9680174 simplex iterations) in 60.00 seconds (99.53 work units)
Thread count was 8 (of 8 available processors)

Solution count 10: 3200.3 3200.31 3201.15 ... 3210.46

Time limit reached
Best objective 3.200295537974e+03, best bound 3.199635169539e+03, gap 0.0206%

User-callback calls 906086, time in user-callback 0.10 sec

Gurobi 12.0.3 (mac64[arm]) logging started Tue Sep 23 19:13:27 2025

Set parameter LogFile to value "Logs/PowerFlow Logs/L50/phase1/scenario_generation.log"
Set parameter LogToConsole to value 0

Gurobi 12.0.3 (mac64[arm]) logging started Tue Sep 23 19:13:27 2025

Set parameter LogFile to value "Logs/PowerFlow Logs/L50/phase1/scenario_generation.log"
Gurobi Optimizer version 12.0.3 build v12.0.3rc0 (mac64[arm] - Darwin 24.6.0 24G222)

CPU model: Apple M3
Thread count: 8 physical cores, 8 logical processors, using up to 8 threads

Non-default parameters:
TimeLimit  60
LogToConsole  0

Optimize a model with 980 rows, 726 columns and 3212 nonzeros
Model fingerprint: 0x9f73b3f6
Variable types: 540 continuous, 186 integer (186 binary)
Coefficient statistics:
  Matrix range     [1e+00, 3e+03]
  Objective range  [6e-02, 1e+04]
  Bounds range     [0e+00, 0e+00]
  RHS range        [6e-02, 3e+03]
Found heuristic solution: objective 445152.03891
Found heuristic solution: objective 445152.03738
Presolve removed 181 rows and 40 columns
Presolve time: 0.01s
Presolved: 799 rows, 686 columns, 2644 nonzeros
Found heuristic solution: objective 424281.08512
Variable types: 513 continuous, 173 integer (173 binary)

Root relaxation: objective 2.449579e+03, 1093 iterations, 0.01 seconds (0.01 work units)

    Nodes    |    Current Node    |     Objective Bounds      |     Work
 Expl Unexpl |  Obj  Depth IntInf | Incumbent    BestBd   Gap | It/Node Time

     0     0 2449.57929    0   16 424281.085 2449.57929  99.4%     -    0s
H    0     0                    54562.181703 2449.57929  95.5%     -    0s
H    0     0                    18198.287827 2449.57929  86.5%     -    0s
     0     0 2449.57929    0   14 18198.2878 2449.57929  86.5%     -    0s
H    0     0                    7731.3031671 2449.57929  68.3%     -    0s
     0     0 2449.57929    0   14 7731.30317 2449.57929  68.3%     -    0s
     0     0 2449.57929    0   12 7731.30317 2449.57929  68.3%     -    0s
     0     0 2449.57929    0   12 7731.30317 2449.57929  68.3%     -    0s
     0     0 2449.57929    0   13 7731.30317 2449.57929  68.3%     -    0s
H    0     0                    7434.4020465 2449.57929  67.1%     -    0s
     0     0 2449.57929    0   13 7434.40205 2449.57929  67.1%     -    0s
     0     0 2449.57929    0   12 7434.40205 2449.57929  67.1%     -    0s
     0     0 2449.57929    0   12 7434.40205 2449.57929  67.1%     -    0s
     0     0 2449.57929    0   12 7434.40205 2449.57929  67.1%     -    0s
H    0     0                    5821.8807709 2449.57929  57.9%     -    0s
     0     0 2449.57929    0   12 5821.88077 2449.57929  57.9%     -    0s
     0     0 2449.57929    0   11 5821.88077 2449.57929  57.9%     -    0s
     0     0 2449.57929    0   11 5821.88077 2449.57929  57.9%     -    0s
H    0     0                    5821.8807698 2449.57929  57.9%     -    0s
     0     2 2449.57929    0   11 5821.88077 2449.57929  57.9%     -    0s
H  188   218                    5821.8807690 2449.57929  57.9%  18.7    0s
H  285   322                    5821.8807662 2449.57929  57.9%  16.0    0s
H  686   739                    5821.8807655 2449.57929  57.9%  16.0    0s
H 1165  1187                    5635.4210345 2449.57929  56.5%  15.6    0s
* 1193  1186             149    5563.5932521 2449.57929  56.0%  15.4    0s
* 1321  1278             144    5452.5867978 2449.57929  55.1%  15.6    0s
* 1324  1278             145    5450.6787236 2449.57929  55.1%  15.5    0s
H 1488  1318                    5420.7227095 2449.57929  54.8%  15.2    0s
H 1541  1316                    5406.3988221 2449.57929  54.7%  15.0    0s
H 1706  1367                    5406.3988205 2454.29204  54.6%  15.2    0s
H 1708  1301                    5376.4428068 2454.29204  54.4%  15.2    0s
H 1710  1236                    5376.4427991 2454.29204  54.4%  15.2    0s
H 1710  1174                    5126.6159642 2454.29204  52.1%  15.2    0s
H 1711  1116                    5123.4917424 2454.29204  52.1%  15.2    0s
H 1718  1064                    5123.4917404 2454.29204  52.1%  15.1    0s
H 1727  1016                    4980.9957815 2454.29204  50.7%  15.0    0s
H 1730   966                    4905.8223372 2454.29204  50.0%  15.0    0s
H 1731   919                    4899.5618205 2463.27254  49.7%  15.0    0s
H 1733   873                    4844.5254274 2469.59233  49.0%  15.0    0s
H 1735   831                    4840.3314409 2472.14576  48.9%  14.9    0s
H 1737   789                    4836.7334864 2472.92402  48.9%  14.9    0s
H 1737   749                    4836.7334859 2472.92402  48.9%  14.9    0s
H 1744   716                    4836.7334837 2476.04569  48.8%  14.9    0s
H 1755   686                    4836.7334821 2479.24690  48.7%  14.8    1s
H 1772   663                    4836.7334771 2888.64915  40.3%  18.3    1s
H 1775   632                    4201.7854879 2888.64915  31.3%  18.2    1s
H 1778   602                    4201.7854870 3011.79458  28.3%  18.2    1s
H 1868   610                    3857.0184574 3011.79458  21.9%  20.6    1s
H 2006   616                    3857.0184531 3011.79458  21.9%  20.3    1s
H 2070   618                    3857.0184520 3011.79458  21.9%  20.2    1s
H 2909   816                    3857.0184515 3012.70523  21.9%  19.5    1s
H 2939   780                    3857.0184506 3012.70523  21.9%  19.7    1s
H 3416   789                    3817.4126448 3037.33486  20.4%  19.7    1s
H 3446   753                    3803.2677479 3037.33486  20.1%  19.7    1s
H 3460   493                    3745.0541658 3037.33486  18.9%  19.8    1s
H 3473   493                    3741.2893630 3037.33486  18.8%  19.8    1s
H 3581   492                    3741.2893623 3135.81224  16.2%  19.5    1s
H 4868   788                    3666.5793162 3385.89123  7.66%  19.2    2s
H 4897   788                    3658.7515402 3385.89123  7.46%  19.2    2s
H 5161   943                    3636.8284730 3385.89123  6.90%  19.3    2s
H 5493  1132                    3607.3935712 3385.89123  6.14%  19.0    2s
H 5649  1132                    3607.1403557 3385.89123  6.13%  18.8    2s
* 5836  1346             159    3578.4853744 3385.89123  5.38%  18.6    2s
* 5837  1323             159    3532.1577933 3385.89123  4.14%  18.6    2s
* 5838  1282             158    3509.5950214 3385.89123  3.52%  18.6    2s
* 5845  1241             163    3488.0117201 3385.89123  2.93%  18.6    2s
* 5846  1241             163    3487.8236531 3385.89123  2.92%  18.6    2s
* 5853  1241             163    3487.5934571 3385.89123  2.92%  18.6    2s
H 6411  1332                    3479.9042375 3385.89123  2.70%  18.5    2s
* 7284  1858             149    3479.0972762 3385.89123  2.68%  18.7    2s
* 7291  1851             150    3478.1833631 3385.89123  2.65%  18.6    2s
H 7724  1983                    3478.1833625 3385.89123  2.65%  18.7    2s
* 7978  1915             107    3464.6707375 3385.89123  2.27%  18.8    2s
* 9230  2216             125    3435.2704541 3385.89123  1.44%  19.4    2s
H 9468  2146                    3431.6382543 3385.89123  1.33%  19.4    2s
H10248  2515                    3431.6382527 3385.89123  1.33%  19.8    2s
H11487  2227                    3391.7964089 3385.89123  0.17%  20.1    3s
H13069  2644                    3391.7964085 3385.89123  0.17%  20.8    3s
H13619  2685                    3385.9130993 3385.89123  0.00%  20.9    3s

Cutting planes:
  Gomory: 8
  MIR: 5
  Flow cover: 16
  Relax-and-lift: 2

Explored 13641 nodes (287412 simplex iterations) in 3.52 seconds (4.85 work units)
Thread count was 8 (of 8 available processors)

Solution count 10: 3385.91 3391.8 3431.64 ... 3487.82

Optimal solution found (tolerance 1.00e-04)
Best objective 3.385913099340e+03, best bound 3.385891226379e+03, gap 0.0006%

User-callback calls 30038, time in user-callback 0.00 sec

Gurobi 12.0.3 (mac64[arm]) logging started Tue Sep 23 19:13:31 2025

Set parameter LogFile to value "Logs/PowerFlow Logs/L50/phase1/scenario_generation.log"
Set parameter LogToConsole to value 0

Gurobi 12.0.3 (mac64[arm]) logging started Tue Sep 23 19:13:31 2025

Set parameter LogFile to value "Logs/PowerFlow Logs/L50/phase1/scenario_generation.log"
Gurobi Optimizer version 12.0.3 build v12.0.3rc0 (mac64[arm] - Darwin 24.6.0 24G222)

CPU model: Apple M3
Thread count: 8 physical cores, 8 logical processors, using up to 8 threads

Non-default parameters:
TimeLimit  60
LogToConsole  0

Optimize a model with 980 rows, 726 columns and 3212 nonzeros
Model fingerprint: 0x6f32c5a8
Variable types: 540 continuous, 186 integer (186 binary)
Coefficient statistics:
  Matrix range     [1e+00, 3e+03]
  Objective range  [6e-02, 1e+04]
  Bounds range     [0e+00, 0e+00]
  RHS range        [7e-02, 3e+03]
Found heuristic solution: objective 448734.61520
Found heuristic solution: objective 448734.61378
Presolve removed 181 rows and 40 columns
Presolve time: 0.01s
Presolved: 799 rows, 686 columns, 2644 nonzeros
Found heuristic solution: objective 429165.52793
Variable types: 513 continuous, 173 integer (173 binary)

Root relaxation: objective 2.580849e+03, 986 iterations, 0.01 seconds (0.01 work units)

    Nodes    |    Current Node    |     Objective Bounds      |     Work
 Expl Unexpl |  Obj  Depth IntInf | Incumbent    BestBd   Gap | It/Node Time

     0     0 2580.84927    0   22 429165.528 2580.84927  99.4%     -    0s
H    0     0                    45145.164495 2580.84927  94.3%     -    0s
H    0     0                    42731.677778 2580.84927  94.0%     -    0s
H    0     0                    35273.127868 2580.84927  92.7%     -    0s
     0     0 2580.84927    0   18 35273.1279 2580.84927  92.7%     -    0s
H    0     0                    26879.985384 2580.84927  90.4%     -    0s
     0     0 2580.84927    0   16 26879.9854 2580.84927  90.4%     -    0s
     0     0 2580.84927    0   16 26879.9854 2580.84927  90.4%     -    0s
H    0     0                    11904.026615 2580.84927  78.3%     -    0s
H    0     0                    11634.795926 2580.84927  77.8%     -    0s
     0     0 2580.84927    0   17 11634.7959 2580.84927  77.8%     -    0s
     0     0 2580.84927    0   10 11634.7959 2580.84927  77.8%     -    0s
H    0     0                    10192.391091 2580.84927  74.7%     -    0s
     0     0 2580.84927    0   10 10192.3911 2580.84927  74.7%     -    0s
     0     0 2580.84927    0   10 10192.3911 2580.84927  74.7%     -    0s
     0     0 2580.84927    0   11 10192.3911 2580.84927  74.7%     -    0s
H    0     0                    9576.9463585 2580.84927  73.1%     -    0s
     0     0 2580.84927    0   11 9576.94636 2580.84927  73.1%     -    0s
     0     2 2580.84927    0   11 9576.94636 2580.84927  73.1%     -    0s
H  119   106                    8144.8089946 2580.84927  68.3%  18.5    0s
H  235   219                    7266.2663985 2580.84927  64.5%  16.0    0s
H  290   331                    6636.3241880 2580.84927  61.1%  15.0    0s
H  734   534                    5511.0552808 2580.84927  53.2%  16.9    0s
H  849   559                    4478.4371488 2580.84927  42.4%  17.0    0s
*  994   629              71    4433.5324610 2580.84927  41.8%  16.7    0s
H 1200   822                    4433.5324590 2580.84927  41.8%  16.3    0s
H 1745   832                    3797.9007016 2580.84927  32.0%  16.0    0s
H 2028   930                    3797.9007010 2794.51655  26.4%  15.1    0s
H 2043   893                    3797.9006998 3249.10257  14.5%  17.3    1s
H 2045   849                    3797.9006991 3249.10257  14.5%  17.3    1s
H 2046   808                    3797.9006974 3249.10257  14.5%  17.3    1s
H 2076   789                    3797.9006940 3249.10257  14.5%  18.4    1s
H 3075  1003                    3793.0655200 3550.22046  6.40%  18.2    1s
H 3342   958                    3785.7971383 3550.22046  6.22%  18.2    1s
H 3343   766                    3745.0486967 3550.22046  5.20%  18.2    1s
H 4450   811                    3707.5443965 3550.22046  4.24%  18.1    1s
H 4518   838                    3705.3531990 3550.22046  4.19%  18.1    1s
H 4565   846                    3705.3531980 3550.22046  4.19%  18.2    1s
* 4953   946              70    3698.3913636 3576.51398  3.30%  18.4    1s
H 5762   758                    3646.3645133 3576.51398  1.92%  19.2    2s
H 5763   637                    3637.0587302 3576.51398  1.66%  19.2    2s
H 5773   479                    3592.7357729 3576.51398  0.45%  19.2    2s
H 7898  1003                    3590.1357765 3576.51398  0.38%  22.0    2s
H 8188   965                    3582.0148044 3576.51398  0.15%  22.0    2s
H 9647  1829                    3581.8978423 3576.51398  0.15%  22.6    2s
H 9665  1827                    3581.7987060 3576.51398  0.15%  22.6    2s
H 9689  1827                    3581.7408246 3576.51398  0.15%  22.6    2s
*12662  1650             100    3580.5178485 3576.51398  0.11%  23.1    3s
H14027  1577                    3576.8252563 3576.51398  0.01%  23.6    3s

Cutting planes:
  Gomory: 6
  Cover: 1
  Implied bound: 1
  MIR: 7
  Flow cover: 21
  Inf proof: 2
  Relax-and-lift: 1

Explored 14134 nodes (336940 simplex iterations) in 3.40 seconds (4.80 work units)
Thread count was 8 (of 8 available processors)

Solution count 10: 3576.83 3580.52 3581.74 ... 3646.36

Optimal solution found (tolerance 1.00e-04)
Best objective 3.576825256273e+03, best bound 3.576513978077e+03, gap 0.0087%

User-callback calls 30727, time in user-callback 0.00 sec

Gurobi 12.0.3 (mac64[arm]) logging started Tue Sep 23 19:13:34 2025

Set parameter LogFile to value "Logs/PowerFlow Logs/L50/phase1/scenario_generation.log"
Set parameter LogToConsole to value 0

Gurobi 12.0.3 (mac64[arm]) logging started Tue Sep 23 19:13:34 2025

Set parameter LogFile to value "Logs/PowerFlow Logs/L50/phase1/scenario_generation.log"
Gurobi Optimizer version 12.0.3 build v12.0.3rc0 (mac64[arm] - Darwin 24.6.0 24G222)

CPU model: Apple M3
Thread count: 8 physical cores, 8 logical processors, using up to 8 threads

Non-default parameters:
TimeLimit  60
LogToConsole  0

Optimize a model with 980 rows, 726 columns and 3212 nonzeros
Model fingerprint: 0xc546921f
Variable types: 540 continuous, 186 integer (186 binary)
Coefficient statistics:
  Matrix range     [1e+00, 3e+03]
  Objective range  [6e-02, 1e+04]
  Bounds range     [0e+00, 0e+00]
  RHS range        [6e-02, 3e+03]
Found heuristic solution: objective 444969.45682
Found heuristic solution: objective 444969.45515
Presolve removed 181 rows and 40 columns
Presolve time: 0.01s
Presolved: 799 rows, 686 columns, 2644 nonzeros
Found heuristic solution: objective 425328.31064
Variable types: 513 continuous, 173 integer (173 binary)

Root relaxation: objective 2.411460e+03, 1101 iterations, 0.01 seconds (0.01 work units)

    Nodes    |    Current Node    |     Objective Bounds      |     Work
 Expl Unexpl |  Obj  Depth IntInf | Incumbent    BestBd   Gap | It/Node Time

     0     0 2411.45977    0   20 425328.311 2411.45977  99.4%     -    0s
H    0     0                    108496.53602 2411.45977  97.8%     -    0s
H    0     0                    89188.671000 2411.45977  97.3%     -    0s
     0     0 2411.45977    0   17 89188.6710 2411.45977  97.3%     -    0s
H    0     0                    10864.797065 2411.45977  77.8%     -    0s
     0     0 2411.45977    0   17 10864.7971 2411.45977  77.8%     -    0s
     0     0 2411.45977    0   10 10864.7971 2411.45977  77.8%     -    0s
H    0     0                    6555.4648616 2411.45977  63.2%     -    0s
     0     0 2411.45977    0   13 6555.46486 2411.45977  63.2%     -    0s
     0     0 2411.45977    0   12 6555.46486 2411.45977  63.2%     -    0s
     0     0 2411.45977    0   12 6555.46486 2411.45977  63.2%     -    0s
     0     0 2411.45977    0   10 6555.46486 2411.45977  63.2%     -    0s
     0     0 2411.45977    0   10 6555.46486 2411.45977  63.2%     -    0s
H    0     0                    6418.7894282 2411.45977  62.4%     -    0s
H    0     0                    6418.7894276 2411.45977  62.4%     -    0s
     0     2 2411.45977    0   10 6418.78943 2411.45977  62.4%     -    0s
H  586   528                    6418.7894204 2411.45977  62.4%  14.8    0s
H 1339   959                    6061.5857909 2411.45977  60.2%  14.3    0s
H 1819  1169                    5520.8535161 2411.45977  56.3%  12.9    0s
H 1819   909                    5014.1367749 2411.45977  51.9%  12.9    0s
H 1819   809                    4398.7625712 2411.45977  45.2%  12.9    0s
H 1819   769                    4305.0243665 2411.45977  44.0%  12.9    0s
H 1826   704                    4305.0243654 2439.11359  43.3%  12.9    0s
H 1837   675                    4305.0243646 2439.11359  43.3%  12.8    0s
H 1837   641                    4305.0243641 2439.11359  43.3%  12.8    0s
H 1838   610                    4255.1248640 2439.11359  42.7%  12.8    0s
H 1841   581                    3950.6048381 2448.30339  38.0%  12.8    0s
H 1943   595                    3950.6048371 2868.16374  27.4%  15.6    0s
H 2322   708                    3918.1184300 2871.40198  26.7%  15.3    0s
H 2503   716                    3912.8935760 2962.38361  24.3%  15.3    1s
H 2991   852                    3851.6998841 3076.74011  20.1%  15.5    1s
H 3196   663                    3793.5635585 3076.74011  18.9%  15.7    1s
H 3675   981                    3793.5635575 3264.96676  13.9%  16.1    1s
H 4736  1414                    3776.1605780 3317.01580  12.2%  16.0    1s
H 4741   969                    3744.1211693 3317.01580  11.4%  16.0    1s
H 4933   617                    3502.3392779 3317.01580  5.29%  15.8    1s
* 5847   786             115    3500.8038740 3317.01580  5.25%  15.7    1s
H 5912   727                    3473.6252742 3317.01580  4.51%  15.8    1s
H 5913   570                    3423.7992272 3317.01580  3.12%  15.8    1s
* 7504   995             141    3380.9419730 3317.01580  1.89%  15.9    1s
H 8119   690                    3336.1935821 3317.01580  0.57%  15.9    1s
H 8442   752                    3317.4395236 3317.01580  0.01%  16.0    1s
H 9377  1146                    3317.0628931 3317.01580  0.00%  17.5    2s

Cutting planes:
  Gomory: 10
  Cover: 3
  Implied bound: 2
  MIR: 6
  Flow cover: 14
  Inf proof: 1
  RLT: 2

Explored 9462 nodes (168308 simplex iterations) in 2.03 seconds (2.90 work units)
Thread count was 8 (of 8 available processors)

Solution count 10: 3317.06 3317.44 3336.19 ... 3776.16

Optimal solution found (tolerance 1.00e-04)
Best objective 3.317062893095e+03, best bound 3.317015797616e+03, gap 0.0014%

User-callback calls 20704, time in user-callback 0.00 sec

Gurobi 12.0.3 (mac64[arm]) logging started Tue Sep 23 19:13:36 2025

Set parameter LogFile to value "Logs/PowerFlow Logs/L50/phase1/scenario_generation.log"
Set parameter LogToConsole to value 0

Gurobi 12.0.3 (mac64[arm]) logging started Tue Sep 23 19:13:36 2025

Set parameter LogFile to value "Logs/PowerFlow Logs/L50/phase1/scenario_generation.log"
Gurobi Optimizer version 12.0.3 build v12.0.3rc0 (mac64[arm] - Darwin 24.6.0 24G222)

CPU model: Apple M3
Thread count: 8 physical cores, 8 logical processors, using up to 8 threads

Non-default parameters:
TimeLimit  60
LogToConsole  0

Optimize a model with 980 rows, 726 columns and 3212 nonzeros
Model fingerprint: 0x31eba752
Variable types: 540 continuous, 186 integer (186 binary)
Coefficient statistics:
  Matrix range     [1e+00, 3e+03]
  Objective range  [6e-02, 1e+04]
  Bounds range     [0e+00, 0e+00]
  RHS range        [6e-02, 3e+03]
Found heuristic solution: objective 434578.72625
Found heuristic solution: objective 434578.72433
Presolve removed 181 rows and 40 columns
Presolve time: 0.01s
Presolved: 799 rows, 686 columns, 2644 nonzeros
Found heuristic solution: objective 415810.81104
Variable types: 513 continuous, 173 integer (173 binary)

Root relaxation: objective 2.144263e+03, 1007 iterations, 0.01 seconds (0.01 work units)

    Nodes    |    Current Node    |     Objective Bounds      |     Work
 Expl Unexpl |  Obj  Depth IntInf | Incumbent    BestBd   Gap | It/Node Time

     0     0 2144.26274    0   18 415810.811 2144.26274  99.5%     -    0s
H    0     0                    47412.746410 2144.26274  95.5%     -    0s
H    0     0                    34910.421078 2144.26274  93.9%     -    0s
H    0     0                    31682.121515 2144.26274  93.2%     -    0s
     0     0 2144.26274    0   16 31682.1215 2144.26274  93.2%     -    0s
H    0     0                    3794.4562861 2144.26274  43.5%     -    0s
     0     0 2144.26274    0   16 3794.45629 2144.26274  43.5%     -    0s
     0     0 2146.64603    0   12 3794.45629 2146.64603  43.4%     -    0s
     0     0 2174.88272    0   13 3794.45629 2174.88272  42.7%     -    0s
     0     0 2174.88272    0   16 3794.45629 2174.88272  42.7%     -    0s
     0     0 2174.89081    0   15 3794.45629 2174.89081  42.7%     -    0s
     0     0 2175.38205    0   17 3794.45629 2175.38205  42.7%     -    0s
     0     0 2175.38205    0   17 3794.45629 2175.38205  42.7%     -    0s
     0     0 2175.38205    0   17 3794.45629 2175.38205  42.7%     -    0s
     0     0 2175.38205    0   14 3794.45629 2175.38205  42.7%     -    0s
     0     0 2175.38205    0   14 3794.45629 2175.38205  42.7%     -    0s
     0     0 2175.38205    0   12 3794.45629 2175.38205  42.7%     -    0s
     0     0 2175.38205    0   13 3794.45629 2175.38205  42.7%     -    0s
     0     0 2175.38205    0   11 3794.45629 2175.38205  42.7%     -    0s
     0     0 2175.38205    0   15 3794.45629 2175.38205  42.7%     -    0s
     0     0 2175.38205    0   15 3794.45629 2175.38205  42.7%     -    0s
     0     0 2175.38205    0   15 3794.45629 2175.38205  42.7%     -    0s
     0     0 2175.38205    0   13 3794.45629 2175.38205  42.7%     -    0s
     0     0 2175.38205    0   13 3794.45629 2175.38205  42.7%     -    0s
     0     2 2175.38205    0   13 3794.45629 2175.38205  42.7%     -    0s
H  111   123                    3794.4562856 2195.34885  42.1%  11.6    0s
H  191   194                    3691.1219845 2195.34885  40.5%  11.0    0s
H  285   295                    3504.2017677 2224.90279  36.5%  10.2    0s
H  631   512                    3131.1120587 2245.42607  28.3%  14.3    0s
H 1488  1281                    3131.1120582 2327.00690  25.7%  15.8    0s
H 1617  1275                    3100.3778291 2327.00690  24.9%  15.4    0s
H 1713  1235                    3100.3778285 2327.00690  24.9%  16.6    0s
H 1731  1169                    3100.3778279 2327.00690  24.9%  16.6    0s
H 1800  1139                    3100.3778276 2327.00690  24.9%  16.7    0s
H 2911  1597                    3096.7613606 2327.00690  24.9%  15.9    0s
H 2916  1542                    3093.8018493 2327.00690  24.8%  15.9    0s
H 2930  1465                    3071.1680432 2327.00690  24.2%  15.9    0s
H 3237  1661                    3071.1680417 2327.00690  24.2%  15.9    0s
H 3428   821                    2779.7501281 2327.00690  16.3%  15.9    0s
* 3619   718             132    2776.2430614 2327.00690  16.2%  15.6    0s
H 4717  1058                    2776.2430610 2520.83455  9.20%  14.8    0s
* 4955  1258             132    2767.4254490 2520.83455  8.91%  14.7    0s
* 4959  1213             131    2757.9551055 2520.83455  8.60%  14.7    0s
H 6305  1657                    2731.7539872 2552.79995  6.55%  14.0    0s
H 6508  1917                    2731.7539864 2552.79995  6.55%  13.9    0s
* 7065  1807             156    2694.4875887 2552.79995  5.26%  13.7    1s
H 7581  2001                    2666.5577843 2552.79995  4.27%  13.6    1s
H 7757  1559                    2553.1647518 2552.79995  0.01%  13.6    1s
H 8775  2007                    2553.1647514 2552.79995  0.01%  15.1    1s
H 8985  2007                    2553.1647500 2552.79995  0.01%  15.4    1s
H10876  2625                    2552.8326639 2552.79995  0.00%  18.7    1s

Cutting planes:
  Implied bound: 2
  MIR: 5

Explored 10883 nodes (206149 simplex iterations) in 1.78 seconds (2.73 work units)
Thread count was 8 (of 8 available processors)

Solution count 10: 2552.83 2553.16 2666.56 ... 3071.17

Optimal solution found (tolerance 1.00e-04)
Best objective 2.552832663891e+03, best bound 2.552799950978e+03, gap 0.0013%

User-callback calls 23425, time in user-callback 0.00 sec

Gurobi 12.0.3 (mac64[arm]) logging started Tue Sep 23 19:13:38 2025

Set parameter LogFile to value "Logs/PowerFlow Logs/L50/phase1/scenario_generation.log"
Set parameter LogToConsole to value 0

Gurobi 12.0.3 (mac64[arm]) logging started Tue Sep 23 19:13:38 2025

Set parameter LogFile to value "Logs/PowerFlow Logs/L50/phase1/scenario_generation.log"
Gurobi Optimizer version 12.0.3 build v12.0.3rc0 (mac64[arm] - Darwin 24.6.0 24G222)

CPU model: Apple M3
Thread count: 8 physical cores, 8 logical processors, using up to 8 threads

Non-default parameters:
TimeLimit  60
LogToConsole  0

Optimize a model with 980 rows, 726 columns and 3212 nonzeros
Model fingerprint: 0x825571ca
Variable types: 540 continuous, 186 integer (186 binary)
Coefficient statistics:
  Matrix range     [1e+00, 3e+03]
  Objective range  [6e-02, 1e+04]
  Bounds range     [0e+00, 0e+00]
  RHS range        [6e-02, 3e+03]
Found heuristic solution: objective 440990.44589
Found heuristic solution: objective 440990.44465
Presolve removed 181 rows and 40 columns
Presolve time: 0.01s
Presolved: 799 rows, 686 columns, 2644 nonzeros
Found heuristic solution: objective 420776.52486
Variable types: 513 continuous, 173 integer (173 binary)

Root relaxation: objective 2.278524e+03, 1128 iterations, 0.01 seconds (0.01 work units)

    Nodes    |    Current Node    |     Objective Bounds      |     Work
 Expl Unexpl |  Obj  Depth IntInf | Incumbent    BestBd   Gap | It/Node Time

     0     0 2278.52373    0   25 420776.525 2278.52373  99.5%     -    0s
H    0     0                    74460.483206 2278.52373  96.9%     -    0s
H    0     0                    37404.289103 2278.52373  93.9%     -    0s
     0     0 2278.52373    0   24 37404.2891 2278.52373  93.9%     -    0s
H    0     0                    11632.048347 2278.52373  80.4%     -    0s
     0     0 2278.52373    0   23 11632.0483 2278.52373  80.4%     -    0s
     0     0 2278.52373    0   18 11632.0483 2278.52373  80.4%     -    0s
H    0     0                    10341.832581 2278.52373  78.0%     -    0s
     0     0 2278.52373    0   19 10341.8326 2278.52373  78.0%     -    0s
     0     0 2281.24803    0   19 10341.8326 2281.24803  77.9%     -    0s
     0     0 2298.79224    0   19 10341.8326 2298.79224  77.8%     -    0s
     0     0 2300.60253    0   19 10341.8326 2300.60253  77.8%     -    0s
     0     0 2300.60253    0   19 10341.8326 2300.60253  77.8%     -    0s
     0     0 2300.60253    0   19 10341.8326 2300.60253  77.8%     -    0s
     0     0 2300.60253    0   13 10341.8326 2300.60253  77.8%     -    0s
     0     2 2300.60253    0   13 10341.8326 2300.60253  77.8%     -    0s
H  196   202                    10331.975285 2318.37892  77.6%  11.7    0s
H  280   305                    4018.9238867 2318.37892  42.3%  12.3    0s
H 1466  1277                    4005.8902220 2777.92864  30.7%  18.6    0s
H 1470  1277                    3997.7092964 2777.92864  30.5%  18.6    0s
H 1471  1277                    3993.4222624 2777.92864  30.4%  18.6    0s
H 1665  1435                    3924.0297243 2777.92864  29.2%  17.8    0s
H 1665  1384                    3834.9526486 2777.92864  27.6%  17.8    0s
H 1665  1324                    3812.2894851 2777.92864  27.1%  17.8    0s
H 1665  1317                    3806.6507477 2777.92864  27.0%  17.8    0s
H 2279  1526                    3806.6507464 2777.92864  27.0%  17.1    0s
H 2978  1554                    3764.8131241 2777.92864  26.2%  16.3    0s
H 3243  1532                    3728.3842882 2777.92864  25.5%  16.2    0s
H 3261  1228                    3661.1825543 2777.92864  24.1%  16.3    0s
H 4427  1513                    3637.3428095 2777.92864  23.6%  16.0    0s
* 5544  2043             133    3606.4135913 3076.12104  14.7%  15.8    1s
H 6574  2320                    3606.4135908 3080.12058  14.6%  15.9    1s
H 6766  1797                    3574.6340154 3080.12058  13.8%  15.9    1s
H15183  2859                    3548.5634462 3080.12058  13.2%  16.8    2s
H15184  2769                    3520.3132278 3080.12058  12.5%  16.8    2s
H15189  2520                    3501.2072294 3080.12058  12.0%  16.8    2s
H18128  2857                    3498.6651318 3080.12058  12.0%  16.7    2s
H27972  4547                    3490.1482169 3080.12058  11.7%  16.3    3s
H27985  4378                    3471.3287656 3080.12058  11.3%  16.3    3s
 34499  5503 3080.12058   62    9 3471.32877 3080.12058  11.3%  16.6    5s
H41971  6440                    3468.0143193 3080.12058  11.2%  16.7    5s
H42247  6537                    3465.0779337 3080.12058  11.1%  16.6    5s
H47942  7032                    3436.2314354 3080.12058  10.4%  16.2    6s
H48035  7013                    3435.0026503 3080.12058  10.3%  16.2    6s
H63746  9057                    3429.1476268 3080.12058  10.2%  15.9    8s
H68495  9919                    3427.6278019 3080.12058  10.1%  15.9    8s
H69832  8813                    3255.9968507 3080.12058  5.40%  15.9    9s
 75082  8748     cutoff   70      3255.99685 3080.12058  5.40%  16.2   10s
H75962  8602                    3243.8582963 3080.12058  5.05%  16.2   10s
H76006  7395                    3151.6529096 3080.12058  2.27%  16.2   10s
*83686  6144             114    3120.1479654 3080.12058  1.28%  16.7   11s
*83688  6144             113    3120.1408344 3080.12058  1.28%  16.7   11s
*83689  6144             112    3120.0952298 3080.12058  1.28%  16.7   11s
*83695  6144             116    3120.0763655 3080.12058  1.28%  16.7   11s
*83697  6144             115    3120.0692300 3080.12058  1.28%  16.7   11s
*83698  6142             114    3120.0235819 3080.12058  1.28%  16.7   11s
*83702  6141             116    3119.9634151 3080.12058  1.28%  16.7   11s
*83704  6141             115    3119.9562900 3080.12058  1.28%  16.7   11s
*83705  6141             114    3119.9106855 3080.12058  1.28%  16.7   11s
H87843  6681                    3118.8597010 3080.12058  1.24%  16.8   12s
H88745  6704                    3118.6845174 3080.12058  1.24%  16.9   12s
*94609  7563             137    3117.8570139 3080.12058  1.21%  17.1   13s
*94945  5038             130    3090.1069876 3080.12058  0.32%  17.1   13s
*95261  4003              84    3081.8501310 3080.12058  0.06%  17.1   13s
*95492  3928             129    3080.3807340 3080.12058  0.01%  17.1   13s

Cutting planes:
  Learned: 1
  Gomory: 3
  Implied bound: 2
  Clique: 1
  MIR: 7
  Flow cover: 10
  Relax-and-lift: 1

Explored 96004 nodes (1652527 simplex iterations) in 13.17 seconds (19.46 work units)
Thread count was 8 (of 8 available processors)

Solution count 10: 3080.38 3080.38 3081.85 ... 3119.96

Optimal solution found (tolerance 1.00e-04)
Best objective 3.080380734016e+03, best bound 3.080120582671e+03, gap 0.0084%

User-callback calls 198886, time in user-callback 0.03 sec

Gurobi 12.0.3 (mac64[arm]) logging started Tue Sep 23 19:13:51 2025

Set parameter LogFile to value "Logs/PowerFlow Logs/L50/phase1/scenario_generation.log"
Set parameter LogToConsole to value 0

Gurobi 12.0.3 (mac64[arm]) logging started Tue Sep 23 19:13:51 2025

Set parameter LogFile to value "Logs/PowerFlow Logs/L50/phase1/scenario_generation.log"
Gurobi Optimizer version 12.0.3 build v12.0.3rc0 (mac64[arm] - Darwin 24.6.0 24G222)

CPU model: Apple M3
Thread count: 8 physical cores, 8 logical processors, using up to 8 threads

Non-default parameters:
TimeLimit  60
LogToConsole  0

Optimize a model with 980 rows, 726 columns and 3212 nonzeros
Model fingerprint: 0x99bda0d6
Variable types: 540 continuous, 186 integer (186 binary)
Coefficient statistics:
  Matrix range     [1e+00, 3e+03]
  Objective range  [6e-02, 1e+04]
  Bounds range     [0e+00, 0e+00]
  RHS range        [6e-02, 3e+03]
Found heuristic solution: objective 442435.63515
Found heuristic solution: objective 442435.63369
Presolve removed 181 rows and 40 columns
Presolve time: 0.01s
Presolved: 799 rows, 686 columns, 2644 nonzeros
Found heuristic solution: objective 422493.97402
Variable types: 513 continuous, 173 integer (173 binary)

Root relaxation: objective 2.279389e+03, 1043 iterations, 0.01 seconds (0.01 work units)

    Nodes    |    Current Node    |     Objective Bounds      |     Work
 Expl Unexpl |  Obj  Depth IntInf | Incumbent    BestBd   Gap | It/Node Time

     0     0 2279.38885    0   22 422493.974 2279.38885  99.5%     -    0s
H    0     0                    46167.926216 2279.38885  95.1%     -    0s
H    0     0                    41436.685098 2279.38885  94.5%     -    0s
H    0     0                    36482.482329 2279.38885  93.8%     -    0s
     0     0 2279.38885    0   15 36482.4823 2279.38885  93.8%     -    0s
H    0     0                    12064.618221 2279.38885  81.1%     -    0s
     0     0 2279.38885    0   15 12064.6182 2279.38885  81.1%     -    0s
H    0     0                    3990.2068941 2279.38885  42.9%     -    0s
     0     0 2279.38885    0   11 3990.20689 2279.38885  42.9%     -    0s
     0     0 2279.38885    0   12 3990.20689 2279.38885  42.9%     -    0s
     0     0 2279.38885    0    6 3990.20689 2279.38885  42.9%     -    0s
     0     0 2279.38885    0    7 3990.20689 2279.38885  42.9%     -    0s
     0     0 2279.38885    0    7 3990.20689 2279.38885  42.9%     -    0s
     0     2 2279.38885    0    7 3990.20689 2279.38885  42.9%     -    0s
H 1096   862                    3621.1969778 2279.38885  37.1%  16.4    0s
H 1680  1179                    3621.1969768 2374.36536  34.4%  15.1    0s
H 1854  1184                    3589.7162674 2374.36536  33.9%  16.0    0s
H 1996  1199                    3567.9880066 2374.36536  33.5%  16.1    0s
H 2281  1323                    3567.9880057 2374.36536  33.5%  15.8    0s
H 3081  1591                    3567.9880035 2560.88998  28.2%  14.8    0s
* 3775  1753              76    3566.0406252 2685.30342  24.7%  14.5    0s
H 4321  2012                    3566.0406247 2685.30342  24.7%  14.4    0s
* 4404  1968              82    3564.5821639 2685.30342  24.7%  14.5    0s
* 5295  2425              77    3523.6444639 2685.30342  23.8%  14.6    0s
H 5743  2435                    3462.9778270 2685.30342  22.5%  14.5    0s
H 6047  2539                    3445.9227469 2685.30342  22.1%  14.4    1s
H 6053  2458                    3419.3818549 2685.30342  21.5%  14.4    1s
H 6225  2650                    3419.3818542 2685.30342  21.5%  14.5    1s
* 7411  3164              75    3376.6090484 2685.30342  20.5%  15.2    1s
* 7929  3488             102    3375.8698237 2685.30342  20.5%  15.1    1s
H 8171  3541                    3375.8698228 2685.30342  20.5%  15.1    1s
H 9333  4037                    3373.8889629 2685.30342  20.4%  15.6    1s
H 9336  3982                    3369.1553013 2685.30342  20.3%  15.6    1s
H10316  4722                    3369.1553010 2685.30342  20.3%  15.9    1s
*10711  4812             134    3361.1459230 2685.30342  20.1%  16.0    1s
H10905  2322                    3240.8460931 2685.30342  17.1%  16.0    1s
H11941  2553                    3235.4911377 2693.89528  16.7%  16.6    1s
H11958  2553                    3235.2960287 2693.89528  16.7%  16.6    1s
H16237  2304                    3209.1793503 2694.01055  16.1%  16.5    2s
*16640  2274             136    3177.7489545 2694.01055  15.2%  16.5    2s
*16644  2270             135    3177.5123158 2694.01055  15.2%  16.5    2s
*18581  2628             142    3155.9031928 2694.01055  14.6%  16.4    2s
H20366  2053                    3082.7470973 2694.01055  12.6%  16.5    2s
H20368  1654                    3025.6052088 2694.01055  11.0%  16.5    2s
*23608  1888             115    3024.3948894 2853.36901  5.65%  16.6    3s
*23614  1888             114    3024.0997259 2853.36901  5.65%  16.6    3s
H23839  1788                    3007.1071643 2853.36901  5.11%  16.6    3s
H23842  1788                    3006.6229305 2853.36901  5.10%  16.6    3s
*23843  1769             132    3002.6207276 2853.36901  4.97%  16.6    3s
*23850  1769             134    3002.5896109 2853.36901  4.97%  16.6    3s
*24624  1855              88    2998.9863822 2876.56907  4.08%  16.7    3s
*25075  1578              94    2976.2880232 2920.39329  1.88%  16.8    3s
*28553  2436             120    2975.4869042 2963.04771  0.42%  18.0    4s
H29879  2602                    2974.1876098 2971.72167  0.08%  18.6    4s
*30345  2829             117    2974.1080335 2972.63360  0.05%  18.9    4s
 33324  3644 2974.02859   66    9 2974.10803 2973.52000  0.02%  21.0    5s
H34471  3771                    2974.0347412 2973.52000  0.02%  22.6    5s
 49105  5693 2974.02859   88    8 2974.03474 2973.52000  0.02%  35.6   10s
 64231  7520 2974.02859   87    7 2974.03474 2973.52000  0.02%  42.6   15s
H77406   889                    2974.0285880 2973.52000  0.02%  44.8   17s
 86002   559 2973.61466   66   10 2974.02859 2973.56136  0.02%  45.0   20s
*88775  1203             119    2973.6747295 2973.61466  0.00%  45.2   20s
*88783  1203             119    2973.6489516 2973.61466  0.00%  45.2   20s

Cutting planes:
  Gomory: 1
  Implied bound: 2
  MIR: 6
  Flow cover: 18

Explored 89525 nodes (4044272 simplex iterations) in 20.60 seconds (34.87 work units)
Thread count was 8 (of 8 available processors)

Solution count 10: 2973.65 2973.67 2974.03 ... 3002.59

Optimal solution found (tolerance 1.00e-04)
Best objective 2.973648951571e+03, best bound 2.973614664798e+03, gap 0.0012%

User-callback calls 189573, time in user-callback 0.03 sec

Gurobi 12.0.3 (mac64[arm]) logging started Tue Sep 23 19:14:12 2025

Set parameter LogFile to value "Logs/PowerFlow Logs/L50/phase1/scenario_generation.log"
Set parameter LogToConsole to value 0

Gurobi 12.0.3 (mac64[arm]) logging started Tue Sep 23 19:14:12 2025

Set parameter LogFile to value "Logs/PowerFlow Logs/L50/phase1/scenario_generation.log"
Gurobi Optimizer version 12.0.3 build v12.0.3rc0 (mac64[arm] - Darwin 24.6.0 24G222)

CPU model: Apple M3
Thread count: 8 physical cores, 8 logical processors, using up to 8 threads

Non-default parameters:
TimeLimit  60
LogToConsole  0

Optimize a model with 980 rows, 726 columns and 3212 nonzeros
Model fingerprint: 0x0cfd9ebe
Variable types: 540 continuous, 186 integer (186 binary)
Coefficient statistics:
  Matrix range     [1e+00, 3e+03]
  Objective range  [6e-02, 1e+04]
  Bounds range     [0e+00, 0e+00]
  RHS range        [7e-02, 3e+03]
Found heuristic solution: objective 434985.17965
Found heuristic solution: objective 434985.17795
Presolve removed 181 rows and 40 columns
Presolve time: 0.01s
Presolved: 799 rows, 686 columns, 2644 nonzeros
Found heuristic solution: objective 414773.39046
Variable types: 513 continuous, 173 integer (173 binary)

Root relaxation: objective 2.191591e+03, 994 iterations, 0.01 seconds (0.01 work units)

    Nodes    |    Current Node    |     Objective Bounds      |     Work
 Expl Unexpl |  Obj  Depth IntInf | Incumbent    BestBd   Gap | It/Node Time

     0     0 2191.59071    0   22 414773.390 2191.59071  99.5%     -    0s
H    0     0                    48643.022055 2191.59071  95.5%     -    0s
H    0     0                    44499.970374 2191.59071  95.1%     -    0s
     0     0 2191.59071    0   14 44499.9704 2191.59071  95.1%     -    0s
H    0     0                    8252.5153894 2191.59071  73.4%     -    0s
     0     0 2191.59071    0   14 8252.51539 2191.59071  73.4%     -    0s
     0     0 2191.59071    0   10 8252.51539 2191.59071  73.4%     -    0s
     0     0 2191.59071    0   12 8252.51539 2191.59071  73.4%     -    0s
H    0     0                    3812.4064943 2191.59071  42.5%     -    0s
     0     0 2191.59071    0   11 3812.40649 2191.59071  42.5%     -    0s
H    0     0                    3691.2540162 2191.59071  40.6%     -    0s
     0     0 2191.59071    0   11 3691.25402 2191.59071  40.6%     -    0s
     0     2 2191.59071    0   11 3691.25402 2191.59071  40.6%     -    0s
H   31    51                    3691.2540154 2191.59071  40.6%  32.6    0s
H   52    51                    3573.8296627 2191.59071  38.7%  33.2    0s
H  128   111                    3559.2279499 2191.59071  38.4%  27.0    0s
H  177   149                    3533.6849386 2191.59071  38.0%  23.8    0s
H  292   266                    3516.9342413 2191.59071  37.7%  19.4    0s
H  398   408                    3516.9342396 2191.59071  37.7%  19.2    0s
H  635   512                    3282.0127094 2191.59071  33.2%  20.0    0s
H 1239   472                    3130.2692078 2226.82240  28.9%  18.5    0s
H 2283   554                    3102.8370069 2523.38593  18.7%  16.7    0s
H 2921   771                    3102.8370064 2652.98515  14.5%  16.1    0s
H 3185   799                    3102.8370058 2652.98515  14.5%  15.9    0s
H 3584   918                    3005.6337063 2652.98515  11.7%  15.9    0s
H 3806   954                    3005.0191505 2652.98515  11.7%  16.2    0s
* 3823   920             108    3003.5122363 2652.98515  11.7%  16.2    0s
* 3830   889             110    3003.2992674 2652.98515  11.7%  16.1    0s
* 3833   862             110    3003.0128559 2652.98515  11.7%  16.1    0s
H 4096  1012                    3003.0128532 2652.98515  11.7%  16.0    0s
H 4351  1056                    2979.3959032 2652.98515  11.0%  16.4    1s
H 4699  1261                    2979.3959025 2652.98515  11.0%  16.5    1s
* 4785  1355             107    2979.2285334 2652.98515  11.0%  16.5    1s
* 4786  1355             107    2979.2271527 2652.98515  11.0%  16.5    1s
H 5896  1935                    2968.2621787 2652.98515  10.6%  16.8    1s
H 7065  2647                    2968.0875768 2652.98515  10.6%  17.6    1s
H 7736  2905                    2968.0875764 2652.98515  10.6%  17.4    1s

Explored 10421 nodes (187777 simplex iterations) in 1.86 seconds (2.76 work units)
Thread count was 8 (of 8 available processors)

Solution count 10: 2968.09 2968.26 2979.23 ... 3005.02

Optimal solution found (tolerance 1.00e-04)
Best objective 2.968087576770e+03, best bound 2.967980791801e+03, gap 0.0036%

User-callback calls 22540, time in user-callback 0.00 sec

Gurobi 12.0.3 (mac64[arm]) logging started Tue Sep 23 19:14:14 2025

Set parameter LogFile to value "Logs/PowerFlow Logs/L50/phase1/scenario_generation.log"
Set parameter LogToConsole to value 0

Gurobi 12.0.3 (mac64[arm]) logging started Tue Sep 23 19:14:14 2025

Set parameter LogFile to value "Logs/PowerFlow Logs/L50/phase1/scenario_generation.log"
Gurobi Optimizer version 12.0.3 build v12.0.3rc0 (mac64[arm] - Darwin 24.6.0 24G222)

CPU model: Apple M3
Thread count: 8 physical cores, 8 logical processors, using up to 8 threads

Non-default parameters:
TimeLimit  60
LogToConsole  0

Optimize a model with 980 rows, 726 columns and 3212 nonzeros
Model fingerprint: 0xbd78a69b
Variable types: 540 continuous, 186 integer (186 binary)
Coefficient statistics:
  Matrix range     [1e+00, 3e+03]
  Objective range  [6e-02, 1e+04]
  Bounds range     [0e+00, 0e+00]
  RHS range        [6e-02, 3e+03]
Found heuristic solution: objective 439795.09037
Found heuristic solution: objective 439795.08824
Presolve removed 181 rows and 40 columns
Presolve time: 0.01s
Presolved: 799 rows, 686 columns, 2644 nonzeros
Found heuristic solution: objective 419606.60277
Variable types: 513 continuous, 173 integer (173 binary)

Root relaxation: objective 2.248525e+03, 987 iterations, 0.01 seconds (0.01 work units)

    Nodes    |    Current Node    |     Objective Bounds      |     Work
 Expl Unexpl |  Obj  Depth IntInf | Incumbent    BestBd   Gap | It/Node Time

     0     0 2248.52455    0   24 419606.603 2248.52455  99.5%     -    0s
H    0     0                    69790.139718 2248.52455  96.8%     -    0s
H    0     0                    55154.862465 2248.52455  95.9%     -    0s
     0     0 2248.52455    0   14 55154.8625 2248.52455  95.9%     -    0s
H    0     0                    34993.362029 2248.52455  93.6%     -    0s
     0     0 2248.52455    0   16 34993.3620 2248.52455  93.6%     -    0s
     0     0 2256.17225    0   13 34993.3620 2256.17225  93.6%     -    0s
H    0     0                    17716.383881 2256.65820  87.3%     -    0s
H    0     0                    11736.177955 2256.65820  80.8%     -    0s
     0     0 2256.65820    0   14 11736.1780 2256.65820  80.8%     -    0s
     0     0 2259.21259    0   12 11736.1780 2259.21259  80.8%     -    0s
H    0     0                    3721.0366531 2259.21259  39.3%     -    0s
     0     0 2261.10559    0   12 3721.03665 2261.10559  39.2%     -    0s
     0     0 2265.19224    0   13 3721.03665 2265.19224  39.1%     -    0s
     0     0 2265.69158    0   13 3721.03665 2265.69158  39.1%     -    0s
     0     0 2265.69158    0   12 3721.03665 2265.69158  39.1%     -    0s
     0     2 2265.69158    0   12 3721.03665 2265.69158  39.1%     -    0s
H   32    52                    3635.1705650 2276.46999  37.4%  21.6    0s
H  218   181                    3478.4710443 2276.46999  34.6%  18.5    0s
H  997   567                    3321.7591483 2287.00821  31.2%  15.7    0s
H 1000   545                    3262.7276549 2287.00821  29.9%  15.7    0s
H 1448   700                    3262.7276544 2287.00821  29.9%  14.4    0s
H 1925   384                    3102.2381574 2419.05540  22.0%  14.9    0s
H 1925   383                    3091.7361784 2419.05540  21.8%  14.9    0s
H 1925   361                    3089.7570982 2419.05540  21.7%  14.9    0s
H 1925   361                    3084.0066332 2419.05540  21.6%  14.9    0s
H 1925   361                    3083.0662953 2419.05540  21.5%  14.9    0s
H 2028   355                    3083.0662941 2419.05540  21.5%  15.6    0s
H 2247   391                    3083.0662931 2519.54571  18.3%  15.3    0s
H 3034   693                    3083.0662927 2519.54571  18.3%  15.7    0s
H 3453   757                    3058.5162547 2519.54571  17.6%  15.7    0s
H 3511   460                    2876.4912562 2519.54571  12.4%  15.7    0s
H 4561   435                    2777.8475709 2571.34453  7.43%  15.6    0s

Cutting planes:
  MIR: 7
  Inf proof: 1

Explored 4807 nodes (78138 simplex iterations) in 0.96 seconds (1.34 work units)
Thread count was 8 (of 8 available processors)

Solution count 10: 2777.85 2876.49 3058.52 ... 3321.76

Optimal solution found (tolerance 1.00e-04)
Best objective 2.777847570943e+03, best bound 2.777798641347e+03, gap 0.0018%

User-callback calls 10762, time in user-callback 0.00 sec

Gurobi 12.0.3 (mac64[arm]) logging started Tue Sep 23 19:14:15 2025

Set parameter LogFile to value "Logs/PowerFlow Logs/L50/phase1/scenario_generation.log"
Set parameter LogToConsole to value 0

Gurobi 12.0.3 (mac64[arm]) logging started Tue Sep 23 19:14:15 2025

Set parameter LogFile to value "Logs/PowerFlow Logs/L50/phase1/scenario_generation.log"
Gurobi Optimizer version 12.0.3 build v12.0.3rc0 (mac64[arm] - Darwin 24.6.0 24G222)

CPU model: Apple M3
Thread count: 8 physical cores, 8 logical processors, using up to 8 threads

Non-default parameters:
TimeLimit  60
LogToConsole  0

Optimize a model with 980 rows, 726 columns and 3212 nonzeros
Model fingerprint: 0xe838a340
Variable types: 540 continuous, 186 integer (186 binary)
Coefficient statistics:
  Matrix range     [1e+00, 3e+03]
  Objective range  [6e-02, 1e+04]
  Bounds range     [0e+00, 0e+00]
  RHS range        [6e-02, 3e+03]
Found heuristic solution: objective 436538.92706
Found heuristic solution: objective 436538.92543
Presolve removed 181 rows and 40 columns
Presolve time: 0.01s
Presolved: 799 rows, 686 columns, 2644 nonzeros
Found heuristic solution: objective 417103.48236
Variable types: 513 continuous, 173 integer (173 binary)

Root relaxation: objective 2.273257e+03, 986 iterations, 0.01 seconds (0.01 work units)

    Nodes    |    Current Node    |     Objective Bounds      |     Work
 Expl Unexpl |  Obj  Depth IntInf | Incumbent    BestBd   Gap | It/Node Time

     0     0 2273.25700    0   19 417103.482 2273.25700  99.5%     -    0s
H    0     0                    61257.529278 2273.25700  96.3%     -    0s
H    0     0                    42375.709692 2273.25700  94.6%     -    0s
     0     0 2278.28423    0   22 42375.7097 2278.28423  94.6%     -    0s
H    0     0                    13036.015721 2295.34622  82.4%     -    0s
H    0     0                    8929.8582302 2295.34622  74.3%     -    0s
     0     0 2295.34622    0   20 8929.85823 2295.34622  74.3%     -    0s
     0     0 2297.67018    0   21 8929.85823 2297.67018  74.3%     -    0s
H    0     0                    5259.1936922 2297.89663  56.3%     -    0s
     0     0 2300.39700    0   21 5259.19369 2300.39700  56.3%     -    0s
     0     0 2305.43636    0   19 5259.19369 2305.43636  56.2%     -    0s
     0     0 2306.54764    0   19 5259.19369 2306.54764  56.1%     -    0s
     0     0 2306.54764    0   12 5259.19369 2306.54764  56.1%     -    0s
H    0     0                    5066.5004799 2306.54764  54.5%     -    0s
     0     2 2306.54764    0   12 5066.50048 2306.54764  54.5%     -    0s
H   31    56                    5066.5004772 2316.94568  54.3%  23.3    0s
H  306   275                    4547.7677313 2337.19273  48.6%  14.9    0s
H  626   533                    3843.8172461 2784.74679  27.6%  16.2    0s
H  784   677                    3797.4593716 2784.74679  26.7%  17.0    0s
H  925   787                    3780.7802967 2784.74679  26.3%  17.1    0s
H 1018   787                    3780.7802954 2784.74679  26.3%  16.6    0s
H 1258  1025                    3745.2782160 2784.74679  25.6%  16.4    0s
* 1270  1023             108    3739.9375520 2784.74679  25.5%  16.3    0s
H 1882  1352                    3679.1163719 2784.74679  24.3%  15.4    0s
H 2236  1466                    3679.1163706 2784.74679  24.3%  14.8    0s
H 2435  1413                    3517.9872065 2784.74679  20.8%  14.6    0s
H 3115  1189                    3445.2189520 2805.89920  18.6%  14.0    0s
H 3449  1073                    3437.7347012 3036.12562  11.7%  13.8    0s
H 3543  1066                    3437.7347002 3036.12562  11.7%  13.8    0s
H 4667  1223                    3425.7358330 3036.12562  11.4%  13.6    0s
H 4693  1105                    3394.5870607 3036.12562  10.6%  13.5    0s
H 6523  1674                    3377.8769909 3183.59797  5.75%  13.7    1s
H 7125  1935                    3374.5869150 3183.59797  5.66%  14.0    1s
H 7202  1927                    3371.8947536 3183.59797  5.58%  14.1    1s
H 8340  2365                    3371.7728976 3183.59797  5.58%  14.0    1s
H 8362  2365                    3371.2851452 3183.59797  5.57%  13.9    1s
H 9815  3115                    3371.2851447 3183.59797  5.57%  14.0    1s
*11169  3329             118    3364.1460021 3183.59797  5.37%  14.0    1s
*11171  3329             117    3364.1250739 3183.59797  5.37%  14.0    1s
*11177  3329             118    3364.1069551 3183.59797  5.37%  14.0    1s
*11927  2291             100    3322.4011252 3183.59797  4.18%  13.8    1s
*12135  2391             105    3320.8633192 3183.59797  4.13%  13.8    1s
H13349  1374                    3227.6208244 3183.59797  1.36%  13.9    1s
H13379  1108                    3189.8369146 3183.59797  0.20%  14.0    1s
H15219  1096                    3183.6736757 3183.59797  0.00%  15.2    2s
H15259  1096                    3183.6176239 3183.59797  0.00%  15.2    2s

Cutting planes:
  Learned: 1
  Gomory: 1
  MIR: 4

Explored 15299 nodes (234691 simplex iterations) in 2.13 seconds (3.16 work units)
Thread count was 8 (of 8 available processors)

Solution count 10: 3183.62 3183.67 3189.84 ... 3371.29

Optimal solution found (tolerance 1.00e-04)
Best objective 3.183617623894e+03, best bound 3.183597973575e+03, gap 0.0006%

User-callback calls 32478, time in user-callback 0.00 sec

Gurobi 12.0.3 (mac64[arm]) logging started Tue Sep 23 19:14:17 2025

Set parameter LogFile to value "Logs/PowerFlow Logs/L50/phase1/scenario_generation.log"
Set parameter LogToConsole to value 0

Gurobi 12.0.3 (mac64[arm]) logging started Tue Sep 23 19:14:17 2025

Set parameter LogFile to value "Logs/PowerFlow Logs/L50/phase1/scenario_generation.log"
Gurobi Optimizer version 12.0.3 build v12.0.3rc0 (mac64[arm] - Darwin 24.6.0 24G222)

CPU model: Apple M3
Thread count: 8 physical cores, 8 logical processors, using up to 8 threads

Non-default parameters:
TimeLimit  60
LogToConsole  0

Optimize a model with 980 rows, 726 columns and 3212 nonzeros
Model fingerprint: 0xcb91ee88
Variable types: 540 continuous, 186 integer (186 binary)
Coefficient statistics:
  Matrix range     [1e+00, 3e+03]
  Objective range  [6e-02, 1e+04]
  Bounds range     [0e+00, 0e+00]
  RHS range        [6e-02, 3e+03]
Found heuristic solution: objective 438404.35650
Found heuristic solution: objective 438404.35482
Presolve removed 181 rows and 40 columns
Presolve time: 0.01s
Presolved: 799 rows, 686 columns, 2644 nonzeros
Found heuristic solution: objective 418423.13023
Variable types: 513 continuous, 173 integer (173 binary)

Root relaxation: objective 2.253376e+03, 1079 iterations, 0.01 seconds (0.01 work units)

    Nodes    |    Current Node    |     Objective Bounds      |     Work
 Expl Unexpl |  Obj  Depth IntInf | Incumbent    BestBd   Gap | It/Node Time

     0     0 2253.37609    0   25 418423.130 2253.37609  99.5%     -    0s
H    0     0                    65944.074227 2253.37609  96.6%     -    0s
H    0     0                    57803.377656 2253.37609  96.1%     -    0s
     0     0 2270.98905    0   21 57803.3777 2270.98905  96.1%     -    0s
H    0     0                    16568.429287 2287.97207  86.2%     -    0s
     0     0 2288.38859    0   25 16568.4293 2288.38859  86.2%     -    0s
H    0     0                    7566.9519319 2289.09044  69.7%     -    0s
     0     0 2290.97859    0   23 7566.95193 2290.97859  69.7%     -    0s
     0     0 2297.09785    0   23 7566.95193 2297.09785  69.6%     -    0s
     0     0 2352.15609    0   21 7566.95193 2352.15609  68.9%     -    0s
     0     0 2352.15609    0   21 7566.95193 2352.15609  68.9%     -    0s
     0     0 2352.15609    0   22 7566.95193 2352.15609  68.9%     -    0s
     0     0 2352.15609    0   21 7566.95193 2352.15609  68.9%     -    0s
     0     0 2352.15609    0   22 7566.95193 2352.15609  68.9%     -    0s
     0     0 2352.15609    0   22 7566.95193 2352.15609  68.9%     -    0s
     0     0 2352.15609    0   14 7566.95193 2352.15609  68.9%     -    0s
H    0     0                    6961.6087293 2352.15609  66.2%     -    0s
     0     2 2352.15609    0   14 6961.60873 2352.15609  66.2%     -    0s
H  306   266                    3843.9689970 2829.82197  26.4%  13.7    0s
H  344   263                    3843.9689962 2829.82197  26.4%  13.9    0s
H  702   530                    3843.9689958 2978.84653  22.5%  13.5    0s
H 1459   926                    3795.4413322 2978.84653  21.5%  13.9    0s
H 1501   875                    3702.2052090 2978.84653  19.5%  14.0    0s
H 1609   931                    3702.2052082 2978.84653  19.5%  13.8    0s
H 1648   759                    3650.7404900 2978.84653  18.4%  13.8    0s
H 1735   856                    3623.7250066 2978.84653  17.8%  13.9    0s
H 1892   590                    3512.3821656 2978.84653  15.2%  13.9    0s
H 2310   652                    3512.3821653 2978.84653  15.2%  14.6    0s
H 2986   551                    3512.3821645 2978.84653  15.2%  16.3    0s
H 3351   516                    3510.8502209 2978.84653  15.2%  16.4    0s
H 4907  1485                    3481.5171774 3382.39728  2.85%  16.4    0s
H 6583  2089                    3470.6579735 3382.39728  2.54%  16.5    1s
* 9946  3464             126    3453.9226795 3382.39728  2.07%  17.4    1s
* 9950  3460             127    3453.2230314 3382.39728  2.05%  17.4    1s
* 9955  3458             127    3453.1630517 3382.39728  2.05%  17.4    1s
* 9957  3458             126    3453.1564604 3382.39728  2.05%  17.4    1s
H10536  2707                    3408.1606811 3382.39728  0.76%  17.6    1s
*10950  2704             102    3402.1005754 3382.39728  0.58%  18.1    1s
*11690  2712              91    3390.1398847 3382.39728  0.23%  18.9    1s
*11746  2633              84    3383.3562229 3382.39728  0.03%  18.9    1s
H13091  2907                    3382.8637363 3382.39728  0.01%  20.4    2s
*24230  5926             109    3382.6885132 3382.39728  0.01%  31.8    4s
*24231  5908             109    3382.4851842 3382.39728  0.00%  31.8    4s
*24232  5908             108    3382.4730843 3382.39728  0.00%  31.8    4s
*24244  5908             115    3382.4224791 3382.39728  0.00%  31.8    4s

Cutting planes:
  Implied bound: 2
  MIR: 8
  Relax-and-lift: 1

Explored 25103 nodes (808096 simplex iterations) in 4.86 seconds (8.16 work units)
Thread count was 8 (of 8 available processors)

Solution count 10: 3382.42 3382.47 3382.49 ... 3453.16

Optimal solution found (tolerance 1.00e-04)
Best objective 3.382422479088e+03, best bound 3.382397281272e+03, gap 0.0007%

User-callback calls 53370, time in user-callback 0.01 sec

Gurobi 12.0.3 (mac64[arm]) logging started Tue Sep 23 19:14:22 2025

Set parameter LogFile to value "Logs/PowerFlow Logs/L50/phase1/scenario_generation.log"
Set parameter LogToConsole to value 0

Gurobi 12.0.3 (mac64[arm]) logging started Tue Sep 23 19:14:22 2025

Set parameter LogFile to value "Logs/PowerFlow Logs/L50/phase1/scenario_generation.log"
Gurobi Optimizer version 12.0.3 build v12.0.3rc0 (mac64[arm] - Darwin 24.6.0 24G222)

CPU model: Apple M3
Thread count: 8 physical cores, 8 logical processors, using up to 8 threads

Non-default parameters:
TimeLimit  60
LogToConsole  0

Optimize a model with 980 rows, 726 columns and 3212 nonzeros
Model fingerprint: 0x0531b314
Variable types: 540 continuous, 186 integer (186 binary)
Coefficient statistics:
  Matrix range     [1e+00, 3e+03]
  Objective range  [6e-02, 1e+04]
  Bounds range     [0e+00, 0e+00]
  RHS range        [2e-02, 3e+03]
Found heuristic solution: objective 441120.06833
Found heuristic solution: objective 441120.06665
Presolve removed 181 rows and 40 columns
Presolve time: 0.01s
Presolved: 799 rows, 686 columns, 2644 nonzeros
Found heuristic solution: objective 421194.24124
Variable types: 513 continuous, 173 integer (173 binary)

Root relaxation: objective 2.317587e+03, 1007 iterations, 0.01 seconds (0.01 work units)

    Nodes    |    Current Node    |     Objective Bounds      |     Work
 Expl Unexpl |  Obj  Depth IntInf | Incumbent    BestBd   Gap | It/Node Time

     0     0 2317.58687    0   19 421194.241 2317.58687  99.4%     -    0s
H    0     0                    43293.930209 2317.58687  94.6%     -    0s
H    0     0                    33825.339029 2317.58687  93.1%     -    0s
     0     0 2317.58687    0   15 33825.3390 2317.58687  93.1%     -    0s
H    0     0                    10309.843498 2317.58687  77.5%     -    0s
     0     0 2317.58687    0   14 10309.8435 2317.58687  77.5%     -    0s
     0     0 2317.58687    0   13 10309.8435 2317.58687  77.5%     -    0s
H    0     0                    7903.9498036 2317.58687  70.7%     -    0s
     0     0 2317.58687    0   14 7903.94980 2317.58687  70.7%     -    0s
H    0     0                    5860.4770485 2317.58687  60.5%     -    0s
     0     0 2317.58687    0    9 5860.47705 2317.58687  60.5%     -    0s
     0     0 2317.58687    0    9 5860.47705 2317.58687  60.5%     -    0s
     0     0 2317.58687    0    9 5860.47705 2317.58687  60.5%     -    0s
     0     0 2319.53930    0    9 5860.47705 2319.53930  60.4%     -    0s
     0     0 2332.79637    0   10 5860.47705 2332.79637  60.2%     -    0s
     0     0 2332.79637    0    7 5860.47705 2332.79637  60.2%     -    0s
     0     2 2332.79637    0    7 5860.47705 2332.79637  60.2%     -    0s
H  923   983                    4174.9976280 2514.57595  39.8%  15.5    0s
H 1742   518                    3611.7438287 2514.57595  30.4%  12.8    0s
H 1742   509                    3594.3083383 2514.57595  30.0%  12.8    0s
H 1742   483                    3529.6889872 2514.57595  28.8%  12.8    0s
H 1742   483                    3529.4394545 2514.57595  28.8%  12.8    0s
H 1748   417                    3529.4394541 2514.57595  28.8%  12.8    0s
H 2826   809                    3527.5447168 2691.71503  23.7%  14.5    0s
H 2909   847                    3527.5447144 2691.71503  23.7%  14.7    0s
H 2925   838                    3500.1567613 2691.71503  23.1%  14.8    0s
H 3062   773                    3425.4894754 2691.71503  21.4%  14.9    0s
H 3081   698                    3407.2976899 2697.29783  20.8%  14.9    0s
* 4141  1240             130    3396.3845659 2810.05767  17.3%  14.4    0s
* 4142  1240             130    3396.3837015 2810.05767  17.3%  14.4    0s
H 4688  1512                    3396.3837009 2810.05767  17.3%  14.2    0s
* 5365  1676             148    3387.4956677 2810.05767  17.0%  14.1    0s
* 5367  1583             147    3342.7646572 2810.05767  15.9%  14.1    0s
H 5699  1597                    3308.3826476 2810.05767  15.1%  14.1    0s
H 5953  1713                    3308.3826464 2891.08194  12.6%  14.1    1s
H 7002  1911                    3172.9507785 3077.89829  3.00%  14.4    1s
H 7063  2018                    3172.9507780 3077.89829  3.00%  14.4    1s
H 7610  2358                    3172.9507776 3077.89829  3.00%  14.4    1s
H10832  3379                    3154.1061905 3077.89829  2.42%  15.2    1s
H10834  3099                    3127.0087760 3077.89829  1.57%  15.2    1s
H10843  3214                    3127.0087756 3077.89829  1.57%  15.2    1s
*17355  5549             138    3126.9354621 3085.66433  1.32%  18.8    2s
*22148  7238             127    3123.9462777 3085.66433  1.23%  20.7    3s
H22941  7304                    3123.2262777 3085.66433  1.20%  20.9    3s
H25182  5851                    3109.7701032 3085.66433  0.78%  21.7    4s
H27221  6125                    3107.1231260 3085.66433  0.69%  22.1    4s
H27222  6125                    3107.0385084 3085.66433  0.69%  22.1    4s
 28991  6846     cutoff   55      3107.03851 3085.66433  0.69%  22.4    5s
*30049  6972             107    3105.8625821 3085.66433  0.65%  22.5    5s
*30556  5407             111    3093.0945981 3085.66433  0.24%  22.7    5s
*31854  5369             102    3092.9657072 3085.66433  0.24%  22.6    5s
*32070  5013             112    3089.3839318 3085.66433  0.12%  22.6    5s
*32646  4949             111    3089.3037333 3085.66433  0.12%  22.7    5s
*34143  5020             115    3088.9161268 3085.66433  0.11%  23.1    5s
H34974  5132                    3088.9161263 3085.66433  0.11%  23.4    6s
H35470  5132                    3088.9161112 3085.66433  0.11%  23.6    6s
H41986  7826                    3088.9161004 3085.66433  0.11%  25.7    7s
H42115  7826                    3088.9160304 3085.66433  0.11%  25.7    7s
*48400  6878             123    3087.9164147 3085.66433  0.07%  27.7    9s
*48403  6870             121    3087.7690548 3085.66433  0.07%  27.7    9s
 51298  7254 3085.66433   90   13 3087.76905 3085.66433  0.07%  28.6   10s
H54973  7547                    3087.7690543 3085.66433  0.07%  30.1   10s
H57297  7716                    3085.7854658 3085.66433  0.00%  30.6   11s
H57328  7716                    3085.7853534 3085.66433  0.00%  30.6   11s

Cutting planes:
  Gomory: 1
  Implied bound: 2
  MIR: 4

Explored 57671 nodes (1771803 simplex iterations) in 11.44 seconds (18.79 work units)
Thread count was 8 (of 8 available processors)

Solution count 10: 3085.79 3085.79 3085.79 ... 3092.97

Optimal solution found (tolerance 1.00e-04)
Best objective 3.085785353433e+03, best bound 3.085664327551e+03, gap 0.0039%

User-callback calls 122363, time in user-callback 0.02 sec

Gurobi 12.0.3 (mac64[arm]) logging started Tue Sep 23 19:14:33 2025

Set parameter LogFile to value "Logs/PowerFlow Logs/L50/phase1/scenario_generation.log"
Set parameter LogToConsole to value 0

Gurobi 12.0.3 (mac64[arm]) logging started Tue Sep 23 19:14:33 2025

Set parameter LogFile to value "Logs/PowerFlow Logs/L50/phase1/scenario_generation.log"
Gurobi Optimizer version 12.0.3 build v12.0.3rc0 (mac64[arm] - Darwin 24.6.0 24G222)

CPU model: Apple M3
Thread count: 8 physical cores, 8 logical processors, using up to 8 threads

Non-default parameters:
TimeLimit  60
LogToConsole  0

Optimize a model with 980 rows, 726 columns and 3212 nonzeros
Model fingerprint: 0xc0289cc8
Variable types: 540 continuous, 186 integer (186 binary)
Coefficient statistics:
  Matrix range     [1e+00, 3e+03]
  Objective range  [6e-02, 1e+04]
  Bounds range     [0e+00, 0e+00]
  RHS range        [6e-02, 3e+03]
Found heuristic solution: objective 442076.03809
Found heuristic solution: objective 442076.03668
Presolve removed 181 rows and 40 columns
Presolve time: 0.01s
Presolved: 799 rows, 686 columns, 2644 nonzeros
Found heuristic solution: objective 421208.02843
Variable types: 513 continuous, 173 integer (173 binary)

Root relaxation: objective 2.314286e+03, 1032 iterations, 0.01 seconds (0.01 work units)

    Nodes    |    Current Node    |     Objective Bounds      |     Work
 Expl Unexpl |  Obj  Depth IntInf | Incumbent    BestBd   Gap | It/Node Time

     0     0 2314.28592    0   23 421208.028 2314.28592  99.5%     -    0s
H    0     0                    31648.536571 2314.28592  92.7%     -    0s
H    0     0                    31641.208952 2314.28592  92.7%     -    0s
     0     0 2314.28592    0   14 31641.2090 2314.28592  92.7%     -    0s
H    0     0                    7899.5693982 2314.28592  70.7%     -    0s
     0     0 2314.28592    0   14 7899.56940 2314.28592  70.7%     -    0s
     0     0 2314.28592    0   13 7899.56940 2314.28592  70.7%     -    0s
H    0     0                    4426.4692077 2314.28592  47.7%     -    0s
     0     0 2314.28592    0   10 4426.46921 2314.28592  47.7%     -    0s
     0     0 2314.28592    0   10 4426.46921 2314.28592  47.7%     -    0s
     0     0 2314.28592    0    9 4426.46921 2314.28592  47.7%     -    0s
     0     0 2314.28592    0    9 4426.46921 2314.28592  47.7%     -    0s
H    0     0                    3815.4760291 2314.28592  39.3%     -    0s
     0     2 2314.28592    0    9 3815.47603 2314.28592  39.3%     -    0s
H  193   187                    3810.4374576 2314.28592  39.3%  18.1    0s
H  590   565                    3810.4374570 2314.28592  39.3%  18.0    0s
H  681   580                    3693.1024789 2314.28592  37.3%  18.3    0s
H 1023   760                    3641.1511232 2314.28592  36.4%  18.1    0s
H 1156   590                    3538.3473287 2314.28592  34.6%  17.9    0s
H 1361   663                    3508.7181715 2314.28592  34.0%  17.0    0s
H 1362   569                    3459.3815863 2314.28592  33.1%  17.0    0s
H 1400   635                    3459.3815858 2314.28592  33.1%  16.8    0s
H 1534   710                    3459.3815854 2314.28592  33.1%  16.6    0s
H 1951   885                    3456.4827535 2398.07267  30.6%  16.4    0s
H 1951   885                    3455.4901579 2398.07267  30.6%  16.4    0s
H 2130   908                    3455.4901573 2398.07267  30.6%  16.5    0s
H 2653  1029                    3455.4901565 2398.07267  30.6%  16.0    0s
H 2774  1049                    3455.4901555 2496.86767  27.7%  16.0    0s
H 3896  1262                    3455.4901529 2757.61620  20.2%  15.5    0s
H 4753  1703                    3455.4901384 2767.28848  19.9%  15.6    1s
H 4765  1590                    3451.8751330 2767.28848  19.8%  15.6    1s
H 5953  2384                    3435.7014277 2778.65604  19.1%  15.5    1s
H 6439  2611                    3435.7014273 2778.65604  19.1%  15.3    1s
H 8752  3975                    3435.7014253 2778.65604  19.1%  14.8    1s
*14669  6505             126    3434.8040141 2778.65604  19.1%  14.8    2s
H20145  4750                    3349.6468358 2846.18720  15.0%  15.3    2s
*20217  4590             141    3340.5669035 2846.18720  14.8%  15.3    2s
*20218  4590             141    3340.5301503 2846.18720  14.8%  15.3    2s
*20220  4590             139    3340.4794085 2846.18720  14.8%  15.3    2s
*20227  4590             140    3340.4377842 2846.18720  14.8%  15.3    2s
*24953  6928             110    3314.4097440 2910.83487  12.2%  15.5    3s
*25595  5694             103    3277.3183351 2910.83487  11.2%  15.4    3s
*26585  6046              72    3272.3087107 2910.83487  11.0%  15.3    3s
*28277  6770             143    3253.1578075 2910.83487  10.5%  15.2    3s
*28279  6770             142    3253.1160794 2910.83487  10.5%  15.2    3s
*30225  6270              61    3169.8818797 2910.83487  8.17%  15.0    4s
H31148  4513                    3085.1024592 2910.83487  5.65%  15.0    4s
H31160  4490                    3078.4044597 2910.83487  5.44%  15.0    4s
 32357  5316     cutoff   46      3078.40446 2910.83487  5.44%  15.2    5s
H40776  7695                    3078.4044593 3075.67397  0.09%  16.5    6s
H49043  9114                    3075.9762442 3075.67397  0.01%  19.4    7s
H49125  9105                    3075.7175378 3075.67397  0.00%  19.5    7s

Cutting planes:
  Gomory: 2
  MIR: 6
  Flow cover: 7
  Relax-and-lift: 2

Explored 49544 nodes (973532 simplex iterations) in 7.69 seconds (10.96 work units)
Thread count was 8 (of 8 available processors)

Solution count 10: 3075.72 3075.72 3075.98 ... 3277.32

Optimal solution found (tolerance 1.00e-04)
Best objective 3.075717537811e+03, best bound 3.075673972223e+03, gap 0.0014%

User-callback calls 104138, time in user-callback 0.02 sec

Gurobi 12.0.3 (mac64[arm]) logging started Tue Sep 23 19:14:41 2025

Set parameter LogFile to value "Logs/PowerFlow Logs/L50/phase1/scenario_generation.log"
Set parameter LogToConsole to value 0

Gurobi 12.0.3 (mac64[arm]) logging started Tue Sep 23 19:14:41 2025

Set parameter LogFile to value "Logs/PowerFlow Logs/L50/phase1/scenario_generation.log"
Gurobi Optimizer version 12.0.3 build v12.0.3rc0 (mac64[arm] - Darwin 24.6.0 24G222)

CPU model: Apple M3
Thread count: 8 physical cores, 8 logical processors, using up to 8 threads

Non-default parameters:
TimeLimit  60
LogToConsole  0

Optimize a model with 980 rows, 726 columns and 3212 nonzeros
Model fingerprint: 0xc18c277c
Variable types: 540 continuous, 186 integer (186 binary)
Coefficient statistics:
  Matrix range     [1e+00, 3e+03]
  Objective range  [6e-02, 1e+04]
  Bounds range     [0e+00, 0e+00]
  RHS range        [6e-02, 3e+03]
Found heuristic solution: objective 436244.47240
Found heuristic solution: objective 436244.47051
Presolve removed 181 rows and 40 columns
Presolve time: 0.01s
Presolved: 799 rows, 686 columns, 2644 nonzeros
Found heuristic solution: objective 415983.06865
Variable types: 513 continuous, 173 integer (173 binary)

Root relaxation: objective 2.194817e+03, 922 iterations, 0.01 seconds (0.01 work units)

    Nodes    |    Current Node    |     Objective Bounds      |     Work
 Expl Unexpl |  Obj  Depth IntInf | Incumbent    BestBd   Gap | It/Node Time

     0     0 2194.81745    0   27 415983.069 2194.81745  99.5%     -    0s
H    0     0                    79496.873071 2194.81745  97.2%     -    0s
H    0     0                    74800.869411 2194.81745  97.1%     -    0s
     0     0 2194.81745    0   16 74800.8694 2194.81745  97.1%     -    0s
H    0     0                    8308.9043177 2194.81745  73.6%     -    0s
     0     0 2194.81745    0   18 8308.90432 2194.81745  73.6%     -    0s
     0     0 2194.81745    0   11 8308.90432 2194.81745  73.6%     -    0s
H    0     0                    8209.2698048 2194.81745  73.3%     -    0s
     0     0 2194.81745    0   12 8209.26980 2194.81745  73.3%     -    0s
     0     0 2194.81745    0   12 8209.26980 2194.81745  73.3%     -    0s
     0     0 2194.81745    0   12 8209.26980 2194.81745  73.3%     -    0s
H    0     0                    4477.7357973 2194.81745  51.0%     -    0s
     0     0 2194.81745    0   12 4477.73580 2194.81745  51.0%     -    0s
     0     0 2194.81745    0   12 4477.73580 2194.81745  51.0%     -    0s
     0     2 2194.81745    0   12 4477.73580 2194.81745  51.0%     -    0s
H  562   561                    4477.7357966 2194.81745  51.0%  18.5    0s
H  722   630                    3743.8746162 2194.81745  41.4%  18.1    0s
H  872   815                    3424.3709220 2194.81745  35.9%  17.8    0s
H  961   815                    3422.9425441 2194.81745  35.9%  17.5    0s
H 1010   845                    3302.7039200 2194.81745  33.5%  17.3    0s
H 1327  1069                    3296.1361536 2194.81745  33.4%  16.6    0s
H 1338   984                    3181.3518989 2194.81745  31.0%  16.7    0s
H 1751  1079                    3110.6422341 2194.81745  29.4%  15.8    0s
H 1902  1085                    3110.6422332 2440.16176  21.6%  19.3    1s
H 2066  1092                    3110.6422328 2440.16176  21.6%  19.1    1s
H 2509  1215                    3110.6422320 2440.16176  21.6%  18.6    1s
H 3519  1198                    3047.7164780 2558.25636  16.1%  18.6    1s
H 3746  1147                    3027.4472639 2621.80830  13.4%  18.3    1s
H 4095  1214                    3027.4472634 2657.67658  12.2%  17.7    1s
* 4280   653             127    2903.2812998 2657.67658  8.46%  17.4    1s
* 4281   645             127    2897.0202541 2657.67658  8.26%  17.4    1s
* 5278   740              98    2775.2181369 2657.67658  4.24%  16.0    1s
* 5607   570             107    2750.3432257 2657.67658  3.37%  15.6    1s
* 5699   561             103    2739.5147439 2657.67658  2.99%  15.5    1s
* 6507   896             147    2727.5135044 2657.67658  2.56%  15.3    1s
* 6509   896             146    2727.4916708 2657.67658  2.56%  15.3    1s
H 7496   676                    2673.2724333 2657.67658  0.58%  15.3    1s
* 7516   675             160    2671.3832183 2657.67658  0.51%  15.3    1s
* 7523   675             160    2671.3762718 2657.67658  0.51%  15.3    1s
H 7768   655                    2671.3762708 2657.67658  0.51%  15.3    1s
H 8008   671                    2671.0616350 2657.67658  0.50%  15.3    1s
* 8408   777              91    2658.6299748 2657.67658  0.04%  15.5    1s
* 9126  1049             141    2657.7222694 2657.67658  0.00%  16.3    1s

Cutting planes:
  Gomory: 14
  Cover: 1
  Implied bound: 2
  MIR: 4
  Flow cover: 8
  Inf proof: 2

Explored 9244 nodes (153998 simplex iterations) in 1.94 seconds (2.63 work units)
Thread count was 8 (of 8 available processors)

Solution count 10: 2657.72 2658.63 2671.06 ... 2739.51

Optimal solution found (tolerance 1.00e-04)
Best objective 2.657722269355e+03, best bound 2.657676579526e+03, gap 0.0017%

User-callback calls 20171, time in user-callback 0.00 sec

Gurobi 12.0.3 (mac64[arm]) logging started Tue Sep 23 19:14:43 2025

Set parameter LogFile to value "Logs/PowerFlow Logs/L50/phase1/scenario_generation.log"
Set parameter LogToConsole to value 0

Gurobi 12.0.3 (mac64[arm]) logging started Tue Sep 23 19:14:43 2025

Set parameter LogFile to value "Logs/PowerFlow Logs/L50/phase1/scenario_generation.log"
Gurobi Optimizer version 12.0.3 build v12.0.3rc0 (mac64[arm] - Darwin 24.6.0 24G222)

CPU model: Apple M3
Thread count: 8 physical cores, 8 logical processors, using up to 8 threads

Non-default parameters:
TimeLimit  60
LogToConsole  0

Optimize a model with 980 rows, 726 columns and 3212 nonzeros
Model fingerprint: 0xcaf16c21
Variable types: 540 continuous, 186 integer (186 binary)
Coefficient statistics:
  Matrix range     [1e+00, 3e+03]
  Objective range  [6e-02, 1e+04]
  Bounds range     [0e+00, 0e+00]
  RHS range        [5e-02, 3e+03]
Found heuristic solution: objective 440364.24716
Found heuristic solution: objective 440364.24550
Presolve removed 181 rows and 40 columns
Presolve time: 0.01s
Presolved: 799 rows, 686 columns, 2644 nonzeros
Found heuristic solution: objective 419839.74738
Variable types: 513 continuous, 173 integer (173 binary)

Root relaxation: objective 2.320477e+03, 1075 iterations, 0.01 seconds (0.01 work units)

    Nodes    |    Current Node    |     Objective Bounds      |     Work
 Expl Unexpl |  Obj  Depth IntInf | Incumbent    BestBd   Gap | It/Node Time

     0     0 2320.47749    0   28 419839.747 2320.47749  99.4%     -    0s
H    0     0                    93148.730361 2320.47749  97.5%     -    0s
H    0     0                    58471.104505 2320.47749  96.0%     -    0s
     0     0 2320.47749    0   28 58471.1045 2320.47749  96.0%     -    0s
H    0     0                    10535.065782 2320.47749  78.0%     -    0s
     0     0 2330.71592    0   26 10535.0658 2330.71592  77.9%     -    0s
H    0     0                    6137.0076238 2346.62915  61.8%     -    0s
     0     0 2362.60156    0   17 6137.00762 2362.60156  61.5%     -    0s
     0     0 2362.60156    0   18 6137.00762 2362.60156  61.5%     -    0s
     0     0 2362.90037    0   19 6137.00762 2362.90037  61.5%     -    0s
     0     0 2363.51476    0   19 6137.00762 2363.51476  61.5%     -    0s
     0     0 2363.51476    0   20 6137.00762 2363.51476  61.5%     -    0s
H    0     0                    4752.5250328 2363.51476  50.3%     -    0s
     0     0 2382.30464    0   13 4752.52503 2382.30464  49.9%     -    0s
     0     0 2382.30464    0   14 4752.52503 2382.30464  49.9%     -    0s
     0     0 2382.30464    0   12 4752.52503 2382.30464  49.9%     -    0s
H    0     0                    4752.5250320 2382.30464  49.9%     -    0s
     0     0 2382.30464    0   14 4752.52503 2382.30464  49.9%     -    0s
     0     0 2382.30464    0   12 4752.52503 2382.30464  49.9%     -    0s
     0     0 2382.30464    0   12 4752.52503 2382.30464  49.9%     -    0s
     0     2 2382.30464    0   11 4752.52503 2382.30464  49.9%     -    0s
H  113   133                    4109.2785924 2382.30464  42.0%  13.8    0s
H  172   148                    3933.2510591 2382.30464  39.4%  13.0    0s
H  263   222                    3911.5249459 2402.14650  38.6%  12.5    0s
H  503   492                    3850.1562324 2402.14650  37.6%  13.4    0s
H  662   650                    3838.8896090 2402.14650  37.4%  15.5    0s
H  690   523                    3463.1973626 2402.14650  30.6%  15.9    0s
H 1629   727                    3459.7705306 2837.86639  18.0%  16.4    0s
* 1823   799              98    3452.0040693 2852.90982  17.4%  16.1    0s
H 2067   877                    3452.0040689 2852.90982  17.4%  15.6    0s
H 2168   868                    3452.0040679 2852.90982  17.4%  16.0    0s
H 2415   927                    3452.0040675 2852.90982  17.4%  15.6    0s
H 2803   987                    3452.0040668 2852.90982  17.4%  15.8    0s
* 4420  1555             121    3451.0021195 2852.90982  17.3%  18.3    1s
* 4429  1555             121    3450.9447711 2852.90982  17.3%  18.3    1s
* 4431  1555             121    3450.7957600 2852.90982  17.3%  18.3    1s
* 4500  1614             117    3446.0379534 2852.90982  17.2%  18.3    1s
* 4503  1487             117    3440.8464185 2852.90982  17.1%  18.3    1s
* 4507  1483             117    3440.6805400 2852.90982  17.1%  18.3    1s
H 5154  1673                    3433.4562752 2852.90982  16.9%  18.1    1s
* 6553  2254              99    3430.4613840 3133.91131  8.64%  17.7    1s
* 6555   961              99    3398.0860802 3133.91131  7.77%  17.7    1s
H 7054   956                    3379.3867674 3230.83643  4.40%  17.6    1s
H 7057   901                    3339.3748266 3230.83643  3.25%  17.6    1s
H 9555   910                    3338.9625676 3230.83643  3.24%  17.9    1s
*12833   867             106    3309.1162742 3256.04256  1.60%  17.3    2s
*18967  1834             117    3289.7778689 3256.04256  1.03%  16.6    3s
*18972  1492             117    3286.7845411 3256.04256  0.94%  16.6    3s
*18981  1193             119    3286.0300555 3256.04256  0.91%  16.6    3s
H23915  3641                    3286.0300549 3261.99710  0.73%  16.6    3s
H24051  3641                    3285.8494199 3261.99710  0.73%  16.6    3s
*28241  4373             112    3269.6519688 3261.99710  0.23%  16.8    4s
*28904  4500             112    3269.6030903 3261.99710  0.23%  16.8    4s
*29624  4768             119    3267.1729695 3261.99710  0.16%  16.9    4s
H32293  6080                    3266.8563416 3261.99710  0.15%  17.1    4s
 33302  6796 3265.60414   58   13 3266.85634 3261.99710  0.15%  17.3    5s
 59099 15152 infeasible   67      3266.85634 3261.99710  0.15%  20.6   10s
H76504 14831                    3266.0280825 3261.99710  0.12%  22.0   13s
H76933 14792                    3265.8060390 3261.99710  0.12%  22.1   13s

Cutting planes:
  Implied bound: 1
  MIR: 8
  Inf proof: 1

Explored 81140 nodes (1811460 simplex iterations) in 14.49 seconds (22.12 work units)
Thread count was 8 (of 8 available processors)

Solution count 10: 3265.81 3265.81 3266.03 ... 3286.03

Optimal solution found (tolerance 1.00e-04)
Best objective 3.265806038952e+03, best bound 3.265604136628e+03, gap 0.0062%

User-callback calls 171122, time in user-callback 0.03 sec

Gurobi 12.0.3 (mac64[arm]) logging started Tue Sep 23 19:14:57 2025

Set parameter LogFile to value "Logs/PowerFlow Logs/L50/phase1/scenario_generation.log"
Set parameter LogToConsole to value 0

Gurobi 12.0.3 (mac64[arm]) logging started Tue Sep 23 19:14:57 2025

Set parameter LogFile to value "Logs/PowerFlow Logs/L50/phase1/scenario_generation.log"
Gurobi Optimizer version 12.0.3 build v12.0.3rc0 (mac64[arm] - Darwin 24.6.0 24G222)

CPU model: Apple M3
Thread count: 8 physical cores, 8 logical processors, using up to 8 threads

Non-default parameters:
TimeLimit  60
LogToConsole  0

Optimize a model with 980 rows, 726 columns and 3212 nonzeros
Model fingerprint: 0xcab03eff
Variable types: 540 continuous, 186 integer (186 binary)
Coefficient statistics:
  Matrix range     [1e+00, 3e+03]
  Objective range  [6e-02, 1e+04]
  Bounds range     [0e+00, 0e+00]
  RHS range        [6e-02, 3e+03]
Found heuristic solution: objective 438441.69020
Found heuristic solution: objective 438441.68814
Presolve removed 181 rows and 40 columns
Presolve time: 0.01s
Presolved: 799 rows, 686 columns, 2644 nonzeros
Found heuristic solution: objective 418425.76031
Variable types: 513 continuous, 173 integer (173 binary)

Root relaxation: objective 2.251808e+03, 1022 iterations, 0.01 seconds (0.01 work units)

    Nodes    |    Current Node    |     Objective Bounds      |     Work
 Expl Unexpl |  Obj  Depth IntInf | Incumbent    BestBd   Gap | It/Node Time

     0     0 2251.80768    0   19 418425.760 2251.80768  99.5%     -    0s
H    0     0                    48740.500838 2251.80768  95.4%     -    0s
H    0     0                    39362.334922 2251.80768  94.3%     -    0s
     0     0 2251.80768    0   19 39362.3349 2251.80768  94.3%     -    0s
H    0     0                    6838.3217393 2251.80768  67.1%     -    0s
     0     0 2251.80768    0   20 6838.32174 2251.80768  67.1%     -    0s
     0     0 2251.80768    0   18 6838.32174 2251.80768  67.1%     -    0s
     0     0 2251.80768    0   18 6838.32174 2251.80768  67.1%     -    0s
     0     0 2254.38598    0   16 6838.32174 2254.38598  67.0%     -    0s
     0     0 2254.41916    0   16 6838.32174 2254.41916  67.0%     -    0s
     0     0 2276.41891    0   17 6838.32174 2276.41891  66.7%     -    0s
     0     0 2277.07625    0   15 6838.32174 2277.07625  66.7%     -    0s
     0     0 2277.34211    0   16 6838.32174 2277.34211  66.7%     -    0s
     0     0 2277.34211    0   16 6838.32174 2277.34211  66.7%     -    0s
     0     0 2277.34211    0   11 6838.32174 2277.34211  66.7%     -    0s
     0     0 2277.34211    0   11 6838.32174 2277.34211  66.7%     -    0s
     0     2 2277.34211    0   11 6838.32174 2277.34211  66.7%     -    0s
H   42    64                    3576.2401309 2280.15470  36.2%  19.6    0s
H  113   131                    3576.2401305 2280.15470  36.2%  22.0    0s
H  188   207                    3576.2401298 2280.15470  36.2%  19.4    0s
H  271   284                    3576.2401293 2280.15470  36.2%  18.8    0s
H  459   419                    3550.3754257 2280.15470  35.8%  18.7    0s
H  586   587                    3544.0836581 2280.15470  35.7%  17.9    0s
H  651   579                    3507.3415951 2280.15470  35.0%  17.6    0s
H  699   661                    3499.9623195 2280.15470  34.9%  17.6    0s
H  802   751                    3497.1957279 2280.15470  34.8%  17.6    0s
H 1222   676                    3347.7817725 2280.15470  31.9%  17.3    0s
H 1373   555                    3315.7091674 2280.15728  31.2%  17.0    0s
H 1375   491                    3252.3503958 2280.15728  29.9%  17.0    0s
H 1379   476                    3194.4683274 2280.15728  28.6%  17.0    0s
H 1465   535                    3194.4683270 2280.15728  28.6%  17.0    0s
H 2057   692                    3106.7344180 2280.45033  26.6%  15.9    0s
H 2057   657                    3092.2489131 2280.45033  26.3%  15.9    0s
H 2057   597                    3069.7364480 2280.45033  25.7%  15.9    0s
H 2065   558                    3069.7364464 2281.70354  25.7%  15.8    0s
H 3156   654                    3024.0693501 2616.26728  13.5%  16.8    1s
H 3325   602                    2957.0519071 2616.26728  11.5%  16.6    1s
H 3333   574                    2873.4443506 2616.26728  8.95%  16.6    1s
H 3361   540                    2861.3108795 2616.26728  8.56%  16.6    1s
H 3602   512                    2861.3108790 2773.67220  3.06%  16.5    1s
H 3897   438                    2793.5390891 2773.67220  0.71%  16.3    1s
H 4910   679                    2775.9433772 2773.67220  0.08%  17.7    1s
H 5096   798                    2773.9068231 2773.67220  0.01%  18.3    1s

Cutting planes:
  Gomory: 12
  Cover: 1
  Implied bound: 2
  MIR: 11
  Flow cover: 22
  Inf proof: 1
  Relax-and-lift: 3

Explored 5315 nodes (99300 simplex iterations) in 1.36 seconds (1.90 work units)
Thread count was 8 (of 8 available processors)

Solution count 10: 2773.91 2775.94 2793.54 ... 3106.73

Optimal solution found (tolerance 1.00e-04)
Best objective 2.773906823111e+03, best bound 2.773672196055e+03, gap 0.0085%

User-callback calls 12090, time in user-callback 0.00 sec

Gurobi 12.0.3 (mac64[arm]) logging started Tue Sep 23 19:14:59 2025

Set parameter LogFile to value "Logs/PowerFlow Logs/L50/phase1/scenario_generation.log"
Set parameter LogToConsole to value 0

Gurobi 12.0.3 (mac64[arm]) logging started Tue Sep 23 19:14:59 2025

Set parameter LogFile to value "Logs/PowerFlow Logs/L50/phase1/scenario_generation.log"
Gurobi Optimizer version 12.0.3 build v12.0.3rc0 (mac64[arm] - Darwin 24.6.0 24G222)

CPU model: Apple M3
Thread count: 8 physical cores, 8 logical processors, using up to 8 threads

Non-default parameters:
TimeLimit  60
LogToConsole  0

Optimize a model with 980 rows, 726 columns and 3212 nonzeros
Model fingerprint: 0x11647dc7
Variable types: 540 continuous, 186 integer (186 binary)
Coefficient statistics:
  Matrix range     [1e+00, 3e+03]
  Objective range  [6e-02, 1e+04]
  Bounds range     [0e+00, 0e+00]
  RHS range        [5e-02, 3e+03]
Found heuristic solution: objective 439591.16757
Found heuristic solution: objective 439591.16589
Presolve removed 181 rows and 40 columns
Presolve time: 0.01s
Presolved: 799 rows, 686 columns, 2644 nonzeros
Found heuristic solution: objective 418982.99545
Variable types: 513 continuous, 173 integer (173 binary)

Root relaxation: objective 2.257309e+03, 899 iterations, 0.01 seconds (0.01 work units)

    Nodes    |    Current Node    |     Objective Bounds      |     Work
 Expl Unexpl |  Obj  Depth IntInf | Incumbent    BestBd   Gap | It/Node Time

     0     0 2257.30939    0   18 418982.995 2257.30939  99.5%     -    0s
H    0     0                    36679.841617 2257.30939  93.8%     -    0s
H    0     0                    27970.009880 2257.30939  91.9%     -    0s
     0     0 2257.30939    0   19 27970.0099 2257.30939  91.9%     -    0s
H    0     0                    19779.131092 2257.30939  88.6%     -    0s
     0     0 2257.30939    0   18 19779.1311 2257.30939  88.6%     -    0s
H    0     0                    16815.160381 2267.08135  86.5%     -    0s
     0     0 2289.05066    0   13 16815.1604 2289.05066  86.4%     -    0s
     0     0 2298.97754    0   13 16815.1604 2298.97754  86.3%     -    0s
     0     0 2298.98534    0   18 16815.1604 2298.98534  86.3%     -    0s
H    0     0                    16754.936115 2298.99288  86.3%     -    0s
     0     0 2298.99288    0   18 16754.9361 2298.99288  86.3%     -    0s
     0     0 2301.46309    0   17 16754.9361 2301.46309  86.3%     -    0s
     0     0 2302.65910    0   15 16754.9361 2302.65910  86.3%     -    0s
     0     0 2302.65910    0   15 16754.9361 2302.65910  86.3%     -    0s
     0     0 2302.65910    0   14 16754.9361 2302.65910  86.3%     -    0s
H    0     0                    6855.6808404 2302.65910  66.4%     -    0s
     0     0 2302.65910    0   14 6855.68084 2302.65910  66.4%     -    0s
     0     0 2302.65910    0   13 6855.68084 2302.65910  66.4%     -    0s
     0     2 2302.65910    0   12 6855.68084 2302.65910  66.4%     -    0s
H   32    58                    6734.8297339 2302.66990  65.8%  18.2    0s
H   37    58                    4708.3723845 2302.66990  51.1%  19.4    0s
H  292   261                    3849.5024625 2336.92815  39.3%  15.7    0s
*  521   482              66    3783.8034976 2336.92815  38.2%  15.0    0s
H 1123   955                    3783.8034959 2351.90494  37.8%  18.6    0s
H 1569   844                    3547.6946132 2359.51703  33.5%  16.9    0s
H 1569   791                    3504.0913412 2359.51703  32.7%  16.9    0s
H 1578   727                    3483.1594044 2359.51703  32.3%  16.8    0s
H 1578   691                    3482.5954483 2359.51703  32.2%  16.8    0s
H 1770   710                    3482.5954466 2658.05855  23.7%  18.3    0s
H 1885   689                    3482.5954449 2666.11443  23.4%  18.0    0s
H 2344   786                    3448.7897737 2785.32726  19.2%  17.6    0s
H 2357   753                    3269.9404188 2785.32726  14.8%  17.5    0s
H 2477   646                    3235.5110512 2785.32726  13.9%  17.6    0s
H 2997   532                    3235.5110508 2957.37062  8.60%  17.4    0s
H 3086   440                    3227.4099098 3039.76949  5.81%  17.3    0s
H 3093   440                    3164.3858146 3039.76949  3.94%  17.3    0s
H 3593   575                    3164.3858119 3162.71980  0.05%  18.0    0s
* 3741   575             127    3164.1503690 3162.71980  0.05%  18.3    0s
H 3865   766                    3162.8156017 3162.71980  0.00%  18.8    0s

Cutting planes:
  Gomory: 14
  MIR: 11
  Flow cover: 15
  Relax-and-lift: 3

Explored 4074 nodes (81266 simplex iterations) in 1.00 seconds (1.44 work units)
Thread count was 8 (of 8 available processors)

Solution count 10: 3162.82 3164.15 3164.39 ... 3482.6

Optimal solution found (tolerance 1.00e-04)
Best objective 3.162815601732e+03, best bound 3.162719800298e+03, gap 0.0030%

User-callback calls 9393, time in user-callback 0.00 sec

Gurobi 12.0.3 (mac64[arm]) logging started Tue Sep 23 19:15:00 2025

Set parameter LogFile to value "Logs/PowerFlow Logs/L50/phase1/scenario_generation.log"
Set parameter LogToConsole to value 0

Gurobi 12.0.3 (mac64[arm]) logging started Tue Sep 23 19:15:00 2025

Set parameter LogFile to value "Logs/PowerFlow Logs/L50/phase1/scenario_generation.log"
Gurobi Optimizer version 12.0.3 build v12.0.3rc0 (mac64[arm] - Darwin 24.6.0 24G222)

CPU model: Apple M3
Thread count: 8 physical cores, 8 logical processors, using up to 8 threads

Non-default parameters:
TimeLimit  60
LogToConsole  0

Optimize a model with 980 rows, 726 columns and 3212 nonzeros
Model fingerprint: 0x20005e58
Variable types: 540 continuous, 186 integer (186 binary)
Coefficient statistics:
  Matrix range     [1e+00, 3e+03]
  Objective range  [6e-02, 1e+04]
  Bounds range     [0e+00, 0e+00]
  RHS range        [6e-02, 3e+03]
Found heuristic solution: objective 438839.22620
Found heuristic solution: objective 438839.22412
Presolve removed 181 rows and 40 columns
Presolve time: 0.01s
Presolved: 799 rows, 686 columns, 2644 nonzeros
Found heuristic solution: objective 418780.72047
Variable types: 513 continuous, 173 integer (173 binary)

Root relaxation: objective 2.270860e+03, 1050 iterations, 0.01 seconds (0.01 work units)

    Nodes    |    Current Node    |     Objective Bounds      |     Work
 Expl Unexpl |  Obj  Depth IntInf | Incumbent    BestBd   Gap | It/Node Time

     0     0 2270.86046    0   20 418780.720 2270.86046  99.5%     -    0s
H    0     0                    50388.952184 2270.86046  95.5%     -    0s
H    0     0                    45335.944729 2270.86046  95.0%     -    0s
     0     0 2270.86046    0   20 45335.9447 2270.86046  95.0%     -    0s
H    0     0                    6350.7379344 2270.86046  64.2%     -    0s
     0     0 2270.86046    0   18 6350.73793 2270.86046  64.2%     -    0s
H    0     0                    3933.1139870 2270.86046  42.3%     -    0s
     0     0 2270.86046    0   10 3933.11399 2270.86046  42.3%     -    0s
     0     0 2270.86046    0   11 3933.11399 2270.86046  42.3%     -    0s
     0     0 2270.86046    0    9 3933.11399 2270.86046  42.3%     -    0s
     0     0 2270.86046    0   11 3933.11399 2270.86046  42.3%     -    0s
     0     0 2270.86046    0    9 3933.11399 2270.86046  42.3%     -    0s
     0     0 2270.86046    0    9 3933.11399 2270.86046  42.3%     -    0s
     0     0 2270.86046    0    9 3933.11399 2270.86046  42.3%     -    0s
     0     2 2270.86046    0    9 3933.11399 2270.86046  42.3%     -    0s
H   57    46                    3933.1139860 2270.86046  42.3%  18.0    0s
H  183   190                    3933.1139854 2270.86046  42.3%  12.3    0s
H  320   292                    3921.9395785 2270.86046  42.1%  12.4    0s
H  379   361                    3902.1255507 2270.86046  41.8%  12.8    0s
H  396   361                    3031.5712614 2270.86046  25.1%  12.9    0s
H 1447   693                    2996.4020497 2532.19853  15.5%  13.2    0s
H 2220   920                    2967.1555478 2538.92276  14.4%  12.8    0s
H 3113  1167                    2967.1555458 2662.43766  10.3%  13.4    0s
H 4035   904                    2967.1555433 2662.43766  10.3%  13.7    0s
H 4716   547                    2967.1555427 2662.43766  10.3%  13.3    0s
H 5153   511                    2967.1555422 2662.43766  10.3%  13.0    0s
* 6020   930             127    2963.6512217 2662.43766  10.2%  13.4    0s
H 6124   889                    2873.8740326 2662.43766  7.36%  13.4    0s
* 6129   862             139    2852.0515649 2662.43766  6.65%  13.4    0s
H 7285  1343                    2826.8511416 2662.43766  5.82%  13.8    1s
H 9822  1941                    2812.1002185 2723.98769  3.13%  14.7    1s
H12879  1978                    2812.1002172 2723.98769  3.13%  17.2    2s
H17770  1756                    2793.1074726 2732.86223  2.16%  19.3    2s
*19767  2038             107    2792.9881445 2732.86223  2.15%  19.8    3s
H21514  2220                    2792.9881434 2732.86223  2.15%  20.3    3s
H24350  1860                    2792.4263394 2732.86223  2.13%  20.9    3s
H24356  1775                    2788.6436974 2732.86223  2.00%  20.9    3s
H27362  2467                    2786.0454872 2781.12361  0.18%  21.8    4s
*27420  2103              98    2784.0067746 2781.12361  0.10%  21.7    4s
H27443  2060                    2783.2945764 2781.12361  0.08%  21.7    4s
*27954  2366              92    2782.0258033 2781.12361  0.03%  21.8    4s
*27958  2349              93    2781.4487309 2781.12361  0.01%  21.9    4s
*29098  2699              80    2781.4119970 2781.12361  0.01%  22.1    4s
*29546  2801              89    2781.2699577 2781.12361  0.01%  22.2    4s
*29753  2799              93    2781.1457132 2781.12361  0.00%  22.2    4s
*29755  2796              94    2781.1302498 2781.12361  0.00%  22.2    4s
*29756  2796              94    2781.1253399 2781.12361  0.00%  22.2    4s
H29785  2796                    2781.1241120 2781.12361  0.00%  22.2    4s

Cutting planes:
  Gomory: 1
  MIR: 1

Explored 30140 nodes (674581 simplex iterations) in 5.00 seconds (7.63 work units)
Thread count was 8 (of 8 available processors)

Solution count 10: 2781.12 2781.13 2781.13 ... 2784.01

Optimal solution found (tolerance 1.00e-04)
Best objective 2.781124112019e+03, best bound 2.781123609193e+03, gap 0.0000%

User-callback calls 63543, time in user-callback 0.01 sec

Gurobi 12.0.3 (mac64[arm]) logging started Tue Sep 23 19:15:05 2025

Set parameter LogFile to value "Logs/PowerFlow Logs/L50/phase1/scenario_generation.log"
Set parameter LogToConsole to value 0

Gurobi 12.0.3 (mac64[arm]) logging started Tue Sep 23 19:15:05 2025

Set parameter LogFile to value "Logs/PowerFlow Logs/L50/phase1/scenario_generation.log"
Gurobi Optimizer version 12.0.3 build v12.0.3rc0 (mac64[arm] - Darwin 24.6.0 24G222)

CPU model: Apple M3
Thread count: 8 physical cores, 8 logical processors, using up to 8 threads

Non-default parameters:
TimeLimit  60
LogToConsole  0

Optimize a model with 980 rows, 726 columns and 3212 nonzeros
Model fingerprint: 0x96ea3721
Variable types: 540 continuous, 186 integer (186 binary)
Coefficient statistics:
  Matrix range     [1e+00, 3e+03]
  Objective range  [6e-02, 1e+04]
  Bounds range     [0e+00, 0e+00]
  RHS range        [6e-02, 3e+03]
Found heuristic solution: objective 440118.01303
Found heuristic solution: objective 440118.01104
Presolve removed 181 rows and 40 columns
Presolve time: 0.01s
Presolved: 799 rows, 686 columns, 2644 nonzeros
Found heuristic solution: objective 419059.01558
Variable types: 513 continuous, 173 integer (173 binary)

Root relaxation: objective 2.305894e+03, 1052 iterations, 0.01 seconds (0.01 work units)

    Nodes    |    Current Node    |     Objective Bounds      |     Work
 Expl Unexpl |  Obj  Depth IntInf | Incumbent    BestBd   Gap | It/Node Time

     0     0 2305.89411    0   18 419059.016 2305.89411  99.4%     -    0s
H    0     0                    36972.671409 2305.89411  93.8%     -    0s
H    0     0                    25982.895553 2305.89411  91.1%     -    0s
     0     0 2305.89411    0   15 25982.8956 2305.89411  91.1%     -    0s
H    0     0                    16694.562754 2305.89411  86.2%     -    0s
     0     0 2305.89411    0   15 16694.5628 2305.89411  86.2%     -    0s
     0     0 2305.89411    0   11 16694.5628 2305.89411  86.2%     -    0s
H    0     0                    14069.062916 2305.89411  83.6%     -    0s
     0     0 2305.89411    0   10 14069.0629 2305.89411  83.6%     -    0s
     0     0 2305.89411    0   10 14069.0629 2305.89411  83.6%     -    0s
     0     0 2305.89411    0   11 14069.0629 2305.89411  83.6%     -    0s
H    0     0                    11929.825464 2305.89411  80.7%     -    0s
     0     0 2305.89411    0   10 11929.8255 2305.89411  80.7%     -    0s
     0     0 2305.89411    0   10 11929.8255 2305.89411  80.7%     -    0s
     0     2 2305.89411    0   10 11929.8255 2305.89411  80.7%     -    0s
H   81    93                    9912.4298489 2365.72793  76.1%  12.1    0s
H  161   173                    7013.1562804 2365.72793  66.3%  13.0    0s
*  617   598              53    6389.6565700 2401.31549  62.4%  18.0    0s
H  650   665                    6389.6565690 2401.31549  62.4%  18.9    0s
H 1149  1089                    6389.6565676 2401.31549  62.4%  18.2    0s
* 1174  1073              91    6364.1402671 2401.31549  62.3%  18.1    0s
* 1398  1168             146    4932.2699288 2678.34818  45.7%  17.3    0s
* 1400  1168             146    4932.2553659 2678.34818  45.7%  17.3    0s
* 1614  1210             152    4656.8333053 2678.34818  42.5%  17.3    0s
* 1616  1206             152    4645.5956181 2678.34818  42.3%  17.3    0s
H 1724  1173                    4645.5956176 2678.34818  42.3%  18.2    0s
H 1978  1270                    4645.5956142 2678.34818  42.3%  17.4    0s
H 2705  1344                    3633.7288628 2678.34818  26.3%  15.7    0s
H 2881  1161                    3483.0023865 2678.34818  23.1%  15.4    0s
H 3144   942                    3379.9507835 2678.34818  20.8%  15.1    0s
H 3199  1018                    3379.9507823 2678.34818  20.8%  15.0    0s
H 3733   877                    3286.1848240 2701.83508  17.8%  14.3    0s
* 4018   673             127    3268.4821804 2701.83508  17.3%  14.0    0s
H 4206   784                    3268.4821800 2701.83508  17.3%  13.8    0s
* 4215   784             127    3268.2522154 2701.83508  17.3%  13.8    0s
* 4216   781             127    3267.4954812 2701.83508  17.3%  13.8    0s
* 4859   569             121    3130.8493802 2701.83508  13.7%  13.5    0s
H 5340   520                    3130.8493787 2862.18251  8.58%  13.1    0s
* 5927   766             113    3054.9034048 2862.18251  6.31%  12.8    0s
H 7101  1245                    3049.7737537 2941.76373  3.54%  12.4    1s
H 7149  1083                    3006.9426596 2941.76373  2.17%  12.3    1s
H 7214  1192                    3006.9426591 2941.76373  2.17%  12.4    1s
H 7233  1054                    2953.8377831 2941.76373  0.41%  12.4    1s
H 8531  1395                    2948.9768814 2941.76373  0.24%  12.9    1s
H 8589  1430                    2948.9768811 2941.76373  0.24%  13.0    1s
H 9358  1466                    2947.3943309 2941.76373  0.19%  13.5    1s
H 9359  1466                    2947.3570050 2941.76373  0.19%  13.5    1s
H10356  1432                    2947.3570046 2941.76373  0.19%  13.9    1s
H13468  1815                    2947.3570038 2941.76373  0.19%  14.9    2s
H17740  2223                    2942.3297285 2941.76373  0.02%  16.3    2s
 30193  4815 infeasible   80      2942.32973 2941.76373  0.02%  18.6    5s
H31198  4889                    2942.3297281 2941.76373  0.02%  18.8    5s
H31474  5095                    2942.3297237 2941.76373  0.02%  18.8    5s
H35933  5587                    2941.9849587 2941.76373  0.01%  19.5    6s

Cutting planes:
  Gomory: 2
  MIR: 1

Explored 36194 nodes (709108 simplex iterations) in 6.10 seconds (8.30 work units)
Thread count was 8 (of 8 available processors)

Solution count 10: 2941.98 2941.98 2942.33 ... 3049.77

Optimal solution found (tolerance 1.00e-04)
Best objective 2.941984958689e+03, best bound 2.941763726075e+03, gap 0.0075%

User-callback calls 76078, time in user-callback 0.01 sec

Gurobi 12.0.3 (mac64[arm]) logging started Tue Sep 23 19:15:11 2025

Set parameter LogFile to value "Logs/PowerFlow Logs/L50/phase1/scenario_generation.log"
Set parameter LogToConsole to value 0

Gurobi 12.0.3 (mac64[arm]) logging started Tue Sep 23 19:15:11 2025

Set parameter LogFile to value "Logs/PowerFlow Logs/L50/phase1/scenario_generation.log"
Gurobi Optimizer version 12.0.3 build v12.0.3rc0 (mac64[arm] - Darwin 24.6.0 24G222)

CPU model: Apple M3
Thread count: 8 physical cores, 8 logical processors, using up to 8 threads

Non-default parameters:
TimeLimit  60
LogToConsole  0

Optimize a model with 980 rows, 726 columns and 3212 nonzeros
Model fingerprint: 0xf531a70d
Variable types: 540 continuous, 186 integer (186 binary)
Coefficient statistics:
  Matrix range     [1e+00, 3e+03]
  Objective range  [6e-02, 1e+04]
  Bounds range     [0e+00, 0e+00]
  RHS range        [6e-02, 3e+03]
Found heuristic solution: objective 434385.84315
Found heuristic solution: objective 434385.84179
Presolve removed 181 rows and 40 columns
Presolve time: 0.01s
Presolved: 799 rows, 686 columns, 2644 nonzeros
Found heuristic solution: objective 414378.91080
Variable types: 513 continuous, 173 integer (173 binary)

Root relaxation: objective 2.146811e+03, 1138 iterations, 0.01 seconds (0.01 work units)

    Nodes    |    Current Node    |     Objective Bounds      |     Work
 Expl Unexpl |  Obj  Depth IntInf | Incumbent    BestBd   Gap | It/Node Time

     0     0 2146.81134    0   13 414378.911 2146.81134  99.5%     -    0s
H    0     0                    45157.959962 2146.81134  95.2%     -    0s
H    0     0                    25644.300703 2146.81134  91.6%     -    0s
H    0     0                    20696.080290 2146.81134  89.6%     -    0s
     0     0 2146.81134    0   19 20696.0803 2146.81134  89.6%     -    0s
H    0     0                    9822.3434516 2146.81134  78.1%     -    0s
     0     0 2146.81134    0   19 9822.34345 2146.81134  78.1%     -    0s
     0     0 2153.79709    0   12 9822.34345 2153.79709  78.1%     -    0s
H    0     0                    8342.0326168 2164.10694  74.1%     -    0s
     0     0 2164.10694    0   13 8342.03262 2164.10694  74.1%     -    0s
     0     0 2185.13374    0   11 8342.03262 2185.13374  73.8%     -    0s
     0     0 2189.53585    0   11 8342.03262 2189.53585  73.8%     -    0s
     0     0 2189.53585    0   10 8342.03262 2189.53585  73.8%     -    0s
H    0     0                    8342.0326154 2189.53585  73.8%     -    0s
     0     0 2189.53585    0   10 8342.03262 2189.53585  73.8%     -    0s
     0     0 2189.53585    0   11 8342.03262 2189.53585  73.8%     -    0s
H    0     0                    5422.3374733 2189.53585  59.6%     -    0s
     0     0 2189.53585    0    9 5422.33747 2189.53585  59.6%     -    0s
     0     0 2189.53585    0   10 5422.33747 2189.53585  59.6%     -    0s
     0     0 2195.74208    0   10 5422.33747 2195.74208  59.5%     -    0s
     0     0 2204.40435    0   10 5422.33747 2204.40435  59.3%     -    0s
     0     2 2204.40435    0    9 5422.33747 2204.40435  59.3%     -    0s
H   46    58                    5414.7631168 2204.40435  59.3%  17.9    0s
H  113   132                    5414.7631162 2204.40435  59.3%  14.3    0s
H  128   132                    5414.7631139 2204.40435  59.3%  14.1    0s
H  269   301                    5414.7631132 2204.40435  59.3%  13.7    0s
H  290   301                    5414.7631120 2204.40435  59.3%  13.8    0s
H  311   301                    5414.7631112 2204.40435  59.3%  13.4    0s
H 1012   584                    3593.6513894 2204.40435  38.7%  22.6    0s
H 1790   904                    3515.1172613 2411.67997  31.4%  17.3    0s
H 1862   867                    3459.9944466 2411.67997  30.3%  17.1    0s
H 2002   913                    3459.9944461 2411.67997  30.3%  18.1    0s
H 2082   910                    3459.9944457 2411.67997  30.3%  18.1    0s
H 2247   956                    3459.9944442 2411.67997  30.3%  17.8    0s
H 2304   900                    3454.2433210 2411.67997  30.2%  17.7    0s
H 2428   943                    3285.4106007 2411.67997  26.6%  17.5    0s
H 2482   892                    3178.4090270 2411.67997  24.1%  17.5    0s
H 3271  1083                    3173.7486140 2411.67997  24.0%  18.1    0s
H 3476  1051                    3151.3358267 2411.67997  23.5%  18.3    0s
H 4026   673                    3140.7742179 2524.89223  19.6%  18.5    0s
* 4469   709             139    3102.4991162 2524.89223  18.6%  18.1    0s
H 5371  1011                    3090.3257190 2705.92646  12.4%  18.4    1s
H 5395   761                    2969.4568337 2705.92646  8.87%  18.3    1s
H 5431   561                    2936.7323257 2705.92646  7.86%  18.3    1s
* 6298   820             131    2864.2004372 2705.92646  5.53%  17.9    1s
* 6299   820             131    2864.2003318 2705.92646  5.53%  17.9    1s
* 6304   820             134    2864.1517999 2705.92646  5.52%  17.9    1s
* 6305   820             134    2864.1516947 2705.92646  5.52%  17.9    1s
* 6311   820             132    2864.1369015 2705.92646  5.52%  17.9    1s
* 6312   820             132    2864.1367963 2705.92646  5.52%  17.9    1s
H 6661  1091                    2864.1367952 2705.92646  5.52%  17.8    1s
H 6912   767                    2792.7587249 2705.92646  3.11%  17.7    1s
* 6923   767             107    2792.7576571 2705.92646  3.11%  17.7    1s
* 6924   767             106    2792.7327513 2705.92646  3.11%  17.7    1s
H 8146  1095                    2780.1572885 2705.92646  2.67%  17.9    1s
* 8715  1471             111    2778.1653860 2705.92646  2.60%  18.0    1s
* 9344  1637              82    2777.2957463 2705.92646  2.57%  18.0    1s
*10011  1525              90    2755.3032563 2705.92646  1.79%  17.9    1s
*10014  1525              88    2755.2516894 2705.92646  1.79%  17.9    1s
*10018  1504              90    2754.8392871 2705.92646  1.78%  17.9    1s
*10019  1504              90    2754.7707395 2705.92646  1.77%  17.9    1s
*10021  1504              88    2754.7209660 2705.92646  1.77%  17.9    1s
*10610  1505             102    2736.9163246 2705.92646  1.13%  18.0    1s
*10612  1499             101    2736.7282144 2705.92646  1.13%  18.0    1s
*10801  1369             108    2730.1270389 2705.92646  0.89%  17.9    1s
*10804  1369             106    2730.0393060 2705.92646  0.88%  17.9    1s
H11074  1364                    2725.8045331 2705.92646  0.73%  18.0    1s
*11337  1650             114    2722.9521316 2705.92646  0.63%  18.1    1s
*11596  1514             126    2713.3515244 2705.92646  0.27%  18.0    1s
*11798  1538              73    2706.4564038 2705.92646  0.02%  18.0    1s
*11801  1534              75    2706.2245311 2705.92646  0.01%  18.0    1s
*11802  1531              75    2706.1403347 2705.92646  0.01%  18.0    1s
*11803  1531              74    2706.0705953 2705.92646  0.01%  18.0    1s

Cutting planes:
  Implied bound: 1
  MIR: 10
  Relax-and-lift: 1

Explored 12136 nodes (220729 simplex iterations) in 1.92 seconds (2.99 work units)
Thread count was 8 (of 8 available processors)

Solution count 10: 2706.07 2706.14 2706.22 ... 2736.73

Optimal solution found (tolerance 1.00e-04)
Best objective 2.706070595275e+03, best bound 2.705926460270e+03, gap 0.0053%

User-callback calls 26038, time in user-callback 0.00 sec

Gurobi 12.0.3 (mac64[arm]) logging started Tue Sep 23 19:15:13 2025

Set parameter LogFile to value "Logs/PowerFlow Logs/L50/phase1/scenario_generation.log"
Set parameter LogToConsole to value 0

Gurobi 12.0.3 (mac64[arm]) logging started Tue Sep 23 19:15:13 2025

Set parameter LogFile to value "Logs/PowerFlow Logs/L50/phase1/scenario_generation.log"
Gurobi Optimizer version 12.0.3 build v12.0.3rc0 (mac64[arm] - Darwin 24.6.0 24G222)

CPU model: Apple M3
Thread count: 8 physical cores, 8 logical processors, using up to 8 threads

Non-default parameters:
TimeLimit  60
LogToConsole  0

Optimize a model with 980 rows, 726 columns and 3212 nonzeros
Model fingerprint: 0x4cfe3e8f
Variable types: 540 continuous, 186 integer (186 binary)
Coefficient statistics:
  Matrix range     [1e+00, 3e+03]
  Objective range  [6e-02, 1e+04]
  Bounds range     [0e+00, 0e+00]
  RHS range        [1e-02, 3e+03]
Found heuristic solution: objective 440019.43915
Found heuristic solution: objective 440019.43720
Presolve removed 181 rows and 40 columns
Presolve time: 0.01s
Presolved: 799 rows, 686 columns, 2644 nonzeros
Found heuristic solution: objective 419661.62408
Variable types: 513 continuous, 173 integer (173 binary)

Root relaxation: objective 2.408996e+03, 1070 iterations, 0.01 seconds (0.01 work units)

    Nodes    |    Current Node    |     Objective Bounds      |     Work
 Expl Unexpl |  Obj  Depth IntInf | Incumbent    BestBd   Gap | It/Node Time

     0     0 2408.99559    0   19 419661.624 2408.99559  99.4%     -    0s
H    0     0                    96144.338676 2408.99559  97.5%     -    0s
H    0     0                    90594.545363 2408.99559  97.3%     -    0s
H    0     0                    86730.114446 2408.99559  97.2%     -    0s
     0     0 2427.30363    0   21 86730.1144 2427.30363  97.2%     -    0s
H    0     0                    21836.502736 2428.61944  88.9%     -    0s
     0     0 2430.53418    0   21 21836.5027 2430.53418  88.9%     -    0s
     0     0 2451.17677    0   12 21836.5027 2451.17677  88.8%     -    0s
H    0     0                    6276.1326843 2451.17677  60.9%     -    0s
     0     0 2527.05330    0   12 6276.13268 2527.05330  59.7%     -    0s
     0     0 2527.05330    0   14 6276.13268 2527.05330  59.7%     -    0s
     0     0 2538.50413    0   13 6276.13268 2538.50413  59.6%     -    0s
     0     0 2538.50413    0   13 6276.13268 2538.50413  59.6%     -    0s
     0     0 2538.99410    0   12 6276.13268 2538.99410  59.5%     -    0s
     0     0 2538.99410    0   13 6276.13268 2538.99410  59.5%     -    0s
     0     0 2538.99410    0   13 6276.13268 2538.99410  59.5%     -    0s
     0     0 2538.99410    0   10 6276.13268 2538.99410  59.5%     -    0s
     0     2 2538.99410    0   10 6276.13268 2538.99410  59.5%     -    0s
H   41    49                    6267.2940348 2546.38272  59.4%  21.0    0s
H  198   138                    6267.2940326 2574.14264  58.9%  14.2    0s
H 1440   964                    6266.3563031 3057.21734  51.2%  17.3    0s
H 1632  1155                    6202.3151217 3221.40234  48.1%  17.1    0s
H 1979  1262                    6091.1879745 3521.34772  42.2%  16.0    0s
H 1979  1262                    6071.9549714 3521.34772  42.0%  16.0    0s
H 1979  1260                    6065.3903444 3521.34772  41.9%  16.0    0s
H 1979  1260                    6061.8254568 3521.34772  41.9%  16.0    0s
H 1979  1260                    6061.6446866 3521.34772  41.9%  16.0    0s
H 2582  1435                    6061.6446854 3521.34772  41.9%  15.7    0s
H 3448  1623                    6061.6446832 3521.34772  41.9%  15.3    0s
H 3802  1668                    6043.1555719 3521.34772  41.7%  15.3    0s
H 3846  1586                    5992.3684165 3521.34772  41.2%  15.3    0s
* 4097  1591             146    5641.6693817 3521.34772  37.6%  15.1    0s
* 4100  1541             144    5637.7491716 3521.34772  37.5%  15.1    0s
H 4419  1590                    5635.8206421 3521.34772  37.5%  14.9    0s
* 4819  1595             140    5528.5335890 3521.34772  36.3%  14.6    0s
* 4821  1595             139    5528.0800443 3521.34772  36.3%  14.6    0s
* 4824  1595             140    5525.6286125 3521.34772  36.3%  14.6    0s
* 4826  1595             139    5525.3679832 3521.34772  36.3%  14.6    0s
H 6032  1844                    5173.8925602 3521.34772  31.9%  14.2    0s
H 6339  1690                    4898.6449165 3521.34772  28.1%  14.0    1s
H 6594  1823                    4849.4737270 3521.34772  27.4%  13.9    1s
*13721  4440             111    4816.9706647 3544.92472  26.4%  12.3    1s
*13725  4146             114    4767.8759427 3544.92472  25.6%  12.3    1s
*13945  3556              95    4540.6129085 3544.92472  21.9%  12.2    1s
*13946  3556              95    4540.2759897 3544.92472  21.9%  12.2    1s
*13947  3556              94    4540.2688886 3544.92472  21.9%  12.2    1s
*13948  3543              93    4539.9700388 3544.92472  21.9%  12.2    1s
H14155  3259                    4504.0444256 3544.92472  21.3%  12.1    1s
H15463  2745                    3876.7032254 3546.73243  8.51%  11.9    1s
H19731  3418                    3817.2884917 3563.44119  6.65%  12.7    2s
H19739  3254                    3802.4420424 3563.44119  6.29%  12.7    2s
H25922  4215                    3801.9548355 3563.44119  6.27%  13.8    2s
*27375  3878             122    3785.7989762 3563.44119  5.87%  13.8    2s
*27377  3878             121    3785.6261416 3563.44119  5.87%  13.8    2s
*27378  3857             120    3785.3018978 3563.44119  5.86%  13.8    2s
H28472  2623                    3763.4164702 3563.44119  5.31%  13.9    3s
H36293  1883                    3761.4560348 3637.68626  3.29%  14.3    4s
 39595  3443 3760.11400   73   14 3761.45603 3712.46607  1.30%  14.4    5s
*42545  4571             108    3761.1834922 3712.46607  1.30%  14.2    5s
*43165  4139             111    3752.1627138 3712.46607  1.06%  14.2    5s
H43772  2939                    3733.1625472 3712.46607  0.55%  14.2    5s
*43793  2651             121    3728.4489057 3712.46607  0.43%  14.2    5s
*47607  2364             121    3724.6568426 3712.46607  0.33%  14.8    5s
H51014  2914                    3722.6946017 3712.46607  0.27%  14.9    6s
*52797  3573             100    3721.4965545 3712.69954  0.24%  14.9    6s
H52996  3521                    3716.7756972 3712.82475  0.11%  14.9    6s
*54203  3952             105    3716.7113680 3712.82475  0.10%  15.0    6s
*58866  6301             109    3716.5786916 3712.82475  0.10%  15.1    7s
*58955  6293             104    3716.2659078 3712.82475  0.09%  15.1    7s
H74592 11253                    3716.2659072 3712.82475  0.09%  15.3    8s
H74662 10679                    3716.2659066 3712.82475  0.09%  15.3    8s
H75277 10226                    3716.2659051 3712.82475  0.09%  15.3    9s
H76120  9896                    3716.2658985 3712.82475  0.09%  15.3    9s
 82687  9949 3712.82475   55   16 3716.26590 3712.82475  0.09%  15.4   10s
 126721 19885 3712.82475   65   15 3716.26590 3712.82475  0.09%  15.9   15s
H149576 27578                    3716.2658935 3712.82475  0.09%  16.1   17s
 172353 34909 3712.82475   59   14 3716.26589 3712.82475  0.09%  16.3   20s
 212355 47111 3716.02379   68    8 3716.26589 3712.82475  0.09%  16.6   25s
H220715 49669                    3716.2590056 3712.82475  0.09%  16.6   26s
*231185 47444             110    3716.2149636 3712.82475  0.09%  16.7   27s
 249652 52305 3716.02379   70   10 3716.21496 3712.82475  0.09%  16.8   30s
 285087 61772     cutoff   66      3716.21496 3712.82475  0.09%  17.1   35s
 321232 69795 3712.82475   56   13 3716.21496 3712.82475  0.09%  17.3   40s
 353967 77915 infeasible   57      3716.21496 3712.82475  0.09%  17.4   45s
 389525 86123 3716.02379   71    7 3716.21496 3712.82475  0.09%  17.6   50s
 422312 93730 3716.02379   75    5 3716.21496 3712.82475  0.09%  17.6   55s
 453168 100193 3716.02379   66   11 3716.21496 3712.82475  0.09%  17.8   60s

Cutting planes:
  MIR: 5
  Flow cover: 1

Explored 453198 nodes (8061710 simplex iterations) in 60.00 seconds (89.40 work units)
Thread count was 8 (of 8 available processors)

Solution count 10: 3716.21 3716.26 3716.27 ... 3728.45

Time limit reached
Best objective 3.716214963558e+03, best bound 3.712824750460e+03, gap 0.0912%

User-callback calls 946022, time in user-callback 0.12 sec

Gurobi 12.0.3 (mac64[arm]) logging started Tue Sep 23 19:16:13 2025

Set parameter LogFile to value "Logs/PowerFlow Logs/L50/phase1/scenario_generation.log"
Set parameter LogToConsole to value 0

Gurobi 12.0.3 (mac64[arm]) logging started Tue Sep 23 19:16:13 2025

Set parameter LogFile to value "Logs/PowerFlow Logs/L50/phase1/scenario_generation.log"
Gurobi Optimizer version 12.0.3 build v12.0.3rc0 (mac64[arm] - Darwin 24.6.0 24G222)

CPU model: Apple M3
Thread count: 8 physical cores, 8 logical processors, using up to 8 threads

Non-default parameters:
TimeLimit  60
LogToConsole  0

Optimize a model with 980 rows, 726 columns and 3212 nonzeros
Model fingerprint: 0xe12a043f
Variable types: 540 continuous, 186 integer (186 binary)
Coefficient statistics:
  Matrix range     [1e+00, 3e+03]
  Objective range  [6e-02, 1e+04]
  Bounds range     [0e+00, 0e+00]
  RHS range        [6e-02, 3e+03]
Found heuristic solution: objective 437143.97686
Found heuristic solution: objective 437143.97554
Presolve removed 181 rows and 40 columns
Presolve time: 0.01s
Presolved: 799 rows, 686 columns, 2644 nonzeros
Found heuristic solution: objective 418197.39621
Variable types: 513 continuous, 173 integer (173 binary)

Root relaxation: objective 2.294636e+03, 946 iterations, 0.01 seconds (0.01 work units)

    Nodes    |    Current Node    |     Objective Bounds      |     Work
 Expl Unexpl |  Obj  Depth IntInf | Incumbent    BestBd   Gap | It/Node Time

     0     0 2294.63598    0   26 418197.396 2294.63598  99.5%     -    0s
H    0     0                    64646.272457 2294.63598  96.5%     -    0s
H    0     0                    54908.468694 2294.63598  95.8%     -    0s
     0     0 2294.63598    0   26 54908.4687 2294.63598  95.8%     -    0s
H    0     0                    20348.967427 2294.63598  88.7%     -    0s
     0     0 2294.63598    0   25 20348.9674 2294.63598  88.7%     -    0s
H    0     0                    9318.0966157 2294.63598  75.4%     -    0s
     0     0 2294.63598    0   12 9318.09662 2294.63598  75.4%     -    0s
H    0     0                    8660.9304550 2294.63598  73.5%     -    0s
     0     0 2294.63598    0   12 8660.93046 2294.63598  73.5%     -    0s
     0     0 2294.63598    0   11 8660.93046 2294.63598  73.5%     -    0s
H    0     0                    7504.4614467 2294.63598  69.4%     -    0s
     0     0 2294.63598    0   11 7504.46145 2294.63598  69.4%     -    0s
     0     0 2294.63598    0   10 7504.46145 2294.63598  69.4%     -    0s
     0     0 2294.63598    0   11 7504.46145 2294.63598  69.4%     -    0s
     0     0 2294.63598    0   11 7504.46145 2294.63598  69.4%     -    0s
H    0     0                    5515.0319317 2294.63598  58.4%     -    0s
     0     2 2294.63598    0   11 5515.03193 2294.63598  58.4%     -    0s
H   27    58                    3903.4671563 2321.11372  40.5%  18.7    0s
H   47    58                    3883.2012358 2321.11372  40.2%  16.1    0s
H  128   116                    3860.2772791 2321.11372  39.9%  15.3    0s
H  306   256                    3847.0420976 2355.25067  38.8%  14.8    0s
H  399   392                    3712.5806172 2355.25067  36.6%  15.2    0s
H  554   493                    3674.7297047 2355.25067  35.9%  18.4    0s
H 1448   968                    3510.3751299 2365.49364  32.6%  16.0    0s
H 2370  1273                    3510.3751274 2365.49364  32.6%  15.6    0s
H 3325  1027                    3237.9665209 2460.00251  24.0%  15.4    0s
H 3932  1030                    3237.9665201 2563.34117  20.8%  15.9    1s
H 4798  1520                    3237.9665193 2644.97882  18.3%  16.6    1s
H 5369   436                    3080.5569440 2652.30485  13.9%  17.0    1s
H 6452   583                    3065.4827342 2728.14525  11.0%  16.8    1s
H 6453   433                    3029.0938641 2728.14525  9.94%  16.8    1s
H 7148   849                    3029.0936872 2823.02008  6.80%  16.4    1s
* 7380   986             138    3021.9318636 2847.39768  5.78%  16.3    1s
H 7458   950                    3018.5806015 2847.39768  5.67%  16.3    1s
* 7461   864             140    2993.1110108 2847.39768  4.87%  16.3    1s
* 7464   858             137    2987.8535040 2847.39768  4.70%  16.3    1s
H13229  1966                    2966.4059907 2874.47096  3.10%  17.9    2s
H20362  2336                    2936.2855243 2874.47096  2.11%  20.9    4s
H20365  2335                    2934.0939364 2874.47096  2.03%  20.9    4s
H20366  2328                    2932.1218219 2874.47096  1.97%  20.9    4s
H22072  1953                    2932.1078809 2874.47096  1.97%  21.1    4s
 24191  1492 infeasible   53      2932.10788 2874.47096  1.97%  21.6    5s
H24192  1490                    2931.6174222 2874.47096  1.95%  21.6    5s
*28087  1310             133    2931.6132744 2874.47096  1.95%  22.4    5s
*28088  1310             132    2931.5905493 2874.47096  1.95%  22.4    5s
*28091  1310             133    2931.5613762 2874.47096  1.95%  22.4    5s
*28094  1310             133    2931.5599266 2874.47096  1.95%  22.4    5s
*28100  1310             132    2931.5529352 2874.47096  1.95%  22.4    5s
H29434  1323                    2931.5529348 2874.47096  1.95%  22.4    7s
H29438  1259                    2931.5529337 2874.47096  1.95%  22.4    7s
H29438  1196                    2931.5529322 2874.47096  1.95%  22.4    7s
H29440  1137                    2931.5529316 2874.47096  1.95%  22.4    7s
H29440  1080                    2931.5529288 2874.47096  1.95%  22.4    7s
H29445  1028                    2910.4290533 2874.47096  1.24%  22.4    7s
H29446   979                    2910.4290523 2874.47096  1.24%  22.5    7s
H29516   950                    2910.4290500 2874.47096  1.24%  22.5    7s
H30652   925                    2910.3167254 2874.47096  1.23%  22.3    8s
H33248   630                    2910.3167246 2874.47096  1.23%  23.0    8s
H33270   630                    2910.3167243 2874.47096  1.23%  23.0    8s
H33394   630                    2910.3167224 2874.47096  1.23%  23.0    8s
H34784   936                    2910.3167159 2874.47096  1.23%  23.2    9s
H34879   936                    2910.3167155 2874.47096  1.23%  23.2    9s
H36247  1170                    2910.2771499 2874.47096  1.23%  23.3    9s
H36273  1221                    2910.2771489 2874.47096  1.23%  23.3    9s
H36320  1221                    2910.2771468 2874.47096  1.23%  23.3    9s
H36500  1221                    2910.2771366 2874.47096  1.23%  23.4    9s
 38332  1767 infeasible   99      2910.27714 2874.47096  1.23%  23.6   10s
*38692  1767             124    2910.2657301 2874.47096  1.23%  23.6   10s
H41338  2602                    2910.2657280 2874.47096  1.23%  23.9   10s
H44050  3440                    2910.2657269 2874.47096  1.23%  24.1   11s
H49426  5190                    2910.2657254 2874.47096  1.23%  24.3   12s
*54651  5121              91    2905.9379317 2890.01007  0.55%  23.5   12s
*58832  1350             102    2896.9633694 2890.01007  0.24%  23.3   13s
*59281  1123              98    2894.5645495 2890.01007  0.16%  23.3   13s
*60666   976              95    2892.2070358 2890.01007  0.08%  23.2   13s
*60928  1077             100    2891.1507896 2890.01007  0.04%  23.2   13s
*61116  1070              99    2890.7415449 2890.01007  0.03%  23.2   13s
*61354  1069              92    2890.5789767 2890.01007  0.02%  23.1   13s
*61557  1160              99    2890.4430372 2890.01007  0.01%  23.1   13s
*61701  1157             102    2890.2139798 2890.01007  0.01%  23.1   13s
*62026  1155             106    2890.0194919 2890.01007  0.00%  23.1   13s

Cutting planes:
  Gomory: 13
  Cover: 1
  Implied bound: 2
  MIR: 4
  Flow cover: 10

Explored 62353 nodes (1440219 simplex iterations) in 13.60 seconds (19.23 work units)
Thread count was 8 (of 8 available processors)

Solution count 10: 2890.02 2890.02 2890.21 ... 2896.96

Optimal solution found (tolerance 1.00e-04)
Best objective 2.890019491910e+03, best bound 2.890010069944e+03, gap 0.0003%

User-callback calls 132687, time in user-callback 0.02 sec

Gurobi 12.0.3 (mac64[arm]) logging started Tue Sep 23 19:16:26 2025

Set parameter LogFile to value "Logs/PowerFlow Logs/L50/phase1/scenario_generation.log"
Set parameter LogToConsole to value 0

Gurobi 12.0.3 (mac64[arm]) logging started Tue Sep 23 19:16:26 2025

Set parameter LogFile to value "Logs/PowerFlow Logs/L50/phase1/scenario_generation.log"
Gurobi Optimizer version 12.0.3 build v12.0.3rc0 (mac64[arm] - Darwin 24.6.0 24G222)

CPU model: Apple M3
Thread count: 8 physical cores, 8 logical processors, using up to 8 threads

Non-default parameters:
TimeLimit  60
LogToConsole  0

Optimize a model with 980 rows, 726 columns and 3212 nonzeros
Model fingerprint: 0xb340fd6f
Variable types: 540 continuous, 186 integer (186 binary)
Coefficient statistics:
  Matrix range     [1e+00, 3e+03]
  Objective range  [6e-02, 1e+04]
  Bounds range     [0e+00, 0e+00]
  RHS range        [6e-02, 3e+03]
Found heuristic solution: objective 438186.26482
Found heuristic solution: objective 438186.26318
Presolve removed 181 rows and 40 columns
Presolve time: 0.01s
Presolved: 799 rows, 686 columns, 2644 nonzeros
Found heuristic solution: objective 419018.03146
Variable types: 513 continuous, 173 integer (173 binary)

Root relaxation: objective 2.256809e+03, 958 iterations, 0.01 seconds (0.01 work units)

    Nodes    |    Current Node    |     Objective Bounds      |     Work
 Expl Unexpl |  Obj  Depth IntInf | Incumbent    BestBd   Gap | It/Node Time

     0     0 2256.80926    0   18 419018.031 2256.80926  99.5%     -    0s
H    0     0                    65041.526871 2256.80926  96.5%     -    0s
H    0     0                    44450.187298 2256.80926  94.9%     -    0s
H    0     0                    42421.235661 2256.80926  94.7%     -    0s
     0     0 2256.80926    0   19 42421.2357 2256.80926  94.7%     -    0s
H    0     0                    8300.2088332 2256.80926  72.8%     -    0s
     0     0 2256.80926    0   19 8300.20883 2256.80926  72.8%     -    0s
H    0     0                    5953.4648013 2256.80926  62.1%     -    0s
     0     0 2256.80926    0   14 5953.46480 2256.80926  62.1%     -    0s
     0     0 2256.80926    0   14 5953.46480 2256.80926  62.1%     -    0s
     0     0 2256.80926    0   13 5953.46480 2256.80926  62.1%     -    0s
     0     0 2256.80926    0   13 5953.46480 2256.80926  62.1%     -    0s
     0     0 2256.80926    0   13 5953.46480 2256.80926  62.1%     -    0s
H    0     0                    5372.9803160 2256.80926  58.0%     -    0s
     0     0 2256.80926    0   12 5372.98032 2256.80926  58.0%     -    0s
     0     2 2256.80926    0   12 5372.98032 2256.80926  58.0%     -    0s
H   31    60                    5372.9803154 2299.74505  57.2%  21.4    0s
H  108   140                    5372.9803145 2299.74505  57.2%  15.0    0s
H 1300  1207                    4549.9901035 2672.46619  41.3%  17.9    0s
H 1329  1147                    3972.7060005 2672.46619  32.7%  17.7    0s
H 1363  1278                    3970.9745913 2672.46619  32.7%  17.5    0s
H 1369  1278                    3970.9745902 2672.46619  32.7%  17.7    0s
H 1515  1274                    3970.9745897 2672.46619  32.7%  17.2    0s
H 1775  1330                    3970.9745878 2672.46619  32.7%  17.2    0s
H 2580  1550                    3871.0022068 2672.46619  31.0%  15.9    0s
H 2708  1557                    3870.8406621 2672.46619  31.0%  16.0    0s
H 3294  1773                    3870.8406616 2672.46619  31.0%  16.1    0s
H 3502  1376                    3756.2845694 2672.46619  28.9%  16.5    0s
H 3565  1223                    3709.0122484 2672.46619  27.9%  16.5    0s
H 3604  1138                    3685.7307201 2672.46619  27.5%  16.5    0s
H 4633  1454                    3664.3140802 2672.46619  27.1%  16.2    1s
H 5113  1912                    3664.3140794 2679.00731  26.9%  16.3    1s
H 6864  3110                    3664.3140786 2809.04912  23.3%  16.2    1s
* 7390  3430             139    3639.8890516 2809.04912  22.8%  15.9    1s
H 8214  2625                    3524.8745481 2809.04912  20.3%  15.7    1s
* 8548  2691             146    3520.9051548 2809.04912  20.2%  15.7    1s
* 9111  3084             119    3517.6310098 2809.04912  20.1%  15.7    1s
* 9496  2747             127    3492.7278670 2809.04912  19.6%  15.7    1s
H10360  3209                    3492.7278666 2809.04912  19.6%  15.6    1s
*10619  3476             132    3488.5839392 2809.04912  19.5%  15.7    1s
*11279  3805             130    3486.7046523 2809.04912  19.4%  15.4    1s
*12182  4267             130    3482.7445099 2809.04912  19.3%  15.3    1s
*13270  4867             124    3482.2596194 2809.04912  19.3%  15.4    1s
H13498  4439                    3463.0790765 2809.04912  18.9%  15.5    1s
*14029  4921             114    3461.6580818 2809.04912  18.9%  15.6    2s
*14039  4920             113    3461.3521684 2809.04912  18.8%  15.6    2s
H15293  4154                    3442.3141951 2809.04912  18.4%  16.0    2s
*17280  5632             123    3440.3294781 2820.43828  18.0%  17.0    2s
*19918  5696              95    3408.9893196 2829.19145  17.0%  16.4    2s
*20652  2519              81    3369.1570281 2829.19145  16.0%  16.2    2s
*23890  3216             123    3362.0765845 2829.19145  15.8%  15.5    2s
*23892  3216             124    3361.8508731 2829.19145  15.8%  15.5    2s
*23895  3216             123    3361.5637891 2829.19145  15.8%  15.5    2s
H29195  3999                    3309.2093279 2829.19145  14.5%  14.6    3s
*29929  3621              64    3217.6817337 2829.19145  12.1%  14.5    4s
H39377  5567                    3193.6839076 3182.70454  0.34%  13.9    4s
 39526  5816 3182.70454   70    5 3193.68391 3182.70454  0.34%  13.9    5s
*40127  6176              71    3192.3240083 3182.70454  0.30%  14.0    5s
*40163  5977              85    3187.1257013 3182.70454  0.14%  14.0    5s
H42904  6876                    3185.2722945 3182.70454  0.08%  14.5    5s
H42985  6607                    3183.0178836 3182.70454  0.01%  14.5    5s

Cutting planes:
  Gomory: 7
  Implied bound: 2
  MIR: 4
  Flow cover: 7

Explored 43039 nodes (627279 simplex iterations) in 5.40 seconds (7.86 work units)
Thread count was 8 (of 8 available processors)

Solution count 10: 3183.02 3183.02 3185.27 ... 3361.85

Optimal solution found (tolerance 1.00e-04)
Best objective 3.183017883649e+03, best bound 3.182704540030e+03, gap 0.0098%

User-callback calls 89593, time in user-callback 0.01 sec

Gurobi 12.0.3 (mac64[arm]) logging started Tue Sep 23 19:16:32 2025

Set parameter LogFile to value "Logs/PowerFlow Logs/L50/phase1/scenario_generation.log"
Set parameter LogToConsole to value 0

Gurobi 12.0.3 (mac64[arm]) logging started Tue Sep 23 19:16:32 2025

Set parameter LogFile to value "Logs/PowerFlow Logs/L50/phase1/scenario_generation.log"
Gurobi Optimizer version 12.0.3 build v12.0.3rc0 (mac64[arm] - Darwin 24.6.0 24G222)

CPU model: Apple M3
Thread count: 8 physical cores, 8 logical processors, using up to 8 threads

Non-default parameters:
TimeLimit  60
LogToConsole  0

Optimize a model with 980 rows, 726 columns and 3212 nonzeros
Model fingerprint: 0xec3b7b22
Variable types: 540 continuous, 186 integer (186 binary)
Coefficient statistics:
  Matrix range     [1e+00, 3e+03]
  Objective range  [6e-02, 1e+04]
  Bounds range     [0e+00, 0e+00]
  RHS range        [6e-02, 3e+03]
Found heuristic solution: objective 437205.37523
Found heuristic solution: objective 437205.37338
Presolve removed 181 rows and 40 columns
Presolve time: 0.01s
Presolved: 799 rows, 686 columns, 2644 nonzeros
Found heuristic solution: objective 416856.21822
Variable types: 513 continuous, 173 integer (173 binary)

Root relaxation: objective 2.224676e+03, 981 iterations, 0.01 seconds (0.01 work units)

    Nodes    |    Current Node    |     Objective Bounds      |     Work
 Expl Unexpl |  Obj  Depth IntInf | Incumbent    BestBd   Gap | It/Node Time

     0     0 2224.67603    0   33 416856.218 2224.67603  99.5%     -    0s
H    0     0                    62539.014152 2224.67603  96.4%     -    0s
     0     0 2224.67603    0   27 62539.0142 2224.67603  96.4%     -    0s
H    0     0                    11140.105339 2224.67603  80.0%     -    0s
H    0     0                    5267.2326293 2224.67603  57.8%     -    0s
     0     0 2224.67603    0   23 5267.23263 2224.67603  57.8%     -    0s
     0     0 2224.67603    0   14 5267.23263 2224.67603  57.8%     -    0s
     0     0 2224.67603    0   14 5267.23263 2224.67603  57.8%     -    0s
     0     0 2224.67603    0   11 5267.23263 2224.67603  57.8%     -    0s
     0     0 2224.67603    0   12 5267.23263 2224.67603  57.8%     -    0s
     0     0 2224.67603    0   13 5267.23263 2224.67603  57.8%     -    0s
     0     0 2224.67603    0   11 5267.23263 2224.67603  57.8%     -    0s
     0     2 2224.67603    0   11 5267.23263 2224.67603  57.8%     -    0s
H  646   620                    5008.5717759 2316.89037  53.7%  18.6    0s
H 1710  1488                    4835.0729482 2376.07986  50.9%  15.3    0s
H 1710  1447                    4798.9379849 2376.07986  50.5%  15.3    0s
H 1710  1446                    4763.9912945 2376.07986  50.1%  15.3    0s
H 1710  1445                    4747.8849247 2376.07986  50.0%  15.3    0s
H 1717  1371                    4747.8849236 2376.07986  50.0%  15.3    0s
H 1756  1342                    4747.8849220 2376.07986  50.0%  16.3    0s
H 1950  1389                    3871.2862438 2376.07986  38.6%  16.0    0s
H 2117  1427                    3865.6906912 2376.07986  38.5%  15.5    0s
H 2747  1642                    3858.4870836 2376.07986  38.4%  15.4    0s
* 3009  1612             115    3619.3317793 2376.07986  34.4%  15.2    0s
H 3290  1495                    3619.3317761 2376.07986  34.4%  15.0    0s
H 3823  1071                    3452.5458392 2376.07986  31.2%  14.7    0s
H 4036  1188                    3452.5458383 2376.07986  31.2%  14.6    0s
H 5060   691                    3268.6711475 2376.07986  27.3%  14.8    0s
H 7837   968                    3184.5632513 2622.03954  17.7%  14.4    1s
H 8123  1053                    3184.5632503 2622.03954  17.7%  14.4    1s
* 8363   858             119    3130.2316830 2622.03954  16.2%  14.3    1s
* 8365   858             120    3128.8152176 2622.03954  16.2%  14.3    1s
* 9080  1209             115    3094.1267995 2622.03954  15.3%  14.1    1s
*10149  1823             110    3093.9990552 2622.03954  15.3%  13.7    1s
*10165  1815             114    3092.9290759 2622.03954  15.2%  13.7    1s
*10794  2070             119    3092.1824877 2622.03954  15.2%  13.6    1s
*10902  2264             126    3091.0640112 2622.03954  15.2%  13.6    1s
*10903  2263             126    3091.0343400 2622.03954  15.2%  13.6    1s
*10908  2253             129    3090.2137169 2622.03954  15.2%  13.6    1s
*10909  2253             129    3090.1840862 2622.03954  15.1%  13.6    1s
*11907  2864             131    3079.6457571 2622.03954  14.9%  13.4    1s
H12186  2810                    3068.7238814 2622.03954  14.6%  13.3    1s
*12695  3031             136    3065.2078288 2687.29425  12.3%  13.2    1s
*12700  3027             137    3064.9683942 2687.29425  12.3%  13.2    1s
H13561  2931                    3008.1630507 2790.98042  7.22%  13.0    1s
H14764  2771                    2953.2337691 2863.15294  3.05%  12.8    1s
H17470  4415                    2939.1341291 2863.15294  2.59%  12.8    1s
H21440  5012                    2927.2247084 2863.15294  2.19%  14.2    2s
H21445  4694                    2909.7040046 2863.15294  1.60%  14.2    2s
H24477  4862                    2907.7924923 2863.15294  1.54%  15.3    2s
H24588  4868                    2907.7924918 2863.15294  1.54%  15.3    2s
H28276  3784                    2887.9008764 2863.15294  0.86%  16.4    3s
*31412  4147             121    2883.1387725 2863.15294  0.69%  17.3    4s
H33005  3319                    2871.0532660 2863.15294  0.28%  17.6    4s
 33733  3319     cutoff   68      2871.05327 2863.15294  0.28%  17.9    5s
H36184  3040                    2863.7358961 2863.15294  0.02%  18.4    5s
H39592  2907                    2863.1759551 2863.15294  0.00%  19.2    5s
H39671  2907                    2863.1608032 2863.15294  0.00%  19.2    5s

Cutting planes:
  Gomory: 6
  Cover: 1
  Implied bound: 6
  MIR: 9
  Flow cover: 17
  Relax-and-lift: 1

Explored 40224 nodes (782069 simplex iterations) in 5.98 seconds (9.13 work units)
Thread count was 8 (of 8 available processors)

Solution count 10: 2863.16 2863.16 2863.18 ... 2927.22

Optimal solution found (tolerance 1.00e-04)
Best objective 2.863160803186e+03, best bound 2.863152938702e+03, gap 0.0003%

User-callback calls 84203, time in user-callback 0.01 sec

Gurobi 12.0.3 (mac64[arm]) logging started Tue Sep 23 19:16:38 2025

Set parameter LogFile to value "Logs/PowerFlow Logs/L50/phase1/scenario_generation.log"
Set parameter LogToConsole to value 0

Gurobi 12.0.3 (mac64[arm]) logging started Tue Sep 23 19:16:38 2025

Set parameter LogFile to value "Logs/PowerFlow Logs/L50/phase1/scenario_generation.log"
Gurobi Optimizer version 12.0.3 build v12.0.3rc0 (mac64[arm] - Darwin 24.6.0 24G222)

CPU model: Apple M3
Thread count: 8 physical cores, 8 logical processors, using up to 8 threads

Non-default parameters:
TimeLimit  60
LogToConsole  0

Optimize a model with 980 rows, 726 columns and 3212 nonzeros
Model fingerprint: 0x8e7f6cc5
Variable types: 540 continuous, 186 integer (186 binary)
Coefficient statistics:
  Matrix range     [1e+00, 3e+03]
  Objective range  [6e-02, 1e+04]
  Bounds range     [0e+00, 0e+00]
  RHS range        [6e-02, 3e+03]
Found heuristic solution: objective 439344.81985
Found heuristic solution: objective 439344.81849
Presolve removed 181 rows and 40 columns
Presolve time: 0.01s
Presolved: 799 rows, 686 columns, 2644 nonzeros
Found heuristic solution: objective 417863.63499
Variable types: 513 continuous, 173 integer (173 binary)

Root relaxation: objective 2.274246e+03, 985 iterations, 0.01 seconds (0.01 work units)

    Nodes    |    Current Node    |     Objective Bounds      |     Work
 Expl Unexpl |  Obj  Depth IntInf | Incumbent    BestBd   Gap | It/Node Time

     0     0 2274.24573    0   21 417863.635 2274.24573  99.5%     -    0s
H    0     0                    57293.654511 2274.24573  96.0%     -    0s
H    0     0                    55748.482477 2274.24573  95.9%     -    0s
     0     0 2274.24573    0   17 55748.4825 2274.24573  95.9%     -    0s
H    0     0                    18991.774861 2274.24573  88.0%     -    0s
     0     0 2274.24573    0   18 18991.7749 2274.24573  88.0%     -    0s
     0     0 2274.24573    0   17 18991.7749 2274.24573  88.0%     -    0s
H    0     0                    11603.248347 2274.24573  80.4%     -    0s
     0     0 2274.24573    0   17 11603.2483 2274.24573  80.4%     -    0s
     0     0 2274.24573    0   16 11603.2483 2274.24573  80.4%     -    0s
     0     0 2274.24573    0   16 11603.2483 2274.24573  80.4%     -    0s
     0     0 2274.24573    0   14 11603.2483 2274.24573  80.4%     -    0s
     0     0 2274.24573    0   15 11603.2483 2274.24573  80.4%     -    0s
     0     0 2274.24573    0   15 11603.2483 2274.24573  80.4%     -    0s
     0     2 2274.24573    0   15 11603.2483 2274.24573  80.4%     -    0s
H  123   106                    7018.4970472 2309.47573  67.1%  17.9    0s
H  183   167                    3933.1803374 2309.47573  41.3%  16.2    0s
H 1086   920                    3933.1803366 2317.16055  41.1%  17.1    0s
* 1777  1308             108    3918.6394058 2392.59142  38.9%  15.2    0s
H 1808   627                    3603.4425928 2392.59142  33.6%  15.1    0s
H 1808   496                    3531.0445837 2392.59142  32.2%  15.1    0s
H 1808   496                    3527.7804559 2392.59142  32.2%  15.1    0s
H 1808   495                    3510.5412990 2392.59142  31.8%  15.1    0s
H 1808   495                    3493.2004596 2392.59142  31.5%  15.1    0s
H 2208   628                    3493.2004591 2741.29922  21.5%  15.3    0s
H 2371   703                    3493.2004570 2741.29922  21.5%  15.2    0s
H 3028   921                    3493.2004552 2748.84091  21.3%  15.2    0s
H 3842  1415                    3493.2004538 2748.84091  21.3%  14.7    0s
* 5118  2020             126    3414.1909607 2748.84091  19.5%  14.4    1s
* 6458  1626             119    3244.5210619 2748.84091  15.3%  13.8    1s
H 7336  1841                    3244.5210605 2748.84091  15.3%  13.8    1s
H 7923  2052                    3230.7725521 2748.84091  14.9%  14.1    1s
H 7926  2050                    3230.1478740 2748.84091  14.9%  14.1    1s
* 7936  2050             115    3229.9021135 2748.84091  14.9%  14.1    1s
* 7940  2050             114    3229.5144474 2748.84091  14.9%  14.1    1s
H 9587  1720                    3191.8429481 2760.51630  13.5%  14.5    1s
*11835  2717             124    3191.8225131 2964.42500  7.12%  15.1    1s
*12785  3158             122    3191.7685464 2964.42500  7.12%  15.2    2s
*12788  3157             123    3191.2709266 2964.42500  7.11%  15.2    2s
*12798  3155             123    3190.6475356 2964.42500  7.09%  15.2    2s
H17769  4583                    3189.0411379 2964.42500  7.04%  16.0    2s
*17787  4582             115    3188.9628040 2964.42500  7.04%  16.0    2s
 29656  8306 2972.34101   49   14 3188.96280 2964.42500  7.04%  16.8    5s
H31470  3652                    3151.7362900 2964.42500  5.94%  16.8    5s
*39904  4457             148    3137.6402429 2967.64612  5.42%  16.8    6s
*39913  4457             146    3137.5461893 2967.64612  5.42%  16.8    6s
*40088  3578             146    3117.9240275 2967.64612  4.82%  16.8    6s
*40097  3577             144    3117.8213344 2967.64612  4.82%  16.8    6s
H40138  3276                    3105.2985043 2967.64612  4.43%  16.8    6s
H40186  3165                    3091.9164578 2967.64612  4.02%  16.8    6s
H40290  3149                    3090.2264448 2967.64612  3.97%  16.8    6s
H40489  3127                    3089.3415110 2967.64612  3.94%  16.8    6s
*41043  3272             126    3078.2561258 2967.64612  3.59%  16.8    6s
 63719  9806 2967.64612   83   10 3078.25613 2967.64612  3.59%  21.1   10s
*64882  9878             125    3071.2629252 2967.64612  3.37%  21.1   10s
H65409  9715                    3064.2276955 2967.64612  3.15%  21.2   10s
H65411  9831                    3062.6898156 2967.64612  3.10%  21.2   10s
H65554  9825                    3062.4080110 2967.64612  3.09%  21.2   10s
H65913  9825                    3062.2483897 2967.64612  3.09%  21.2   10s
H67610  9825                    3062.2483879 2967.64612  3.09%  21.5   10s
H69099  9436                    3056.3495439 2967.64612  2.90%  21.9   11s
H71944  9664                    3052.2866200 2967.64612  2.77%  22.4   12s
H72181  9661                    3052.0879133 2967.64612  2.77%  22.5   12s
H75160  9374                    3023.6435243 2967.64612  1.85%  22.5   12s
*75172  9366             112    3022.1249678 2967.64612  1.80%  22.5   12s
 92641  9686     cutoff   48      3022.12497 2967.64612  1.80%  22.5   15s
H112846  7528                    3021.5395952 2967.64612  1.78%  23.7   18s
H112895  7401                    3021.3112184 2967.64612  1.78%  23.8   18s
H112984  7401                    3021.2955331 2967.64612  1.78%  23.8   18s
 123028  7549 2992.51980   57   10 3021.29553 2967.64612  1.78%  24.0   20s
H132392  7603                    3021.2955320 2967.64612  1.78%  23.8   21s
H132403  7410                    3019.7047105 2967.64612  1.72%  23.8   21s
H132987  7320                    3019.7030978 2967.64612  1.72%  23.8   21s
 151879  6444     cutoff   43      3019.70310 2967.64612  1.72%  24.4   25s
H175230  8928                    3016.2209401 2967.64612  1.61%  24.2   28s
*175263  8928             104    3016.1273536 2967.64612  1.61%  24.2   28s
*175271  8920             105    3016.0230006 2967.64612  1.60%  24.2   28s
H176957  9207                    3015.9655053 2967.64612  1.60%  24.1   28s
 186254  9797     cutoff   90      3015.96551 2967.64612  1.60%  23.9   30s
 227216 13913 2967.64612   79    5 3015.96551 2967.64612  1.60%  23.8   35s
H235738 13093                    3014.3649581 2967.64612  1.55%  23.8   36s
*245676 11233             113    3009.7479364 2967.64612  1.40%  23.9   37s
*246785 11348             116    3009.4617707 2967.64612  1.39%  23.9   37s
*246790 11347             116    3009.4524936 2967.64612  1.39%  23.9   37s
*246795 11167             115    3009.2855966 2967.64612  1.38%  23.9   37s
*247033 11154             109    3009.0746945 2967.64612  1.38%  23.9   37s
*247034 11154             109    3009.0650970 2967.64612  1.38%  23.9   37s
*247035 11123             108    3008.9050787 2967.64612  1.37%  23.9   37s
*247616 11393             119    3008.3793566 2967.64612  1.35%  23.9   37s
*248106 11392             107    3008.3475620 2967.64612  1.35%  23.9   37s
*248308 11388              97    3008.2628278 2967.64612  1.35%  23.8   37s
*249386 11751             106    3007.8523526 2967.64612  1.34%  23.8   38s
H250496 12030                    3007.8427398 2967.64612  1.34%  23.8   38s
*252031 12575             130    3007.8386123 2967.64612  1.34%  23.8   38s
H253778 12845                    3007.8205794 2967.64612  1.34%  23.8   38s
 259995 13309 3006.79545   96    8 3007.82058 2967.64612  1.34%  23.8   40s
*266119 11964             127    3007.2740503 2967.64612  1.32%  24.2   41s
*269974 12128             117    3007.1621115 2967.64612  1.31%  24.5   42s
H272364 12348                    3007.1597301 2967.64612  1.31%  24.6   42s
H274456 12530                    3007.1180951 2967.64612  1.31%  24.8   43s
 283451 12867 2967.64612   97    8 3007.11810 2967.64612  1.31%  25.4   45s
H299252 12951                    3006.7863360 2967.64612  1.30%  26.4   48s
H300992 12944                    3006.7854385 2967.64612  1.30%  26.5   48s
H301259 12943                    3006.7722152 2967.64612  1.30%  26.5   48s
H301468 12942                    3006.7680060 2967.64612  1.30%  26.5   48s
H303266 13204                    3006.7650185 2967.64612  1.30%  26.5   48s
 310056 13661 2994.17166   93    4 3006.76502 2967.64612  1.30%  26.5   50s
H336185 15065                    3006.7601686 2967.64612  1.30%  26.7   53s
 341917 15341 2967.64612   80    4 3006.76017 2967.64612  1.30%  26.7   55s
H345721 15374                    3006.7564418 2967.64612  1.30%  26.7   55s
H345784 14466                    3005.1683927 2967.64612  1.25%  26.7   55s
 377319 15866 infeasible   74      3005.16839 2967.64612  1.25%  26.7   60s

Cutting planes:
  Gomory: 2
  Cover: 2
  Implied bound: 6
  MIR: 7
  Flow cover: 27
  Relax-and-lift: 1

Explored 377812 nodes (10090853 simplex iterations) in 60.00 seconds (102.89 work units)
Thread count was 8 (of 8 available processors)

Solution count 10: 3005.17 3006.76 3006.76 ... 3007.16

Time limit reached
Best objective 3.005168392684e+03, best bound 2.967646123568e+03, gap 1.2486%

User-callback calls 781163, time in user-callback 0.09 sec

Gurobi 12.0.3 (mac64[arm]) logging started Tue Sep 23 19:17:38 2025

Set parameter LogFile to value "Logs/PowerFlow Logs/L50/phase1/scenario_generation.log"
Set parameter LogToConsole to value 0

Gurobi 12.0.3 (mac64[arm]) logging started Tue Sep 23 19:17:38 2025

Set parameter LogFile to value "Logs/PowerFlow Logs/L50/phase1/scenario_generation.log"
Gurobi Optimizer version 12.0.3 build v12.0.3rc0 (mac64[arm] - Darwin 24.6.0 24G222)

CPU model: Apple M3
Thread count: 8 physical cores, 8 logical processors, using up to 8 threads

Non-default parameters:
TimeLimit  60
LogToConsole  0

Optimize a model with 980 rows, 726 columns and 3212 nonzeros
Model fingerprint: 0x709cfb1e
Variable types: 540 continuous, 186 integer (186 binary)
Coefficient statistics:
  Matrix range     [1e+00, 3e+03]
  Objective range  [6e-02, 1e+04]
  Bounds range     [0e+00, 0e+00]
  RHS range        [3e-02, 3e+03]
Found heuristic solution: objective 441482.65841
Found heuristic solution: objective 441482.65685
Presolve removed 181 rows and 40 columns
Presolve time: 0.01s
Presolved: 799 rows, 686 columns, 2644 nonzeros
Found heuristic solution: objective 421806.90080
Variable types: 513 continuous, 173 integer (173 binary)

Root relaxation: objective 2.335065e+03, 945 iterations, 0.01 seconds (0.01 work units)

    Nodes    |    Current Node    |     Objective Bounds      |     Work
 Expl Unexpl |  Obj  Depth IntInf | Incumbent    BestBd   Gap | It/Node Time

     0     0 2335.06513    0   20 421806.901 2335.06513  99.4%     -    0s
H    0     0                    55224.400751 2335.06513  95.8%     -    0s
     0     0 2335.06513    0   23 55224.4008 2335.06513  95.8%     -    0s
H    0     0                    11649.560125 2335.06513  80.0%     -    0s
H    0     0                    5428.8856299 2335.06513  57.0%     -    0s
     0     0 2335.06513    0   22 5428.88563 2335.06513  57.0%     -    0s
     0     0 2338.49080    0   13 5428.88563 2338.49080  56.9%     -    0s
H    0     0                    5393.1258123 2344.55141  56.5%     -    0s
     0     0 2360.45853    0   16 5393.12581 2360.45853  56.2%     -    0s
H    0     0                    3751.1430323 2360.46499  37.1%     -    0s
     0     0 2360.46499    0   16 3751.14303 2360.46499  37.1%     -    0s
     0     0 2360.86336    0   14 3751.14303 2360.86336  37.1%     -    0s
     0     0 2360.86336    0   14 3751.14303 2360.86336  37.1%     -    0s
     0     0 2360.86336    0   12 3751.14303 2360.86336  37.1%     -    0s
     0     2 2360.86336    0   12 3751.14303 2360.86336  37.1%     -    0s
H  505   457                    3751.1430319 2819.00074  24.8%  15.6    0s
H  780   831                    3751.1430306 2819.00074  24.8%  15.7    0s
H 1274  1196                    3751.1430300 2819.00074  24.8%  14.7    0s
H 1685  1496                    3750.8572286 2819.00074  24.8%  15.3    0s
H 1756  1479                    3750.8572280 2819.00074  24.8%  16.1    0s
H 1855  1440                    3750.8572273 2819.00074  24.8%  15.7    0s
H 2038  1464                    3750.8572268 2819.00074  24.8%  15.5    0s
H 2304  1492                    3750.8572224 2819.00074  24.8%  15.2    0s
H 3397  1985                    3750.8572217 2828.22199  24.6%  15.8    0s
H 3483  1898                    3750.8572188 2828.22199  24.6%  15.7    0s
* 4123  2020             111    3750.6572921 2828.22199  24.6%  15.6    0s
H 4185  2051                    3750.6572913 2828.22199  24.6%  15.5    0s
* 4200  1043             133    3633.6577524 2828.22199  22.2%  15.5    0s
* 4202   966             135    3601.5117675 2828.22199  21.5%  15.5    0s
H 4916   792                    3601.5117667 2828.22199  21.5%  16.5    0s
H 5002   830                    3594.0506054 2828.22199  21.3%  16.5    0s
H 5045   751                    3541.7014390 2828.22199  20.1%  16.4    0s
H 5907  1301                    3541.7014386 3130.12131  11.6%  16.1    0s
* 6734  1488             112    3495.8335844 3130.12131  10.5%  15.5    1s
* 6738  1482             111    3492.0670683 3130.12131  10.4%  15.5    1s
* 6741  1292             110    3488.3508630 3130.12131  10.3%  15.5    1s
H 7701  1682                    3488.3508626 3133.20268  10.2%  15.3    1s
* 7872  1883             108    3476.7634637 3133.20268  9.88%  15.2    1s
* 7890  1883             111    3474.5837577 3133.20268  9.83%  15.2    1s
* 8522  2096              86    3471.8328947 3133.20268  9.75%  15.0    1s
* 9714  2721             114    3456.2336990 3133.20268  9.35%  15.0    1s
H11167  2562                    3391.3638905 3133.20268  7.61%  15.1    1s
H12467  2300                    3337.2497251 3133.20268  6.11%  15.3    1s
H12919  1714                    3158.0977239 3133.20268  0.79%  15.4    1s
H26589  4482                    3150.3738851 3133.20268  0.55%  20.2    3s
H26604  4435                    3148.1396989 3133.20268  0.47%  20.2    3s
H26618  4368                    3143.1265389 3133.20268  0.32%  20.2    3s
H26622  4318                    3140.3513196 3133.20268  0.23%  20.2    3s
H26624  4219                    3134.2084731 3133.20268  0.03%  20.2    3s
H29958  4097                    3133.4244733 3133.20268  0.01%  20.7    4s

Cutting planes:
  Gomory: 1
  MIR: 5

Explored 30169 nodes (627098 simplex iterations) in 4.24 seconds (6.84 work units)
Thread count was 8 (of 8 available processors)

Solution count 10: 3133.42 3134.21 3140.35 ... 3456.23

Optimal solution found (tolerance 1.00e-04)
Best objective 3.133424473288e+03, best bound 3.133202675873e+03, gap 0.0071%

User-callback calls 63518, time in user-callback 0.01 sec

Gurobi 12.0.3 (mac64[arm]) logging started Tue Sep 23 19:17:42 2025

Set parameter LogFile to value "Logs/PowerFlow Logs/L50/phase1/scenario_generation.log"
Set parameter LogToConsole to value 0

Gurobi 12.0.3 (mac64[arm]) logging started Tue Sep 23 19:17:42 2025

Set parameter LogFile to value "Logs/PowerFlow Logs/L50/phase1/scenario_generation.log"
Gurobi Optimizer version 12.0.3 build v12.0.3rc0 (mac64[arm] - Darwin 24.6.0 24G222)

CPU model: Apple M3
Thread count: 8 physical cores, 8 logical processors, using up to 8 threads

Non-default parameters:
TimeLimit  60
LogToConsole  0

Optimize a model with 980 rows, 726 columns and 3212 nonzeros
Model fingerprint: 0x0d4116d6
Variable types: 540 continuous, 186 integer (186 binary)
Coefficient statistics:
  Matrix range     [1e+00, 3e+03]
  Objective range  [6e-02, 1e+04]
  Bounds range     [0e+00, 0e+00]
  RHS range        [6e-02, 3e+03]
Found heuristic solution: objective 442332.08070
Found heuristic solution: objective 442332.07894
Presolve removed 181 rows and 40 columns
Presolve time: 0.01s
Presolved: 799 rows, 686 columns, 2644 nonzeros
Found heuristic solution: objective 421614.93717
Variable types: 513 continuous, 173 integer (173 binary)

Root relaxation: objective 2.429023e+03, 1032 iterations, 0.01 seconds (0.01 work units)

    Nodes    |    Current Node    |     Objective Bounds      |     Work
 Expl Unexpl |  Obj  Depth IntInf | Incumbent    BestBd   Gap | It/Node Time

     0     0 2429.02276    0   13 421614.937 2429.02276  99.4%     -    0s
H    0     0                    58451.861343 2429.02276  95.8%     -    0s
H    0     0                    44196.357754 2429.02276  94.5%     -    0s
H    0     0                    34861.173360 2429.02276  93.0%     -    0s
H    0     0                    28307.540284 2429.02276  91.4%     -    0s
     0     0 2429.02276    0   15 28307.5403 2429.02276  91.4%     -    0s
H    0     0                    13028.562685 2429.02276  81.4%     -    0s
     0     0 2429.02276    0   15 13028.5627 2429.02276  81.4%     -    0s
     0     0 2429.48607    0   15 13028.5627 2429.48607  81.4%     -    0s
     0     0 2462.53620    0   15 13028.5627 2462.53620  81.1%     -    0s
H    0     0                    6111.4011225 2462.53620  59.7%     -    0s
     0     0 2462.53620    0   18 6111.40112 2462.53620  59.7%     -    0s
     0     0 2462.54740    0   17 6111.40112 2462.54740  59.7%     -    0s
H    0     0                    5663.6549584 2462.54740  56.5%     -    0s
     0     0 2465.96261    0   19 5663.65496 2465.96261  56.5%     -    0s
H    0     0                    5661.8213322 2466.18842  56.4%     -    0s
H    0     0                    5661.6509239 2466.18842  56.4%     -    0s
H    0     0                    5661.6282626 2466.18842  56.4%     -    0s
     0     0 2466.18842    0   15 5661.62826 2466.18842  56.4%     -    0s
     0     0 2466.18842    0   15 5661.62826 2466.18842  56.4%     -    0s
     0     0 2466.18842    0   15 5661.62826 2466.18842  56.4%     -    0s
     0     0 2466.18842    0   10 5661.62826 2466.18842  56.4%     -    0s
     0     2 2466.18842    0   10 5661.62826 2466.18842  56.4%     -    0s
H 1041   650                    3943.0607685 2466.18842  37.5%  18.4    0s
H 1232   649                    3806.8572892 2466.18842  35.2%  18.0    0s
H 1767   953                    3782.6768165 2466.18842  34.8%  16.0    0s
H 2939  1157                    3744.4275160 2944.86635  21.4%  18.5    1s
H 3475  1206                    3744.0112036 2958.32603  21.0%  18.2    1s
H 4539   588                    3615.3558345 3267.33358  9.63%  17.9    1s
H 4798   624                    3597.2802173 3267.33358  9.17%  17.8    1s
* 5077   758              68    3556.8864020 3267.33358  8.14%  17.8    1s
H 5514   872                    3556.8864011 3267.33358  8.14%  17.6    1s
* 5633  1006              81    3549.8807712 3267.33358  7.96%  17.4    1s
H 8084  1928                    3537.4986040 3267.33358  7.64%  16.9    2s
H 8153  2100                    3535.6022706 3267.33358  7.59%  17.0    2s
H10535  2788                    3528.4260944 3267.33358  7.40%  17.6    2s
*18302  5689             120    3525.7479416 3267.33358  7.33%  19.2    3s
*20120  4905             102    3508.9964778 3267.33358  6.89%  19.1    3s
*20121  4900             102    3508.5264236 3267.33358  6.87%  19.1    3s
 30337  8501 3469.01718   72   17 3508.52642 3469.01718  1.13%  18.6    5s
H32891  4334                    3487.2085961 3469.01718  0.52%  18.7    5s
H33009  4337                    3486.8614385 3469.01718  0.51%  18.7    5s
H33498  4145                    3486.0582994 3469.01718  0.49%  18.7    5s
H41247  4657                    3485.6897129 3469.01718  0.48%  18.4    6s
H41787  4399                    3483.6777341 3469.01718  0.42%  18.4    6s
H41865  4399                    3483.6703602 3469.01718  0.42%  18.4    6s
 54358  6096 infeasible   87      3483.67036 3469.01718  0.42%  19.4   10s
 85001  8893 3469.01718   80   26 3483.67036 3469.01718  0.42%  21.1   15s
H112410 10340                    3483.6381375 3469.01718  0.42%  22.5   19s
 112707 10366     cutoff   78      3483.63814 3469.01718  0.42%  22.5   20s
 141964 11627 infeasible   79      3483.63814 3469.01718  0.42%  23.3   25s
H166768 12752                    3483.6224253 3469.01718  0.42%  23.9   29s
 167682 12838 3469.01718   91   15 3483.62243 3469.01718  0.42%  23.9   30s
 198057 13765 infeasible   91      3483.62243 3469.01718  0.42%  24.2   35s
H218802 14784                    3483.6224246 3469.01718  0.42%  24.6   38s
 226095 15155 3469.01718   87   14 3483.62242 3469.01718  0.42%  24.6   40s
 258996 17305 3472.57110   82    6 3483.62242 3469.01718  0.42%  24.6   45s
 296432 21718 3469.01718   89   10 3483.62242 3469.01718  0.42%  24.0   50s
 334266 24461 3469.01718   87   10 3483.62242 3469.01718  0.42%  23.5   55s
 367313 27364     cutoff   87      3483.62242 3469.01718  0.42%  23.3   60s

Cutting planes:
  Gomory: 15
  Cover: 2
  Implied bound: 6
  MIR: 20
  Flow cover: 57
  Inf proof: 45

Explored 367347 nodes (8571652 simplex iterations) in 60.00 seconds (92.61 work units)
Thread count was 8 (of 8 available processors)

Solution count 10: 3483.62 3483.64 3483.67 ... 3509

Time limit reached
Best objective 3.483622425346e+03, best bound 3.469017181242e+03, gap 0.4193%

User-callback calls 763798, time in user-callback 0.09 sec

Gurobi 12.0.3 (mac64[arm]) logging started Tue Sep 23 19:18:42 2025

Set parameter LogFile to value "Logs/PowerFlow Logs/L50/phase1/scenario_generation.log"
Set parameter LogToConsole to value 0

Gurobi 12.0.3 (mac64[arm]) logging started Tue Sep 23 19:18:42 2025

Set parameter LogFile to value "Logs/PowerFlow Logs/L50/phase1/scenario_generation.log"
Gurobi Optimizer version 12.0.3 build v12.0.3rc0 (mac64[arm] - Darwin 24.6.0 24G222)

CPU model: Apple M3
Thread count: 8 physical cores, 8 logical processors, using up to 8 threads

Non-default parameters:
TimeLimit  60
LogToConsole  0

Optimize a model with 980 rows, 726 columns and 3212 nonzeros
Model fingerprint: 0xfecbff9a
Variable types: 540 continuous, 186 integer (186 binary)
Coefficient statistics:
  Matrix range     [1e+00, 3e+03]
  Objective range  [6e-02, 1e+04]
  Bounds range     [0e+00, 0e+00]
  RHS range        [2e-03, 3e+03]
Found heuristic solution: objective 438260.09861
Found heuristic solution: objective 438260.09688
Presolve removed 181 rows and 40 columns
Presolve time: 0.01s
Presolved: 799 rows, 686 columns, 2644 nonzeros
Found heuristic solution: objective 417967.77479
Variable types: 513 continuous, 173 integer (173 binary)

Root relaxation: objective 2.231827e+03, 934 iterations, 0.01 seconds (0.01 work units)

    Nodes    |    Current Node    |     Objective Bounds      |     Work
 Expl Unexpl |  Obj  Depth IntInf | Incumbent    BestBd   Gap | It/Node Time

     0     0 2231.82717    0   27 417967.775 2231.82717  99.5%     -    0s
H    0     0                    78099.889038 2231.82717  97.1%     -    0s
H    0     0                    78062.028114 2231.82717  97.1%     -    0s
     0     0 2231.82717    0   20 78062.0281 2231.82717  97.1%     -    0s
H    0     0                    6448.2497494 2231.82717  65.4%     -    0s
     0     0 2231.82717    0   20 6448.24975 2231.82717  65.4%     -    0s
H    0     0                    6435.6296383 2231.82717  65.3%     -    0s
     0     0 2231.82717    0   12 6435.62964 2231.82717  65.3%     -    0s
     0     0 2231.82717    0   13 6435.62964 2231.82717  65.3%     -    0s
     0     0 2231.82717    0   13 6435.62964 2231.82717  65.3%     -    0s
     0     0 2231.82717    0   13 6435.62964 2231.82717  65.3%     -    0s
     0     0 2231.82717    0   13 6435.62964 2231.82717  65.3%     -    0s
H    0     0                    4643.5629476 2231.82717  51.9%     -    0s
H    0     0                    4429.9869546 2231.82717  49.6%     -    0s
     0     2 2231.82717    0   11 4429.98695 2231.82717  49.6%     -    0s
H  133   115                    4412.8609246 2231.82717  49.4%  15.2    0s
H  188   171                    4234.4175350 2232.87840  47.3%  14.6    0s
* 1141   632             102    3745.8214654 2738.25754  26.9%  13.4    0s
H 1613  1034                    3696.0394117 2738.25754  25.9%  12.8    0s
H 1625   602                    3350.4791133 2738.25754  18.3%  12.8    0s
H 1968   456                    3350.4791128 2738.25754  18.3%  13.3    0s
H 2066   452                    3350.4791116 2738.25754  18.3%  13.2    0s
H 2426   539                    3350.4791106 2738.25754  18.3%  13.8    0s
H 3348   595                    3305.0122056 2976.13657  10.0%  15.3    0s
H 3419   604                    3304.2922056 2976.13657  9.93%  15.3    0s
H 4505  1038                    3285.3399843 3059.86043  6.86%  14.3    0s
H 4508   457                    3228.0935557 3059.86043  5.21%  14.3    0s
H 4509   457                    3180.7209829 3059.86043  3.80%  14.3    0s
H 4553   545                    3180.7209822 3059.86043  3.80%  14.3    0s
H 4662   545                    3097.8761366 3059.86043  1.23%  14.3    0s
H 5532   444                    3060.3806779 3059.86043  0.02%  15.4    1s
H 5534   444                    3060.2593557 3059.86043  0.01%  15.4    1s
H 6036   668                    3060.2593550 3059.86043  0.01%  16.5    1s
* 7214   638              81    3059.8604277 3059.86043  0.00%  18.9    1s

Cutting planes:
  Gomory: 1
  Implied bound: 1
  MIR: 4
  Inf proof: 1

Explored 7500 nodes (145119 simplex iterations) in 1.54 seconds (2.09 work units)
Thread count was 8 (of 8 available processors)

Solution count 10: 3059.86 3060.26 3060.38 ... 3350.48

Optimal solution found (tolerance 1.00e-04)
Best objective 3.059860427709e+03, best bound 3.059860427709e+03, gap 0.0000%

User-callback calls 16477, time in user-callback 0.00 sec

Gurobi 12.0.3 (mac64[arm]) logging started Tue Sep 23 19:18:44 2025

Set parameter LogFile to value "Logs/PowerFlow Logs/L50/phase1/scenario_generation.log"
Set parameter LogToConsole to value 0

Gurobi 12.0.3 (mac64[arm]) logging started Tue Sep 23 19:18:44 2025

Set parameter LogFile to value "Logs/PowerFlow Logs/L50/phase1/scenario_generation.log"
Gurobi Optimizer version 12.0.3 build v12.0.3rc0 (mac64[arm] - Darwin 24.6.0 24G222)

CPU model: Apple M3
Thread count: 8 physical cores, 8 logical processors, using up to 8 threads

Non-default parameters:
TimeLimit  60
LogToConsole  0

Optimize a model with 980 rows, 726 columns and 3212 nonzeros
Model fingerprint: 0x5fa27744
Variable types: 540 continuous, 186 integer (186 binary)
Coefficient statistics:
  Matrix range     [1e+00, 3e+03]
  Objective range  [6e-02, 1e+04]
  Bounds range     [0e+00, 0e+00]
  RHS range        [5e-02, 3e+03]
Found heuristic solution: objective 441717.26520
Found heuristic solution: objective 441717.26380
Presolve removed 181 rows and 40 columns
Presolve time: 0.01s
Presolved: 799 rows, 686 columns, 2644 nonzeros
Found heuristic solution: objective 422312.33368
Variable types: 513 continuous, 173 integer (173 binary)

Root relaxation: objective 2.296654e+03, 1149 iterations, 0.01 seconds (0.02 work units)

    Nodes    |    Current Node    |     Objective Bounds      |     Work
 Expl Unexpl |  Obj  Depth IntInf | Incumbent    BestBd   Gap | It/Node Time

     0     0 2296.65425    0   23 422312.334 2296.65425  99.5%     -    0s
H    0     0                    42998.967268 2296.65425  94.7%     -    0s
H    0     0                    36570.857460 2296.65425  93.7%     -    0s
     0     0 2296.65425    0   19 36570.8575 2296.65425  93.7%     -    0s
H    0     0                    7869.8678991 2296.65425  70.8%     -    0s
     0     0 2296.65425    0   18 7869.86790 2296.65425  70.8%     -    0s
     0     0 2296.65425    0   15 7869.86790 2296.65425  70.8%     -    0s
H    0     0                    7521.0121882 2296.65425  69.5%     -    0s
     0     0 2296.65425    0   17 7521.01219 2296.65425  69.5%     -    0s
     0     0 2297.81683    0   14 7521.01219 2297.81683  69.4%     -    0s
     0     0 2303.08649    0   14 7521.01219 2303.08649  69.4%     -    0s
     0     0 2315.76529    0   17 7521.01219 2315.76529  69.2%     -    0s
     0     0 2315.76529    0   17 7521.01219 2315.76529  69.2%     -    0s
H    0     0                    5774.9193686 2315.76529  59.9%     -    0s
     0     0 2315.76529    0   14 5774.91937 2315.76529  59.9%     -    0s
     0     0 2315.76529    0   14 5774.91937 2315.76529  59.9%     -    0s
     0     0 2315.76529    0   13 5774.91937 2315.76529  59.9%     -    0s
     0     0 2315.76529    0   13 5774.91937 2315.76529  59.9%     -    0s
     0     2 2315.76529    0   13 5774.91937 2315.76529  59.9%     -    0s
H  101   131                    5761.7513154 2333.78405  59.5%  19.1    0s
H  216   205                    5755.9843897 2334.86717  59.4%  16.0    0s
H  427   414                    5755.9843887 2339.08517  59.4%  16.6    0s
H  814   749                    5752.5657948 2339.08517  59.3%  18.2    0s
H 1120  1074                    5733.3655818 2339.08517  59.2%  18.2    0s
H 1805  1352                    5527.9003584 2824.55452  48.9%  16.6    0s
H 1805   695                    3705.3592855 2824.55452  23.8%  16.6    0s
H 1805   611                    3659.0700691 2824.55452  22.8%  16.6    0s
H 1944   616                    3659.0700683 2824.55452  22.8%  17.1    0s
H 2504   861                    3659.0700672 2824.55452  22.8%  16.5    0s
H 3271  1135                    3656.3946685 2824.55452  22.8%  16.1    0s
H 4422  1200                    3533.8761964 2824.55452  20.1%  15.7    0s
H 4423   935                    3497.9641646 2824.55452  19.3%  15.7    0s
H 4424   779                    3476.3063854 2824.55452  18.7%  15.7    0s
H 4675   860                    3476.3063850 2824.55452  18.7%  15.7    0s
H 5623  1415                    3476.3063844 3075.61132  11.5%  15.2    1s
H 5630  1415                    3476.3063840 3075.61132  11.5%  15.2    1s
* 6031  1116             158    3380.8530931 3075.61132  9.03%  14.9    1s
* 6173  1113             156    3380.6398143 3075.61132  9.02%  14.9    1s
* 6174  1112             155    3380.2723019 3075.61132  9.01%  14.9    1s
H 9358  1930                    3322.3238812 3139.53626  5.50%  14.8    1s
H 9363  1192                    3212.2130033 3139.53626  2.26%  14.9    1s
H 9453  1079                    3212.2130030 3139.53626  2.26%  14.9    1s
H 9609   965                    3197.4606103 3139.53626  1.81%  14.9    1s
H12667   972                    3191.7468423 3139.53626  1.64%  16.4    2s
*13104  1218             104    3191.5594175 3139.53626  1.63%  16.3    2s
*13105  1198             104    3190.9328788 3139.53626  1.61%  16.3    2s
*13738  1436              64    3182.2335168 3139.53626  1.34%  16.3    2s
H14237  1822                    3180.8451848 3139.53626  1.30%  16.2    2s
*14276  1794              62    3178.2238842 3139.53626  1.22%  16.2    2s
*15639  2309              78    3177.0089002 3139.53626  1.18%  16.6    2s
*15716  1608              86    3141.7848534 3139.53626  0.07%  16.6    2s
*15817  1605              78    3140.5950177 3139.53626  0.03%  16.6    2s
*17052  1698              86    3140.0742527 3139.53626  0.02%  18.0    2s
H18666  1826                    3139.7775745 3139.53626  0.01%  20.6    3s

Cutting planes:
  Gomory: 2
  MIR: 7
  Relax-and-lift: 1

Explored 18692 nodes (387935 simplex iterations) in 3.04 seconds (4.69 work units)
Thread count was 8 (of 8 available processors)

Solution count 10: 3139.78 3140.07 3140.6 ... 3191.56

Optimal solution found (tolerance 1.00e-04)
Best objective 3.139777574528e+03, best bound 3.139536256894e+03, gap 0.0077%

User-callback calls 39786, time in user-callback 0.00 sec

Gurobi 12.0.3 (mac64[arm]) logging started Tue Sep 23 19:18:47 2025

Set parameter LogFile to value "Logs/PowerFlow Logs/L50/phase1/scenario_generation.log"
Set parameter LogToConsole to value 0

Gurobi 12.0.3 (mac64[arm]) logging started Tue Sep 23 19:18:47 2025

Set parameter LogFile to value "Logs/PowerFlow Logs/L50/phase1/scenario_generation.log"
Gurobi Optimizer version 12.0.3 build v12.0.3rc0 (mac64[arm] - Darwin 24.6.0 24G222)

CPU model: Apple M3
Thread count: 8 physical cores, 8 logical processors, using up to 8 threads

Non-default parameters:
TimeLimit  60
LogToConsole  0

Optimize a model with 980 rows, 726 columns and 3212 nonzeros
Model fingerprint: 0x379d0925
Variable types: 540 continuous, 186 integer (186 binary)
Coefficient statistics:
  Matrix range     [1e+00, 3e+03]
  Objective range  [6e-02, 1e+04]
  Bounds range     [0e+00, 0e+00]
  RHS range        [6e-02, 3e+03]
Found heuristic solution: objective 442884.67050
Found heuristic solution: objective 442884.66876
Presolve removed 181 rows and 40 columns
Presolve time: 0.01s
Presolved: 799 rows, 686 columns, 2644 nonzeros
Found heuristic solution: objective 422490.16583
Variable types: 513 continuous, 173 integer (173 binary)

Root relaxation: objective 2.469940e+03, 1051 iterations, 0.01 seconds (0.01 work units)

    Nodes    |    Current Node    |     Objective Bounds      |     Work
 Expl Unexpl |  Obj  Depth IntInf | Incumbent    BestBd   Gap | It/Node Time

     0     0 2469.93993    0   17 422490.166 2469.93993  99.4%     -    0s
H    0     0                    34811.867453 2469.93993  92.9%     -    0s
H    0     0                    23309.938454 2469.93993  89.4%     -    0s
     0     0 2469.93993    0   14 23309.9385 2469.93993  89.4%     -    0s
     0     0 2469.93993    0   13 23309.9385 2469.93993  89.4%     -    0s
     0     0 2469.93993    0   11 23309.9385 2469.93993  89.4%     -    0s
H    0     0                    9917.2236686 2469.93993  75.1%     -    0s
     0     0 2469.93993    0   12 9917.22367 2469.93993  75.1%     -    0s
     0     0 2469.93993    0   12 9917.22367 2469.93993  75.1%     -    0s
H    0     0                    7722.0722808 2469.93993  68.0%     -    0s
     0     0 2469.93993    0   15 7722.07228 2469.93993  68.0%     -    0s
     0     0 2469.93993    0   11 7722.07228 2469.93993  68.0%     -    0s
     0     0 2469.93993    0   10 7722.07228 2469.93993  68.0%     -    0s
     0     2 2469.93993    0   10 7722.07228 2469.93993  68.0%     -    0s
H  214   191                    7722.0722796 2469.93993  68.0%  16.8    0s
H  302   259                    7722.0722777 2469.93993  68.0%  16.1    0s
H  567   519                    6181.6969439 2469.93993  60.0%  16.6    0s
H  881   725                    5277.7167671 2469.93993  53.2%  18.3    0s
H 1053   544                    3896.6231257 2469.93993  36.6%  20.0    0s
H 1288   465                    3806.9409195 2471.11626  35.1%  20.1    0s
H 1514   438                    3782.6343349 2471.72421  34.7%  19.4    0s
H 1528   438                    3778.7302861 2471.72421  34.6%  19.5    0s
H 2718   729                    3774.3953076 3205.74673  15.1%  16.7    0s
H 2722   726                    3767.0258803 3205.74673  14.9%  16.7    0s
H 2886   764                    3767.0258798 3205.74673  14.9%  16.7    0s
H 3988   784                    3766.2055922 3205.74673  14.9%  15.2    1s
H 3991   746                    3766.1678073 3205.74673  14.9%  15.2    1s
H 4073   718                    3629.3016157 3205.74673  11.7%  15.2    1s
H 4576   649                    3629.3016120 3205.74673  11.7%  15.4    1s
* 5554  1118             139    3627.0940511 3205.74673  11.6%  15.9    1s
* 5557  1118             139    3626.0300804 3205.74673  11.6%  15.9    1s
* 5655  1191             131    3624.6500786 3205.74673  11.6%  15.9    1s
H 6342  1491                    3612.5079486 3205.74673  11.3%  16.2    1s
* 6595  1636             130    3610.4769926 3205.74673  11.2%  16.3    1s
* 6597  1636             129    3609.9881675 3205.74673  11.2%  16.3    1s
* 6720  1710             132    3609.3645646 3205.74673  11.2%  16.4    1s
H 7401  1855                    3603.2555076 3205.74673  11.0%  16.6    1s
H 7435  1928                    3603.2555070 3219.65045  10.6%  16.6    1s
* 8567  2394             119    3600.1798875 3483.38222  3.24%  16.6    1s
* 8569  2394             120    3600.0363278 3483.38222  3.24%  16.6    1s
* 8867  2555             110    3598.5362522 3483.38222  3.20%  16.5    1s
* 8978  2375             128    3593.3525153 3548.50923  1.25%  16.6    1s
* 8979  2375             129    3593.3135767 3548.50923  1.25%  16.6    1s
* 8990  2375             130    3593.3014452 3548.50923  1.25%  16.6    1s
H10134  2144                    3564.3575123 3548.50923  0.44%  17.2    1s
*11421  2647             102    3563.5617483 3548.50923  0.42%  18.5    2s
*11422  2647             102    3563.4805825 3548.50923  0.42%  18.5    2s
H11916  2759                    3563.1129643 3548.50923  0.41%  18.9    2s
H15492  4137                    3563.1129639 3548.50923  0.41%  21.8    3s
*17716  4961             119    3562.9887948 3548.50923  0.41%  23.1    3s
*17721  4957             119    3562.9428986 3548.50923  0.41%  23.1    3s
*17725  4957             121    3562.9388970 3548.50923  0.40%  23.1    3s
*17726  4957             121    3562.9317328 3548.50923  0.40%  23.1    3s
H20450  5645                    3562.9317321 3548.50923  0.40%  24.2    4s
*23726  4499              92    3561.9895995 3548.50923  0.38%  25.2    4s
*23731  4498              90    3561.8388848 3548.50923  0.37%  25.2    4s
*23733  4497              91    3561.4262203 3548.50923  0.36%  25.2    4s
*23781  4424             108    3560.9012404 3548.50923  0.35%  25.2    4s
H24841  4916                    3560.9012401 3548.50923  0.35%  25.2    4s
*25271  4664             106    3555.8082322 3548.50923  0.21%  25.2    4s
*25272  4663             106    3555.7988168 3548.50923  0.21%  25.2    4s
 25598  5037 3555.69486   79    2 3555.79882 3548.50923  0.21%  25.2    5s
*27366  5758             111    3555.7115601 3548.50923  0.20%  25.3    5s
*27368  5757             112    3555.6966399 3548.50923  0.20%  25.3    5s
*27379  5757             112    3555.6961886 3548.50923  0.20%  25.3    5s
*44565  4310              77    3555.6948644 3548.50923  0.20%  27.0    8s
 48848  4095 3548.50923   52   13 3555.69486 3548.50923  0.20%  28.2   10s
 74718  5885 3548.50923   55   13 3555.69486 3548.50923  0.20%  30.9   15s
 99169  6653 3548.50923   44   12 3555.69486 3548.50923  0.20%  33.9   20s
 124361  8323 3548.50923   59    5 3555.69486 3548.50923  0.20%  34.4   25s
 147184  9212     cutoff   60      3555.69486 3548.50923  0.20%  35.5   30s
 172853  9880 infeasible   66      3555.69486 3548.50923  0.20%  36.7   35s
 199130 10929 infeasible   37      3555.69486 3548.50923  0.20%  37.2   40s
 224259 11840     cutoff   60      3555.69486 3548.50923  0.20%  38.1   45s
 250317 12594     cutoff   67      3555.69486 3548.50923  0.20%  39.0   50s
 275297 13462 infeasible   56      3555.69486 3548.50923  0.20%  39.4   55s
 298132 14373 3548.50923   56   10 3555.69486 3548.50923  0.20%  39.9   60s

Cutting planes:
  Gomory: 5
  Cover: 1
  Implied bound: 2
  MIR: 3
  Flow cover: 16
  Relax-and-lift: 1

Explored 298401 nodes (11901576 simplex iterations) in 60.00 seconds (100.73 work units)
Thread count was 8 (of 8 available processors)

Solution count 10: 3555.69 3555.7 3555.7 ... 3561.99

Time limit reached
Best objective 3.555694864380e+03, best bound 3.548509234843e+03, gap 0.2021%

User-callback calls 626117, time in user-callback 0.07 sec

Gurobi 12.0.3 (mac64[arm]) logging started Tue Sep 23 19:19:47 2025

Set parameter LogFile to value "Logs/PowerFlow Logs/L50/phase1/scenario_generation.log"
Set parameter LogToConsole to value 0

Gurobi 12.0.3 (mac64[arm]) logging started Tue Sep 23 19:19:47 2025

Set parameter LogFile to value "Logs/PowerFlow Logs/L50/phase1/scenario_generation.log"
Gurobi Optimizer version 12.0.3 build v12.0.3rc0 (mac64[arm] - Darwin 24.6.0 24G222)

CPU model: Apple M3
Thread count: 8 physical cores, 8 logical processors, using up to 8 threads

Non-default parameters:
TimeLimit  60
LogToConsole  0

Optimize a model with 980 rows, 726 columns and 3212 nonzeros
Model fingerprint: 0x9f148c91
Variable types: 540 continuous, 186 integer (186 binary)
Coefficient statistics:
  Matrix range     [1e+00, 3e+03]
  Objective range  [6e-02, 1e+04]
  Bounds range     [0e+00, 0e+00]
  RHS range        [6e-02, 3e+03]
Found heuristic solution: objective 439445.10699
Found heuristic solution: objective 439445.10512
Presolve removed 181 rows and 40 columns
Presolve time: 0.01s
Presolved: 799 rows, 686 columns, 2644 nonzeros
Found heuristic solution: objective 420091.05260
Variable types: 513 continuous, 173 integer (173 binary)

Root relaxation: objective 2.329631e+03, 987 iterations, 0.01 seconds (0.01 work units)

    Nodes    |    Current Node    |     Objective Bounds      |     Work
 Expl Unexpl |  Obj  Depth IntInf | Incumbent    BestBd   Gap | It/Node Time

     0     0 2329.63147    0   19 420091.053 2329.63147  99.4%     -    0s
H    0     0                    45051.098031 2329.63147  94.8%     -    0s
H    0     0                    38949.826658 2329.63147  94.0%     -    0s
     0     0 2348.15970    0   24 38949.8267 2348.15970  94.0%     -    0s
H    0     0                    23338.035629 2364.95121  89.9%     -    0s
     0     0 2364.95121    0   24 23338.0356 2364.95121  89.9%     -    0s
     0     0 2365.37014    0   28 23338.0356 2365.37014  89.9%     -    0s
H    0     0                    16702.877560 2365.44937  85.8%     -    0s
H    0     0                    16578.200204 2368.28349  85.7%     -    0s
     0     0 2369.44140    0   25 16578.2002 2369.44140  85.7%     -    0s
     0     0 2374.22499    0   24 16578.2002 2374.22499  85.7%     -    0s
     0     0 2381.63302    0   22 16578.2002 2381.63302  85.6%     -    0s
H    0     0                    13477.899914 2381.63302  82.3%     -    0s
     0     0 2381.63302    0   22 13477.8999 2381.63302  82.3%     -    0s
     0     0 2381.63302    0   20 13477.8999 2381.63302  82.3%     -    0s
     0     0 2381.63302    0   12 13477.8999 2381.63302  82.3%     -    0s
     0     2 2381.63302    0   12 13477.8999 2381.63302  82.3%     -    0s
H   42    56                    13465.860982 2520.31598  81.3%  23.7    0s
H   46    56                    13464.683433 2520.31598  81.3%  23.8    0s
H   62    56                    11443.724272 2520.31598  78.0%  21.4    0s
H  271   293                    9597.7006177 2697.68896  71.9%  16.8    0s
H  327   356                    7977.2122904 2697.68896  66.2%  16.9    0s
H  639   525                    7348.7617807 2697.68896  63.3%  18.8    0s
H 1377  1334                    7277.5213963 2855.29107  60.8%  17.0    0s
H 1496  1265                    7236.0236911 2855.29107  60.5%  16.7    0s
* 1505  1203             144    6881.3758830 2855.29107  58.5%  16.7    0s
H 1547   709                    5565.6255092 2855.29107  48.7%  16.4    0s
H 1706   703                    5565.6255086 2855.29107  48.7%  16.7    0s
H 1948   831                    5565.6255071 2855.29107  48.7%  16.3    0s
H 2265   893                    4573.8127041 2855.29107  37.6%  15.9    0s
H 3380   956                    4096.3940151 2855.29107  30.3%  14.5    0s
H 3555  1078                    4096.3940142 2855.29107  30.3%  14.4    0s
H 3581  1078                    4096.3940135 2855.29107  30.3%  14.3    0s
H 3724  1199                    4096.3940121 2855.29107  30.3%  14.2    0s
* 3883  1249              86    4027.0680678 2855.29107  29.1%  14.2    0s
H 6312  2855                    3823.3229504 2980.33692  22.0%  13.1    0s
* 6323  2791             142    3811.3658192 2980.33692  21.8%  13.1    0s
* 6324  2729             142    3802.5890287 2980.33692  21.6%  13.1    0s
* 6327  2689             142    3798.2722368 2980.33692  21.5%  13.1    0s
* 6330  2689             142    3798.2159811 2980.33692  21.5%  13.1    0s
H 8039  3776                    3795.4710289 2980.33692  21.5%  12.7    1s
H 9567  4710                    3794.1007945 2980.33692  21.4%  13.0    1s
*11069  5325             126    3777.2891188 2980.33692  21.1%  13.7    1s
*11755  4881             130    3740.5550937 2980.33692  20.3%  13.8    1s
H11992  3606                    3717.3605098 2980.33692  19.8%  13.8    1s
*13913  4480             121    3709.1893233 2980.33692  19.6%  13.7    1s
*13914  4462             121    3708.6447607 2980.33692  19.6%  13.7    1s
H15250  4959                    3705.6556897 2980.33692  19.6%  13.7    1s
*17264  6069             115    3703.1395586 2980.33692  19.5%  13.6    1s
*17265  6069             115    3703.1387408 2980.33692  19.5%  13.6    1s
*21922  8477             117    3703.1384723 2980.33692  19.5%  14.1    2s
H28449  4084                    3673.1078556 2980.33692  18.9%  14.9    2s
H28451  4057                    3670.2009155 2980.33692  18.8%  14.9    2s
H29121  4056                    3670.2009137 2996.78171  18.3%  15.0    4s
H29210  3891                    3670.2009132 2996.78171  18.3%  15.0    4s
H29215  3696                    3670.2009126 2996.78171  18.3%  15.0    4s
H30333  3595                    3670.2009120 2996.78171  18.3%  15.2    4s
H30428  3415                    3668.2339748 2996.78171  18.3%  15.2    4s
H31089  3389                    3668.2339724 2996.78171  18.3%  15.3    4s
H32212  3335                    3662.0725871 3279.73360  10.4%  15.4    4s
 32826  3370 3370.99919   48    7 3662.07259 3361.97115  8.19%  15.4    5s
H33020  2707                    3547.6617347 3370.99919  4.98%  15.5    5s
H33395  2636                    3547.1596538 3370.99919  4.97%  15.6    5s
H33398  2500                    3547.0751821 3370.99919  4.96%  15.6    5s
*33453  2297             137    3502.5164707 3370.99919  3.75%  15.6    5s
*33863  2136             134    3470.6149427 3370.99919  2.87%  15.6    5s
H35538  1411                    3401.9035682 3370.99919  0.91%  15.7    5s
*35971  1157              93    3383.3648145 3370.99919  0.37%  15.8    5s
H36634   828                    3376.6021711 3370.99919  0.17%  15.8    5s
H36770  1135                    3372.0812819 3370.99919  0.03%  15.8    5s
*37290  1295             146    3371.0431010 3370.99919  0.00%  15.9    5s

Cutting planes:
  Gomory: 12
  Cover: 1
  Implied bound: 2
  MIR: 4
  StrongCG: 1
  Flow cover: 5

Explored 37567 nodes (601475 simplex iterations) in 5.69 seconds (8.48 work units)
Thread count was 8 (of 8 available processors)

Solution count 10: 3371.04 3371.04 3372.08 ... 3547.16

Optimal solution found (tolerance 1.00e-04)
Best objective 3.371043100974e+03, best bound 3.370999193802e+03, gap 0.0013%

User-callback calls 78828, time in user-callback 0.01 sec

Gurobi 12.0.3 (mac64[arm]) logging started Tue Sep 23 19:19:52 2025

Set parameter LogFile to value "Logs/PowerFlow Logs/L50/phase1/scenario_generation.log"
Set parameter LogToConsole to value 0

Gurobi 12.0.3 (mac64[arm]) logging started Tue Sep 23 19:19:52 2025

Set parameter LogFile to value "Logs/PowerFlow Logs/L50/phase1/scenario_generation.log"
Gurobi Optimizer version 12.0.3 build v12.0.3rc0 (mac64[arm] - Darwin 24.6.0 24G222)

CPU model: Apple M3
Thread count: 8 physical cores, 8 logical processors, using up to 8 threads

Non-default parameters:
TimeLimit  60
LogToConsole  0

Optimize a model with 980 rows, 726 columns and 3212 nonzeros
Model fingerprint: 0x4ebfc5b9
Variable types: 540 continuous, 186 integer (186 binary)
Coefficient statistics:
  Matrix range     [1e+00, 3e+03]
  Objective range  [6e-02, 1e+04]
  Bounds range     [0e+00, 0e+00]
  RHS range        [7e-02, 3e+03]
Found heuristic solution: objective 437831.31842
Found heuristic solution: objective 437831.31689
Presolve removed 181 rows and 40 columns
Presolve time: 0.01s
Presolved: 799 rows, 686 columns, 2644 nonzeros
Found heuristic solution: objective 418055.63691
Variable types: 513 continuous, 173 integer (173 binary)

Root relaxation: objective 2.213386e+03, 887 iterations, 0.01 seconds (0.01 work units)

    Nodes    |    Current Node    |     Objective Bounds      |     Work
 Expl Unexpl |  Obj  Depth IntInf | Incumbent    BestBd   Gap | It/Node Time

     0     0 2213.38625    0   26 418055.637 2213.38625  99.5%     -    0s
H    0     0                    57365.553019 2213.38625  96.1%     -    0s
     0     0 2227.89476    0   18 57365.5530 2227.89476  96.1%     -    0s
H    0     0                    23717.127686 2243.67335  90.5%     -    0s
     0     0 2243.67335    0   18 23717.1277 2243.67335  90.5%     -    0s
H    0     0                    23294.960746 2243.67335  90.4%     -    0s
     0     0 2243.67335    0   20 23294.9607 2243.67335  90.4%     -    0s
H    0     0                    19950.783262 2243.67335  88.8%     -    0s
     0     0 2247.30672    0   20 19950.7833 2247.30672  88.7%     -    0s
     0     0 2261.91286    0   18 19950.7833 2261.91286  88.7%     -    0s
H    0     0                    10269.349111 2261.94675  78.0%     -    0s
     0     0 2261.94675    0   18 10269.3491 2261.94675  78.0%     -    0s
     0     0 2263.50870    0   16 10269.3491 2263.50870  78.0%     -    0s
     0     0 2263.50870    0    7 10269.3491 2263.50870  78.0%     -    0s
     0     2 2263.50870    0    7 10269.3491 2263.50870  78.0%     -    0s
H   41    64                    10255.980374 2263.50870  77.9%  19.4    0s
H   42    64                    7401.0984955 2263.50870  69.4%  19.3    0s
H   57    64                    6112.3499604 2263.50870  63.0%  19.2    0s
H   62    64                    6109.5194520 2263.50870  63.0%  18.5    0s
H  296   291                    6102.0405641 2263.50870  62.9%  14.7    0s
H  394   415                    4248.3262811 2263.50870  46.7%  14.5    0s
H  505   494                    4248.3262803 2263.50870  46.7%  14.8    0s
*  581   552              60    3979.2653842 2263.50870  43.1%  14.7    0s
H  612   539                    3798.4242764 2263.50870  40.4%  14.9    0s
H  826   722                    3773.4217136 2263.50870  40.0%  16.2    0s
H  870   816                    3773.4217132 2263.50870  40.0%  16.4    0s
H 1123   971                    3755.7768456 2263.50870  39.7%  17.6    0s
H 1159   945                    3717.5218643 2263.50870  39.1%  17.4    0s
H 1355   578                    3289.9728378 2263.50870  31.2%  18.5    0s
* 1630   513             113    3258.3731034 2265.12501  30.5%  18.6    0s
H 1666   500                    3107.6605943 2265.12501  27.1%  18.4    0s
H 2025   441                    3107.6605932 2270.00797  27.0%  17.8    0s
H 3134   563                    3103.8465944 2485.17822  19.9%  16.7    0s
H 3139   562                    3096.7136866 2485.17822  19.7%  16.7    0s
H 3762   703                    3092.5474504 2704.30298  12.6%  16.3    0s
H 3762   702                    3082.9080891 2704.30298  12.3%  16.3    0s
H 3762   702                    3082.7277117 2704.30298  12.3%  16.3    0s
H 3762   701                    3078.0981812 2704.30298  12.1%  16.3    0s
H 3762   695                    3052.4495787 2704.30298  11.4%  16.3    0s
H 3762   695                    3051.9141484 2704.30298  11.4%  16.3    0s
H 3762   695                    3049.9211115 2704.30298  11.3%  16.3    0s
H 4094   719                    3049.9211081 2704.30298  11.3%  16.4    0s
H 4346   599                    3049.9211074 2704.30298  11.3%  16.4    0s
H 4754   468                    3047.5994993 2704.30298  11.3%  16.6    1s
H 5260   489                    3042.1837357 3008.08312  1.12%  16.8    1s
H 5289   475                    3042.1837348 3008.08312  1.12%  16.9    1s
* 5617   607              81    3041.4060552 3008.08312  1.10%  17.4    1s
H 6727   932                    3037.8465322 3031.17594  0.22%  18.9    1s
H 7187  1277                    3037.0216273 3031.17594  0.19%  19.4    1s
H 7698  1614                    3037.0216267 3031.65092  0.18%  20.1    1s
H 8398  1976                    3036.0329347 3031.65092  0.14%  21.3    1s
H10252  2668                    3036.0329335 3033.91264  0.07%  23.4    2s
H12324  3921                    3036.0329331 3033.91264  0.07%  26.2    2s
*13351  4402             122    3035.8878459 3033.91264  0.07%  26.8    2s
*20981  9113             128    3035.8480573 3034.04814  0.06%  29.9    4s
 23385 11061 3035.83058   40   11 3035.84806 3034.30663  0.05%  30.3    5s
H23956 11598                    3035.8480566 3034.30663  0.05%  30.5    5s
H29173 14611                    3035.8385854 3034.31891  0.05%  32.1    6s
 44776 24827 3035.83058   51    9 3035.83859 3034.31891  0.05%  34.3   10s
 74254 43202 3035.83058   63    6 3035.83859 3034.75109  0.04%  35.0   15s
*97222   760             110    3035.3396384 3035.33964  0.00%  35.1   18s

Cutting planes:
  Gomory: 1
  MIR: 5
  Inf proof: 1

Explored 97902 nodes (3436575 simplex iterations) in 18.79 seconds (32.76 work units)
Thread count was 8 (of 8 available processors)

Solution count 10: 3035.34 3035.84 3035.85 ... 3047.6

Optimal solution found (tolerance 1.00e-04)
Warning: max constraint violation (1.8118e-06) exceeds tolerance
Best objective 3.035339638408e+03, best bound 3.035339638408e+03, gap 0.0000%

User-callback calls 206414, time in user-callback 0.02 sec

Gurobi 12.0.3 (mac64[arm]) logging started Tue Sep 23 19:20:11 2025

Set parameter LogFile to value "Logs/PowerFlow Logs/L50/phase1/scenario_generation.log"
Set parameter LogToConsole to value 0

Gurobi 12.0.3 (mac64[arm]) logging started Tue Sep 23 19:20:11 2025

Set parameter LogFile to value "Logs/PowerFlow Logs/L50/phase1/scenario_generation.log"
Gurobi Optimizer version 12.0.3 build v12.0.3rc0 (mac64[arm] - Darwin 24.6.0 24G222)

CPU model: Apple M3
Thread count: 8 physical cores, 8 logical processors, using up to 8 threads

Non-default parameters:
TimeLimit  60
LogToConsole  0

Optimize a model with 980 rows, 726 columns and 3212 nonzeros
Model fingerprint: 0xc3c01dcf
Variable types: 540 continuous, 186 integer (186 binary)
Coefficient statistics:
  Matrix range     [1e+00, 3e+03]
  Objective range  [6e-02, 1e+04]
  Bounds range     [0e+00, 0e+00]
  RHS range        [6e-02, 3e+03]
Found heuristic solution: objective 443427.33387
Found heuristic solution: objective 443427.33191
Presolve removed 181 rows and 40 columns
Presolve time: 0.01s
Presolved: 799 rows, 686 columns, 2644 nonzeros
Found heuristic solution: objective 424268.41034
Variable types: 513 continuous, 173 integer (173 binary)

Root relaxation: objective 2.424072e+03, 1014 iterations, 0.01 seconds (0.01 work units)

    Nodes    |    Current Node    |     Objective Bounds      |     Work
 Expl Unexpl |  Obj  Depth IntInf | Incumbent    BestBd   Gap | It/Node Time

     0     0 2424.07219    0   24 424268.410 2424.07219  99.4%     -    0s
H    0     0                    126467.43852 2424.07219  98.1%     -    0s
H    0     0                    89044.084727 2424.07219  97.3%     -    0s
     0     0 2424.07219    0   20 89044.0847 2424.07219  97.3%     -    0s
H    0     0                    20427.110584 2424.07219  88.1%     -    0s
H    0     0                    16145.436504 2424.07219  85.0%     -    0s
     0     0 2424.07219    0   19 16145.4365 2424.07219  85.0%     -    0s
     0     0 2428.69191    0   14 16145.4365 2428.69191  85.0%     -    0s
H    0     0                    15164.734684 2434.73212  83.9%     -    0s
     0     0 2450.57907    0   14 15164.7347 2450.57907  83.8%     -    0s
     0     0 2450.64254    0   15 15164.7347 2450.64254  83.8%     -    0s
     0     0 2456.71625    0   16 15164.7347 2456.71625  83.8%     -    0s
     0     0 2457.04755    0   15 15164.7347 2457.04755  83.8%     -    0s
     0     0 2457.92490    0   15 15164.7347 2457.92490  83.8%     -    0s
H    0     0                    4578.0914702 2457.92490  46.3%     -    0s
     0     0 2457.92490    0   13 4578.09147 2457.92490  46.3%     -    0s
     0     2 2457.92490    0   11 4578.09147 2457.92490  46.3%     -    0s
H  113   136                    4426.7335582 2494.65800  43.6%  15.2    0s
H  524   479                    4121.8063603 2840.84665  31.1%  14.4    0s
H  584   562                    4104.5159510 2840.84665  30.8%  14.7    0s
H  611   561                    4075.6659304 2840.84665  30.3%  14.9    0s
H 1166  1022                    4075.6659296 2840.84665  30.3%  13.4    0s
H 1305  1015                    4046.0310169 2843.77143  29.7%  13.4    0s
H 1713   460                    3677.4130920 2843.77143  22.7%  13.3    0s
H 1713   459                    3670.7765181 2843.77143  22.5%  13.3    0s
H 1713   459                    3670.7532964 2843.77143  22.5%  13.3    0s
H 1713   459                    3670.3685772 2843.77143  22.5%  13.3    0s
H 2514   713                    3670.3685766 2843.77143  22.5%  13.4    0s
H 3403  1159                    3667.6388836 2843.77143  22.5%  12.7    0s
* 3716  1337             108    3665.2809931 2843.77143  22.4%  12.4    0s
* 3718  1335             107    3663.7060017 2843.77143  22.4%  12.4    0s
* 3724  1307             107    3658.1222926 2843.77143  22.3%  12.4    0s
* 4299  1655             110    3656.5445538 2843.77143  22.2%  12.1    0s
* 4300  1632             110    3654.7720983 2843.77143  22.2%  12.1    0s
* 4500  1582             138    3646.6409329 2843.77143  22.0%  12.0    0s
H 5637  1556                    3577.3721915 2843.77143  20.5%  11.7    0s
H 6074  1876                    3577.3721900 2843.77143  20.5%  11.6    1s
* 6240  1997             122    3571.5976883 2843.77143  20.4%  11.6    1s
* 6241  1930             122    3555.1738378 2843.77143  20.0%  11.6    1s
H 6653  1426                    3520.6832779 2843.77143  19.2%  11.6    1s
H 7071  1622                    3520.6832770 2843.77143  19.2%  11.7    1s
* 9839  2898             145    3517.4524029 2843.77143  19.2%  12.2    1s
H18727  5896                    3512.4794403 3082.02267  12.3%  12.2    2s
H27225  6642                    3510.7984136 3086.05395  12.1%  14.7    3s
H31320  5644                    3457.7140366 3086.05395  10.7%  15.3    4s
H31839  3196                    3317.9169020 3086.05395  6.99%  15.3    4s
 31854  3204     cutoff   46      3317.91690 3086.05395  6.99%  15.3    5s
H39043  2181                    3264.3622672 3086.05395  5.46%  16.9    6s
H39072  1949                    3258.8366658 3086.05395  5.30%  16.9    6s
H39176  1945                    3258.7394799 3086.05395  5.30%  16.9    6s
H39270  1941                    3258.5282091 3086.05395  5.29%  16.9    6s
H39367  1941                    3258.5267546 3086.05395  5.29%  16.9    6s

Cutting planes:
  Gomory: 6
  Cover: 1
  Implied bound: 1
  MIR: 10
  Flow cover: 17
  Relax-and-lift: 3

Explored 48178 nodes (883353 simplex iterations) in 7.48 seconds (10.63 work units)
Thread count was 8 (of 8 available processors)

Solution count 10: 3258.53 3258.53 3258.53 ... 3512.48

Optimal solution found (tolerance 1.00e-04)
Best objective 3.258526754631e+03, best bound 3.258442413426e+03, gap 0.0026%

User-callback calls 100624, time in user-callback 0.01 sec

Gurobi 12.0.3 (mac64[arm]) logging started Tue Sep 23 19:20:19 2025

Set parameter LogFile to value "Logs/PowerFlow Logs/L50/phase1/scenario_generation.log"
Set parameter LogToConsole to value 0

Gurobi 12.0.3 (mac64[arm]) logging started Tue Sep 23 19:20:19 2025

Set parameter LogFile to value "Logs/PowerFlow Logs/L50/phase1/scenario_generation.log"
Gurobi Optimizer version 12.0.3 build v12.0.3rc0 (mac64[arm] - Darwin 24.6.0 24G222)

CPU model: Apple M3
Thread count: 8 physical cores, 8 logical processors, using up to 8 threads

Non-default parameters:
TimeLimit  60
LogToConsole  0

Optimize a model with 980 rows, 726 columns and 3212 nonzeros
Model fingerprint: 0x0d3d8c8f
Variable types: 540 continuous, 186 integer (186 binary)
Coefficient statistics:
  Matrix range     [1e+00, 3e+03]
  Objective range  [6e-02, 1e+04]
  Bounds range     [0e+00, 0e+00]
  RHS range        [5e-02, 3e+03]
Found heuristic solution: objective 440876.17973
Found heuristic solution: objective 440876.17789
Presolve removed 181 rows and 40 columns
Presolve time: 0.01s
Presolved: 799 rows, 686 columns, 2644 nonzeros
Found heuristic solution: objective 420527.12604
Variable types: 513 continuous, 173 integer (173 binary)

Root relaxation: objective 2.270105e+03, 969 iterations, 0.01 seconds (0.01 work units)

    Nodes    |    Current Node    |     Objective Bounds      |     Work
 Expl Unexpl |  Obj  Depth IntInf | Incumbent    BestBd   Gap | It/Node Time

     0     0 2270.10511    0   26 420527.126 2270.10511  99.5%     -    0s
H    0     0                    47707.927888 2270.10511  95.2%     -    0s
H    0     0                    39528.271264 2270.10511  94.3%     -    0s
     0     0 2270.10511    0   22 39528.2713 2270.10511  94.3%     -    0s
H    0     0                    7430.7848950 2270.10511  69.4%     -    0s
     0     0 2270.10511    0   19 7430.78490 2270.10511  69.4%     -    0s
     0     0 2270.10511    0   13 7430.78490 2270.10511  69.4%     -    0s
H    0     0                    6092.4636522 2270.10511  62.7%     -    0s
H    0     0                    3719.7467976 2270.10511  39.0%     -    0s
     0     0 2270.10511    0   14 3719.74680 2270.10511  39.0%     -    0s
     0     0 2270.10511    0   10 3719.74680 2270.10511  39.0%     -    0s
     0     0 2270.10511    0    9 3719.74680 2270.10511  39.0%     -    0s
H    0     0                    3614.3786994 2270.10511  37.2%     -    0s
     0     0 2270.10511    0   10 3614.37870 2270.10511  37.2%     -    0s
     0     0 2270.10511    0   10 3614.37870 2270.10511  37.2%     -    0s
     0     0 2270.10511    0    9 3614.37870 2270.10511  37.2%     -    0s
H    0     0                    3614.3786989 2270.10511  37.2%     -    0s
     0     0 2270.10511    0    9 3614.37870 2270.10511  37.2%     -    0s
     0     2 2270.10511    0    9 3614.37870 2270.10511  37.2%     -    0s
H  363   347                    3614.3786984 2559.66249  29.2%  15.0    0s
*  495   452              70    3602.7172769 2559.66249  29.0%  14.7    0s
H 1354  1077                    3602.7172757 2559.66249  29.0%  16.5    0s
* 1415  1157             102    3537.6368397 2559.66249  27.6%  16.4    0s
* 1429  1141             101    3533.1727800 2559.66249  27.6%  16.3    0s
H 1711  1182                    3450.1487556 2559.66249  25.8%  15.7    0s
H 1801  1145                    3446.1114362 2559.66249  25.7%  15.4    0s
H 1801  1133                    3434.4404238 2559.66249  25.5%  15.4    0s
H 1801  1132                    3433.2019945 2559.66249  25.4%  15.4    0s
H 1801  1103                    3417.4960715 2559.66249  25.1%  15.4    0s
H 1940  1105                    3417.4960705 2559.66249  25.1%  16.0    0s
H 2208  1234                    3417.4960698 2559.66249  25.1%  15.1    0s
H 2248  1171                    3417.4960680 2559.66249  25.1%  15.1    0s
H 3213  1260                    3292.6663656 2559.66249  22.3%  14.5    0s
H 4037  1536                    3292.6663644 2559.66249  22.3%  14.5    0s
H 4073  1482                    3292.6663640 2559.66249  22.3%  14.5    0s
* 4523  1667             156    3291.8442019 2559.66249  22.2%  14.4    0s
* 4524  1667             158    3291.4531501 2559.66249  22.2%  14.4    0s
H 5120  2001                    3267.8001865 2559.66249  21.7%  14.6    0s
* 5406  1860             153    3263.2011228 2559.66249  21.6%  14.6    0s
* 5410  1858             152    3262.4853877 2559.66249  21.5%  14.6    0s
H 5784  2041                    3262.4853868 2559.66249  21.5%  14.7    0s
H 7107  2091                    3212.3566974 2559.66249  20.3%  14.5    1s
H 7266  2113                    3204.0710247 2559.66249  20.1%  14.5    1s
H 9987  2591                    3145.5807467 2559.66249  18.6%  14.2    1s
*12087  3896             132    3143.2124835 2559.66249  18.6%  13.6    1s
*12088  3890             132    3140.8023876 2559.66249  18.5%  13.6    1s
*12102  3890             131    3140.7895750 2559.66249  18.5%  13.6    1s
*12403  3697             138    3128.5937687 2559.66249  18.2%  13.5    1s
*13704  4531             114    3127.2430147 2559.66249  18.1%  13.3    1s
H17886  6762                    3127.2430143 2559.66249  18.1%  13.3    2s
*18058  6742             139    3125.3065391 2559.66249  18.1%  13.3    2s
*20905  8184             136    3124.7939776 2559.66249  18.1%  13.0    2s
H22440  6138                    3008.8603137 2559.66249  14.9%  13.1    2s
H27132  8314                    3008.8603131 2574.21083  14.4%  13.5    2s
*31200  9841             131    2979.0142085 2740.01903  8.02%  13.7    3s
H32987  9960                    2978.8081329 2740.01903  8.02%  13.8    4s
H32989  9944                    2978.2934633 2740.01903  8.00%  13.8    4s
H32990  6204                    2927.7380887 2740.01903  6.41%  13.8    4s
H34281  6363                    2912.2207849 2747.72030  5.65%  14.0    4s
*38039  6874              94    2911.3808363 2808.16286  3.55%  15.3    4s
 38857  7114 2808.16286   48   14 2911.38084 2808.16286  3.55%  15.5    5s
*39330  7053              88    2907.2633132 2808.16286  3.41%  15.6    5s
*39886  6350              87    2898.5077888 2808.16286  3.12%  15.8    5s
*43067  6603              87    2897.1864767 2808.16286  3.07%  16.6    5s
H52002  5687                    2808.1858952 2808.16286  0.00%  18.4    7s

Cutting planes:
  Gomory: 8
  Cover: 2
  MIR: 5
  Flow cover: 10
  Inf proof: 1
  Relax-and-lift: 1

Explored 52021 nodes (961438 simplex iterations) in 7.27 seconds (10.99 work units)
Thread count was 8 (of 8 available processors)

Solution count 10: 2808.19 2808.19 2897.19 ... 2978.81

Optimal solution found (tolerance 1.00e-04)
Best objective 2.808185895207e+03, best bound 2.808162862962e+03, gap 0.0008%

User-callback calls 108849, time in user-callback 0.02 sec

Gurobi 12.0.3 (mac64[arm]) logging started Tue Sep 23 19:20:26 2025

Set parameter LogFile to value "Logs/PowerFlow Logs/L50/phase1/scenario_generation.log"
Set parameter LogToConsole to value 0

Gurobi 12.0.3 (mac64[arm]) logging started Tue Sep 23 19:20:26 2025

Set parameter LogFile to value "Logs/PowerFlow Logs/L50/phase1/scenario_generation.log"
Gurobi Optimizer version 12.0.3 build v12.0.3rc0 (mac64[arm] - Darwin 24.6.0 24G222)

CPU model: Apple M3
Thread count: 8 physical cores, 8 logical processors, using up to 8 threads

Non-default parameters:
TimeLimit  60
LogToConsole  0

Optimize a model with 980 rows, 726 columns and 3212 nonzeros
Model fingerprint: 0x0ac04d0c
Variable types: 540 continuous, 186 integer (186 binary)
Coefficient statistics:
  Matrix range     [1e+00, 3e+03]
  Objective range  [6e-02, 1e+04]
  Bounds range     [0e+00, 0e+00]
  RHS range        [6e-02, 3e+03]
Found heuristic solution: objective 443952.10707
Found heuristic solution: objective 443952.10548
Presolve removed 181 rows and 40 columns
Presolve time: 0.01s
Presolved: 799 rows, 686 columns, 2644 nonzeros
Found heuristic solution: objective 423787.00882
Variable types: 513 continuous, 173 integer (173 binary)

Root relaxation: objective 2.442869e+03, 1027 iterations, 0.01 seconds (0.01 work units)

    Nodes    |    Current Node    |     Objective Bounds      |     Work
 Expl Unexpl |  Obj  Depth IntInf | Incumbent    BestBd   Gap | It/Node Time

     0     0 2442.86932    0   14 423787.009 2442.86932  99.4%     -    0s
H    0     0                    37916.870810 2442.86932  93.6%     -    0s
H    0     0                    30844.567023 2442.86932  92.1%     -    0s
     0     0 2442.86932    0   16 30844.5670 2442.86932  92.1%     -    0s
H    0     0                    8400.9010141 2442.86932  70.9%     -    0s
     0     0 2442.86932    0   14 8400.90101 2442.86932  70.9%     -    0s
H    0     0                    5800.2589219 2442.86932  57.9%     -    0s
     0     0 2442.86932    0   13 5800.25892 2442.86932  57.9%     -    0s
     0     0 2442.86932    0   13 5800.25892 2442.86932  57.9%     -    0s
     0     0 2442.86932    0   10 5800.25892 2442.86932  57.9%     -    0s
     0     0 2442.86932    0   14 5800.25892 2442.86932  57.9%     -    0s
     0     0 2442.86932    0   12 5800.25892 2442.86932  57.9%     -    0s
     0     0 2442.86932    0   12 5800.25892 2442.86932  57.9%     -    0s
     0     2 2442.86932    0   12 5800.25892 2442.86932  57.9%     -    0s
H  133   100                    5800.2589199 2442.86932  57.9%  16.9    0s
H  203   172                    5800.2589184 2442.86932  57.9%  15.5    0s
H  336   342                    5774.7781525 2442.86932  57.7%  13.5    0s
H  428   403                    3500.4456924 2442.86932  30.2%  14.3    0s
*  845   601              53    3467.9712516 2877.10815  17.0%  13.6    0s
H 1022   589                    3357.3206079 2877.10815  14.3%  13.8    0s
H 1581   661                    3340.4185472 2877.10815  13.9%  13.7    0s
H 2375   943                    3340.4185458 3144.53440  5.86%  14.6    0s
H 2751  1059                    3337.9235844 3144.53440  5.79%  14.9    0s
* 3080  1076             133    3331.3621954 3144.53440  5.61%  15.0    0s
H 3483   988                    3305.1061286 3144.53440  4.86%  15.5    0s
H 3976   736                    3257.7543468 3144.53440  3.48%  16.2    0s
H 3981   648                    3186.0572201 3144.53440  1.30%  16.2    0s
H 5246   815                    3148.5089315 3144.53440  0.13%  18.0    1s
H 6246  1542                    3148.5089294 3144.53440  0.13%  19.9    1s
* 6255  1506             125    3147.0010659 3144.53440  0.08%  19.9    1s
* 6787  1654             113    3146.8797803 3144.53440  0.07%  20.5    1s
* 7013  1801             124    3145.6490891 3144.53440  0.04%  21.2    1s
* 7289  1961             106    3144.5851602 3144.53440  0.00%  21.8    1s

Cutting planes:
  Implied bound: 1
  MIR: 5
  Relax-and-lift: 1

Explored 7662 nodes (172057 simplex iterations) in 1.42 seconds (2.20 work units)
Thread count was 8 (of 8 available processors)

Solution count 10: 3144.59 3145.65 3146.88 ... 3337.92

Optimal solution found (tolerance 1.00e-04)
Best objective 3.144585160211e+03, best bound 3.144534400658e+03, gap 0.0016%

User-callback calls 16725, time in user-callback 0.00 sec

Gurobi 12.0.3 (mac64[arm]) logging started Tue Sep 23 19:20:27 2025

Set parameter LogFile to value "Logs/PowerFlow Logs/L50/phase1/scenario_generation.log"
Set parameter LogToConsole to value 0

Gurobi 12.0.3 (mac64[arm]) logging started Tue Sep 23 19:20:27 2025

Set parameter LogFile to value "Logs/PowerFlow Logs/L50/phase1/scenario_generation.log"
Gurobi Optimizer version 12.0.3 build v12.0.3rc0 (mac64[arm] - Darwin 24.6.0 24G222)

CPU model: Apple M3
Thread count: 8 physical cores, 8 logical processors, using up to 8 threads

Non-default parameters:
TimeLimit  60
LogToConsole  0

Optimize a model with 980 rows, 726 columns and 3212 nonzeros
Model fingerprint: 0xa8155289
Variable types: 540 continuous, 186 integer (186 binary)
Coefficient statistics:
  Matrix range     [1e+00, 3e+03]
  Objective range  [6e-02, 1e+04]
  Bounds range     [0e+00, 0e+00]
  RHS range        [6e-02, 3e+03]
Found heuristic solution: objective 442418.01304
Found heuristic solution: objective 442418.01154
Presolve removed 181 rows and 40 columns
Presolve time: 0.01s
Presolved: 799 rows, 686 columns, 2644 nonzeros
Found heuristic solution: objective 422215.92898
Variable types: 513 continuous, 173 integer (173 binary)

Root relaxation: objective 2.321671e+03, 1075 iterations, 0.01 seconds (0.01 work units)

    Nodes    |    Current Node    |     Objective Bounds      |     Work
 Expl Unexpl |  Obj  Depth IntInf | Incumbent    BestBd   Gap | It/Node Time

     0     0 2321.67068    0   18 422215.929 2321.67068  99.5%     -    0s
H    0     0                    37828.564705 2321.67068  93.9%     -    0s
     0     0 2321.67068    0   18 37828.5647 2321.67068  93.9%     -    0s
H    0     0                    13317.729806 2321.67068  82.6%     -    0s
H    0     0                    6760.6514870 2321.67068  65.7%     -    0s
     0     0 2321.67068    0   14 6760.65149 2321.67068  65.7%     -    0s
     0     0 2321.67068    0    9 6760.65149 2321.67068  65.7%     -    0s
H    0     0                    3749.4310943 2321.67068  38.1%     -    0s
     0     0 2321.67068    0    9 3749.43109 2321.67068  38.1%     -    0s
     0     0 2321.67068    0    8 3749.43109 2321.67068  38.1%     -    0s
     0     0 2321.67068    0    8 3749.43109 2321.67068  38.1%     -    0s
     0     2 2321.67068    0    8 3749.43109 2321.67068  38.1%     -    0s
H   57    62                    3551.7170050 2321.67068  34.6%  13.1    0s
H  297   295                    3541.3608230 2321.67068  34.4%  16.9    0s
H  429   430                    3541.3608226 2321.67068  34.4%  16.9    0s
H  448   430                    3541.3608220 2321.67068  34.4%  17.3    0s
H  721   711                    3541.3608212 2321.67068  34.4%  17.4    0s
H  866   798                    3541.3608206 2321.67068  34.4%  17.2    0s
H 1088  1017                    3541.3608184 2321.67068  34.4%  17.6    0s
H 1243  1112                    3534.2298707 2321.67068  34.3%  17.1    0s
H 1374  1145                    3519.5225625 2321.67068  34.0%  16.5    0s
H 1394  1144                    3507.4804944 2321.67068  33.8%  16.6    0s
H 1709  1146                    3461.7225719 2321.67068  32.9%  15.8    0s
H 1709  1073                    3434.1744008 2321.67068  32.4%  15.8    0s
H 1944  1077                    3434.1744002 2321.77225  32.4%  17.1    0s
H 2008  1067                    3434.1743988 2321.77225  32.4%  17.0    0s
H 3071  1244                    3433.3502676 2359.11819  31.3%  16.3    1s
H 3252  1265                    3433.3502673 2359.11819  31.3%  16.0    1s
H 3351  1189                    3433.3502652 2515.30338  26.7%  15.9    1s
H 4403  1407                    3418.7461068 2612.68657  23.6%  15.3    1s
H 6210  2546                    3407.6746455 2618.39712  23.2%  14.9    1s
H 6435  2640                    3401.2585340 2618.39712  23.0%  14.8    1s
H 6580  2501                    3398.3937630 2618.39712  23.0%  14.7    1s
* 7812  2591             101    3342.6627084 2618.39712  21.7%  14.3    1s
H 8994  3060                    3342.3625431 2618.39712  21.7%  14.1    1s
H11023  1512                    3166.3715771 2807.93471  11.3%  14.3    1s
*12676  2185             102    3165.4707662 2819.79924  10.9%  14.0    2s
*12981  1970             109    3118.0078942 2819.79924  9.56%  14.0    2s
*12982  1970             109    3117.4701309 2819.79924  9.55%  14.0    2s
*12986  1916             108    3117.3465347 2819.79924  9.54%  14.0    2s
*12988  1915             109    3117.3139256 2819.79924  9.54%  14.0    2s
*13152  1808             103    3103.5850686 2819.79924  9.14%  14.0    2s
*13514  1488             101    3033.9547263 2819.79924  7.06%  13.9    2s
H13600  1443                    3021.2601999 2819.79924  6.67%  13.9    2s
*13650  1359             106    2995.9649386 2819.79924  5.88%  13.9    2s
*15559  1239              89    2890.9914562 2819.79924  2.46%  14.1    2s
*15561  1196              90    2881.9270851 2819.79924  2.16%  14.1    2s
H16965   826                    2841.6671602 2819.79924  0.77%  14.6    2s
H17270  1084                    2836.4547515 2819.79924  0.59%  14.7    2s
H17475  1083                    2834.2952031 2819.79924  0.51%  14.8    2s
*17496  1077             100    2832.0748459 2819.79924  0.43%  14.8    2s
*17902  1391              96    2822.3098311 2819.79924  0.09%  14.8    2s
*17904  1391              96    2822.2860079 2819.79924  0.09%  14.8    2s
*17905  1391              93    2822.2609412 2819.79924  0.09%  14.8    2s
*18301  1301              94    2821.9405941 2821.86909  0.00%  14.9    2s

Cutting planes:
  Gomory: 14
  Cover: 3
  MIR: 3
  Flow cover: 11
  Inf proof: 2

Explored 18501 nodes (278050 simplex iterations) in 2.64 seconds (3.73 work units)
Thread count was 8 (of 8 available processors)

Solution count 10: 2821.94 2822.26 2822.29 ... 2890.99

Optimal solution found (tolerance 1.00e-04)
Best objective 2.821940594068e+03, best bound 2.821869086192e+03, gap 0.0025%

User-callback calls 39057, time in user-callback 0.00 sec

Gurobi 12.0.3 (mac64[arm]) logging started Tue Sep 23 19:20:30 2025

Set parameter LogFile to value "Logs/PowerFlow Logs/L50/phase1/scenario_generation.log"
Set parameter LogToConsole to value 0

Gurobi 12.0.3 (mac64[arm]) logging started Tue Sep 23 19:20:30 2025

Set parameter LogFile to value "Logs/PowerFlow Logs/L50/phase1/scenario_generation.log"
Gurobi Optimizer version 12.0.3 build v12.0.3rc0 (mac64[arm] - Darwin 24.6.0 24G222)

CPU model: Apple M3
Thread count: 8 physical cores, 8 logical processors, using up to 8 threads

Non-default parameters:
TimeLimit  60
LogToConsole  0

Optimize a model with 980 rows, 726 columns and 3212 nonzeros
Model fingerprint: 0xf3cc917f
Variable types: 540 continuous, 186 integer (186 binary)
Coefficient statistics:
  Matrix range     [1e+00, 3e+03]
  Objective range  [6e-02, 1e+04]
  Bounds range     [0e+00, 0e+00]
  RHS range        [6e-02, 3e+03]
Found heuristic solution: objective 438114.31017
Found heuristic solution: objective 438114.30830
Presolve removed 181 rows and 40 columns
Presolve time: 0.01s
Presolved: 799 rows, 686 columns, 2644 nonzeros
Found heuristic solution: objective 418446.81285
Variable types: 513 continuous, 173 integer (173 binary)

Root relaxation: objective 2.225529e+03, 1094 iterations, 0.01 seconds (0.01 work units)

    Nodes    |    Current Node    |     Objective Bounds      |     Work
 Expl Unexpl |  Obj  Depth IntInf | Incumbent    BestBd   Gap | It/Node Time

     0     0 2225.52899    0   24 418446.813 2225.52899  99.5%     -    0s
H    0     0                    70817.100074 2225.52899  96.9%     -    0s
H    0     0                    53186.983317 2225.52899  95.8%     -    0s
     0     0 2225.52899    0   16 53186.9833 2225.52899  95.8%     -    0s
H    0     0                    10950.839257 2225.52899  79.7%     -    0s
     0     0 2225.52899    0   16 10950.8393 2225.52899  79.7%     -    0s
     0     0 2225.52899    0   14 10950.8393 2225.52899  79.7%     -    0s
     0     0 2225.52899    0   14 10950.8393 2225.52899  79.7%     -    0s
     0     0 2235.28299    0   12 10950.8393 2235.28299  79.6%     -    0s
H    0     0                    3743.1584474 2241.42608  40.1%     -    0s
     0     0 2241.42608    0   12 3743.15845 2241.42608  40.1%     -    0s
     0     0 2259.29882    0   11 3743.15845 2259.29882  39.6%     -    0s
     0     0 2261.41881    0   11 3743.15845 2261.41881  39.6%     -    0s
     0     0 2261.41881    0   11 3743.15845 2261.41881  39.6%     -    0s
     0     0 2261.41881    0   12 3743.15845 2261.41881  39.6%     -    0s
     0     0 2261.41881    0   10 3743.15845 2261.41881  39.6%     -    0s
     0     2 2261.41881    0   10 3743.15845 2261.41881  39.6%     -    0s
H  262   295                    3743.1584468 2261.41881  39.6%  13.5    0s
H  276   295                    3564.1113262 2261.41881  36.6%  13.4    0s
H  548   520                    3472.9878197 2261.41881  34.9%  16.9    0s
H  719   668                    3455.2181639 2261.41881  34.6%  19.1    0s
H  924   849                    3384.7643102 2261.41881  33.2%  19.3    0s
H 1051   949                    3381.7764710 2261.41881  33.1%  18.2    0s
H 1254  1139                    3381.5986258 2261.41881  33.1%  17.9    0s
H 1373  1146                    3381.5986238 2261.53305  33.1%  18.1    0s
H 1711  1029                    3256.3044890 2263.17337  30.5%  16.9    0s
H 1711   681                    3103.6530267 2263.17337  27.1%  16.9    0s
H 1720   612                    3103.6530258 2273.46172  26.7%  16.8    0s
H 2501   783                    2963.0071859 2548.69659  14.0%  17.5    0s
H 2564   772                    2870.1120407 2566.39032  10.6%  17.3    0s
H 2810   666                    2866.2211535 2735.80583  4.55%  16.9    0s
H 2887   612                    2861.5136614 2771.32032  3.15%  16.9    0s
H 3010   503                    2838.7724476 2785.54479  1.88%  17.1    1s
* 3594   624             146    2834.4616845 2805.22897  1.03%  17.6    1s
* 3595   624             145    2834.0485572 2805.22897  1.02%  17.6    1s
H 4108   887                    2823.0579943 2805.22897  0.63%  18.2    1s
H 4143   808                    2806.2580187 2805.22897  0.04%  18.2    1s
H 4207   800                    2805.7581421 2805.22897  0.02%  18.1    1s
* 4563   904             130    2805.2311296 2805.22897  0.00%  18.5    1s
* 4565   901             129    2805.2292005 2805.22897  0.00%  18.5    1s

Cutting planes:
  Gomory: 11
  Cover: 1
  Implied bound: 1
  MIR: 10
  Flow cover: 21
  Inf proof: 1
  Relax-and-lift: 3

Explored 4665 nodes (88613 simplex iterations) in 1.34 seconds (1.82 work units)
Thread count was 8 (of 8 available processors)

Solution count 10: 2805.23 2805.23 2805.76 ... 2866.22

Optimal solution found (tolerance 1.00e-04)
Best objective 2.805229200548e+03, best bound 2.805228971933e+03, gap 0.0000%

User-callback calls 10755, time in user-callback 0.00 sec

Gurobi 12.0.3 (mac64[arm]) logging started Tue Sep 23 19:20:31 2025

Set parameter LogFile to value "Logs/PowerFlow Logs/L50/phase1/scenario_generation.log"
Set parameter LogToConsole to value 0

Gurobi 12.0.3 (mac64[arm]) logging started Tue Sep 23 19:20:31 2025

Set parameter LogFile to value "Logs/PowerFlow Logs/L50/phase1/scenario_generation.log"
Gurobi Optimizer version 12.0.3 build v12.0.3rc0 (mac64[arm] - Darwin 24.6.0 24G222)

CPU model: Apple M3
Thread count: 8 physical cores, 8 logical processors, using up to 8 threads

Non-default parameters:
TimeLimit  60
LogToConsole  0

Optimize a model with 980 rows, 726 columns and 3212 nonzeros
Model fingerprint: 0xe595c9c8
Variable types: 540 continuous, 186 integer (186 binary)
Coefficient statistics:
  Matrix range     [1e+00, 3e+03]
  Objective range  [6e-02, 1e+04]
  Bounds range     [0e+00, 0e+00]
  RHS range        [6e-02, 3e+03]
Found heuristic solution: objective 439531.64117
Found heuristic solution: objective 439531.63954
Presolve removed 181 rows and 40 columns
Presolve time: 0.01s
Presolved: 799 rows, 686 columns, 2644 nonzeros
Found heuristic solution: objective 419591.29322
Variable types: 513 continuous, 173 integer (173 binary)

Root relaxation: objective 2.362047e+03, 981 iterations, 0.01 seconds (0.01 work units)

    Nodes    |    Current Node    |     Objective Bounds      |     Work
 Expl Unexpl |  Obj  Depth IntInf | Incumbent    BestBd   Gap | It/Node Time

     0     0 2362.04683    0   24 419591.293 2362.04683  99.4%     -    0s
H    0     0                    94047.229600 2362.04683  97.5%     -    0s
H    0     0                    86334.401617 2362.04683  97.3%     -    0s
     0     0 2362.04683    0   18 86334.4016 2362.04683  97.3%     -    0s
H    0     0                    12862.040239 2362.04683  81.6%     -    0s
     0     0 2362.04683    0   17 12862.0402 2362.04683  81.6%     -    0s
     0     0 2362.04683    0   15 12862.0402 2362.04683  81.6%     -    0s
     0     0 2362.04683    0   14 12862.0402 2362.04683  81.6%     -    0s
     0     0 2362.04683    0   15 12862.0402 2362.04683  81.6%     -    0s
     0     0 2364.41121    0   14 12862.0402 2364.41121  81.6%     -    0s
     0     0 2371.63090    0   15 12862.0402 2371.63090  81.6%     -    0s
     0     0 2447.30995    0   16 12862.0402 2447.30995  81.0%     -    0s
     0     0 2448.18484    0   16 12862.0402 2448.18484  81.0%     -    0s
H    0     0                    9734.4334804 2448.35586  74.8%     -    0s
     0     0 2448.35586    0   15 9734.43348 2448.35586  74.8%     -    0s
     0     0 2448.35586    0   15 9734.43348 2448.35586  74.8%     -    0s
     0     0 2448.35586    0   13 9734.43348 2448.35586  74.8%     -    0s
     0     2 2448.35586    0   13 9734.43348 2448.35586  74.8%     -    0s
H   27    61                    9440.3003106 2596.04995  72.5%  24.6    0s
H  213   205                    9440.3003089 2596.04995  72.5%  17.0    0s
H  218   205                    8498.5615439 2596.04995  69.5%  17.0    0s
H  271   304                    8470.1301099 2596.04995  69.4%  16.6    0s
H  278   304                    8146.5634935 2596.04995  68.1%  16.7    0s
H  320   304                    6019.0052223 2596.04995  56.9%  17.4    0s
H  906   659                    5990.2704653 3071.06932  48.7%  16.8    0s
* 1092   779             102    5974.2288397 3071.06932  48.6%  15.8    0s
H 1097   618                    5057.4687400 3071.06932  39.3%  15.7    0s
H 1120   618                    5024.6438527 3071.06932  38.9%  15.7    0s
H 1540   511                    3932.0522195 3081.77845  21.6%  15.3    0s
H 1840   525                    3873.3459566 3081.77845  20.4%  14.8    0s
H 1840   524                    3862.0478407 3081.77845  20.2%  14.8    0s
H 1914   541                    3862.0478401 3081.77845  20.2%  15.7    0s
H 2475   796                    3862.0478392 3081.77845  20.2%  14.4    0s
H 2535   841                    3852.5858142 3081.77845  20.0%  14.4    0s
H 2970   855                    3834.8245138 3081.77845  19.6%  14.2    0s
H 3126   514                    3711.2012638 3081.77845  17.0%  14.5    0s
H 3243   533                    3711.2012627 3081.77845  17.0%  14.2    0s
H 3956   930                    3711.2012623 3130.01779  15.7%  14.1    0s
* 4431  1316              80    3701.0307884 3130.01779  15.4%  14.0    0s
* 4705  1578             124    3689.0318842 3418.26094  7.34%  13.9    0s
* 5600  1756             130    3669.0880278 3418.26094  6.84%  13.7    0s
H 6017  1607                    3634.0953304 3418.26094  5.94%  13.8    0s
* 6207  1795             133    3627.0500256 3418.26094  5.76%  13.9    0s
* 6216  1749             137    3618.7200813 3418.26094  5.54%  13.9    0s
* 6804  1997              99    3601.6304232 3418.26094  5.09%  14.5    1s
H 7521  2331                    3601.6304220 3418.26094  5.09%  16.5    1s
* 7820  2203             135    3561.5107883 3418.26094  4.02%  16.5    1s
* 7821  2203             135    3561.4817255 3418.26094  4.02%  16.5    1s
* 7822  2203             134    3561.4415077 3418.26094  4.02%  16.5    1s
H 9038  2454                    3504.4131104 3418.26094  2.46%  16.9    1s
H10349  2412                    3434.3515392 3418.26094  0.47%  17.1    1s
H10966  2259                    3423.5034029 3418.26094  0.15%  16.9    1s
*11458  2456             105    3421.0360124 3418.26094  0.08%  17.2    1s
H12089  2663                    3419.9220196 3418.26094  0.05%  17.6    1s
H14730  3427                    3418.4568490 3418.26094  0.01%  19.3    2s

Cutting planes:
  Gomory: 2
  MIR: 3
  Relax-and-lift: 1

Explored 14816 nodes (289214 simplex iterations) in 2.18 seconds (3.41 work units)
Thread count was 8 (of 8 available processors)

Solution count 10: 3418.46 3419.92 3421.04 ... 3601.63

Optimal solution found (tolerance 1.00e-04)
Best objective 3.418456849038e+03, best bound 3.418260942218e+03, gap 0.0057%

User-callback calls 31513, time in user-callback 0.01 sec

Gurobi 12.0.3 (mac64[arm]) logging started Tue Sep 23 19:20:34 2025

Set parameter LogFile to value "Logs/PowerFlow Logs/L50/phase1/scenario_generation.log"
Set parameter LogToConsole to value 0

Gurobi 12.0.3 (mac64[arm]) logging started Tue Sep 23 19:20:34 2025

Set parameter LogFile to value "Logs/PowerFlow Logs/L50/phase1/scenario_generation.log"
Gurobi Optimizer version 12.0.3 build v12.0.3rc0 (mac64[arm] - Darwin 24.6.0 24G222)

CPU model: Apple M3
Thread count: 8 physical cores, 8 logical processors, using up to 8 threads

Non-default parameters:
TimeLimit  60
LogToConsole  0

Optimize a model with 980 rows, 726 columns and 3212 nonzeros
Model fingerprint: 0xedf84494
Variable types: 540 continuous, 186 integer (186 binary)
Coefficient statistics:
  Matrix range     [1e+00, 3e+03]
  Objective range  [6e-02, 1e+04]
  Bounds range     [0e+00, 0e+00]
  RHS range        [1e-02, 3e+03]
Found heuristic solution: objective 443439.02336
Found heuristic solution: objective 443439.02173
Presolve removed 181 rows and 40 columns
Presolve time: 0.01s
Presolved: 799 rows, 686 columns, 2644 nonzeros
Found heuristic solution: objective 423201.05930
Variable types: 513 continuous, 173 integer (173 binary)

Root relaxation: objective 2.424799e+03, 931 iterations, 0.01 seconds (0.01 work units)

    Nodes    |    Current Node    |     Objective Bounds      |     Work
 Expl Unexpl |  Obj  Depth IntInf | Incumbent    BestBd   Gap | It/Node Time

     0     0 2424.79859    0   23 423201.059 2424.79859  99.4%     -    0s
H    0     0                    63662.827782 2424.79859  96.2%     -    0s
H    0     0                    45859.605874 2424.79859  94.7%     -    0s
     0     0 2433.17219    0   20 45859.6059 2433.17219  94.7%     -    0s
H    0     0                    21124.715697 2450.25501  88.4%     -    0s
     0     0 2450.25501    0   20 21124.7157 2450.25501  88.4%     -    0s
     0     0 2452.50425    0   20 21124.7157 2452.50425  88.4%     -    0s
H    0     0                    11726.593149 2452.50425  79.1%     -    0s
     0     0 2455.19997    0   19 11726.5931 2455.19997  79.1%     -    0s
     0     0 2458.52809    0   19 11726.5931 2458.52809  79.0%     -    0s
     0     0 2469.05928    0   20 11726.5931 2469.05928  78.9%     -    0s
H    0     0                    11277.567551 2469.05928  78.1%     -    0s
     0     0 2509.69292    0   19 11277.5676 2509.69292  77.7%     -    0s
     0     0 2509.69292    0   18 11277.5676 2509.69292  77.7%     -    0s
     0     0 2509.69292    0   18 11277.5676 2509.69292  77.7%     -    0s
     0     0 2509.69292    0   15 11277.5676 2509.69292  77.7%     -    0s
     0     2 2509.69292    0   14 11277.5676 2509.69292  77.7%     -    0s
H   37    62                    10179.803327 2509.69292  75.3%  18.9    0s
H  193   210                    9143.8431601 2509.69292  72.6%  13.3    0s
H  285   307                    8835.8965186 2509.69292  71.6%  12.5    0s
H  450   444                    6778.0560242 2509.69292  63.0%  16.2    0s
*  730   536              78    6768.2020242 2509.69292  62.9%  17.2    0s
* 1559   851             149    4763.9089646 2510.48385  47.3%  18.1    0s
H 1767   744                    4763.9089641 2737.97866  42.5%  18.1    0s
H 2040   782                    4763.9089636 2932.07257  38.5%  17.3    0s
H 2088   732                    4763.9089619 2932.07257  38.5%  17.2    0s
H 2419   820                    4763.9089605 3144.89480  34.0%  16.8    0s
H 2463   775                    4763.9089577 3144.89480  34.0%  16.8    0s
H 3558   980                    4655.0452996 3369.46754  27.6%  15.4    0s
H 4603   566                    3577.0440014 3476.34495  2.82%  14.9    0s
H 4665   633                    3577.0440002 3476.34495  2.82%  14.9    0s
H 6189   912                    3577.0439993 3476.34495  2.82%  15.3    1s
H 7267   952                    3563.5219556 3476.34495  2.45%  15.6    1s
H 7515   980                    3563.5219552 3476.34495  2.45%  15.7    1s
H 8167   980                    3563.5219541 3476.34495  2.45%  16.1    1s
H 9739  1106                    3563.5219512 3476.34495  2.45%  16.9    1s
*10504  1299             113    3523.5366046 3476.34495  1.34%  17.3    1s
*10505  1299             113    3523.4525840 3476.34495  1.34%  17.3    1s
*10506  1299             112    3523.4175073 3476.34495  1.34%  17.3    1s
*10511  1299             115    3521.7415214 3476.34495  1.29%  17.3    1s
*10518  1290             115    3519.9102681 3476.34495  1.24%  17.3    1s
*10519  1290             115    3519.8259597 3476.34495  1.24%  17.3    1s
*10520  1290             114    3519.7911708 3476.34495  1.23%  17.3    1s
H10818  1070                    3483.2077243 3476.34495  0.20%  17.5    1s
*11098  1142             113    3480.5875569 3476.34495  0.12%  17.7    1s
*12558  2100             131    3479.5737804 3476.34495  0.09%  20.1    2s
*13330  2635              96    3477.0511316 3476.34495  0.02%  21.3    2s
*13679  2578             112    3476.4703100 3476.34495  0.00%  21.5    2s

Cutting planes:
  Gomory: 2
  MIR: 4
  RLT: 1

Explored 13680 nodes (295257 simplex iterations) in 2.37 seconds (3.66 work units)
Thread count was 8 (of 8 available processors)

Solution count 10: 3476.47 3477.05 3479.57 ... 3523.42

Optimal solution found (tolerance 1.00e-04)
Best objective 3.476470310015e+03, best bound 3.476344952434e+03, gap 0.0036%

User-callback calls 29262, time in user-callback 0.00 sec

Gurobi 12.0.3 (mac64[arm]) logging started Tue Sep 23 19:20:36 2025

Set parameter LogFile to value "Logs/PowerFlow Logs/L50/phase1/scenario_generation.log"
Set parameter LogToConsole to value 0

Gurobi 12.0.3 (mac64[arm]) logging started Tue Sep 23 19:20:36 2025

Set parameter LogFile to value "Logs/PowerFlow Logs/L50/phase1/scenario_generation.log"
Gurobi Optimizer version 12.0.3 build v12.0.3rc0 (mac64[arm] - Darwin 24.6.0 24G222)

CPU model: Apple M3
Thread count: 8 physical cores, 8 logical processors, using up to 8 threads

Non-default parameters:
TimeLimit  60
LogToConsole  0

Optimize a model with 980 rows, 726 columns and 3212 nonzeros
Model fingerprint: 0xad5dee4b
Variable types: 540 continuous, 186 integer (186 binary)
Coefficient statistics:
  Matrix range     [1e+00, 3e+03]
  Objective range  [6e-02, 1e+04]
  Bounds range     [0e+00, 0e+00]
  RHS range        [6e-02, 3e+03]
Found heuristic solution: objective 436003.17597
Found heuristic solution: objective 436003.17441
Presolve removed 181 rows and 40 columns
Presolve time: 0.01s
Presolved: 799 rows, 686 columns, 2644 nonzeros
Found heuristic solution: objective 415811.41641
Variable types: 513 continuous, 173 integer (173 binary)

Root relaxation: objective 2.226351e+03, 1033 iterations, 0.01 seconds (0.01 work units)

    Nodes    |    Current Node    |     Objective Bounds      |     Work
 Expl Unexpl |  Obj  Depth IntInf | Incumbent    BestBd   Gap | It/Node Time

     0     0 2226.35070    0   21 415811.416 2226.35070  99.5%     -    0s
H    0     0                    61413.757672 2226.35070  96.4%     -    0s
H    0     0                    31151.190183 2226.35070  92.9%     -    0s
     0     0 2226.35070    0   18 31151.1902 2226.35070  92.9%     -    0s
H    0     0                    6196.7416853 2226.35070  64.1%     -    0s
     0     0 2226.35070    0   16 6196.74169 2226.35070  64.1%     -    0s
     0     0 2226.35070    0    9 6196.74169 2226.35070  64.1%     -    0s
H    0     0                    5455.6066440 2226.35070  59.2%     -    0s
     0     0 2226.35070    0   10 5455.60664 2226.35070  59.2%     -    0s
H    0     0                    3851.2928389 2226.35070  42.2%     -    0s
     0     0 2226.35070    0   11 3851.29284 2226.35070  42.2%     -    0s
     0     0 2226.35070    0    7 3851.29284 2226.35070  42.2%     -    0s
     0     0 2226.35070    0    7 3851.29284 2226.35070  42.2%     -    0s
     0     2 2226.35070    0    7 3851.29284 2226.35070  42.2%     -    0s
H   42    56                    3641.6235866 2266.61955  37.8%  23.8    0s
H  973   839                    3641.6235863 2670.36788  26.7%  19.4    0s
H 1728  1291                    3604.1585594 2670.36788  25.9%  16.5    0s
H 2033  1374                    3604.1585583 2670.36788  25.9%  16.7    0s
H 2188  1375                    3533.0903317 2670.36788  24.4%  16.4    0s
H 2333  1385                    3533.0903303 2670.36788  24.4%  16.1    0s
H 2660  1284                    3481.8323182 2670.36788  23.3%  17.0    0s
H 2875  1110                    3283.2580558 2670.36788  18.7%  16.9    0s
H 3302  1344                    3282.0125986 2670.36788  18.6%  16.7    0s
H 3430  1245                    3256.6069781 2670.36788  18.0%  16.6    0s
H 3466  1186                    3254.8543177 2670.36788  18.0%  16.5    0s
H 4391  1099                    3225.5797764 2679.25788  16.9%  16.3    0s
H 4394  1093                    3221.7801926 2679.25788  16.8%  16.3    0s
* 4541  1158             113    3221.6650562 2679.25788  16.8%  16.2    0s
H 5730  1811                    3221.3134697 2679.25788  16.8%  15.9    0s
* 8353  2815              97    3213.5825889 2679.25788  16.6%  15.9    1s
* 8355  1556              96    3167.2179803 2679.25788  15.4%  15.9    1s
* 8356  1418              95    3158.0459230 2679.25788  15.2%  15.9    1s
H13167  2439                    3140.8810285 2940.74855  6.37%  14.8    1s
H13170  2205                    3124.6603311 2940.74855  5.89%  14.8    1s
H13183  2195                    3123.8880016 2940.74855  5.86%  14.8    1s
H15775  2448                    3063.1779051 2940.74855  4.00%  15.2    2s
H16261  1675                    3016.4595269 2940.74855  2.51%  15.1    2s
*17141  1665              88    3014.0732671 2940.74855  2.43%  15.4    2s
*17681  1945              84    3010.1818430 2940.74855  2.31%  15.6    2s
*18458  2060             108    3006.1689940 2940.74855  2.18%  15.7    2s
*19402  2231              85    2983.5334438 2940.74855  1.43%  15.9    2s
*19403  2197              85    2981.0456059 2940.74855  1.35%  15.9    2s
*20069  1996              90    2943.2591954 2940.74855  0.09%  16.0    2s
*20070  1918              90    2941.3724069 2940.74855  0.02%  16.0    2s
*20075  1918              92    2941.0745323 2940.74855  0.01%  16.0    2s
*20084  1916              92    2940.7750845 2940.74855  0.00%  16.0    2s

Cutting planes:
  Learned: 3
  Relax-and-lift: 1

Explored 20627 nodes (331275 simplex iterations) in 2.54 seconds (3.95 work units)
Thread count was 8 (of 8 available processors)

Solution count 10: 2940.78 2941.07 2941.37 ... 3016.46

Optimal solution found (tolerance 1.00e-04)
Best objective 2.940775084475e+03, best bound 2.940748551284e+03, gap 0.0009%

User-callback calls 43323, time in user-callback 0.01 sec

Gurobi 12.0.3 (mac64[arm]) logging started Tue Sep 23 19:20:38 2025

Set parameter LogFile to value "Logs/PowerFlow Logs/L50/phase1/scenario_generation.log"
Set parameter LogToConsole to value 0

Gurobi 12.0.3 (mac64[arm]) logging started Tue Sep 23 19:20:38 2025

Set parameter LogFile to value "Logs/PowerFlow Logs/L50/phase1/scenario_generation.log"
Gurobi Optimizer version 12.0.3 build v12.0.3rc0 (mac64[arm] - Darwin 24.6.0 24G222)

CPU model: Apple M3
Thread count: 8 physical cores, 8 logical processors, using up to 8 threads

Non-default parameters:
TimeLimit  60
LogToConsole  0

Optimize a model with 980 rows, 726 columns and 3212 nonzeros
Model fingerprint: 0xf4fb7121
Variable types: 540 continuous, 186 integer (186 binary)
Coefficient statistics:
  Matrix range     [1e+00, 3e+03]
  Objective range  [6e-02, 1e+04]
  Bounds range     [0e+00, 0e+00]
  RHS range        [6e-02, 3e+03]
Found heuristic solution: objective 440648.51909
Found heuristic solution: objective 440648.51744
Presolve removed 181 rows and 40 columns
Presolve time: 0.01s
Presolved: 799 rows, 686 columns, 2644 nonzeros
Found heuristic solution: objective 421769.19281
Variable types: 513 continuous, 173 integer (173 binary)

Root relaxation: objective 2.358794e+03, 966 iterations, 0.01 seconds (0.01 work units)

    Nodes    |    Current Node    |     Objective Bounds      |     Work
 Expl Unexpl |  Obj  Depth IntInf | Incumbent    BestBd   Gap | It/Node Time

     0     0 2358.79384    0   19 421769.193 2358.79384  99.4%     -    0s
H    0     0                    88533.221213 2358.79384  97.3%     -    0s
H    0     0                    53718.849697 2358.79384  95.6%     -    0s
     0     0 2358.79384    0   18 53718.8497 2358.79384  95.6%     -    0s
H    0     0                    16816.565721 2358.79384  86.0%     -    0s
     0     0 2358.79384    0   18 16816.5657 2358.79384  86.0%     -    0s
     0     0 2358.79384    0    9 16816.5657 2358.79384  86.0%     -    0s
H    0     0                    13897.164146 2358.79384  83.0%     -    0s
     0     0 2358.79384    0   10 13897.1641 2358.79384  83.0%     -    0s
     0     0 2358.79384    0    7 13897.1641 2358.79384  83.0%     -    0s
H    0     0                    8271.6672213 2358.79384  71.5%     -    0s
     0     0 2358.79384    0    7 8271.66722 2358.79384  71.5%     -    0s
     0     2 2358.79384    0    7 8271.66722 2358.79384  71.5%     -    0s
H   42    56                    3955.6450079 2371.15763  40.1%  13.8    0s
H  162   145                    3946.9920929 2374.91948  39.8%  16.3    0s
H  477   441                    3911.9681208 2374.91948  39.3%  15.7    0s
H  499   441                    3855.7521538 2374.91948  38.4%  16.0    0s
H  535   516                    3855.7521534 2374.91948  38.4%  16.3    0s
H  542   516                    3855.7521527 2374.91948  38.4%  16.6    0s
H  681   650                    3787.7723156 2374.91948  37.3%  18.8    0s
H  703   618                    3676.5590714 2374.91948  35.4%  18.7    0s
H 1053   906                    3676.5590707 2374.91948  35.4%  18.8    0s
H 1359  1259                    3676.5590703 2374.91948  35.4%  17.1    0s
H 1736  1455                    3650.5016810 2384.50223  34.7%  15.4    0s
H 1736  1447                    3631.0637400 2384.50223  34.3%  15.4    0s
H 1768  1422                    3631.0637395 2384.50223  34.3%  16.0    0s
H 1878  1387                    3631.0637390 2384.50223  34.3%  15.6    0s
H 2011  1422                    3631.0637384 2384.50223  34.3%  15.2    0s
H 2139  1432                    3631.0637374 2384.50223  34.3%  15.0    0s
H 2178  1360                    3631.0637364 2384.50223  34.3%  14.9    0s
H 2655  1589                    3631.0637324 2384.50223  34.3%  14.7    0s
H 3285  1761                    3631.0637316 2384.50223  34.3%  14.5    0s
H 3360  1644                    3583.5348973 2384.50223  33.5%  14.6    0s
* 3761  1854             144    3558.4814856 2384.50223  33.0%  14.7    0s
* 3763  1808             145    3557.2737263 2384.50223  33.0%  14.7    0s
* 3764  1764             146    3555.8701758 2384.50223  32.9%  14.7    0s
* 4112  1581             157    3545.1887602 2384.50223  32.7%  14.5    0s
* 4206  1421             125    3456.8829160 2384.50223  31.0%  14.5    0s
H 4541  1642                    3456.8829156 2384.50223  31.0%  14.4    0s
H 5657  2415                    3456.8829152 2610.54872  24.5%  14.8    0s
* 5981  2368             110    3446.6582575 2610.54872  24.3%  15.1    1s
* 6113  2048             112    3383.0002432 2610.54872  22.8%  15.2    1s
H 6577  2430                    3383.0002428 2673.48714  21.0%  15.4    1s
* 6671  2403             127    3371.3099808 2673.48714  20.7%  15.4    1s
H 7966  2200                    3296.3341176 2722.51859  17.4%  15.1    1s
*10692  3188             131    3278.0015692 2722.51859  16.9%  14.8    1s
H12031  4028                    3276.2791263 2722.51859  16.9%  15.0    1s
*14848  5271             129    3268.3514422 2722.51859  16.7%  15.3    2s
*14865  5225             137    3267.3067187 2722.51859  16.7%  15.3    2s
*20393  4272             125    3257.1029350 2739.02024  15.9%  14.9    2s
*20394  3629             125    3255.3082106 2739.02024  15.9%  14.9    2s
*24757  5519              98    3250.9667240 2739.02024  15.7%  15.0    2s
*24886  5400             127    3247.6519967 2739.02024  15.7%  15.0    2s
*24973  5360             112    3245.5722804 2739.02024  15.6%  15.0    2s
H26715  6076                    3241.5072989 2739.02024  15.5%  15.1    2s
*27273  5612             117    3224.3142968 2739.02024  15.1%  15.1    2s
*28917  4806             128    3192.7549062 2739.02024  14.2%  15.1    3s
H29246  4711                    3188.9837492 2739.02024  14.1%  15.1    4s
H29246  4644                    3183.4531585 2739.02024  14.0%  15.1    4s
H29262  4421                    3183.4531575 2739.02024  14.0%  15.1    4s
H29263  4200                    3183.4531524 2739.02024  14.0%  15.1    4s
H29263  3990                    3183.4531518 2739.02024  14.0%  15.1    4s
H29604  3703                    3183.4531513 2739.02024  14.0%  15.1    4s
H29607  3512                    3183.4531496 2739.02024  14.0%  15.1    4s
H30880  3308                    3044.2080521 2978.75818  2.15%  15.3    5s
H32063  2750                    3042.9996766 2978.75818  2.11%  15.7    5s
*32607  3018             138    3041.3950792 2978.75818  2.06%  15.9    5s
H32793  2686                    3025.4512471 2978.75818  1.54%  15.9    5s
*33609  2573             133    3005.2248175 2978.75818  0.88%  16.1    5s
*33701  2216             127    2984.9285686 2978.75818  0.21%  16.1    5s
*33705  2071             128    2979.7527273 2978.75818  0.03%  16.1    5s
*34754  1579             133    2978.8901864 2978.75818  0.00%  16.3    5s

Cutting planes:
  Gomory: 16
  Implied bound: 2
  MIR: 4
  Flow cover: 14

Explored 35152 nodes (578602 simplex iterations) in 5.93 seconds (8.75 work units)
Thread count was 8 (of 8 available processors)

Solution count 10: 2978.89 2978.89 2979.75 ... 3183.45

Optimal solution found (tolerance 1.00e-04)
Best objective 2.978890186359e+03, best bound 2.978758177632e+03, gap 0.0044%

User-callback calls 74118, time in user-callback 0.01 sec

Gurobi 12.0.3 (mac64[arm]) logging started Tue Sep 23 19:20:44 2025

Set parameter LogFile to value "Logs/PowerFlow Logs/L50/phase1/scenario_generation.log"
Set parameter LogToConsole to value 0

Gurobi 12.0.3 (mac64[arm]) logging started Tue Sep 23 19:20:44 2025

Set parameter LogFile to value "Logs/PowerFlow Logs/L50/phase1/scenario_generation.log"
Gurobi Optimizer version 12.0.3 build v12.0.3rc0 (mac64[arm] - Darwin 24.6.0 24G222)

CPU model: Apple M3
Thread count: 8 physical cores, 8 logical processors, using up to 8 threads

Non-default parameters:
TimeLimit  60
LogToConsole  0

Optimize a model with 980 rows, 726 columns and 3212 nonzeros
Model fingerprint: 0x64bf83f0
Variable types: 540 continuous, 186 integer (186 binary)
Coefficient statistics:
  Matrix range     [1e+00, 3e+03]
  Objective range  [6e-02, 1e+04]
  Bounds range     [0e+00, 0e+00]
  RHS range        [3e-02, 3e+03]
Found heuristic solution: objective 435947.93739
Found heuristic solution: objective 435947.93567
Presolve removed 181 rows and 40 columns
Presolve time: 0.01s
Presolved: 799 rows, 686 columns, 2644 nonzeros
Found heuristic solution: objective 416087.01876
Variable types: 513 continuous, 173 integer (173 binary)

Root relaxation: objective 2.190276e+03, 1014 iterations, 0.01 seconds (0.01 work units)

    Nodes    |    Current Node    |     Objective Bounds      |     Work
 Expl Unexpl |  Obj  Depth IntInf | Incumbent    BestBd   Gap | It/Node Time

     0     0 2190.27571    0   29 416087.019 2190.27571  99.5%     -    0s
H    0     0                    87987.113560 2190.27571  97.5%     -    0s
H    0     0                    82706.925203 2190.27571  97.4%     -    0s
     0     0 2190.27571    0   21 82706.9252 2190.27571  97.4%     -    0s
H    0     0                    20289.110352 2190.27571  89.2%     -    0s
     0     0 2190.27571    0   19 20289.1104 2190.27571  89.2%     -    0s
     0     0 2190.27571    0   16 20289.1104 2190.27571  89.2%     -    0s
H    0     0                    15759.681965 2190.27571  86.1%     -    0s
     0     0 2190.27571    0   16 15759.6820 2190.27571  86.1%     -    0s
     0     0 2190.27571    0   10 15759.6820 2190.27571  86.1%     -    0s
H    0     0                    6350.4211070 2190.27571  65.5%     -    0s
     0     0 2190.27571    0   12 6350.42111 2190.27571  65.5%     -    0s
     0     0 2190.27571    0   12 6350.42111 2190.27571  65.5%     -    0s
     0     0 2190.27571    0   11 6350.42111 2190.27571  65.5%     -    0s
     0     0 2190.27571    0    9 6350.42111 2190.27571  65.5%     -    0s
H    0     0                    3724.4060023 2190.27571  41.2%     -    0s
     0     0 2190.27571    0   11 3724.40600 2190.27571  41.2%     -    0s
     0     0 2190.27571    0   10 3724.40600 2190.27571  41.2%     -    0s
     0     0 2190.27571    0   10 3724.40600 2190.27571  41.2%     -    0s
     0     2 2190.27571    0   10 3724.40600 2190.27571  41.2%     -    0s
H   41    64                    3720.6909236 2190.27571  41.1%  33.9    0s
H   46    64                    3702.7432762 2190.27571  40.8%  31.4    0s
H  278   300                    3702.7432758 2190.27571  40.8%  20.8    0s
H  686   662                    3665.3265497 2190.27571  40.2%  18.2    0s
H 1037   542                    3235.7282813 2190.27571  32.3%  16.6    0s
H 1184   527                    3106.2878831 2190.27571  29.5%  16.3    0s
H 1230   464                    3026.2085307 2190.27571  27.6%  16.2    0s
H 1459   423                    2953.7967417 2190.27571  25.8%  16.5    0s
* 2394   609              89    2953.1616186 2547.74698  13.7%  15.8    0s
H 3026   747                    2950.9656679 2547.74698  13.7%  15.8    0s
H 3026   729                    2943.4899982 2547.74698  13.4%  15.8    0s
H 3026   663                    2926.0742042 2547.74698  12.9%  15.8    0s
H 3026   659                    2918.8845372 2547.74698  12.7%  15.8    0s
H 3026   655                    2912.9999892 2547.74698  12.5%  15.8    0s
H 3344   663                    2912.9999886 2547.74698  12.5%  16.2    0s
* 4439  1115             141    2912.9924765 2787.76649  4.30%  15.9    0s
* 4446  1083             144    2912.9871325 2787.76649  4.30%  15.8    0s
* 4453  1053             143    2912.9816700 2787.76649  4.30%  15.8    0s
H 4935   969                    2857.5387982 2787.76649  2.44%  15.9    1s
H 5259   812                    2847.3789620 2787.76649  2.09%  15.9    1s
* 5791   953             130    2847.1266010 2787.76649  2.08%  15.9    1s
* 5795   953             133    2847.0716415 2787.76649  2.08%  15.9    1s
* 5796   953             133    2847.0583708 2787.76649  2.08%  15.9    1s
H 6397  1145                    2847.0583703 2787.76649  2.08%  16.1    1s
H 7006  1221                    2847.0583699 2787.76649  2.08%  16.3    1s
* 7688  1282             100    2817.2895692 2787.76649  1.05%  16.3    1s
H 8085   914                    2810.6709600 2787.76649  0.81%  16.2    1s
H 8382   977                    2804.1989111 2787.76649  0.59%  16.2    1s
H 8800  1124                    2804.1989108 2787.76649  0.59%  16.2    1s
H 9908  1232                    2798.1503466 2787.76649  0.37%  17.1    1s
*15354  2496             109    2798.0775323 2787.76649  0.37%  19.7    2s
*15355  2496             109    2798.0736777 2787.76649  0.37%  19.7    2s
*16753  2792             111    2797.8684821 2787.76649  0.36%  20.1    2s
*16754  2333             111    2797.8440979 2787.76649  0.36%  20.1    2s
*16755  2333             110    2797.7955410 2787.76649  0.36%  20.1    2s
H17290  2414                    2797.7955402 2787.76649  0.36%  20.4    3s
*19219  2977             102    2797.7909104 2787.76649  0.36%  20.9    3s
*19225  2954             103    2797.1489345 2787.76649  0.34%  20.9    3s
H26611  1651                    2788.9966070 2787.76649  0.04%  22.0    4s
H26828  1601                    2787.7698171 2787.76649  0.00%  22.0    4s

Cutting planes:
  Gomory: 3
  MIR: 4

Explored 27022 nodes (596430 simplex iterations) in 4.68 seconds (7.18 work units)
Thread count was 8 (of 8 available processors)

Solution count 10: 2787.77 2789 2797.15 ... 2798.08

Optimal solution found (tolerance 1.00e-04)
Best objective 2.787769817074e+03, best bound 2.787766492239e+03, gap 0.0001%

User-callback calls 57635, time in user-callback 0.01 sec

Gurobi 12.0.3 (mac64[arm]) logging started Tue Sep 23 19:20:49 2025

Set parameter LogFile to value "Logs/PowerFlow Logs/L50/phase1/scenario_generation.log"
Set parameter LogToConsole to value 0

Gurobi 12.0.3 (mac64[arm]) logging started Tue Sep 23 19:20:49 2025

Set parameter LogFile to value "Logs/PowerFlow Logs/L50/phase1/scenario_generation.log"
Gurobi Optimizer version 12.0.3 build v12.0.3rc0 (mac64[arm] - Darwin 24.6.0 24G222)

CPU model: Apple M3
Thread count: 8 physical cores, 8 logical processors, using up to 8 threads

Non-default parameters:
TimeLimit  60
LogToConsole  0

Optimize a model with 980 rows, 726 columns and 3212 nonzeros
Model fingerprint: 0xb8427bea
Variable types: 540 continuous, 186 integer (186 binary)
Coefficient statistics:
  Matrix range     [1e+00, 3e+03]
  Objective range  [6e-02, 1e+04]
  Bounds range     [0e+00, 0e+00]
  RHS range        [6e-02, 3e+03]
Found heuristic solution: objective 435666.88474
Found heuristic solution: objective 435666.88323
Presolve removed 181 rows and 40 columns
Presolve time: 0.01s
Presolved: 799 rows, 686 columns, 2644 nonzeros
Found heuristic solution: objective 416114.84952
Variable types: 513 continuous, 173 integer (173 binary)

Root relaxation: objective 2.213562e+03, 1011 iterations, 0.01 seconds (0.01 work units)

    Nodes    |    Current Node    |     Objective Bounds      |     Work
 Expl Unexpl |  Obj  Depth IntInf | Incumbent    BestBd   Gap | It/Node Time

     0     0 2213.56229    0   17 416114.850 2213.56229  99.5%     -    0s
H    0     0                    39675.944891 2213.56229  94.4%     -    0s
H    0     0                    27536.886584 2213.56229  92.0%     -    0s
     0     0 2215.36069    0   15 27536.8866 2215.36069  92.0%     -    0s
H    0     0                    27440.738255 2232.13397  91.9%     -    0s
     0     0 2232.13397    0   15 27440.7383 2232.13397  91.9%     -    0s
H    0     0                    27117.502681 2232.22124  91.8%     -    0s
     0     0 2232.22124    0   20 27117.5027 2232.22124  91.8%     -    0s
H    0     0                    9881.1003904 2234.50226  77.4%     -    0s
     0     0 2238.74412    0   17 9881.10039 2238.74412  77.3%     -    0s
     0     0 2248.32589    0   13 9881.10039 2248.32589  77.2%     -    0s
     0     0 2248.32589    0   13 9881.10039 2248.32589  77.2%     -    0s
     0     0 2248.32589    0   11 9881.10039 2248.32589  77.2%     -    0s
     0     2 2248.32589    0   11 9881.10039 2248.32589  77.2%     -    0s
H   56    64                    9881.1003879 2252.18892  77.2%  15.8    0s
H  294   315                    5119.0529510 2252.18892  56.0%  16.0    0s
H  464   509                    5119.0529492 2252.18892  56.0%  17.5    0s
H  528   509                    5112.3015317 2252.18892  55.9%  17.8    0s
H  583   512                    5105.9663381 2252.18892  55.9%  18.0    0s
H  589   512                    4203.0944837 2252.18892  46.4%  18.1    0s
H  709   516                    3590.6686088 2252.18892  37.3%  17.8    0s
* 1523   935              89    3509.7245410 2533.39084  27.8%  15.4    0s
H 1746  1037                    3449.1050031 2533.39084  26.5%  15.1    0s
H 1746   710                    3199.8738501 2533.39084  20.8%  15.1    0s
H 1746   676                    3130.0602595 2533.39084  19.1%  15.1    0s
H 1746   623                    3107.1048296 2533.39084  18.5%  15.1    0s
H 2135   772                    3107.1048288 2533.39084  18.5%  15.0    0s
H 2605   834                    3107.1048284 2533.39084  18.5%  14.9    0s
H 3292  1147                    3107.1048279 2533.39084  18.5%  15.4    0s
H 3320  1132                    3107.1048270 2533.39084  18.5%  15.4    0s
H 4442   447                    2996.8642510 2533.39084  15.5%  15.3    0s
H 4472   400                    2996.8642505 2533.39084  15.5%  15.3    0s
H 4541   400                    2996.1442510 2533.39084  15.4%  15.2    0s
* 6520   549             141    2937.8613296 2748.42852  6.45%  15.4    1s
H 7675   604                    2824.9233272 2748.42852  2.71%  15.4    1s
H 7682   604                    2824.0584286 2748.42852  2.68%  15.4    1s
H10440  2283                    2824.0584283 2818.07233  0.21%  18.4    1s
*11033  2482             109    2820.3357151 2818.07233  0.08%  18.8    1s
*11035  2482             109    2820.3305219 2818.07233  0.08%  18.8    1s
*11465  2550             107    2820.2855895 2818.07233  0.08%  19.4    1s
*11608  2630             101    2820.2534018 2818.07233  0.08%  19.6    1s
H19990  3595                    2819.8980887 2818.07233  0.06%  32.7    4s
H21313  3573                    2818.3263404 2818.07233  0.01%  33.5    4s
H21393  3558                    2818.0878957 2818.07233  0.00%  33.5    4s

Cutting planes:
  Gomory: 2
  MIR: 6

Explored 21979 nodes (744355 simplex iterations) in 4.48 seconds (7.39 work units)
Thread count was 8 (of 8 available processors)

Solution count 10: 2818.09 2818.33 2819.9 ... 2937.86

Optimal solution found (tolerance 1.00e-04)
Best objective 2.818087895709e+03, best bound 2.818072334950e+03, gap 0.0006%

User-callback calls 46787, time in user-callback 0.01 sec

Gurobi 12.0.3 (mac64[arm]) logging started Tue Sep 23 19:20:54 2025

Set parameter LogFile to value "Logs/PowerFlow Logs/L50/phase1/scenario_generation.log"
Set parameter LogToConsole to value 0

Gurobi 12.0.3 (mac64[arm]) logging started Tue Sep 23 19:20:54 2025

Set parameter LogFile to value "Logs/PowerFlow Logs/L50/phase1/scenario_generation.log"
Gurobi Optimizer version 12.0.3 build v12.0.3rc0 (mac64[arm] - Darwin 24.6.0 24G222)

CPU model: Apple M3
Thread count: 8 physical cores, 8 logical processors, using up to 8 threads

Non-default parameters:
TimeLimit  60
LogToConsole  0

Optimize a model with 980 rows, 726 columns and 3212 nonzeros
Model fingerprint: 0x1ed52d0b
Variable types: 540 continuous, 186 integer (186 binary)
Coefficient statistics:
  Matrix range     [1e+00, 3e+03]
  Objective range  [6e-02, 1e+04]
  Bounds range     [0e+00, 0e+00]
  RHS range        [6e-02, 3e+03]
Found heuristic solution: objective 439519.83250
Found heuristic solution: objective 439519.83074
Presolve removed 181 rows and 40 columns
Presolve time: 0.01s
Presolved: 799 rows, 686 columns, 2644 nonzeros
Found heuristic solution: objective 419245.15114
Variable types: 513 continuous, 173 integer (173 binary)

Root relaxation: objective 2.236953e+03, 1144 iterations, 0.01 seconds (0.02 work units)

    Nodes    |    Current Node    |     Objective Bounds      |     Work
 Expl Unexpl |  Obj  Depth IntInf | Incumbent    BestBd   Gap | It/Node Time

     0     0 2236.95300    0   23 419245.151 2236.95300  99.5%     -    0s
H    0     0                    55333.308211 2236.95300  96.0%     -    0s
H    0     0                    38212.229981 2236.95300  94.1%     -    0s
     0     0 2236.95300    0   21 38212.2300 2236.95300  94.1%     -    0s
H    0     0                    4711.0363864 2236.95300  52.5%     -    0s
     0     0 2238.36312    0   22 4711.03639 2238.36312  52.5%     -    0s
     0     0 2238.36312    0   22 4711.03639 2238.36312  52.5%     -    0s
     0     0 2239.29032    0   18 4711.03639 2239.29032  52.5%     -    0s
     0     0 2239.92184    0   18 4711.03639 2239.92184  52.5%     -    0s
     0     0 2239.92184    0   22 4711.03639 2239.92184  52.5%     -    0s
     0     0 2239.92184    0   22 4711.03639 2239.92184  52.5%     -    0s
     0     0 2239.92184    0   22 4711.03639 2239.92184  52.5%     -    0s
     0     0 2239.92184    0   22 4711.03639 2239.92184  52.5%     -    0s
     0     0 2239.92184    0   21 4711.03639 2239.92184  52.5%     -    0s
     0     0 2239.92184    0   21 4711.03639 2239.92184  52.5%     -    0s
     0     0 2239.92184    0   17 4711.03639 2239.92184  52.5%     -    0s
     0     2 2239.92184    0   17 4711.03639 2239.92184  52.5%     -    0s
H   31    58                    4711.0363856 2292.40060  51.3%  18.5    0s
H 1102  1006                    4636.7495396 2494.17295  46.2%  18.1    0s
H 1159   998                    4472.9165598 2494.17295  44.2%  18.5    0s
H 1664  1348                    4472.9165583 2494.17295  44.2%  19.8    0s
H 1745  1308                    4472.9165572 2494.17295  44.2%  19.5    0s
H 2135  1437                    4472.9165549 2494.17295  44.2%  18.4    0s
H 2170  1367                    4455.6684528 2494.17295  44.0%  18.4    0s
H 2848  1688                    4455.6684464 2494.17295  44.0%  17.7    0s
H 3231  1755                    4255.1000917 2494.17295  41.4%  17.0    0s
H 3706  1739                    3984.8804988 2494.17295  37.4%  16.9    0s
* 4339  1686             152    3760.6639055 2494.17295  33.7%  16.1    0s
* 4340  1686             153    3760.6161433 2494.17295  33.7%  16.1    0s
H 5399   471                    3445.3366028 2842.96582  17.5%  15.5    0s
* 5415   467             154    3410.4911988 2842.96582  16.6%  15.5    1s
* 5416   467             154    3410.4840499 2842.96582  16.6%  15.5    1s
* 5417   467             153    3410.4656607 2842.96582  16.6%  15.5    1s
* 5419   467             151    3410.4515205 2842.96582  16.6%  15.5    1s
H 6571   935                    3410.4515200 3056.69264  10.4%  14.8    1s
H 8516  1819                    3410.4515183 3233.00640  5.20%  14.8    1s
H 9849  1969                    3368.1416052 3233.00640  4.01%  14.8    1s
H 9858  1889                    3318.6900165 3233.00640  2.58%  14.8    1s
H10011  1958                    3318.6900128 3233.00640  2.58%  14.9    1s
*14754  3187              87    3274.0382080 3233.00640  1.25%  16.4    2s
*15052  2793             115    3247.4243345 3233.00640  0.44%  16.3    2s
*15459  2685             111    3242.6805738 3233.00640  0.30%  16.4    2s
*15461  2685             110    3242.6445657 3233.00640  0.30%  16.4    2s
*15462  2679             109    3241.9754441 3233.00640  0.28%  16.4    2s
*15515  2557             119    3234.3883289 3233.00640  0.04%  16.4    2s
H15955  3050                    3233.5572693 3233.00640  0.02%  16.9    2s
H16088  3043                    3233.0132968 3233.00640  0.00%  17.0    2s
H16091  3043                    3233.0126221 3233.00640  0.00%  17.0    2s

Cutting planes:
  Gomory: 3
  MIR: 3

Explored 16317 nodes (283187 simplex iterations) in 2.44 seconds (3.81 work units)
Thread count was 8 (of 8 available processors)

Solution count 10: 3233.01 3233.01 3233.56 ... 3318.69

Optimal solution found (tolerance 1.00e-04)
Best objective 3.233012622056e+03, best bound 3.233006397152e+03, gap 0.0002%

User-callback calls 34567, time in user-callback 0.00 sec

Gurobi 12.0.3 (mac64[arm]) logging started Tue Sep 23 19:20:56 2025

Set parameter LogFile to value "Logs/PowerFlow Logs/L50/phase1/scenario_generation.log"
Set parameter LogToConsole to value 0

Gurobi 12.0.3 (mac64[arm]) logging started Tue Sep 23 19:20:56 2025

Set parameter LogFile to value "Logs/PowerFlow Logs/L50/phase1/scenario_generation.log"
Gurobi Optimizer version 12.0.3 build v12.0.3rc0 (mac64[arm] - Darwin 24.6.0 24G222)

CPU model: Apple M3
Thread count: 8 physical cores, 8 logical processors, using up to 8 threads

Non-default parameters:
TimeLimit  60
LogToConsole  0

Optimize a model with 980 rows, 726 columns and 3212 nonzeros
Model fingerprint: 0x4d7e325a
Variable types: 540 continuous, 186 integer (186 binary)
Coefficient statistics:
  Matrix range     [1e+00, 3e+03]
  Objective range  [6e-02, 1e+04]
  Bounds range     [0e+00, 0e+00]
  RHS range        [5e-02, 3e+03]
Found heuristic solution: objective 438239.80582
Found heuristic solution: objective 438239.80430
Presolve removed 181 rows and 40 columns
Presolve time: 0.01s
Presolved: 799 rows, 686 columns, 2644 nonzeros
Found heuristic solution: objective 417988.11195
Variable types: 513 continuous, 173 integer (173 binary)

Root relaxation: objective 2.233910e+03, 996 iterations, 0.01 seconds (0.01 work units)

    Nodes    |    Current Node    |     Objective Bounds      |     Work
 Expl Unexpl |  Obj  Depth IntInf | Incumbent    BestBd   Gap | It/Node Time

     0     0 2233.90962    0   24 417988.112 2233.90962  99.5%     -    0s
H    0     0                    74992.894554 2233.90962  97.0%     -    0s
H    0     0                    58491.289533 2233.90962  96.2%     -    0s
     0     0 2233.90962    0   20 58491.2895 2233.90962  96.2%     -    0s
H    0     0                    5554.2278561 2233.90962  59.8%     -    0s
H    0     0                    4174.2757267 2282.52993  45.3%     -    0s
     0     0 2287.80166    0   12 4174.27573 2287.80166  45.2%     -    0s
     0     0 2287.80166    0   18 4174.27573 2287.80166  45.2%     -    0s
     0     0 2287.80166    0   18 4174.27573 2287.80166  45.2%     -    0s
     0     0 2288.93054    0   16 4174.27573 2288.93054  45.2%     -    0s
     0     0 2291.64612    0   16 4174.27573 2291.64612  45.1%     -    0s
     0     0 2301.04523    0   16 4174.27573 2301.04523  44.9%     -    0s
     0     0 2301.04523    0   16 4174.27573 2301.04523  44.9%     -    0s
     0     0 2301.04523    0   16 4174.27573 2301.04523  44.9%     -    0s
     0     0 2301.04523    0   16 4174.27573 2301.04523  44.9%     -    0s
     0     0 2301.04523    0   13 4174.27573 2301.04523  44.9%     -    0s
     0     2 2301.04523    0   13 4174.27573 2301.04523  44.9%     -    0s
H  336   346                    3980.1304987 2748.10566  31.0%  13.3    0s
H  728   696                    3980.1304960 2796.32128  29.7%  14.5    0s
* 1277  1103             136    3950.2850878 2796.32128  29.2%  14.0    0s
H 1741  1348                    3950.2850874 2796.32128  29.2%  13.4    0s
H 1788  1320                    3950.2850863 2796.32128  29.2%  14.3    0s
H 1857  1299                    3950.2850846 2796.32128  29.2%  14.1    0s
H 3065  1758                    3905.7212623 2796.32128  28.4%  13.7    0s
H 3876  1823                    3716.1574515 2796.32128  24.8%  13.2    0s
H 3981  1804                    3716.1574511 2796.32128  24.8%  13.2    0s
H 4014  1699                    3680.9041378 2796.32128  24.0%  13.2    0s
* 4384  1690              82    3675.4059704 2796.32128  23.9%  13.2    0s
H 5303  2388                    3675.4059689 2796.32128  23.9%  13.5    0s
H 6718  3294                    3675.3015384 2796.32128  23.9%  13.5    1s
H 7140  3635                    3675.3015378 2796.32128  23.9%  13.4    1s
*10117  1990             123    3673.8669369 2796.32128  23.9%  13.5    1s
H10542  2000                    3673.8669364 2796.32128  23.9%  13.3    1s
*12039  3269             125    3669.2471149 2796.32128  23.8%  12.9    1s
*12128  3195             142    3656.2514163 2796.32128  23.5%  12.9    1s
*13437  3599             151    3637.9894914 2796.32128  23.1%  12.6    1s
*13805  2446             118    3350.8359253 2796.32128  16.5%  12.5    1s
*14545  2751             125    3348.8112695 2796.32128  16.5%  12.4    1s
H16302  1950                    3166.7884858 2796.32128  11.7%  12.3    1s
H16374  1861                    3163.8750881 2796.32128  11.6%  12.3    1s
H17432  2796                    3163.8750878 2796.32128  11.6%  12.2    1s
H25110  5525                    3139.8106095 3117.42948  0.71%  12.2    2s
H34439  7736                    3128.7492463 3117.42948  0.36%  12.6    3s
H34441  7118                    3124.4763658 3117.42948  0.23%  12.6    3s
H34442  5988                    3117.4833507 3117.42948  0.00%  12.6    3s

Cutting planes:
  Implied bound: 2
  MIR: 7
  Relax-and-lift: 1

Explored 34526 nodes (435914 simplex iterations) in 3.11 seconds (4.98 work units)
Thread count was 8 (of 8 available processors)

Solution count 10: 3117.48 3117.48 3124.48 ... 3350.84

Optimal solution found (tolerance 1.00e-04)
Best objective 3.117483350740e+03, best bound 3.117429483231e+03, gap 0.0017%

User-callback calls 71045, time in user-callback 0.01 sec

Gurobi 12.0.3 (mac64[arm]) logging started Tue Sep 23 19:20:59 2025

Set parameter LogFile to value "Logs/PowerFlow Logs/L50/phase1/scenario_generation.log"
Set parameter LogToConsole to value 0

Gurobi 12.0.3 (mac64[arm]) logging started Tue Sep 23 19:20:59 2025

Set parameter LogFile to value "Logs/PowerFlow Logs/L50/phase1/scenario_generation.log"
Gurobi Optimizer version 12.0.3 build v12.0.3rc0 (mac64[arm] - Darwin 24.6.0 24G222)

CPU model: Apple M3
Thread count: 8 physical cores, 8 logical processors, using up to 8 threads

Non-default parameters:
TimeLimit  60
LogToConsole  0

Optimize a model with 980 rows, 726 columns and 3212 nonzeros
Model fingerprint: 0xad6736e9
Variable types: 540 continuous, 186 integer (186 binary)
Coefficient statistics:
  Matrix range     [1e+00, 3e+03]
  Objective range  [6e-02, 1e+04]
  Bounds range     [0e+00, 0e+00]
  RHS range        [6e-02, 3e+03]
Found heuristic solution: objective 440221.68999
Found heuristic solution: objective 440221.68843
Presolve removed 181 rows and 40 columns
Presolve time: 0.01s
Presolved: 799 rows, 686 columns, 2644 nonzeros
Found heuristic solution: objective 421235.86526
Variable types: 513 continuous, 173 integer (173 binary)

Root relaxation: objective 2.281294e+03, 933 iterations, 0.01 seconds (0.01 work units)

    Nodes    |    Current Node    |     Objective Bounds      |     Work
 Expl Unexpl |  Obj  Depth IntInf | Incumbent    BestBd   Gap | It/Node Time

     0     0 2281.29445    0   18 421235.865 2281.29445  99.5%     -    0s
H    0     0                    54755.662608 2281.29445  95.8%     -    0s
H    0     0                    49146.078018 2281.29445  95.4%     -    0s
H    0     0                    29049.826727 2281.29445  92.1%     -    0s
H    0     0                    28906.565562 2281.29445  92.1%     -    0s
     0     0 2281.29445    0   14 28906.5656 2281.29445  92.1%     -    0s
H    0     0                    8140.4716526 2281.29445  72.0%     -    0s
     0     0 2281.29445    0   14 8140.47165 2281.29445  72.0%     -    0s
     0     0 2281.29445    0   13 8140.47165 2281.29445  72.0%     -    0s
     0     0 2281.29445    0   14 8140.47165 2281.29445  72.0%     -    0s
     0     0 2281.29445    0   14 8140.47165 2281.29445  72.0%     -    0s
     0     2 2281.29445    0   14 8140.47165 2281.29445  72.0%     -    0s
H   37    47                    4155.8530102 2281.29445  45.1%  25.2    0s
H  133   101                    4155.8530084 2351.73308  43.4%  22.7    0s
H  203   181                    3799.0634288 2351.73308  38.1%  19.7    0s
H  423   401                    3799.0634277 2351.73308  38.1%  20.1    0s
* 1365  1171              85    3705.5633917 2613.49506  29.5%  15.6    0s
* 1367  1163              85    3697.3894876 2613.49506  29.3%  15.6    0s
H 1642  1347                    3695.7475933 2613.49506  29.3%  15.1    0s
H 1642  1341                    3693.9356498 2613.49506  29.2%  15.1    0s
H 1642  1322                    3686.8315870 2613.49506  29.1%  15.1    0s
H 2825  1820                    3680.2010402 2749.02733  25.3%  14.3    0s
H 3897  2014                    3666.8563180 2749.02733  25.0%  13.2    0s
H 4088  2032                    3666.8563173 2749.02733  25.0%  13.2    0s
* 4992  1949             158    3564.1414276 2749.02733  22.9%  12.7    0s
* 5184  1335             158    3492.8361005 2749.02733  21.3%  12.5    0s
* 5187  1330             158    3476.0324277 2749.02733  20.9%  12.5    0s
H 5355  1313                    3476.0324273 2749.02733  20.9%  12.3    0s
* 6247  1396             134    3339.8647563 2749.02733  17.7%  12.2    1s
* 7406  2013             134    3334.0746133 2749.02733  17.5%  12.3    1s
H 7599  2041                    3334.0746125 2749.02733  17.5%  12.3    1s
H 8365  1678                    3225.4024544 2749.02733  14.8%  12.7    1s
H10183  2808                    3225.4024535 2749.02733  14.8%  13.0    1s
H10256  2868                    3217.8970862 2749.02733  14.6%  13.0    1s
*16124  5751             119    3214.9359862 3080.46536  4.18%  14.4    2s
*16908  5997              70    3214.1861271 3080.46536  4.16%  14.7    2s
*25290  9671             144    3210.9567530 3080.46536  4.06%  17.0    3s
*26202  8506             128    3169.2219275 3080.46536  2.80%  17.1    3s
*26212  8502             127    3169.1885318 3080.46536  2.80%  17.1    3s
H27467  6367                    3081.9980165 3080.46536  0.05%  17.3    3s
H28290  6927                    3081.9980161 3080.46536  0.05%  17.7    3s
*29012  7180             137    3081.0404634 3080.46536  0.02%  18.0    3s
 29792  7669     cutoff   83      3081.04046 3080.46536  0.02%  18.4    5s
H32785  8459                    3080.6642161 3080.46536  0.01%  19.5    5s

Cutting planes:
  Gomory: 4
  Implied bound: 2
  MIR: 2
  Flow cover: 6

Explored 32815 nodes (643113 simplex iterations) in 5.59 seconds (8.54 work units)
Thread count was 8 (of 8 available processors)

Solution count 10: 3080.66 3080.66 3081.04 ... 3217.9

Optimal solution found (tolerance 1.00e-04)
Best objective 3.080664216130e+03, best bound 3.080465364919e+03, gap 0.0065%

User-callback calls 69405, time in user-callback 0.01 sec

Gurobi 12.0.3 (mac64[arm]) logging started Tue Sep 23 19:21:05 2025

Set parameter LogFile to value "Logs/PowerFlow Logs/L50/phase1/scenario_generation.log"
Set parameter LogToConsole to value 0

Gurobi 12.0.3 (mac64[arm]) logging started Tue Sep 23 19:21:05 2025

Set parameter LogFile to value "Logs/PowerFlow Logs/L50/phase1/scenario_generation.log"
Gurobi Optimizer version 12.0.3 build v12.0.3rc0 (mac64[arm] - Darwin 24.6.0 24G222)

CPU model: Apple M3
Thread count: 8 physical cores, 8 logical processors, using up to 8 threads

Non-default parameters:
TimeLimit  60
LogToConsole  0

Optimize a model with 980 rows, 726 columns and 3212 nonzeros
Model fingerprint: 0x792d5064
Variable types: 540 continuous, 186 integer (186 binary)
Coefficient statistics:
  Matrix range     [1e+00, 3e+03]
  Objective range  [6e-02, 1e+04]
  Bounds range     [0e+00, 0e+00]
  RHS range        [5e-02, 3e+03]
Found heuristic solution: objective 436407.31022
Found heuristic solution: objective 436407.30834
Presolve removed 181 rows and 40 columns
Presolve time: 0.01s
Presolved: 799 rows, 686 columns, 2644 nonzeros
Found heuristic solution: objective 417046.88002
Variable types: 513 continuous, 173 integer (173 binary)

Root relaxation: objective 2.186767e+03, 925 iterations, 0.01 seconds (0.01 work units)

    Nodes    |    Current Node    |     Objective Bounds      |     Work
 Expl Unexpl |  Obj  Depth IntInf | Incumbent    BestBd   Gap | It/Node Time

     0     0 2186.76725    0   25 417046.880 2186.76725  99.5%     -    0s
H    0     0                    63650.789418 2186.76725  96.6%     -    0s
H    0     0                    48659.143761 2186.76725  95.5%     -    0s
     0     0 2188.41443    0   24 48659.1438 2188.41443  95.5%     -    0s
H    0     0                    29191.435874 2189.36704  92.5%     -    0s
     0     0 2189.36704    0   23 29191.4359 2189.36704  92.5%     -    0s
     0     0 2189.84373    0   25 29191.4359 2189.84373  92.5%     -    0s
H    0     0                    21137.006149 2189.91400  89.6%     -    0s
     0     0 2203.53459    0   25 21137.0061 2203.53459  89.6%     -    0s
     0     0 2212.12099    0   23 21137.0061 2212.12099  89.5%     -    0s
     0     0 2212.12364    0   22 21137.0061 2212.12364  89.5%     -    0s
     0     0 2212.12955    0   21 21137.0061 2212.12955  89.5%     -    0s
H    0     0                    21095.791400 2212.12955  89.5%     -    0s
     0     0 2212.12958    0   22 21095.7914 2212.12958  89.5%     -    0s
     0     0 2212.13450    0   22 21095.7914 2212.13450  89.5%     -    0s
     0     0 2212.13450    0   16 21095.7914 2212.13450  89.5%     -    0s
H    0     0                    15551.839187 2212.13450  85.8%     -    0s
     0     2 2212.13450    0   16 15551.8392 2212.13450  85.8%     -    0s
H   37    60                    14836.835478 2247.44728  84.9%  23.5    0s
H  128   140                    14097.124927 2247.44728  84.1%  17.6    0s
H  388   394                    14055.205132 2247.44728  84.0%  19.4    0s
H  517   526                    8791.8581650 2273.89973  74.1%  20.1    0s
H  644   598                    7273.1478591 2273.89973  68.7%  19.5    0s
* 1366  1157             143    6973.1711990 2724.91533  60.9%  18.9    0s
H 1679  1083                    5256.3586520 2724.91533  48.2%  18.1    0s
H 1679  1083                    5219.1914821 2724.91533  47.8%  18.1    0s
H 1679  1069                    5138.9760506 2724.91533  47.0%  18.1    0s
H 1679  1068                    5107.5714575 2724.91533  46.6%  18.1    0s
H 1682  1002                    5107.5714568 2724.91533  46.6%  18.1    0s
H 2051  1095                    5107.5714562 2724.91533  46.6%  17.8    0s
H 2313  1207                    5107.5714539 2724.91533  46.6%  17.2    0s
H 2825  1044                    3669.8851960 2739.00323  25.4%  16.5    0s
H 3255   992                    3648.2390071 2751.65374  24.6%  15.9    0s
H 3633  1108                    3648.2390065 2751.65374  24.6%  15.4    0s
H 4784  1707                    3642.7911548 2751.65374  24.5%  14.6    0s
H 5034  1563                    3561.1488896 2751.65374  22.7%  14.4    0s
H 5348  1684                    3538.1379156 2751.65374  22.2%  14.3    0s
H 5401  1656                    3530.3689949 2751.65374  22.1%  14.3    0s
* 7340  2530             127    3480.2114345 2921.89643  16.0%  14.2    1s
* 7345  2410             128    3466.5428200 2921.89643  15.7%  14.2    1s
* 7552  2399             141    3462.8467710 2921.89643  15.6%  14.1    1s
* 8056  2689             122    3447.9061863 3001.28684  13.0%  14.0    1s
* 8470  2840             104    3440.9181689 3001.28684  12.8%  14.0    1s
* 9541  3156             108    3436.8163018 3001.28684  12.7%  13.9    1s
* 9548  3123             111    3431.6971759 3001.28684  12.5%  13.9    1s
H10722  3067                    3392.0408209 3001.28684  11.5%  14.0    1s
H10723  2323                    3343.2598290 3001.28684  10.2%  14.0    1s
H10724  2318                    3340.9669923 3001.28684  10.2%  14.0    1s
H10727  1118                    3171.6571828 3001.28684  5.37%  14.0    1s
*11106  1303             110    3170.5855332 3001.28684  5.34%  14.2    1s
H11240  1285                    3163.0518174 3001.28684  5.11%  14.4    1s
*11577  1339             127    3161.0859311 3001.28684  5.06%  14.5    1s
*11582  1335             126    3158.6728733 3001.28684  4.98%  14.5    1s
*12004  1503             113    3157.8075494 3001.28684  4.96%  14.7    1s
H13621  1941                    3145.8988778 3030.19367  3.68%  15.5    1s
*19441  2231             133    3069.0921266 3030.19367  1.27%  16.9    2s
*19442  2231             134    3068.9064779 3030.19367  1.26%  16.9    2s
H20350  1848                    3051.3183640 3030.19367  0.69%  17.2    2s
H20356  1847                    3050.7355712 3030.19367  0.67%  17.2    2s
H21484  1900                    3038.0381874 3030.19367  0.26%  17.8    2s
*22339  1984             135    3037.8618950 3030.19367  0.25%  18.1    3s
*24236  2534             123    3032.8332202 3030.19367  0.09%  19.5    3s
*24238  2534             123    3032.7883610 3030.19367  0.09%  19.5    3s
*24241  2534             122    3032.7319051 3030.19367  0.08%  19.5    3s
H27586  3168                    3030.8187945 3030.19367  0.02%  21.2    4s
H29409  2954                    3030.6633940 3030.19367  0.02%  23.1    4s
H29484  2942                    3030.3861158 3030.19367  0.01%  23.2    4s
H29524  2941                    3030.2294551 3030.19367  0.00%  23.3    4s
H29591  2941                    3030.2079511 3030.19367  0.00%  23.3    4s

Cutting planes:
  MIR: 6

Explored 29786 nodes (702579 simplex iterations) in 4.49 seconds (7.51 work units)
Thread count was 8 (of 8 available processors)

Solution count 10: 3030.21 3030.23 3030.39 ... 3038.04

Optimal solution found (tolerance 1.00e-04)
Best objective 3.030207951108e+03, best bound 3.030193669675e+03, gap 0.0005%

User-callback calls 62628, time in user-callback 0.01 sec

Gurobi 12.0.3 (mac64[arm]) logging started Tue Sep 23 19:21:09 2025

Set parameter LogFile to value "Logs/PowerFlow Logs/L50/phase1/scenario_generation.log"
Set parameter LogToConsole to value 0

Gurobi 12.0.3 (mac64[arm]) logging started Tue Sep 23 19:21:09 2025

Set parameter LogFile to value "Logs/PowerFlow Logs/L50/phase1/scenario_generation.log"
Gurobi Optimizer version 12.0.3 build v12.0.3rc0 (mac64[arm] - Darwin 24.6.0 24G222)

CPU model: Apple M3
Thread count: 8 physical cores, 8 logical processors, using up to 8 threads

Non-default parameters:
TimeLimit  60
LogToConsole  0

Optimize a model with 980 rows, 726 columns and 3212 nonzeros
Model fingerprint: 0xdb079678
Variable types: 540 continuous, 186 integer (186 binary)
Coefficient statistics:
  Matrix range     [1e+00, 3e+03]
  Objective range  [6e-02, 1e+04]
  Bounds range     [0e+00, 0e+00]
  RHS range        [6e-02, 3e+03]
Found heuristic solution: objective 440915.69823
Found heuristic solution: objective 440915.69643
Presolve removed 181 rows and 40 columns
Presolve time: 0.01s
Presolved: 799 rows, 686 columns, 2644 nonzeros
Found heuristic solution: objective 419442.15302
Variable types: 513 continuous, 173 integer (173 binary)

Root relaxation: objective 2.286822e+03, 1045 iterations, 0.01 seconds (0.01 work units)

    Nodes    |    Current Node    |     Objective Bounds      |     Work
 Expl Unexpl |  Obj  Depth IntInf | Incumbent    BestBd   Gap | It/Node Time

     0     0 2286.82233    0   19 419442.153 2286.82233  99.5%     -    0s
H    0     0                    46063.622286 2286.82233  95.0%     -    0s
H    0     0                    30116.154350 2286.82233  92.4%     -    0s
     0     0 2286.82233    0   15 30116.1544 2286.82233  92.4%     -    0s
H    0     0                    5912.7801196 2286.82233  61.3%     -    0s
     0     0 2286.82233    0    9 5912.78012 2286.82233  61.3%     -    0s
H    0     0                    3723.6249644 2286.82233  38.6%     -    0s
     0     0 2286.82233    0    9 3723.62496 2286.82233  38.6%     -    0s
     0     0 2286.82233    0    9 3723.62496 2286.82233  38.6%     -    0s
     0     0 2286.82233    0    9 3723.62496 2286.82233  38.6%     -    0s
     0     0 2286.82233    0    9 3723.62496 2286.82233  38.6%     -    0s
     0     2 2286.82233    0    9 3723.62496 2286.82233  38.6%     -    0s
H 1976  1532                    3723.6249638 2568.07331  31.0%  16.1    0s
H 2592  1867                    3723.6249633 2568.07331  31.0%  15.5    0s
H 2906  1764                    3408.1584793 2568.07331  24.6%  15.4    0s
H 3289  1520                    3098.0480091 2568.07331  17.1%  15.5    0s
H 3625  1384                    3098.0480077 2568.07331  17.1%  14.9    0s
H 3661  1234                    3031.7861211 2568.07331  15.3%  14.9    0s
H 4680  1290                    3031.7861183 2568.07331  15.3%  14.7    0s
H 5333   446                    2924.5625870 2568.07331  12.2%  15.0    0s
H 5334   446                    2888.2058486 2568.07331  11.1%  15.0    0s
H 5810   597                    2888.2058483 2568.07331  11.1%  14.9    0s
H 6837  1176                    2884.6192294 2568.07331  11.0%  15.3    1s
H 7322  1435                    2872.8221494 2568.07331  10.6%  15.3    1s
* 7346  1435             126    2871.8771768 2568.07331  10.6%  15.3    1s
* 7409  1411              98    2864.1458890 2568.07331  10.3%  15.3    1s
* 7411  1349              97    2862.3445500 2568.07331  10.3%  15.3    1s
* 8279  1491             109    2849.4039288 2569.90026  9.81%  15.6    1s
* 8280  1491             109    2849.3116487 2569.90026  9.81%  15.6    1s
* 8282  1491             107    2849.2477427 2569.90026  9.80%  15.6    1s
* 8284  1458             107    2846.8596951 2569.90026  9.73%  15.6    1s
* 9077  1730             127    2844.8942373 2569.90026  9.67%  16.0    1s
H10628  1984                    2844.7379217 2814.97220  1.05%  16.3    1s

Cutting planes:
  Gomory: 1
  MIR: 2

Explored 10936 nodes (181620 simplex iterations) in 1.59 seconds (2.39 work units)
Thread count was 8 (of 8 available processors)

Solution count 10: 2844.74 2844.89 2846.86 ... 2872.82

Optimal solution found (tolerance 1.00e-04)
Best objective 2.844737921717e+03, best bound 2.844496212412e+03, gap 0.0085%

User-callback calls 23395, time in user-callback 0.00 sec

Gurobi 12.0.3 (mac64[arm]) logging started Tue Sep 23 19:21:11 2025

Set parameter LogFile to value "Logs/PowerFlow Logs/L50/phase1/scenario_generation.log"
Set parameter LogToConsole to value 0

Gurobi 12.0.3 (mac64[arm]) logging started Tue Sep 23 19:21:11 2025

Set parameter LogFile to value "Logs/PowerFlow Logs/L50/phase1/scenario_generation.log"
Gurobi Optimizer version 12.0.3 build v12.0.3rc0 (mac64[arm] - Darwin 24.6.0 24G222)

CPU model: Apple M3
Thread count: 8 physical cores, 8 logical processors, using up to 8 threads

Non-default parameters:
TimeLimit  60
LogToConsole  0

Optimize a model with 980 rows, 726 columns and 3212 nonzeros
Model fingerprint: 0xe0922cd3
Variable types: 540 continuous, 186 integer (186 binary)
Coefficient statistics:
  Matrix range     [1e+00, 3e+03]
  Objective range  [6e-02, 1e+04]
  Bounds range     [0e+00, 0e+00]
  RHS range        [6e-02, 3e+03]
Found heuristic solution: objective 441060.05327
Found heuristic solution: objective 441060.05191
Presolve removed 181 rows and 40 columns
Presolve time: 0.01s
Presolved: 799 rows, 686 columns, 2644 nonzeros
Found heuristic solution: objective 421373.93023
Variable types: 513 continuous, 173 integer (173 binary)

Root relaxation: objective 2.280988e+03, 908 iterations, 0.01 seconds (0.01 work units)

    Nodes    |    Current Node    |     Objective Bounds      |     Work
 Expl Unexpl |  Obj  Depth IntInf | Incumbent    BestBd   Gap | It/Node Time

     0     0 2280.98766    0   19 421373.930 2280.98766  99.5%     -    0s
H    0     0                    43512.779644 2280.98766  94.8%     -    0s
H    0     0                    35771.900952 2280.98766  93.6%     -    0s
     0     0 2280.98766    0   22 35771.9010 2280.98766  93.6%     -    0s
H    0     0                    12443.583424 2280.98766  81.7%     -    0s
     0     0 2280.98766    0   19 12443.5834 2280.98766  81.7%     -    0s
H    0     0                    11287.421686 2280.98766  79.8%     -    0s
     0     0 2280.98766    0   10 11287.4217 2280.98766  79.8%     -    0s
H    0     0                    5861.7782868 2280.98766  61.1%     -    0s
     0     0 2280.98766    0   10 5861.77829 2280.98766  61.1%     -    0s
     0     0 2280.98766    0    8 5861.77829 2280.98766  61.1%     -    0s
     0     0 2280.98766    0    9 5861.77829 2280.98766  61.1%     -    0s
     0     0 2280.98766    0    9 5861.77829 2280.98766  61.1%     -    0s
     0     0 2280.98766    0   11 5861.77829 2280.98766  61.1%     -    0s
     0     0 2280.98766    0   11 5861.77829 2280.98766  61.1%     -    0s
     0     2 2280.98766    0   11 5861.77829 2280.98766  61.1%     -    0s
H   27    52                    4034.8955785 2280.98766  43.5%  23.9    0s
H   62    52                    4027.8956233 2280.98766  43.4%  22.4    0s
H  293   251                    4027.8956210 2280.98766  43.4%  21.3    0s
H 1383  1092                    4025.2374356 2280.98766  43.3%  19.5    0s
H 1409  1158                    4009.0155122 2280.98766  43.1%  19.3    0s
H 1770   717                    3602.2677159 2280.98766  36.7%  18.8    0s
H 1770   679                    3559.4793810 2280.98766  35.9%  18.8    0s
H 1770   647                    3549.7641634 2280.98766  35.7%  18.8    0s
H 1770   639                    3523.2605348 2280.98766  35.3%  18.8    0s
H 1770   639                    3521.3888740 2280.98766  35.2%  18.8    0s
H 1770   639                    3520.9562465 2280.98766  35.2%  18.8    0s
H 1776   585                    3520.9562454 2314.42111  34.3%  18.7    0s
H 2310   765                    3320.7414607 2756.98569  17.0%  19.5    0s
H 2815   720                    3271.9572530 2786.90325  14.8%  18.6    0s
H 2897   673                    3266.8607738 2786.90325  14.7%  18.6    1s
H 3133   678                    3266.8607731 2786.90325  14.7%  18.5    1s
H 3155   646                    3266.8607728 2786.90325  14.7%  18.5    1s
H 3603   917                    3264.5114851 2795.04745  14.4%  18.5    1s
H 3605   757                    3217.1169656 2795.04745  13.1%  18.6    1s
H 4942  1194                    3211.7957776 3020.60176  5.95%  17.3    1s
H 4952  1177                    3190.6765294 3020.60176  5.33%  17.2    1s
H 5621  1241                    3163.0266466 3020.60176  4.50%  17.0    1s
H 6948  1283                    3163.0266444 3020.60176  4.50%  16.9    1s
H 7151  1283                    3163.0266420 3020.60176  4.50%  16.9    1s
H 8374  1200                    3163.0266410 3020.60176  4.50%  17.4    1s
H 9645  1150                    3143.2758551 3020.60176  3.90%  17.8    2s
H 9646  1134                    3130.5604812 3020.60176  3.51%  17.8    2s
H 9651  1131                    3127.1370086 3020.60176  3.41%  17.8    2s
H10932  1251                    3081.7890465 3020.60176  1.99%  17.9    2s
H10948  1214                    3066.1716686 3020.60176  1.49%  17.9    2s
H16072  1301                    3064.7574074 3020.60176  1.44%  19.6    3s
H18776  1476                    3039.0702717 3020.60176  0.61%  20.1    3s
*18790  1473             149    3038.8831151 3020.60176  0.60%  20.1    3s
*18804  1472             148    3038.7758798 3020.60176  0.60%  20.1    3s
*21617  1488             147    3035.0634522 3020.60176  0.48%  20.7    4s
*21623  1488             148    3034.8971830 3020.60176  0.47%  20.7    4s
H25181  1601                    3030.3426651 3020.60176  0.32%  20.8    4s
H25256  1601                    3030.2221110 3020.60176  0.32%  20.8    4s
 25294  1605 3020.60176   49    6 3030.22211 3020.60176  0.32%  20.8    5s
*32912  2426             122    3030.1816697 3020.60176  0.32%  22.1    6s
*32925  2423             120    3030.1063580 3020.60176  0.31%  22.0    6s
*33573  2681             120    3030.1060725 3020.60176  0.31%  22.2    6s
*33678  2681             140    3030.1021384 3020.60176  0.31%  22.3    6s
*34263  2681             122    3030.0994573 3020.60176  0.31%  22.5    6s

Cutting planes:
  Gomory: 16
  Cover: 2
  Implied bound: 2
  MIR: 9
  Flow cover: 19
  Inf proof: 16
  Relax-and-lift: 1

Explored 35069 nodes (801766 simplex iterations) in 6.68 seconds (10.28 work units)
Thread count was 8 (of 8 available processors)

Solution count 10: 3030.1 3030.1 3030.11 ... 3038.78

Optimal solution found (tolerance 1.00e-04)
Best objective 3.030099457303e+03, best bound 3.030099396258e+03, gap 0.0000%

User-callback calls 73692, time in user-callback 0.01 sec

============================================================
SUMMARY STATISTICS - Phase 1 - Scenario Generation
============================================================
Parameters:
  nscen: 50
  capacity_factor: 1.2

Results:
  scenarios_generated: 50
  execution_time: See timing files for details
============================================================
