70 150
8000.0 2141200.0
8000.0 2107403.0
8000.0 1840969.0
8000.0 2217151.0
8000.0 2164343.0
8000.0 2158091.0
8000.0 2223692.0
8000.0 2113995.0
8000.0 1669402.0
8000.0 1846084.0
8000.0 1485698.0
8000.0 1628333.0
8000.0 1686024.0
8000.0 2244889.0
8000.0 1948452.0
8000.0 1536462.0
8000.0 1853838.0
8000.0 1986043.0
8000.0 2155053.0
8000.0 1435703.0
8000.0 1740862.0
8000.0 1830706.0
8000.0 1687608.0
8000.0 1666265.0
8000.0 2237235.0
8000.0 1566314.0
8000.0 2061436.0
8000.0 1592113.0
8000.0 2110304.0
8000.0 1479013.0
8000.0 1723130.0
8000.0 1888824.0
8000.0 1559456.0
8000.0 1402362.0
8000.0 1479901.0
8000.0 1459359.0
8000.0 1898083.0
8000.0 1859829.0
8000.0 2013552.0
8000.0 1909519.0
8000.0 1891834.0
8000.0 1544585.0
8000.0 2116415.0
8000.0 2194426.0
8000.0 2042697.0
8000.0 1936576.0
8000.0 1810348.0
8000.0 1714556.0
8000.0 1374042.0
8000.0 1504878.0
8000.0 1843254.0
8000.0 1578148.0
8000.0 1557988.0
8000.0 1655721.0
8000.0 1812125.0
8000.0 2210475.0
8000.0 1396759.0
8000.0 1703038.0
8000.0 1562645.0
8000.0 1444648.0
8000.0 1898165.0
8000.0 1627211.0
8000.0 2012772.0
8000.0 1939489.0
8000.0 1529233.0
8000.0 1935370.0
8000.0 1552478.0
8000.0 1497012.0
8000.0 1444604.0
8000.0 1380954.0
56.0 84.0 30.0 61.0 32.0 86.0 14.0 23.0 51.0 60.0 60.0 49.0 49.0 27.0 20.0 91.0 46.0 12.0 40.0 68.0 63.0 13.0 62.0 34.0 16.0 14.0 77.0 5.0 72.0 35.0 86.0 60.0 89.0 66.0 77.0 67.0 77.0 61.0 7.0 47.0 86.0 99.0 39.0 98.0 67.0 27.0 44.0 89.0 71.0 82.0 3.0 34.0 21.0 30.0 46.0 24.0 7.0 87.0 64.0 2.0 31.0 75.0 77.0 84.0 44.0 87.0 22.0 70.0 9.0 77.0 14.0 79.0 13.0 37.0 69.0 44.0 82.0 69.0 12.0 23.0 69.0 99.0 96.0 44.0 42.0 77.0 72.0 43.0 94.0 19.0 22.0 92.0 71.0 56.0 100.0 90.0 72.0 33.0 33.0 31.0 51.0 68.0 5.0 92.0 19.0 26.0 74.0 93.0 88.0 82.0 44.0 3.0 21.0 86.0 8.0 78.0 7.0 50.0 3.0 42.0 67.0 55.0 9.0 71.0 32.0 72.0 89.0 83.0 29.0 23.0 77.0 81.0 15.0 24.0 28.0 74.0 29.0 76.0 99.0 86.0 22.0 61.0 38.0 100.0 89.0 41.0 71.0 13.0 38.0 23.0
32514.75907 49587.26026 18379.6591 43159.48587 21986.57329 35626.2732 11197.16366 14063.06651 18996.22889 39151.6362 59727.48069 23803.15109 32869.77202 28266.58225 14708.43607 87601.36398 10242.99092 8786.53712 36628.26549 61928.16289 9194.90485 10704.35423 56764.70486 16783.44392 13426.32931 9714.87549 45772.30532 1970.60586 5795.83352 18938.33113 73038.7397 42184.66545 101859.85315 62468.04377 48256.04422 16265.34054 31555.9791 28563.70573 3602.36494 29209.48001 27263.55009 63098.62643 9346.42387 87150.57537 68533.94125 5801.83683 4580.59118 57574.5922 51041.18409 28180.78416 2732.75638 19517.53935 2868.69312 12399.99366 26340.14494 17415.30078 4237.08806 46163.28225 55694.07852 999.95318 12153.1873 36075.06375 35597.19854 24319.76401 28376.20601 56082.15363 5787.31653 26477.49189 4439.05201 68990.24451 13693.36643 14734.61446 5868.15308 15469.86268 32138.46183 8962.98897 54129.09675 18495.10349 4581.82729 16399.66002 14024.53385 44267.29865 14765.41936 33357.67746 15530.32626 50397.52493 51427.62859 45588.66558 33038.36769 7992.03131 8223.77125 41624.78336 28762.51412 46595.66427 92898.85059 46265.80755 58675.06829 20610.15582 26421.89978 1930.58897 16709.40685 31577.57582 4722.68207 99103.24973 267.68595 11897.01997 53895.24044 91912.7798 72919.36972 65739.65318 18825.5585 694.13565 11738.69482 60187.64446 7134.89052 23969.50343 3301.4348 41115.64772 633.91991 23280.46755 42610.96487 12542.6707 4030.56024 28413.23218 21974.78821 66352.77062 80741.59946 41468.55894 5515.18682 20437.90785 20286.73525 66079.73353 10768.77848 20368.93634 8861.4116 22412.77725 3102.54418 21415.07613 57811.83448 43724.3833 10683.90615 40427.95869 7471.54117 81240.16931 76015.70429 37742.64518 55421.3084 5895.56217 36990.3541 9880.89278
27992.95636 11731.90066 17377.10979 37379.71553 7878.12388 67759.50768 7148.81853 10278.57053 19731.55615 14397.87144 31061.58917 2254.24766 28589.66245 13612.51169 6862.88058 48494.50133 26916.41196 2815.49729 21269.38319 32834.70441 22042.55292 5935.84381 43414.90605 10875.54765 5988.36334 3840.38728 22528.13972 1390.56548 39961.83414 17192.33656 55273.47807 12711.21925 56644.03696 31886.41917 48260.36264 20030.73224 41864.37511 23127.09706 4416.41741 23438.86114 56689.64993 29836.97798 22307.22258 55195.30289 45061.16789 7141.77103 24215.79679 33132.59538 53941.27856 30053.78866 1112.77696 12920.08561 13854.79906 21865.03734 2945.94159 7519.97093 2628.47586 11406.74996 25916.1962 1080.81449 4362.16397 50564.10964 6262.09032 41156.84105 12155.96166 36116.65991 11238.60309 42626.73203 1020.32136 36016.14786 6136.85595 47722.3992 3295.12785 11361.05064 45009.18691 10431.27011 16275.76569 27023.21178 6103.19735 8754.19616 35121.01414 25191.70635 62179.03277 20112.35031 4910.4995 31701.68349 31650.89073 31501.98248 13239.30846 12309.19703 5277.49042 69825.155 17132.68308 26618.07844 53535.08375 29414.72856 49050.1902 13781.74713 11898.34965 12631.85214 26498.89398 20626.95577 1979.40057 53195.96113 9349.89336 8916.65492 37815.4568 46022.05092 31598.53577 33914.97806 19907.22878 1940.11651 6353.74132 39490.86442 3868.805 18269.80062 1337.48692 24410.0508 1581.73839 13962.88519 12939.97039 17260.04716 4286.20033 24976.56109 23482.48441 35583.04082 56341.93542 60093.096 9223.86039 10364.08569 19727.50648 53382.78458 5492.18222 9058.858 12151.26923 57669.92323 11068.05298 37483.39617 69240.39292 27195.24185 8857.95989 23177.48716 18544.59194 50030.41688 37620.70981 21880.78804 20181.34668 6712.31363 20874.47123 4773.47474
62447.44577 55930.46764 33300.23793 10126.30687 23089.05504 72188.57974 5350.99565 2659.27887 18377.21893 29209.47812 55631.90459 26100.81123 54587.03306 21712.34042 14478.97496 45099.45809 31239.20467 6264.95821 36879.46922 48677.19091 46916.57886 5809.83274 18288.23559 32973.10531 10728.1425 10176.08577 25935.6888 3723.40966 59544.5664 8597.62936 8741.28547 36081.97693 79454.75851 66115.0052 92281.32244 57458.84945 78001.95905 14579.79519 7774.47571 6623.49053 88105.26469 84972.63864 34983.86367 33388.41921 13734.26479 15417.81404 36999.2097 85403.10471 95470.36121 35627.95115 1892.74844 33511.04091 17016.56322 23390.91662 22489.30201 16890.94008 6210.35434 55634.81904 56903.76222 2007.86068 21615.74808 27696.23205 34949.94202 46134.28673 11594.47802 80401.75371 11601.55049 66619.55704 5792.61289 62865.6888 13274.6343 56816.97382 5303.97687 29605.19292 73488.17564 29104.47714 41195.6129 36209.32648 4894.40652 21887.08687 40059.67888 89209.69017 74500.35658 42515.39456 22543.11825 13250.77652 18611.76204 10085.73984 58227.00641 12214.56326 17340.62497 76469.13589 60225.12456 49416.57598 95842.05767 81430.42321 9169.42809 4763.53445 21705.64514 24396.1562 54042.40964 64024.15412 4251.39819 76541.00927 14897.19533 7761.00752 78851.929 54775.87808 50712.43059 67831.26062 43393.60577 2251.36295 5383.3115 6104.82041 3213.65408 57415.32311 2702.56844 22740.27255 3078.61975 35573.33803 40486.05836 31864.84668 3459.15963 30313.36253 40436.87863 62850.80059 18271.05949 109998.38811 19576.90927 9641.98904 60113.97951 7701.47168 13341.14774 12914.57926 11588.93734 55688.59351 18837.14211 72189.24106 108775.22937 73657.24463 21314.71332 11074.12647 22775.47799 26937.60401 73658.571 13539.88744 38995.6961 3959.1294 40201.36786 17002.46526
53169.14872 47189.45849 34664.85632 32877.18356 17338.35647 104065.21257 1330.32233 9885.51709 29965.5356 19529.70336 47695.76579 27519.24914 47865.80541 11829.46295 13228.80722 16365.90256 51431.09086 3848.87742 27694.69265 35936.37747 55913.88776 1852.04201 8199.90854 28931.84751 6888.95384 7107.92877 25661.22604 3992.85149 74424.5121 20179.67138 31412.10435 30307.90059 62806.27641 57597.79755 87692.55266 55795.46661 79333.87113 30805.82565 7927.11833 21405.84593 109192.81922 78637.47519 40553.69763 569.4755 14100.50181 18035.45698 47076.55619 79125.36841 100456.80551 48267.88736 1274.3976 29211.05491 21165.15733 33630.62233 21060.0457 14893.139 6189.77125 51494.79388 42214.43844 2276.70602 21415.27084 56398.57251 39467.8429 65630.73072 16063.75045 82381.5104 17199.1816 76765.12956 5195.1224 48830.71555 8717.89106 75856.99635 7571.69337 28283.09953 85878.79545 30951.43549 30784.3276 46880.92657 7781.24622 14982.43994 67770.21913 75375.80028 94212.1803 31802.68719 24052.10069 29836.94009 12568.19169 12088.89675 57394.28347 15613.49935 17091.56737 99755.09454 60489.96704 39819.29128 70526.21028 74519.45843 36008.35531 12715.17992 17750.86642 28668.60895 52579.96142 54825.98576 2938.4289 52941.04397 19338.30421 14970.76185 71360.8191 24475.97614 35567.61976 66820.64822 47331.47325 2756.98995 7762.6795 32219.29329 1410.45513 60394.22411 3322.99248 6154.12215 3295.7813 36601.51307 30704.4991 38491.70154 5504.56359 41979.91887 42480.33815 61145.9714 17316.80591 96492.9468 25685.33639 3582.6732 57448.35032 36025.77858 11005.02685 5952.87215 17853.38261 77401.97006 24619.55428 77884.05208 127811.29084 72473.12831 22653.33869 21552.07851 34229.15922 8974.133 50232.1197 3723.01214 28105.16547 7788.82308 31709.94943 17809.28768
7791.21671 47080.21081 4034.8949 57578.43957 18797.69309 76008.86807 12838.45048 20137.9957 40062.18396 42460.63171 38334.28471 27238.06239 10292.60146 22986.4724 11338.2535 81766.6897 35911.30262 8481.65215 24581.13544 46127.72241 28947.85239 11345.77599 70052.59914 5073.99914 10969.43641 7406.84622 55410.19094 1170.85828 33091.70757 32767.58636 98738.1986 33560.85301 70998.76187 35136.64823 13230.39075 17374.99557 13278.66057 48586.90625 1117.39811 38952.143 29307.36543 31016.4006 12580.20072 108234.51548 76863.98483 11962.41453 24668.35612 18366.06307 19518.15416 55167.43578 2272.69743 7306.82774 12808.60647 28911.62857 27087.03731 13633.36177 1865.27841 37726.43681 39206.5603 67.57559 9543.99161 76754.11219 44356.84685 56966.17443 29565.6243 22548.0134 16379.59546 12945.6279 3532.53051 47308.54001 9860.90484 50710.66367 8772.95151 7872.23572 17133.93419 18292.41068 52029.9226 47826.70456 9534.24183 11998.26199 44506.99682 23278.96586 66081.90428 28021.37689 19412.43935 70094.14267 70236.74089 53990.79326 37374.86012 17503.90817 5323.77384 90252.58276 16353.54304 33353.97556 67549.80034 18773.30283 68346.30676 26941.66879 24498.36659 14949.74077 14619.3687 11266.93491 2969.17926 78502.76704 9752.8633 21910.7963 15524.90973 82543.4912 65212.62887 36958.20081 6389.564 2219.23366 16093.94065 81034.5744 7595.59079 24252.8552 4054.51937 52104.92767 922.40325 8429.37229 37095.90388 33079.33126 7622.37908 47288.74613 8830.0184 40372.25411 92704.0847 17660.36049 12016.81389 22406.64976 20163.45893 84702.86328 6024.54999 20924.87325 20173.52455 62204.70468 14352.15132 19692.45066 17435.73242 19725.56046 1520.21922 50971.00138 22540.64368 93374.71836 68613.67581 38737.23612 52060.91688 10598.4853 23618.32725 6226.48209
45596.48193 33146.75355 33497.94835 41616.64027 11662.26582 112727.37115 2955.4383 13171.14425 34952.57308 16744.13614 35832.22893 23862.45365 41125.38541 6078.52216 9833.40724 5851.1396 46431.00653 3230.66734 20643.49793 21554.24144 52533.44485 1372.20506 23411.88425 26046.01748 4398.91968 5987.96777 26157.93522 4155.22494 74738.58421 27412.30292 55944.8563 21155.98159 38060.42039 36221.26751 92079.95231 59031.93266 82271.23827 35540.66172 8011.80047 25702.98153 90239.78762 63070.00832 42282.50648 22776.08862 32066.72361 18790.84025 50560.5132 66280.41813 83130.1426 54987.86 656.13623 25268.5315 21111.0005 39232.40319 19902.41228 10725.11917 5497.49034 43844.51016 26314.93267 2013.18738 19955.25319 64095.92461 40648.59064 78180.83159 19391.05558 72734.73308 19588.58464 79675.58611 4722.38758 37919.80035 5201.54303 82678.57385 6718.19128 28572.75658 72516.20607 35147.54149 23008.89705 52979.80165 8683.13449 12507.2257 63852.99169 58872.84195 112055.3311 20531.03369 26301.04149 37086.19608 25518.81138 21189.67655 66338.88217 21297.51788 15163.35736 99367.52542 46467.75429 24029.03938 43673.90963 64285.32321 44146.32569 19970.84714 8561.24936 32262.86697 54831.54442 53682.76735 1770.38152 33657.33945 16492.48137 17331.3546 68585.36977 1565.20337 17762.41953 43604.70359 43589.72784 3050.01643 9048.74449 47878.68296 817.1782 52933.17025 3390.78864 6563.2792 2789.91127 28472.69102 23713.39946 43812.0085 6510.00404 51480.33506 42467.75723 40008.17624 38574.53501 93671.26738 22870.88499 4187.39795 53499.74095 53256.94013 9596.48832 2169.78638 21598.63936 86332.96025 24135.65101 82329.00518 101301.04451 63304.0055 17422.37893 31987.7063 33196.29337 32150.50145 30637.44862 10032.13505 18900.70157 10745.88237 22800.66623 15070.47127
39788.35119 38160.73034 29304.2657 16075.83048 20142.16994 46991.82182 7510.34925 5947.04359 1992.63089 29288.09838 52161.232 18092.0559 42902.35876 21572.95517 15271.03879 59558.78266 20618.8292 6210.30063 34016.75857 57284.0489 20707.86001 7242.51684 40803.49868 22167.62163 9505.26454 9638.96133 25368.25174 2657.358 34653.01357 6496.62259 41091.56275 33325.84897 75227.1869 56110.44602 71924.73673 33570.93147 58717.97866 6468.82469 5037.98795 9615.71043 61536.5322 64960.31945 22905.31043 52578.93897 35512.89767 7970.90453 22838.31331 71320.93504 68402.32984 3103.42411 2099.37767 24045.67282 11228.27564 15848.02312 19563.87306 15258.89218 4928.5628 46607.11323 46897.15478 1477.27623 14887.88621 15410.85282 24296.25932 14051.36288 11722.52834 71440.97048 5186.75662 47478.44374 4805.94473 67103.44156 12325.27073 37505.75355 2063.78713 23005.09683 59864.84312 13896.18701 37370.30073 11624.99181 1095.13514 17996.64089 19608.46705 60464.43685 48475.1715 32156.93721 11386.0743 17065.6457 32130.41625 24027.25803 28124.73777 5647.53 11727.97007 48651.1854 36442.55219 44246.86806 79815.59549 67168.8743 22463.66338 7800.45714 24921.03925 12240.6184 33335.84552 47664.72843 4214.13958 80151.2145 7554.5658 1636.31411 67370.06626 68520.54433 63045.63863 64420.44095 33462.98044 1168.14246 5662.2585 24202.27057 4441.54501 32472.28119 1812.64041 28590.55373 1626.19316 27808.27964 35578.39795 12051.33814 834.16318 3045.93074 30425.43757 61006.56862 43569.90731 73359.95442 9260.77273 13230.32504 36079.63974 37571.23612 12077.06247 16069.63868 2454.27893 30433.15604 9931.6636 45389.89673 97820.12257 52843.4019 14229.10404 13736.93859 8765.77744 56735.79289 70092.25149 19276.06552 37582.2099 1735.66698 36611.44105 11140.45833
64313.23662 60728.90119 39542.57643 16536.65488 28800.44578 84888.89752 6377.46702 6214.88134 31974.33817 39774.28844 72071.24319 36867.79334 56902.72964 22556.19063 16600.36075 51523.16645 43158.42576 7299.50611 42307.04707 60857.23296 59015.91982 6136.18642 17166.45732 39553.75834 12736.5721 11410.00707 33023.55535 5179.8033 70957.19369 14006.96955 5490.10422 46805.25245 99869.37874 78629.60336 115013.87762 65337.20348 91466.23627 24851.57174 8385.08223 14065.97838 112586.10577 105549.96954 48111.63451 33297.88066 11787.74563 22576.92843 47004.13486 112106.40273 99438.80396 44770.52901 2169.51472 35878.7476 20504.25665 29004.43296 28271.71046 23533.78536 8025.7569 63771.58206 62610.77771 2678.23501 26791.64566 41344.46889 45781.50059 60870.56882 20240.79441 112763.67594 16646.10424 78296.99349 8181.92576 75841.31672 13711.28503 74081.03344 6564.66417 33566.0254 86844.46279 36474.85408 53542.94365 48696.05689 7504.54807 21943.3834 57359.26792 100423.19142 86246.21661 40948.79875 27053.98919 29686.84133 24726.2389 6383.94193 73582.05023 14990.71915 22056.41621 83364.47666 64423.58616 55533.0708 97010.95825 93539.54248 17106.67948 11261.43999 28842.91137 31260.68881 57890.5391 68396.43368 4916.04364 97724.53897 16289.29616 12417.39815 82941.10994 57546.24692 70485.25461 96889.61343 47231.37212 2667.69143 8903.6896 21654.36018 4497.0429 79547.04338 4138.59575 25546.76923 2973.51169 46278.92419 51271.55135 43754.99626 4900.54152 40675.40851 50299.31326 75290.2202 16586.17846 118273.92233 22644.94302 11698.31862 77331.64462 9027.8936 16081.64691 15507.12686 15355.52611 64528.65953 25306.38521 89309.24816 135112.0304 96403.63822 27400.88201 23514.96461 28284.60132 34155.52435 77313.58021 15938.07509 49822.65196 5814.51013 43346.39462 19804.04063
32163.68076 14744.97994 23055.51772 31548.52446 7958.79591 68510.50048 6175.12658 9738.21565 17175.58916 12072.5655 30785.43616 1373.89712 30520.24672 14299.26778 7082.70922 41215.2201 32850.04794 2297.676 23208.31493 33165.3639 23581.6158 5935.35722 35931.11456 15644.36829 5636.08 4334.00114 17328.93049 1699.81358 42944.29155 15903.63326 56112.72631 12446.72199 48970.38985 35187.50728 56215.47774 28586.62939 51810.65613 19541.40371 4893.06971 19904.80833 59758.27667 37463.14234 22820.46769 45944.47422 43321.42861 7282.93041 23792.68571 47634.02444 63894.41988 29923.23201 1249.5807 14540.34913 13861.61984 23872.59357 2233.50371 9422.84773 3242.22839 14843.73719 25812.70953 1189.43124 6306.47362 38007.46119 2233.55423 39414.91574 9451.36599 42605.01986 10951.30141 45036.28469 1631.86892 36260.81145 7753.06054 54233.66499 2298.40338 13493.05475 49727.1447 11342.43847 14333.5555 24245.03324 5532.88132 8798.03565 35061.16745 34469.93967 58246.7822 18944.39461 5339.15385 24388.88475 28960.63566 25668.32753 15845.55546 11988.46458 6691.19357 67503.52786 19934.54802 24337.54601 51096.26965 39800.738 41413.21226 13186.28973 11932.21079 16215.98472 27380.28683 28301.66342 2300.53417 57965.32766 9667.39902 7399.39196 46164.17087 43819.39365 26913.46768 41360.24181 24251.52671 2013.27305 5331.18421 36283.29716 3444.94857 22695.36761 809.96096 20589.65336 1668.23702 18420.49405 12261.69587 19693.07333 4260.60495 20248.56216 27672.36415 39991.4622 50215.93927 62270.78531 8876.65249 7452.99729 22126.5739 48379.05346 5730.6912 9358.25646 11149.46026 46608.00615 13033.77208 46196.43956 77503.75702 34244.75599 10483.0012 19595.97646 16425.32688 42379.29268 39808.73404 16052.84951 17132.81196 6527.8333 23318.3744 6391.30467
21708.07074 29824.23108 18292.40047 66115.585 9041.12345 105652.2762 10728.26462 21333.11003 45452.07247 33958.88879 2069.36487 24445.51885 22213.59848 9968.13355 3567.18732 52675.28484 50874.50526 6458.93492 1404.75978 20069.91866 45950.6363 8114.4836 58638.17512 14742.48773 5596.19351 3418.66185 47819.34875 2559.58061 61824.48767 38008.93022 88532.27306 21773.45893 25761.0001 1127.35274 54697.04738 41070.34432 49100.79784 54179.81759 4344.29012 45373.34016 74041.19797 32335.75359 36113.31749 77853.05601 70861.38796 18135.97388 39821.82086 30958.62055 59223.40254 77172.47328 1022.04821 10681.57648 18961.20241 40058.65214 22040.9929 5548.30506 2165.29269 32074.21744 10916.03961 964.83585 14217.4321 89030.16868 47298.813 83720.47006 34669.0861 24429.42895 20285.72152 48951.17372 3315.35012 13157.71079 2783.69093 93237.98832 9240.70355 17100.37068 58427.96333 31440.38146 37653.05466 54359.15703 12234.20634 2608.38608 71238.36678 35198.47779 100657.3584 5249.59817 27257.32966 61270.19335 63003.40805 44550.23752 58052.59775 20060.26727 11122.50007 119424.12591 32467.12473 8113.48292 10956.68653 36570.89619 77097.79761 29374.99217 11146.99561 28433.91182 40147.2652 32272.39358 973.81808 28130.28154 16657.79357 23931.70259 30333.61695 51478.00727 33305.59205 10647.91711 25972.70703 3188.80063 15937.41497 77029.71527 4947.77258 41685.42557 5066.70154 31028.96424 2487.95447 17455.7312 27219.81848 40636.27867 7978.30881 59000.22293 25868.79563 3103.84723 76657.57903 60536.97656 19306.81761 14533.71665 41843.65683 86884.71628 2549.21618 13730.68477 25060.11034 80874.69042 24734.61747 63497.27508 64636.06518 35085.64925 11539.50198 45502.77313 37139.2389 76345.5862 25308.71143 33333.48912 35589.09997 11727.65913 3132.21343 11345.85176
54003.34902 52943.77705 29021.27082 7233.94628 22818.96155 50332.84358 7787.69593 4583.70656 11524.49686 37851.21904 56093.87162 25585.9968 50562.08407 26037.85575 15480.05401 69972.69546 24924.95724 7242.85195 39037.71167 63540.35401 34788.55032 8058.77379 32768.42594 27262.06348 13117.64557 11127.21197 33312.24647 3442.01502 50296.99433 902.56006 32600.11538 39407.6485 104537.93685 67503.0685 78661.97871 44374.39502 68965.09849 9077.32395 6690.23636 9615.86391 81285.45118 89014.0812 29299.84546 52932.93316 32595.40031 12476.44843 26783.43897 81680.72148 77028.68579 15641.72375 2430.79889 30330.93615 12073.44037 18335.34553 26699.20085 20243.06546 6395.44024 53381.81761 52658.33098 1811.53221 20987.95399 8924.45717 36112.44029 24638.36469 14065.41143 93145.51499 6128.58019 70473.89257 5281.43263 70668.18393 13857.22386 44756.29662 4031.58428 25883.8224 71844.80853 21494.51135 52554.98782 23692.43073 2332.16829 23049.88282 25372.68683 67217.01679 56115.55879 40701.22511 17101.10448 19623.79571 35339.97445 20874.90989 45160.61597 6140.33971 14825.32693 52733.31569 46822.04955 53762.36097 95429.24371 86513.18684 12872.84941 6127.98693 24132.73526 20607.02284 43945.88845 53494.13062 4103.03356 94977.13476 11208.87667 4640.23784 73494.92208 72860.81972 62569.23263 79493.22027 40849.77792 1441.9082 7100.71286 20998.74328 4887.42984 48123.40038 2563.48677 31563.23531 2445.1308 35529.10191 47902.50671 18673.69952 1236.40164 17990.87709 40576.28202 67903.70375 37221.8038 82275.27057 14272.84546 14290.71549 45911.17339 25907.68211 14939.00451 17686.0342 6190.16361 33426.85638 14796.43005 62900.80462 96734.35768 69539.08527 19003.42802 15553.35156 15488.87169 47912.99299 80481.12138 22284.88766 46368.49231 799.87227 36490.98166 15080.99693
24774.57782 17143.21868 18348.66761 49650.29992 3558.96344 103151.85981 7755.60429 16435.60926 32288.07203 19090.75475 11988.62084 17493.49715 24846.54537 8781.79841 305.77894 44207.14065 40014.84931 3501.85835 6444.25863 15624.70065 38192.42761 7030.75311 47332.29469 13453.81832 3312.9776 1134.08918 37220.36993 2205.60846 54303.3567 26752.66443 76056.08708 9875.35315 25095.54996 12792.59462 51564.72824 32644.53287 50831.54623 42193.51036 4802.29713 34402.19831 67134.99404 21551.14657 30782.65835 65180.53559 51344.96788 15186.82412 33200.72595 32332.99381 59922.3199 54091.45958 718.91899 10005.95093 19064.42318 29990.78431 14479.82169 1377.73538 2185.08385 17664.74991 6567.71716 1043.9778 9376.63645 65186.41042 28188.95398 73513.36557 22355.4149 26201.40552 19947.22759 47248.39967 2219.40471 15358.32244 2836.80292 75250.8836 7016.43865 13391.91501 46640.20079 22397.3112 22329.26319 53459.77734 9230.78608 1835.54744 53385.55361 30769.65853 82098.30349 3995.61673 18938.17954 44788.09004 43454.36932 35462.0849 46129.51806 17674.12802 7592.87355 93518.49994 30258.6911 7564.81485 17552.22427 26888.61045 58729.23479 23766.85368 6643.54618 22693.07645 36646.7914 22117.34224 638.33352 27710.9168 13314.00006 19076.26643 31521.35951 42480.57457 20759.96101 10292.74569 28553.15523 2831.3012 10744.51908 64352.8467 3577.04374 32279.60715 3126.46969 28024.54131 2139.19111 12811.9394 15432.91196 36921.8106 6936.8817 42332.71684 26239.87549 9002.46025 64681.954 53960.31342 17005.24265 11668.53239 34480.18329 77259.15782 2085.38488 8932.14252 21345.79114 81344.71607 21903.34684 55414.85482 70136.05733 27849.62357 9114.54816 42519.56109 28550.79458 72040.85202 20628.91212 25035.08558 18773.43031 10117.36763 8271.06085 9462.72728
35975.0797 19163.48819 23382.13955 23819.06638 11151.24847 66732.91037 4318.34729 7837.23708 14888.81851 9770.78708 38686.52592 6034.09173 36186.35024 12686.46483 7871.67887 36041.31612 30026.42874 2032.57439 22158.40309 33071.52171 25778.27852 4723.4518 32373.0898 15565.41516 5263.43559 5352.44775 9718.87379 2424.04953 41443.58719 14893.95682 41414.98312 13808.58661 53933.86283 36065.9756 68280.70191 34597.35421 52666.69382 18251.61571 5043.731 14445.9182 70296.15632 44672.22558 27678.01555 42134.04537 32386.69125 9715.3188 28026.66435 46543.64941 62150.45897 30103.73022 1266.31944 20734.42675 15251.10324 22110.15748 5260.1873 10445.84213 3668.44748 22132.9142 28020.95009 1200.93215 9227.07069 43929.22873 7367.79456 41648.83423 5803.49449 50190.41551 11356.83789 50211.42137 2268.74865 43072.47461 6880.31419 55886.92449 2246.17216 18345.20948 60165.84155 14916.63903 15324.57172 29419.3328 4754.61675 11075.90946 36039.1483 41443.15286 73127.12005 22015.03273 7307.09234 19112.46655 21967.48129 26705.14722 22559.16972 11451.36777 9047.12896 77892.62721 29762.01312 30502.88698 54358.11336 41181.39953 34111.27159 10383.48622 14034.79324 15838.2878 31284.32562 34850.64605 2440.96278 48893.25411 11053.16448 7252.69944 43726.41841 41232.91723 26624.73445 45989.09582 25473.6848 2067.01244 2761.908 28350.3901 2625.28145 30839.06564 542.07057 19430.87217 1731.57914 21208.8058 14794.70559 20329.62754 3696.47647 19942.79938 31728.51387 40984.93546 40358.52272 73694.53806 10620.67401 6901.71946 31658.59697 42539.26092 7778.48462 7377.83853 10627.11746 59386.66119 13527.98258 48143.36297 76966.27621 40510.84336 12077.39372 13906.07669 17622.84263 34884.8779 46579.331 13721.97644 14891.38948 5489.3269 23552.43964 7987.65361
46286.68267 53008.39003 27699.07781 24067.99852 21637.93593 32428.78517 8703.98743 9187.92603 5912.92555 37943.14784 64734.6982 21986.34386 46311.24722 26717.86718 15733.36306 77038.63855 13053.73952 7057.33179 38355.02222 58200.08388 20805.28873 10039.20397 50980.33079 24950.37055 12217.94977 10744.29387 31785.09078 2777.33467 25285.56807 9062.32083 46478.97671 37494.61424 85684.33325 67457.45789 65578.99485 33683.35454 57982.89249 13415.05167 5442.07246 15807.61927 53115.03478 75487.89561 24237.14151 70407.85725 50950.09484 7260.38518 15970.21539 68572.95018 74217.35803 9492.498 2744.33346 29413.79992 7422.74482 12058.16439 24748.07136 19454.18341 5461.88921 54565.77103 50432.978 1429.0976 17488.95279 17223.76072 28312.47647 3333.38199 19727.78826 73325.84401 1580.07496 52500.53718 4536.42345 68575.72511 13758.60687 21739.07303 3897.41917 20633.19059 52747.78567 12720.11538 50268.96746 7089.85605 832.12748 19719.60782 9586.61159 61325.6686 33457.81799 40757.60022 13999.6742 32909.34141 44773.72742 31420.47837 35775.41425 3500.67574 11381.89895 35716.73236 34810.32717 49259.63738 105365.53156 64579.96777 29846.68872 11532.27841 24335.29266 11054.46729 28539.51504 46763.96426 4008.7852 88661.21554 5819.094 5536.64053 60732.00211 76795.45572 61881.70003 63706.15074 31092.89584 848.73229 8214.00674 40890.96389 5249.92708 34485.92236 2540.16702 37054.98052 1699.10669 28022.56607 46690.03493 9601.70602 1142.47324 12509.60182 31393.30839 64778.3144 53285.32705 73288.95391 9525.41011 14342.77917 37725.42787 40805.7708 12953.19543 18898.80497 1424.5531 19528.73371 6116.28688 40887.3873 76744.33998 56753.24367 15056.03157 21106.34866 4663.59095 65564.65192 81132.01783 26523.19688 43227.22597 2600.36845 40240.18808 10727.63104
18480.27386 17362.69313 13800.21315 43916.04934 9782.05128 70348.75387 8210.89749 13321.93035 24743.36174 18237.8407 29161.00384 7874.11348 23216.59996 14459.94864 6196.40483 51586.28927 31878.18281 4270.59092 19279.69577 31384.71161 17776.65729 7116.33862 47732.873 6774.16813 6646.00521 4880.46223 34764.84997 784.73283 34401.09657 20198.02119 63647.99116 14805.1103 60692.40034 31308.5861 39996.07585 16910.41211 35152.88827 31260.1261 3645.06768 25494.02909 48233.69386 18022.33638 17398.64669 68282.60661 57936.55319 6559.021 23201.7698 26022.86105 45057.77733 40941.3245 1266.33497 10287.11652 13242.95614 26065.57567 7552.08442 9130.27711 1818.22369 10881.40964 27672.73656 731.50599 900.70726 48524.00884 14427.19694 45454.58443 17186.08747 32672.74506 12363.6819 34471.99797 487.55432 35698.42351 6421.20513 51576.04183 4014.72986 5919.14608 34344.22215 9544.13816 25267.78979 27856.32851 5693.26668 8019.71792 35038.74478 13202.26034 58430.88017 19422.98433 7904.93865 35079.26955 46331.37904 33490.50021 13481.97486 14778.0493 2490.16584 76845.49629 8932.05718 22319.70602 45468.21368 19034.69509 56341.41516 17824.58187 14449.40419 12080.7519 20319.44343 12434.98862 2056.08205 57814.77863 7445.77597 10740.49349 25894.30271 55834.30832 37603.03567 30962.54985 17503.70327 1979.20565 9869.83565 50895.06468 4469.30657 9613.31737 1838.77997 30458.8315 1197.18687 8515.23587 18507.20587 21708.25251 4638.94205 28365.32118 21741.86501 26560.02519 67113.94468 48474.22243 7663.75615 12436.58564 13542.41557 57294.39701 4443.40592 12660.49443 14759.54886 53679.88842 10350.34023 29852.29071 54896.35022 14241.94051 6670.30962 31511.95928 15980.82055 72998.90687 39328.92661 24263.7136 26489.58071 7951.45685 19909.12046 1863.6187
52840.74279 41452.4185 29980.17842 10754.35336 22214.12017 74545.53324 4793.27598 2021.80945 19764.20893 25304.32319 58170.36552 22377.79811 55607.38434 19667.40696 13420.44427 46284.74095 35883.1482 4967.73252 39793.4426 49527.23905 41712.59361 5077.33943 16279.53818 26241.54861 10549.75726 10345.5937 17224.10113 3752.70518 58327.5283 7964.12353 14892.68683 35011.46413 83852.17576 62086.9915 91758.17298 51785.69363 83786.03261 13255.65968 8074.20681 4811.75473 88664.97218 73779.71765 36825.9018 36188.55727 17262.47389 16197.94414 37502.37304 76847.27103 91695.2405 30598.92862 1863.55672 33120.72418 16442.58377 27034.45699 19266.27847 18568.8967 6357.64635 51190.075 52671.44471 2107.64045 18765.99184 28080.39322 32629.99305 38647.2453 11123.27916 87292.52963 12433.22311 71786.16462 5077.53788 63077.50966 12391.22867 60685.39093 3983.62268 27300.43973 77316.43455 25540.35452 38660.3838 33188.0175 4816.47558 17904.53934 42968.41339 66382.63487 71162.99182 37209.65822 19670.05356 9413.27475 12232.9586 13739.57499 54383.10838 10206.58205 14811.88048 71128.04587 52203.63429 44480.99012 88062.83607 83594.20637 12692.89146 3607.75755 23896.92826 24010.45264 46268.09533 53540.81073 3384.05306 76053.70991 13400.79818 7210.07939 73269.08199 51181.60781 54647.10049 64614.74962 41451.93008 2421.33046 4066.09345 1741.75853 2938.23899 59661.9926 2394.76236 21621.84646 2412.99998 35235.97486 37476.1289 24936.89995 3317.0073 25500.58142 38532.1995 57252.55409 15079.22864 97697.69018 17865.3783 8044.94329 54832.89744 11002.03075 13374.46101 11621.52256 10324.63891 59933.60617 16899.92101 71630.2784 102471.41038 72112.03215 19639.59723 9389.62291 21460.97681 25278.67883 65271.52319 10857.51632 33691.4276 3571.77317 36623.99588 16890.10583
52391.86379 40777.6148 34975.71203 30502.96783 16572.668 96493.19547 1105.8134 9236.98387 28677.0699 19178.92596 47332.12184 25833.56036 47138.47396 12369.82864 12035.64564 15811.74194 50262.22508 4112.89466 31464.17379 34800.88833 51573.85939 1764.19078 8725.5537 26563.77259 7539.40433 7557.52773 24112.98074 4476.97918 72705.92683 20571.69835 33576.51494 26839.65652 59257.66171 51455.86341 81286.91829 56589.90722 81915.70997 27928.88203 7791.3805 19272.5628 105785.45808 71006.16706 46300.18238 2483.52662 15461.20706 20448.26269 49291.72735 85800.70208 85699.91584 46588.9434 1137.93751 32444.1206 23879.98233 33910.66572 20335.68324 13049.72036 6040.20968 54285.0273 36072.00611 2307.12826 22454.48333 50242.36613 34496.48255 62300.0848 14841.89946 84006.11311 19302.73886 73360.85675 5154.51672 45162.52771 8064.79406 72102.36817 7338.91398 32094.25779 76759.89736 31385.10094 29595.95756 50954.60941 8933.04272 15785.92112 65477.07141 77710.51493 110329.2995 30609.62147 23448.0678 30917.54774 12375.37234 12780.19568 63511.24358 15451.55543 17625.44472 110532.64844 61735.07278 33881.66169 62229.60189 69716.36971 38573.7889 13499.70671 16532.94222 26781.2849 49550.65725 57851.97364 2735.78674 55232.33097 16447.52072 13112.27217 73947.09789 21704.09984 36328.61543 64931.2407 46266.05529 2777.12908 6596.26006 31703.79877 1063.68133 55279.9317 3520.48979 4921.45233 2932.54454 36607.42483 29659.64725 40111.53237 6262.38203 40030.48353 44671.82816 51071.26427 18950.96766 94726.9363 20644.76619 2955.83195 59452.38239 31783.76991 11318.85166 6525.93725 21446.83987 79890.86604 24901.83179 75498.12786 123705.5603 70768.38214 22875.38736 22547.19349 27992.27021 9461.50027 44784.66277 3072.89413 22299.95445 7292.71977 29665.53084 16326.80743
25900.47874 7468.96449 18092.01075 35591.98342 6115.52726 69064.12711 5972.06161 10992.07603 19970.82113 10393.11619 29680.62501 4201.95063 29504.93322 11839.16431 5773.52445 43039.35082 35138.61341 2088.11938 16451.81342 27118.24278 25188.19903 4938.50758 34457.86509 12204.17464 4296.46581 3630.76263 18688.62314 1724.00115 47108.71955 21773.56264 50237.94159 9367.67648 46121.75713 31515.80324 53336.20611 28231.1766 53185.94131 24150.46661 4271.3991 23131.0717 60449.98187 31565.0275 26020.73993 50612.1249 37440.8749 8918.817 25803.65156 39797.55614 60073.16519 36715.8336 974.28093 14939.28424 13194.19435 23349.23986 1686.29426 7245.56589 2710.12553 9791.64163 19617.3739 1206.54647 6428.79659 50381.99752 9163.20644 46239.72107 12735.1869 42514.86367 12467.961 40637.64358 1234.06197 36443.63132 5688.2342 55984.09435 3803.58737 12643.40587 50938.74504 14760.68046 10038.59186 29254.70263 5751.14393 7735.17668 39249.63392 28874.39289 67469.43013 14643.6521 7548.48489 28694.80461 33389.73836 31103.30096 20800.71555 12584.60833 6152.74483 84521.64071 19015.80362 22522.54506 40038.81547 36482.61929 45240.35644 14146.58421 9715.11618 15045.34726 28157.67208 27351.78059 1587.45841 49039.81513 11155.96895 9407.24231 37729.72272 35988.71861 25083.04857 32866.5891 23893.37215 2155.21686 6526.24214 37192.09173 3083.77688 21439.86751 1306.62119 23562.61498 1814.56559 15299.97078 8761.53372 24470.34131 4763.48849 28417.70835 26261.94087 30207.3373 54402.17453 66723.68735 10955.01023 7615.54029 25642.80566 46804.61003 4738.56485 7460.60387 14582.78669 57001.2471 13497.8649 49195.98934 73706.80469 25407.0305 10957.27058 24406.54777 19860.11952 54359.40298 33399.86759 18845.07489 14136.98674 6816.20814 20241.00067 5524.50748
20556.36916 11035.59339 16623.38383 40182.32194 7610.3758 66282.8512 6817.0895 12392.74803 23791.54719 14504.14522 25122.84358 6041.43271 22240.31542 14672.66245 5908.55832 44107.10936 30924.36868 2797.41608 16244.94216 33325.7831 23548.15754 6509.98671 43496.59647 10702.24338 5360.52143 3884.37949 26596.19438 1283.03013 36156.1212 21840.46686 60072.57119 12489.83147 54457.91145 33279.54597 41858.37642 19679.34876 40940.61875 26597.54241 3625.68939 23653.06372 53326.18027 19050.50995 21350.68203 56399.40351 53178.66815 8077.60714 28656.85018 28924.96598 50304.44297 32965.95063 1272.0094 11823.70816 14490.04904 25973.70895 4508.79962 6628.13842 2168.13889 5543.04312 23940.39571 958.33792 3302.83104 48784.01441 13253.67754 39021.98985 15695.39996 36935.88046 12526.27251 33818.62215 456.601 33747.17009 6528.69617 47535.01862 3762.48901 8345.31852 36671.38634 12357.16804 17939.86183 32298.98492 6173.29463 6937.53842 44075.01033 18648.09059 61303.15065 14455.8866 6925.06021 36170.87748 35348.77728 34595.14893 16574.08744 14454.95232 3912.07403 76406.43745 15212.63883 24036.71156 48592.9116 28703.43783 52481.06311 16478.5723 12369.53957 14815.77156 23562.08088 19180.12851 1704.7294 44161.83011 9147.07143 11448.83634 32721.72234 46964.68847 31676.97017 28091.36973 20261.0755 1866.09656 7408.26259 45308.09062 4116.38786 16048.24062 1701.15915 26048.14667 1590.67995 11827.85344 12438.355 22568.18071 4981.81233 26761.56121 23621.74376 31010.37913 52437.34512 48401.14469 10063.98571 9403.48159 19306.46655 64577.28426 4574.10523 10531.81691 12892.93646 61522.86434 12100.01485 38078.64232 57121.18145 21086.74568 9094.27408 28753.21617 19081.74862 63295.66227 38696.81749 21885.09066 18514.89823 7898.19942 17315.62314 4092.69851
15701.81213 25267.49943 15903.44112 54405.11276 7881.19654 93676.2956 10926.85065 21609.821 39124.59298 27769.15053 11538.86902 19992.51035 14477.1288 12424.29898 3417.11721 54388.89588 47937.59829 5526.11316 7624.78519 25219.91394 40479.72441 9151.69495 62027.22043 8071.98081 6087.19674 3674.03515 48551.35701 1630.52729 49058.56684 32195.43587 78688.24515 18620.17442 38920.68661 13714.3574 41873.70641 33810.83722 38629.75898 51791.01803 3609.23164 37345.10031 65308.63383 13589.21551 26499.67352 79084.3081 66908.69368 14666.15634 32006.94778 16082.83487 42307.35645 67217.07203 1195.78118 6036.36658 15786.11436 31506.91229 18216.97489 5831.19398 927.75771 22669.93852 14863.98468 795.75618 8996.82123 69165.4285 38666.89014 63690.31915 27710.81603 14988.7704 19609.93252 42180.68721 2317.72402 24252.44042 4709.23892 79760.90344 7920.8885 11554.08649 43184.73116 21808.00698 32922.90529 53630.07355 10294.25578 2474.66371 63521.19862 21016.8151 90972.96504 8926.46807 21815.54235 55868.55266 54037.6921 44205.36759 38898.06085 18990.86681 6462.94029 103413.05574 24662.72364 13905.8685 23565.4504 17140.19735 75872.18922 27104.01479 10821.381 21539.86463 32197.66315 19110.36969 1513.33781 39961.3511 12153.37123 19674.35689 17239.4353 57157.57962 38841.84627 3971.67603 23642.85567 3155.88208 13337.53216 66317.15562 5433.81417 31839.15653 4047.25311 30903.26498 1803.26829 10281.74627 26033.17904 36632.95002 7906.56232 53001.39992 18184.73668 10275.19793 83906.58295 45831.51676 15952.08083 13173.76707 30722.20502 89217.11126 275.67172 12125.16638 23880.48783 78236.90427 18774.60291 43406.20444 52607.15472 17770.94996 7712.07217 43666.83089 28817.49205 78871.80318 32654.02445 33086.62258 29035.41972 12637.70048 9545.84476 7593.59353
32827.14282 7806.08429 25768.55722 40093.70336 4757.79039 79582.39023 4658.28438 11024.80513 25884.03529 4702.58597 23777.77275 10266.53481 32289.74659 9506.75349 5114.38028 25446.65976 35098.39482 760.94759 16381.35525 20868.97414 31330.21544 3855.98647 32828.9855 18023.00717 2677.62071 2901.51863 17234.31393 2087.5872 55339.36423 19362.44409 54901.61911 5215.7596 40939.79427 32492.20452 54362.59806 33653.58594 52255.30296 27692.12463 5058.5349 22643.23331 69205.19484 31703.20606 29078.98179 42842.83543 36642.84372 13451.62764 36500.31829 49362.95751 70942.91864 45490.98474 626.57409 14705.64494 17041.40477 29565.17826 6686.70073 5111.84402 2962.71453 15307.04616 17332.61946 1244.9512 10379.93643 57556.17087 16248.51206 54053.98369 12350.62953 48114.81813 15210.64335 50386.4222 2105.05476 26821.46091 5250.99274 59785.7417 4300.59057 15300.26935 55604.52887 20602.4397 1349.24851 42207.37962 6673.26635 8303.72544 46701.05927 37555.10402 89000.94701 12900.68877 13035.92674 28769.39525 28550.14734 28719.68133 32453.24758 16618.47074 8700.86318 94695.69959 29862.86051 18292.11366 39864.10135 38889.22642 43169.13742 15931.57486 6866.93907 20725.95814 41185.66009 28651.74822 1241.75821 32295.46483 11463.56179 11841.14088 48177.56212 29827.28912 12566.41587 34605.05434 29466.53902 2512.61367 6389.47155 44668.40236 2171.37441 33051.22313 1873.11439 17044.27028 2207.93008 19161.23075 3079.79475 31449.85658 4765.30838 31301.87284 32972.75249 26991.30374 43843.88141 65022.88598 15427.69179 5767.52071 36587.96931 49557.17101 6118.30285 5193.42148 17082.265 68852.66141 18304.3768 59972.67143 76121.28879 35912.74364 12207.22089 23532.28613 22503.7467 38366.78516 25632.65036 13865.22608 3971.58658 8495.70263 15350.71689 7851.43862
44539.26197 62424.22123 26826.24639 37940.60163 31435.61633 15107.7565 13846.46829 15823.09036 19850.12421 50941.78874 71545.16378 33596.29229 50247.49337 31615.42472 17369.43675 83575.33921 1865.87897 8835.93072 46836.22623 74135.8152 21529.53138 13867.74776 66814.03782 22774.56683 14451.72028 11706.94191 47126.23307 3328.22714 20323.41611 18161.25721 77501.84408 50161.47418 102827.04602 70392.07413 63357.29511 36215.34245 49804.66343 27796.23025 5627.96689 25940.34494 48546.41173 74467.8044 17824.5399 94857.9227 69116.71431 10228.60606 9727.8661 72679.48753 67474.40482 32001.23764 3282.58284 28162.08244 4157.74946 5401.1566 32636.13838 24640.43042 5760.92161 70747.80905 71630.89938 1711.16857 17724.26025 26695.27381 41892.56207 17216.5931 28054.00155 87967.18585 3144.5651 47768.942 5813.4552 80688.40156 17257.48791 6618.04009 6809.80166 24017.98329 45163.54345 16324.19737 66086.51467 16563.3839 3528.97983 23141.35599 7581.73639 68186.47345 15949.21716 44212.8153 19669.79603 46877.21902 57452.64321 46590.56427 51999.84617 4274.79388 15045.00351 16283.43845 44600.66757 55756.18354 115200.24777 77165.36208 49767.73864 19708.45307 30319.82916 9042.94962 24624.42663 50452.19797 5202.23301 110106.88422 5269.82966 10577.47037 67188.3078 106133.25105 92307.42764 73287.05612 29255.69797 128.90641 14686.29081 60484.38524 7587.85148 39353.92124 4067.39842 47745.86189 1414.20118 28959.74496 52664.49575 16054.02726 2984.0369 25325.51683 31990.92032 82657.37586 82114.7573 62505.21557 11704.31992 21693.27099 41841.437 65745.66743 15102.24815 23560.72208 8860.07453 6208.41782 7869.77858 36017.21718 86084.8022 59967.68535 15989.40939 34332.90363 6787.9149 96406.31641 104162.00578 38994.81211 63275.71995 5636.78701 39424.82807 14000.98922
13400.89961 37348.91814 14630.22816 58038.92371 10658.42518 105337.82969 10537.95412 21731.36676 45654.7021 31379.63644 10961.6669 24122.19047 14170.01366 13078.71755 4841.55384 68228.89685 45995.22913 5884.04235 7757.72322 32440.87061 44567.26043 9970.67058 62419.89828 10451.64189 6359.28319 4410.2181 60380.32259 2191.37607 59957.61019 38285.66594 99046.85748 25617.81858 38125.23313 9905.13725 42120.74167 39030.69092 41376.26284 57202.88246 3667.29024 41402.25314 68854.70561 20337.34697 28345.69089 91550.17394 63289.73463 18248.78197 36238.42619 22193.59892 39125.94839 66923.97112 1438.67827 6077.89154 20895.29606 32034.95421 21585.01622 6789.70008 1262.27449 33389.79665 18427.64917 786.80317 12493.90772 82065.96214 47193.15127 68771.70662 31704.18787 14817.21549 21505.64099 40735.72232 3520.70986 23928.32555 5280.53324 71146.85645 9232.77619 12554.2936 45215.99068 26766.01535 40103.32604 52820.13086 11218.15085 3710.82521 71144.81417 33617.90362 95320.47686 10366.65857 26381.66112 60912.10733 61513.38402 50389.72798 47686.84822 22702.45182 8372.09469 117445.90186 30778.84522 13490.55966 27164.36321 26074.88413 79940.98861 32358.54808 13100.59612 21513.13301 34643.15802 20700.2179 1433.04149 45414.85106 14703.94841 20039.81215 19086.45347 68816.82513 39740.64593 7572.50024 21030.8149 3109.48353 16745.18809 85494.57543 5903.36515 38258.32579 4767.01138 41860.25545 2087.56137 12860.29245 27945.97005 41115.38722 8450.72843 63748.69657 19193.66219 9053.7953 87454.26837 52258.34083 20808.09025 16857.28065 43744.67834 90450.39097 1828.51513 14478.39448 25882.92856 91644.26134 23316.12956 54741.54327 59259.9294 25884.97983 7421.84577 54918.84207 32940.07577 89747.82179 35749.97923 35283.44731 38729.87561 13571.3602 8875.32976 10682.17343
11322.49929 57773.21581 1916.67718 71509.94048 19381.10092 80473.65966 14801.16603 28094.27486 47262.4657 47797.11092 35327.38108 35744.29144 7852.49543 22664.24633 13000.03246 88232.87369 40597.09131 9925.53857 22441.86557 62815.06003 35944.7265 13965.7957 82452.81241 10661.5345 13362.01329 10090.77091 70821.71333 1905.18526 42038.24638 34785.40642 123638.22698 37288.08497 80189.19318 38272.67633 7549.29186 28234.81121 18827.89674 53978.42439 1471.11093 47435.32382 39122.14971 43550.86021 17440.25901 122369.98937 86723.93155 18710.20991 26938.49752 22034.19731 11343.55851 73969.24825 2509.20357 10145.35567 15751.48087 29674.40226 33046.34745 14777.99719 2146.21724 55525.29451 46359.94092 286.31081 13695.03578 88267.09308 49980.61316 77593.0711 39211.50611 27425.69635 21959.81335 23024.1999 5034.01251 53403.09426 11554.44482 63120.86152 10264.67364 12952.7792 20673.47624 26414.04039 58966.63464 55255.85153 10866.49375 11871.53582 54726.34887 37734.21817 75352.32149 27369.11737 27687.00156 73143.0433 86026.62877 61678.3443 59897.15061 21435.38264 9631.45061 109853.03122 30531.64594 37165.24516 70160.95053 28201.53689 82480.67805 35296.67917 26947.45427 20391.48072 17982.16465 20838.43134 3669.58039 75220.23041 12057.3526 22096.40319 16184.33634 91335.66145 78733.75246 43258.44088 11277.64411 2814.9954 18147.01778 86686.3251 7618.45417 34497.13719 5486.48223 58933.78462 1260.91076 12312.50631 52611.48991 44339.75134 8979.09215 63599.45713 5838.33695 38167.33285 116800.02764 17448.60518 18261.66916 24671.71836 36770.36407 115196.75016 7130.66969 24293.05651 22806.17679 70223.89131 17854.0093 31989.90401 16226.88166 29037.92861 4887.31983 58918.22835 29478.96472 105016.66689 67805.22447 45179.25839 59856.61126 13989.16805 24206.79119 9912.45284
38106.02534 70228.27772 17808.08116 53120.13461 26803.38763 37257.70145 15579.77044 19817.06787 29069.9062 53598.7975 66238.25032 29577.71463 36215.13798 30554.22121 16048.82877 96875.01167 12999.88622 9067.31808 37109.51482 67295.20635 18020.56854 15241.46148 68905.30846 21005.20829 13965.42474 13463.67473 55816.26405 2499.87051 5967.68309 23567.68891 92609.58353 47151.33727 95525.67118 67632.37307 47844.11262 21058.91533 28983.52513 42779.70154 3550.74956 34753.8963 20072.31501 60774.28254 8276.52874 97618.24216 75464.72565 10292.20182 3425.22562 57424.34953 47263.1147 44188.70151 2792.04264 22037.01191 1974.22414 11306.77051 32196.86237 20295.1749 5276.456 63020.83066 66879.09756 1226.50205 15490.00422 52288.37448 48626.70793 38122.77873 29384.47499 65577.96889 8754.82302 22800.78165 5420.45314 86123.8113 15301.42037 15725.52025 8370.2832 19092.92994 27937.18824 17402.04686 64529.85574 28357.78178 6225.64709 19098.15826 20336.02162 57493.35791 15722.22294 45875.60864 24464.47459 56230.66679 68815.57222 48879.11076 46163.52824 10597.46384 12007.71117 38632.98293 36732.42761 51109.79897 109482.81139 51826.76811 60897.68334 26092.61435 32615.61158 5297.7445 15203.98354 39551.82183 4472.87515 96789.05008 3081.90021 15540.39967 48965.9312 109398.66376 93342.64192 63041.46095 17294.63363 758.32443 17950.24288 67666.79238 8590.4498 32207.8262 4142.78213 59498.6161 722.329 23679.01626 59725.41156 18913.66478 4614.4078 37262.84008 21838.57632 64515.00359 100377.85984 37802.9193 8853.08186 24960.62768 33261.41457 75551.82544 12182.44762 22463.19174 14934.03782 25388.94809 7849.20447 17218.74274 50775.03998 54119.35139 12904.23196 48836.97745 13975.48896 116706.37416 98667.68067 42608.99772 67551.85855 7496.70408 37480.01252 12040.39331
52341.41043 57381.13303 30008.13795 17957.94408 24236.33491 35555.97416 10371.29445 6555.17187 9577.88822 37679.28811 64817.33416 26614.31164 46558.32365 29158.50846 17861.85076 71094.27245 17087.9724 7262.73304 43470.09594 63366.40469 31001.3222 9112.08036 45741.02788 25253.03954 14832.56143 12414.65612 32741.3585 3702.02054 41393.22741 6529.15055 42337.88618 45906.75952 102252.79946 67504.54264 83333.51679 40112.09448 60151.065 13232.12594 7041.64361 15922.51958 69662.93056 82379.40688 25152.20995 72193.63746 44414.91554 10447.93134 20878.56325 80360.99866 87877.00229 16591.80228 2548.23802 27693.94427 10907.80636 12982.68432 26503.53285 19760.65461 5802.81011 59301.77743 61121.53225 1679.94614 18047.72428 5852.51766 35707.72044 16994.70112 19907.35267 90039.05116 3600.2549 64071.50255 6424.77287 76827.80187 13275.16359 30673.26979 4343.10297 29990.60935 60381.46087 19464.12551 49272.49206 16975.32941 1277.90252 21272.31967 16459.08039 78112.4603 44081.66704 42540.78281 19235.6927 24981.05302 40688.64358 30258.68865 46445.37897 3386.04347 16148.32139 34124.13482 47877.51948 54696.23125 105074.70348 76477.54377 24928.8584 10641.00381 29092.03404 16937.18549 39407.68673 56819.41465 4986.2854 103531.84957 9046.35922 5351.14929 71515.99195 84908.32689 66989.28794 70511.88397 35492.95127 1036.86849 8716.00009 32108.79608 5739.56584 50085.82807 2775.4888 37317.02722 1870.7428 36706.34458 51515.69884 17966.4906 886.29323 14766.08588 34313.6732 65806.29415 52776.78246 76016.7178 11749.4023 15421.95815 42848.06857 38728.70429 12894.02377 19134.33425 3726.97613 23601.33507 11220.80107 49227.07936 99985.52111 74843.18092 20156.87243 23690.35794 10818.81386 67650.98624 95734.34427 27110.57908 46521.47456 1291.44141 46373.60352 15344.6251
9499.17941 51550.21079 3430.288 57401.07668 19433.21049 77059.27201 14197.88701 20927.3967 39619.65321 39778.98639 36575.80277 26761.63481 10807.77069 20693.95237 11540.26289 90528.92015 35845.29384 9180.73948 24308.37334 54705.07904 26784.36805 12730.36999 69958.15605 6407.86884 10478.1722 7637.79139 57872.2125 1067.45924 33385.83336 29995.03465 88294.12772 34404.80839 74090.69015 39022.45699 10415.54336 16906.36223 9738.53773 49422.49711 832.62377 39926.99922 25538.50952 34450.80808 13502.21961 112846.37709 81637.12282 12925.86006 24781.86423 19578.95989 20113.00436 55753.60778 2383.94454 8945.44635 13160.22912 27742.83583 26926.22261 13955.98822 1836.2741 45560.80205 45004.62426 71.0665 11886.96531 74979.09192 39920.48003 66756.92349 31151.87443 23399.93247 18029.71581 11769.95938 4030.88048 48952.34798 9883.9573 55144.54245 9202.77876 7678.88882 12473.4997 17911.14598 57259.07911 49308.35186 9314.41187 12628.63375 50513.77064 30080.74335 67316.7702 24854.66272 20427.10599 72490.75886 63670.37952 53070.72278 40844.7076 18404.16551 5402.00486 94685.38366 18053.80488 32815.1282 63392.14518 20989.61184 73753.36105 33055.06371 22473.59299 14811.83453 13895.01291 13442.21558 3701.6498 74546.05235 9821.85361 18643.32173 15337.68418 77709.19539 66117.10532 37511.74345 5031.45874 2053.55247 15258.37067 81332.60914 7912.54458 24571.62685 4760.65006 50301.15779 959.85279 8965.71223 37367.52262 35362.08284 7702.27222 53093.67517 9151.71416 39531.90816 91318.51782 14418.53554 11832.83775 18735.2056 24697.02966 82097.95238 5947.95821 22226.16125 19753.71822 58624.59733 16529.12929 21731.77501 16029.40699 22404.49634 1880.5595 51018.54223 22182.41227 110276.30961 66455.02639 42341.29558 45631.60023 10433.98486 26985.39211 6911.95326
19693.34046 59893.52505 3371.90285 75268.09992 28154.28335 86266.73086 17400.44632 26993.74811 51005.99131 59992.31942 50654.67239 42087.23023 15280.8048 29691.67777 14976.15945 107949.41877 39042.63551 11079.86057 29950.17825 69606.77505 38700.70967 16013.3488 88563.74743 13003.19727 16238.52789 10005.90468 84894.05578 2412.95097 43432.56525 40639.2084 120063.19979 48269.3325 92903.36464 50137.6827 8386.45683 32487.35695 15571.27879 57346.61472 1155.14395 56908.52427 32237.37082 48521.4964 16368.05324 132028.83264 93460.60553 20740.51909 31300.04364 33710.64417 2555.52426 84576.3302 2993.18662 15338.73171 13232.70714 31374.38363 35827.01663 18150.0425 3479.40421 61129.46446 50551.01333 475.01041 18554.45284 91373.10207 56164.48881 80489.51695 42503.31825 35058.62565 19252.40332 17563.92905 5323.45209 70596.60132 12864.56849 66919.49126 11880.28028 18107.55231 16381.96228 25856.58931 78143.59062 60592.96303 10706.93803 17489.87324 64180.79322 53467.3202 80367.54222 32366.25279 29944.96572 91302.05019 86451.70108 61703.74592 66490.7538 18736.54672 10387.39389 99800.73558 35101.00615 41263.30058 80371.74915 37571.79059 84376.91513 34141.56701 31230.01482 18945.2616 18497.27323 28723.63404 4629.11158 103742.35306 11313.43445 25546.01868 27633.29401 115102.50293 88549.39636 57253.337 13850.48809 2628.64844 20336.00457 94948.50105 8330.73194 40773.42502 6230.33255 56665.46643 1313.89328 16507.65554 56414.81297 44547.86048 9708.96856 67263.79276 1608.16214 53484.05122 106708.86699 10158.68141 19481.72189 26462.97292 41477.85038 118705.74457 8976.32828 27624.27277 28457.44877 69057.86721 19065.6931 30380.03359 8790.23081 41713.5181 7580.11888 63871.48913 32592.57559 140047.86785 74443.0515 52581.57719 65336.99143 14357.48343 29206.0423 13912.74807
480.88237 40432.34688 7047.59437 65689.00128 16711.00849 87631.89357 12928.1967 22389.76108 39499.49963 42169.60613 27043.3978 24960.12095 4487.46175 20485.53888 8251.4833 73078.10942 40769.6191 8345.1966 18319.88723 44862.6019 30637.81538 10091.1352 71233.61174 4348.35989 8769.48495 5849.91373 56342.55962 1257.2482 48059.0282 33997.05398 102208.8298 32032.65801 57894.96299 25429.50318 19489.75728 22972.29405 25448.51081 52883.14849 1739.30874 40497.13364 40985.64426 19737.21687 18282.72304 103327.12076 69581.32407 13768.57567 28253.95925 5867.94805 27776.11028 66019.51646 1870.39751 3150.88785 13945.95671 27903.86771 20820.72302 11266.44266 945.23179 38123.02186 28997.24811 275.50275 9622.03861 66954.32386 42061.2769 69372.12372 33376.28884 9398.2717 17223.54018 24451.63667 3061.0945 41429.27886 8746.00689 62496.21633 8849.60074 7160.36192 25750.5969 19396.91711 45382.0605 52111.92979 9833.66804 7401.60722 58966.76866 23331.97647 66082.21322 22290.9875 23923.66256 66154.9955 71090.18844 55520.15334 45915.09757 19575.45129 5924.9301 100843.39719 19795.40603 25783.60952 45601.55488 8937.29931 72045.52679 30106.06248 19232.19224 15493.39079 18396.34318 9440.1693 2421.49306 62428.87403 12142.30429 20462.49963 4437.12045 81279.92754 50274.94775 26296.06009 11819.24807 2733.25952 14739.75085 85318.25705 5954.87189 23600.61284 4592.60027 42781.29459 1302.19998 5612.63416 34132.13867 31917.09387 7510.03571 54604.40626 11564.49328 25628.41704 89123.94895 29144.73775 13410.18572 18127.40098 24521.77286 87439.88133 3694.71564 20198.10288 23941.62717 64020.51268 18590.57197 33531.95076 31263.70003 14492.01644 2487.69985 55789.5105 29394.42648 88091.05801 53752.50528 39013.10441 46507.84804 11361.04724 19605.0001 7530.88014
15443.47943 63329.04152 1893.77092 70931.49134 25036.69996 84301.5098 14691.54226 22865.75332 44097.92529 52618.77686 39359.14247 34778.61923 12301.92909 24850.57937 13891.46537 97378.45051 37392.55782 10504.04384 26643.60554 58020.40029 33062.78837 14640.58866 88530.3993 12482.2309 15392.38787 11052.75463 80452.79994 1965.43893 36001.13138 35877.99393 115927.5463 44432.0504 85709.70672 49459.87567 1906.07208 25050.72266 11812.47118 53784.77489 746.65697 52020.96861 30817.55589 50318.64621 14987.5718 112004.00391 85554.26485 17545.60839 26790.18617 27376.6139 8486.49529 70972.31735 2932.53384 11551.50131 12572.76723 27557.41208 34649.95453 18409.32496 3044.50407 52073.13339 45561.64614 338.20646 14476.42012 86049.46397 56487.26098 64792.07319 37818.07149 31945.51505 20921.76527 13305.69797 4717.59435 62764.01127 12490.04141 58479.25051 11391.11157 14032.81843 11154.89481 26627.94639 68912.08319 55644.15536 9868.30801 15830.0261 60384.87665 42940.64452 69820.43029 29392.93097 26459.10242 81131.05992 78117.2194 57805.72197 52557.57108 18440.84928 8728.83861 100034.13208 28602.61914 46981.04695 75859.12553 34218.09976 81028.89728 33660.06816 25757.84684 17435.55546 14250.68615 25645.92824 3987.37307 79927.56822 12151.79186 23176.9251 22151.97375 100069.1472 78756.32128 51348.3371 9810.53769 2433.28411 21153.5002 102560.14897 9607.28999 31813.36185 5628.24977 51912.61982 1181.9484 13773.55972 57302.54821 35909.94329 8906.43456 64072.73502 3453.39597 50200.35488 109237.66603 6947.25334 15564.58251 22629.63301 33291.97819 95971.91945 7769.97604 25526.60449 22686.37357 61874.67508 17709.6381 27801.20697 3431.27089 37610.14079 4827.09319 61093.45443 28440.89356 112864.10762 73927.1292 47641.38097 66385.01398 14332.63962 29667.28556 11078.07475
53243.20901 63514.6406 29847.34545 17558.35431 29389.81902 33672.49489 10370.35214 7996.67791 11332.4152 39190.8901 60773.0415 30749.40584 50194.46701 27245.63045 17809.40299 74446.31973 16387.682 8641.90256 44823.99653 68210.30431 33761.10597 10047.76354 43504.44988 28701.144 16003.86573 13415.39199 44505.51412 3616.85582 35893.6878 7655.64328 42135.63183 48858.05753 101024.08752 82371.44779 81424.33716 48264.27454 74961.13706 18235.34716 6779.2897 16050.66994 67131.27663 90241.4891 27118.44104 76717.61188 47842.31831 13148.78279 25166.6995 87224.45551 79446.53762 17561.36186 3099.99726 29942.93894 10300.7372 11809.31308 30875.81423 20550.22773 7121.92934 67349.16505 65523.23496 1870.78085 21337.91053 5886.22972 43980.16587 19770.31626 23032.07658 88959.16361 4594.69638 60048.75715 6147.51261 79308.83734 14891.68665 31550.35535 5517.40548 28157.25877 57078.22941 23718.42257 65377.25759 20983.72589 1979.64526 25197.79176 20996.29061 83576.30998 47126.19931 50088.17126 20876.78313 29950.96795 46829.42352 29477.71766 53478.69909 2575.80132 17472.94496 31745.84046 44620.17221 54850.48781 122564.36308 76326.48474 28582.11194 13009.30401 29648.61704 16637.57508 41927.58408 52543.37851 4993.74113 111988.14452 8528.51921 6624.80553 75730.77171 87342.75991 83227.30341 85599.51024 38789.54282 978.84791 9509.64851 37175.04556 6527.52271 48498.43247 3267.40676 38572.1846 1919.67119 36809.08978 54434.28955 18802.81201 1277.86289 18589.78766 37881.45058 75312.69428 59520.0856 83748.5449 15764.33933 17362.46785 50607.08933 34119.50059 14611.19273 18833.39313 4910.29902 21643.01242 11164.91484 56504.58848 104943.5532 71136.23804 18848.93437 27193.77955 11707.19466 69815.1868 92238.90086 32299.78039 51635.32512 1848.09146 48809.84747 17108.00844
38815.35719 62009.72373 22362.83696 36117.38986 26154.83713 25323.4867 11711.74002 12060.03682 16393.63066 44301.1963 62055.13658 25656.44714 40531.74778 27673.15471 17630.09813 93918.52161 5554.53303 8405.04314 38521.81419 75869.76587 17318.84734 11588.95277 58688.08624 20818.46854 13659.78945 10901.03286 44981.33793 2365.15512 17998.63731 16378.37903 63058.83726 41857.78026 104066.48957 70878.52902 56102.04255 25741.07798 46796.63063 23930.25038 4333.80459 27063.84321 45282.7488 73363.18992 18362.97847 85117.9788 54994.68175 8289.34984 9595.46502 67006.17035 66101.29907 25075.26107 2599.07045 25430.02601 4294.69228 8618.50054 23660.8571 20749.71593 5421.00878 56437.54841 62340.78915 1248.89379 14896.64438 26953.03656 39263.76555 13106.7276 26333.06246 69726.5202 2949.43883 40294.73409 4962.57433 74118.7336 14599.77399 9698.05784 5252.50202 21012.45626 41606.10613 12624.67919 51658.43519 12983.7788 3039.61557 18892.52603 3157.44873 67700.09289 13995.24254 45660.32289 18265.66765 43250.56286 50204.88199 39809.93162 38135.34935 4589.66695 12712.48744 26957.35445 34855.56272 59335.90938 104991.56917 66439.60296 41545.24113 18952.86562 31507.0191 7531.67233 24965.60903 45699.03264 5231.70079 110875.02671 3022.69292 11010.79032 57438.32678 88168.72597 70964.60412 68611.56545 26403.12426 391.63751 11156.94183 56381.51573 6991.06023 31455.23251 3563.9433 49365.36653 1337.92854 26021.01488 51321.66168 9806.44555 2490.83729 24260.40374 30298.97049 68504.8566 68872.62457 63883.05666 7850.55324 21102.65031 31317.03084 53126.85799 13326.21525 21478.80841 6766.29473 13955.38661 4741.68139 29474.28191 76343.80566 54964.08056 13399.39245 33292.84822 4037.18762 90730.11902 97575.40977 34863.53269 55789.69505 5283.61065 39189.37488 11627.82014
18087.66614 24682.46546 11342.497 45363.32298 12728.53979 63704.24164 8957.92375 16447.63631 24697.58217 28846.3289 30961.48698 13673.07004 18633.00176 18415.89896 8188.62926 70693.47774 29474.37065 5092.54398 19671.93676 40187.80521 15411.80103 8644.00434 48069.44662 5738.66683 7817.30339 5781.20823 41892.12495 310.20252 28814.68987 21905.33481 79117.83589 22296.40918 68927.61746 33693.29163 33407.23087 10124.9687 28599.79486 29862.93186 2409.98406 26454.6129 38200.13364 20035.61373 15787.20568 76165.70466 64661.32614 6003.64632 20008.48639 23595.25962 39037.35524 42487.98122 1762.24445 8939.29826 10124.0358 22724.15611 12075.85672 10873.63575 1849.82521 20589.23174 34352.82572 648.80384 2511.27347 53899.68475 20046.67696 37297.01666 22388.46271 31179.68832 11574.37926 25666.88574 1543.09799 47790.34926 7982.5993 44002.64991 5274.29899 3621.57641 28855.34283 8385.64535 33938.75646 30448.01697 6853.83704 9840.82476 37046.78305 11927.86909 47746.85129 19200.9454 9075.2189 48729.51137 50630.62768 42091.26615 14815.81792 12931.01033 971.93885 64111.28525 1579.07375 26739.41175 52663.05696 17751.53566 55630.35138 19151.66057 18276.47902 10941.85054 16418.15911 10858.53082 2612.70531 64841.48502 7594.62142 11576.42061 23468.54548 64500.28266 42021.77223 28300.04425 13094.55703 1906.72126 10177.6154 64124.97004 5188.85659 3625.72308 2713.00026 33689.07979 899.81709 7190.37589 26113.76669 19778.04961 5005.06257 34457.20424 18842.72025 32539.17232 74567.08313 40920.52691 6992.9448 13953.75472 7592.86875 69583.79678 5287.22423 14092.34185 14680.57844 47598.37535 10670.16479 22849.23842 49418.3511 14342.38761 4792.82498 36955.01371 15429.53 73700.79463 47376.97828 30122.826 36382.2277 8639.50906 21648.19419 608.25994
42863.89045 36306.76756 30719.7703 14947.7634 15314.42466 76855.30174 3493.62536 3650.67032 13692.59744 17443.19132 49253.63264 13787.64865 45008.38641 18151.9019 12476.69713 34429.91644 34870.11968 3489.57865 28602.17315 39783.87532 33171.40773 5151.20076 22698.38554 25433.73824 8005.1392 8195.11962 6625.14576 2940.19832 51795.31102 10072.09646 30210.29448 24970.56304 73352.38549 56303.65712 69475.25991 39217.71073 67843.95867 12175.55076 6305.77751 6509.30533 68320.91285 56374.35513 32461.11349 34574.11949 22454.96787 12807.70246 33789.78927 71128.51815 70700.64143 23234.4209 1406.20788 25133.4928 16711.93197 23356.77843 15362.515 13929.72582 5543.76666 42402.16249 43124.41415 1847.90534 16186.17045 31912.47944 19377.37478 39217.44276 3001.17007 66250.09821 11482.10274 58421.65946 4041.1717 54033.14357 8614.79513 53423.1102 2758.37031 23997.3916 66970.23768 19796.27185 27823.72814 25069.23608 4724.28126 14128.46132 40458.36903 57853.40155 77402.29596 28864.15289 12967.30783 3571.40136 13060.18046 17423.20171 39447.71731 9971.68217 11529.75996 68427.32899 38084.74303 34708.32017 66748.42021 65390.78511 21602.12691 3596.34781 17179.5395 19252.11987 44032.29334 49507.3568 2958.80535 69034.15144 11871.26467 5824.9913 59037.64874 42793.68837 39064.0854 52286.14285 34249.71605 1978.09263 1019.93151 12239.43685 2682.93992 42798.05555 1215.39814 15805.5061 2224.83445 26149.62886 27501.7816 23553.35414 2687.55668 19467.1606 37181.31617 47431.77843 25582.74223 75878.01786 13734.35589 6308.80278 37991.85867 25937.92842 10595.66233 9647.53357 10534.60343 49728.73216 14509.26598 56917.85026 99943.79541 59195.76316 18617.47735 3159.07099 17708.87856 29518.88196 56429.33208 11289.96616 25892.79095 3861.57513 29626.98443 12082.00343
57288.45006 75383.06967 28445.81951 43919.0007 34427.06664 4138.01549 13889.40743 15314.32613 23249.7537 49850.77627 72953.91152 41069.81301 49029.89961 33258.37171 20411.7769 107386.8112 5917.55054 10553.13863 46272.30416 90120.88336 32865.28015 15074.61872 70866.47715 30123.42426 17076.45951 15676.90152 67802.11543 3322.55307 30828.36204 19859.94639 79082.11415 58401.68666 112663.73675 77662.42396 67513.673 42725.11854 57720.6791 34489.8955 5718.32421 33198.19857 53082.04069 99583.12485 22431.38198 105282.50182 67732.84073 14871.17784 15605.2759 92049.76801 67567.52302 41993.71318 3267.14969 33142.70548 6499.93607 1174.64461 36638.28995 27577.46 7320.13609 74724.97598 83056.29816 1641.67047 26154.44665 32388.72733 51084.05751 30219.09818 32450.37708 86750.09214 5845.10438 47635.08799 8119.19509 100739.9393 16296.9912 14947.94143 8285.07166 30780.7903 55856.80959 24044.12656 76711.44107 26492.64845 4696.54165 27830.64994 16155.49229 84639.75019 25047.23376 48040.62883 28780.62955 57389.0781 70821.28522 40936.05362 66184.90787 4119.4212 17174.9198 4342.14296 58209.64276 68537.12163 131570.69437 92580.32565 49391.41264 22599.62512 37605.4932 14091.24599 35904.69259 58821.14159 6539.08033 122425.62093 6961.80518 15813.41297 72166.67762 117709.86503 103692.4078 93281.98244 31594.76094 442.37832 15440.39673 66507.40868 8917.62111 51959.26086 4848.07688 56078.70111 1796.49194 37509.10334 64724.92879 22848.00905 3981.27822 40085.24053 35566.24873 91359.91974 92115.63987 71997.01613 16347.93877 21982.96416 53141.45412 71821.67411 18045.54171 24412.94931 12241.71345 4233.33888 12223.12851 48988.37529 91271.70948 84207.84323 19251.34198 39492.75401 11895.20018 110489.64579 121971.18946 38509.58164 76689.91164 6395.84607 45662.96598 16345.3384
48171.8722 56631.14899 29622.62427 25410.58197 24846.82297 25611.80624 11732.58823 11263.30974 11280.91308 42628.25385 61809.90923 25874.41707 48469.70982 30552.18136 16087.05005 86808.1226 8044.68426 8650.3918 42909.82704 68983.88352 22671.33467 10610.42572 52879.24661 28191.79059 14102.60878 12104.76463 48016.02777 3399.40035 30115.69717 11129.3311 60508.79067 42401.35513 94022.1021 67720.26684 68577.7929 38841.61146 59164.909 22993.34742 5678.43369 23703.48148 49299.62325 71947.02704 22240.2809 82041.02806 51144.44266 9992.92181 14705.99562 77512.57148 67483.3114 17475.57083 2602.93137 27915.07994 7751.64856 7638.26852 25287.52069 23593.197 5608.03643 55988.44186 59493.48292 1622.28268 20207.14699 18415.24029 36932.40902 8045.59436 20488.08632 89600.80238 990.06605 48742.58412 5655.31069 87514.10637 15875.09252 18323.60295 5509.9879 26222.85143 51052.11949 18595.54552 59265.12692 12622.75188 1935.43925 20551.81991 7753.92421 68711.73851 30944.94765 39435.63805 18379.25208 34776.11788 55123.17227 34948.31961 41620.79687 2086.44956 15083.52735 22617.77434 44019.37808 62409.91292 113861.71895 75361.6774 36828.89465 16367.9538 33073.31757 11041.13141 31741.93184 55604.50878 4562.58925 103845.78708 5923.89823 8777.19573 62403.04075 86631.99199 82633.99666 73227.28023 28755.58132 640.86786 10395.38823 41850.55986 6590.81123 44919.29 3323.9434 46343.52379 1657.4122 33810.55184 49055.07002 12534.09539 1765.23701 19112.21994 29482.74866 78589.50698 70610.76551 78993.07681 10684.54337 19000.46119 42134.48881 52598.81187 13101.69015 21265.96973 4843.04124 14224.96303 8258.98674 41306.60858 86429.00405 65498.38233 17919.95596 26885.94242 5246.68688 77094.64081 94771.49933 30034.97172 54845.8537 3398.79834 43705.88537 13983.22991
46279.7271 66095.41696 28977.62894 23423.44762 26618.46203 30553.8902 10555.74281 9491.80501 11682.22171 40924.1809 67686.06939 27529.34155 50479.82274 29740.45483 19948.47293 81152.91467 12618.03856 8586.49274 38827.13036 71889.82734 24337.64318 12024.49542 46838.62537 27656.39488 13472.88502 12359.48383 44194.01231 3422.03354 36589.7007 8663.35829 50754.75375 48631.27929 96019.77837 66508.13408 75586.18596 41890.36223 62820.69055 16679.22706 5586.8827 18265.75021 61407.10302 86296.2107 24581.54 76928.91551 49946.95524 11567.82987 18161.98363 78872.83928 68695.88367 15415.98466 2598.96927 33563.25773 9310.38674 9298.56514 29382.04188 20148.79942 7038.24753 56737.07941 65020.88942 1749.8233 19197.44361 11253.93119 42100.18654 11739.54942 20041.58298 79529.89399 2212.01789 58523.34081 6621.21859 81435.10343 13737.68724 22970.33025 4511.87717 28825.05356 55656.95576 17749.85804 55956.7317 15807.95059 1311.61162 20649.60577 12391.35279 70359.18349 40917.96991 44395.34529 19168.80224 32420.41512 43110.45046 30008.26519 40619.55029 2125.00304 15778.20363 27318.61957 44623.1903 56442.80487 107255.33026 81612.89273 29273.78314 12113.25237 28047.02012 15446.39322 39057.55709 58212.09278 5201.65884 107414.07097 7444.96893 7836.79592 75941.91994 81721.16657 79280.38992 83359.17237 34309.19029 773.68424 10448.84329 44268.70399 6847.33536 50125.80056 3464.15281 39123.88861 1887.04275 31429.52265 44819.90737 15466.57034 1341.40422 17949.65757 32223.76344 71787.08215 55362.02529 78173.59219 13477.61653 18404.06787 40881.87652 44799.82347 12925.1376 21654.32961 3970.63953 17495.41493 10835.33537 44538.95345 99634.66915 74748.61823 19884.42517 26379.07985 8408.63703 74535.08273 85787.55817 27116.94776 56927.0062 2264.88959 44946.42869 13630.79929
36615.4245 22654.10914 25054.26216 25954.54731 10963.19748 64702.64452 5270.68089 8405.27374 13408.24362 13489.00114 35071.93837 5811.89798 37594.17796 17301.4854 8354.97377 43621.59979 28295.25726 3075.46967 26907.91387 35489.32881 23343.54968 5854.911 30611.38244 15477.4362 6546.98392 6005.87077 12113.90767 1781.84727 35761.75152 14788.55035 47617.27783 18952.75601 60684.43563 43617.42086 56509.36225 30019.86615 49415.94171 14799.66982 4572.42236 14007.91573 56407.07165 46738.85796 25325.6779 51076.98303 35562.4429 6665.49815 25520.34794 45593.90133 67840.59224 21056.97477 1287.31519 19584.54447 13611.03535 23460.8334 5762.74877 11824.22645 4114.49199 24538.1248 32951.2157 1309.04988 8673.67345 33078.245 5370.02499 33044.79619 6049.65489 58087.49573 8702.81243 51210.37557 2477.05218 43131.20873 8999.35201 45079.29702 1161.89934 16064.73207 52924.20673 12121.07203 18402.1566 22077.82742 4227.65305 11413.65568 30683.75094 42238.06327 54408.71362 24476.41751 4816.36521 18368.66337 23772.10958 25994.81077 17828.43773 10191.69612 8693.63132 63173.71369 26361.48516 28072.99052 63015.06122 42711.9288 33107.83669 10271.81302 13598.42194 15593.48679 27656.72132 29411.83533 2841.52264 58971.27383 8670.07313 5446.87433 49810.22659 47009.08508 34743.49048 45420.82043 26299.06161 1584.00877 3459.94428 33140.45957 3644.91936 23709.58253 225.83724 20358.37596 1746.43996 19147.95825 18972.9438 13613.83859 3179.69029 15964.58016 31362.91698 38401.14553 42433.81633 66049.74657 9586.48069 9115.85794 28161.52695 44100.43359 8051.78835 10750.14283 8776.3934 45492.34944 10703.00291 41421.63881 73110.54021 36566.00013 13238.97571 12831.69654 13087.91285 48008.67208 51513.49313 16300.77709 23272.18972 4642.47539 27802.17941 7127.98358
59857.66843 62697.04764 31805.01735 27659.97251 28922.52533 25496.8658 11506.8285 10428.64189 13610.17259 42124.83528 68527.46812 27618.82975 47470.15753 27573.78599 20628.5778 86860.32623 10757.60917 8573.49171 44917.91589 80247.5295 27731.91694 12972.24253 56184.44846 27375.20975 15957.42673 12742.37799 48588.4419 3630.93816 33486.0482 11568.12431 60276.75232 52373.04194 119990.71706 69341.02204 82855.16029 42992.8207 70501.35448 19672.79079 6787.17995 21035.98391 63929.50182 92906.34901 28771.62081 81694.51599 47458.57234 11451.31296 19291.03853 82281.83257 75289.27995 25469.70054 3247.35644 30150.82738 9445.81235 8257.36037 32312.3075 24879.29616 7173.90988 73836.3513 60118.32635 1895.7753 23693.72449 14504.51551 50418.98403 17665.48341 25143.75843 81952.83004 3272.80362 62658.53581 6576.88861 93838.54864 14905.78902 21665.51762 6218.00891 25694.77341 62920.90097 22522.83025 65213.90583 17369.51546 2535.61947 25850.10719 14122.73547 87745.90895 36132.53191 42356.13417 22818.80228 41444.96936 51758.77798 32742.39682 54059.2431 708.85394 15401.69724 21591.24681 47037.04393 58082.91767 111820.46659 78006.81544 33036.39003 16918.92117 35969.03587 15292.33893 36664.6066 59608.40078 5088.23119 111833.30056 7944.97334 9830.92397 68595.30146 92267.50327 78632.97093 90383.43016 38701.34593 855.4814 10989.994 48478.29641 6609.47463 55159.97852 3990.04757 43769.79878 2012.15949 34485.16914 54936.67484 19185.24056 1840.29821 22636.67182 36448.52396 83474.15383 67823.93966 77621.12892 12587.60991 20592.24719 46501.98214 43240.72507 15284.61465 24604.45383 5648.13433 13986.77522 10261.07494 50561.82925 92841.62668 79446.77093 17554.74689 33842.54574 9135.58834 83340.79072 95142.04976 30266.335 61422.40637 2978.14907 45249.82766 14941.60049
28293.81575 1428.38511 21994.92307 39299.60038 3141.94597 77130.19377 6380.69238 12810.63041 23172.50939 11138.12925 22811.31698 9038.99925 24884.45284 10351.88305 3653.12059 37740.19065 40387.93789 1953.89644 15481.94459 20733.09865 28219.14018 5283.17555 40782.1911 11710.9134 3617.26553 2289.45299 23020.96942 1691.19891 49765.93477 20748.13481 59741.47609 3374.96712 40758.66624 27369.28702 55666.27572 26789.11799 52324.63447 29274.4833 4321.87807 24041.67086 64183.29267 22923.43032 27058.60611 52038.02502 39579.65453 10453.64033 34820.43484 39061.83566 56820.64275 43755.36621 833.39572 11658.49513 16969.78294 31742.28184 5946.21 4825.6516 2465.11949 7272.62435 15667.90455 1036.40778 7691.82473 56232.24576 14751.43645 56893.09462 14477.11154 36856.81505 16078.19004 43639.75687 1467.78124 25981.48961 5048.09811 63219.37544 5000.86933 13852.08962 52481.41396 18235.49681 8934.93225 36634.47764 6665.44659 5890.37358 51472.30493 24402.81887 83099.20231 12758.46784 10345.39974 34121.71456 32796.60703 31704.65422 25600.45266 16244.41011 6734.30626 84127.00878 23106.85788 16969.19973 36112.18516 28732.25083 47289.82646 16053.10043 7140.53238 20000.42599 29244.64941 22239.05779 1191.96205 39070.33647 11226.51423 11500.66731 36814.72793 34889.18344 17687.25155 24566.8526 25128.16887 2446.04764 7798.74447 49894.00029 3020.12035 27174.27339 1795.72012 21901.49496 1912.37353 15628.16682 4255.1465 25600.27152 5050.10936 36527.14823 27835.1551 26255.07198 50557.78439 66869.34676 13823.7276 9208.41933 28849.76718 53943.24925 4593.3237 6779.23296 16045.81111 58351.39201 15320.04227 45268.80298 75436.74411 23591.21605 9901.93334 27019.81684 21992.12594 51650.78255 25252.80458 17971.62671 12006.61869 8580.67168 16912.88503 6328.34922
48714.3217 29164.91548 30326.07345 28128.4881 14635.01284 85873.1634 385.37321 8194.45727 29795.05961 12740.76779 37197.56387 21273.42373 42746.59391 12460.2636 11568.01122 13997.13835 42746.85931 3040.13719 27585.7 30513.98969 44255.31276 1335.11177 12864.08384 27174.15517 5936.82526 6520.54097 16505.43731 3233.07998 59803.38063 18655.97929 34230.8167 24842.66084 53601.70023 47003.36823 76101.37322 47484.18027 74996.53857 30017.68793 7847.41683 17307.96567 92814.06976 65262.06318 42009.18931 14279.26236 17666.52913 18273.42768 41960.50342 70505.16461 89900.51853 49452.97661 1065.50592 26929.14187 21959.66554 32122.59132 18750.4615 10668.31552 5440.67222 42823.53029 36058.19015 1997.14067 17554.6413 51811.03316 26716.38255 58550.04484 11835.79379 77370.59162 18114.42889 70507.07715 4386.53563 45222.97647 7508.96227 68380.74329 5610.17846 28855.64168 72598.43969 28559.6146 22774.47343 43499.62181 7176.25078 14672.31588 55512.30988 69139.22104 98000.96582 27867.09021 18557.96769 22758.47206 7931.936 14443.77209 50860.04575 17691.22417 13877.98496 93390.8606 46599.81971 30195.67682 66860.85493 66355.8223 35278.50026 10488.92932 14095.60569 26839.09654 49439.94569 46713.76833 2466.48507 53640.72922 16934.38753 12218.64618 61871.77637 19911.31299 28155.39689 55612.72737 42442.08815 2561.12765 4632.34633 29645.07176 821.6047 52622.68705 2559.29306 4575.22762 2611.41788 31454.37929 23065.07221 32355.22497 5567.86294 35138.04141 38901.11653 42730.57835 21822.07702 96794.41184 21094.66183 1243.3123 51721.56486 36429.68346 9031.84795 4770.01523 15314.21645 73189.34812 22261.25728 73304.94549 101522.59611 64784.79784 20569.47942 19075.24808 26891.49104 12655.40618 38788.65223 1961.11712 19793.46088 8121.2398 23471.76592 14919.80082
20707.82844 69612.13724 5327.09038 62560.90807 28134.93975 68130.89804 16219.98423 22784.6716 47047.46332 58070.89303 54408.68061 32206.91539 18996.69458 31098.31207 14013.20517 100698.52996 34803.52476 9937.72859 34551.79489 75502.7024 34965.35383 14939.7351 86633.70384 15021.57131 14558.83738 11228.31663 76878.55426 1917.71354 33106.60951 32904.93382 117229.82739 44159.25813 98038.67027 50680.1153 12227.88996 24042.65635 8578.40478 62869.43799 798.99791 52662.03736 20170.42975 51908.52538 10579.14665 131293.09006 98953.45064 14668.83262 20964.24734 36618.44959 11689.59507 65148.27454 3106.06184 14915.55679 12157.12016 23065.14662 37812.42666 17986.65016 3513.0797 63390.25188 59005.41544 471.59637 16586.24538 84217.23927 51419.69923 66873.46637 44778.80693 47163.381 18710.53015 10216.24106 5407.95308 63689.5134 13000.67239 50679.46197 10470.62387 15410.74892 4558.54223 23226.77818 71159.89851 44903.14894 10963.85134 16636.26251 54198.67557 52765.65261 55359.88888 38564.05775 26248.5113 75118.15501 74803.44822 55371.87079 54290.60143 18122.70182 9625.39158 78543.19244 34965.0679 51996.6983 80400.62471 36521.41484 91590.37719 33987.47104 29898.69399 13396.25744 10790.22539 25345.825 4629.8027 108499.89777 8854.1492 21832.04992 31319.53047 107524.60603 89986.61696 55794.87933 9395.87124 2269.12975 18108.21272 106067.43617 9095.11797 32660.84383 5935.44728 55524.32829 843.36682 16419.63015 53977.73041 38165.5048 7495.26693 62752.09882 5981.08638 59903.42753 104432.84763 4578.01784 15844.5248 27251.43312 31773.94004 94729.73161 8814.4192 26696.22509 24464.75572 64894.47617 17129.72724 18669.493 9468.76017 40267.19451 7279.73708 60379.2162 25968.37278 114798.49468 93252.38551 51820.23317 72155.18568 12126.00074 30730.28308 12210.86188
44349.63302 24648.24899 26615.49144 32605.86865 9562.95814 90066.31333 2011.09585 8454.46451 26836.15659 7123.49437 36974.49912 16332.02468 39872.3331 9073.69256 8423.14258 16248.7999 40711.9783 1445.87359 23463.27976 22814.07868 40527.69379 2011.29855 20976.79663 22974.81789 4705.2367 4855.28819 13214.47473 3309.50853 58829.77039 17795.00878 36916.43253 15271.20529 45178.70444 43442.554 79439.62306 46560.11385 70332.48542 26721.44941 6927.85577 17542.27087 83317.5339 49625.98048 37952.99509 21566.97255 28305.12034 15398.39153 34749.47616 68628.47275 75292.06972 39240.33794 867.73603 24685.13155 17635.57186 29794.59653 13607.19505 9413.99258 4197.24849 27958.60449 26065.39969 1548.6148 15888.3279 49891.13708 22550.57866 55371.24197 10601.30508 63936.66713 14352.96155 57959.13553 3674.41184 41063.11731 6516.01161 65923.40502 5032.45238 20934.08969 70046.21206 24452.24645 14579.95856 42680.05895 6799.89813 12389.6872 54398.42448 56591.04205 92911.39328 21496.31333 16534.28571 24042.19561 14490.60873 18144.99191 44425.01856 15951.73964 11301.96795 95346.03405 41563.12714 26355.53104 54431.08361 64280.29821 35003.67911 11727.72156 9598.64818 22195.97211 44682.69673 45695.29755 2170.28942 40008.82559 12944.81945 11892.1106 62829.78537 18013.27044 18614.85778 50018.54771 35274.44151 2434.61163 4861.88404 29107.85653 885.727 42428.50904 1884.80257 7049.48236 2534.91777 27885.9469 14735.383 32004.32266 5141.83898 32829.13861 37034.2482 44992.13583 31378.72257 81801.85021 16599.92456 1708.6021 49373.90787 43542.05373 8667.25946 3669.34072 15331.39362 62134.96262 18682.00474 62584.5924 97354.27171 51295.73798 14652.15832 19439.19786 27987.62621 21409.89844 39370.20446 6956.4495 10501.9403 7054.24891 21452.86458 11912.06763
38093.04911 14768.74923 27138.38177 31297.59173 8153.29517 93992.82944 2958.52797 9053.08002 24969.9685 2039.39343 35689.804 12418.14247 34055.71522 9480.28097 7286.72482 19560.00264 39511.80758 516.04965 18573.73066 23287.39571 40396.54704 2812.71243 28218.41323 17246.59953 3387.07983 4103.91867 12465.3746 2439.64021 53476.02775 20976.86918 41142.05606 11119.36404 41092.45171 38997.29885 74027.55514 40607.94332 56864.55393 24516.40241 5391.43068 17604.99802 80691.80763 44975.80185 32125.53245 30270.65601 34203.81949 11808.46025 31444.54566 58881.27637 78409.23846 38223.67497 791.18976 20765.34743 19374.92051 27274.70224 9346.59234 7031.84177 4087.90752 21628.95755 22703.0433 1547.55829 13130.6551 49439.31533 18317.08994 47932.72261 9552.45003 52132.83457 16290.12626 56944.73855 2989.44433 37094.27796 6249.1225 65346.16683 4418.56435 18408.30839 65945.42749 19448.09799 7505.65467 34285.32722 7015.95759 10143.7562 49665.3665 44601.61774 77598.83269 18131.51676 14926.58925 24397.32384 18475.77521 23919.8844 36751.591 13586.1569 10958.00171 89025.19721 35719.11282 24351.18666 47278.8614 46020.41241 39912.04144 13577.80336 8712.51643 20015.19221 36212.32217 38935.82819 1917.04528 38791.83714 14147.33181 9935.17529 52308.36236 25465.63691 17125.70578 42424.67448 34845.94584 2725.61924 4772.81899 35765.05209 1459.75766 38385.58393 1617.88742 11525.66868 2047.55982 24339.55688 10374.71619 31465.53484 5253.91839 31347.03101 34975.58202 38083.05407 40080.25782 68852.07292 13945.68559 3552.52645 38880.14308 44905.28651 7639.19386 4756.82419 16041.92601 64002.23977 18528.33608 56165.79014 99664.53448 38820.69995 12982.68426 19249.49638 24004.09361 34365.48391 35183.85203 10121.95328 6785.96262 7235.58868 18371.67342 9736.34579
53474.57716 49237.81419 35131.18325 12627.23098 19051.54575 84081.94614 4148.77913 2844.55586 20423.52163 22155.92584 59606.30701 23781.06849 49942.86194 17286.28 14462.30344 36607.62808 33939.00874 4503.56467 35520.86703 46978.37156 42690.68136 5392.65212 14375.44281 28576.03509 8927.59043 9305.6189 19422.16306 3990.15447 58627.64295 10500.48482 13358.55159 34077.8928 75709.60355 63699.67466 79669.98929 47701.6525 75467.65286 15644.89815 7649.55516 6082.69466 83602.83305 71278.78514 36340.9233 25710.89111 13146.80401 16432.81314 41177.52409 90321.56468 93565.79798 31311.45082 1861.22754 32944.88479 19509.99562 25221.18842 20695.95514 16319.74741 6446.99243 45934.32695 47445.03842 2086.89152 19415.92385 35829.01618 35097.93865 48701.55369 11009.557 83927.05434 13064.12743 76339.04501 5028.45378 65627.73958 11980.74764 69867.92984 4153.84402 29141.61803 80048.24103 26679.55711 36369.95503 40016.18425 4895.78048 17185.36632 47091.01067 69729.75573 86048.2703 33477.42193 18899.95223 11136.7937 11216.92247 10987.18719 49193.90636 10743.05673 16986.06407 74230.57781 54030.80673 42475.8459 79743.76652 78825.49058 15674.9729 4529.77404 22506.21659 22633.80575 44581.65587 60460.17471 3629.52697 67620.84935 14291.4412 7679.68379 78438.91969 43617.98674 46786.35442 72729.8889 43861.66698 2205.04223 4315.66003 5176.68625 2736.90852 50836.34773 2415.86951 16425.95896 2426.76629 31519.13759 34524.92808 32730.02082 3224.51043 23898.71569 43429.0881 67193.61776 13183.78466 90318.36361 18839.72016 6752.47888 56960.84458 14787.48835 12376.52796 10917.49495 12291.78179 53196.70478 18624.66058 74490.14639 112846.66726 73529.88164 18898.22325 9485.11756 24682.29851 21879.86442 57749.56295 8901.32846 32280.105 4189.71181 34139.27811 15484.11746
50800.60943 58767.86029 27641.23353 21396.16128 27189.65342 30249.19116 11634.0909 9423.91605 13363.40764 40615.90179 71961.4236 31526.31856 46675.14498 30035.41185 19209.47324 75579.07442 12526.56398 9024.27875 41448.50618 67168.79709 28901.60026 10870.97032 52042.60071 31176.55153 16186.5626 11871.15215 42348.74488 3228.97635 37931.03006 8230.40755 47899.11939 53334.63342 94925.04515 69696.00632 78922.97893 37664.48415 60353.01718 17314.54482 5865.97452 20727.08183 64748.04538 93529.26482 24721.33634 83169.36688 50325.56065 11098.64168 22473.11299 76359.9109 81378.61346 20296.57293 3059.63572 33660.74354 8516.23848 10104.81289 32098.53804 25042.60171 6753.41854 57962.4268 60184.56056 1774.69684 20554.80582 9987.68799 45984.3251 15982.48048 23042.42181 94365.56912 3000.71061 57275.29985 6588.02646 91981.22949 15958.61404 26149.05676 5368.47619 28996.80585 59397.42874 20678.69138 65132.83221 19357.99628 1804.49703 21738.90598 14781.02526 74753.67076 35506.841 47431.22091 20217.26419 31283.95158 45897.47097 29781.20715 49835.34593 1641.20616 16702.74104 26278.89995 50965.97772 61497.90418 119410.39512 82450.42632 29768.55431 14398.38907 30005.46201 15558.72705 34337.6673 59085.78657 5275.939 95585.90041 8268.1237 7225.56639 80969.54672 94883.61003 87399.35325 82481.56126 37390.49347 847.32038 10774.43434 42664.35295 7284.78813 48118.26404 3534.64992 43651.34541 2119.46655 34687.02857 47547.97535 17111.61283 1425.48896 19246.40904 32354.78523 72377.98978 61690.86118 84965.78214 13020.95087 19636.59197 44300.73336 43122.35351 15614.40963 22506.01269 5624.42044 20166.03684 10740.65145 49910.97983 97692.15609 67047.43302 17742.87865 29628.15439 8592.18111 74273.92797 89892.73189 27811.45031 54141.85133 2361.38774 47243.15658 15334.14238
11947.97562 20738.83524 13953.35757 46903.43951 6901.50893 81658.50378 9297.86785 19607.97501 35726.89908 26293.70228 18495.92841 17188.76064 16565.19232 11661.70907 4023.76109 59396.54787 40055.66645 4400.26958 10248.5231 29394.63203 29016.03786 9093.145 58700.84705 6216.24648 5426.253 3043.41557 44186.24049 1247.49178 43666.0952 27458.48539 80221.90588 14353.03583 44559.22833 19088.85773 37065.84991 28204.46198 37536.02961 46395.30856 3744.62589 33477.88689 57014.55189 4374.91263 23406.55143 80410.27162 56643.40615 13731.87484 27982.63585 14212.42976 43777.17492 57944.24927 1349.1469 4620.63602 15048.64294 30733.52632 15366.10848 5921.17752 867.87974 18669.22158 18870.22871 683.41199 7052.84965 64572.93128 32369.94059 62650.05682 27467.09201 15711.84093 17562.13288 38655.35005 1742.45209 23963.52891 4808.22013 70547.97599 6595.63944 7512.74654 37977.84588 19481.0429 29657.17076 44742.60583 9003.19384 3411.1468 58009.77618 14901.57211 83469.77059 10102.75641 16736.83121 50991.53146 45719.28112 41997.97197 31004.0005 17632.03958 5268.05197 91941.11901 20175.66502 14680.6892 29782.45491 13134.41777 63860.09269 22230.66962 13050.9858 17449.24639 24648.78053 13347.63151 1458.06194 41451.90435 11716.0864 15355.53779 19338.27451 53041.11712 31922.94475 9912.0128 17451.57363 2694.84359 11586.40568 67699.11965 5381.38324 24713.97993 3573.69594 29213.46587 1463.7977 7583.74498 21591.61938 34690.60733 6727.86436 48814.47502 21099.68068 15645.21285 68612.78054 41886.52563 12720.39512 13521.07382 28552.79303 75148.00949 1404.05662 12001.56306 20690.89898 67409.53577 17264.43997 41631.17163 49775.50616 10305.2194 5880.59561 37063.4772 27767.36827 72918.48566 34780.31857 27013.79597 30724.51118 11062.62691 11133.98218 5154.49028
31392.56149 23116.77776 21013.78585 26052.41852 11834.53964 60178.60076 5790.62416 8390.21165 12743.3293 12482.57223 38200.36436 5656.45683 33283.36537 13805.81378 9887.8575 39812.27778 28763.54833 2714.4091 25068.77783 37476.55803 25356.04623 5042.38505 31485.79853 18573.80872 6765.69248 5873.44495 9862.97498 2270.64747 40150.70632 13335.06719 40391.04067 17281.2547 62680.6062 42437.19475 62084.3699 31385.09681 53289.08265 14806.85544 5555.88943 14665.8816 58561.26692 49088.04896 23514.83497 43892.87204 32894.09822 7193.00965 25206.415 53772.33764 58537.23051 21647.69347 1466.77121 19691.13145 11605.89 21330.67907 6012.06036 10590.61821 4092.4626 24883.5439 32766.24031 1436.79925 10659.68123 34264.80719 6334.56774 34460.27753 4670.0761 51711.69615 8952.92695 44143.98825 2663.3981 47436.53014 8330.04015 47902.89221 1511.35491 18021.80487 51364.24957 14512.40277 19975.38942 20744.18052 4365.66605 12106.99431 36397.94451 36876.99997 56243.65081 24908.34087 6218.12251 16410.58215 22131.86871 23339.59574 20465.44873 12075.45916 8314.03335 65115.93368 25048.75256 28560.7614 66319.96846 50940.21408 35621.14079 9526.94827 13163.55911 14962.02965 30290.94817 30359.96063 2605.86744 59669.60025 9734.36577 5966.1994 51272.07861 45731.18707 34414.93984 43583.91232 29299.85435 1840.6942 3384.37355 28998.443 3122.51648 27038.07765 154.79223 19678.37775 1940.40913 21748.302 16434.21219 16284.63675 2960.62657 16542.25023 30144.58424 40165.32381 43922.405 72984.06494 8817.8845 7547.88284 27530.58283 36988.12373 8173.07171 8847.43523 10027.79139 49031.87228 11979.5079 49589.48245 72439.96361 39185.40212 12307.22596 13320.8035 16803.29192 45505.49459 43802.81951 15883.93832 19091.58904 5095.06141 27961.70902 7800.71525
21910.67094 64679.05004 3878.2751 71827.09761 24180.12199 70996.32867 14768.9077 26447.38801 44773.80261 54328.50412 51591.36622 39525.24275 15931.43184 27252.17388 16010.29926 106703.02731 37597.28004 11075.37569 29064.26645 66154.22463 34923.30289 15630.01543 91893.24163 11968.69412 14363.78309 11899.8035 71077.81962 2075.22189 33781.6891 41158.20245 103578.41935 49872.64495 96710.4561 54688.33195 9019.74694 27733.93423 10947.03086 54857.81704 826.28389 56349.19794 21572.17239 54314.51283 13326.73435 126696.11146 96972.85543 18153.43174 24553.45321 33163.17007 7988.20974 75584.42089 2672.69331 16892.15475 12671.72356 26274.41355 38105.13594 21144.24389 3057.59308 59511.37279 60295.65028 465.14307 15893.27979 78924.81691 53961.07174 63154.06802 40669.09126 38835.52997 17517.95599 11059.35782 5928.38352 69360.76102 13251.23113 57585.65253 9857.10497 14402.25662 7206.40704 23082.00326 73052.88739 55950.05411 11156.67322 16274.86777 58077.97568 46474.65323 60281.69658 35873.71604 29412.66943 88379.89995 82343.70533 55837.38076 63391.33136 19650.65436 10395.35459 97241.1125 30547.60445 44649.14633 87972.29993 34735.44298 89662.37586 33544.84662 29806.99424 16849.98875 12458.07785 29276.13718 4110.78616 86709.17142 9736.01196 22187.04406 26017.02228 110335.4237 89911.66724 52761.0166 9844.95259 2201.10759 18692.65734 88852.46754 9857.01729 37770.07412 5658.14054 62450.57454 1041.51853 17188.59811 59563.9893 37070.49711 8956.35939 61935.22472 4114.85678 49290.2129 127828.35196 2108.85338 15047.77849 23609.86732 34710.04076 107822.82488 8808.64874 24702.96143 26034.3823 58339.7836 18160.40327 21519.46169 5574.00607 37332.52839 6156.46396 59667.91235 29945.84506 134084.74771 87951.88374 44015.3451 72720.49112 13917.66018 29728.49461 11822.8395
40313.58995 16334.4532 22726.91713 28136.82025 9603.0395 72496.40086 3347.87498 8966.12805 19861.70056 4805.83558 38016.7405 8762.71686 35367.42669 12863.05576 7626.87149 26908.18396 37688.77992 1083.40843 21056.74644 30322.78214 35060.67623 3518.66424 28495.45883 19260.45574 5127.15944 4548.07433 8311.20612 2818.99597 56117.17874 18150.61226 40132.58353 15306.42692 48184.89545 38904.50761 70992.94481 32912.95282 56633.26875 21214.20008 5515.83666 15271.72425 66307.55964 48140.90087 31986.76948 35354.99116 30627.50617 10517.00224 29962.41606 54264.19166 75512.73808 32482.83096 915.89929 21899.79738 14912.98526 29759.20762 7024.60544 8122.86789 4308.35924 25231.82307 29467.1229 1513.02 11315.55982 48340.56897 14201.94757 43335.13667 6204.9694 60666.20966 14007.44957 61660.02744 2924.21539 37889.08718 6415.08981 62591.13458 3365.33271 19627.4482 56139.54576 21281.48515 10950.16363 29054.80883 6162.2174 9881.22845 46321.50559 47415.56715 76797.15244 20706.27357 10293.27082 20620.1875 18527.83268 24347.74855 33028.10746 12384.78275 10350.46856 90266.10026 31661.7337 28428.51844 53874.0241 47310.22537 37473.94701 10679.28342 10870.76533 17949.81108 38022.29631 40383.73025 2026.61447 48257.76865 12096.9196 9168.78823 52955.37236 27875.78528 25038.50139 45203.33157 30855.38709 2175.84922 2923.40712 28227.47026 1736.53683 33343.44985 1168.11121 12701.52908 2354.78159 23653.21115 11018.16208 27395.41254 3782.65455 28186.4631 30308.1943 42728.24564 31692.9611 69607.81318 14656.6271 4675.09418 34026.84853 35597.29956 6992.67126 6571.05896 12442.51085 57499.9736 15136.06187 56109.88289 92013.81584 47706.93437 15705.58391 15160.56365 19621.08171 29628.70653 42156.66123 10815.85699 11465.22026 6210.39364 21167.31057 10183.00411
19609.74658 41051.05142 10655.69586 51834.7685 19366.52091 58301.27138 11185.66625 19839.03631 27078.23775 41139.42327 38278.27337 22950.85001 18684.64407 24056.96573 13013.13352 85044.74458 22310.49881 7683.5547 25850.27133 53380.27387 11983.72714 11689.92514 57044.35668 8662.69673 12690.47436 9020.94653 50862.48208 790.73268 16417.7747 25149.52295 87325.46395 36064.82511 77563.91052 44635.69643 26940.80164 5078.52883 15325.52044 42802.83821 1805.41932 36815.55093 17231.92065 39346.13566 6639.833 94899.60764 70248.6876 7671.82073 12989.31865 34747.60134 31223.32681 45933.14124 2245.23276 13227.39433 7126.91298 20896.5269 23807.14374 14073.37468 3117.10291 40591.52272 45715.98452 609.64315 8067.40937 57288.95667 36761.08535 39722.50437 26038.15741 35852.26106 11251.5991 13179.40484 3297.30356 61990.1007 10313.17619 37588.87429 6307.80657 8202.59166 17371.79329 9791.45369 51607.50179 28992.39583 6956.34609 12581.93694 28141.19402 28684.17112 39348.1531 32662.70151 14691.41472 48682.07411 62589.8028 46643.86605 26675.46731 11199.54715 4672.00493 66702.64944 14026.36016 35626.37327 81627.20227 29988.98991 67113.98592 24942.55942 24866.31693 5968.4959 5950.08206 19026.83802 3934.10423 72780.43751 4485.67596 13328.36297 27406.69392 89923.2806 60603.61153 47504.94509 5727.26351 1611.5346 13765.13009 71733.00273 6393.72281 14864.69639 3768.34279 41945.70099 328.1897 11443.11066 35707.76168 19905.86697 5007.29673 38855.19984 16291.65081 49467.89669 78393.58129 29641.3267 5682.59899 18666.55704 12142.87897 76236.61682 8274.14252 19706.47249 14442.27616 47053.08155 8322.87362 8602.716 33192.48179 28023.58031 5545.40189 43928.67423 16181.32294 91617.50827 62248.31672 35515.85186 49451.15697 8220.60033 31579.07031 5281.2051
31172.22091 26851.61966 18419.12712 33775.02905 12520.63142 58841.16785 7055.73781 11808.1669 12178.09124 24404.8019 35818.63977 8171.63444 31866.22928 20048.61144 9335.84181 61794.28923 20397.11618 4548.26937 25309.77998 43745.66426 11168.81015 7471.62231 47280.13856 14213.20406 8076.35712 7025.85685 27408.98394 1462.45798 27304.5289 15940.31255 61969.33883 24476.18532 63973.56362 41505.61482 47908.95643 15643.90992 37299.62364 21928.29037 3757.65011 19195.13855 45133.89851 35519.02346 18360.4806 63313.43631 44545.5276 2475.8434 19469.83311 43860.55983 55810.61446 21484.7933 1653.5546 15538.56591 10020.92949 20442.302 10707.95625 12196.57409 3269.61404 22917.04102 32078.0969 989.5337 6608.94519 34185.948 12825.07155 24695.58676 11981.68026 51633.18655 7457.19168 35498.01977 2312.96156 45558.25175 9304.97846 39356.19288 2044.20924 12019.42293 40670.44982 4735.1026 29303.13956 14841.61945 4061.13646 11313.19127 26633.22006 31035.22515 40976.91692 27003.7516 2661.93616 29749.46285 33648.5654 29352.04867 4633.31482 10636.33639 6222.70277 57875.54139 18547.70653 30090.88507 66806.31245 39461.50402 40689.96538 13696.12039 16317.25624 9391.8921 24243.48465 26894.29914 3201.39991 64105.36891 6351.14034 7389.31834 39620.1337 58658.63074 40996.55029 48170.00028 21556.99982 1480.71226 6879.94868 45570.40648 4524.90937 16690.35078 1177.80728 29989.67714 1113.62219 16764.06433 22735.15908 10239.99625 2879.43827 14439.18296 22383.28787 46976.14472 58602.41415 47482.94562 4680.83562 10915.07177 16716.62728 50792.3451 7412.38091 13416.25403 8060.14815 39328.84465 6801.05015 29996.81664 60088.08301 28973.59544 8687.88867 23787.52313 10340.54458 59740.81565 59426.62029 25054.49221 30288.29299 5838.04425 26787.9719 4708.41501
22791.81896 65016.94095 5494.69714 70097.41774 22624.86346 71559.75813 16356.81115 26077.46241 37954.78595 47258.98703 48385.9724 33734.11184 19859.99809 27243.73407 14711.6378 91931.26383 34672.74866 9328.28865 33363.34449 62258.43625 26815.33401 14581.58143 86009.05497 11909.09228 13789.34755 11193.01182 67403.20635 1849.53467 32743.40582 33643.30762 97416.14654 42196.67174 84994.71621 53615.58581 10931.00427 22515.12 5480.77896 52579.01333 526.43794 43650.44805 16693.17757 53944.5739 8741.75004 112485.26769 88965.08902 14923.21632 19727.50476 40458.98658 13779.75748 65869.17557 2967.47322 16512.50734 11536.50391 24391.14036 35344.0323 18074.02284 3614.03239 50868.16867 52673.86479 420.70342 17050.05923 71149.96535 50325.13811 57383.72927 39500.25239 45542.50118 15767.25014 6398.98269 5416.86874 67878.01581 13182.21679 49554.82949 10308.58653 14667.11548 1945.5711 22301.04955 63418.60007 48945.65789 9887.14129 14794.92919 44193.76571 49602.51461 54134.67515 33517.12102 25620.56709 72281.35877 80558.3666 57203.5853 53586.92251 18540.95936 8414.32662 85992.92944 29245.38797 50592.33544 82697.46556 37737.61627 83814.78542 36267.98108 32553.90489 14531.841 8468.20476 25445.65597 4506.8203 98407.933 8320.6855 23076.16073 31394.57464 103992.26323 86482.04905 50477.54954 6706.90778 2099.83443 18214.45437 97624.4155 9032.75008 30287.61413 5795.51161 57340.4274 765.35329 16386.03994 52862.11038 33743.78986 7724.16549 58922.09595 6260.3363 57606.98721 112572.3499 5698.84709 12961.1807 25185.81393 28192.2886 94574.25442 9545.55463 26663.03873 24070.66291 61936.58835 15594.32393 18386.66706 10366.04963 37437.91118 6481.97176 52124.13088 27300.9476 130220.74071 92221.48991 43111.04468 64149.76189 11488.85972 31789.81518 10518.2954
44558.90751 37875.87971 29307.04277 9984.59524 17781.85089 60743.69463 5181.31122 2605.29896 11814.84757 23340.81476 54270.40887 16678.20817 42502.53027 18747.86396 14654.91522 43540.69231 30820.23468 4629.92213 30448.12487 49812.05514 34085.01615 5886.15198 27763.93279 25200.56519 10034.62676 7697.05253 14203.80122 3196.32006 45656.69896 6380.56605 23742.13106 32215.77745 68086.36946 60661.85865 82048.7764 41295.10676 66304.37045 6252.50601 6189.64338 3085.58235 70943.41743 62230.55937 28908.9951 41278.54773 23515.88707 10745.35206 28760.8817 74714.39233 86370.48307 17713.23538 1753.90403 24604.70495 13145.82808 23052.12269 18008.67524 16792.53765 5829.4314 38997.93367 42375.88906 1812.89446 15141.93416 22881.59991 24270.34616 28513.85611 6733.88039 81442.99608 9919.54164 62307.822 4597.85408 67205.34118 9852.09461 44641.60689 2310.88613 26321.76835 58202.2421 20016.4023 35377.44097 25398.64845 3606.00434 16588.27094 34190.4718 64443.07145 66637.17407 34729.66429 12936.81013 3770.57744 17234.9244 18151.33028 39557.77156 9374.17437 12422.70398 58646.58551 38156.95057 39243.4723 72581.13991 61092.20103 17795.65461 1621.8049 19334.07285 16634.21864 42531.79464 43289.0965 3545.56012 72326.59762 10811.43771 3147.0375 59651.88667 46693.44798 43525.44203 64520.28998 36873.18252 1923.56283 2836.9742 11572.66525 3450.56007 44691.49273 1454.06877 22728.30197 2108.5717 30327.4061 28715.18929 19548.97472 2283.108 13994.21596 32211.62254 60301.64859 29247.69936 76337.06197 12576.32443 8398.92715 41065.76697 21189.36702 10595.05623 10969.68246 8066.97982 45616.71877 14294.60969 62571.60215 97253.79288 57571.56578 18668.76585 3065.1881 16697.77831 33808.55654 68284.42619 13802.03786 33724.46896 3131.58981 35614.18994 13270.14514
21850.49485 10726.41483 20573.20595 49625.10534 1723.8433 96687.63312 6534.03306 16148.5847 29876.01365 15143.40262 16553.95964 15158.62145 23568.72365 8889.65432 1291.28262 39577.91569 40915.65557 3415.60472 9172.49427 15309.21487 37904.63482 6128.29953 41596.52605 11194.5578 2736.60757 624.2652 34570.4754 1939.21239 54045.6165 26989.17707 72196.44803 6259.48259 27928.99979 15562.60731 56572.04856 31719.62291 56112.75549 42256.1532 5083.97677 28269.01158 65136.38325 23678.69486 29483.84591 65105.03406 55835.29785 13052.72715 36476.58173 32502.32391 60287.82093 57301.09535 658.73498 11773.73882 18440.54886 32545.19797 12590.41387 1795.4752 1937.70646 14784.18861 9083.95537 1115.44975 8503.5693 58599.73566 26731.77024 67531.59797 18725.16325 30632.5959 18903.35254 50146.18134 1792.81056 18457.86084 3523.80089 62653.90782 5843.44511 13819.81546 46711.13038 19814.59445 18571.8073 44762.59753 8632.01213 2896.26246 49147.24965 29038.9517 80260.70825 7010.06168 16263.06207 44280.90851 36520.96598 35967.92066 37273.25794 16800.56554 8285.94612 107325.41529 24794.61577 8618.99675 21064.63786 32422.96849 57498.73814 21535.98177 5235.97687 22393.47559 37008.37339 24961.01529 802.82503 28156.08487 12909.34024 15204.75601 33884.07246 37863.88404 19899.74573 16833.215 26569.52854 2698.71642 10015.31038 59410.92072 3652.90398 31231.37486 2762.43893 24484.38339 2225.25716 12719.43201 10163.49546 36206.79467 6117.72066 39251.53472 26111.28414 13493.54605 63055.6901 61805.49223 17400.82019 10344.31049 34079.20348 70675.49007 2940.37548 8625.14872 20062.66349 72609.42673 20218.43724 51022.24151 68283.76297 22913.40365 9587.03363 37391.89214 24441.84038 63389.13546 19050.47523 24052.92341 15703.80268 10291.29023 11401.34778 8565.24451
55379.43121 48470.69045 29857.29578 11106.87566 21643.70088 64214.16781 4308.19211 2067.53805 18188.01344 22773.92291 55080.53384 20952.33471 53725.47631 19132.82847 14005.95126 38172.57025 30932.0589 5195.51109 38380.18857 47172.59064 39467.3977 5081.19781 17651.25863 30365.65239 10354.15531 9668.15938 17487.34317 3314.70431 55483.19553 8043.18988 14065.1466 35538.80468 85546.01726 65893.27589 85012.27248 47500.26171 70927.94054 14114.95356 7249.77998 4552.27769 92047.95833 68989.0459 33149.85858 34242.04924 16410.55561 13614.82806 35102.45294 82087.23047 91661.23367 29313.31529 1924.35481 28777.38572 17508.4932 23889.05784 19483.94383 16477.45804 6610.09008 50067.5953 47818.46396 2095.00611 18428.69028 27489.32419 29438.03138 40156.11738 8652.36293 86731.44413 11580.74896 66219.42603 4995.96566 59817.51828 9938.57031 55387.18321 3759.44937 28733.99839 69869.86396 26624.59443 34637.35194 30310.37554 5088.42939 17799.14082 44766.24127 68848.16001 76883.62206 35079.25641 20571.35971 8626.72645 12902.86563 12058.63669 43671.02733 11036.15033 15640.75686 76163.2323 47996.92897 44640.56396 87970.27953 83196.96626 13138.31991 3252.39898 19357.57281 22736.84026 44413.33717 55585.99157 4084.03888 75735.9672 14399.1278 6509.52034 65885.41413 43387.50014 53989.46999 65954.47174 38852.89103 2199.62074 4411.02333 858.12137 3271.12869 50477.02399 2019.07776 18744.86883 2850.049 37592.76557 30345.78477 25791.63062 3438.22156 23713.93202 42443.24701 61659.21445 16716.56351 101757.28432 15738.77112 7777.16017 55061.8117 13616.33965 12810.47332 11755.84543 10001.64941 53745.40901 17532.57703 62615.06167 101297.98222 71220.567 17982.20227 7845.15687 22858.16708 24035.04822 68296.18267 12678.47343 36032.57939 4346.70486 32887.15136 16724.79299
67541.17469 51904.2929 38256.27814 10285.63469 24472.65843 76287.27531 5837.51417 3334.58113 24465.64065 30777.81085 57367.34333 29551.33497 60760.13155 21770.33445 18526.59671 48858.31699 34984.36044 6211.26952 37991.85974 53648.29403 45685.46207 6835.27916 19344.2219 30432.4722 11457.6382 11411.82835 30047.81949 3959.47996 64395.02218 9656.30804 5952.05514 41037.07497 90289.77844 71903.7043 93258.98098 53482.34524 95534.37216 20239.9203 9041.59842 8649.82474 103254.19269 81021.30552 36234.25073 41172.31228 14612.42323 17392.50575 35445.86151 97148.14647 106309.11173 34582.46287 2061.67752 37908.61223 18165.07844 26811.2507 27155.02938 20845.58251 6578.67322 67969.73748 62599.28652 2005.91515 24391.46473 26936.67448 43903.76518 41811.2882 15574.0435 103756.40822 13622.72667 85366.0238 7353.74644 81287.86061 13930.10209 57395.43145 5610.98959 34028.3587 78006.84759 32704.18107 47850.70479 35815.974 5273.15397 22680.20226 50432.53129 87516.56625 74689.33584 38689.68284 25030.61692 20878.75797 19945.30896 11218.16406 55103.76461 10467.43766 20041.88645 66413.2061 56118.17373 58433.71047 98621.925 82670.15528 6479.59813 6824.94604 23379.85594 23492.24742 50641.808 69852.64765 4497.75534 93815.36795 14169.77685 8761.6946 83356.74666 55163.33129 63906.99514 73544.51888 51303.42378 2371.92177 7211.89488 12570.42333 4436.4869 62934.80546 3256.25507 22857.60543 2946.83073 36607.96886 42116.03056 30619.99858 3735.00412 33300.0179 45850.91976 65874.78011 20324.93221 100991.07784 19538.95862 10624.31312 63568.46887 2450.55068 13191.8551 13410.82449 12218.75516 59334.98991 20267.55957 77170.17716 116412.69005 74538.29982 22444.20862 14447.46974 24823.59665 28826.0462 75630.63081 16291.94944 43484.96412 4393.23656 39687.93783 18100.18175
31952.38865 13144.57077 25689.55628 25615.05765 8406.16063 68381.5158 3918.20265 8613.89695 19522.34846 6472.82699 31627.57333 5758.48351 36404.31047 13350.23004 6636.13637 29720.23552 33839.2923 1441.1806 21790.84134 32241.55025 27536.13818 4075.95182 31211.33764 16745.10348 4519.28904 4382.55559 11400.02206 2036.04352 49220.83387 18353.53264 44317.07808 11939.66951 51550.11326 35727.8903 57428.85058 32649.8399 57177.36823 20964.31174 5196.2515 17684.81435 65287.53387 40719.76518 27949.0862 39110.81595 32581.65371 9904.9383 28685.98874 48275.64005 68629.26395 30859.88392 904.82503 19226.41945 14164.70099 24755.70799 4221.74497 9352.30361 3867.567 20016.92137 28348.55995 1325.72909 10520.51073 41789.20668 9384.73361 42830.66368 6826.12114 47222.58224 11823.70731 52993.41848 2275.15414 42293.73677 6742.65023 51679.43116 2520.95852 16138.42875 57578.88984 16219.07901 10244.76933 27938.75523 6106.00472 11194.23007 44946.07544 42830.35765 64609.4166 18945.891 8685.39513 22675.2545 19988.04206 26718.98475 27884.88902 13878.22679 9099.61592 78841.04026 29103.15303 28005.45875 51832.8454 44079.23824 38384.43889 11488.13397 12241.43554 16772.10824 37426.79802 29480.53165 1881.38934 45959.30761 11209.87714 8543.86132 51257.28782 34658.29068 26566.95709 39252.60629 25945.4037 2174.42756 3954.66907 28627.66244 2612.0108 30946.70092 814.53743 15316.6465 1861.36055 21777.81072 10989.31941 21579.42772 3926.77413 22743.98823 32050.68971 36067.83362 44345.80463 74911.19906 12682.77209 6198.63621 33047.54677 40298.48923 7300.606 6827.19839 11699.33735 53064.64184 14155.2917 49514.18839 87216.54957 33866.91224 12727.79383 15208.05856 19262.64948 35870.89722 35053.27468 14061.91399 11816.36523 6232.88629 20300.49392 7657.08524
11697.07956 44452.7715 5436.63198 57971.72494 18638.39291 70412.70287 11642.70966 20045.74784 34523.17702 40293.97383 35471.74967 22751.01151 12868.73917 23013.07686 10270.55322 89769.75893 28894.95904 7968.75223 24465.16764 57726.11542 21552.97154 11140.86122 70283.66841 6073.76465 10442.50182 8286.7902 56741.69701 800.59209 32622.91966 28081.11602 92041.48497 35346.00069 78842.11725 39119.69025 16592.6534 14011.90683 10945.87406 44462.90434 1064.61338 35672.1139 20949.50211 29330.69627 10565.49711 97001.68493 80083.4448 10948.42249 21592.76467 22576.43757 21562.74052 52516.51501 2463.10499 9570.78191 9825.71618 25912.66293 22698.28422 14108.12424 2105.89965 34028.05266 38592.70522 204.21547 9044.65919 59111.62465 37654.04645 54980.89824 27883.372 29810.3721 16373.63491 10239.78187 3254.92317 49102.77211 9708.11156 47395.01076 7733.2314 6340.40608 14413.3015 16984.06749 54835.05922 37951.23342 7675.95219 10792.95752 43890.78771 26932.66317 51178.58194 23988.02295 19129.55773 54571.58763 58986.4157 46535.32382 34163.13913 15788.57568 5016.99013 71443.86226 15977.6228 34294.35443 70593.71593 19646.84201 76286.41538 24981.542 23743.67928 11908.24055 10247.37641 10943.39282 3659.02866 79093.46739 8683.29938 16997.71113 20892.32759 88139.84701 67791.49323 38093.2605 2947.09359 1959.22879 14820.66044 83050.36919 6609.66669 16179.08781 3985.45533 44795.8533 635.74075 8702.37122 37371.88378 27192.03677 6208.00473 41652.53599 10569.48817 38022.32157 87294.98102 20810.59742 11544.78044 21809.35792 18530.89985 90181.55033 6285.91182 17737.37414 17063.69858 61581.70165 12959.21672 16446.24554 23286.67925 19622.7938 2026.96469 51390.64032 23180.91929 109476.96728 65539.18896 36639.76993 49826.80105 11342.28064 24521.0189 6075.26458
35231.08507 17222.75735 25825.8301 30902.08784 9242.93037 85447.21681 3426.0289 8108.47527 22600.20565 4524.72626 33805.10348 8350.72135 39767.18804 11734.47463 7747.93923 29986.03147 31867.59284 1006.09036 23324.09607 29594.1644 29574.99602 3550.10756 25767.75023 18156.13305 4987.13252 4358.1471 8909.42676 2465.79275 51974.5578 18381.68847 46862.94236 12033.41939 46864.61582 41847.04294 70855.38247 39115.25199 65992.16792 22908.27865 5268.84087 18020.28041 71763.74913 43279.28325 28864.8643 31309.14696 29709.87338 11763.80399 35592.01138 57020.9865 75778.50941 33670.96298 1018.09903 20972.16113 15691.83968 26947.90684 7210.68879 8026.646 3813.11695 25050.99668 23019.37182 1522.23178 10870.04995 42480.99753 12585.15744 48117.06502 6869.72844 56114.47666 13289.28516 51720.09997 2508.22803 36796.44226 6744.94563 58857.14095 3298.84473 18831.94776 64810.37481 19394.01691 9817.31407 35627.79507 5741.46004 10543.47781 44051.87065 44765.34374 71476.74532 18271.52915 10684.5389 21555.12998 18952.5683 24555.75784 28141.08833 13480.8266 9551.30458 82914.09369 30710.0157 28386.05994 45993.5467 49693.90647 38237.70305 11920.95191 10035.49386 19429.81287 35226.33503 34817.17041 2047.68796 49327.00005 11661.86777 7963.75844 47952.82473 30021.64355 20624.22563 41718.65732 32771.64809 2502.3997 2957.7239 28197.19061 1787.92331 34334.97341 1126.16496 12874.52407 2326.32467 21826.98193 11645.42975 24606.74662 4761.4987 23984.08535 29993.24787 41056.25394 32072.22287 73547.35118 12839.16738 4579.37596 33931.6249 42817.17291 6705.80339 6610.94263 13333.98806 64458.81049 14964.53619 53290.66103 91237.40633 37323.39075 14269.1055 15092.13081 22357.20509 32183.2409 39981.60363 9717.40766 10511.78961 6734.7977 21002.49091 10281.80488
44751.82312 37521.09221 34760.118 31659.49334 15301.82648 89895.28438 619.03136 10599.69409 33760.24634 16299.48519 38689.76527 23440.81585 46560.92052 10831.71199 10498.30396 9251.96269 48520.76977 2963.72564 29512.48961 27210.40383 50198.52974 830.39631 12215.88403 29683.57336 5571.82483 7093.60312 23765.11024 3862.94606 75785.65083 19557.11 41600.66835 24387.04344 52053.57025 43021.97139 79485.8541 59612.07838 82218.80139 33010.82103 8213.16213 21032.8454 98109.90138 60736.11269 39053.46825 10091.28192 19633.8688 20185.29931 44376.52077 82201.4782 94018.28871 53877.45607 1101.19632 24913.69108 22925.55123 33715.29397 20089.31379 11854.14655 6145.95005 45955.67979 35618.68328 2094.23436 20693.04691 53314.33484 36327.5119 70364.81439 12941.59989 77294.31524 17611.99706 73037.49961 5101.56483 44987.56593 6710.09848 76389.14013 6683.86227 29640.29918 79212.96786 29387.78564 29234.90951 46732.12784 7500.23089 13039.4996 64037.42789 63814.07295 94600.40731 26264.99504 21196.26809 29711.85104 11501.5033 14618.36397 58322.12972 18058.5702 17097.83478 94028.56479 53997.77669 29075.29453 58805.50194 72748.41061 35841.36032 12903.76556 13565.2268 26755.36184 50343.59143 50183.01086 2304.75195 44669.44582 15692.4045 12653.20462 62923.5838 14488.81667 28945.86791 60055.18152 46536.26882 2935.37256 6794.43466 28300.50502 571.45029 51043.61654 2999.30978 2050.78872 2709.83497 32041.84037 27106.68247 42364.26699 5717.57101 42409.86086 42941.56945 47009.57063 23384.83188 92175.24358 21751.91998 1601.30399 54786.58989 38535.23723 10081.50306 4144.24281 19593.92418 73981.96937 22010.09297 79387.59549 106562.47784 59060.08203 18453.43591 23503.94343 27831.63721 13702.06631 40430.9273 3435.8493 17307.88089 8383.19256 28408.06157 15980.53909
10221.90573 24002.6956 11489.62988 54655.91584 9111.55771 81984.19934 9065.25006 17235.169 32655.4535 25515.07456 24440.70935 15882.64307 14036.66715 15960.23139 5383.09294 58493.81358 34449.93266 4857.00487 17433.35522 34711.34586 23635.99546 8536.94709 58461.13609 3166.92939 7776.88386 4149.95466 43921.66036 685.55587 41880.57005 24351.38112 82455.33465 20858.63445 54062.75172 26802.18471 28728.59128 19175.26352 32246.60082 43323.6461 2557.21578 30076.5425 40494.33773 7442.08972 19853.47823 85912.10815 58289.44476 9167.53512 27377.73938 13171.91293 41300.23426 46089.76071 1456.38161 4651.07133 14082.09042 29126.70013 14668.44594 7236.05129 1031.34026 18608.59007 25232.96079 509.60953 3420.11706 64457.0531 26846.05629 48690.4469 25083.11357 17576.39155 13801.23267 28239.86181 1494.08193 32194.95251 6890.79423 61327.12678 5628.49364 3296.10269 33224.03817 16427.28663 34601.71347 38217.78262 7943.04747 5761.62362 47578.21607 1768.89957 62605.86778 17853.15033 14369.14136 50171.62056 48592.14918 43211.84661 28953.30846 15540.41563 2131.98625 75316.08994 9311.82397 19999.94386 39827.86909 8075.95855 62324.96277 21935.95142 14404.42946 13689.17362 21970.18229 6141.89607 2135.68913 48188.33331 10272.88336 16722.36035 17254.78647 64123.22207 37287.36701 22575.33951 14792.75309 2329.30199 11480.37206 70488.55114 5656.2299 16133.04248 2952.50081 34336.98076 1350.62186 2990.89636 20615.84368 25394.59764 6725.40215 42425.54989 16654.61121 24616.91128 76566.11282 37290.95123 10879.6898 15749.82496 19181.44786 73735.7485 3382.19724 14956.44536 17149.32193 57915.40142 12762.67545 33134.34947 46306.7025 3407.39576 4550.17669 41428.09112 21096.95523 76040.00823 41293.38617 26388.79804 32835.225 10217.08179 17339.79215 3222.98479
24120.48056 37864.36279 15270.02794 44275.6062 19017.88334 43078.65164 12284.48218 15966.13033 18306.89418 37184.90315 44651.02959 20056.34648 23735.804 21634.83697 10963.98202 85687.83693 16894.62973 7414.1565 30439.2466 53320.24316 4652.21241 9619.07704 55948.01402 10491.32379 10577.56228 9397.11121 43497.21674 1109.14173 12763.34506 19845.14242 68016.55924 34153.33096 75114.90644 53931.81024 39573.0202 6894.99669 29063.23296 28767.68123 2642.38444 26125.61816 28006.33302 40126.40157 9182.87075 91958.88744 58990.73238 3723.83333 10833.09405 42734.61698 38447.97093 31098.64712 2170.03075 15541.82849 5890.53635 15366.25816 19940.28422 16365.93539 3349.11636 40747.9183 44458.09935 831.6686 9581.4669 42561.31506 30664.48363 26514.4005 23490.74995 45937.38387 8028.52596 22283.41183 3129.17707 56126.99961 10306.37998 25632.3399 5397.81844 10168.74147 27192.86549 4839.48324 42464.2828 21082.36499 5540.77031 13731.20527 21605.06024 32909.53162 33733.07624 29976.09518 13207.34213 47933.64538 57211.77446 43110.54878 20357.49937 9800.78391 5916.64511 53931.38261 14202.46837 40811.31752 73707.96091 36605.07631 60877.95011 20162.68561 23960.29183 3078.48667 12279.78033 23457.36047 3734.53483 85950.74259 2648.78948 11234.79614 36298.97641 71105.8725 60878.70183 45298.11318 13010.39917 1246.18668 12034.78659 54762.53518 6551.74938 13835.72785 2955.64154 38933.05633 469.63672 15616.5616 35403.70932 12030.78133 4618.69849 29361.61677 17042.08964 48077.79173 79080.03348 38342.1857 2861.21784 18988.93315 9062.33081 64368.712 7976.32462 18117.49504 10497.07637 32244.5992 3987.9083 16158.45583 52037.02274 30033.18314 8360.60074 37798.26109 9866.71032 88824.19462 73968.88319 33074.33836 43496.89583 7530.6547 32545.18322 5543.02971
38808.7914 56939.21201 16494.69112 37350.17818 24209.04886 30278.21592 13646.03894 15784.52556 18876.57349 41811.67754 50612.20868 25755.25137 36238.58966 26592.43249 16242.64694 96126.3883 10599.96414 8035.72272 32967.52276 64641.55255 10801.1282 11141.56382 64657.09033 15898.31331 12433.54482 10654.03357 49953.58465 1740.15152 5141.39442 19579.98369 70791.91737 44189.15774 89324.14893 61341.21551 41959.1135 17968.94552 36964.99008 31004.92794 3615.00657 29231.30183 25101.80969 65258.62154 11142.2353 85958.35567 65586.49238 6248.44794 3648.53101 59621.81262 46990.87183 31572.23163 2925.66325 20881.75705 2253.71674 12305.13932 24454.82216 19180.43417 4818.59377 47019.57302 51179.95675 993.01137 14535.10239 41153.65973 40240.41878 21261.17234 26044.67286 57604.76832 6136.93549 31032.93929 4501.76219 77523.94657 14186.2827 15298.42582 6277.1839 18447.0622 30946.41348 10234.91016 56328.832 17685.69487 4342.4865 16619.11877 15900.08989 48684.32787 13854.93722 42201.18261 16779.11367 46241.77008 63245.21474 42579.10524 36813.96799 8176.11294 8853.37932 39423.47436 27155.08158 45956.42673 94124.10877 47348.66435 58130.48082 20056.01601 29998.02016 2544.17798 16465.96222 34988.79135 4713.52205 102674.25884 678.77086 12249.47882 48173.00831 84600.08062 78166.65562 65286.58395 18972.1334 659.05332 13331.79544 65336.22643 7203.36607 27713.39203 3696.46513 48351.02313 703.9579 19803.50327 44374.30057 11825.33958 3852.81333 30484.86341 21379.5623 65182.71369 74988.88596 49654.80319 5446.50614 21007.75123 25661.8712 72660.81591 11175.1939 22996.90894 10271.24357 23004.38157 3253.20524 21700.53138 61219.92107 44217.91659 11490.28272 36498.31152 8205.65253 86621.92683 76344.91274 34555.60007 59467.63684 6383.08694 40576.18829 10308.85831
21482.84375 19285.1173 16756.80215 34338.81571 9608.00249 69126.96363 8315.32149 11931.99804 17576.22335 18941.77813 33371.59178 6107.36962 24773.34601 16001.93167 7287.28935 51129.57423 29045.00439 3836.80904 20379.8549 35075.35733 16160.73045 7794.64365 42493.15935 10012.30344 6709.49511 5135.12723 29928.93584 978.61512 33262.71946 20819.76078 58767.55789 19212.60399 56471.34404 38394.75967 38409.84413 14810.89385 33352.0916 25708.84793 3784.80113 24804.2751 42114.51307 27586.43515 19809.33106 71635.06016 55117.32386 5681.10831 23371.59095 30946.34265 53913.50926 31399.08337 1484.41129 11154.66851 11884.97956 20532.63357 8005.15441 10097.77968 2683.08507 14489.00625 26159.52255 869.75757 2291.48541 51177.22113 13319.51873 39787.19768 16593.9872 38569.0483 10899.55822 29597.07183 927.97661 39628.2132 7642.07962 47446.8537 3227.40135 7803.61661 35872.48036 8762.41719 26492.07066 21872.22979 5223.53627 8692.90611 34066.32754 18789.28094 49131.55497 20226.91795 4706.79828 38119.67584 42763.35197 34374.9824 7722.3082 12076.8619 3776.1503 62305.77724 9103.4416 24303.81625 53604.17879 28505.47723 49529.96405 15928.03098 16351.9933 10405.83514 19970.38969 19119.01003 2474.33469 64789.27674 7411.01183 9713.32522 36035.73647 57998.72985 42116.227 37205.82361 17874.06894 1810.47451 7460.89977 46812.84398 4716.38942 10767.26584 1745.04971 30826.40116 1113.45 10306.18656 20581.51284 15969.35832 3984.24344 22492.8013 24146.28606 30768.83297 54846.98074 51452.80154 6826.5641 12978.89374 11269.87374 61080.51493 6108.49084 12763.04079 13129.82244 44497.93685 8617.53818 31027.35326 61671.87673 20619.57399 7156.09045 24669.47999 16530.50998 62178.10022 43690.06134 22428.63169 23199.70422 7449.92828 22096.96498 2262.14495
40836.6483 18290.52887 25917.94489 35528.07417 5944.08309 97095.73015 3939.12879 13135.71887 34037.11001 7982.36562 28205.95346 14766.56678 34048.31938 5917.53687 5677.98318 18549.55458 48640.25913 1523.37663 15498.43248 13875.46628 39718.62773 2562.53364 29265.42962 17679.64447 1618.60457 2984.81066 26268.80033 2805.37347 65071.49052 25403.52562 49792.7217 11478.24193 33874.96099 29046.0234 69943.94038 48575.68324 61214.7798 38104.5762 5726.64494 26312.68119 77207.55912 48061.9486 37713.85273 37140.93116 36034.46451 17449.57554 40941.91371 48543.1909 79148.48141 53653.47069 332.97385 17975.15121 17986.12413 35318.76776 13466.37705 5353.41503 4004.33367 26854.4464 17985.16141 1495.00531 15414.06901 64093.43573 26541.1082 63223.92693 16368.37124 46481.85484 19112.86128 66760.83312 3043.92316 27664.55659 3733.36062 75276.44139 5669.06821 20292.64905 61879.41471 23367.26285 10556.04355 49647.96146 8195.42657 8496.40432 55841.55933 47681.92258 92258.00442 14755.46319 17980.04833 36151.24177 24608.68595 23613.60483 40286.49311 19636.59563 12884.24034 98866.90955 34878.96556 19214.10409 32496.15028 51936.95796 53193.4631 18560.06845 4962.8628 23729.52506 47302.98788 43047.99158 1338.63388 26996.6862 15861.66359 14450.17049 49956.32258 14995.88353 5205.47586 33009.21816 32462.75835 2976.22031 8213.25234 46903.70688 1668.2216 46733.41988 2910.36986 11524.98045 2568.92617 24835.48328 9386.2399 33280.63174 6608.96255 44143.76733 35730.38995 27482.94078 45547.00599 78023.37875 19730.13809 4906.53231 45249.14807 56998.15332 5802.98258 2256.27997 18007.21471 75777.62924 20794.46595 58312.27708 86425.14522 40585.26042 16217.53905 27767.1261 28264.46532 43060.702 19237.69052 13131.43334 5772.85739 8220.43187 16392.95312 11941.28605
55132.70173 52164.50461 38505.84593 18158.57256 22309.13593 88119.43833 3348.94364 5776.56 28863.81949 27875.40693 50628.52106 24867.08992 51509.17398 17364.63853 15263.98034 35217.22121 45092.14358 5606.75774 38281.85385 47761.60147 51444.96681 4296.20498 8528.74641 34538.56399 9440.28852 9677.20305 21950.23207 4272.33872 71534.06247 14503.46988 12621.46811 34845.13532 83577.0593 69152.60762 86755.47533 63049.40002 90615.4709 20922.26606 8369.71198 11596.29091 89084.99406 74942.41592 45487.54479 21924.78533 5651.77151 17388.55555 39138.99114 85779.34894 99007.20996 45117.47877 2010.8357 36437.3964 20163.42262 26903.24959 23063.46955 16882.7321 6060.48269 54337.78907 49825.76614 2012.15058 23284.26901 38623.5817 41734.13833 55535.13534 15371.0925 94895.73973 15980.50734 78032.70843 6246.86246 61117.29021 11875.01894 72296.372 5817.22613 35201.502 77373.15362 33549.89271 43225.0913 45247.11928 6584.68621 18883.62686 54036.41649 73926.57061 82272.37346 34726.80319 26150.12007 19403.56895 11226.41933 6718.1253 55828.42853 15510.21626 17954.26153 86027.57717 58756.13587 42591.53695 77826.04544 86818.55299 18777.9151 8500.11376 20839.99568 25248.47553 50308.88747 66166.47593 4091.93544 66187.24607 17586.94475 11081.13084 80759.67653 45703.20608 50282.33627 74367.58638 51317.78772 2816.56435 6086.14447 15313.9483 2556.2236 60181.15538 3116.68185 17193.68344 2925.14521 41916.85613 34458.46395 37194.55394 4347.87726 37532.10286 42092.96208 70513.04284 3881.14501 96199.68848 19550.07927 7089.16343 58849.31511 16301.28265 14585.28677 10939.3369 15504.61458 67760.25337 22228.29153 76599.45613 126495.97547 73896.71669 24005.63684 16184.57428 28362.18412 14943.07968 72121.55376 9831.27838 31342.78482 5822.23301 34211.67071 16642.33171
19189.27151 61448.46132 5166.83609 63619.87265 23574.60967 67766.62314 17205.9263 26823.20521 37388.16721 52172.04932 50698.39604 34368.60022 15668.57525 26694.28676 14761.10629 110928.15633 32862.59728 10661.83701 30184.46624 64259.51799 31929.95844 16103.78696 78253.29377 11821.67273 15592.46179 10831.71286 68145.59057 1959.64488 34833.90884 33184.5376 107944.28617 40609.50474 87586.97946 49904.00755 9751.0118 23927.82959 5250.08248 56535.07748 387.02828 44328.46346 16681.94912 47001.29733 10361.53742 123663.38342 85358.92625 16133.0702 20984.27209 38646.15748 12509.0684 70698.28785 2800.62648 14467.2216 10324.58487 28223.94488 34583.0088 17782.92321 3478.16709 52159.82056 55089.80952 408.25749 16523.90558 84288.55036 59803.3382 68202.5347 42516.35398 40457.5094 17427.85576 8352.7129 4903.85954 67277.43376 12013.93578 50645.18566 9405.57662 13601.53492 4036.94002 22679.92897 59847.02119 49433.9362 9396.14687 14500.46089 53704.99126 40714.01949 63643.24622 37183.85259 29384.06732 78874.9879 83660.49758 55573.96 52233.34038 16289.76085 8502.06695 78606.33794 31843.9013 43931.18502 87849.16939 33307.26658 82406.1808 35465.43972 31916.95953 13975.82266 10901.28037 24809.40677 4505.55064 98190.22078 9065.18528 20781.66487 29003.62676 94559.68423 74754.96346 55239.66987 7513.13627 2342.43802 21355.33242 83637.11405 8242.62679 34230.5498 5183.84996 51203.89922 885.81426 16446.865 53582.55025 32902.99419 7390.893 54096.63259 6228.68494 50403.84853 98744.97515 3322.3721 14419.14107 24938.98779 31458.58435 104106.62448 9714.96982 24292.50421 23705.49004 58913.48636 17139.00797 16961.31837 8090.07249 32771.82169 5314.51756 59609.32429 27664.37812 113319.62231 74444.97048 46776.24506 60283.33621 11674.1626 30549.44328 11393.62356
39123.82028 24628.46672 26553.84993 38281.0702 10716.57392 93360.10702 2367.17971 11937.16205 29548.32388 9048.6275 31190.21114 19922.31483 41329.02296 6936.83863 8032.41793 10478.79086 49331.65344 1828.07015 21398.77589 18794.14934 44697.88893 1257.65085 23674.66904 25397.92485 3062.97178 4573.31668 18577.91348 3290.02956 64602.22365 23968.43541 42532.45258 15570.45476 39897.33561 35073.67461 73553.85768 43413.92033 76518.25739 33087.78095 6369.22843 20886.01754 94352.27975 59709.35264 33716.02638 23152.57095 30044.56731 17580.60511 36827.78811 68817.98272 77118.21712 44785.67638 542.92538 23384.44392 19581.02402 36198.64388 14107.05565 8811.61042 4306.46384 30513.66865 23827.44677 1771.26055 14515.32741 59528.7226 28232.15895 66331.55493 13354.79038 67183.92613 16623.80772 71313.84953 3901.50671 34362.18466 5258.69876 68739.18975 5669.45479 25533.97837 68457.56476 27089.49488 17111.03392 45689.12343 7504.76039 11779.87026 54880.87681 51286.57143 96769.43043 19858.15916 17869.5236 29365.00388 19997.62606 20553.12557 46621.33705 18037.33493 14461.64819 99512.09053 44488.7637 24676.07456 51880.53493 63598.73125 48601.37613 13753.16052 9011.61366 23649.64655 50132.67798 42497.19915 1639.05344 33711.86579 14710.15167 12351.9949 63203.83621 10318.38405 13929.91654 48305.24312 41737.75898 2877.10788 6801.61379 34666.4672 618.40947 53918.77233 2447.47026 6497.00466 2609.60113 25550.86043 16202.49602 33848.38587 6201.59314 41996.2341 33225.05208 38557.15914 34992.88012 87259.21323 20728.06532 2050.93773 48676.81014 42874.59933 7739.84772 1367.64036 17555.48401 79009.17589 22067.08187 70504.35221 112002.03618 55627.16201 16699.34431 22720.25448 27340.37112 26609.0032 29726.50571 7780.18437 9673.98486 7928.52427 18833.9753 14486.48992
40078.60447 54320.08756 19175.48493 35869.7818 23561.70339 34805.30589 11476.41209 14578.97307 14611.74087 40907.49717 60100.7053 21076.1472 36888.89545 23984.78726 14055.24726 73212.11092 8784.85366 8184.28686 39363.05465 67702.90883 9192.87283 11749.53931 63001.34131 16387.25153 13126.10472 9649.1773 42468.01202 1940.61464 10306.79206 17403.30873 61871.49736 41995.60949 86550.59597 55359.48785 55219.4916 19301.9966 40119.16942 23973.36316 4319.21239 28075.80987 30847.15989 59198.90572 12476.97717 93177.29112 64043.75227 5810.5626 6105.73742 55775.82874 55653.36624 25505.55128 2540.79211 24633.43645 3623.71724 10714.50737 20804.98671 18491.22428 4727.00112 48412.36164 58477.81128 1185.64267 12246.0598 37244.5132 35280.86914 17539.98049 22495.99828 60941.54431 5135.98395 36039.45566 4879.7514 75204.11761 14305.46067 15306.01163 4731.07104 16139.89331 36117.91503 9498.23394 54993.28438 11425.52533 3828.89021 19003.16168 8857.45002 47276.95351 18342.01048 40208.29657 14500.72202 44794.94975 52723.90554 43251.05904 30733.69132 6912.02272 9234.60388 33834.13446 30378.53318 50838.85168 98651.45144 53632.15272 49930.52426 18829.29829 24989.87409 4020.83836 17472.56436 34832.77449 4393.83041 98368.56087 1340.35011 9867.28779 54805.77822 86231.05927 63819.46691 61244.29637 19447.04303 632.72793 11782.70449 60023.97167 6703.83821 24568.58519 2744.40931 41149.68305 938.90603 23191.94147 43665.15766 8105.28564 2775.23591 21960.85866 22291.85872 66124.73184 69853.20401 51119.74336 5409.06982 17956.65793 26200.81502 64058.33486 11165.6223 21550.93804 8145.66549 22024.39224 2145.92792 27117.05866 59988.46865 46457.47469 12799.88109 33642.02831 4768.2286 83151.56243 83583.40472 36692.97436 52417.23194 5379.90696 33719.08069 8585.6637
