
Gurobi 12.0.3 (mac64[arm]) logging started Tue Sep 23 11:49:06 2025

Set parameter LogFile to value "Logs/Facility Location Logs/nscen30_K1/phase1/scenario_generation.log"
Set parameter LogToConsole to value 0

Gurobi 12.0.3 (mac64[arm]) logging started Tue Sep 23 11:49:06 2025

Set parameter LogFile to value "Logs/Facility Location Logs/nscen30_K1/phase1/scenario_generation.log"
Gurobi Optimizer version 12.0.3 build v12.0.3rc0 (mac64[arm] - Darwin 24.6.0 24G222)

CPU model: Apple M3
Thread count: 8 physical cores, 8 logical processors, using up to 8 threads

Non-default parameters:
LogToConsole  0

Optimize a model with 75 rows, 1325 columns and 2575 nonzeros
Model fingerprint: 0x2dfaf614
Variable types: 1300 continuous, 25 integer (25 binary)
Coefficient statistics:
  Matrix range     [1e+00, 2e+04]
  Objective range  [8e-03, 8e+03]
  Bounds range     [0e+00, 0e+00]
  RHS range        [7e+02, 2e+04]
Found heuristic solution: objective 4588000.0000
Presolve removed 0 rows and 1 columns
Presolve time: 0.00s
Presolved: 75 rows, 1324 columns, 2574 nonzeros
Variable types: 1300 continuous, 24 integer (24 binary)

Root relaxation: objective 9.036545e+04, 146 iterations, 0.00 seconds (0.00 work units)

    Nodes    |    Current Node    |     Objective Bounds      |     Work
 Expl Unexpl |  Obj  Depth IntInf | Incumbent    BestBd   Gap | It/Node Time

     0     0 90365.4496    0   22 4588000.00 90365.4496  98.0%     -    0s
H    0     0                    224485.44959 90365.4496  59.7%     -    0s
H    0     0                    202394.37709 90365.4496  55.4%     -    0s
H    0     0                    198188.67355 90365.4496  54.4%     -    0s
H    0     0                    150308.03289 90365.4496  39.9%     -    0s
     0     0 94887.2977    0   10 150308.033 94887.2977  36.9%     -    0s
H    0     0                    144724.05285 95020.5531  34.3%     -    0s
H    0     0                    115815.83021 95020.5531  18.0%     -    0s
H    0     0                    115615.65677 95020.5531  17.8%     -    0s
     0     0 95020.5531    0   10 115615.657 95020.5531  17.8%     -    0s
H    0     0                    109838.78971 95020.5531  13.5%     -    0s
     0     0 95323.8374    0    6 109838.790 95323.8374  13.2%     -    0s
H    0     0                    109639.47728 95323.8374  13.1%     -    0s
H    0     0                    102544.44524 95323.8374  7.04%     -    0s
H    0     0                    102472.97177 95323.8374  6.98%     -    0s
H    0     0                    102389.78661 95448.8676  6.78%     -    0s
     0     0 95448.8676    0    7 102389.787 95448.8676  6.78%     -    0s
     0     0 95466.6337    0    6 102389.787 95466.6337  6.76%     -    0s
     0     0 95472.4920    0    6 102389.787 95472.4920  6.76%     -    0s
H    0     0                    102328.99455 95472.4920  6.70%     -    0s
H    0     0                    102248.38753 95597.0174  6.51%     -    0s
H    0     0                    102152.02000 95597.0174  6.42%     -    0s
     0     0 95597.0174    0    4 102152.020 95597.0174  6.42%     -    0s
     0     0 95606.1602    0    4 102152.020 95606.1602  6.41%     -    0s
     0     0 95643.7840    0    1 102152.020 95643.7840  6.37%     -    0s
     0     0 95644.7416    0    2 102152.020 95644.7416  6.37%     -    0s
     0     0 95644.7416    0    2 102152.020 95644.7416  6.37%     -    0s
H    0     0                    101741.01504 95644.7416  5.99%     -    0s
H    0     0                    101722.98176 95644.7866  5.98%     -    0s
     0     2 95644.7866    0    2 101722.982 95644.7866  5.98%     -    0s
*  289   218              14    101712.84912 95795.6584  5.82%  19.9    0s
*  379   227              10    101499.97917 95801.8511  5.61%  21.5    0s
H 1027   367                    101402.72723 96349.5977  4.98%  21.6    0s
* 1044   367              10    101223.29030 96459.7187  4.71%  21.8    0s

Cutting planes:
  Implied bound: 98
  MIR: 6
  Flow cover: 8
  Inf proof: 18
  Relax-and-lift: 10

Explored 2877 nodes (62828 simplex iterations) in 0.25 seconds (0.54 work units)
Thread count was 8 (of 8 available processors)

Solution count 10: 101223 101403 101500 ... 109839

Optimal solution found (tolerance 1.00e-04)
Best objective 1.012232902958e+05, best bound 1.012232902958e+05, gap 0.0000%

User-callback calls 6093, time in user-callback 0.00 sec

Gurobi 12.0.3 (mac64[arm]) logging started Tue Sep 23 11:49:06 2025

Set parameter LogFile to value "Logs/Facility Location Logs/nscen30_K1/phase1/scenario_generation.log"
Set parameter LogToConsole to value 0

Gurobi 12.0.3 (mac64[arm]) logging started Tue Sep 23 11:49:06 2025

Set parameter LogFile to value "Logs/Facility Location Logs/nscen30_K1/phase1/scenario_generation.log"
Gurobi Optimizer version 12.0.3 build v12.0.3rc0 (mac64[arm] - Darwin 24.6.0 24G222)

CPU model: Apple M3
Thread count: 8 physical cores, 8 logical processors, using up to 8 threads

Non-default parameters:
LogToConsole  0

Optimize a model with 75 rows, 1325 columns and 2575 nonzeros
Model fingerprint: 0xc52d609e
Variable types: 1300 continuous, 25 integer (25 binary)
Coefficient statistics:
  Matrix range     [1e+00, 2e+04]
  Objective range  [8e-03, 8e+03]
  Bounds range     [0e+00, 0e+00]
  RHS range        [1e+03, 2e+04]
Found heuristic solution: objective 5937550.0000
Presolve removed 0 rows and 1 columns
Presolve time: 0.00s
Presolved: 75 rows, 1324 columns, 2574 nonzeros
Variable types: 1300 continuous, 24 integer (24 binary)

Root relaxation: objective 1.128812e+05, 116 iterations, 0.00 seconds (0.00 work units)

    Nodes    |    Current Node    |     Objective Bounds      |     Work
 Expl Unexpl |  Obj  Depth IntInf | Incumbent    BestBd   Gap | It/Node Time

     0     0 112881.207    0   23 5937550.00 112881.207  98.1%     -    0s
H    0     0                    241005.70655 112881.207  53.2%     -    0s
H    0     0                    211726.44827 112881.207  46.7%     -    0s
H    0     0                    201353.61216 112881.207  43.9%     -    0s
H    0     0                    165895.63691 112965.958  31.9%     -    0s
H    0     0                    162781.13187 117569.093  27.8%     -    0s
H    0     0                    127984.94026 117569.093  8.14%     -    0s
     0     0 117569.093    0   10 127984.940 117569.093  8.14%     -    0s
H    0     0                    121754.53049 117650.569  3.37%     -    0s
H    0     0                    121246.10775 117650.569  2.97%     -    0s
     0     0 117650.569    0   10 121246.108 117650.569  2.97%     -    0s
H    0     0                    121057.49932 117650.569  2.81%     -    0s
H    0     0                    120933.79702 118064.061  2.37%     -    0s
     0     0 118064.061    0    8 120933.797 118064.061  2.37%     -    0s
H    0     0                    119658.79473 118129.997  1.28%     -    0s
     0     0 118129.997    0    8 119658.795 118129.997  1.28%     -    0s
H    0     0                    119523.24053 118129.997  1.17%     -    0s
     0     0 118332.295    0   10 119523.241 118332.295  1.00%     -    0s
     0     0 118344.975    0   11 119523.241 118344.975  0.99%     -    0s
H    0     0                    119363.51134 118344.975  0.85%     -    0s
     0     0 118453.521    0    8 119363.511 118453.521  0.76%     -    0s
H    0     0                    119319.81355 118456.458  0.72%     -    0s
     0     0 118456.458    0    6 119319.814 118456.458  0.72%     -    0s
     0     0 118506.345    0    9 119319.814 118506.345  0.68%     -    0s
     0     0 118514.828    0    8 119319.814 118514.828  0.67%     -    0s
     0     0 118520.418    0    7 119319.814 118520.418  0.67%     -    0s
     0     0 118547.605    0    8 119319.814 118547.605  0.65%     -    0s
     0     0 118577.353    0    7 119319.814 118577.353  0.62%     -    0s
     0     0 118585.232    0    9 119319.814 118585.232  0.62%     -    0s
     0     0 118590.517    0    8 119319.814 118590.517  0.61%     -    0s
     0     0 118591.577    0    9 119319.814 118591.577  0.61%     -    0s
     0     0 118597.164    0    5 119319.814 118597.164  0.61%     -    0s
     0     0 118597.902    0    6 119319.814 118597.902  0.61%     -    0s
     0     0 118603.664    0    8 119319.814 118603.664  0.60%     -    0s
     0     0 118603.664    0    8 119319.814 118603.664  0.60%     -    0s
     0     2 118603.664    0    8 119319.814 118603.664  0.60%     -    0s
*   30    33               8    119318.11485 118695.358  0.52%  32.9    0s
*  329    69              10    119300.62379 118821.536  0.40%  23.6    0s

Cutting planes:
  Implied bound: 122
  MIR: 21
  Flow cover: 8
  Relax-and-lift: 2

Explored 537 nodes (13811 simplex iterations) in 0.12 seconds (0.22 work units)
Thread count was 8 (of 8 available processors)

Solution count 10: 119301 119318 119320 ... 162781

Optimal solution found (tolerance 1.00e-04)
Best objective 1.193006237903e+05, best bound 1.193006237903e+05, gap 0.0000%

User-callback calls 1410, time in user-callback 0.00 sec

Gurobi 12.0.3 (mac64[arm]) logging started Tue Sep 23 11:49:06 2025

Set parameter LogFile to value "Logs/Facility Location Logs/nscen30_K1/phase1/scenario_generation.log"
Set parameter LogToConsole to value 0

Gurobi 12.0.3 (mac64[arm]) logging started Tue Sep 23 11:49:06 2025

Set parameter LogFile to value "Logs/Facility Location Logs/nscen30_K1/phase1/scenario_generation.log"
Gurobi Optimizer version 12.0.3 build v12.0.3rc0 (mac64[arm] - Darwin 24.6.0 24G222)

CPU model: Apple M3
Thread count: 8 physical cores, 8 logical processors, using up to 8 threads

Non-default parameters:
LogToConsole  0

Optimize a model with 75 rows, 1325 columns and 2575 nonzeros
Model fingerprint: 0xb4cbf1b5
Variable types: 1300 continuous, 25 integer (25 binary)
Coefficient statistics:
  Matrix range     [1e+00, 2e+04]
  Objective range  [8e-03, 8e+03]
  Bounds range     [0e+00, 0e+00]
  RHS range        [1e+03, 1e+04]
Found heuristic solution: objective 5976000.0000
Presolve removed 0 rows and 1 columns
Presolve time: 0.00s
Presolved: 75 rows, 1324 columns, 2574 nonzeros
Variable types: 1300 continuous, 24 integer (24 binary)

Root relaxation: objective 1.097180e+05, 130 iterations, 0.00 seconds (0.00 work units)

    Nodes    |    Current Node    |     Objective Bounds      |     Work
 Expl Unexpl |  Obj  Depth IntInf | Incumbent    BestBd   Gap | It/Node Time

     0     0 109718.036    0   24 5976000.00 109718.036  98.2%     -    0s
H    0     0                    237458.03641 109718.036  53.8%     -    0s
H    0     0                    215384.23561 109718.036  49.1%     -    0s
H    0     0                    206943.66676 109718.036  47.0%     -    0s
H    0     0                    192758.66252 109718.036  43.1%     -    0s
H    0     0                    189240.45205 109718.036  42.0%     -    0s
H    0     0                    157620.40194 109718.036  30.4%     -    0s
H    0     0                    123508.79551 114251.028  7.50%     -    0s
H    0     0                    116711.71126 114251.028  2.11%     -    0s
     0     0 114251.028    0   11 116711.711 114251.028  2.11%     -    0s
     0     0 114335.767    0   11 116711.711 114335.767  2.04%     -    0s
H    0     0                    116082.42732 114335.767  1.50%     -    0s
H    0     0                    116067.81123 114335.767  1.49%     -    0s
     0     0 114712.144    0   11 116067.811 114712.144  1.17%     -    0s
H    0     0                    115617.45260 114746.762  0.75%     -    0s
H    0     0                    115525.53281 114746.762  0.67%     -    0s
     0     0 114746.762    0   10 115525.533 114746.762  0.67%     -    0s
H    0     0                    115523.33276 114746.762  0.67%     -    0s
H    0     0                    115418.14008 114904.436  0.45%     -    0s
H    0     0                    115414.17383 114904.436  0.44%     -    0s
     0     0 114904.436    0   11 115414.174 114904.436  0.44%     -    0s
     0     0 114908.460    0    9 115414.174 114908.460  0.44%     -    0s
     0     0 114993.259    0    7 115414.174 114993.259  0.36%     -    0s
     0     0 114996.110    0    7 115414.174 114996.110  0.36%     -    0s
     0     0 115028.236    0    4 115414.174 115028.236  0.33%     -    0s
     0     0 115032.074    0    5 115414.174 115032.074  0.33%     -    0s
     0     0 115032.074    0    5 115414.174 115032.074  0.33%     -    0s
     0     2 115032.074    0    5 115414.174 115032.074  0.33%     -    0s

Cutting planes:
  Implied bound: 88
  MIR: 6
  Relax-and-lift: 4

Explored 136 nodes (2997 simplex iterations) in 0.05 seconds (0.08 work units)
Thread count was 8 (of 8 available processors)

Solution count 10: 115414 115523 115617 ... 206944

Optimal solution found (tolerance 1.00e-04)
Best objective 1.154141738332e+05, best bound 1.154141738332e+05, gap 0.0000%

User-callback calls 548, time in user-callback 0.00 sec

Gurobi 12.0.3 (mac64[arm]) logging started Tue Sep 23 11:49:06 2025

Set parameter LogFile to value "Logs/Facility Location Logs/nscen30_K1/phase1/scenario_generation.log"
Set parameter LogToConsole to value 0

Gurobi 12.0.3 (mac64[arm]) logging started Tue Sep 23 11:49:06 2025

Set parameter LogFile to value "Logs/Facility Location Logs/nscen30_K1/phase1/scenario_generation.log"
Gurobi Optimizer version 12.0.3 build v12.0.3rc0 (mac64[arm] - Darwin 24.6.0 24G222)

CPU model: Apple M3
Thread count: 8 physical cores, 8 logical processors, using up to 8 threads

Non-default parameters:
LogToConsole  0

Optimize a model with 75 rows, 1325 columns and 2575 nonzeros
Model fingerprint: 0x1a68f8f3
Variable types: 1300 continuous, 25 integer (25 binary)
Coefficient statistics:
  Matrix range     [1e+00, 2e+04]
  Objective range  [8e-03, 8e+03]
  Bounds range     [0e+00, 0e+00]
  RHS range        [1e+03, 1e+04]
Found heuristic solution: objective 6273850.0000
Presolve removed 0 rows and 1 columns
Presolve time: 0.00s
Presolved: 75 rows, 1324 columns, 2574 nonzeros
Variable types: 1300 continuous, 24 integer (24 binary)

Root relaxation: objective 1.048731e+05, 125 iterations, 0.00 seconds (0.00 work units)

    Nodes    |    Current Node    |     Objective Bounds      |     Work
 Expl Unexpl |  Obj  Depth IntInf | Incumbent    BestBd   Gap | It/Node Time

     0     0 104873.060    0   24 6273850.00 104873.060  98.3%     -    0s
H    0     0                    229634.56037 104873.060  54.3%     -    0s
H    0     0                    215098.13066 104873.060  51.2%     -    0s
H    0     0                    194725.56934 104873.060  46.1%     -    0s
H    0     0                    193128.28963 104873.060  45.7%     -    0s
H    0     0                    188016.75805 104873.060  44.2%     -    0s
H    0     0                    185435.49313 109715.214  40.8%     -    0s
H    0     0                    149764.59501 109715.214  26.7%     -    0s
     0     0 109715.214    0    9 149764.595 109715.214  26.7%     -    0s
H    0     0                    115627.26686 109831.595  5.01%     -    0s
H    0     0                    115609.33377 109831.595  5.00%     -    0s
H    0     0                    115330.16465 109831.595  4.77%     -    0s
     0     0 109831.595    0    9 115330.165 109831.595  4.77%     -    0s
     0     0 110281.785    0    8 115330.165 110281.785  4.38%     -    0s
     0     0 110309.979    0    9 115330.165 110309.979  4.35%     -    0s
     0     0 110426.465    0   10 115330.165 110426.465  4.25%     -    0s
     0     0 110446.173    0   10 115330.165 110446.173  4.23%     -    0s
     0     0 110537.036    0    7 115330.165 110537.036  4.16%     -    0s
     0     0 110541.401    0    7 115330.165 110541.401  4.15%     -    0s
     0     0 110541.458    0    7 115330.165 110541.458  4.15%     -    0s
     0     0 110555.066    0    4 115330.165 110555.066  4.14%     -    0s
H    0     0                    114558.23126 110555.066  3.49%     -    0s
     0     0 110556.888    0    5 114558.231 110556.888  3.49%     -    0s
     0     0 110563.820    0    5 114558.231 110563.820  3.49%     -    0s
     0     0 110563.820    0    5 114558.231 110563.820  3.49%     -    0s
     0     2 110563.834    0    5 114558.231 110563.834  3.49%     -    0s
* 2917   984               9    114501.48205 111209.264  2.88%  25.0    0s
* 4150  1060               9    114451.26716 111419.039  2.65%  25.7    0s

Cutting planes:
  Implied bound: 162
  MIR: 12
  Flow cover: 4
  Inf proof: 17
  Relax-and-lift: 6

Explored 7767 nodes (202623 simplex iterations) in 0.69 seconds (1.60 work units)
Thread count was 8 (of 8 available processors)

Solution count 10: 114451 114501 114558 ... 194726

Optimal solution found (tolerance 1.00e-04)
Best objective 1.144512671580e+05, best bound 1.144512671580e+05, gap 0.0000%

User-callback calls 15971, time in user-callback 0.00 sec

Gurobi 12.0.3 (mac64[arm]) logging started Tue Sep 23 11:49:07 2025

Set parameter LogFile to value "Logs/Facility Location Logs/nscen30_K1/phase1/scenario_generation.log"
Set parameter LogToConsole to value 0

Gurobi 12.0.3 (mac64[arm]) logging started Tue Sep 23 11:49:07 2025

Set parameter LogFile to value "Logs/Facility Location Logs/nscen30_K1/phase1/scenario_generation.log"
Gurobi Optimizer version 12.0.3 build v12.0.3rc0 (mac64[arm] - Darwin 24.6.0 24G222)

CPU model: Apple M3
Thread count: 8 physical cores, 8 logical processors, using up to 8 threads

Non-default parameters:
LogToConsole  0

Optimize a model with 75 rows, 1325 columns and 2575 nonzeros
Model fingerprint: 0x8180e39e
Variable types: 1300 continuous, 25 integer (25 binary)
Coefficient statistics:
  Matrix range     [1e+00, 2e+04]
  Objective range  [8e-03, 8e+03]
  Bounds range     [0e+00, 0e+00]
  RHS range        [1e+03, 1e+04]
Found heuristic solution: objective 5158450.0000
Presolve removed 0 rows and 1 columns
Presolve time: 0.00s
Presolved: 75 rows, 1324 columns, 2574 nonzeros
Variable types: 1300 continuous, 24 integer (24 binary)

Root relaxation: objective 9.186285e+04, 136 iterations, 0.00 seconds (0.00 work units)

    Nodes    |    Current Node    |     Objective Bounds      |     Work
 Expl Unexpl |  Obj  Depth IntInf | Incumbent    BestBd   Gap | It/Node Time

     0     0 91862.8510    0   24 5158450.00 91862.8510  98.2%     -    0s
H    0     0                    227778.35103 91862.8510  59.7%     -    0s
H    0     0                    191156.63690 91862.8510  51.9%     -    0s
H    0     0                    155480.32829 91862.8510  40.9%     -    0s
H    0     0                    149347.09965 91862.8510  38.5%     -    0s
H    0     0                    143754.04204 91862.8510  36.1%     -    0s
H    0     0                    112651.39396 91862.8510  18.5%     -    0s
H    0     0                    99185.876438 91862.8510  7.38%     -    0s
     0     0 96642.5816    0   11 99185.8764 96642.5816  2.56%     -    0s
     0     0 96743.3057    0   11 99185.8764 96743.3057  2.46%     -    0s
     0     0 97103.2523    0    7 99185.8764 97103.2523  2.10%     -    0s
H    0     0                    98598.360154 97139.8362  1.48%     -    0s
     0     0 97139.8362    0    8 98598.3602 97139.8362  1.48%     -    0s
     0     0 97140.5678    0    8 98598.3602 97140.5678  1.48%     -    0s
H    0     0                    98424.789555 97140.5678  1.30%     -    0s
     0     0 97394.4128    0    9 98424.7896 97394.4128  1.05%     -    0s
     0     0 97418.5486    0    9 98424.7896 97418.5486  1.02%     -    0s
     0     0 97553.2342    0    8 98424.7896 97553.2342  0.89%     -    0s
     0     0 97561.4535    0    6 98424.7896 97561.4535  0.88%     -    0s
     0     0 97563.3187    0    6 98424.7896 97563.3187  0.88%     -    0s
     0     0 97613.0941    0    4 98424.7896 97613.0941  0.82%     -    0s
     0     0 97616.8048    0    4 98424.7896 97616.8048  0.82%     -    0s
     0     0 97625.5778    0   10 98424.7896 97625.5778  0.81%     -    0s
     0     0 97626.2229    0   10 98424.7896 97626.2229  0.81%     -    0s
     0     2 97626.2244    0   10 98424.7896 97626.2244  0.81%     -    0s

Cutting planes:
  Implied bound: 93
  MIR: 6
  Flow cover: 8
  Relax-and-lift: 11

Explored 464 nodes (10400 simplex iterations) in 0.10 seconds (0.17 work units)
Thread count was 8 (of 8 available processors)

Solution count 9: 98424.8 99185.9 112651 ... 5.15845e+06

Optimal solution found (tolerance 1.00e-04)
Best objective 9.842478955463e+04, best bound 9.842478955463e+04, gap 0.0000%

User-callback calls 1220, time in user-callback 0.00 sec

Gurobi 12.0.3 (mac64[arm]) logging started Tue Sep 23 11:49:07 2025

Set parameter LogFile to value "Logs/Facility Location Logs/nscen30_K1/phase1/scenario_generation.log"
Set parameter LogToConsole to value 0

Gurobi 12.0.3 (mac64[arm]) logging started Tue Sep 23 11:49:07 2025

Set parameter LogFile to value "Logs/Facility Location Logs/nscen30_K1/phase1/scenario_generation.log"
Gurobi Optimizer version 12.0.3 build v12.0.3rc0 (mac64[arm] - Darwin 24.6.0 24G222)

CPU model: Apple M3
Thread count: 8 physical cores, 8 logical processors, using up to 8 threads

Non-default parameters:
LogToConsole  0

Optimize a model with 75 rows, 1325 columns and 2575 nonzeros
Model fingerprint: 0xbb6a27c4
Variable types: 1300 continuous, 25 integer (25 binary)
Coefficient statistics:
  Matrix range     [1e+00, 2e+04]
  Objective range  [8e-03, 8e+03]
  Bounds range     [0e+00, 0e+00]
  RHS range        [1e+03, 2e+04]
Found heuristic solution: objective 5971100.0000
Presolve removed 0 rows and 1 columns
Presolve time: 0.00s
Presolved: 75 rows, 1324 columns, 2574 nonzeros
Variable types: 1300 continuous, 24 integer (24 binary)

Root relaxation: objective 1.097907e+05, 127 iterations, 0.00 seconds (0.00 work units)

    Nodes    |    Current Node    |     Objective Bounds      |     Work
 Expl Unexpl |  Obj  Depth IntInf | Incumbent    BestBd   Gap | It/Node Time

     0     0 109790.709    0   23 5971100.00 109790.709  98.2%     -    0s
H    0     0                    237579.70936 109790.709  53.8%     -    0s
H    0     0                    222871.17070 109790.709  50.7%     -    0s
H    0     0                    201901.60702 109790.709  45.6%     -    0s
H    0     0                    201887.30004 109790.709  45.6%     -    0s
H    0     0                    201596.54345 109790.709  45.5%     -    0s
H    0     0                    186162.91284 109790.709  41.0%     -    0s
H    0     0                    151367.97602 109790.709  27.5%     -    0s
H    0     0                    116750.75033 114613.726  1.83%     -    0s
H    0     0                    116584.04540 114613.726  1.69%     -    0s
     0     0 114613.726    0   12 116584.045 114613.726  1.69%     -    0s
     0     0 114820.011    0   12 116584.045 114820.011  1.51%     -    0s
     0     0 114820.011    0   12 116584.045 114820.011  1.51%     -    0s
     0     0 115300.563    0    9 116584.045 115300.563  1.10%     -    0s
H    0     0                    116420.57681 115325.288  0.94%     -    0s
     0     0 115325.288    0    9 116420.577 115325.288  0.94%     -    0s
H    0     0                    116378.79451 115325.288  0.91%     -    0s
     0     0 115475.816    0   10 116378.795 115475.816  0.78%     -    0s
H    0     0                    116230.01990 115499.716  0.63%     -    0s
     0     0 115499.716    0   10 116230.020 115499.716  0.63%     -    0s
     0     0 115499.716    0   10 116230.020 115499.716  0.63%     -    0s
     0     0 115587.694    0    9 116230.020 115587.694  0.55%     -    0s
     0     0 115597.880    0    8 116230.020 115597.880  0.54%     -    0s
H    0     0                    116213.93812 115598.686  0.53%     -    0s
     0     0 115598.686    0    9 116213.938 115598.686  0.53%     -    0s
     0     0 115608.574    0    4 116213.938 115608.574  0.52%     -    0s
     0     0 115631.550    0    4 116213.938 115631.550  0.50%     -    0s
     0     0 115631.551    0    4 116213.938 115631.551  0.50%     -    0s
H    0     0                    116203.39241 115631.551  0.49%     -    0s
     0     0 115637.395    0    5 116203.392 115637.395  0.49%     -    0s
     0     0 115637.395    0    5 116203.392 115637.395  0.49%     -    0s
H    0     0                    116167.83321 115637.395  0.46%     -    0s
     0     2 115637.395    0    5 116167.833 115637.395  0.46%     -    0s
H   76    36                    116110.23810 115842.821  0.23%  20.1    0s

Cutting planes:
  Implied bound: 95
  MIR: 10
  Flow cover: 1
  Relax-and-lift: 7

Explored 225 nodes (4570 simplex iterations) in 0.06 seconds (0.10 work units)
Thread count was 8 (of 8 available processors)

Solution count 10: 116110 116168 116203 ... 201597

Optimal solution found (tolerance 1.00e-04)
Best objective 1.161102381026e+05, best bound 1.161102381026e+05, gap 0.0000%

User-callback calls 752, time in user-callback 0.00 sec

Gurobi 12.0.3 (mac64[arm]) logging started Tue Sep 23 11:49:07 2025

Set parameter LogFile to value "Logs/Facility Location Logs/nscen30_K1/phase1/scenario_generation.log"
Set parameter LogToConsole to value 0

Gurobi 12.0.3 (mac64[arm]) logging started Tue Sep 23 11:49:07 2025

Set parameter LogFile to value "Logs/Facility Location Logs/nscen30_K1/phase1/scenario_generation.log"
Gurobi Optimizer version 12.0.3 build v12.0.3rc0 (mac64[arm] - Darwin 24.6.0 24G222)

CPU model: Apple M3
Thread count: 8 physical cores, 8 logical processors, using up to 8 threads

Non-default parameters:
LogToConsole  0

Optimize a model with 75 rows, 1325 columns and 2575 nonzeros
Model fingerprint: 0x31460c6a
Variable types: 1300 continuous, 25 integer (25 binary)
Coefficient statistics:
  Matrix range     [1e+00, 2e+04]
  Objective range  [8e-03, 8e+03]
  Bounds range     [0e+00, 0e+00]
  RHS range        [7e+02, 2e+04]
Found heuristic solution: objective 4915000.0000
Presolve removed 0 rows and 1 columns
Presolve time: 0.00s
Presolved: 75 rows, 1324 columns, 2574 nonzeros
Variable types: 1300 continuous, 24 integer (24 binary)

Root relaxation: objective 1.004631e+05, 156 iterations, 0.00 seconds (0.00 work units)

    Nodes    |    Current Node    |     Objective Bounds      |     Work
 Expl Unexpl |  Obj  Depth IntInf | Incumbent    BestBd   Gap | It/Node Time

     0     0 100463.116    0   22 4915000.00 100463.116  98.0%     -    0s
H    0     0                    231313.11620 100463.116  56.6%     -    0s
H    0     0                    223849.81107 100463.116  55.1%     -    0s
H    0     0                    216485.52931 100463.116  53.6%     -    0s
H    0     0                    178302.41804 100463.116  43.7%     -    0s
     0     0 104604.306    0   10 178302.418 104604.306  41.3%     -    0s
H    0     0                    167954.30580 104699.448  37.7%     -    0s
H    0     0                    158160.19677 104699.448  33.8%     -    0s
H    0     0                    122762.46451 104699.448  14.7%     -    0s
H    0     0                    119374.12414 104699.448  12.3%     -    0s
H    0     0                    113839.99899 104699.448  8.03%     -    0s
     0     0 104699.448    0   10 113839.999 104699.448  8.03%     -    0s
     0     0 104981.736    0    7 113839.999 104981.736  7.78%     -    0s
     0     0 105050.214    0    7 113839.999 105050.214  7.72%     -    0s
H    0     0                    109135.78128 105050.214  3.74%     -    0s
H    0     0                    108778.60446 105250.578  3.24%     -    0s
     0     0 105250.578    0   10 108778.604 105250.578  3.24%     -    0s
     0     0 105269.711    0   10 108778.604 105269.711  3.23%     -    0s
     0     0 105269.711    0   10 108778.604 105269.711  3.23%     -    0s
H    0     0                    108452.34873 105269.711  2.93%     -    0s
     0     0 105411.675    0    2 108452.349 105411.675  2.80%     -    0s
     0     0 105465.985    0    1 108452.349 105465.985  2.75%     -    0s
H    0     0                    108449.58940 105465.985  2.75%     -    0s
     0     0 105473.508    0    5 108449.589 105473.508  2.74%     -    0s
     0     0 105473.508    0    5 108449.589 105473.508  2.74%     -    0s
     0     2 105473.508    0    5 108449.589 105473.508  2.74%     -    0s
H  182   160                    108427.93142 105560.117  2.64%  17.4    0s

Cutting planes:
  Implied bound: 98
  MIR: 4
  Flow cover: 3
  Inf proof: 1
  Relax-and-lift: 4

Explored 1353 nodes (28641 simplex iterations) in 0.15 seconds (0.29 work units)
Thread count was 8 (of 8 available processors)

Solution count 10: 108428 108450 108452 ... 178302

Optimal solution found (tolerance 1.00e-04)
Best objective 1.084279314191e+05, best bound 1.084279314191e+05, gap 0.0000%

User-callback calls 3005, time in user-callback 0.00 sec

Gurobi 12.0.3 (mac64[arm]) logging started Tue Sep 23 11:49:07 2025

Set parameter LogFile to value "Logs/Facility Location Logs/nscen30_K1/phase1/scenario_generation.log"
Set parameter LogToConsole to value 0

Gurobi 12.0.3 (mac64[arm]) logging started Tue Sep 23 11:49:07 2025

Set parameter LogFile to value "Logs/Facility Location Logs/nscen30_K1/phase1/scenario_generation.log"
Gurobi Optimizer version 12.0.3 build v12.0.3rc0 (mac64[arm] - Darwin 24.6.0 24G222)

CPU model: Apple M3
Thread count: 8 physical cores, 8 logical processors, using up to 8 threads

Non-default parameters:
LogToConsole  0

Optimize a model with 75 rows, 1325 columns and 2575 nonzeros
Model fingerprint: 0x34075dfd
Variable types: 1300 continuous, 25 integer (25 binary)
Coefficient statistics:
  Matrix range     [1e+00, 2e+04]
  Objective range  [8e-03, 8e+03]
  Bounds range     [0e+00, 0e+00]
  RHS range        [1e+03, 2e+04]
Found heuristic solution: objective 5882800.0000
Presolve removed 0 rows and 1 columns
Presolve time: 0.00s
Presolved: 75 rows, 1324 columns, 2574 nonzeros
Variable types: 1300 continuous, 24 integer (24 binary)

Root relaxation: objective 1.240859e+05, 150 iterations, 0.00 seconds (0.00 work units)

    Nodes    |    Current Node    |     Objective Bounds      |     Work
 Expl Unexpl |  Obj  Depth IntInf | Incumbent    BestBd   Gap | It/Node Time

     0     0 124085.860    0   23 5882800.00 124085.860  97.9%     -    0s
H    0     0                    252757.85994 124085.860  50.9%     -    0s
H    0     0                    209093.10072 124085.860  40.7%     -    0s
H    0     0                    209058.93569 124085.860  40.6%     -    0s
H    0     0                    187755.85890 124308.348  33.8%     -    0s
H    0     0                    171892.50053 128556.624  25.2%     -    0s
H    0     0                    145759.35907 128556.624  11.8%     -    0s
     0     0 128556.624    0   11 145759.359 128556.624  11.8%     -    0s
H    0     0                    140318.65885 128596.748  8.35%     -    0s
H    0     0                    139468.04004 128596.748  7.79%     -    0s
     0     0 128596.748    0   11 139468.040 128596.748  7.79%     -    0s
H    0     0                    137594.35197 128596.748  6.54%     -    0s
H    0     0                    131622.89595 128596.748  2.30%     -    0s
H    0     0                    131047.48372 128596.748  1.87%     -    0s
     0     0 129161.586    0   11 131047.484 129161.586  1.44%     -    0s
     0     0 129233.222    0   12 131047.484 129233.222  1.38%     -    0s
H    0     0                    130942.76153 129382.156  1.19%     -    0s
     0     0 129382.156    0   10 130942.762 129382.156  1.19%     -    0s
H    0     0                    130805.93347 129406.617  1.07%     -    0s
     0     0 129406.617    0   10 130805.933 129406.617  1.07%     -    0s
     0     0 129406.617    0   10 130805.933 129406.617  1.07%     -    0s
     0     0 129509.895    0    9 130805.933 129509.895  0.99%     -    0s
H    0     0                    130766.49814 129510.174  0.96%     -    0s
     0     0 129512.110    0    8 130766.498 129512.110  0.96%     -    0s
     0     0 129537.252    0    7 130766.498 129537.252  0.94%     -    0s
     0     0 129543.478    0    7 130766.498 129543.478  0.94%     -    0s
     0     0 129562.675    0    8 130766.498 129562.675  0.92%     -    0s
     0     0 129565.971    0    8 130766.498 129565.971  0.92%     -    0s
     0     2 129566.086    0    8 130766.498 129566.086  0.92%     -    0s
*  739    89               4    130763.14043 130200.874  0.43%  22.7    0s

Cutting planes:
  Implied bound: 116
  MIR: 15
  Flow cover: 1
  Relax-and-lift: 4

Explored 911 nodes (21328 simplex iterations) in 0.13 seconds (0.26 work units)
Thread count was 8 (of 8 available processors)

Solution count 10: 130763 130766 130806 ... 209059

Optimal solution found (tolerance 1.00e-04)
Best objective 1.307631404327e+05, best bound 1.307631404327e+05, gap 0.0000%

User-callback calls 2136, time in user-callback 0.00 sec

Gurobi 12.0.3 (mac64[arm]) logging started Tue Sep 23 11:49:08 2025

Set parameter LogFile to value "Logs/Facility Location Logs/nscen30_K1/phase1/scenario_generation.log"
Set parameter LogToConsole to value 0

Gurobi 12.0.3 (mac64[arm]) logging started Tue Sep 23 11:49:08 2025

Set parameter LogFile to value "Logs/Facility Location Logs/nscen30_K1/phase1/scenario_generation.log"
Gurobi Optimizer version 12.0.3 build v12.0.3rc0 (mac64[arm] - Darwin 24.6.0 24G222)

CPU model: Apple M3
Thread count: 8 physical cores, 8 logical processors, using up to 8 threads

Non-default parameters:
LogToConsole  0

Optimize a model with 75 rows, 1325 columns and 2575 nonzeros
Model fingerprint: 0x899a6ddb
Variable types: 1300 continuous, 25 integer (25 binary)
Coefficient statistics:
  Matrix range     [1e+00, 2e+04]
  Objective range  [8e-03, 8e+03]
  Bounds range     [0e+00, 0e+00]
  RHS range        [1e+03, 1e+04]
Found heuristic solution: objective 6285650.0000
Presolve removed 0 rows and 1 columns
Presolve time: 0.00s
Presolved: 75 rows, 1324 columns, 2574 nonzeros
Variable types: 1300 continuous, 24 integer (24 binary)

Root relaxation: objective 1.079208e+05, 142 iterations, 0.00 seconds (0.00 work units)

    Nodes    |    Current Node    |     Objective Bounds      |     Work
 Expl Unexpl |  Obj  Depth IntInf | Incumbent    BestBd   Gap | It/Node Time

     0     0 107920.808    0   24 6285650.00 107920.808  98.3%     -    0s
H    0     0                    232564.30824 107920.808  53.6%     -    0s
H    0     0                    211075.53982 107920.808  48.9%     -    0s
H    0     0                    182287.76071 107920.808  40.8%     -    0s
H    0     0                    151914.76231 112473.352  26.0%     -    0s
H    0     0                    118226.83564 112473.352  4.87%     -    0s
     0     0 112473.352    0   11 118226.836 112473.352  4.87%     -    0s
H    0     0                    118207.12583 112495.967  4.83%     -    0s
     0     0 112495.967    0   10 118207.126 112495.967  4.83%     -    0s
     0     0 112982.908    0    8 118207.126 112982.908  4.42%     -    0s
     0     0 113040.110    0    7 118207.126 113040.110  4.37%     -    0s
H    0     0                    118067.54954 113215.464  4.11%     -    0s
     0     0 113215.464    0   11 118067.550 113215.464  4.11%     -    0s
     0     0 113217.165    0   12 118067.550 113217.165  4.11%     -    0s
H    0     0                    117854.19838 113217.165  3.93%     -    0s
     0     0 113315.764    0    9 117854.198 113315.764  3.85%     -    0s
H    0     0                    117593.89937 113315.830  3.64%     -    0s
     0     0 113316.269    0    7 117593.899 113316.269  3.64%     -    0s
     0     0 113326.087    0    2 117593.899 113326.087  3.63%     -    0s
     0     0 113329.255    0    2 117593.899 113329.255  3.63%     -    0s
     0     0 113343.954    0    4 117593.899 113343.954  3.61%     -    0s
     0     0 113343.954    0    4 117593.899 113343.954  3.61%     -    0s
H    0     0                    117403.07273 113343.973  3.46%     -    0s
H    0     2                    117345.67962 113343.973  3.41%     -    0s
     0     2 113343.973    0    4 117345.680 113343.973  3.41%     -    0s
H   26    64                    117317.62916 113372.718  3.36%  24.6    0s
H   56    64                    117314.54850 113372.718  3.36%  18.0    0s
H  277   246                    117270.47927 113372.718  3.32%  22.0    0s
H  283   246                    117268.70494 113372.718  3.32%  22.1    0s
H  308   246                    117256.06298 113372.718  3.31%  23.3    0s
H 1307   523                    117209.93235 113768.471  2.94%  25.4    0s

Cutting planes:
  Implied bound: 141
  MIR: 13
  Flow cover: 6
  Inf proof: 14
  Relax-and-lift: 7

Explored 5462 nodes (129894 simplex iterations) in 0.51 seconds (1.11 work units)
Thread count was 8 (of 8 available processors)

Solution count 7: 117210 118207 151915 ... 6.28565e+06

Optimal solution found (tolerance 1.00e-04)
Best objective 1.172099323521e+05, best bound 1.172099323521e+05, gap 0.0000%

User-callback calls 11316, time in user-callback 0.00 sec

Gurobi 12.0.3 (mac64[arm]) logging started Tue Sep 23 11:49:08 2025

Set parameter LogFile to value "Logs/Facility Location Logs/nscen30_K1/phase1/scenario_generation.log"
Set parameter LogToConsole to value 0

Gurobi 12.0.3 (mac64[arm]) logging started Tue Sep 23 11:49:08 2025

Set parameter LogFile to value "Logs/Facility Location Logs/nscen30_K1/phase1/scenario_generation.log"
Gurobi Optimizer version 12.0.3 build v12.0.3rc0 (mac64[arm] - Darwin 24.6.0 24G222)

CPU model: Apple M3
Thread count: 8 physical cores, 8 logical processors, using up to 8 threads

Non-default parameters:
LogToConsole  0

Optimize a model with 75 rows, 1325 columns and 2575 nonzeros
Model fingerprint: 0xeae89fed
Variable types: 1300 continuous, 25 integer (25 binary)
Coefficient statistics:
  Matrix range     [1e+00, 2e+04]
  Objective range  [8e-03, 8e+03]
  Bounds range     [0e+00, 0e+00]
  RHS range        [1e+03, 9e+03]
Found heuristic solution: objective 5444400.0000
Presolve removed 0 rows and 1 columns
Presolve time: 0.00s
Presolved: 75 rows, 1324 columns, 2574 nonzeros
Variable types: 1300 continuous, 24 integer (24 binary)

Root relaxation: objective 8.020070e+04, 132 iterations, 0.00 seconds (0.00 work units)

    Nodes    |    Current Node    |     Objective Bounds      |     Work
 Expl Unexpl |  Obj  Depth IntInf | Incumbent    BestBd   Gap | It/Node Time

     0     0 80200.6992    0   24 5444400.00 80200.6992  98.5%     -    0s
H    0     0                    213256.69922 80200.6992  62.4%     -    0s
H    0     0                    198509.82370 80200.6992  59.6%     -    0s
H    0     0                    191802.53512 80200.6992  58.2%     -    0s
H    0     0                    177411.26093 80200.6992  54.8%     -    0s
H    0     0                    168963.40218 80200.6992  52.5%     -    0s
H    0     0                    164608.44343 80496.8521  51.1%     -    0s
H    0     0                    133151.01274 85143.8450  36.1%     -    0s
H    0     0                    98447.985598 85143.8450  13.5%     -    0s
H    0     0                    91934.067462 85143.8450  7.39%     -    0s
     0     0 85143.8450    0   10 91934.0675 85143.8450  7.39%     -    0s
     0     0 85238.8689    0   10 91934.0675 85238.8689  7.28%     -    0s
     0     0 85736.4490    0   10 91934.0675 85736.4490  6.74%     -    0s
H    0     0                    91914.433482 85782.7021  6.67%     -    0s
H    0     0                    91891.109082 85782.7021  6.65%     -    0s
     0     0 85808.7139    0   10 91891.1091 85808.7139  6.62%     -    0s
H    0     0                    91606.607778 85808.7139  6.33%     -    0s
     0     0 85808.7139    0    9 91606.6078 85808.7139  6.33%     -    0s
     0     0 85971.7140    0   11 91606.6078 85971.7140  6.15%     -    0s
     0     0 85978.4065    0   11 91606.6078 85978.4065  6.14%     -    0s
     0     0 86105.6044    0    7 91606.6078 86105.6044  6.01%     -    0s
H    0     0                    91571.930083 86105.6044  5.97%     -    0s
     0     0 86126.1658    0    8 91571.9301 86126.1658  5.95%     -    0s
     0     0 86126.3630    0    8 91571.9301 86126.3630  5.95%     -    0s
     0     0 86149.3742    0    5 91571.9301 86149.3742  5.92%     -    0s
     0     0 86170.4481    0    7 91571.9301 86170.4481  5.90%     -    0s
     0     0 86170.7261    0    5 91571.9301 86170.7261  5.90%     -    0s
     0     0 86197.3190    0    8 91571.9301 86197.3190  5.87%     -    0s
H    0     0                    90911.915500 86200.3576  5.18%     -    0s
     0     0 86203.4426    0    8 90911.9155 86203.4426  5.18%     -    0s
     0     0 86205.6886    0    7 90911.9155 86205.6886  5.18%     -    0s
     0     0 86221.6320    0    8 90911.9155 86221.6320  5.16%     -    0s
     0     0 86221.6320    0    8 90911.9155 86221.6320  5.16%     -    0s
     0     2 86221.6320    0    8 90911.9155 86221.6320  5.16%     -    0s
* 2720   877              11    90904.893964 86707.1414  4.62%  26.1    0s
* 3476   850               6    90896.749166 86924.6261  4.37%  27.4    0s
* 3787   803               6    90880.835425 87059.6335  4.20%  28.0    0s

Cutting planes:
  Implied bound: 199
  MIR: 19
  Flow cover: 2
  Inf proof: 12
  Relax-and-lift: 6

Explored 5633 nodes (160816 simplex iterations) in 0.57 seconds (1.25 work units)
Thread count was 8 (of 8 available processors)

Solution count 10: 90880.8 90896.7 90904.9 ... 164608

Optimal solution found (tolerance 1.00e-04)
Best objective 9.088083542531e+04, best bound 9.088083542531e+04, gap 0.0000%

User-callback calls 11689, time in user-callback 0.00 sec

Gurobi 12.0.3 (mac64[arm]) logging started Tue Sep 23 11:49:09 2025

Set parameter LogFile to value "Logs/Facility Location Logs/nscen30_K1/phase1/scenario_generation.log"
Set parameter LogToConsole to value 0

Gurobi 12.0.3 (mac64[arm]) logging started Tue Sep 23 11:49:09 2025

Set parameter LogFile to value "Logs/Facility Location Logs/nscen30_K1/phase1/scenario_generation.log"
Gurobi Optimizer version 12.0.3 build v12.0.3rc0 (mac64[arm] - Darwin 24.6.0 24G222)

CPU model: Apple M3
Thread count: 8 physical cores, 8 logical processors, using up to 8 threads

Non-default parameters:
LogToConsole  0

Optimize a model with 75 rows, 1325 columns and 2575 nonzeros
Model fingerprint: 0x94d06822
Variable types: 1300 continuous, 25 integer (25 binary)
Coefficient statistics:
  Matrix range     [1e+00, 2e+04]
  Objective range  [8e-03, 8e+03]
  Bounds range     [0e+00, 0e+00]
  RHS range        [7e+02, 2e+04]
Found heuristic solution: objective 4645250.0000
Presolve removed 0 rows and 1 columns
Presolve time: 0.00s
Presolved: 75 rows, 1324 columns, 2574 nonzeros
Variable types: 1300 continuous, 24 integer (24 binary)

Root relaxation: objective 9.504240e+04, 151 iterations, 0.00 seconds (0.00 work units)

    Nodes    |    Current Node    |     Objective Bounds      |     Work
 Expl Unexpl |  Obj  Depth IntInf | Incumbent    BestBd   Gap | It/Node Time

     0     0 95042.3954    0   22 4645250.00 95042.3954  98.0%     -    0s
H    0     0                    228589.89542 95042.3954  58.4%     -    0s
H    0     0                    206302.46698 95042.3954  53.9%     -    0s
H    0     0                    164278.07288 95042.3954  42.1%     -    0s
H    0     0                    155702.88115 99357.9116  36.2%     -    0s
H    0     0                    119272.12416 99357.9116  16.7%     -    0s
     0     0 99357.9116    0    9 119272.124 99357.9116  16.7%     -    0s
H    0     0                    113517.40790 99471.2514  12.4%     -    0s
H    0     0                    108562.58704 99471.2514  8.37%     -    0s
     0     0 99471.2514    0    9 108562.587 99471.2514  8.37%     -    0s
H    0     0                    107677.63301 99471.2514  7.62%     -    0s
     0     0 99748.1436    0    7 107677.633 99748.1436  7.36%     -    0s
H    0     0                    107164.79054 99748.1436  6.92%     -    0s
H    0     0                    107153.85301 99748.1436  6.91%     -    0s
H    0     0                    106226.24577 99748.1436  6.10%     -    0s
     0     0 99748.1436    0    8 106226.246 99748.1436  6.10%     -    0s
     0     0 99873.4242    0    8 106226.246 99873.4242  5.98%     -    0s
H    0     0                    106205.90990 99935.3532  5.90%     -    0s
H    0     0                    105819.42141 99935.3532  5.56%     -    0s
     0     0 99935.3532    0    8 105819.421 99935.3532  5.56%     -    0s
     0     0 99951.7064    0    7 105819.421 99951.7064  5.55%     -    0s
     0     0 100083.277    0    4 105819.421 100083.277  5.42%     -    0s
H    0     0                    105808.55532 100092.491  5.40%     -    0s
     0     0 100092.491    0    5 105808.555 100092.491  5.40%     -    0s
     0     0 100138.431    0    1 105808.555 100138.431  5.36%     -    0s
     0     0 100140.130    0    2 105808.555 100140.130  5.36%     -    0s
     0     0 100140.130    0    2 105808.555 100140.130  5.36%     -    0s
     0     2 100140.152    0    2 105808.555 100140.152  5.36%     -    0s
H  460   286                    105524.47937 100291.754  4.96%  18.9    0s
*  856   378               5    105519.49499 100561.684  4.70%  21.3    0s
* 1465    51              15    105413.54813 102164.937  3.08%  30.1    0s
* 1494    51              14    105239.00338 103835.337  1.33%  30.1    0s

Cutting planes:
  Implied bound: 93
  MIR: 5
  Flow cover: 4
  Inf proof: 17
  Relax-and-lift: 8

Explored 1558 nodes (46303 simplex iterations) in 0.19 seconds (0.37 work units)
Thread count was 8 (of 8 available processors)

Solution count 10: 105239 105414 105519 ... 108563

Optimal solution found (tolerance 1.00e-04)
Best objective 1.052390033803e+05, best bound 1.052390033803e+05, gap 0.0000%

User-callback calls 3441, time in user-callback 0.00 sec

Gurobi 12.0.3 (mac64[arm]) logging started Tue Sep 23 11:49:09 2025

Set parameter LogFile to value "Logs/Facility Location Logs/nscen30_K1/phase1/scenario_generation.log"
Set parameter LogToConsole to value 0

Gurobi 12.0.3 (mac64[arm]) logging started Tue Sep 23 11:49:09 2025

Set parameter LogFile to value "Logs/Facility Location Logs/nscen30_K1/phase1/scenario_generation.log"
Gurobi Optimizer version 12.0.3 build v12.0.3rc0 (mac64[arm] - Darwin 24.6.0 24G222)

CPU model: Apple M3
Thread count: 8 physical cores, 8 logical processors, using up to 8 threads

Non-default parameters:
LogToConsole  0

Optimize a model with 75 rows, 1325 columns and 2575 nonzeros
Model fingerprint: 0x45debf1b
Variable types: 1300 continuous, 25 integer (25 binary)
Coefficient statistics:
  Matrix range     [1e+00, 2e+04]
  Objective range  [8e-03, 8e+03]
  Bounds range     [0e+00, 0e+00]
  RHS range        [1e+03, 1e+04]
Found heuristic solution: objective 5452450.0000
Presolve removed 0 rows and 1 columns
Presolve time: 0.00s
Presolved: 75 rows, 1324 columns, 2574 nonzeros
Variable types: 1300 continuous, 24 integer (24 binary)

Root relaxation: objective 9.571700e+04, 121 iterations, 0.00 seconds (0.00 work units)

    Nodes    |    Current Node    |     Objective Bounds      |     Work
 Expl Unexpl |  Obj  Depth IntInf | Incumbent    BestBd   Gap | It/Node Time

     0     0 95717.0049    0   24 5452450.00 95717.0049  98.2%     -    0s
H    0     0                    228692.50485 95717.0049  58.1%     -    0s
H    0     0                    213871.06822 95717.0049  55.2%     -    0s
H    0     0                    206404.01646 95717.0049  53.6%     -    0s
H    0     0                    184754.88419 96174.1517  47.9%     -    0s
H    0     0                    148103.52790 100444.158  32.2%     -    0s
H    0     0                    113055.19256 100444.158  11.2%     -    0s
     0     0 100444.158    0   12 113055.193 100444.158  11.2%     -    0s
H    0     0                    107129.69221 100463.420  6.22%     -    0s
H    0     0                    107108.47045 100463.420  6.20%     -    0s
     0     0 100463.420    0   12 107108.470 100463.420  6.20%     -    0s
     0     0 100973.421    0   11 107108.470 100973.421  5.73%     -    0s
     0     0 101014.219    0    9 107108.470 101014.219  5.69%     -    0s
H    0     0                    106967.59713 101014.219  5.57%     -    0s
     0     0 101189.243    0    9 106967.597 101189.243  5.40%     -    0s
H    0     0                    105770.39781 101203.823  4.32%     -    0s
     0     0 101204.303    0    8 105770.398 101204.303  4.32%     -    0s
     0     0 101205.080    0    8 105770.398 101205.080  4.32%     -    0s
     0     0 101308.285    0    8 105770.398 101308.285  4.22%     -    0s
H    0     0                    105765.27430 101311.591  4.21%     -    0s
     0     0 101315.881    0    7 105765.274 101315.881  4.21%     -    0s
     0     0 101316.580    0    6 105765.274 101316.580  4.21%     -    0s
     0     0 101350.865    0    4 105765.274 101350.865  4.17%     -    0s
     0     0 101354.874    0    4 105765.274 101354.874  4.17%     -    0s
     0     0 101355.007    0    4 105765.274 101355.007  4.17%     -    0s
     0     0 101358.119    0    4 105765.274 101358.119  4.17%     -    0s
     0     0 101358.119    0    4 105765.274 101358.119  4.17%     -    0s
     0     2 101358.119    0    4 105765.274 101358.119  4.17%     -    0s

Cutting planes:
  Implied bound: 187
  MIR: 9
  Inf proof: 17
  Relax-and-lift: 3

Explored 8804 nodes (216607 simplex iterations) in 0.78 seconds (1.75 work units)
Thread count was 8 (of 8 available processors)

Solution count 10: 105765 105770 106968 ... 228693

Optimal solution found (tolerance 1.00e-04)
Best objective 1.057652742962e+05, best bound 1.057652742962e+05, gap 0.0000%

User-callback calls 18054, time in user-callback 0.00 sec

Gurobi 12.0.3 (mac64[arm]) logging started Tue Sep 23 11:49:10 2025

Set parameter LogFile to value "Logs/Facility Location Logs/nscen30_K1/phase1/scenario_generation.log"
Set parameter LogToConsole to value 0

Gurobi 12.0.3 (mac64[arm]) logging started Tue Sep 23 11:49:10 2025

Set parameter LogFile to value "Logs/Facility Location Logs/nscen30_K1/phase1/scenario_generation.log"
Gurobi Optimizer version 12.0.3 build v12.0.3rc0 (mac64[arm] - Darwin 24.6.0 24G222)

CPU model: Apple M3
Thread count: 8 physical cores, 8 logical processors, using up to 8 threads

Non-default parameters:
LogToConsole  0

Optimize a model with 75 rows, 1325 columns and 2575 nonzeros
Model fingerprint: 0xc6042e5d
Variable types: 1300 continuous, 25 integer (25 binary)
Coefficient statistics:
  Matrix range     [1e+00, 2e+04]
  Objective range  [8e-03, 8e+03]
  Bounds range     [0e+00, 0e+00]
  RHS range        [9e+02, 2e+04]
Found heuristic solution: objective 5314450.0000
Presolve removed 0 rows and 1 columns
Presolve time: 0.00s
Presolved: 75 rows, 1324 columns, 2574 nonzeros
Variable types: 1300 continuous, 24 integer (24 binary)

Root relaxation: objective 1.032118e+05, 86 iterations, 0.00 seconds (0.00 work units)

    Nodes    |    Current Node    |     Objective Bounds      |     Work
 Expl Unexpl |  Obj  Depth IntInf | Incumbent    BestBd   Gap | It/Node Time

     0     0 103211.813    0   23 5314450.00 103211.813  98.1%     -    0s
H    0     0                    237567.31253 103211.813  56.6%     -    0s
H    0     0                    208107.07076 103211.813  50.4%     -    0s
H    0     0                    201564.84640 103211.813  48.8%     -    0s
H    0     0                    201277.72674 104036.547  48.3%     -    0s
H    0     0                    193942.49430 107985.920  44.3%     -    0s
H    0     0                    157048.96144 107985.920  31.2%     -    0s
H    0     0                    122643.69652 107985.920  12.0%     -    0s
     0     0 107985.920    0   11 122643.697 107985.920  12.0%     -    0s
H    0     0                    115322.64124 108025.076  6.33%     -    0s
     0     0 108025.076    0   11 115322.641 108025.076  6.33%     -    0s
     0     0 108423.692    0   10 115322.641 108423.692  5.98%     -    0s
H    0     0                    115322.21408 108431.729  5.97%     -    0s
     0     0 108431.729    0    9 115322.214 108431.729  5.97%     -    0s
     0     0 108669.383    0   13 115322.214 108669.383  5.77%     -    0s
     0     0 108691.848    0   10 115322.214 108691.848  5.75%     -    0s
     0     0 108823.626    0    8 115322.214 108823.626  5.64%     -    0s
     0     0 108829.215    0    6 115322.214 108829.215  5.63%     -    0s
     0     0 108882.218    0    6 115322.214 108882.218  5.58%     -    0s
     0     0 108882.316    0    6 115322.214 108882.316  5.58%     -    0s
     0     0 108892.318    0    7 115322.214 108892.318  5.58%     -    0s
     0     0 108893.880    0    7 115322.214 108893.880  5.57%     -    0s
H    0     0                    115222.58277 108893.880  5.49%     -    0s
     0     2 108893.899    0    7 115222.583 108893.899  5.49%     -    0s
*  549   319              18    114763.35686 108945.638  5.07%  20.7    0s
* 1606   653              14    114759.70336 109109.309  4.92%  20.9    0s
* 1878   676              12    114715.82526 109178.651  4.83%  21.5    0s
H 2626   607                    114602.69968 109519.297  4.44%  24.6    0s
* 3962    73              10    114591.51294 111896.168  2.35%  28.7    0s

Cutting planes:
  Implied bound: 191
  MIR: 12
  Flow cover: 5
  Inf proof: 16
  Relax-and-lift: 11

Explored 4119 nodes (117203 simplex iterations) in 0.39 seconds (0.90 work units)
Thread count was 8 (of 8 available processors)

Solution count 10: 114592 114603 114716 ... 193942

Optimal solution found (tolerance 1.00e-04)
Best objective 1.145915129389e+05, best bound 1.145915129389e+05, gap 0.0000%

User-callback calls 8603, time in user-callback 0.00 sec

Gurobi 12.0.3 (mac64[arm]) logging started Tue Sep 23 11:49:10 2025

Set parameter LogFile to value "Logs/Facility Location Logs/nscen30_K1/phase1/scenario_generation.log"
Set parameter LogToConsole to value 0

Gurobi 12.0.3 (mac64[arm]) logging started Tue Sep 23 11:49:10 2025

Set parameter LogFile to value "Logs/Facility Location Logs/nscen30_K1/phase1/scenario_generation.log"
Gurobi Optimizer version 12.0.3 build v12.0.3rc0 (mac64[arm] - Darwin 24.6.0 24G222)

CPU model: Apple M3
Thread count: 8 physical cores, 8 logical processors, using up to 8 threads

Non-default parameters:
LogToConsole  0

Optimize a model with 75 rows, 1325 columns and 2575 nonzeros
Model fingerprint: 0x844ba30d
Variable types: 1300 continuous, 25 integer (25 binary)
Coefficient statistics:
  Matrix range     [1e+00, 2e+04]
  Objective range  [8e-03, 8e+03]
  Bounds range     [0e+00, 0e+00]
  RHS range        [2e+02, 2e+04]
Found heuristic solution: objective 3611700.0000
Presolve removed 0 rows and 1 columns
Presolve time: 0.00s
Presolved: 75 rows, 1324 columns, 2574 nonzeros
Variable types: 1300 continuous, 24 integer (24 binary)

Root relaxation: objective 8.033999e+04, 150 iterations, 0.00 seconds (0.00 work units)

    Nodes    |    Current Node    |     Objective Bounds      |     Work
 Expl Unexpl |  Obj  Depth IntInf | Incumbent    BestBd   Gap | It/Node Time

     0     0 80339.9943    0   19 3611700.00 80339.9943  97.8%     -    0s
H    0     0                    201722.99426 80339.9943  60.2%     -    0s
H    0     0                    159160.39938 80339.9943  49.5%     -    0s
H    0     0                    124928.76672 80339.9943  35.7%     -    0s
H    0     0                    123478.78761 80339.9943  34.9%     -    0s
H    0     0                    113803.87848 85390.3173  25.0%     -    0s
     0     0 85390.3173    0    6 113803.878 85390.3173  25.0%     -    0s
H    0     0                    101059.15800 85643.2229  15.3%     -    0s
H    0     0                    93176.094543 85643.2229  8.08%     -    0s
     0     0 85643.2229    0    6 93176.0945 85643.2229  8.08%     -    0s
     0     0 85775.8117    0    8 93176.0945 85775.8117  7.94%     -    0s
     0     0 85890.9995    0    5 93176.0945 85890.9995  7.82%     -    0s
     0     0 85891.3897    0    5 93176.0945 85891.3897  7.82%     -    0s
H    0     0                    87625.032731 85891.3897  1.98%     -    0s
     0     0 85971.9208    0    1 87625.0327 85971.9208  1.89%     -    0s
H    0     0                    87354.920785 85971.9208  1.58%     -    0s
     0     0 85999.8023    0    1 87354.9208 85999.8023  1.55%     -    0s
H    0     0                    86845.006590 85999.8023  0.97%     -    0s
H    0     0                    86421.188108 85999.8023  0.49%     -    0s
     0     0 85999.8023    0    1 86421.1881 85999.8023  0.49%     -    0s
     0     0 85999.8023    0    4 86421.1881 85999.8023  0.49%     -    0s
     0     0 86421.1881    0    1 86421.1881 86421.1881  0.00%     -    0s

Cutting planes:
  Gomory: 1
  Implied bound: 16
  Flow cover: 1
  Relax-and-lift: 2

Explored 1 nodes (462 simplex iterations) in 0.02 seconds (0.03 work units)
Thread count was 8 (of 8 available processors)

Solution count 10: 86421.2 87625 93176.1 ... 159160

Optimal solution found (tolerance 1.00e-04)
Best objective 8.642118810825e+04, best bound 8.642118810825e+04, gap 0.0000%

User-callback calls 252, time in user-callback 0.00 sec

Gurobi 12.0.3 (mac64[arm]) logging started Tue Sep 23 11:49:10 2025

Set parameter LogFile to value "Logs/Facility Location Logs/nscen30_K1/phase1/scenario_generation.log"
Set parameter LogToConsole to value 0

Gurobi 12.0.3 (mac64[arm]) logging started Tue Sep 23 11:49:10 2025

Set parameter LogFile to value "Logs/Facility Location Logs/nscen30_K1/phase1/scenario_generation.log"
Gurobi Optimizer version 12.0.3 build v12.0.3rc0 (mac64[arm] - Darwin 24.6.0 24G222)

CPU model: Apple M3
Thread count: 8 physical cores, 8 logical processors, using up to 8 threads

Non-default parameters:
LogToConsole  0

Optimize a model with 75 rows, 1325 columns and 2575 nonzeros
Model fingerprint: 0x2857530b
Variable types: 1300 continuous, 25 integer (25 binary)
Coefficient statistics:
  Matrix range     [1e+00, 2e+04]
  Objective range  [8e-03, 8e+03]
  Bounds range     [0e+00, 0e+00]
  RHS range        [1e+03, 7e+03]
Found heuristic solution: objective 5766600.0000
Presolve removed 0 rows and 1 columns
Presolve time: 0.00s
Presolved: 75 rows, 1324 columns, 2574 nonzeros
Variable types: 1300 continuous, 24 integer (24 binary)

Root relaxation: objective 8.459833e+04, 94 iterations, 0.00 seconds (0.00 work units)

    Nodes    |    Current Node    |     Objective Bounds      |     Work
 Expl Unexpl |  Obj  Depth IntInf | Incumbent    BestBd   Gap | It/Node Time

     0     0 84598.3258    0   24 5766600.00 84598.3258  98.5%     -    0s
H    0     0                    214432.32583 84598.3258  60.5%     -    0s
H    0     0                    193235.23133 84598.3258  56.2%     -    0s
H    0     0                    133588.60986 84598.3258  36.7%     -    0s
H    0     0                    100069.83159 84598.3258  15.5%     -    0s
H    0     0                    95297.357327 89606.0532  5.97%     -    0s
     0     0 89606.0532    0   10 95297.3573 89606.0532  5.97%     -    0s
     0     0 89709.7071    0   10 95297.3573 89709.7071  5.86%     -    0s
H    0     0                    93253.062796 89709.7071  3.80%     -    0s
     0     0 90232.2382    0   11 93253.0628 90232.2382  3.24%     -    0s
     0     0 90279.6632    0   10 93253.0628 90279.6632  3.19%     -    0s
H    0     0                    93223.514872 90286.3107  3.15%     -    0s
     0     0 90286.3107    0   11 93223.5149 90286.3107  3.15%     -    0s
     0     0 90287.8545    0   11 93223.5149 90287.8545  3.15%     -    0s
H    0     0                    92874.329195 90398.5677  2.67%     -    0s
     0     0 90398.5677    0   10 92874.3292 90398.5677  2.67%     -    0s
H    0     0                    92870.217857 90406.1147  2.65%     -    0s
     0     0 90406.1147    0   10 92870.2179 90406.1147  2.65%     -    0s
     0     0 90406.2989    0    8 92870.2179 90406.2989  2.65%     -    0s
     0     0 90508.8740    0    8 92870.2179 90508.8740  2.54%     -    0s
H    0     0                    92577.195707 90519.4063  2.22%     -    0s
     0     0 90519.4063    0    6 92577.1957 90519.4063  2.22%     -    0s
     0     0 90549.2213    0    6 92577.1957 90549.2213  2.19%     -    0s
     0     0 90557.0344    0    8 92577.1957 90557.0344  2.18%     -    0s
     0     0 90557.8227    0    8 92577.1957 90557.8227  2.18%     -    0s
     0     0 90568.1071    0    8 92577.1957 90568.1071  2.17%     -    0s
     0     0 90568.9063    0    8 92577.1957 90568.9063  2.17%     -    0s
H    0     0                    92563.840884 90568.9314  2.16%     -    0s
     0     2 90568.9314    0    8 92563.8409 90568.9314  2.16%     -    0s

Cutting planes:
  Implied bound: 85
  MIR: 39
  Flow cover: 11
  Relax-and-lift: 11

Explored 18023 nodes (379321 simplex iterations) in 1.69 seconds (3.76 work units)
Thread count was 8 (of 8 available processors)

Solution count 10: 92563.8 92577.2 92870.2 ... 214432

Optimal solution found (tolerance 1.00e-04)
Best objective 9.256384088437e+04, best bound 9.256384088437e+04, gap 0.0000%

User-callback calls 36917, time in user-callback 0.00 sec

Gurobi 12.0.3 (mac64[arm]) logging started Tue Sep 23 11:49:12 2025

Set parameter LogFile to value "Logs/Facility Location Logs/nscen30_K1/phase1/scenario_generation.log"
Set parameter LogToConsole to value 0

Gurobi 12.0.3 (mac64[arm]) logging started Tue Sep 23 11:49:12 2025

Set parameter LogFile to value "Logs/Facility Location Logs/nscen30_K1/phase1/scenario_generation.log"
Gurobi Optimizer version 12.0.3 build v12.0.3rc0 (mac64[arm] - Darwin 24.6.0 24G222)

CPU model: Apple M3
Thread count: 8 physical cores, 8 logical processors, using up to 8 threads

Non-default parameters:
LogToConsole  0

Optimize a model with 75 rows, 1325 columns and 2575 nonzeros
Model fingerprint: 0x031ed757
Variable types: 1300 continuous, 25 integer (25 binary)
Coefficient statistics:
  Matrix range     [1e+00, 2e+04]
  Objective range  [8e-03, 8e+03]
  Bounds range     [0e+00, 0e+00]
  RHS range        [2e+03, 9e+03]
Found heuristic solution: objective 6661000.0000
Presolve removed 0 rows and 1 columns
Presolve time: 0.00s
Presolved: 75 rows, 1324 columns, 2574 nonzeros
Variable types: 1300 continuous, 24 integer (24 binary)

Root relaxation: objective 1.076238e+05, 109 iterations, 0.00 seconds (0.00 work units)

    Nodes    |    Current Node    |     Objective Bounds      |     Work
 Expl Unexpl |  Obj  Depth IntInf | Incumbent    BestBd   Gap | It/Node Time

     0     0 107623.779    0   24 6661000.00 107623.779  98.4%     -    0s
H    0     0                    228513.77908 107623.779  52.9%     -    0s
H    0     0                    213712.24268 107623.779  49.6%     -    0s
H    0     0                    206297.75660 107623.779  47.8%     -    0s
H    0     0                    184153.12323 107623.779  41.6%     -    0s
H    0     0                    148851.97514 107623.779  27.7%     -    0s
H    0     0                    115782.83273 112495.674  2.84%     -    0s
     0     0 112495.674    0    9 115782.833 112495.674  2.84%     -    0s
H    0     0                    115051.61471 112635.825  2.10%     -    0s
H    0     0                    115041.83848 112635.825  2.09%     -    0s
     0     0 112951.683    0    9 115041.838 112951.683  1.82%     -    0s
     0     0 112993.266    0    8 115041.838 112993.266  1.78%     -    0s
H    0     0                    114862.71933 112993.266  1.63%     -    0s
H    0     0                    114139.25616 112993.266  1.00%     -    0s
     0     0 113052.194    0    5 114139.256 113052.194  0.95%     -    0s
H    0     0                    113983.48650 113057.475  0.81%     -    0s
     0     0 113057.475    0    5 113983.486 113057.475  0.81%     -    0s
     0     0 113066.261    0    4 113983.486 113066.261  0.80%     -    0s
     0     0 113104.284    0    4 113983.486 113104.284  0.77%     -    0s
H    0     0                    113882.23039 113104.284  0.68%     -    0s
     0     0 113108.090    0    4 113882.230 113108.090  0.68%     -    0s
     0     0 113109.693    0    4 113882.230 113109.693  0.68%     -    0s
     0     0 113115.585    0    4 113882.230 113115.585  0.67%     -    0s
     0     0 113115.585    0    4 113882.230 113115.585  0.67%     -    0s
     0     2 113115.601    0    4 113882.230 113115.601  0.67%     -    0s
*  161   102               8    113865.47700 113258.000  0.53%  20.4    0s

Cutting planes:
  Implied bound: 87
  MIR: 10
  Flow cover: 5
  Relax-and-lift: 5

Explored 967 nodes (17769 simplex iterations) in 0.12 seconds (0.24 work units)
Thread count was 8 (of 8 available processors)

Solution count 10: 113865 113882 113983 ... 213712

Optimal solution found (tolerance 1.00e-04)
Best objective 1.138654769976e+05, best bound 1.138654769976e+05, gap 0.0000%

User-callback calls 2232, time in user-callback 0.00 sec

Gurobi 12.0.3 (mac64[arm]) logging started Tue Sep 23 11:49:12 2025

Set parameter LogFile to value "Logs/Facility Location Logs/nscen30_K1/phase1/scenario_generation.log"
Set parameter LogToConsole to value 0

Gurobi 12.0.3 (mac64[arm]) logging started Tue Sep 23 11:49:12 2025

Set parameter LogFile to value "Logs/Facility Location Logs/nscen30_K1/phase1/scenario_generation.log"
Gurobi Optimizer version 12.0.3 build v12.0.3rc0 (mac64[arm] - Darwin 24.6.0 24G222)

CPU model: Apple M3
Thread count: 8 physical cores, 8 logical processors, using up to 8 threads

Non-default parameters:
LogToConsole  0

Optimize a model with 75 rows, 1325 columns and 2575 nonzeros
Model fingerprint: 0x9bb67101
Variable types: 1300 continuous, 25 integer (25 binary)
Coefficient statistics:
  Matrix range     [1e+00, 2e+04]
  Objective range  [8e-03, 8e+03]
  Bounds range     [0e+00, 0e+00]
  RHS range        [1e+03, 2e+04]
Found heuristic solution: objective 5764050.0000
Presolve removed 0 rows and 1 columns
Presolve time: 0.00s
Presolved: 75 rows, 1324 columns, 2574 nonzeros
Variable types: 1300 continuous, 24 integer (24 binary)

Root relaxation: objective 1.186956e+05, 102 iterations, 0.00 seconds (0.00 work units)

    Nodes    |    Current Node    |     Objective Bounds      |     Work
 Expl Unexpl |  Obj  Depth IntInf | Incumbent    BestBd   Gap | It/Node Time

     0     0 118695.645    0   23 5764050.00 118695.645  97.9%     -    0s
H    0     0                    248555.14464 118695.645  52.2%     -    0s
H    0     0                    219348.09999 118695.645  45.9%     -    0s
H    0     0                    211886.24983 118695.645  44.0%     -    0s
H    0     0                    199005.69567 118963.270  40.2%     -    0s
H    0     0                    196996.84469 123318.842  37.4%     -    0s
H    0     0                    161681.95367 123318.842  23.7%     -    0s
H    0     0                    126796.70560 123318.842  2.74%     -    0s
     0     0 123318.842    0   11 126796.706 123318.842  2.74%     -    0s
H    0     0                    126639.46702 123392.297  2.56%     -    0s
     0     0 123392.297    0   11 126639.467 123392.297  2.56%     -    0s
     0     0 123720.068    0    8 126639.467 123720.068  2.31%     -    0s
     0     0 123794.370    0   11 126639.467 123794.370  2.25%     -    0s
H    0     0                    126568.90972 123794.370  2.19%     -    0s
H    0     0                    126095.07142 124003.700  1.66%     -    0s
     0     0 124003.700    0   13 126095.071 124003.700  1.66%     -    0s
     0     0 124024.436    0   12 126095.071 124024.436  1.64%     -    0s
     0     0 124026.843    0   13 126095.071 124026.843  1.64%     -    0s
     0     0 124120.904    0    5 126095.071 124120.904  1.57%     -    0s
     0     0 124129.067    0    6 126095.071 124129.067  1.56%     -    0s
     0     0 124129.392    0    6 126095.071 124129.392  1.56%     -    0s
     0     0 124136.253    0    7 126095.071 124136.253  1.55%     -    0s
     0     0 124136.642    0    7 126095.071 124136.642  1.55%     -    0s
     0     2 124136.645    0    7 126095.071 124136.645  1.55%     -    0s

Cutting planes:
  Implied bound: 132
  MIR: 6
  Flow cover: 2
  Relax-and-lift: 7

Explored 3867 nodes (80326 simplex iterations) in 0.29 seconds (0.65 work units)
Thread count was 8 (of 8 available processors)

Solution count 9: 126095 126639 161682 ... 5.76405e+06

Optimal solution found (tolerance 1.00e-04)
Best objective 1.260950714211e+05, best bound 1.260950714211e+05, gap 0.0000%

User-callback calls 8070, time in user-callback 0.00 sec

Gurobi 12.0.3 (mac64[arm]) logging started Tue Sep 23 11:49:12 2025

Set parameter LogFile to value "Logs/Facility Location Logs/nscen30_K1/phase1/scenario_generation.log"
Set parameter LogToConsole to value 0

Gurobi 12.0.3 (mac64[arm]) logging started Tue Sep 23 11:49:12 2025

Set parameter LogFile to value "Logs/Facility Location Logs/nscen30_K1/phase1/scenario_generation.log"
Gurobi Optimizer version 12.0.3 build v12.0.3rc0 (mac64[arm] - Darwin 24.6.0 24G222)

CPU model: Apple M3
Thread count: 8 physical cores, 8 logical processors, using up to 8 threads

Non-default parameters:
LogToConsole  0

Optimize a model with 75 rows, 1325 columns and 2575 nonzeros
Model fingerprint: 0x5847286c
Variable types: 1300 continuous, 25 integer (25 binary)
Coefficient statistics:
  Matrix range     [1e+00, 2e+04]
  Objective range  [8e-03, 8e+03]
  Bounds range     [0e+00, 0e+00]
  RHS range        [1e+03, 2e+04]
Found heuristic solution: objective 5996200.0000
Presolve removed 0 rows and 1 columns
Presolve time: 0.00s
Presolved: 75 rows, 1324 columns, 2574 nonzeros
Variable types: 1300 continuous, 24 integer (24 binary)

Root relaxation: objective 1.228404e+05, 149 iterations, 0.00 seconds (0.00 work units)

    Nodes    |    Current Node    |     Objective Bounds      |     Work
 Expl Unexpl |  Obj  Depth IntInf | Incumbent    BestBd   Gap | It/Node Time

     0     0 122840.406    0   23 5996200.00 122840.406  98.0%     -    0s
H    0     0                    250378.40568 122840.406  50.9%     -    0s
H    0     0                    228232.41054 122840.406  46.2%     -    0s
H    0     0                    228225.70878 122840.406  46.2%     -    0s
H    0     0                    228128.94967 122840.406  46.2%     -    0s
H    0     0                    205922.07446 122840.406  40.3%     -    0s
H    0     0                    170290.89952 122840.406  27.9%     -    0s
H    0     0                    136142.28569 127551.062  6.31%     -    0s
H    0     0                    130834.81080 127551.062  2.51%     -    0s
H    0     0                    130798.77259 127551.062  2.48%     -    0s
     0     0 127551.062    0   13 130798.773 127551.062  2.48%     -    0s
     0     0 127675.881    0   13 130798.773 127675.881  2.39%     -    0s
H    0     0                    129385.90078 127675.881  1.32%     -    0s
H    0     0                    129384.54070 127675.881  1.32%     -    0s
     0     0 128150.684    0   10 129384.541 128150.684  0.95%     -    0s
H    0     0                    128837.22028 128150.684  0.53%     -    0s
H    0     0                    128835.70821 128150.684  0.53%     -    0s
     0     0 128150.684    0   10 128835.708 128150.684  0.53%     -    0s
H    0     0                    128713.77821 128150.684  0.44%     -    0s
H    0     0                    128707.58027 128150.684  0.43%     -    0s
     0     0 128325.421    0   13 128707.580 128325.421  0.30%     -    0s
     0     0 128372.988    0   12 128707.580 128372.988  0.26%     -    0s
     0     0 128391.673    0    8 128707.580 128391.673  0.25%     -    0s
     0     0 128392.513    0   10 128707.580 128392.513  0.24%     -    0s
H    0     0                    128705.46772 128550.954  0.12%     -    0s
     0     0 128550.954    0    8 128705.468 128550.954  0.12%     -    0s
     0     0 128553.049    0    8 128705.468 128553.049  0.12%     -    0s
     0     0 128601.336    0   10 128705.468 128601.336  0.08%     -    0s
     0     0 128602.633    0    9 128705.468 128602.633  0.08%     -    0s
     0     0 128607.639    0    8 128705.468 128607.639  0.08%     -    0s
     0     0 128607.810    0    8 128705.468 128607.810  0.08%     -    0s
     0     0 128610.836    0    9 128705.468 128610.836  0.07%     -    0s
     0     0 128610.836    0    9 128705.468 128610.836  0.07%     -    0s
     0     0 128610.837    0   15 128705.468 128610.837  0.07%     -    0s
     0     0 128610.837    0   13 128705.468 128610.837  0.07%     -    0s
     0     0 128610.837    0   11 128705.468 128610.837  0.07%     -    0s
     0     0 128610.837    0   10 128705.468 128610.837  0.07%     -    0s
     0     0 128610.837    0   10 128705.468 128610.837  0.07%     -    0s
     0     0 128610.837    0    9 128705.468 128610.837  0.07%     -    0s
     0     0 128610.837    0    7 128705.468 128610.837  0.07%     -    0s
     0     0 128610.837    0    9 128705.468 128610.837  0.07%     -    0s
     0     0 128610.837    0    7 128705.468 128610.837  0.07%     -    0s
     0     0 128610.837    0    9 128705.468 128610.837  0.07%     -    0s
     0     0 128610.837    0    9 128705.468 128610.837  0.07%     -    0s
     0     0 128614.581    0    6 128705.468 128614.581  0.07%     -    0s
     0     0 128625.558    0    9 128705.468 128625.558  0.06%     -    0s
     0     0 128626.548    0    9 128705.468 128626.548  0.06%     -    0s
     0     0 128631.535    0    8 128705.468 128631.535  0.06%     -    0s
     0     0 128631.602    0    8 128705.468 128631.602  0.06%     -    0s
H    0     0                    128703.17500 128631.602  0.06%     -    0s
     0     2 128631.602    0    8 128703.175 128631.602  0.06%     -    0s
*   36     6               6    128701.01766 128675.960  0.02%  10.5    0s

Cutting planes:
  Implied bound: 66
  MIR: 5
  Flow cover: 5
  Relax-and-lift: 11

Explored 44 nodes (1433 simplex iterations) in 0.08 seconds (0.10 work units)
Thread count was 8 (of 8 available processors)

Solution count 10: 128701 128705 128708 ... 228129

Optimal solution found (tolerance 1.00e-04)
Best objective 1.287010176624e+05, best bound 1.287010176624e+05, gap 0.0000%

User-callback calls 472, time in user-callback 0.00 sec

Gurobi 12.0.3 (mac64[arm]) logging started Tue Sep 23 11:49:12 2025

Set parameter LogFile to value "Logs/Facility Location Logs/nscen30_K1/phase1/scenario_generation.log"
Set parameter LogToConsole to value 0

Gurobi 12.0.3 (mac64[arm]) logging started Tue Sep 23 11:49:12 2025

Set parameter LogFile to value "Logs/Facility Location Logs/nscen30_K1/phase1/scenario_generation.log"
Gurobi Optimizer version 12.0.3 build v12.0.3rc0 (mac64[arm] - Darwin 24.6.0 24G222)

CPU model: Apple M3
Thread count: 8 physical cores, 8 logical processors, using up to 8 threads

Non-default parameters:
LogToConsole  0

Optimize a model with 75 rows, 1325 columns and 2575 nonzeros
Model fingerprint: 0x3f0afb09
Variable types: 1300 continuous, 25 integer (25 binary)
Coefficient statistics:
  Matrix range     [1e+00, 2e+04]
  Objective range  [8e-03, 8e+03]
  Bounds range     [0e+00, 0e+00]
  RHS range        [1e+03, 7e+03]
Found heuristic solution: objective 5233300.0000
Presolve removed 0 rows and 1 columns
Presolve time: 0.00s
Presolved: 75 rows, 1324 columns, 2574 nonzeros
Variable types: 1300 continuous, 24 integer (24 binary)

Root relaxation: objective 7.437703e+04, 107 iterations, 0.00 seconds (0.00 work units)

    Nodes    |    Current Node    |     Objective Bounds      |     Work
 Expl Unexpl |  Obj  Depth IntInf | Incumbent    BestBd   Gap | It/Node Time

     0     0 74377.0258    0   24 5233300.00 74377.0258  98.6%     -    0s
H    0     0                    209544.02585 74377.0258  64.5%     -    0s
H    0     0                    187464.70517 74377.0258  60.3%     -    0s
H    0     0                    167781.71370 74377.0258  55.7%     -    0s
H    0     0                    165671.68612 74377.0258  55.1%     -    0s
H    0     0                    147171.22336 74826.4405  49.2%     -    0s
H    0     0                    129173.42797 79109.7356  38.8%     -    0s
H    0     0                    93979.850969 79109.7356  15.8%     -    0s
H    0     0                    80547.440746 79109.7356  1.78%     -    0s
     0     0 79109.7356    0   11 80547.4407 79109.7356  1.78%     -    0s
     0     0 79171.3124    0   11 80547.4407 79171.3124  1.71%     -    0s
     0     0 79652.8447    0    9 80547.4407 79652.8447  1.11%     -    0s
     0     0 79718.3805    0    9 80547.4407 79718.3805  1.03%     -    0s
     0     0 79852.4357    0   11 80547.4407 79852.4357  0.86%     -    0s
     0     0 79872.7357    0    9 80547.4407 79872.7357  0.84%     -    0s
     0     0 79985.6017    0    8 80547.4407 79985.6017  0.70%     -    0s
     0     0 79990.3175    0    8 80547.4407 79990.3175  0.69%     -    0s
     0     0 79991.4405    0    9 80547.4407 79991.4405  0.69%     -    0s
     0     0 80018.8084    0    4 80547.4407 80018.8084  0.66%     -    0s
     0     0 80027.8856    0    4 80547.4407 80027.8856  0.65%     -    0s
     0     0 80034.0835    0    6 80547.4407 80034.0835  0.64%     -    0s
     0     0 80034.0835    0    6 80547.4407 80034.0835  0.64%     -    0s
     0     2 80034.0835    0    6 80547.4407 80034.0835  0.64%     -    0s
*   20    16               4    80445.290704 80126.1114  0.40%  20.6    0s
H   31    29                    80400.665149 80176.7724  0.28%  18.3    0s
*   32    29               9    80372.079958 80176.7724  0.24%  20.2    0s
*  106     2               7    80351.790672 80274.5752  0.10%  19.0    0s

Cutting planes:
  Implied bound: 75
  MIR: 9
  Flow cover: 5
  Relax-and-lift: 11

Explored 128 nodes (2748 simplex iterations) in 0.05 seconds (0.08 work units)
Thread count was 8 (of 8 available processors)

Solution count 10: 80351.8 80372.1 80445.3 ... 187465

Optimal solution found (tolerance 1.00e-04)
Best objective 8.035179067181e+04, best bound 8.035179067181e+04, gap 0.0000%

User-callback calls 532, time in user-callback 0.00 sec

Gurobi 12.0.3 (mac64[arm]) logging started Tue Sep 23 11:49:12 2025

Set parameter LogFile to value "Logs/Facility Location Logs/nscen30_K1/phase1/scenario_generation.log"
Set parameter LogToConsole to value 0

Gurobi 12.0.3 (mac64[arm]) logging started Tue Sep 23 11:49:12 2025

Set parameter LogFile to value "Logs/Facility Location Logs/nscen30_K1/phase1/scenario_generation.log"
Gurobi Optimizer version 12.0.3 build v12.0.3rc0 (mac64[arm] - Darwin 24.6.0 24G222)

CPU model: Apple M3
Thread count: 8 physical cores, 8 logical processors, using up to 8 threads

Non-default parameters:
LogToConsole  0

Optimize a model with 75 rows, 1325 columns and 2575 nonzeros
Model fingerprint: 0x3e8ad728
Variable types: 1300 continuous, 25 integer (25 binary)
Coefficient statistics:
  Matrix range     [1e+00, 2e+04]
  Objective range  [8e-03, 8e+03]
  Bounds range     [0e+00, 0e+00]
  RHS range        [5e+02, 6e+03]
Found heuristic solution: objective 3710550.0000
Presolve removed 0 rows and 1 columns
Presolve time: 0.00s
Presolved: 75 rows, 1324 columns, 2574 nonzeros
Variable types: 1300 continuous, 24 integer (24 binary)

Root relaxation: objective 6.198774e+04, 136 iterations, 0.00 seconds (0.00 work units)

    Nodes    |    Current Node    |     Objective Bounds      |     Work
 Expl Unexpl |  Obj  Depth IntInf | Incumbent    BestBd   Gap | It/Node Time

     0     0 61987.7395    0   23 3710550.00 61987.7395  98.3%     -    0s
H    0     0                    204882.23948 61987.7395  69.7%     -    0s
H    0     0                    175223.65679 61987.7395  64.6%     -    0s
H    0     0                    153414.07285 61987.7395  59.6%     -    0s
H    0     0                    139915.23585 66987.7804  52.1%     -    0s
H    0     0                    132417.02145 66987.7804  49.4%     -    0s
H    0     0                    95783.114472 66987.7804  30.1%     -    0s
     0     0 66987.7804    0    7 95783.1145 66987.7804  30.1%     -    0s
     0     0 67011.7982    0    7 95783.1145 67011.7982  30.0%     -    0s
H    0     0                    90232.398487 67011.7982  25.7%     -    0s
H    0     0                    69734.391333 67011.7982  3.90%     -    0s
     0     0 67290.0747    0    8 69734.3913 67290.0747  3.51%     -    0s
H    0     0                    68805.268259 67318.5452  2.16%     -    0s
H    0     0                    68787.679153 67318.5452  2.14%     -    0s
     0     0 67406.5396    0    7 68787.6792 67406.5396  2.01%     -    0s
     0     0 67497.3901    0    8 68787.6792 67497.3901  1.88%     -    0s
H    0     0                    68687.294198 67497.3901  1.73%     -    0s
     0     0 67574.5676    0    7 68687.2942 67574.5676  1.62%     -    0s
H    0     0                    68002.616913 67579.2779  0.62%     -    0s
     0     0 67579.2779    0    6 68002.6169 67579.2779  0.62%     -    0s
     0     0 67695.5858    0    3 68002.6169 67695.5858  0.45%     -    0s
     0     0 67695.8215    0    5 68002.6169 67695.8215  0.45%     -    0s
     0     0 67697.1187    0    4 68002.6169 67697.1187  0.45%     -    0s
     0     0 67697.1187    0    4 68002.6169 67697.1187  0.45%     -    0s
     0     0 67697.1187    0    7 68002.6169 67697.1187  0.45%     -    0s
     0     0 67697.1187    0    7 68002.6169 67697.1187  0.45%     -    0s
     0     0 67697.1187    0    7 68002.6169 67697.1187  0.45%     -    0s
     0     0 67697.1187    0    9 68002.6169 67697.1187  0.45%     -    0s
     0     0 67697.1187    0    9 68002.6169 67697.1187  0.45%     -    0s
     0     0 67697.1187    0    5 68002.6169 67697.1187  0.45%     -    0s
     0     0 67782.6283    0    6 68002.6169 67782.6283  0.32%     -    0s
     0     0 68002.6169    0    6 68002.6169 68002.6169  0.00%     -    0s

Cutting planes:
  Implied bound: 59
  MIR: 1
  Flow cover: 1

Explored 1 nodes (718 simplex iterations) in 0.04 seconds (0.05 work units)
Thread count was 8 (of 8 available processors)

Solution count 10: 68002.6 68687.3 68787.7 ... 175224

Optimal solution found (tolerance 1.00e-04)
Best objective 6.800261691319e+04, best bound 6.800261691319e+04, gap 0.0000%

User-callback calls 297, time in user-callback 0.00 sec

Gurobi 12.0.3 (mac64[arm]) logging started Tue Sep 23 11:49:12 2025

Set parameter LogFile to value "Logs/Facility Location Logs/nscen30_K1/phase1/scenario_generation.log"
Set parameter LogToConsole to value 0

Gurobi 12.0.3 (mac64[arm]) logging started Tue Sep 23 11:49:12 2025

Set parameter LogFile to value "Logs/Facility Location Logs/nscen30_K1/phase1/scenario_generation.log"
Gurobi Optimizer version 12.0.3 build v12.0.3rc0 (mac64[arm] - Darwin 24.6.0 24G222)

CPU model: Apple M3
Thread count: 8 physical cores, 8 logical processors, using up to 8 threads

Non-default parameters:
LogToConsole  0

Optimize a model with 75 rows, 1325 columns and 2575 nonzeros
Model fingerprint: 0xfc748096
Variable types: 1300 continuous, 25 integer (25 binary)
Coefficient statistics:
  Matrix range     [1e+00, 2e+04]
  Objective range  [8e-03, 8e+03]
  Bounds range     [0e+00, 0e+00]
  RHS range        [1e+03, 2e+04]
Found heuristic solution: objective 7024150.0000
Presolve removed 0 rows and 1 columns
Presolve time: 0.00s
Presolved: 75 rows, 1324 columns, 2574 nonzeros
Variable types: 1300 continuous, 24 integer (24 binary)

Root relaxation: objective 1.346340e+05, 112 iterations, 0.00 seconds (0.00 work units)

    Nodes    |    Current Node    |     Objective Bounds      |     Work
 Expl Unexpl |  Obj  Depth IntInf | Incumbent    BestBd   Gap | It/Node Time

     0     0 134634.036    0   23 7024150.00 134634.036  98.1%     -    0s
H    0     0                    251892.53558 134634.036  46.6%     -    0s
H    0     0                    229870.85044 134634.036  41.4%     -    0s
H    0     0                    224270.50692 134634.036  40.0%     -    0s
H    0     0                    217004.40126 134634.036  38.0%     -    0s
H    0     0                    210272.68168 134959.406  35.8%     -    0s
H    0     0                    203483.13743 134959.406  33.7%     -    0s
H    0     0                    172582.81780 139597.891  19.1%     -    0s
     0     0 139597.891    0   14 172582.818 139597.891  19.1%     -    0s
H    0     0                    172137.92780 139678.770  18.9%     -    0s
H    0     0                    164873.00670 139678.770  15.3%     -    0s
     0     0 139678.770    0   12 164873.007 139678.770  15.3%     -    0s
     0     0 139678.770    0   12 164873.007 139678.770  15.3%     -    0s
H    0     0                    159404.08816 140037.790  12.1%     -    0s
H    0     0                    153267.28728 140037.790  8.63%     -    0s
H    0     0                    146622.14000 140037.790  4.49%     -    0s
     0     0 140037.790    0   12 146622.140 140037.790  4.49%     -    0s
H    0     0                    146583.65804 140092.446  4.43%     -    0s
H    0     0                    145242.16563 140092.446  3.55%     -    0s
     0     0 140132.132    0   12 145242.166 140132.132  3.52%     -    0s
     0     0 140132.132    0   12 145242.166 140132.132  3.52%     -    0s
     0     0 140303.838    0   15 145242.166 140303.838  3.40%     -    0s
     0     0 140320.927    0   14 145242.166 140320.927  3.39%     -    0s
     0     0 140325.003    0   14 145242.166 140325.003  3.39%     -    0s
     0     0 140327.279    0   12 145242.166 140327.279  3.38%     -    0s
H    0     0                    144903.31133 140327.279  3.16%     -    0s
H    0     0                    144385.02284 140444.529  2.73%     -    0s
     0     0 140444.529    0   11 144385.023 140444.529  2.73%     -    0s
     0     0 140457.918    0    5 144385.023 140457.918  2.72%     -    0s
     0     0 140458.784    0    5 144385.023 140458.784  2.72%     -    0s
     0     0 140478.237    0    9 144385.023 140478.237  2.71%     -    0s
     0     0 140478.263    0    9 144385.023 140478.263  2.71%     -    0s
     0     0 140494.810    0   10 144385.023 140494.810  2.69%     -    0s
     0     0 140494.810    0   10 144385.023 140494.810  2.69%     -    0s
     0     2 140494.821    0   10 144385.023 140494.821  2.69%     -    0s
*  280   230               8    144320.63338 140588.969  2.59%  24.9    0s
*  311   230              12    144224.52432 140588.969  2.52%  26.4    0s

Cutting planes:
  Implied bound: 168
  MIR: 19
  Flow cover: 1
  Inf proof: 17
  Relax-and-lift: 9

Explored 2667 nodes (82354 simplex iterations) in 0.35 seconds (0.83 work units)
Thread count was 8 (of 8 available processors)

Solution count 10: 144225 144321 144385 ... 172138

Optimal solution found (tolerance 1.00e-04)
Best objective 1.442245243200e+05, best bound 1.442245243200e+05, gap 0.0000%

User-callback calls 5742, time in user-callback 0.00 sec

Gurobi 12.0.3 (mac64[arm]) logging started Tue Sep 23 11:49:13 2025

Set parameter LogFile to value "Logs/Facility Location Logs/nscen30_K1/phase1/scenario_generation.log"
Set parameter LogToConsole to value 0

Gurobi 12.0.3 (mac64[arm]) logging started Tue Sep 23 11:49:13 2025

Set parameter LogFile to value "Logs/Facility Location Logs/nscen30_K1/phase1/scenario_generation.log"
Gurobi Optimizer version 12.0.3 build v12.0.3rc0 (mac64[arm] - Darwin 24.6.0 24G222)

CPU model: Apple M3
Thread count: 8 physical cores, 8 logical processors, using up to 8 threads

Non-default parameters:
LogToConsole  0

Optimize a model with 75 rows, 1325 columns and 2575 nonzeros
Model fingerprint: 0x5bb26ac5
Variable types: 1300 continuous, 25 integer (25 binary)
Coefficient statistics:
  Matrix range     [1e+00, 2e+04]
  Objective range  [8e-03, 8e+03]
  Bounds range     [0e+00, 0e+00]
  RHS range        [8e+02, 2e+04]
Found heuristic solution: objective 5110250.0000
Presolve removed 0 rows and 1 columns
Presolve time: 0.00s
Presolved: 75 rows, 1324 columns, 2574 nonzeros
Variable types: 1300 continuous, 24 integer (24 binary)

Root relaxation: objective 9.852934e+04, 134 iterations, 0.00 seconds (0.00 work units)

    Nodes    |    Current Node    |     Objective Bounds      |     Work
 Expl Unexpl |  Obj  Depth IntInf | Incumbent    BestBd   Gap | It/Node Time

     0     0 98529.3430    0   23 5110250.00 98529.3430  98.1%     -    0s
H    0     0                    234926.84296 98529.3430  58.1%     -    0s
H    0     0                    212774.93008 98529.3430  53.7%     -    0s
H    0     0                    205751.36702 98529.3430  52.1%     -    0s
H    0     0                    185327.40232 98529.3430  46.8%     -    0s
     0     0 103202.657    0   10 185327.402 103202.657  44.3%     -    0s
H    0     0                    164600.15738 103310.628  37.2%     -    0s
H    0     0                    153836.55147 103310.628  32.8%     -    0s
H    0     0                    119059.32840 103310.628  13.2%     -    0s
H    0     0                    115732.37012 103310.628  10.7%     -    0s
     0     0 103310.628    0   10 115732.370 103310.628  10.7%     -    0s
H    0     0                    113971.62573 103310.628  9.35%     -    0s
     0     0 103667.900    0   10 113971.626 103667.900  9.04%     -    0s
H    0     0                    106335.04257 103706.195  2.47%     -    0s
H    0     0                    105493.05343 103706.195  1.69%     -    0s
     0     0 103720.302    0   10 105493.053 103720.302  1.68%     -    0s
     0     0 103720.302    0    9 105493.053 103720.302  1.68%     -    0s
H    0     0                    105377.15536 103936.240  1.37%     -    0s
     0     0 103936.240    0    9 105377.155 103936.240  1.37%     -    0s
H    0     0                    105303.23083 103961.241  1.27%     -    0s
     0     0 103961.241    0    8 105303.231 103961.241  1.27%     -    0s
     0     0 104073.897    0    6 105303.231 104073.897  1.17%     -    0s
     0     0 104073.965    0    7 105303.231 104073.965  1.17%     -    0s
     0     0 104109.960    0    2 105303.231 104109.960  1.13%     -    0s
     0     0 104113.602    0    6 105303.231 104113.602  1.13%     -    0s
     0     0 104113.602    0    6 105303.231 104113.602  1.13%     -    0s
     0     2 104113.602    0    6 105303.231 104113.602  1.13%     -    0s

Cutting planes:
  Implied bound: 98
  MIR: 6
  Flow cover: 1
  Relax-and-lift: 5

Explored 322 nodes (7468 simplex iterations) in 0.07 seconds (0.12 work units)
Thread count was 8 (of 8 available processors)

Solution count 10: 105303 105377 105493 ... 205751

Optimal solution found (tolerance 1.00e-04)
Best objective 1.053032308292e+05, best bound 1.053032308292e+05, gap 0.0000%

User-callback calls 924, time in user-callback 0.00 sec

Gurobi 12.0.3 (mac64[arm]) logging started Tue Sep 23 11:49:13 2025

Set parameter LogFile to value "Logs/Facility Location Logs/nscen30_K1/phase1/scenario_generation.log"
Set parameter LogToConsole to value 0

Gurobi 12.0.3 (mac64[arm]) logging started Tue Sep 23 11:49:13 2025

Set parameter LogFile to value "Logs/Facility Location Logs/nscen30_K1/phase1/scenario_generation.log"
Gurobi Optimizer version 12.0.3 build v12.0.3rc0 (mac64[arm] - Darwin 24.6.0 24G222)

CPU model: Apple M3
Thread count: 8 physical cores, 8 logical processors, using up to 8 threads

Non-default parameters:
LogToConsole  0

Optimize a model with 75 rows, 1325 columns and 2575 nonzeros
Model fingerprint: 0x252c479f
Variable types: 1300 continuous, 25 integer (25 binary)
Coefficient statistics:
  Matrix range     [1e+00, 2e+04]
  Objective range  [8e-03, 8e+03]
  Bounds range     [0e+00, 0e+00]
  RHS range        [1e+03, 6e+03]
Found heuristic solution: objective 4945650.0000
Presolve removed 0 rows and 1 columns
Presolve time: 0.00s
Presolved: 75 rows, 1324 columns, 2574 nonzeros
Variable types: 1300 continuous, 24 integer (24 binary)

Root relaxation: objective 7.096110e+04, 94 iterations, 0.00 seconds (0.00 work units)

    Nodes    |    Current Node    |     Objective Bounds      |     Work
 Expl Unexpl |  Obj  Depth IntInf | Incumbent    BestBd   Gap | It/Node Time

     0     0 70961.1037    0   24 4945650.00 70961.1037  98.6%     -    0s
H    0     0                    209004.60365 70961.1037  66.0%     -    0s
H    0     0                    186893.78181 70961.1037  62.0%     -    0s
H    0     0                    174827.14590 70961.1037  59.4%     -    0s
H    0     0                    160682.97328 70961.1037  55.8%     -    0s
H    0     0                    153707.74947 75653.1640  50.8%     -    0s
     0     0 75653.1640    0   11 153707.749 75653.1640  50.8%     -    0s
H    0     0                    138696.66398 75762.1023  45.4%     -    0s
H    0     0                    128585.08257 75762.1023  41.1%     -    0s
H    0     0                    93181.010798 75762.1023  18.7%     -    0s
H    0     0                    79554.025971 75762.1023  4.77%     -    0s
     0     0 75762.1023    0   11 79554.0260 75762.1023  4.77%     -    0s
     0     0 76147.1929    0    9 79554.0260 76147.1929  4.28%     -    0s
     0     0 76180.2334    0    9 79554.0260 76180.2334  4.24%     -    0s
     0     0 76328.9764    0   10 79554.0260 76328.9764  4.05%     -    0s
     0     0 76346.7215    0    8 79554.0260 76346.7215  4.03%     -    0s
     0     0 76418.4329    0    4 79554.0260 76418.4329  3.94%     -    0s
H    0     0                    78833.655680 76418.4329  3.06%     -    0s
     0     0 76421.9038    0    4 78833.6557 76421.9038  3.06%     -    0s
     0     0 76428.6083    0    3 78833.6557 76428.6083  3.05%     -    0s
     0     0 76436.0040    0    1 78833.6557 76436.0040  3.04%     -    0s
     0     0 76436.2132    0    1 78833.6557 76436.2132  3.04%     -    0s
     0     0 76447.2040    0    5 78833.6557 76447.2040  3.03%     -    0s
     0     0 76447.2040    0    5 78833.6557 76447.2040  3.03%     -    0s
     0     2 76447.2040    0    5 78833.6557 76447.2040  3.03%     -    0s

Cutting planes:
  Implied bound: 149
  MIR: 7
  Flow cover: 2
  Inf proof: 1
  Relax-and-lift: 10

Explored 7603 nodes (158858 simplex iterations) in 0.61 seconds (1.32 work units)
Thread count was 8 (of 8 available processors)

Solution count 10: 78833.7 79554 93181 ... 209005

Optimal solution found (tolerance 1.00e-04)
Best objective 7.883365567969e+04, best bound 7.883365567969e+04, gap 0.0000%

User-callback calls 15619, time in user-callback 0.00 sec

Gurobi 12.0.3 (mac64[arm]) logging started Tue Sep 23 11:49:13 2025

Set parameter LogFile to value "Logs/Facility Location Logs/nscen30_K1/phase1/scenario_generation.log"
Set parameter LogToConsole to value 0

Gurobi 12.0.3 (mac64[arm]) logging started Tue Sep 23 11:49:13 2025

Set parameter LogFile to value "Logs/Facility Location Logs/nscen30_K1/phase1/scenario_generation.log"
Gurobi Optimizer version 12.0.3 build v12.0.3rc0 (mac64[arm] - Darwin 24.6.0 24G222)

CPU model: Apple M3
Thread count: 8 physical cores, 8 logical processors, using up to 8 threads

Non-default parameters:
LogToConsole  0

Optimize a model with 75 rows, 1325 columns and 2575 nonzeros
Model fingerprint: 0x8d6c8f6a
Variable types: 1300 continuous, 25 integer (25 binary)
Coefficient statistics:
  Matrix range     [1e+00, 2e+04]
  Objective range  [8e-03, 8e+03]
  Bounds range     [0e+00, 0e+00]
  RHS range        [1e+03, 2e+04]
Found heuristic solution: objective 5893700.0000
Presolve removed 0 rows and 1 columns
Presolve time: 0.00s
Presolved: 75 rows, 1324 columns, 2574 nonzeros
Variable types: 1300 continuous, 24 integer (24 binary)

Root relaxation: objective 1.249047e+05, 132 iterations, 0.00 seconds (0.00 work units)

    Nodes    |    Current Node    |     Objective Bounds      |     Work
 Expl Unexpl |  Obj  Depth IntInf | Incumbent    BestBd   Gap | It/Node Time

     0     0 124904.718    0   23 5893700.00 124904.718  97.9%     -    0s
H    0     0                    253467.71840 124904.718  50.7%     -    0s
H    0     0                    231665.45504 124904.718  46.1%     -    0s
H    0     0                    225003.76428 124904.718  44.5%     -    0s
H    0     0                    217581.52358 124904.718  42.6%     -    0s
H    0     0                    210119.28478 125155.360  40.4%     -    0s
H    0     0                    209602.01392 125155.360  40.3%     -    0s
H    0     0                    201751.82225 130105.556  35.5%     -    0s
H    0     0                    165161.58975 130105.556  21.2%     -    0s
H    0     0                    141564.95777 130105.556  8.09%     -    0s
H    0     0                    141546.73283 130105.556  8.08%     -    0s
     0     0 130105.556    0   12 141546.733 130105.556  8.08%     -    0s
H    0     0                    132773.27879 130188.430  1.95%     -    0s
H    0     0                    132710.77189 130188.430  1.90%     -    0s
     0     0 130720.494    0   10 132710.772 130720.494  1.50%     -    0s
H    0     0                    132222.96763 130753.650  1.11%     -    0s
     0     0 130753.650    0   11 132222.968 130753.650  1.11%     -    0s
H    0     0                    131964.99939 130753.650  0.92%     -    0s
     0     0 130966.782    0   12 131964.999 130966.782  0.76%     -    0s
     0     0 130989.516    0   11 131964.999 130989.516  0.74%     -    0s
     0     0 130989.738    0   12 131964.999 130989.738  0.74%     -    0s
     0     0 131137.880    0   10 131964.999 131137.880  0.63%     -    0s
     0     0 131139.597    0   10 131964.999 131139.597  0.63%     -    0s
     0     0 131161.070    0    8 131964.999 131161.070  0.61%     -    0s
     0     0 131161.215    0    8 131964.999 131161.215  0.61%     -    0s
     0     0 131172.528    0    8 131964.999 131172.528  0.60%     -    0s
     0     0 131172.528    0    8 131964.999 131172.528  0.60%     -    0s
     0     2 131172.547    0    8 131964.999 131172.547  0.60%     -    0s

Cutting planes:
  Implied bound: 110
  MIR: 10
  Flow cover: 2
  Relax-and-lift: 1

Explored 610 nodes (12522 simplex iterations) in 0.12 seconds (0.20 work units)
Thread count was 8 (of 8 available processors)

Solution count 10: 131965 132711 141547 ... 253468

Optimal solution found (tolerance 1.00e-04)
Best objective 1.319649993915e+05, best bound 1.319649993915e+05, gap 0.0000%

User-callback calls 1517, time in user-callback 0.00 sec

Gurobi 12.0.3 (mac64[arm]) logging started Tue Sep 23 11:49:14 2025

Set parameter LogFile to value "Logs/Facility Location Logs/nscen30_K1/phase1/scenario_generation.log"
Set parameter LogToConsole to value 0

Gurobi 12.0.3 (mac64[arm]) logging started Tue Sep 23 11:49:14 2025

Set parameter LogFile to value "Logs/Facility Location Logs/nscen30_K1/phase1/scenario_generation.log"
Gurobi Optimizer version 12.0.3 build v12.0.3rc0 (mac64[arm] - Darwin 24.6.0 24G222)

CPU model: Apple M3
Thread count: 8 physical cores, 8 logical processors, using up to 8 threads

Non-default parameters:
LogToConsole  0

Optimize a model with 75 rows, 1325 columns and 2575 nonzeros
Model fingerprint: 0x65ae515d
Variable types: 1300 continuous, 25 integer (25 binary)
Coefficient statistics:
  Matrix range     [1e+00, 2e+04]
  Objective range  [8e-03, 8e+03]
  Bounds range     [0e+00, 0e+00]
  RHS range        [1e+03, 1e+04]
Found heuristic solution: objective 5800600.0000
Presolve removed 0 rows and 1 columns
Presolve time: 0.00s
Presolved: 75 rows, 1324 columns, 2574 nonzeros
Variable types: 1300 continuous, 24 integer (24 binary)

Root relaxation: objective 1.045662e+05, 127 iterations, 0.00 seconds (0.00 work units)

    Nodes    |    Current Node    |     Objective Bounds      |     Work
 Expl Unexpl |  Obj  Depth IntInf | Incumbent    BestBd   Gap | It/Node Time

     0     0 104566.159    0   24 5800600.00 104566.159  98.2%     -    0s
H    0     0                    234060.15868 104566.159  55.3%     -    0s
H    0     0                    211926.35374 104566.159  50.7%     -    0s
H    0     0                    155868.14141 104566.159  32.9%     -    0s
H    0     0                    152043.24909 104566.159  31.2%     -    0s
H    0     0                    128290.83436 109202.502  14.9%     -    0s
H    0     0                    121514.38989 109202.502  10.1%     -    0s
     0     0 109202.502    0    9 121514.390 109202.502  10.1%     -    0s
H    0     0                    121359.60417 109303.557  9.93%     -    0s
     0     0 109686.159    0    9 121359.604 109686.159  9.62%     -    0s
H    0     0                    111440.22362 109712.046  1.55%     -    0s
     0     0 109716.937    0   10 111440.224 109716.937  1.55%     -    0s
     0     0 109859.471    0    7 111440.224 109859.471  1.42%     -    0s
     0     0 109869.266    0    6 111440.224 109869.266  1.41%     -    0s
     0     0 109944.949    0    6 111440.224 109944.949  1.34%     -    0s
H    0     0                    111423.75561 109948.226  1.32%     -    0s
     0     0 109948.226    0    4 111423.756 109948.226  1.32%     -    0s
     0     0 109961.609    0    2 111423.756 109961.609  1.31%     -    0s
     0     0 110083.045    0    2 111423.756 110083.045  1.20%     -    0s
     0     0 110083.045    0    3 111423.756 110083.045  1.20%     -    0s
     0     0 110083.045    0    3 111423.756 110083.045  1.20%     -    0s
     0     2 110083.045    0    3 111423.756 110083.045  1.20%     -    0s

Cutting planes:
  Implied bound: 101
  MIR: 11
  Flow cover: 2
  Relax-and-lift: 7

Explored 1280 nodes (27660 simplex iterations) in 0.19 seconds (0.32 work units)
Thread count was 8 (of 8 available processors)

Solution count 9: 111424 111440 121360 ... 5.8006e+06

Optimal solution found (tolerance 1.00e-04)
Best objective 1.114237556136e+05, best bound 1.114237556136e+05, gap 0.0000%

User-callback calls 2863, time in user-callback 0.00 sec

Gurobi 12.0.3 (mac64[arm]) logging started Tue Sep 23 11:49:14 2025

Set parameter LogFile to value "Logs/Facility Location Logs/nscen30_K1/phase1/scenario_generation.log"
Set parameter LogToConsole to value 0

Gurobi 12.0.3 (mac64[arm]) logging started Tue Sep 23 11:49:14 2025

Set parameter LogFile to value "Logs/Facility Location Logs/nscen30_K1/phase1/scenario_generation.log"
Gurobi Optimizer version 12.0.3 build v12.0.3rc0 (mac64[arm] - Darwin 24.6.0 24G222)

CPU model: Apple M3
Thread count: 8 physical cores, 8 logical processors, using up to 8 threads

Non-default parameters:
LogToConsole  0

Optimize a model with 75 rows, 1325 columns and 2575 nonzeros
Model fingerprint: 0x473a0e41
Variable types: 1300 continuous, 25 integer (25 binary)
Coefficient statistics:
  Matrix range     [1e+00, 2e+04]
  Objective range  [8e-03, 8e+03]
  Bounds range     [0e+00, 0e+00]
  RHS range        [7e+02, 6e+03]
Found heuristic solution: objective 4105600.0000
Presolve removed 0 rows and 1 columns
Presolve time: 0.00s
Presolved: 75 rows, 1324 columns, 2574 nonzeros
Variable types: 1300 continuous, 24 integer (24 binary)

Root relaxation: objective 6.445991e+04, 106 iterations, 0.00 seconds (0.00 work units)

    Nodes    |    Current Node    |     Objective Bounds      |     Work
 Expl Unexpl |  Obj  Depth IntInf | Incumbent    BestBd   Gap | It/Node Time

     0     0 64459.9088    0   23 4105600.00 64459.9088  98.4%     -    0s
H    0     0                    203403.90883 64459.9088  68.3%     -    0s
H    0     0                    167013.48787 64459.9088  61.4%     -    0s
H    0     0                    153069.14191 64459.9088  57.9%     -    0s
H    0     0                    147694.62611 64459.9088  56.4%     -    0s
H    0     0                    145625.82508 64567.1806  55.7%     -    0s
H    0     0                    138346.27392 64567.1806  53.3%     -    0s
     0     0 69396.2926    0   11 138346.274 69396.2926  49.8%     -    0s
H    0     0                    133340.29263 69410.3069  47.9%     -    0s
H    0     0                    129934.79890 69410.3069  46.6%     -    0s
H    0     0                    94278.720118 69410.3069  26.4%     -    0s
     0     0 69410.3069    0   11 94278.7201 69410.3069  26.4%     -    0s
     0     0 69903.0225    0    9 94278.7201 69903.0225  25.9%     -    0s
     0     0 69960.2922    0    9 94278.7201 69960.2922  25.8%     -    0s
H    0     0                    93683.939551 69960.2922  25.3%     -    0s
H    0     0                    86360.923966 69960.2922  19.0%     -    0s
H    0     0                    79334.743598 69960.2922  11.8%     -    0s
     0     0 70167.7680    0   13 79334.7436 70167.7680  11.6%     -    0s
     0     0 70183.6298    0   12 79334.7436 70183.6298  11.5%     -    0s
     0     0 70183.9510    0   12 79334.7436 70183.9510  11.5%     -    0s
H    0     0                    74456.210650 70339.9895  5.53%     -    0s
     0     0 70339.9895    0    8 74456.2106 70339.9895  5.53%     -    0s
H    0     0                    74418.222502 70343.6079  5.48%     -    0s
     0     0 70343.6079    0    9 74418.2225 70343.6079  5.48%     -    0s
     0     0 70409.5533    0    7 74418.2225 70409.5533  5.39%     -    0s
H    0     0                    73778.662818 70409.5533  4.57%     -    0s
     0     0 70409.6270    0    5 73778.6628 70409.6270  4.57%     -    0s
     0     0 70412.0603    0    6 73778.6628 70412.0603  4.56%     -    0s
     0     0 70416.5547    0    6 73778.6628 70416.5547  4.56%     -    0s
     0     0 70423.2160    0    6 73778.6628 70423.2160  4.55%     -    0s
     0     0 70423.2160    0    6 73778.6628 70423.2160  4.55%     -    0s
H    0     0                    73749.876942 70423.2160  4.51%     -    0s
     0     2 70423.2265    0    6 73749.8769 70423.2265  4.51%     -    0s

Cutting planes:
  Implied bound: 117
  MIR: 13
  Flow cover: 1
  Inf proof: 1
  Relax-and-lift: 4

Explored 3930 nodes (92495 simplex iterations) in 0.36 seconds (0.70 work units)
Thread count was 8 (of 8 available processors)

Solution count 10: 73749.9 73778.7 74418.2 ... 138346

Optimal solution found (tolerance 1.00e-04)
Best objective 7.374987694162e+04, best bound 7.374987694162e+04, gap 0.0000%

User-callback calls 8238, time in user-callback 0.00 sec

Gurobi 12.0.3 (mac64[arm]) logging started Tue Sep 23 11:49:14 2025

Set parameter LogFile to value "Logs/Facility Location Logs/nscen30_K1/phase1/scenario_generation.log"
Set parameter LogToConsole to value 0

Gurobi 12.0.3 (mac64[arm]) logging started Tue Sep 23 11:49:14 2025

Set parameter LogFile to value "Logs/Facility Location Logs/nscen30_K1/phase1/scenario_generation.log"
Gurobi Optimizer version 12.0.3 build v12.0.3rc0 (mac64[arm] - Darwin 24.6.0 24G222)

CPU model: Apple M3
Thread count: 8 physical cores, 8 logical processors, using up to 8 threads

Non-default parameters:
LogToConsole  0

Optimize a model with 75 rows, 1325 columns and 2575 nonzeros
Model fingerprint: 0x3a359e63
Variable types: 1300 continuous, 25 integer (25 binary)
Coefficient statistics:
  Matrix range     [1e+00, 2e+04]
  Objective range  [8e-03, 8e+03]
  Bounds range     [0e+00, 0e+00]
  RHS range        [1e+03, 8e+03]
Found heuristic solution: objective 4971000.0000
Presolve removed 0 rows and 1 columns
Presolve time: 0.00s
Presolved: 75 rows, 1324 columns, 2574 nonzeros
Variable types: 1300 continuous, 24 integer (24 binary)

Root relaxation: objective 8.230759e+04, 127 iterations, 0.00 seconds (0.00 work units)

    Nodes    |    Current Node    |     Objective Bounds      |     Work
 Expl Unexpl |  Obj  Depth IntInf | Incumbent    BestBd   Gap | It/Node Time

     0     0 82307.5878    0   24 4971000.00 82307.5878  98.3%     -    0s
H    0     0                    220097.58779 82307.5878  62.6%     -    0s
H    0     0                    198032.04256 82307.5878  58.4%     -    0s
H    0     0                    162120.62032 82307.5878  49.2%     -    0s
H    0     0                    139142.82243 87164.6668  37.4%     -    0s
H    0     0                    104714.01598 87164.6668  16.8%     -    0s
H    0     0                    91912.276122 87164.6668  5.17%     -    0s
     0     0 87164.6668    0   11 91912.2761 87164.6668  5.17%     -    0s
H    0     0                    91465.214962 87194.8061  4.67%     -    0s
     0     0 87194.8061    0   11 91465.2150 87194.8061  4.67%     -    0s
     0     0 87724.9565    0    9 91465.2150 87724.9565  4.09%     -    0s
H    0     0                    91285.166179 87759.3593  3.86%     -    0s
     0     0 87759.3593    0    9 91285.1662 87759.3593  3.86%     -    0s
H    0     0                    90655.816710 87759.3593  3.20%     -    0s
     0     0 88047.4115    0   10 90655.8167 88047.4115  2.88%     -    0s
     0     0 88073.6349    0    9 90655.8167 88073.6349  2.85%     -    0s
     0     0 88202.6778    0    8 90655.8167 88202.6778  2.71%     -    0s
     0     0 88206.0218    0    8 90655.8167 88206.0218  2.70%     -    0s
     0     0 88240.0118    0    3 90655.8167 88240.0118  2.66%     -    0s
H    0     0                    90558.079373 88240.0118  2.56%     -    0s
     0     0 88240.4026    0    4 90558.0794 88240.4026  2.56%     -    0s
     0     0 88245.7510    0    6 90558.0794 88245.7510  2.55%     -    0s
     0     0 88245.7510    0    6 90558.0794 88245.7510  2.55%     -    0s
     0     2 88245.7510    0    6 90558.0794 88245.7510  2.55%     -    0s

Cutting planes:
  Implied bound: 158
  MIR: 9
  Flow cover: 7
  Relax-and-lift: 11

Explored 4645 nodes (101660 simplex iterations) in 0.40 seconds (0.86 work units)
Thread count was 8 (of 8 available processors)

Solution count 10: 90558.1 90655.8 91465.2 ... 4.971e+06

Optimal solution found (tolerance 1.00e-04)
Best objective 9.055807937306e+04, best bound 9.055807937306e+04, gap 0.0000%

User-callback calls 9644, time in user-callback 0.00 sec

Gurobi 12.0.3 (mac64[arm]) logging started Tue Sep 23 11:49:14 2025

Set parameter LogFile to value "Logs/Facility Location Logs/nscen30_K1/phase1/scenario_generation.log"
Set parameter LogToConsole to value 0

Gurobi 12.0.3 (mac64[arm]) logging started Tue Sep 23 11:49:14 2025

Set parameter LogFile to value "Logs/Facility Location Logs/nscen30_K1/phase1/scenario_generation.log"
Gurobi Optimizer version 12.0.3 build v12.0.3rc0 (mac64[arm] - Darwin 24.6.0 24G222)

CPU model: Apple M3
Thread count: 8 physical cores, 8 logical processors, using up to 8 threads

Non-default parameters:
LogToConsole  0

Optimize a model with 75 rows, 1325 columns and 2575 nonzeros
Model fingerprint: 0x4fda3bd3
Variable types: 1300 continuous, 25 integer (25 binary)
Coefficient statistics:
  Matrix range     [1e+00, 2e+04]
  Objective range  [8e-03, 8e+03]
  Bounds range     [0e+00, 0e+00]
  RHS range        [9e+02, 1e+04]
Found heuristic solution: objective 5060800.0000
Presolve removed 0 rows and 1 columns
Presolve time: 0.00s
Presolved: 75 rows, 1324 columns, 2574 nonzeros
Variable types: 1300 continuous, 24 integer (24 binary)

Root relaxation: objective 9.275597e+04, 130 iterations, 0.00 seconds (0.00 work units)

    Nodes    |    Current Node    |     Objective Bounds      |     Work
 Expl Unexpl |  Obj  Depth IntInf | Incumbent    BestBd   Gap | It/Node Time

     0     0 92755.9733    0   24 5060800.00 92755.9733  98.2%     -    0s
H    0     0                    229647.97330 92755.9733  59.6%     -    0s
H    0     0                    214797.31402 92755.9733  56.8%     -    0s
H    0     0                    157278.93680 92755.9733  41.0%     -    0s
H    0     0                    129878.61229 93737.4680  27.8%     -    0s
H    0     0                    124567.12358 93737.4680  24.7%     -    0s
H    0     0                    115799.91391 97622.5877  15.7%     -    0s
H    0     0                    102404.34777 97622.5877  4.67%     -    0s
     0     0 97622.5877    0   12 102404.348 97622.5877  4.67%     -    0s
     0     0 97661.3623    0   12 102404.348 97661.3623  4.63%     -    0s
     0     0 98124.0738    0    9 102404.348 98124.0738  4.18%     -    0s
H    0     0                    102117.02650 98149.0171  3.89%     -    0s
H    0     0                    102105.57234 98149.0171  3.87%     -    0s
     0     0 98149.0171    0    9 102105.572 98149.0171  3.87%     -    0s
H    0     0                    100714.35343 98149.0171  2.55%     -    0s
     0     0 98357.9078    0    9 100714.353 98357.9078  2.34%     -    0s
H    0     0                    100403.65501 98391.8088  2.00%     -    0s
     0     0 98391.8088    0    8 100403.655 98391.8088  2.00%     -    0s
     0     0 98392.6428    0    8 100403.655 98392.6428  2.00%     -    0s
     0     0 98528.3922    0    6 100403.655 98528.3922  1.87%     -    0s
H    0     0                    100205.61915 98530.2200  1.67%     -    0s
     0     0 98569.9367    0    4 100205.619 98569.9367  1.63%     -    0s
H    0     0                    100203.54323 98569.9367  1.63%     -    0s
     0     0 98571.3012    0    5 100203.543 98571.3012  1.63%     -    0s
     0     0 98571.3131    0    5 100203.543 98571.3131  1.63%     -    0s
     0     2 98571.3131    0    5 100203.543 98571.3131  1.63%     -    0s

Cutting planes:
  Implied bound: 113
  MIR: 12
  Relax-and-lift: 3

Explored 1447 nodes (30876 simplex iterations) in 0.18 seconds (0.36 work units)
Thread count was 8 (of 8 available processors)

Solution count 10: 100204 100206 100404 ... 214797

Optimal solution found (tolerance 1.00e-04)
Best objective 1.002035432259e+05, best bound 1.002035432259e+05, gap 0.0000%

User-callback calls 3218, time in user-callback 0.00 sec

Gurobi 12.0.3 (mac64[arm]) logging started Tue Sep 23 11:49:15 2025

Set parameter LogFile to value "Logs/Facility Location Logs/nscen30_K1/phase1/scenario_generation.log"
Set parameter LogToConsole to value 0

Gurobi 12.0.3 (mac64[arm]) logging started Tue Sep 23 11:49:15 2025

Set parameter LogFile to value "Logs/Facility Location Logs/nscen30_K1/phase1/scenario_generation.log"
Gurobi Optimizer version 12.0.3 build v12.0.3rc0 (mac64[arm] - Darwin 24.6.0 24G222)

CPU model: Apple M3
Thread count: 8 physical cores, 8 logical processors, using up to 8 threads

Non-default parameters:
LogToConsole  0

Optimize a model with 75 rows, 1325 columns and 2575 nonzeros
Model fingerprint: 0x6c537f08
Variable types: 1300 continuous, 25 integer (25 binary)
Coefficient statistics:
  Matrix range     [1e+00, 2e+04]
  Objective range  [8e-03, 8e+03]
  Bounds range     [0e+00, 0e+00]
  RHS range        [4e+02, 8e+03]
Found heuristic solution: objective 3716350.0000
Presolve removed 0 rows and 1 columns
Presolve time: 0.00s
Presolved: 75 rows, 1324 columns, 2574 nonzeros
Variable types: 1300 continuous, 24 integer (24 binary)

Root relaxation: objective 6.669258e+04, 141 iterations, 0.00 seconds (0.00 work units)

    Nodes    |    Current Node    |     Objective Bounds      |     Work
 Expl Unexpl |  Obj  Depth IntInf | Incumbent    BestBd   Gap | It/Node Time

     0     0 66692.5818    0   23 3716350.00 66692.5818  98.2%     -    0s
H    0     0                    209529.08176 66692.5818  68.2%     -    0s
H    0     0                    172449.98075 66692.5818  61.3%     -    0s
H    0     0                    137208.38342 66692.5818  51.4%     -    0s
H    0     0                    131998.80195 66692.5818  49.5%     -    0s
     0     0 71776.7533    0    7 131998.802 71776.7533  45.6%     -    0s
H    0     0                    117113.25333 71873.9122  38.6%     -    0s
H    0     0                    99619.657082 71873.9122  27.9%     -    0s
     0     0 71873.9122    0    7 99619.6571 71873.9122  27.9%     -    0s
H    0     0                    94722.152632 71873.9122  24.1%     -    0s
H    0     0                    73954.425292 71873.9122  2.81%     -    0s
     0     0 72127.0092    0   10 73954.4253 72127.0092  2.47%     -    0s
     0     0 72240.7133    0    9 73954.4253 72240.7133  2.32%     -    0s
H    0     0                    72884.661809 72297.8762  0.81%     -    0s
H    0     0                    72774.768571 72297.8762  0.66%     -    0s
     0     0 72297.8762    0    8 72774.7686 72297.8762  0.66%     -    0s
     0     0 72429.2325    0    5 72774.7686 72429.2325  0.47%     -    0s
H    0     0                    72774.318742 72431.4280  0.47%     -    0s
     0     0 72456.0099    0    7 72774.3187 72456.0099  0.44%     -    0s
     0     0 72456.2109    0    7 72774.3187 72456.2109  0.44%     -    0s
     0     0 72774.3187    0    3 72774.3187 72774.3187  0.00%     -    0s

Cutting planes:
  Implied bound: 78
  MIR: 2
  Flow cover: 6
  Relax-and-lift: 3

Explored 1 nodes (387 simplex iterations) in 0.02 seconds (0.03 work units)
Thread count was 8 (of 8 available processors)

Solution count 10: 72774.3 72774.8 73954.4 ... 209529

Optimal solution found (tolerance 1.00e-04)
Best objective 7.277431874156e+04, best bound 7.277431874156e+04, gap 0.0000%

User-callback calls 241, time in user-callback 0.00 sec

Gurobi 12.0.3 (mac64[arm]) logging started Tue Sep 23 11:49:15 2025

Set parameter LogFile to value "Logs/Facility Location Logs/nscen30_K1/phase1/scenario_generation.log"
Set parameter LogToConsole to value 0

Gurobi 12.0.3 (mac64[arm]) logging started Tue Sep 23 11:49:15 2025

Set parameter LogFile to value "Logs/Facility Location Logs/nscen30_K1/phase1/scenario_generation.log"
Gurobi Optimizer version 12.0.3 build v12.0.3rc0 (mac64[arm] - Darwin 24.6.0 24G222)

CPU model: Apple M3
Thread count: 8 physical cores, 8 logical processors, using up to 8 threads

Non-default parameters:
LogToConsole  0

Optimize a model with 75 rows, 1325 columns and 2575 nonzeros
Model fingerprint: 0x3136574d
Variable types: 1300 continuous, 25 integer (25 binary)
Coefficient statistics:
  Matrix range     [1e+00, 2e+04]
  Objective range  [8e-03, 8e+03]
  Bounds range     [0e+00, 0e+00]
  RHS range        [1e+03, 1e+04]
Found heuristic solution: objective 6120900.0000
Presolve removed 0 rows and 1 columns
Presolve time: 0.00s
Presolved: 75 rows, 1324 columns, 2574 nonzeros
Variable types: 1300 continuous, 24 integer (24 binary)

Root relaxation: objective 9.896336e+04, 148 iterations, 0.00 seconds (0.00 work units)

    Nodes    |    Current Node    |     Objective Bounds      |     Work
 Expl Unexpl |  Obj  Depth IntInf | Incumbent    BestBd   Gap | It/Node Time

     0     0 98963.3632    0   24 6120900.00 98963.3632  98.4%     -    0s
H    0     0                    225254.36319 98963.3632  56.1%     -    0s
H    0     0                    210565.96426 98963.3632  53.0%     -    0s
H    0     0                    210508.69020 98963.3632  53.0%     -    0s
H    0     0                    203376.22347 99333.2511  51.2%     -    0s
H    0     0                    181373.50584 103897.744  42.7%     -    0s
H    0     0                    145967.94520 103897.744  28.8%     -    0s
H    0     0                    111924.85151 103897.744  7.17%     -    0s
     0     0 103897.744    0   12 111924.852 103897.744  7.17%     -    0s
     0     0 103938.443    0   12 111924.852 103938.443  7.14%     -    0s
     0     0 104384.554    0    9 111924.852 104384.554  6.74%     -    0s
H    0     0                    111674.23651 104447.213  6.47%     -    0s
H    0     0                    111531.88433 104447.213  6.35%     -    0s
     0     0 104447.213    0    8 111531.884 104447.213  6.35%     -    0s
     0     0 104601.007    0   10 111531.884 104601.007  6.21%     -    0s
H    0     0                    111079.16327 104606.610  5.83%     -    0s
     0     0 104606.610    0   10 111079.163 104606.610  5.83%     -    0s
     0     0 104696.376    0    8 111079.163 104696.376  5.75%     -    0s
H    0     0                    110968.23153 104700.010  5.65%     -    0s
     0     0 104700.010    0    7 110968.232 104700.010  5.65%     -    0s
H    0     0                    110382.59947 104706.212  5.14%     -    0s
     0     0 104706.212    0    4 110382.599 104706.212  5.14%     -    0s
     0     0 104706.757    0    2 110382.599 104706.757  5.14%     -    0s
     0     0 104709.659    0    7 110382.599 104709.659  5.14%     -    0s
     0     0 104709.659    0    7 110382.599 104709.659  5.14%     -    0s
     0     2 104709.673    0    7 110382.599 104709.673  5.14%     -    0s
*  550   341               9    110048.18882 104789.052  4.78%  22.1    0s
H  907   497                    110023.20276 104887.771  4.67%  22.5    0s

Cutting planes:
  Gomory: 1
  Implied bound: 92
  MIR: 21
  Flow cover: 2
  Inf proof: 19
  Relax-and-lift: 3

Explored 13605 nodes (282127 simplex iterations) in 1.28 seconds (2.80 work units)
Thread count was 8 (of 8 available processors)

Solution count 10: 110023 110048 110383 ... 225254

Optimal solution found (tolerance 1.00e-04)
Best objective 1.100232027645e+05, best bound 1.100232027645e+05, gap 0.0000%

User-callback calls 27865, time in user-callback 0.00 sec

============================================================
SUMMARY STATISTICS - PHASE 1: SCENARIO GENERATION
============================================================
Parameters:
  bernoulli_case: false
  nloc: 25
  ncust: 50
  nscen: 30

Results:
  total_scenarios: 30
  unique_solutions: 29
============================================================

Gurobi 12.0.3 (mac64[arm]) logging started Tue Sep 23 12:12:24 2025

Set parameter LogFile to value "Logs/Facility Location Logs/nscen30_K1/phase1/scenario_generation.log"
Set parameter LogToConsole to value 0

Gurobi 12.0.3 (mac64[arm]) logging started Tue Sep 23 12:12:24 2025

Set parameter LogFile to value "Logs/Facility Location Logs/nscen30_K1/phase1/scenario_generation.log"
Gurobi Optimizer version 12.0.3 build v12.0.3rc0 (mac64[arm] - Darwin 24.6.0 24G222)

CPU model: Apple M3
Thread count: 8 physical cores, 8 logical processors, using up to 8 threads

Non-default parameters:
LogToConsole  0

Optimize a model with 75 rows, 1325 columns and 2575 nonzeros
Model fingerprint: 0x2dfaf614
Variable types: 1300 continuous, 25 integer (25 binary)
Coefficient statistics:
  Matrix range     [1e+00, 2e+04]
  Objective range  [8e-03, 8e+03]
  Bounds range     [0e+00, 0e+00]
  RHS range        [7e+02, 2e+04]
Found heuristic solution: objective 4588000.0000
Presolve removed 0 rows and 1 columns
Presolve time: 0.00s
Presolved: 75 rows, 1324 columns, 2574 nonzeros
Variable types: 1300 continuous, 24 integer (24 binary)

Root relaxation: objective 9.036545e+04, 146 iterations, 0.00 seconds (0.00 work units)

    Nodes    |    Current Node    |     Objective Bounds      |     Work
 Expl Unexpl |  Obj  Depth IntInf | Incumbent    BestBd   Gap | It/Node Time

     0     0 90365.4496    0   22 4588000.00 90365.4496  98.0%     -    0s
H    0     0                    224485.44959 90365.4496  59.7%     -    0s
H    0     0                    202394.37709 90365.4496  55.4%     -    0s
H    0     0                    198188.67355 90365.4496  54.4%     -    0s
H    0     0                    150308.03289 90365.4496  39.9%     -    0s
     0     0 94887.2977    0   10 150308.033 94887.2977  36.9%     -    0s
H    0     0                    144724.05285 95020.5531  34.3%     -    0s
H    0     0                    115815.83021 95020.5531  18.0%     -    0s
H    0     0                    115615.65677 95020.5531  17.8%     -    0s
     0     0 95020.5531    0   10 115615.657 95020.5531  17.8%     -    0s
H    0     0                    109838.78971 95020.5531  13.5%     -    0s
     0     0 95323.8374    0    6 109838.790 95323.8374  13.2%     -    0s
H    0     0                    109639.47728 95323.8374  13.1%     -    0s
H    0     0                    102544.44524 95323.8374  7.04%     -    0s
H    0     0                    102472.97177 95323.8374  6.98%     -    0s
H    0     0                    102389.78661 95448.8676  6.78%     -    0s
     0     0 95448.8676    0    7 102389.787 95448.8676  6.78%     -    0s
     0     0 95466.6337    0    6 102389.787 95466.6337  6.76%     -    0s
     0     0 95472.4920    0    6 102389.787 95472.4920  6.76%     -    0s
H    0     0                    102328.99455 95472.4920  6.70%     -    0s
H    0     0                    102248.38753 95597.0174  6.51%     -    0s
H    0     0                    102152.02000 95597.0174  6.42%     -    0s
     0     0 95597.0174    0    4 102152.020 95597.0174  6.42%     -    0s
     0     0 95606.1602    0    4 102152.020 95606.1602  6.41%     -    0s
     0     0 95643.7840    0    1 102152.020 95643.7840  6.37%     -    0s
     0     0 95644.7416    0    2 102152.020 95644.7416  6.37%     -    0s
     0     0 95644.7416    0    2 102152.020 95644.7416  6.37%     -    0s
H    0     0                    101741.01504 95644.7416  5.99%     -    0s
H    0     0                    101722.98176 95644.7866  5.98%     -    0s
     0     2 95644.7866    0    2 101722.982 95644.7866  5.98%     -    0s
*  289   218              14    101712.84912 95795.6584  5.82%  19.9    0s
*  379   227              10    101499.97917 95801.8511  5.61%  21.5    0s
H 1027   367                    101402.72723 96349.5977  4.98%  21.6    0s
* 1044   367              10    101223.29030 96459.7187  4.71%  21.8    0s

Cutting planes:
  Implied bound: 98
  MIR: 6
  Flow cover: 8
  Inf proof: 18
  Relax-and-lift: 10

Explored 2877 nodes (62828 simplex iterations) in 0.23 seconds (0.54 work units)
Thread count was 8 (of 8 available processors)

Solution count 10: 101223 101403 101500 ... 109839

Optimal solution found (tolerance 1.00e-04)
Best objective 1.012232902958e+05, best bound 1.012232902958e+05, gap 0.0000%

User-callback calls 6087, time in user-callback 0.00 sec

Gurobi 12.0.3 (mac64[arm]) logging started Tue Sep 23 12:12:25 2025

Set parameter LogFile to value "Logs/Facility Location Logs/nscen30_K1/phase1/scenario_generation.log"
Set parameter LogToConsole to value 0

Gurobi 12.0.3 (mac64[arm]) logging started Tue Sep 23 12:12:25 2025

Set parameter LogFile to value "Logs/Facility Location Logs/nscen30_K1/phase1/scenario_generation.log"
Gurobi Optimizer version 12.0.3 build v12.0.3rc0 (mac64[arm] - Darwin 24.6.0 24G222)

CPU model: Apple M3
Thread count: 8 physical cores, 8 logical processors, using up to 8 threads

Non-default parameters:
LogToConsole  0

Optimize a model with 75 rows, 1325 columns and 2575 nonzeros
Model fingerprint: 0xc52d609e
Variable types: 1300 continuous, 25 integer (25 binary)
Coefficient statistics:
  Matrix range     [1e+00, 2e+04]
  Objective range  [8e-03, 8e+03]
  Bounds range     [0e+00, 0e+00]
  RHS range        [1e+03, 2e+04]
Found heuristic solution: objective 5937550.0000
Presolve removed 0 rows and 1 columns
Presolve time: 0.00s
Presolved: 75 rows, 1324 columns, 2574 nonzeros
Variable types: 1300 continuous, 24 integer (24 binary)

Root relaxation: objective 1.128812e+05, 116 iterations, 0.00 seconds (0.00 work units)

    Nodes    |    Current Node    |     Objective Bounds      |     Work
 Expl Unexpl |  Obj  Depth IntInf | Incumbent    BestBd   Gap | It/Node Time

     0     0 112881.207    0   23 5937550.00 112881.207  98.1%     -    0s
H    0     0                    241005.70655 112881.207  53.2%     -    0s
H    0     0                    211726.44827 112881.207  46.7%     -    0s
H    0     0                    201353.61216 112881.207  43.9%     -    0s
H    0     0                    165895.63691 112965.958  31.9%     -    0s
H    0     0                    162781.13187 117569.093  27.8%     -    0s
H    0     0                    127984.94026 117569.093  8.14%     -    0s
     0     0 117569.093    0   10 127984.940 117569.093  8.14%     -    0s
H    0     0                    121754.53049 117650.569  3.37%     -    0s
H    0     0                    121246.10775 117650.569  2.97%     -    0s
     0     0 117650.569    0   10 121246.108 117650.569  2.97%     -    0s
H    0     0                    121057.49932 117650.569  2.81%     -    0s
H    0     0                    120933.79702 118064.061  2.37%     -    0s
     0     0 118064.061    0    8 120933.797 118064.061  2.37%     -    0s
H    0     0                    119658.79473 118129.997  1.28%     -    0s
     0     0 118129.997    0    8 119658.795 118129.997  1.28%     -    0s
H    0     0                    119523.24053 118129.997  1.17%     -    0s
     0     0 118332.295    0   10 119523.241 118332.295  1.00%     -    0s
     0     0 118344.975    0   11 119523.241 118344.975  0.99%     -    0s
H    0     0                    119363.51134 118344.975  0.85%     -    0s
     0     0 118453.521    0    8 119363.511 118453.521  0.76%     -    0s
H    0     0                    119319.81355 118456.458  0.72%     -    0s
     0     0 118456.458    0    6 119319.814 118456.458  0.72%     -    0s
     0     0 118506.345    0    9 119319.814 118506.345  0.68%     -    0s
     0     0 118514.828    0    8 119319.814 118514.828  0.67%     -    0s
     0     0 118520.418    0    7 119319.814 118520.418  0.67%     -    0s
     0     0 118547.605    0    8 119319.814 118547.605  0.65%     -    0s
     0     0 118577.353    0    7 119319.814 118577.353  0.62%     -    0s
     0     0 118585.232    0    9 119319.814 118585.232  0.62%     -    0s
     0     0 118590.517    0    8 119319.814 118590.517  0.61%     -    0s
     0     0 118591.577    0    9 119319.814 118591.577  0.61%     -    0s
     0     0 118597.164    0    5 119319.814 118597.164  0.61%     -    0s
     0     0 118597.902    0    6 119319.814 118597.902  0.61%     -    0s
     0     0 118603.664    0    8 119319.814 118603.664  0.60%     -    0s
     0     0 118603.664    0    8 119319.814 118603.664  0.60%     -    0s
     0     2 118603.664    0    8 119319.814 118603.664  0.60%     -    0s
*   30    33               8    119318.11485 118695.358  0.52%  32.9    0s
*  329    69              10    119300.62379 118821.536  0.40%  23.6    0s

Cutting planes:
  Implied bound: 122
  MIR: 21
  Flow cover: 8
  Relax-and-lift: 2

Explored 537 nodes (13811 simplex iterations) in 0.11 seconds (0.22 work units)
Thread count was 8 (of 8 available processors)

Solution count 10: 119301 119318 119320 ... 162781

Optimal solution found (tolerance 1.00e-04)
Best objective 1.193006237903e+05, best bound 1.193006237903e+05, gap 0.0000%

User-callback calls 1410, time in user-callback 0.00 sec

Gurobi 12.0.3 (mac64[arm]) logging started Tue Sep 23 12:12:25 2025

Set parameter LogFile to value "Logs/Facility Location Logs/nscen30_K1/phase1/scenario_generation.log"
Set parameter LogToConsole to value 0

Gurobi 12.0.3 (mac64[arm]) logging started Tue Sep 23 12:12:25 2025

Set parameter LogFile to value "Logs/Facility Location Logs/nscen30_K1/phase1/scenario_generation.log"
Gurobi Optimizer version 12.0.3 build v12.0.3rc0 (mac64[arm] - Darwin 24.6.0 24G222)

CPU model: Apple M3
Thread count: 8 physical cores, 8 logical processors, using up to 8 threads

Non-default parameters:
LogToConsole  0

Optimize a model with 75 rows, 1325 columns and 2575 nonzeros
Model fingerprint: 0xb4cbf1b5
Variable types: 1300 continuous, 25 integer (25 binary)
Coefficient statistics:
  Matrix range     [1e+00, 2e+04]
  Objective range  [8e-03, 8e+03]
  Bounds range     [0e+00, 0e+00]
  RHS range        [1e+03, 1e+04]
Found heuristic solution: objective 5976000.0000
Presolve removed 0 rows and 1 columns
Presolve time: 0.00s
Presolved: 75 rows, 1324 columns, 2574 nonzeros
Variable types: 1300 continuous, 24 integer (24 binary)

Root relaxation: objective 1.097180e+05, 130 iterations, 0.00 seconds (0.00 work units)

    Nodes    |    Current Node    |     Objective Bounds      |     Work
 Expl Unexpl |  Obj  Depth IntInf | Incumbent    BestBd   Gap | It/Node Time

     0     0 109718.036    0   24 5976000.00 109718.036  98.2%     -    0s
H    0     0                    237458.03641 109718.036  53.8%     -    0s
H    0     0                    215384.23561 109718.036  49.1%     -    0s
H    0     0                    206943.66676 109718.036  47.0%     -    0s
H    0     0                    192758.66252 109718.036  43.1%     -    0s
H    0     0                    189240.45205 109718.036  42.0%     -    0s
H    0     0                    157620.40194 109718.036  30.4%     -    0s
H    0     0                    123508.79551 114251.028  7.50%     -    0s
H    0     0                    116711.71126 114251.028  2.11%     -    0s
     0     0 114251.028    0   11 116711.711 114251.028  2.11%     -    0s
     0     0 114335.767    0   11 116711.711 114335.767  2.04%     -    0s
H    0     0                    116082.42732 114335.767  1.50%     -    0s
H    0     0                    116067.81123 114335.767  1.49%     -    0s
     0     0 114712.144    0   11 116067.811 114712.144  1.17%     -    0s
H    0     0                    115617.45260 114746.762  0.75%     -    0s
H    0     0                    115525.53281 114746.762  0.67%     -    0s
     0     0 114746.762    0   10 115525.533 114746.762  0.67%     -    0s
H    0     0                    115523.33276 114746.762  0.67%     -    0s
H    0     0                    115418.14008 114904.436  0.45%     -    0s
H    0     0                    115414.17383 114904.436  0.44%     -    0s
     0     0 114904.436    0   11 115414.174 114904.436  0.44%     -    0s
     0     0 114908.460    0    9 115414.174 114908.460  0.44%     -    0s
     0     0 114993.259    0    7 115414.174 114993.259  0.36%     -    0s
     0     0 114996.110    0    7 115414.174 114996.110  0.36%     -    0s
     0     0 115028.236    0    4 115414.174 115028.236  0.33%     -    0s
     0     0 115032.074    0    5 115414.174 115032.074  0.33%     -    0s
     0     0 115032.074    0    5 115414.174 115032.074  0.33%     -    0s
     0     2 115032.074    0    5 115414.174 115032.074  0.33%     -    0s

Cutting planes:
  Implied bound: 88
  MIR: 6
  Relax-and-lift: 4

Explored 136 nodes (2997 simplex iterations) in 0.05 seconds (0.08 work units)
Thread count was 8 (of 8 available processors)

Solution count 10: 115414 115523 115617 ... 206944

Optimal solution found (tolerance 1.00e-04)
Best objective 1.154141738332e+05, best bound 1.154141738332e+05, gap 0.0000%

User-callback calls 549, time in user-callback 0.00 sec

Gurobi 12.0.3 (mac64[arm]) logging started Tue Sep 23 12:12:25 2025

Set parameter LogFile to value "Logs/Facility Location Logs/nscen30_K1/phase1/scenario_generation.log"
Set parameter LogToConsole to value 0

Gurobi 12.0.3 (mac64[arm]) logging started Tue Sep 23 12:12:25 2025

Set parameter LogFile to value "Logs/Facility Location Logs/nscen30_K1/phase1/scenario_generation.log"
Gurobi Optimizer version 12.0.3 build v12.0.3rc0 (mac64[arm] - Darwin 24.6.0 24G222)

CPU model: Apple M3
Thread count: 8 physical cores, 8 logical processors, using up to 8 threads

Non-default parameters:
LogToConsole  0

Optimize a model with 75 rows, 1325 columns and 2575 nonzeros
Model fingerprint: 0x1a68f8f3
Variable types: 1300 continuous, 25 integer (25 binary)
Coefficient statistics:
  Matrix range     [1e+00, 2e+04]
  Objective range  [8e-03, 8e+03]
  Bounds range     [0e+00, 0e+00]
  RHS range        [1e+03, 1e+04]
Found heuristic solution: objective 6273850.0000
Presolve removed 0 rows and 1 columns
Presolve time: 0.00s
Presolved: 75 rows, 1324 columns, 2574 nonzeros
Variable types: 1300 continuous, 24 integer (24 binary)

Root relaxation: objective 1.048731e+05, 125 iterations, 0.00 seconds (0.00 work units)

    Nodes    |    Current Node    |     Objective Bounds      |     Work
 Expl Unexpl |  Obj  Depth IntInf | Incumbent    BestBd   Gap | It/Node Time

     0     0 104873.060    0   24 6273850.00 104873.060  98.3%     -    0s
H    0     0                    229634.56037 104873.060  54.3%     -    0s
H    0     0                    215098.13066 104873.060  51.2%     -    0s
H    0     0                    194725.56934 104873.060  46.1%     -    0s
H    0     0                    193128.28963 104873.060  45.7%     -    0s
H    0     0                    188016.75805 104873.060  44.2%     -    0s
H    0     0                    185435.49313 109715.214  40.8%     -    0s
H    0     0                    149764.59501 109715.214  26.7%     -    0s
     0     0 109715.214    0    9 149764.595 109715.214  26.7%     -    0s
H    0     0                    115627.26686 109831.595  5.01%     -    0s
H    0     0                    115609.33377 109831.595  5.00%     -    0s
H    0     0                    115330.16465 109831.595  4.77%     -    0s
     0     0 109831.595    0    9 115330.165 109831.595  4.77%     -    0s
     0     0 110281.785    0    8 115330.165 110281.785  4.38%     -    0s
     0     0 110309.979    0    9 115330.165 110309.979  4.35%     -    0s
     0     0 110426.465    0   10 115330.165 110426.465  4.25%     -    0s
     0     0 110446.173    0   10 115330.165 110446.173  4.23%     -    0s
     0     0 110537.036    0    7 115330.165 110537.036  4.16%     -    0s
     0     0 110541.401    0    7 115330.165 110541.401  4.15%     -    0s
     0     0 110541.458    0    7 115330.165 110541.458  4.15%     -    0s
     0     0 110555.066    0    4 115330.165 110555.066  4.14%     -    0s
H    0     0                    114558.23126 110555.066  3.49%     -    0s
     0     0 110556.888    0    5 114558.231 110556.888  3.49%     -    0s
     0     0 110563.820    0    5 114558.231 110563.820  3.49%     -    0s
     0     0 110563.820    0    5 114558.231 110563.820  3.49%     -    0s
     0     2 110563.834    0    5 114558.231 110563.834  3.49%     -    0s
* 2917   984               9    114501.48205 111209.264  2.88%  25.0    0s
* 4150  1060               9    114451.26716 111419.039  2.65%  25.7    0s

Cutting planes:
  Implied bound: 162
  MIR: 12
  Flow cover: 4
  Inf proof: 17
  Relax-and-lift: 6

Explored 7767 nodes (202623 simplex iterations) in 0.70 seconds (1.60 work units)
Thread count was 8 (of 8 available processors)

Solution count 10: 114451 114501 114558 ... 194726

Optimal solution found (tolerance 1.00e-04)
Best objective 1.144512671580e+05, best bound 1.144512671580e+05, gap 0.0000%

User-callback calls 15977, time in user-callback 0.00 sec

Gurobi 12.0.3 (mac64[arm]) logging started Tue Sep 23 12:12:26 2025

Set parameter LogFile to value "Logs/Facility Location Logs/nscen30_K1/phase1/scenario_generation.log"
Set parameter LogToConsole to value 0

Gurobi 12.0.3 (mac64[arm]) logging started Tue Sep 23 12:12:26 2025

Set parameter LogFile to value "Logs/Facility Location Logs/nscen30_K1/phase1/scenario_generation.log"
Gurobi Optimizer version 12.0.3 build v12.0.3rc0 (mac64[arm] - Darwin 24.6.0 24G222)

CPU model: Apple M3
Thread count: 8 physical cores, 8 logical processors, using up to 8 threads

Non-default parameters:
LogToConsole  0

Optimize a model with 75 rows, 1325 columns and 2575 nonzeros
Model fingerprint: 0x8180e39e
Variable types: 1300 continuous, 25 integer (25 binary)
Coefficient statistics:
  Matrix range     [1e+00, 2e+04]
  Objective range  [8e-03, 8e+03]
  Bounds range     [0e+00, 0e+00]
  RHS range        [1e+03, 1e+04]
Found heuristic solution: objective 5158450.0000
Presolve removed 0 rows and 1 columns
Presolve time: 0.00s
Presolved: 75 rows, 1324 columns, 2574 nonzeros
Variable types: 1300 continuous, 24 integer (24 binary)

Root relaxation: objective 9.186285e+04, 136 iterations, 0.00 seconds (0.00 work units)

    Nodes    |    Current Node    |     Objective Bounds      |     Work
 Expl Unexpl |  Obj  Depth IntInf | Incumbent    BestBd   Gap | It/Node Time

     0     0 91862.8510    0   24 5158450.00 91862.8510  98.2%     -    0s
H    0     0                    227778.35103 91862.8510  59.7%     -    0s
H    0     0                    191156.63690 91862.8510  51.9%     -    0s
H    0     0                    155480.32829 91862.8510  40.9%     -    0s
H    0     0                    149347.09965 91862.8510  38.5%     -    0s
H    0     0                    143754.04204 91862.8510  36.1%     -    0s
H    0     0                    112651.39396 91862.8510  18.5%     -    0s
H    0     0                    99185.876438 91862.8510  7.38%     -    0s
     0     0 96642.5816    0   11 99185.8764 96642.5816  2.56%     -    0s
     0     0 96743.3057    0   11 99185.8764 96743.3057  2.46%     -    0s
     0     0 97103.2523    0    7 99185.8764 97103.2523  2.10%     -    0s
H    0     0                    98598.360154 97139.8362  1.48%     -    0s
     0     0 97139.8362    0    8 98598.3602 97139.8362  1.48%     -    0s
     0     0 97140.5678    0    8 98598.3602 97140.5678  1.48%     -    0s
H    0     0                    98424.789555 97140.5678  1.30%     -    0s
     0     0 97394.4128    0    9 98424.7896 97394.4128  1.05%     -    0s
     0     0 97418.5486    0    9 98424.7896 97418.5486  1.02%     -    0s
     0     0 97553.2342    0    8 98424.7896 97553.2342  0.89%     -    0s
     0     0 97561.4535    0    6 98424.7896 97561.4535  0.88%     -    0s
     0     0 97563.3187    0    6 98424.7896 97563.3187  0.88%     -    0s
     0     0 97613.0941    0    4 98424.7896 97613.0941  0.82%     -    0s
     0     0 97616.8048    0    4 98424.7896 97616.8048  0.82%     -    0s
     0     0 97625.5778    0   10 98424.7896 97625.5778  0.81%     -    0s
     0     0 97626.2229    0   10 98424.7896 97626.2229  0.81%     -    0s
     0     2 97626.2244    0   10 98424.7896 97626.2244  0.81%     -    0s

Cutting planes:
  Implied bound: 93
  MIR: 6
  Flow cover: 8
  Relax-and-lift: 11

Explored 464 nodes (10400 simplex iterations) in 0.10 seconds (0.17 work units)
Thread count was 8 (of 8 available processors)

Solution count 9: 98424.8 99185.9 112651 ... 5.15845e+06

Optimal solution found (tolerance 1.00e-04)
Best objective 9.842478955463e+04, best bound 9.842478955463e+04, gap 0.0000%

User-callback calls 1221, time in user-callback 0.00 sec

Gurobi 12.0.3 (mac64[arm]) logging started Tue Sep 23 12:12:26 2025

Set parameter LogFile to value "Logs/Facility Location Logs/nscen30_K1/phase1/scenario_generation.log"
Set parameter LogToConsole to value 0

Gurobi 12.0.3 (mac64[arm]) logging started Tue Sep 23 12:12:26 2025

Set parameter LogFile to value "Logs/Facility Location Logs/nscen30_K1/phase1/scenario_generation.log"
Gurobi Optimizer version 12.0.3 build v12.0.3rc0 (mac64[arm] - Darwin 24.6.0 24G222)

CPU model: Apple M3
Thread count: 8 physical cores, 8 logical processors, using up to 8 threads

Non-default parameters:
LogToConsole  0

Optimize a model with 75 rows, 1325 columns and 2575 nonzeros
Model fingerprint: 0xbb6a27c4
Variable types: 1300 continuous, 25 integer (25 binary)
Coefficient statistics:
  Matrix range     [1e+00, 2e+04]
  Objective range  [8e-03, 8e+03]
  Bounds range     [0e+00, 0e+00]
  RHS range        [1e+03, 2e+04]
Found heuristic solution: objective 5971100.0000
Presolve removed 0 rows and 1 columns
Presolve time: 0.00s
Presolved: 75 rows, 1324 columns, 2574 nonzeros
Variable types: 1300 continuous, 24 integer (24 binary)

Root relaxation: objective 1.097907e+05, 127 iterations, 0.00 seconds (0.00 work units)

    Nodes    |    Current Node    |     Objective Bounds      |     Work
 Expl Unexpl |  Obj  Depth IntInf | Incumbent    BestBd   Gap | It/Node Time

     0     0 109790.709    0   23 5971100.00 109790.709  98.2%     -    0s
H    0     0                    237579.70936 109790.709  53.8%     -    0s
H    0     0                    222871.17070 109790.709  50.7%     -    0s
H    0     0                    201901.60702 109790.709  45.6%     -    0s
H    0     0                    201887.30004 109790.709  45.6%     -    0s
H    0     0                    201596.54345 109790.709  45.5%     -    0s
H    0     0                    186162.91284 109790.709  41.0%     -    0s
H    0     0                    151367.97602 109790.709  27.5%     -    0s
H    0     0                    116750.75033 114613.726  1.83%     -    0s
H    0     0                    116584.04540 114613.726  1.69%     -    0s
     0     0 114613.726    0   12 116584.045 114613.726  1.69%     -    0s
     0     0 114820.011    0   12 116584.045 114820.011  1.51%     -    0s
     0     0 114820.011    0   12 116584.045 114820.011  1.51%     -    0s
     0     0 115300.563    0    9 116584.045 115300.563  1.10%     -    0s
H    0     0                    116420.57681 115325.288  0.94%     -    0s
     0     0 115325.288    0    9 116420.577 115325.288  0.94%     -    0s
H    0     0                    116378.79451 115325.288  0.91%     -    0s
     0     0 115475.816    0   10 116378.795 115475.816  0.78%     -    0s
H    0     0                    116230.01990 115499.716  0.63%     -    0s
     0     0 115499.716    0   10 116230.020 115499.716  0.63%     -    0s
     0     0 115499.716    0   10 116230.020 115499.716  0.63%     -    0s
     0     0 115587.694    0    9 116230.020 115587.694  0.55%     -    0s
     0     0 115597.880    0    8 116230.020 115597.880  0.54%     -    0s
H    0     0                    116213.93812 115598.686  0.53%     -    0s
     0     0 115598.686    0    9 116213.938 115598.686  0.53%     -    0s
     0     0 115608.574    0    4 116213.938 115608.574  0.52%     -    0s
     0     0 115631.550    0    4 116213.938 115631.550  0.50%     -    0s
     0     0 115631.551    0    4 116213.938 115631.551  0.50%     -    0s
H    0     0                    116203.39241 115631.551  0.49%     -    0s
     0     0 115637.395    0    5 116203.392 115637.395  0.49%     -    0s
     0     0 115637.395    0    5 116203.392 115637.395  0.49%     -    0s
H    0     0                    116167.83321 115637.395  0.46%     -    0s
     0     2 115637.395    0    5 116167.833 115637.395  0.46%     -    0s
H   76    36                    116110.23810 115842.821  0.23%  20.1    0s

Cutting planes:
  Implied bound: 95
  MIR: 10
  Flow cover: 1
  Relax-and-lift: 7

Explored 225 nodes (4570 simplex iterations) in 0.06 seconds (0.10 work units)
Thread count was 8 (of 8 available processors)

Solution count 10: 116110 116168 116203 ... 201597

Optimal solution found (tolerance 1.00e-04)
Best objective 1.161102381026e+05, best bound 1.161102381026e+05, gap 0.0000%

User-callback calls 751, time in user-callback 0.00 sec

Gurobi 12.0.3 (mac64[arm]) logging started Tue Sep 23 12:12:26 2025

Set parameter LogFile to value "Logs/Facility Location Logs/nscen30_K1/phase1/scenario_generation.log"
Set parameter LogToConsole to value 0

Gurobi 12.0.3 (mac64[arm]) logging started Tue Sep 23 12:12:26 2025

Set parameter LogFile to value "Logs/Facility Location Logs/nscen30_K1/phase1/scenario_generation.log"
Gurobi Optimizer version 12.0.3 build v12.0.3rc0 (mac64[arm] - Darwin 24.6.0 24G222)

CPU model: Apple M3
Thread count: 8 physical cores, 8 logical processors, using up to 8 threads

Non-default parameters:
LogToConsole  0

Optimize a model with 75 rows, 1325 columns and 2575 nonzeros
Model fingerprint: 0x31460c6a
Variable types: 1300 continuous, 25 integer (25 binary)
Coefficient statistics:
  Matrix range     [1e+00, 2e+04]
  Objective range  [8e-03, 8e+03]
  Bounds range     [0e+00, 0e+00]
  RHS range        [7e+02, 2e+04]
Found heuristic solution: objective 4915000.0000
Presolve removed 0 rows and 1 columns
Presolve time: 0.00s
Presolved: 75 rows, 1324 columns, 2574 nonzeros
Variable types: 1300 continuous, 24 integer (24 binary)

Root relaxation: objective 1.004631e+05, 156 iterations, 0.00 seconds (0.00 work units)

    Nodes    |    Current Node    |     Objective Bounds      |     Work
 Expl Unexpl |  Obj  Depth IntInf | Incumbent    BestBd   Gap | It/Node Time

     0     0 100463.116    0   22 4915000.00 100463.116  98.0%     -    0s
H    0     0                    231313.11620 100463.116  56.6%     -    0s
H    0     0                    223849.81107 100463.116  55.1%     -    0s
H    0     0                    216485.52931 100463.116  53.6%     -    0s
H    0     0                    178302.41804 100463.116  43.7%     -    0s
     0     0 104604.306    0   10 178302.418 104604.306  41.3%     -    0s
H    0     0                    167954.30580 104699.448  37.7%     -    0s
H    0     0                    158160.19677 104699.448  33.8%     -    0s
H    0     0                    122762.46451 104699.448  14.7%     -    0s
H    0     0                    119374.12414 104699.448  12.3%     -    0s
H    0     0                    113839.99899 104699.448  8.03%     -    0s
     0     0 104699.448    0   10 113839.999 104699.448  8.03%     -    0s
     0     0 104981.736    0    7 113839.999 104981.736  7.78%     -    0s
     0     0 105050.214    0    7 113839.999 105050.214  7.72%     -    0s
H    0     0                    109135.78128 105050.214  3.74%     -    0s
H    0     0                    108778.60446 105250.578  3.24%     -    0s
     0     0 105250.578    0   10 108778.604 105250.578  3.24%     -    0s
     0     0 105269.711    0   10 108778.604 105269.711  3.23%     -    0s
     0     0 105269.711    0   10 108778.604 105269.711  3.23%     -    0s
H    0     0                    108452.34873 105269.711  2.93%     -    0s
     0     0 105411.675    0    2 108452.349 105411.675  2.80%     -    0s
     0     0 105465.985    0    1 108452.349 105465.985  2.75%     -    0s
H    0     0                    108449.58940 105465.985  2.75%     -    0s
     0     0 105473.508    0    5 108449.589 105473.508  2.74%     -    0s
     0     0 105473.508    0    5 108449.589 105473.508  2.74%     -    0s
     0     2 105473.508    0    5 108449.589 105473.508  2.74%     -    0s
H  182   160                    108427.93142 105560.117  2.64%  17.4    0s

Cutting planes:
  Implied bound: 98
  MIR: 4
  Flow cover: 3
  Inf proof: 1
  Relax-and-lift: 4

Explored 1353 nodes (28641 simplex iterations) in 0.17 seconds (0.29 work units)
Thread count was 8 (of 8 available processors)

Solution count 10: 108428 108450 108452 ... 178302

Optimal solution found (tolerance 1.00e-04)
Best objective 1.084279314191e+05, best bound 1.084279314191e+05, gap 0.0000%

User-callback calls 3001, time in user-callback 0.00 sec

Gurobi 12.0.3 (mac64[arm]) logging started Tue Sep 23 12:12:26 2025

Set parameter LogFile to value "Logs/Facility Location Logs/nscen30_K1/phase1/scenario_generation.log"
Set parameter LogToConsole to value 0

Gurobi 12.0.3 (mac64[arm]) logging started Tue Sep 23 12:12:26 2025

Set parameter LogFile to value "Logs/Facility Location Logs/nscen30_K1/phase1/scenario_generation.log"
Gurobi Optimizer version 12.0.3 build v12.0.3rc0 (mac64[arm] - Darwin 24.6.0 24G222)

CPU model: Apple M3
Thread count: 8 physical cores, 8 logical processors, using up to 8 threads

Non-default parameters:
LogToConsole  0

Optimize a model with 75 rows, 1325 columns and 2575 nonzeros
Model fingerprint: 0x34075dfd
Variable types: 1300 continuous, 25 integer (25 binary)
Coefficient statistics:
  Matrix range     [1e+00, 2e+04]
  Objective range  [8e-03, 8e+03]
  Bounds range     [0e+00, 0e+00]
  RHS range        [1e+03, 2e+04]
Found heuristic solution: objective 5882800.0000
Presolve removed 0 rows and 1 columns
Presolve time: 0.00s
Presolved: 75 rows, 1324 columns, 2574 nonzeros
Variable types: 1300 continuous, 24 integer (24 binary)

Root relaxation: objective 1.240859e+05, 150 iterations, 0.00 seconds (0.00 work units)

    Nodes    |    Current Node    |     Objective Bounds      |     Work
 Expl Unexpl |  Obj  Depth IntInf | Incumbent    BestBd   Gap | It/Node Time

     0     0 124085.860    0   23 5882800.00 124085.860  97.9%     -    0s
H    0     0                    252757.85994 124085.860  50.9%     -    0s
H    0     0                    209093.10072 124085.860  40.7%     -    0s
H    0     0                    209058.93569 124085.860  40.6%     -    0s
H    0     0                    187755.85890 124308.348  33.8%     -    0s
H    0     0                    171892.50053 128556.624  25.2%     -    0s
H    0     0                    145759.35907 128556.624  11.8%     -    0s
     0     0 128556.624    0   11 145759.359 128556.624  11.8%     -    0s
H    0     0                    140318.65885 128596.748  8.35%     -    0s
H    0     0                    139468.04004 128596.748  7.79%     -    0s
     0     0 128596.748    0   11 139468.040 128596.748  7.79%     -    0s
H    0     0                    137594.35197 128596.748  6.54%     -    0s
H    0     0                    131622.89595 128596.748  2.30%     -    0s
H    0     0                    131047.48372 128596.748  1.87%     -    0s
     0     0 129161.586    0   11 131047.484 129161.586  1.44%     -    0s
     0     0 129233.222    0   12 131047.484 129233.222  1.38%     -    0s
H    0     0                    130942.76153 129382.156  1.19%     -    0s
     0     0 129382.156    0   10 130942.762 129382.156  1.19%     -    0s
H    0     0                    130805.93347 129406.617  1.07%     -    0s
     0     0 129406.617    0   10 130805.933 129406.617  1.07%     -    0s
     0     0 129406.617    0   10 130805.933 129406.617  1.07%     -    0s
     0     0 129509.895    0    9 130805.933 129509.895  0.99%     -    0s
H    0     0                    130766.49814 129510.174  0.96%     -    0s
     0     0 129512.110    0    8 130766.498 129512.110  0.96%     -    0s
     0     0 129537.252    0    7 130766.498 129537.252  0.94%     -    0s
     0     0 129543.478    0    7 130766.498 129543.478  0.94%     -    0s
     0     0 129562.675    0    8 130766.498 129562.675  0.92%     -    0s
     0     0 129565.971    0    8 130766.498 129565.971  0.92%     -    0s
     0     2 129566.086    0    8 130766.498 129566.086  0.92%     -    0s
*  739    89               4    130763.14043 130200.874  0.43%  22.7    0s

Cutting planes:
  Implied bound: 116
  MIR: 15
  Flow cover: 1
  Relax-and-lift: 4

Explored 911 nodes (21328 simplex iterations) in 0.14 seconds (0.26 work units)
Thread count was 8 (of 8 available processors)

Solution count 10: 130763 130766 130806 ... 209059

Optimal solution found (tolerance 1.00e-04)
Best objective 1.307631404327e+05, best bound 1.307631404327e+05, gap 0.0000%

User-callback calls 2144, time in user-callback 0.00 sec

Gurobi 12.0.3 (mac64[arm]) logging started Tue Sep 23 12:12:26 2025

Set parameter LogFile to value "Logs/Facility Location Logs/nscen30_K1/phase1/scenario_generation.log"
Set parameter LogToConsole to value 0

Gurobi 12.0.3 (mac64[arm]) logging started Tue Sep 23 12:12:26 2025

Set parameter LogFile to value "Logs/Facility Location Logs/nscen30_K1/phase1/scenario_generation.log"
Gurobi Optimizer version 12.0.3 build v12.0.3rc0 (mac64[arm] - Darwin 24.6.0 24G222)

CPU model: Apple M3
Thread count: 8 physical cores, 8 logical processors, using up to 8 threads

Non-default parameters:
LogToConsole  0

Optimize a model with 75 rows, 1325 columns and 2575 nonzeros
Model fingerprint: 0x899a6ddb
Variable types: 1300 continuous, 25 integer (25 binary)
Coefficient statistics:
  Matrix range     [1e+00, 2e+04]
  Objective range  [8e-03, 8e+03]
  Bounds range     [0e+00, 0e+00]
  RHS range        [1e+03, 1e+04]
Found heuristic solution: objective 6285650.0000
Presolve removed 0 rows and 1 columns
Presolve time: 0.00s
Presolved: 75 rows, 1324 columns, 2574 nonzeros
Variable types: 1300 continuous, 24 integer (24 binary)

Root relaxation: objective 1.079208e+05, 142 iterations, 0.00 seconds (0.00 work units)

    Nodes    |    Current Node    |     Objective Bounds      |     Work
 Expl Unexpl |  Obj  Depth IntInf | Incumbent    BestBd   Gap | It/Node Time

     0     0 107920.808    0   24 6285650.00 107920.808  98.3%     -    0s
H    0     0                    232564.30824 107920.808  53.6%     -    0s
H    0     0                    211075.53982 107920.808  48.9%     -    0s
H    0     0                    182287.76071 107920.808  40.8%     -    0s
H    0     0                    151914.76231 112473.352  26.0%     -    0s
H    0     0                    118226.83564 112473.352  4.87%     -    0s
     0     0 112473.352    0   11 118226.836 112473.352  4.87%     -    0s
H    0     0                    118207.12583 112495.967  4.83%     -    0s
     0     0 112495.967    0   10 118207.126 112495.967  4.83%     -    0s
     0     0 112982.908    0    8 118207.126 112982.908  4.42%     -    0s
     0     0 113040.110    0    7 118207.126 113040.110  4.37%     -    0s
H    0     0                    118067.54954 113215.464  4.11%     -    0s
     0     0 113215.464    0   11 118067.550 113215.464  4.11%     -    0s
     0     0 113217.165    0   12 118067.550 113217.165  4.11%     -    0s
H    0     0                    117854.19838 113217.165  3.93%     -    0s
     0     0 113315.764    0    9 117854.198 113315.764  3.85%     -    0s
H    0     0                    117593.89937 113315.830  3.64%     -    0s
     0     0 113316.269    0    7 117593.899 113316.269  3.64%     -    0s
     0     0 113326.087    0    2 117593.899 113326.087  3.63%     -    0s
     0     0 113329.255    0    2 117593.899 113329.255  3.63%     -    0s
     0     0 113343.954    0    4 117593.899 113343.954  3.61%     -    0s
     0     0 113343.954    0    4 117593.899 113343.954  3.61%     -    0s
H    0     0                    117403.07273 113343.973  3.46%     -    0s
H    0     2                    117345.67962 113343.973  3.41%     -    0s
     0     2 113343.973    0    4 117345.680 113343.973  3.41%     -    0s
H   26    64                    117317.62916 113372.718  3.36%  24.6    0s
H   56    64                    117314.54850 113372.718  3.36%  18.0    0s
H  277   246                    117270.47927 113372.718  3.32%  22.0    0s
H  283   246                    117268.70494 113372.718  3.32%  22.1    0s
H  308   246                    117256.06298 113372.718  3.31%  23.3    0s
H 1307   523                    117209.93235 113768.471  2.94%  25.4    0s

Cutting planes:
  Implied bound: 141
  MIR: 13
  Flow cover: 6
  Inf proof: 14
  Relax-and-lift: 7

Explored 5462 nodes (129894 simplex iterations) in 0.47 seconds (1.11 work units)
Thread count was 8 (of 8 available processors)

Solution count 7: 117210 118207 151915 ... 6.28565e+06

Optimal solution found (tolerance 1.00e-04)
Best objective 1.172099323521e+05, best bound 1.172099323521e+05, gap 0.0000%

User-callback calls 11318, time in user-callback 0.00 sec

Gurobi 12.0.3 (mac64[arm]) logging started Tue Sep 23 12:12:27 2025

Set parameter LogFile to value "Logs/Facility Location Logs/nscen30_K1/phase1/scenario_generation.log"
Set parameter LogToConsole to value 0

Gurobi 12.0.3 (mac64[arm]) logging started Tue Sep 23 12:12:27 2025

Set parameter LogFile to value "Logs/Facility Location Logs/nscen30_K1/phase1/scenario_generation.log"
Gurobi Optimizer version 12.0.3 build v12.0.3rc0 (mac64[arm] - Darwin 24.6.0 24G222)

CPU model: Apple M3
Thread count: 8 physical cores, 8 logical processors, using up to 8 threads

Non-default parameters:
LogToConsole  0

Optimize a model with 75 rows, 1325 columns and 2575 nonzeros
Model fingerprint: 0xeae89fed
Variable types: 1300 continuous, 25 integer (25 binary)
Coefficient statistics:
  Matrix range     [1e+00, 2e+04]
  Objective range  [8e-03, 8e+03]
  Bounds range     [0e+00, 0e+00]
  RHS range        [1e+03, 9e+03]
Found heuristic solution: objective 5444400.0000
Presolve removed 0 rows and 1 columns
Presolve time: 0.00s
Presolved: 75 rows, 1324 columns, 2574 nonzeros
Variable types: 1300 continuous, 24 integer (24 binary)

Root relaxation: objective 8.020070e+04, 132 iterations, 0.00 seconds (0.00 work units)

    Nodes    |    Current Node    |     Objective Bounds      |     Work
 Expl Unexpl |  Obj  Depth IntInf | Incumbent    BestBd   Gap | It/Node Time

     0     0 80200.6992    0   24 5444400.00 80200.6992  98.5%     -    0s
H    0     0                    213256.69922 80200.6992  62.4%     -    0s
H    0     0                    198509.82370 80200.6992  59.6%     -    0s
H    0     0                    191802.53512 80200.6992  58.2%     -    0s
H    0     0                    177411.26093 80200.6992  54.8%     -    0s
H    0     0                    168963.40218 80200.6992  52.5%     -    0s
H    0     0                    164608.44343 80496.8521  51.1%     -    0s
H    0     0                    133151.01274 85143.8450  36.1%     -    0s
H    0     0                    98447.985598 85143.8450  13.5%     -    0s
H    0     0                    91934.067462 85143.8450  7.39%     -    0s
     0     0 85143.8450    0   10 91934.0675 85143.8450  7.39%     -    0s
     0     0 85238.8689    0   10 91934.0675 85238.8689  7.28%     -    0s
     0     0 85736.4490    0   10 91934.0675 85736.4490  6.74%     -    0s
H    0     0                    91914.433482 85782.7021  6.67%     -    0s
H    0     0                    91891.109082 85782.7021  6.65%     -    0s
     0     0 85808.7139    0   10 91891.1091 85808.7139  6.62%     -    0s
H    0     0                    91606.607778 85808.7139  6.33%     -    0s
     0     0 85808.7139    0    9 91606.6078 85808.7139  6.33%     -    0s
     0     0 85971.7140    0   11 91606.6078 85971.7140  6.15%     -    0s
     0     0 85978.4065    0   11 91606.6078 85978.4065  6.14%     -    0s
     0     0 86105.6044    0    7 91606.6078 86105.6044  6.01%     -    0s
H    0     0                    91571.930083 86105.6044  5.97%     -    0s
     0     0 86126.1658    0    8 91571.9301 86126.1658  5.95%     -    0s
     0     0 86126.3630    0    8 91571.9301 86126.3630  5.95%     -    0s
     0     0 86149.3742    0    5 91571.9301 86149.3742  5.92%     -    0s
     0     0 86170.4481    0    7 91571.9301 86170.4481  5.90%     -    0s
     0     0 86170.7261    0    5 91571.9301 86170.7261  5.90%     -    0s
     0     0 86197.3190    0    8 91571.9301 86197.3190  5.87%     -    0s
H    0     0                    90911.915500 86200.3576  5.18%     -    0s
     0     0 86203.4426    0    8 90911.9155 86203.4426  5.18%     -    0s
     0     0 86205.6886    0    7 90911.9155 86205.6886  5.18%     -    0s
     0     0 86221.6320    0    8 90911.9155 86221.6320  5.16%     -    0s
     0     0 86221.6320    0    8 90911.9155 86221.6320  5.16%     -    0s
     0     2 86221.6320    0    8 90911.9155 86221.6320  5.16%     -    0s
* 2720   877              11    90904.893964 86707.1414  4.62%  26.1    0s
* 3476   850               6    90896.749166 86924.6261  4.37%  27.4    0s
* 3787   803               6    90880.835425 87059.6335  4.20%  28.0    0s

Cutting planes:
  Implied bound: 199
  MIR: 19
  Flow cover: 2
  Inf proof: 12
  Relax-and-lift: 6

Explored 5633 nodes (160816 simplex iterations) in 0.53 seconds (1.25 work units)
Thread count was 8 (of 8 available processors)

Solution count 10: 90880.8 90896.7 90904.9 ... 164608

Optimal solution found (tolerance 1.00e-04)
Best objective 9.088083542531e+04, best bound 9.088083542531e+04, gap 0.0000%

User-callback calls 11694, time in user-callback 0.00 sec

Gurobi 12.0.3 (mac64[arm]) logging started Tue Sep 23 12:12:27 2025

Set parameter LogFile to value "Logs/Facility Location Logs/nscen30_K1/phase1/scenario_generation.log"
Set parameter LogToConsole to value 0

Gurobi 12.0.3 (mac64[arm]) logging started Tue Sep 23 12:12:27 2025

Set parameter LogFile to value "Logs/Facility Location Logs/nscen30_K1/phase1/scenario_generation.log"
Gurobi Optimizer version 12.0.3 build v12.0.3rc0 (mac64[arm] - Darwin 24.6.0 24G222)

CPU model: Apple M3
Thread count: 8 physical cores, 8 logical processors, using up to 8 threads

Non-default parameters:
LogToConsole  0

Optimize a model with 75 rows, 1325 columns and 2575 nonzeros
Model fingerprint: 0x94d06822
Variable types: 1300 continuous, 25 integer (25 binary)
Coefficient statistics:
  Matrix range     [1e+00, 2e+04]
  Objective range  [8e-03, 8e+03]
  Bounds range     [0e+00, 0e+00]
  RHS range        [7e+02, 2e+04]
Found heuristic solution: objective 4645250.0000
Presolve removed 0 rows and 1 columns
Presolve time: 0.00s
Presolved: 75 rows, 1324 columns, 2574 nonzeros
Variable types: 1300 continuous, 24 integer (24 binary)

Root relaxation: objective 9.504240e+04, 151 iterations, 0.00 seconds (0.00 work units)

    Nodes    |    Current Node    |     Objective Bounds      |     Work
 Expl Unexpl |  Obj  Depth IntInf | Incumbent    BestBd   Gap | It/Node Time

     0     0 95042.3954    0   22 4645250.00 95042.3954  98.0%     -    0s
H    0     0                    228589.89542 95042.3954  58.4%     -    0s
H    0     0                    206302.46698 95042.3954  53.9%     -    0s
H    0     0                    164278.07288 95042.3954  42.1%     -    0s
H    0     0                    155702.88115 99357.9116  36.2%     -    0s
H    0     0                    119272.12416 99357.9116  16.7%     -    0s
     0     0 99357.9116    0    9 119272.124 99357.9116  16.7%     -    0s
H    0     0                    113517.40790 99471.2514  12.4%     -    0s
H    0     0                    108562.58704 99471.2514  8.37%     -    0s
     0     0 99471.2514    0    9 108562.587 99471.2514  8.37%     -    0s
H    0     0                    107677.63301 99471.2514  7.62%     -    0s
     0     0 99748.1436    0    7 107677.633 99748.1436  7.36%     -    0s
H    0     0                    107164.79054 99748.1436  6.92%     -    0s
H    0     0                    107153.85301 99748.1436  6.91%     -    0s
H    0     0                    106226.24577 99748.1436  6.10%     -    0s
     0     0 99748.1436    0    8 106226.246 99748.1436  6.10%     -    0s
     0     0 99873.4242    0    8 106226.246 99873.4242  5.98%     -    0s
H    0     0                    106205.90990 99935.3532  5.90%     -    0s
H    0     0                    105819.42141 99935.3532  5.56%     -    0s
     0     0 99935.3532    0    8 105819.421 99935.3532  5.56%     -    0s
     0     0 99951.7064    0    7 105819.421 99951.7064  5.55%     -    0s
     0     0 100083.277    0    4 105819.421 100083.277  5.42%     -    0s
H    0     0                    105808.55532 100092.491  5.40%     -    0s
     0     0 100092.491    0    5 105808.555 100092.491  5.40%     -    0s
     0     0 100138.431    0    1 105808.555 100138.431  5.36%     -    0s
     0     0 100140.130    0    2 105808.555 100140.130  5.36%     -    0s
     0     0 100140.130    0    2 105808.555 100140.130  5.36%     -    0s
     0     2 100140.152    0    2 105808.555 100140.152  5.36%     -    0s
H  460   286                    105524.47937 100291.754  4.96%  18.9    0s
*  856   378               5    105519.49499 100561.684  4.70%  21.3    0s
* 1465    51              15    105413.54813 102164.937  3.08%  30.1    0s
* 1494    51              14    105239.00338 103835.337  1.33%  30.1    0s

Cutting planes:
  Implied bound: 93
  MIR: 5
  Flow cover: 4
  Inf proof: 17
  Relax-and-lift: 8

Explored 1558 nodes (46303 simplex iterations) in 0.17 seconds (0.37 work units)
Thread count was 8 (of 8 available processors)

Solution count 10: 105239 105414 105519 ... 108563

Optimal solution found (tolerance 1.00e-04)
Best objective 1.052390033803e+05, best bound 1.052390033803e+05, gap 0.0000%

User-callback calls 3437, time in user-callback 0.00 sec

Gurobi 12.0.3 (mac64[arm]) logging started Tue Sep 23 12:12:27 2025

Set parameter LogFile to value "Logs/Facility Location Logs/nscen30_K1/phase1/scenario_generation.log"
Set parameter LogToConsole to value 0

Gurobi 12.0.3 (mac64[arm]) logging started Tue Sep 23 12:12:27 2025

Set parameter LogFile to value "Logs/Facility Location Logs/nscen30_K1/phase1/scenario_generation.log"
Gurobi Optimizer version 12.0.3 build v12.0.3rc0 (mac64[arm] - Darwin 24.6.0 24G222)

CPU model: Apple M3
Thread count: 8 physical cores, 8 logical processors, using up to 8 threads

Non-default parameters:
LogToConsole  0

Optimize a model with 75 rows, 1325 columns and 2575 nonzeros
Model fingerprint: 0x45debf1b
Variable types: 1300 continuous, 25 integer (25 binary)
Coefficient statistics:
  Matrix range     [1e+00, 2e+04]
  Objective range  [8e-03, 8e+03]
  Bounds range     [0e+00, 0e+00]
  RHS range        [1e+03, 1e+04]
Found heuristic solution: objective 5452450.0000
Presolve removed 0 rows and 1 columns
Presolve time: 0.00s
Presolved: 75 rows, 1324 columns, 2574 nonzeros
Variable types: 1300 continuous, 24 integer (24 binary)

Root relaxation: objective 9.571700e+04, 121 iterations, 0.00 seconds (0.00 work units)

    Nodes    |    Current Node    |     Objective Bounds      |     Work
 Expl Unexpl |  Obj  Depth IntInf | Incumbent    BestBd   Gap | It/Node Time

     0     0 95717.0049    0   24 5452450.00 95717.0049  98.2%     -    0s
H    0     0                    228692.50485 95717.0049  58.1%     -    0s
H    0     0                    213871.06822 95717.0049  55.2%     -    0s
H    0     0                    206404.01646 95717.0049  53.6%     -    0s
H    0     0                    184754.88419 96174.1517  47.9%     -    0s
H    0     0                    148103.52790 100444.158  32.2%     -    0s
H    0     0                    113055.19256 100444.158  11.2%     -    0s
     0     0 100444.158    0   12 113055.193 100444.158  11.2%     -    0s
H    0     0                    107129.69221 100463.420  6.22%     -    0s
H    0     0                    107108.47045 100463.420  6.20%     -    0s
     0     0 100463.420    0   12 107108.470 100463.420  6.20%     -    0s
     0     0 100973.421    0   11 107108.470 100973.421  5.73%     -    0s
     0     0 101014.219    0    9 107108.470 101014.219  5.69%     -    0s
H    0     0                    106967.59713 101014.219  5.57%     -    0s
     0     0 101189.243    0    9 106967.597 101189.243  5.40%     -    0s
H    0     0                    105770.39781 101203.823  4.32%     -    0s
     0     0 101204.303    0    8 105770.398 101204.303  4.32%     -    0s
     0     0 101205.080    0    8 105770.398 101205.080  4.32%     -    0s
     0     0 101308.285    0    8 105770.398 101308.285  4.22%     -    0s
H    0     0                    105765.27430 101311.591  4.21%     -    0s
     0     0 101315.881    0    7 105765.274 101315.881  4.21%     -    0s
     0     0 101316.580    0    6 105765.274 101316.580  4.21%     -    0s
     0     0 101350.865    0    4 105765.274 101350.865  4.17%     -    0s
     0     0 101354.874    0    4 105765.274 101354.874  4.17%     -    0s
     0     0 101355.007    0    4 105765.274 101355.007  4.17%     -    0s
     0     0 101358.119    0    4 105765.274 101358.119  4.17%     -    0s
     0     0 101358.119    0    4 105765.274 101358.119  4.17%     -    0s
     0     2 101358.119    0    4 105765.274 101358.119  4.17%     -    0s

Cutting planes:
  Implied bound: 187
  MIR: 9
  Inf proof: 17
  Relax-and-lift: 3

Explored 8804 nodes (216607 simplex iterations) in 0.68 seconds (1.75 work units)
Thread count was 8 (of 8 available processors)

Solution count 10: 105765 105770 106968 ... 228693

Optimal solution found (tolerance 1.00e-04)
Best objective 1.057652742962e+05, best bound 1.057652742962e+05, gap 0.0000%

User-callback calls 18033, time in user-callback 0.00 sec

Gurobi 12.0.3 (mac64[arm]) logging started Tue Sep 23 12:12:28 2025

Set parameter LogFile to value "Logs/Facility Location Logs/nscen30_K1/phase1/scenario_generation.log"
Set parameter LogToConsole to value 0

Gurobi 12.0.3 (mac64[arm]) logging started Tue Sep 23 12:12:28 2025

Set parameter LogFile to value "Logs/Facility Location Logs/nscen30_K1/phase1/scenario_generation.log"
Gurobi Optimizer version 12.0.3 build v12.0.3rc0 (mac64[arm] - Darwin 24.6.0 24G222)

CPU model: Apple M3
Thread count: 8 physical cores, 8 logical processors, using up to 8 threads

Non-default parameters:
LogToConsole  0

Optimize a model with 75 rows, 1325 columns and 2575 nonzeros
Model fingerprint: 0xc6042e5d
Variable types: 1300 continuous, 25 integer (25 binary)
Coefficient statistics:
  Matrix range     [1e+00, 2e+04]
  Objective range  [8e-03, 8e+03]
  Bounds range     [0e+00, 0e+00]
  RHS range        [9e+02, 2e+04]
Found heuristic solution: objective 5314450.0000
Presolve removed 0 rows and 1 columns
Presolve time: 0.00s
Presolved: 75 rows, 1324 columns, 2574 nonzeros
Variable types: 1300 continuous, 24 integer (24 binary)

Root relaxation: objective 1.032118e+05, 86 iterations, 0.00 seconds (0.00 work units)

    Nodes    |    Current Node    |     Objective Bounds      |     Work
 Expl Unexpl |  Obj  Depth IntInf | Incumbent    BestBd   Gap | It/Node Time

     0     0 103211.813    0   23 5314450.00 103211.813  98.1%     -    0s
H    0     0                    237567.31253 103211.813  56.6%     -    0s
H    0     0                    208107.07076 103211.813  50.4%     -    0s
H    0     0                    201564.84640 103211.813  48.8%     -    0s
H    0     0                    201277.72674 104036.547  48.3%     -    0s
H    0     0                    193942.49430 107985.920  44.3%     -    0s
H    0     0                    157048.96144 107985.920  31.2%     -    0s
H    0     0                    122643.69652 107985.920  12.0%     -    0s
     0     0 107985.920    0   11 122643.697 107985.920  12.0%     -    0s
H    0     0                    115322.64124 108025.076  6.33%     -    0s
     0     0 108025.076    0   11 115322.641 108025.076  6.33%     -    0s
     0     0 108423.692    0   10 115322.641 108423.692  5.98%     -    0s
H    0     0                    115322.21408 108431.729  5.97%     -    0s
     0     0 108431.729    0    9 115322.214 108431.729  5.97%     -    0s
     0     0 108669.383    0   13 115322.214 108669.383  5.77%     -    0s
     0     0 108691.848    0   10 115322.214 108691.848  5.75%     -    0s
     0     0 108823.626    0    8 115322.214 108823.626  5.64%     -    0s
     0     0 108829.215    0    6 115322.214 108829.215  5.63%     -    0s
     0     0 108882.218    0    6 115322.214 108882.218  5.58%     -    0s
     0     0 108882.316    0    6 115322.214 108882.316  5.58%     -    0s
     0     0 108892.318    0    7 115322.214 108892.318  5.58%     -    0s
     0     0 108893.880    0    7 115322.214 108893.880  5.57%     -    0s
H    0     0                    115222.58277 108893.880  5.49%     -    0s
     0     2 108893.899    0    7 115222.583 108893.899  5.49%     -    0s
*  549   319              18    114763.35686 108945.638  5.07%  20.7    0s
* 1606   653              14    114759.70336 109109.309  4.92%  20.9    0s
* 1878   676              12    114715.82526 109178.651  4.83%  21.5    0s
H 2626   607                    114602.69968 109519.297  4.44%  24.6    0s
* 3962    73              10    114591.51294 111896.168  2.35%  28.7    0s

Cutting planes:
  Implied bound: 191
  MIR: 12
  Flow cover: 5
  Inf proof: 16
  Relax-and-lift: 11

Explored 4119 nodes (117203 simplex iterations) in 0.36 seconds (0.90 work units)
Thread count was 8 (of 8 available processors)

Solution count 10: 114592 114603 114716 ... 193942

Optimal solution found (tolerance 1.00e-04)
Best objective 1.145915129389e+05, best bound 1.145915129389e+05, gap 0.0000%

User-callback calls 8607, time in user-callback 0.00 sec

Gurobi 12.0.3 (mac64[arm]) logging started Tue Sep 23 12:12:28 2025

Set parameter LogFile to value "Logs/Facility Location Logs/nscen30_K1/phase1/scenario_generation.log"
Set parameter LogToConsole to value 0

Gurobi 12.0.3 (mac64[arm]) logging started Tue Sep 23 12:12:28 2025

Set parameter LogFile to value "Logs/Facility Location Logs/nscen30_K1/phase1/scenario_generation.log"
Gurobi Optimizer version 12.0.3 build v12.0.3rc0 (mac64[arm] - Darwin 24.6.0 24G222)

CPU model: Apple M3
Thread count: 8 physical cores, 8 logical processors, using up to 8 threads

Non-default parameters:
LogToConsole  0

Optimize a model with 75 rows, 1325 columns and 2575 nonzeros
Model fingerprint: 0x844ba30d
Variable types: 1300 continuous, 25 integer (25 binary)
Coefficient statistics:
  Matrix range     [1e+00, 2e+04]
  Objective range  [8e-03, 8e+03]
  Bounds range     [0e+00, 0e+00]
  RHS range        [2e+02, 2e+04]
Found heuristic solution: objective 3611700.0000
Presolve removed 0 rows and 1 columns
Presolve time: 0.00s
Presolved: 75 rows, 1324 columns, 2574 nonzeros
Variable types: 1300 continuous, 24 integer (24 binary)

Root relaxation: objective 8.033999e+04, 150 iterations, 0.00 seconds (0.00 work units)

    Nodes    |    Current Node    |     Objective Bounds      |     Work
 Expl Unexpl |  Obj  Depth IntInf | Incumbent    BestBd   Gap | It/Node Time

     0     0 80339.9943    0   19 3611700.00 80339.9943  97.8%     -    0s
H    0     0                    201722.99426 80339.9943  60.2%     -    0s
H    0     0                    159160.39938 80339.9943  49.5%     -    0s
H    0     0                    124928.76672 80339.9943  35.7%     -    0s
H    0     0                    123478.78761 80339.9943  34.9%     -    0s
H    0     0                    113803.87848 85390.3173  25.0%     -    0s
     0     0 85390.3173    0    6 113803.878 85390.3173  25.0%     -    0s
H    0     0                    101059.15800 85643.2229  15.3%     -    0s
H    0     0                    93176.094543 85643.2229  8.08%     -    0s
     0     0 85643.2229    0    6 93176.0945 85643.2229  8.08%     -    0s
     0     0 85775.8117    0    8 93176.0945 85775.8117  7.94%     -    0s
     0     0 85890.9995    0    5 93176.0945 85890.9995  7.82%     -    0s
     0     0 85891.3897    0    5 93176.0945 85891.3897  7.82%     -    0s
H    0     0                    87625.032731 85891.3897  1.98%     -    0s
     0     0 85971.9208    0    1 87625.0327 85971.9208  1.89%     -    0s
H    0     0                    87354.920785 85971.9208  1.58%     -    0s
     0     0 85999.8023    0    1 87354.9208 85999.8023  1.55%     -    0s
H    0     0                    86845.006590 85999.8023  0.97%     -    0s
H    0     0                    86421.188108 85999.8023  0.49%     -    0s
     0     0 85999.8023    0    1 86421.1881 85999.8023  0.49%     -    0s
     0     0 85999.8023    0    4 86421.1881 85999.8023  0.49%     -    0s
     0     0 86421.1881    0    1 86421.1881 86421.1881  0.00%     -    0s

Cutting planes:
  Gomory: 1
  Implied bound: 16
  Flow cover: 1
  Relax-and-lift: 2

Explored 1 nodes (462 simplex iterations) in 0.02 seconds (0.03 work units)
Thread count was 8 (of 8 available processors)

Solution count 10: 86421.2 87625 93176.1 ... 159160

Optimal solution found (tolerance 1.00e-04)
Best objective 8.642118810825e+04, best bound 8.642118810825e+04, gap 0.0000%

User-callback calls 252, time in user-callback 0.00 sec

Gurobi 12.0.3 (mac64[arm]) logging started Tue Sep 23 12:12:28 2025

Set parameter LogFile to value "Logs/Facility Location Logs/nscen30_K1/phase1/scenario_generation.log"
Set parameter LogToConsole to value 0

Gurobi 12.0.3 (mac64[arm]) logging started Tue Sep 23 12:12:28 2025

Set parameter LogFile to value "Logs/Facility Location Logs/nscen30_K1/phase1/scenario_generation.log"
Gurobi Optimizer version 12.0.3 build v12.0.3rc0 (mac64[arm] - Darwin 24.6.0 24G222)

CPU model: Apple M3
Thread count: 8 physical cores, 8 logical processors, using up to 8 threads

Non-default parameters:
LogToConsole  0

Optimize a model with 75 rows, 1325 columns and 2575 nonzeros
Model fingerprint: 0x2857530b
Variable types: 1300 continuous, 25 integer (25 binary)
Coefficient statistics:
  Matrix range     [1e+00, 2e+04]
  Objective range  [8e-03, 8e+03]
  Bounds range     [0e+00, 0e+00]
  RHS range        [1e+03, 7e+03]
Found heuristic solution: objective 5766600.0000
Presolve removed 0 rows and 1 columns
Presolve time: 0.00s
Presolved: 75 rows, 1324 columns, 2574 nonzeros
Variable types: 1300 continuous, 24 integer (24 binary)

Root relaxation: objective 8.459833e+04, 94 iterations, 0.00 seconds (0.00 work units)

    Nodes    |    Current Node    |     Objective Bounds      |     Work
 Expl Unexpl |  Obj  Depth IntInf | Incumbent    BestBd   Gap | It/Node Time

     0     0 84598.3258    0   24 5766600.00 84598.3258  98.5%     -    0s
H    0     0                    214432.32583 84598.3258  60.5%     -    0s
H    0     0                    193235.23133 84598.3258  56.2%     -    0s
H    0     0                    133588.60986 84598.3258  36.7%     -    0s
H    0     0                    100069.83159 84598.3258  15.5%     -    0s
H    0     0                    95297.357327 89606.0532  5.97%     -    0s
     0     0 89606.0532    0   10 95297.3573 89606.0532  5.97%     -    0s
     0     0 89709.7071    0   10 95297.3573 89709.7071  5.86%     -    0s
H    0     0                    93253.062796 89709.7071  3.80%     -    0s
     0     0 90232.2382    0   11 93253.0628 90232.2382  3.24%     -    0s
     0     0 90279.6632    0   10 93253.0628 90279.6632  3.19%     -    0s
H    0     0                    93223.514872 90286.3107  3.15%     -    0s
     0     0 90286.3107    0   11 93223.5149 90286.3107  3.15%     -    0s
     0     0 90287.8545    0   11 93223.5149 90287.8545  3.15%     -    0s
H    0     0                    92874.329195 90398.5677  2.67%     -    0s
     0     0 90398.5677    0   10 92874.3292 90398.5677  2.67%     -    0s
H    0     0                    92870.217857 90406.1147  2.65%     -    0s
     0     0 90406.1147    0   10 92870.2179 90406.1147  2.65%     -    0s
     0     0 90406.2989    0    8 92870.2179 90406.2989  2.65%     -    0s
     0     0 90508.8740    0    8 92870.2179 90508.8740  2.54%     -    0s
H    0     0                    92577.195707 90519.4063  2.22%     -    0s
     0     0 90519.4063    0    6 92577.1957 90519.4063  2.22%     -    0s
     0     0 90549.2213    0    6 92577.1957 90549.2213  2.19%     -    0s
     0     0 90557.0344    0    8 92577.1957 90557.0344  2.18%     -    0s
     0     0 90557.8227    0    8 92577.1957 90557.8227  2.18%     -    0s
     0     0 90568.1071    0    8 92577.1957 90568.1071  2.17%     -    0s
     0     0 90568.9063    0    8 92577.1957 90568.9063  2.17%     -    0s
H    0     0                    92563.840884 90568.9314  2.16%     -    0s
     0     2 90568.9314    0    8 92563.8409 90568.9314  2.16%     -    0s

Cutting planes:
  Implied bound: 85
  MIR: 39
  Flow cover: 11
  Relax-and-lift: 11

Explored 18023 nodes (379321 simplex iterations) in 1.57 seconds (3.76 work units)
Thread count was 8 (of 8 available processors)

Solution count 10: 92563.8 92577.2 92870.2 ... 214432

Optimal solution found (tolerance 1.00e-04)
Best objective 9.256384088437e+04, best bound 9.256384088437e+04, gap 0.0000%

User-callback calls 36898, time in user-callback 0.00 sec

Gurobi 12.0.3 (mac64[arm]) logging started Tue Sep 23 12:12:30 2025

Set parameter LogFile to value "Logs/Facility Location Logs/nscen30_K1/phase1/scenario_generation.log"
Set parameter LogToConsole to value 0

Gurobi 12.0.3 (mac64[arm]) logging started Tue Sep 23 12:12:30 2025

Set parameter LogFile to value "Logs/Facility Location Logs/nscen30_K1/phase1/scenario_generation.log"
Gurobi Optimizer version 12.0.3 build v12.0.3rc0 (mac64[arm] - Darwin 24.6.0 24G222)

CPU model: Apple M3
Thread count: 8 physical cores, 8 logical processors, using up to 8 threads

Non-default parameters:
LogToConsole  0

Optimize a model with 75 rows, 1325 columns and 2575 nonzeros
Model fingerprint: 0x031ed757
Variable types: 1300 continuous, 25 integer (25 binary)
Coefficient statistics:
  Matrix range     [1e+00, 2e+04]
  Objective range  [8e-03, 8e+03]
  Bounds range     [0e+00, 0e+00]
  RHS range        [2e+03, 9e+03]
Found heuristic solution: objective 6661000.0000
Presolve removed 0 rows and 1 columns
Presolve time: 0.00s
Presolved: 75 rows, 1324 columns, 2574 nonzeros
Variable types: 1300 continuous, 24 integer (24 binary)

Root relaxation: objective 1.076238e+05, 109 iterations, 0.00 seconds (0.00 work units)

    Nodes    |    Current Node    |     Objective Bounds      |     Work
 Expl Unexpl |  Obj  Depth IntInf | Incumbent    BestBd   Gap | It/Node Time

     0     0 107623.779    0   24 6661000.00 107623.779  98.4%     -    0s
H    0     0                    228513.77908 107623.779  52.9%     -    0s
H    0     0                    213712.24268 107623.779  49.6%     -    0s
H    0     0                    206297.75660 107623.779  47.8%     -    0s
H    0     0                    184153.12323 107623.779  41.6%     -    0s
H    0     0                    148851.97514 107623.779  27.7%     -    0s
H    0     0                    115782.83273 112495.674  2.84%     -    0s
     0     0 112495.674    0    9 115782.833 112495.674  2.84%     -    0s
H    0     0                    115051.61471 112635.825  2.10%     -    0s
H    0     0                    115041.83848 112635.825  2.09%     -    0s
     0     0 112951.683    0    9 115041.838 112951.683  1.82%     -    0s
     0     0 112993.266    0    8 115041.838 112993.266  1.78%     -    0s
H    0     0                    114862.71933 112993.266  1.63%     -    0s
H    0     0                    114139.25616 112993.266  1.00%     -    0s
     0     0 113052.194    0    5 114139.256 113052.194  0.95%     -    0s
H    0     0                    113983.48650 113057.475  0.81%     -    0s
     0     0 113057.475    0    5 113983.486 113057.475  0.81%     -    0s
     0     0 113066.261    0    4 113983.486 113066.261  0.80%     -    0s
     0     0 113104.284    0    4 113983.486 113104.284  0.77%     -    0s
H    0     0                    113882.23039 113104.284  0.68%     -    0s
     0     0 113108.090    0    4 113882.230 113108.090  0.68%     -    0s
     0     0 113109.693    0    4 113882.230 113109.693  0.68%     -    0s
     0     0 113115.585    0    4 113882.230 113115.585  0.67%     -    0s
     0     0 113115.585    0    4 113882.230 113115.585  0.67%     -    0s
     0     2 113115.601    0    4 113882.230 113115.601  0.67%     -    0s
*  161   102               8    113865.47700 113258.000  0.53%  20.4    0s

Cutting planes:
  Implied bound: 87
  MIR: 10
  Flow cover: 5
  Relax-and-lift: 5

Explored 967 nodes (17769 simplex iterations) in 0.11 seconds (0.24 work units)
Thread count was 8 (of 8 available processors)

Solution count 10: 113865 113882 113983 ... 213712

Optimal solution found (tolerance 1.00e-04)
Best objective 1.138654769976e+05, best bound 1.138654769976e+05, gap 0.0000%

User-callback calls 2231, time in user-callback 0.00 sec

Gurobi 12.0.3 (mac64[arm]) logging started Tue Sep 23 12:12:30 2025

Set parameter LogFile to value "Logs/Facility Location Logs/nscen30_K1/phase1/scenario_generation.log"
Set parameter LogToConsole to value 0

Gurobi 12.0.3 (mac64[arm]) logging started Tue Sep 23 12:12:30 2025

Set parameter LogFile to value "Logs/Facility Location Logs/nscen30_K1/phase1/scenario_generation.log"
Gurobi Optimizer version 12.0.3 build v12.0.3rc0 (mac64[arm] - Darwin 24.6.0 24G222)

CPU model: Apple M3
Thread count: 8 physical cores, 8 logical processors, using up to 8 threads

Non-default parameters:
LogToConsole  0

Optimize a model with 75 rows, 1325 columns and 2575 nonzeros
Model fingerprint: 0x9bb67101
Variable types: 1300 continuous, 25 integer (25 binary)
Coefficient statistics:
  Matrix range     [1e+00, 2e+04]
  Objective range  [8e-03, 8e+03]
  Bounds range     [0e+00, 0e+00]
  RHS range        [1e+03, 2e+04]
Found heuristic solution: objective 5764050.0000
Presolve removed 0 rows and 1 columns
Presolve time: 0.00s
Presolved: 75 rows, 1324 columns, 2574 nonzeros
Variable types: 1300 continuous, 24 integer (24 binary)

Root relaxation: objective 1.186956e+05, 102 iterations, 0.00 seconds (0.00 work units)

    Nodes    |    Current Node    |     Objective Bounds      |     Work
 Expl Unexpl |  Obj  Depth IntInf | Incumbent    BestBd   Gap | It/Node Time

     0     0 118695.645    0   23 5764050.00 118695.645  97.9%     -    0s
H    0     0                    248555.14464 118695.645  52.2%     -    0s
H    0     0                    219348.09999 118695.645  45.9%     -    0s
H    0     0                    211886.24983 118695.645  44.0%     -    0s
H    0     0                    199005.69567 118963.270  40.2%     -    0s
H    0     0                    196996.84469 123318.842  37.4%     -    0s
H    0     0                    161681.95367 123318.842  23.7%     -    0s
H    0     0                    126796.70560 123318.842  2.74%     -    0s
     0     0 123318.842    0   11 126796.706 123318.842  2.74%     -    0s
H    0     0                    126639.46702 123392.297  2.56%     -    0s
     0     0 123392.297    0   11 126639.467 123392.297  2.56%     -    0s
     0     0 123720.068    0    8 126639.467 123720.068  2.31%     -    0s
     0     0 123794.370    0   11 126639.467 123794.370  2.25%     -    0s
H    0     0                    126568.90972 123794.370  2.19%     -    0s
H    0     0                    126095.07142 124003.700  1.66%     -    0s
     0     0 124003.700    0   13 126095.071 124003.700  1.66%     -    0s
     0     0 124024.436    0   12 126095.071 124024.436  1.64%     -    0s
     0     0 124026.843    0   13 126095.071 124026.843  1.64%     -    0s
     0     0 124120.904    0    5 126095.071 124120.904  1.57%     -    0s
     0     0 124129.067    0    6 126095.071 124129.067  1.56%     -    0s
     0     0 124129.392    0    6 126095.071 124129.392  1.56%     -    0s
     0     0 124136.253    0    7 126095.071 124136.253  1.55%     -    0s
     0     0 124136.642    0    7 126095.071 124136.642  1.55%     -    0s
     0     2 124136.645    0    7 126095.071 124136.645  1.55%     -    0s

Cutting planes:
  Implied bound: 132
  MIR: 6
  Flow cover: 2
  Relax-and-lift: 7

Explored 3867 nodes (80326 simplex iterations) in 0.28 seconds (0.65 work units)
Thread count was 8 (of 8 available processors)

Solution count 9: 126095 126639 161682 ... 5.76405e+06

Optimal solution found (tolerance 1.00e-04)
Best objective 1.260950714211e+05, best bound 1.260950714211e+05, gap 0.0000%

User-callback calls 8073, time in user-callback 0.00 sec

Gurobi 12.0.3 (mac64[arm]) logging started Tue Sep 23 12:12:30 2025

Set parameter LogFile to value "Logs/Facility Location Logs/nscen30_K1/phase1/scenario_generation.log"
Set parameter LogToConsole to value 0

Gurobi 12.0.3 (mac64[arm]) logging started Tue Sep 23 12:12:30 2025

Set parameter LogFile to value "Logs/Facility Location Logs/nscen30_K1/phase1/scenario_generation.log"
Gurobi Optimizer version 12.0.3 build v12.0.3rc0 (mac64[arm] - Darwin 24.6.0 24G222)

CPU model: Apple M3
Thread count: 8 physical cores, 8 logical processors, using up to 8 threads

Non-default parameters:
LogToConsole  0

Optimize a model with 75 rows, 1325 columns and 2575 nonzeros
Model fingerprint: 0x5847286c
Variable types: 1300 continuous, 25 integer (25 binary)
Coefficient statistics:
  Matrix range     [1e+00, 2e+04]
  Objective range  [8e-03, 8e+03]
  Bounds range     [0e+00, 0e+00]
  RHS range        [1e+03, 2e+04]
Found heuristic solution: objective 5996200.0000
Presolve removed 0 rows and 1 columns
Presolve time: 0.00s
Presolved: 75 rows, 1324 columns, 2574 nonzeros
Variable types: 1300 continuous, 24 integer (24 binary)

Root relaxation: objective 1.228404e+05, 149 iterations, 0.00 seconds (0.00 work units)

    Nodes    |    Current Node    |     Objective Bounds      |     Work
 Expl Unexpl |  Obj  Depth IntInf | Incumbent    BestBd   Gap | It/Node Time

     0     0 122840.406    0   23 5996200.00 122840.406  98.0%     -    0s
H    0     0                    250378.40568 122840.406  50.9%     -    0s
H    0     0                    228232.41054 122840.406  46.2%     -    0s
H    0     0                    228225.70878 122840.406  46.2%     -    0s
H    0     0                    228128.94967 122840.406  46.2%     -    0s
H    0     0                    205922.07446 122840.406  40.3%     -    0s
H    0     0                    170290.89952 122840.406  27.9%     -    0s
H    0     0                    136142.28569 127551.062  6.31%     -    0s
H    0     0                    130834.81080 127551.062  2.51%     -    0s
H    0     0                    130798.77259 127551.062  2.48%     -    0s
     0     0 127551.062    0   13 130798.773 127551.062  2.48%     -    0s
     0     0 127675.881    0   13 130798.773 127675.881  2.39%     -    0s
H    0     0                    129385.90078 127675.881  1.32%     -    0s
H    0     0                    129384.54070 127675.881  1.32%     -    0s
     0     0 128150.684    0   10 129384.541 128150.684  0.95%     -    0s
H    0     0                    128837.22028 128150.684  0.53%     -    0s
H    0     0                    128835.70821 128150.684  0.53%     -    0s
     0     0 128150.684    0   10 128835.708 128150.684  0.53%     -    0s
H    0     0                    128713.77821 128150.684  0.44%     -    0s
H    0     0                    128707.58027 128150.684  0.43%     -    0s
     0     0 128325.421    0   13 128707.580 128325.421  0.30%     -    0s
     0     0 128372.988    0   12 128707.580 128372.988  0.26%     -    0s
     0     0 128391.673    0    8 128707.580 128391.673  0.25%     -    0s
     0     0 128392.513    0   10 128707.580 128392.513  0.24%     -    0s
H    0     0                    128705.46772 128550.954  0.12%     -    0s
     0     0 128550.954    0    8 128705.468 128550.954  0.12%     -    0s
     0     0 128553.049    0    8 128705.468 128553.049  0.12%     -    0s
     0     0 128601.336    0   10 128705.468 128601.336  0.08%     -    0s
     0     0 128602.633    0    9 128705.468 128602.633  0.08%     -    0s
     0     0 128607.639    0    8 128705.468 128607.639  0.08%     -    0s
     0     0 128607.810    0    8 128705.468 128607.810  0.08%     -    0s
     0     0 128610.836    0    9 128705.468 128610.836  0.07%     -    0s
     0     0 128610.836    0    9 128705.468 128610.836  0.07%     -    0s
     0     0 128610.837    0   15 128705.468 128610.837  0.07%     -    0s
     0     0 128610.837    0   13 128705.468 128610.837  0.07%     -    0s
     0     0 128610.837    0   11 128705.468 128610.837  0.07%     -    0s
     0     0 128610.837    0   10 128705.468 128610.837  0.07%     -    0s
     0     0 128610.837    0   10 128705.468 128610.837  0.07%     -    0s
     0     0 128610.837    0    9 128705.468 128610.837  0.07%     -    0s
     0     0 128610.837    0    7 128705.468 128610.837  0.07%     -    0s
     0     0 128610.837    0    9 128705.468 128610.837  0.07%     -    0s
     0     0 128610.837    0    7 128705.468 128610.837  0.07%     -    0s
     0     0 128610.837    0    9 128705.468 128610.837  0.07%     -    0s
     0     0 128610.837    0    9 128705.468 128610.837  0.07%     -    0s
     0     0 128614.581    0    6 128705.468 128614.581  0.07%     -    0s
     0     0 128625.558    0    9 128705.468 128625.558  0.06%     -    0s
     0     0 128626.548    0    9 128705.468 128626.548  0.06%     -    0s
     0     0 128631.535    0    8 128705.468 128631.535  0.06%     -    0s
     0     0 128631.602    0    8 128705.468 128631.602  0.06%     -    0s
H    0     0                    128703.17500 128631.602  0.06%     -    0s
     0     2 128631.602    0    8 128703.175 128631.602  0.06%     -    0s
*   36     6               6    128701.01766 128675.960  0.02%  10.5    0s

Cutting planes:
  Implied bound: 66
  MIR: 5
  Flow cover: 5
  Relax-and-lift: 11

Explored 44 nodes (1433 simplex iterations) in 0.07 seconds (0.10 work units)
Thread count was 8 (of 8 available processors)

Solution count 10: 128701 128705 128708 ... 228129

Optimal solution found (tolerance 1.00e-04)
Best objective 1.287010176624e+05, best bound 1.287010176624e+05, gap 0.0000%

User-callback calls 469, time in user-callback 0.00 sec

Gurobi 12.0.3 (mac64[arm]) logging started Tue Sep 23 12:12:30 2025

Set parameter LogFile to value "Logs/Facility Location Logs/nscen30_K1/phase1/scenario_generation.log"
Set parameter LogToConsole to value 0

Gurobi 12.0.3 (mac64[arm]) logging started Tue Sep 23 12:12:30 2025

Set parameter LogFile to value "Logs/Facility Location Logs/nscen30_K1/phase1/scenario_generation.log"
Gurobi Optimizer version 12.0.3 build v12.0.3rc0 (mac64[arm] - Darwin 24.6.0 24G222)

CPU model: Apple M3
Thread count: 8 physical cores, 8 logical processors, using up to 8 threads

Non-default parameters:
LogToConsole  0

Optimize a model with 75 rows, 1325 columns and 2575 nonzeros
Model fingerprint: 0x3f0afb09
Variable types: 1300 continuous, 25 integer (25 binary)
Coefficient statistics:
  Matrix range     [1e+00, 2e+04]
  Objective range  [8e-03, 8e+03]
  Bounds range     [0e+00, 0e+00]
  RHS range        [1e+03, 7e+03]
Found heuristic solution: objective 5233300.0000
Presolve removed 0 rows and 1 columns
Presolve time: 0.00s
Presolved: 75 rows, 1324 columns, 2574 nonzeros
Variable types: 1300 continuous, 24 integer (24 binary)

Root relaxation: objective 7.437703e+04, 107 iterations, 0.00 seconds (0.00 work units)

    Nodes    |    Current Node    |     Objective Bounds      |     Work
 Expl Unexpl |  Obj  Depth IntInf | Incumbent    BestBd   Gap | It/Node Time

     0     0 74377.0258    0   24 5233300.00 74377.0258  98.6%     -    0s
H    0     0                    209544.02585 74377.0258  64.5%     -    0s
H    0     0                    187464.70517 74377.0258  60.3%     -    0s
H    0     0                    167781.71370 74377.0258  55.7%     -    0s
H    0     0                    165671.68612 74377.0258  55.1%     -    0s
H    0     0                    147171.22336 74826.4405  49.2%     -    0s
H    0     0                    129173.42797 79109.7356  38.8%     -    0s
H    0     0                    93979.850969 79109.7356  15.8%     -    0s
H    0     0                    80547.440746 79109.7356  1.78%     -    0s
     0     0 79109.7356    0   11 80547.4407 79109.7356  1.78%     -    0s
     0     0 79171.3124    0   11 80547.4407 79171.3124  1.71%     -    0s
     0     0 79652.8447    0    9 80547.4407 79652.8447  1.11%     -    0s
     0     0 79718.3805    0    9 80547.4407 79718.3805  1.03%     -    0s
     0     0 79852.4357    0   11 80547.4407 79852.4357  0.86%     -    0s
     0     0 79872.7357    0    9 80547.4407 79872.7357  0.84%     -    0s
     0     0 79985.6017    0    8 80547.4407 79985.6017  0.70%     -    0s
     0     0 79990.3175    0    8 80547.4407 79990.3175  0.69%     -    0s
     0     0 79991.4405    0    9 80547.4407 79991.4405  0.69%     -    0s
     0     0 80018.8084    0    4 80547.4407 80018.8084  0.66%     -    0s
     0     0 80027.8856    0    4 80547.4407 80027.8856  0.65%     -    0s
     0     0 80034.0835    0    6 80547.4407 80034.0835  0.64%     -    0s
     0     0 80034.0835    0    6 80547.4407 80034.0835  0.64%     -    0s
     0     2 80034.0835    0    6 80547.4407 80034.0835  0.64%     -    0s
*   20    16               4    80445.290704 80126.1114  0.40%  20.6    0s
H   31    29                    80400.665149 80176.7724  0.28%  18.3    0s
*   32    29               9    80372.079958 80176.7724  0.24%  20.2    0s
*  106     2               7    80351.790672 80274.5752  0.10%  19.0    0s

Cutting planes:
  Implied bound: 75
  MIR: 9
  Flow cover: 5
  Relax-and-lift: 11

Explored 128 nodes (2748 simplex iterations) in 0.05 seconds (0.08 work units)
Thread count was 8 (of 8 available processors)

Solution count 10: 80351.8 80372.1 80445.3 ... 187465

Optimal solution found (tolerance 1.00e-04)
Best objective 8.035179067181e+04, best bound 8.035179067181e+04, gap 0.0000%

User-callback calls 532, time in user-callback 0.00 sec

Gurobi 12.0.3 (mac64[arm]) logging started Tue Sep 23 12:12:30 2025

Set parameter LogFile to value "Logs/Facility Location Logs/nscen30_K1/phase1/scenario_generation.log"
Set parameter LogToConsole to value 0

Gurobi 12.0.3 (mac64[arm]) logging started Tue Sep 23 12:12:30 2025

Set parameter LogFile to value "Logs/Facility Location Logs/nscen30_K1/phase1/scenario_generation.log"
Gurobi Optimizer version 12.0.3 build v12.0.3rc0 (mac64[arm] - Darwin 24.6.0 24G222)

CPU model: Apple M3
Thread count: 8 physical cores, 8 logical processors, using up to 8 threads

Non-default parameters:
LogToConsole  0

Optimize a model with 75 rows, 1325 columns and 2575 nonzeros
Model fingerprint: 0x3e8ad728
Variable types: 1300 continuous, 25 integer (25 binary)
Coefficient statistics:
  Matrix range     [1e+00, 2e+04]
  Objective range  [8e-03, 8e+03]
  Bounds range     [0e+00, 0e+00]
  RHS range        [5e+02, 6e+03]
Found heuristic solution: objective 3710550.0000
Presolve removed 0 rows and 1 columns
Presolve time: 0.00s
Presolved: 75 rows, 1324 columns, 2574 nonzeros
Variable types: 1300 continuous, 24 integer (24 binary)

Root relaxation: objective 6.198774e+04, 136 iterations, 0.00 seconds (0.00 work units)

    Nodes    |    Current Node    |     Objective Bounds      |     Work
 Expl Unexpl |  Obj  Depth IntInf | Incumbent    BestBd   Gap | It/Node Time

     0     0 61987.7395    0   23 3710550.00 61987.7395  98.3%     -    0s
H    0     0                    204882.23948 61987.7395  69.7%     -    0s
H    0     0                    175223.65679 61987.7395  64.6%     -    0s
H    0     0                    153414.07285 61987.7395  59.6%     -    0s
H    0     0                    139915.23585 66987.7804  52.1%     -    0s
H    0     0                    132417.02145 66987.7804  49.4%     -    0s
H    0     0                    95783.114472 66987.7804  30.1%     -    0s
     0     0 66987.7804    0    7 95783.1145 66987.7804  30.1%     -    0s
     0     0 67011.7982    0    7 95783.1145 67011.7982  30.0%     -    0s
H    0     0                    90232.398487 67011.7982  25.7%     -    0s
H    0     0                    69734.391333 67011.7982  3.90%     -    0s
     0     0 67290.0747    0    8 69734.3913 67290.0747  3.51%     -    0s
H    0     0                    68805.268259 67318.5452  2.16%     -    0s
H    0     0                    68787.679153 67318.5452  2.14%     -    0s
     0     0 67406.5396    0    7 68787.6792 67406.5396  2.01%     -    0s
     0     0 67497.3901    0    8 68787.6792 67497.3901  1.88%     -    0s
H    0     0                    68687.294198 67497.3901  1.73%     -    0s
     0     0 67574.5676    0    7 68687.2942 67574.5676  1.62%     -    0s
H    0     0                    68002.616913 67579.2779  0.62%     -    0s
     0     0 67579.2779    0    6 68002.6169 67579.2779  0.62%     -    0s
     0     0 67695.5858    0    3 68002.6169 67695.5858  0.45%     -    0s
     0     0 67695.8215    0    5 68002.6169 67695.8215  0.45%     -    0s
     0     0 67697.1187    0    4 68002.6169 67697.1187  0.45%     -    0s
     0     0 67697.1187    0    4 68002.6169 67697.1187  0.45%     -    0s
     0     0 67697.1187    0    7 68002.6169 67697.1187  0.45%     -    0s
     0     0 67697.1187    0    7 68002.6169 67697.1187  0.45%     -    0s
     0     0 67697.1187    0    7 68002.6169 67697.1187  0.45%     -    0s
     0     0 67697.1187    0    9 68002.6169 67697.1187  0.45%     -    0s
     0     0 67697.1187    0    9 68002.6169 67697.1187  0.45%     -    0s
     0     0 67697.1187    0    5 68002.6169 67697.1187  0.45%     -    0s
     0     0 67782.6283    0    6 68002.6169 67782.6283  0.32%     -    0s
     0     0 68002.6169    0    6 68002.6169 68002.6169  0.00%     -    0s

Cutting planes:
  Implied bound: 59
  MIR: 1
  Flow cover: 1

Explored 1 nodes (718 simplex iterations) in 0.04 seconds (0.05 work units)
Thread count was 8 (of 8 available processors)

Solution count 10: 68002.6 68687.3 68787.7 ... 175224

Optimal solution found (tolerance 1.00e-04)
Best objective 6.800261691319e+04, best bound 6.800261691319e+04, gap 0.0000%

User-callback calls 296, time in user-callback 0.00 sec

Gurobi 12.0.3 (mac64[arm]) logging started Tue Sep 23 12:12:31 2025

Set parameter LogFile to value "Logs/Facility Location Logs/nscen30_K1/phase1/scenario_generation.log"
Set parameter LogToConsole to value 0

Gurobi 12.0.3 (mac64[arm]) logging started Tue Sep 23 12:12:31 2025

Set parameter LogFile to value "Logs/Facility Location Logs/nscen30_K1/phase1/scenario_generation.log"
Gurobi Optimizer version 12.0.3 build v12.0.3rc0 (mac64[arm] - Darwin 24.6.0 24G222)

CPU model: Apple M3
Thread count: 8 physical cores, 8 logical processors, using up to 8 threads

Non-default parameters:
LogToConsole  0

Optimize a model with 75 rows, 1325 columns and 2575 nonzeros
Model fingerprint: 0xfc748096
Variable types: 1300 continuous, 25 integer (25 binary)
Coefficient statistics:
  Matrix range     [1e+00, 2e+04]
  Objective range  [8e-03, 8e+03]
  Bounds range     [0e+00, 0e+00]
  RHS range        [1e+03, 2e+04]
Found heuristic solution: objective 7024150.0000
Presolve removed 0 rows and 1 columns
Presolve time: 0.00s
Presolved: 75 rows, 1324 columns, 2574 nonzeros
Variable types: 1300 continuous, 24 integer (24 binary)

Root relaxation: objective 1.346340e+05, 112 iterations, 0.00 seconds (0.00 work units)

    Nodes    |    Current Node    |     Objective Bounds      |     Work
 Expl Unexpl |  Obj  Depth IntInf | Incumbent    BestBd   Gap | It/Node Time

     0     0 134634.036    0   23 7024150.00 134634.036  98.1%     -    0s
H    0     0                    251892.53558 134634.036  46.6%     -    0s
H    0     0                    229870.85044 134634.036  41.4%     -    0s
H    0     0                    224270.50692 134634.036  40.0%     -    0s
H    0     0                    217004.40126 134634.036  38.0%     -    0s
H    0     0                    210272.68168 134959.406  35.8%     -    0s
H    0     0                    203483.13743 134959.406  33.7%     -    0s
H    0     0                    172582.81780 139597.891  19.1%     -    0s
     0     0 139597.891    0   14 172582.818 139597.891  19.1%     -    0s
H    0     0                    172137.92780 139678.770  18.9%     -    0s
H    0     0                    164873.00670 139678.770  15.3%     -    0s
     0     0 139678.770    0   12 164873.007 139678.770  15.3%     -    0s
     0     0 139678.770    0   12 164873.007 139678.770  15.3%     -    0s
H    0     0                    159404.08816 140037.790  12.1%     -    0s
H    0     0                    153267.28728 140037.790  8.63%     -    0s
H    0     0                    146622.14000 140037.790  4.49%     -    0s
     0     0 140037.790    0   12 146622.140 140037.790  4.49%     -    0s
H    0     0                    146583.65804 140092.446  4.43%     -    0s
H    0     0                    145242.16563 140092.446  3.55%     -    0s
     0     0 140132.132    0   12 145242.166 140132.132  3.52%     -    0s
     0     0 140132.132    0   12 145242.166 140132.132  3.52%     -    0s
     0     0 140303.838    0   15 145242.166 140303.838  3.40%     -    0s
     0     0 140320.927    0   14 145242.166 140320.927  3.39%     -    0s
     0     0 140325.003    0   14 145242.166 140325.003  3.39%     -    0s
     0     0 140327.279    0   12 145242.166 140327.279  3.38%     -    0s
H    0     0                    144903.31133 140327.279  3.16%     -    0s
H    0     0                    144385.02284 140444.529  2.73%     -    0s
     0     0 140444.529    0   11 144385.023 140444.529  2.73%     -    0s
     0     0 140457.918    0    5 144385.023 140457.918  2.72%     -    0s
     0     0 140458.784    0    5 144385.023 140458.784  2.72%     -    0s
     0     0 140478.237    0    9 144385.023 140478.237  2.71%     -    0s
     0     0 140478.263    0    9 144385.023 140478.263  2.71%     -    0s
     0     0 140494.810    0   10 144385.023 140494.810  2.69%     -    0s
     0     0 140494.810    0   10 144385.023 140494.810  2.69%     -    0s
     0     2 140494.821    0   10 144385.023 140494.821  2.69%     -    0s
*  280   230               8    144320.63338 140588.969  2.59%  24.9    0s
*  311   230              12    144224.52432 140588.969  2.52%  26.4    0s

Cutting planes:
  Implied bound: 168
  MIR: 19
  Flow cover: 1
  Inf proof: 17
  Relax-and-lift: 9

Explored 2667 nodes (82354 simplex iterations) in 0.34 seconds (0.83 work units)
Thread count was 8 (of 8 available processors)

Solution count 10: 144225 144321 144385 ... 172138

Optimal solution found (tolerance 1.00e-04)
Best objective 1.442245243200e+05, best bound 1.442245243200e+05, gap 0.0000%

User-callback calls 5741, time in user-callback 0.00 sec

Gurobi 12.0.3 (mac64[arm]) logging started Tue Sep 23 12:12:31 2025

Set parameter LogFile to value "Logs/Facility Location Logs/nscen30_K1/phase1/scenario_generation.log"
Set parameter LogToConsole to value 0

Gurobi 12.0.3 (mac64[arm]) logging started Tue Sep 23 12:12:31 2025

Set parameter LogFile to value "Logs/Facility Location Logs/nscen30_K1/phase1/scenario_generation.log"
Gurobi Optimizer version 12.0.3 build v12.0.3rc0 (mac64[arm] - Darwin 24.6.0 24G222)

CPU model: Apple M3
Thread count: 8 physical cores, 8 logical processors, using up to 8 threads

Non-default parameters:
LogToConsole  0

Optimize a model with 75 rows, 1325 columns and 2575 nonzeros
Model fingerprint: 0x5bb26ac5
Variable types: 1300 continuous, 25 integer (25 binary)
Coefficient statistics:
  Matrix range     [1e+00, 2e+04]
  Objective range  [8e-03, 8e+03]
  Bounds range     [0e+00, 0e+00]
  RHS range        [8e+02, 2e+04]
Found heuristic solution: objective 5110250.0000
Presolve removed 0 rows and 1 columns
Presolve time: 0.00s
Presolved: 75 rows, 1324 columns, 2574 nonzeros
Variable types: 1300 continuous, 24 integer (24 binary)

Root relaxation: objective 9.852934e+04, 134 iterations, 0.00 seconds (0.00 work units)

    Nodes    |    Current Node    |     Objective Bounds      |     Work
 Expl Unexpl |  Obj  Depth IntInf | Incumbent    BestBd   Gap | It/Node Time

     0     0 98529.3430    0   23 5110250.00 98529.3430  98.1%     -    0s
H    0     0                    234926.84296 98529.3430  58.1%     -    0s
H    0     0                    212774.93008 98529.3430  53.7%     -    0s
H    0     0                    205751.36702 98529.3430  52.1%     -    0s
H    0     0                    185327.40232 98529.3430  46.8%     -    0s
     0     0 103202.657    0   10 185327.402 103202.657  44.3%     -    0s
H    0     0                    164600.15738 103310.628  37.2%     -    0s
H    0     0                    153836.55147 103310.628  32.8%     -    0s
H    0     0                    119059.32840 103310.628  13.2%     -    0s
H    0     0                    115732.37012 103310.628  10.7%     -    0s
     0     0 103310.628    0   10 115732.370 103310.628  10.7%     -    0s
H    0     0                    113971.62573 103310.628  9.35%     -    0s
     0     0 103667.900    0   10 113971.626 103667.900  9.04%     -    0s
H    0     0                    106335.04257 103706.195  2.47%     -    0s
H    0     0                    105493.05343 103706.195  1.69%     -    0s
     0     0 103720.302    0   10 105493.053 103720.302  1.68%     -    0s
     0     0 103720.302    0    9 105493.053 103720.302  1.68%     -    0s
H    0     0                    105377.15536 103936.240  1.37%     -    0s
     0     0 103936.240    0    9 105377.155 103936.240  1.37%     -    0s
H    0     0                    105303.23083 103961.241  1.27%     -    0s
     0     0 103961.241    0    8 105303.231 103961.241  1.27%     -    0s
     0     0 104073.897    0    6 105303.231 104073.897  1.17%     -    0s
     0     0 104073.965    0    7 105303.231 104073.965  1.17%     -    0s
     0     0 104109.960    0    2 105303.231 104109.960  1.13%     -    0s
     0     0 104113.602    0    6 105303.231 104113.602  1.13%     -    0s
     0     0 104113.602    0    6 105303.231 104113.602  1.13%     -    0s
     0     2 104113.602    0    6 105303.231 104113.602  1.13%     -    0s

Cutting planes:
  Implied bound: 98
  MIR: 6
  Flow cover: 1
  Relax-and-lift: 5

Explored 322 nodes (7468 simplex iterations) in 0.06 seconds (0.12 work units)
Thread count was 8 (of 8 available processors)

Solution count 10: 105303 105377 105493 ... 205751

Optimal solution found (tolerance 1.00e-04)
Best objective 1.053032308292e+05, best bound 1.053032308292e+05, gap 0.0000%

User-callback calls 924, time in user-callback 0.00 sec

Gurobi 12.0.3 (mac64[arm]) logging started Tue Sep 23 12:12:31 2025

Set parameter LogFile to value "Logs/Facility Location Logs/nscen30_K1/phase1/scenario_generation.log"
Set parameter LogToConsole to value 0

Gurobi 12.0.3 (mac64[arm]) logging started Tue Sep 23 12:12:31 2025

Set parameter LogFile to value "Logs/Facility Location Logs/nscen30_K1/phase1/scenario_generation.log"
Gurobi Optimizer version 12.0.3 build v12.0.3rc0 (mac64[arm] - Darwin 24.6.0 24G222)

CPU model: Apple M3
Thread count: 8 physical cores, 8 logical processors, using up to 8 threads

Non-default parameters:
LogToConsole  0

Optimize a model with 75 rows, 1325 columns and 2575 nonzeros
Model fingerprint: 0x252c479f
Variable types: 1300 continuous, 25 integer (25 binary)
Coefficient statistics:
  Matrix range     [1e+00, 2e+04]
  Objective range  [8e-03, 8e+03]
  Bounds range     [0e+00, 0e+00]
  RHS range        [1e+03, 6e+03]
Found heuristic solution: objective 4945650.0000
Presolve removed 0 rows and 1 columns
Presolve time: 0.00s
Presolved: 75 rows, 1324 columns, 2574 nonzeros
Variable types: 1300 continuous, 24 integer (24 binary)

Root relaxation: objective 7.096110e+04, 94 iterations, 0.00 seconds (0.00 work units)

    Nodes    |    Current Node    |     Objective Bounds      |     Work
 Expl Unexpl |  Obj  Depth IntInf | Incumbent    BestBd   Gap | It/Node Time

     0     0 70961.1037    0   24 4945650.00 70961.1037  98.6%     -    0s
H    0     0                    209004.60365 70961.1037  66.0%     -    0s
H    0     0                    186893.78181 70961.1037  62.0%     -    0s
H    0     0                    174827.14590 70961.1037  59.4%     -    0s
H    0     0                    160682.97328 70961.1037  55.8%     -    0s
H    0     0                    153707.74947 75653.1640  50.8%     -    0s
     0     0 75653.1640    0   11 153707.749 75653.1640  50.8%     -    0s
H    0     0                    138696.66398 75762.1023  45.4%     -    0s
H    0     0                    128585.08257 75762.1023  41.1%     -    0s
H    0     0                    93181.010798 75762.1023  18.7%     -    0s
H    0     0                    79554.025971 75762.1023  4.77%     -    0s
     0     0 75762.1023    0   11 79554.0260 75762.1023  4.77%     -    0s
     0     0 76147.1929    0    9 79554.0260 76147.1929  4.28%     -    0s
     0     0 76180.2334    0    9 79554.0260 76180.2334  4.24%     -    0s
     0     0 76328.9764    0   10 79554.0260 76328.9764  4.05%     -    0s
     0     0 76346.7215    0    8 79554.0260 76346.7215  4.03%     -    0s
     0     0 76418.4329    0    4 79554.0260 76418.4329  3.94%     -    0s
H    0     0                    78833.655680 76418.4329  3.06%     -    0s
     0     0 76421.9038    0    4 78833.6557 76421.9038  3.06%     -    0s
     0     0 76428.6083    0    3 78833.6557 76428.6083  3.05%     -    0s
     0     0 76436.0040    0    1 78833.6557 76436.0040  3.04%     -    0s
     0     0 76436.2132    0    1 78833.6557 76436.2132  3.04%     -    0s
     0     0 76447.2040    0    5 78833.6557 76447.2040  3.03%     -    0s
     0     0 76447.2040    0    5 78833.6557 76447.2040  3.03%     -    0s
     0     2 76447.2040    0    5 78833.6557 76447.2040  3.03%     -    0s

Cutting planes:
  Implied bound: 149
  MIR: 7
  Flow cover: 2
  Inf proof: 1
  Relax-and-lift: 10

Explored 7603 nodes (158858 simplex iterations) in 0.55 seconds (1.32 work units)
Thread count was 8 (of 8 available processors)

Solution count 10: 78833.7 79554 93181 ... 209005

Optimal solution found (tolerance 1.00e-04)
Best objective 7.883365567969e+04, best bound 7.883365567969e+04, gap 0.0000%

User-callback calls 15612, time in user-callback 0.00 sec

Gurobi 12.0.3 (mac64[arm]) logging started Tue Sep 23 12:12:31 2025

Set parameter LogFile to value "Logs/Facility Location Logs/nscen30_K1/phase1/scenario_generation.log"
Set parameter LogToConsole to value 0

Gurobi 12.0.3 (mac64[arm]) logging started Tue Sep 23 12:12:31 2025

Set parameter LogFile to value "Logs/Facility Location Logs/nscen30_K1/phase1/scenario_generation.log"
Gurobi Optimizer version 12.0.3 build v12.0.3rc0 (mac64[arm] - Darwin 24.6.0 24G222)

CPU model: Apple M3
Thread count: 8 physical cores, 8 logical processors, using up to 8 threads

Non-default parameters:
LogToConsole  0

Optimize a model with 75 rows, 1325 columns and 2575 nonzeros
Model fingerprint: 0x8d6c8f6a
Variable types: 1300 continuous, 25 integer (25 binary)
Coefficient statistics:
  Matrix range     [1e+00, 2e+04]
  Objective range  [8e-03, 8e+03]
  Bounds range     [0e+00, 0e+00]
  RHS range        [1e+03, 2e+04]
Found heuristic solution: objective 5893700.0000
Presolve removed 0 rows and 1 columns
Presolve time: 0.00s
Presolved: 75 rows, 1324 columns, 2574 nonzeros
Variable types: 1300 continuous, 24 integer (24 binary)

Root relaxation: objective 1.249047e+05, 132 iterations, 0.00 seconds (0.00 work units)

    Nodes    |    Current Node    |     Objective Bounds      |     Work
 Expl Unexpl |  Obj  Depth IntInf | Incumbent    BestBd   Gap | It/Node Time

     0     0 124904.718    0   23 5893700.00 124904.718  97.9%     -    0s
H    0     0                    253467.71840 124904.718  50.7%     -    0s
H    0     0                    231665.45504 124904.718  46.1%     -    0s
H    0     0                    225003.76428 124904.718  44.5%     -    0s
H    0     0                    217581.52358 124904.718  42.6%     -    0s
H    0     0                    210119.28478 125155.360  40.4%     -    0s
H    0     0                    209602.01392 125155.360  40.3%     -    0s
H    0     0                    201751.82225 130105.556  35.5%     -    0s
H    0     0                    165161.58975 130105.556  21.2%     -    0s
H    0     0                    141564.95777 130105.556  8.09%     -    0s
H    0     0                    141546.73283 130105.556  8.08%     -    0s
     0     0 130105.556    0   12 141546.733 130105.556  8.08%     -    0s
H    0     0                    132773.27879 130188.430  1.95%     -    0s
H    0     0                    132710.77189 130188.430  1.90%     -    0s
     0     0 130720.494    0   10 132710.772 130720.494  1.50%     -    0s
H    0     0                    132222.96763 130753.650  1.11%     -    0s
     0     0 130753.650    0   11 132222.968 130753.650  1.11%     -    0s
H    0     0                    131964.99939 130753.650  0.92%     -    0s
     0     0 130966.782    0   12 131964.999 130966.782  0.76%     -    0s
     0     0 130989.516    0   11 131964.999 130989.516  0.74%     -    0s
     0     0 130989.738    0   12 131964.999 130989.738  0.74%     -    0s
     0     0 131137.880    0   10 131964.999 131137.880  0.63%     -    0s
     0     0 131139.597    0   10 131964.999 131139.597  0.63%     -    0s
     0     0 131161.070    0    8 131964.999 131161.070  0.61%     -    0s
     0     0 131161.215    0    8 131964.999 131161.215  0.61%     -    0s
     0     0 131172.528    0    8 131964.999 131172.528  0.60%     -    0s
     0     0 131172.528    0    8 131964.999 131172.528  0.60%     -    0s
     0     2 131172.547    0    8 131964.999 131172.547  0.60%     -    0s

Cutting planes:
  Implied bound: 110
  MIR: 10
  Flow cover: 2
  Relax-and-lift: 1

Explored 610 nodes (12522 simplex iterations) in 0.10 seconds (0.20 work units)
Thread count was 8 (of 8 available processors)

Solution count 10: 131965 132711 141547 ... 253468

Optimal solution found (tolerance 1.00e-04)
Best objective 1.319649993915e+05, best bound 1.319649993915e+05, gap 0.0000%

User-callback calls 1513, time in user-callback 0.00 sec

Gurobi 12.0.3 (mac64[arm]) logging started Tue Sep 23 12:12:32 2025

Set parameter LogFile to value "Logs/Facility Location Logs/nscen30_K1/phase1/scenario_generation.log"
Set parameter LogToConsole to value 0

Gurobi 12.0.3 (mac64[arm]) logging started Tue Sep 23 12:12:32 2025

Set parameter LogFile to value "Logs/Facility Location Logs/nscen30_K1/phase1/scenario_generation.log"
Gurobi Optimizer version 12.0.3 build v12.0.3rc0 (mac64[arm] - Darwin 24.6.0 24G222)

CPU model: Apple M3
Thread count: 8 physical cores, 8 logical processors, using up to 8 threads

Non-default parameters:
LogToConsole  0

Optimize a model with 75 rows, 1325 columns and 2575 nonzeros
Model fingerprint: 0x65ae515d
Variable types: 1300 continuous, 25 integer (25 binary)
Coefficient statistics:
  Matrix range     [1e+00, 2e+04]
  Objective range  [8e-03, 8e+03]
  Bounds range     [0e+00, 0e+00]
  RHS range        [1e+03, 1e+04]
Found heuristic solution: objective 5800600.0000
Presolve removed 0 rows and 1 columns
Presolve time: 0.00s
Presolved: 75 rows, 1324 columns, 2574 nonzeros
Variable types: 1300 continuous, 24 integer (24 binary)

Root relaxation: objective 1.045662e+05, 127 iterations, 0.00 seconds (0.00 work units)

    Nodes    |    Current Node    |     Objective Bounds      |     Work
 Expl Unexpl |  Obj  Depth IntInf | Incumbent    BestBd   Gap | It/Node Time

     0     0 104566.159    0   24 5800600.00 104566.159  98.2%     -    0s
H    0     0                    234060.15868 104566.159  55.3%     -    0s
H    0     0                    211926.35374 104566.159  50.7%     -    0s
H    0     0                    155868.14141 104566.159  32.9%     -    0s
H    0     0                    152043.24909 104566.159  31.2%     -    0s
H    0     0                    128290.83436 109202.502  14.9%     -    0s
H    0     0                    121514.38989 109202.502  10.1%     -    0s
     0     0 109202.502    0    9 121514.390 109202.502  10.1%     -    0s
H    0     0                    121359.60417 109303.557  9.93%     -    0s
     0     0 109686.159    0    9 121359.604 109686.159  9.62%     -    0s
H    0     0                    111440.22362 109712.046  1.55%     -    0s
     0     0 109716.937    0   10 111440.224 109716.937  1.55%     -    0s
     0     0 109859.471    0    7 111440.224 109859.471  1.42%     -    0s
     0     0 109869.266    0    6 111440.224 109869.266  1.41%     -    0s
     0     0 109944.949    0    6 111440.224 109944.949  1.34%     -    0s
H    0     0                    111423.75561 109948.226  1.32%     -    0s
     0     0 109948.226    0    4 111423.756 109948.226  1.32%     -    0s
     0     0 109961.609    0    2 111423.756 109961.609  1.31%     -    0s
     0     0 110083.045    0    2 111423.756 110083.045  1.20%     -    0s
     0     0 110083.045    0    3 111423.756 110083.045  1.20%     -    0s
     0     0 110083.045    0    3 111423.756 110083.045  1.20%     -    0s
     0     2 110083.045    0    3 111423.756 110083.045  1.20%     -    0s

Cutting planes:
  Implied bound: 101
  MIR: 11
  Flow cover: 2
  Relax-and-lift: 7

Explored 1280 nodes (27660 simplex iterations) in 0.15 seconds (0.32 work units)
Thread count was 8 (of 8 available processors)

Solution count 9: 111424 111440 121360 ... 5.8006e+06

Optimal solution found (tolerance 1.00e-04)
Best objective 1.114237556136e+05, best bound 1.114237556136e+05, gap 0.0000%

User-callback calls 2860, time in user-callback 0.00 sec

Gurobi 12.0.3 (mac64[arm]) logging started Tue Sep 23 12:12:32 2025

Set parameter LogFile to value "Logs/Facility Location Logs/nscen30_K1/phase1/scenario_generation.log"
Set parameter LogToConsole to value 0

Gurobi 12.0.3 (mac64[arm]) logging started Tue Sep 23 12:12:32 2025

Set parameter LogFile to value "Logs/Facility Location Logs/nscen30_K1/phase1/scenario_generation.log"
Gurobi Optimizer version 12.0.3 build v12.0.3rc0 (mac64[arm] - Darwin 24.6.0 24G222)

CPU model: Apple M3
Thread count: 8 physical cores, 8 logical processors, using up to 8 threads

Non-default parameters:
LogToConsole  0

Optimize a model with 75 rows, 1325 columns and 2575 nonzeros
Model fingerprint: 0x473a0e41
Variable types: 1300 continuous, 25 integer (25 binary)
Coefficient statistics:
  Matrix range     [1e+00, 2e+04]
  Objective range  [8e-03, 8e+03]
  Bounds range     [0e+00, 0e+00]
  RHS range        [7e+02, 6e+03]
Found heuristic solution: objective 4105600.0000
Presolve removed 0 rows and 1 columns
Presolve time: 0.00s
Presolved: 75 rows, 1324 columns, 2574 nonzeros
Variable types: 1300 continuous, 24 integer (24 binary)

Root relaxation: objective 6.445991e+04, 106 iterations, 0.00 seconds (0.00 work units)

    Nodes    |    Current Node    |     Objective Bounds      |     Work
 Expl Unexpl |  Obj  Depth IntInf | Incumbent    BestBd   Gap | It/Node Time

     0     0 64459.9088    0   23 4105600.00 64459.9088  98.4%     -    0s
H    0     0                    203403.90883 64459.9088  68.3%     -    0s
H    0     0                    167013.48787 64459.9088  61.4%     -    0s
H    0     0                    153069.14191 64459.9088  57.9%     -    0s
H    0     0                    147694.62611 64459.9088  56.4%     -    0s
H    0     0                    145625.82508 64567.1806  55.7%     -    0s
H    0     0                    138346.27392 64567.1806  53.3%     -    0s
     0     0 69396.2926    0   11 138346.274 69396.2926  49.8%     -    0s
H    0     0                    133340.29263 69410.3069  47.9%     -    0s
H    0     0                    129934.79890 69410.3069  46.6%     -    0s
H    0     0                    94278.720118 69410.3069  26.4%     -    0s
     0     0 69410.3069    0   11 94278.7201 69410.3069  26.4%     -    0s
     0     0 69903.0225    0    9 94278.7201 69903.0225  25.9%     -    0s
     0     0 69960.2922    0    9 94278.7201 69960.2922  25.8%     -    0s
H    0     0                    93683.939551 69960.2922  25.3%     -    0s
H    0     0                    86360.923966 69960.2922  19.0%     -    0s
H    0     0                    79334.743598 69960.2922  11.8%     -    0s
     0     0 70167.7680    0   13 79334.7436 70167.7680  11.6%     -    0s
     0     0 70183.6298    0   12 79334.7436 70183.6298  11.5%     -    0s
     0     0 70183.9510    0   12 79334.7436 70183.9510  11.5%     -    0s
H    0     0                    74456.210650 70339.9895  5.53%     -    0s
     0     0 70339.9895    0    8 74456.2106 70339.9895  5.53%     -    0s
H    0     0                    74418.222502 70343.6079  5.48%     -    0s
     0     0 70343.6079    0    9 74418.2225 70343.6079  5.48%     -    0s
     0     0 70409.5533    0    7 74418.2225 70409.5533  5.39%     -    0s
H    0     0                    73778.662818 70409.5533  4.57%     -    0s
     0     0 70409.6270    0    5 73778.6628 70409.6270  4.57%     -    0s
     0     0 70412.0603    0    6 73778.6628 70412.0603  4.56%     -    0s
     0     0 70416.5547    0    6 73778.6628 70416.5547  4.56%     -    0s
     0     0 70423.2160    0    6 73778.6628 70423.2160  4.55%     -    0s
     0     0 70423.2160    0    6 73778.6628 70423.2160  4.55%     -    0s
H    0     0                    73749.876942 70423.2160  4.51%     -    0s
     0     2 70423.2265    0    6 73749.8769 70423.2265  4.51%     -    0s

Cutting planes:
  Implied bound: 117
  MIR: 13
  Flow cover: 1
  Inf proof: 1
  Relax-and-lift: 4

Explored 3930 nodes (92495 simplex iterations) in 0.30 seconds (0.70 work units)
Thread count was 8 (of 8 available processors)

Solution count 10: 73749.9 73778.7 74418.2 ... 138346

Optimal solution found (tolerance 1.00e-04)
Best objective 7.374987694162e+04, best bound 7.374987694162e+04, gap 0.0000%

User-callback calls 8229, time in user-callback 0.00 sec

Gurobi 12.0.3 (mac64[arm]) logging started Tue Sep 23 12:12:32 2025

Set parameter LogFile to value "Logs/Facility Location Logs/nscen30_K1/phase1/scenario_generation.log"
Set parameter LogToConsole to value 0

Gurobi 12.0.3 (mac64[arm]) logging started Tue Sep 23 12:12:32 2025

Set parameter LogFile to value "Logs/Facility Location Logs/nscen30_K1/phase1/scenario_generation.log"
Gurobi Optimizer version 12.0.3 build v12.0.3rc0 (mac64[arm] - Darwin 24.6.0 24G222)

CPU model: Apple M3
Thread count: 8 physical cores, 8 logical processors, using up to 8 threads

Non-default parameters:
LogToConsole  0

Optimize a model with 75 rows, 1325 columns and 2575 nonzeros
Model fingerprint: 0x3a359e63
Variable types: 1300 continuous, 25 integer (25 binary)
Coefficient statistics:
  Matrix range     [1e+00, 2e+04]
  Objective range  [8e-03, 8e+03]
  Bounds range     [0e+00, 0e+00]
  RHS range        [1e+03, 8e+03]
Found heuristic solution: objective 4971000.0000
Presolve removed 0 rows and 1 columns
Presolve time: 0.00s
Presolved: 75 rows, 1324 columns, 2574 nonzeros
Variable types: 1300 continuous, 24 integer (24 binary)

Root relaxation: objective 8.230759e+04, 127 iterations, 0.00 seconds (0.00 work units)

    Nodes    |    Current Node    |     Objective Bounds      |     Work
 Expl Unexpl |  Obj  Depth IntInf | Incumbent    BestBd   Gap | It/Node Time

     0     0 82307.5878    0   24 4971000.00 82307.5878  98.3%     -    0s
H    0     0                    220097.58779 82307.5878  62.6%     -    0s
H    0     0                    198032.04256 82307.5878  58.4%     -    0s
H    0     0                    162120.62032 82307.5878  49.2%     -    0s
H    0     0                    139142.82243 87164.6668  37.4%     -    0s
H    0     0                    104714.01598 87164.6668  16.8%     -    0s
H    0     0                    91912.276122 87164.6668  5.17%     -    0s
     0     0 87164.6668    0   11 91912.2761 87164.6668  5.17%     -    0s
H    0     0                    91465.214962 87194.8061  4.67%     -    0s
     0     0 87194.8061    0   11 91465.2150 87194.8061  4.67%     -    0s
     0     0 87724.9565    0    9 91465.2150 87724.9565  4.09%     -    0s
H    0     0                    91285.166179 87759.3593  3.86%     -    0s
     0     0 87759.3593    0    9 91285.1662 87759.3593  3.86%     -    0s
H    0     0                    90655.816710 87759.3593  3.20%     -    0s
     0     0 88047.4115    0   10 90655.8167 88047.4115  2.88%     -    0s
     0     0 88073.6349    0    9 90655.8167 88073.6349  2.85%     -    0s
     0     0 88202.6778    0    8 90655.8167 88202.6778  2.71%     -    0s
     0     0 88206.0218    0    8 90655.8167 88206.0218  2.70%     -    0s
     0     0 88240.0118    0    3 90655.8167 88240.0118  2.66%     -    0s
H    0     0                    90558.079373 88240.0118  2.56%     -    0s
     0     0 88240.4026    0    4 90558.0794 88240.4026  2.56%     -    0s
     0     0 88245.7510    0    6 90558.0794 88245.7510  2.55%     -    0s
     0     0 88245.7510    0    6 90558.0794 88245.7510  2.55%     -    0s
     0     2 88245.7510    0    6 90558.0794 88245.7510  2.55%     -    0s

Cutting planes:
  Implied bound: 158
  MIR: 9
  Flow cover: 7
  Relax-and-lift: 11

Explored 4645 nodes (101660 simplex iterations) in 0.38 seconds (0.86 work units)
Thread count was 8 (of 8 available processors)

Solution count 10: 90558.1 90655.8 91465.2 ... 4.971e+06

Optimal solution found (tolerance 1.00e-04)
Best objective 9.055807937306e+04, best bound 9.055807937306e+04, gap 0.0000%

User-callback calls 9638, time in user-callback 0.00 sec

Gurobi 12.0.3 (mac64[arm]) logging started Tue Sep 23 12:12:32 2025

Set parameter LogFile to value "Logs/Facility Location Logs/nscen30_K1/phase1/scenario_generation.log"
Set parameter LogToConsole to value 0

Gurobi 12.0.3 (mac64[arm]) logging started Tue Sep 23 12:12:32 2025

Set parameter LogFile to value "Logs/Facility Location Logs/nscen30_K1/phase1/scenario_generation.log"
Gurobi Optimizer version 12.0.3 build v12.0.3rc0 (mac64[arm] - Darwin 24.6.0 24G222)

CPU model: Apple M3
Thread count: 8 physical cores, 8 logical processors, using up to 8 threads

Non-default parameters:
LogToConsole  0

Optimize a model with 75 rows, 1325 columns and 2575 nonzeros
Model fingerprint: 0x4fda3bd3
Variable types: 1300 continuous, 25 integer (25 binary)
Coefficient statistics:
  Matrix range     [1e+00, 2e+04]
  Objective range  [8e-03, 8e+03]
  Bounds range     [0e+00, 0e+00]
  RHS range        [9e+02, 1e+04]
Found heuristic solution: objective 5060800.0000
Presolve removed 0 rows and 1 columns
Presolve time: 0.00s
Presolved: 75 rows, 1324 columns, 2574 nonzeros
Variable types: 1300 continuous, 24 integer (24 binary)

Root relaxation: objective 9.275597e+04, 130 iterations, 0.00 seconds (0.00 work units)

    Nodes    |    Current Node    |     Objective Bounds      |     Work
 Expl Unexpl |  Obj  Depth IntInf | Incumbent    BestBd   Gap | It/Node Time

     0     0 92755.9733    0   24 5060800.00 92755.9733  98.2%     -    0s
H    0     0                    229647.97330 92755.9733  59.6%     -    0s
H    0     0                    214797.31402 92755.9733  56.8%     -    0s
H    0     0                    157278.93680 92755.9733  41.0%     -    0s
H    0     0                    129878.61229 93737.4680  27.8%     -    0s
H    0     0                    124567.12358 93737.4680  24.7%     -    0s
H    0     0                    115799.91391 97622.5877  15.7%     -    0s
H    0     0                    102404.34777 97622.5877  4.67%     -    0s
     0     0 97622.5877    0   12 102404.348 97622.5877  4.67%     -    0s
     0     0 97661.3623    0   12 102404.348 97661.3623  4.63%     -    0s
     0     0 98124.0738    0    9 102404.348 98124.0738  4.18%     -    0s
H    0     0                    102117.02650 98149.0171  3.89%     -    0s
H    0     0                    102105.57234 98149.0171  3.87%     -    0s
     0     0 98149.0171    0    9 102105.572 98149.0171  3.87%     -    0s
H    0     0                    100714.35343 98149.0171  2.55%     -    0s
     0     0 98357.9078    0    9 100714.353 98357.9078  2.34%     -    0s
H    0     0                    100403.65501 98391.8088  2.00%     -    0s
     0     0 98391.8088    0    8 100403.655 98391.8088  2.00%     -    0s
     0     0 98392.6428    0    8 100403.655 98392.6428  2.00%     -    0s
     0     0 98528.3922    0    6 100403.655 98528.3922  1.87%     -    0s
H    0     0                    100205.61915 98530.2200  1.67%     -    0s
     0     0 98569.9367    0    4 100205.619 98569.9367  1.63%     -    0s
H    0     0                    100203.54323 98569.9367  1.63%     -    0s
     0     0 98571.3012    0    5 100203.543 98571.3012  1.63%     -    0s
     0     0 98571.3131    0    5 100203.543 98571.3131  1.63%     -    0s
     0     2 98571.3131    0    5 100203.543 98571.3131  1.63%     -    0s

Cutting planes:
  Implied bound: 113
  MIR: 12
  Relax-and-lift: 3

Explored 1447 nodes (30876 simplex iterations) in 0.16 seconds (0.36 work units)
Thread count was 8 (of 8 available processors)

Solution count 10: 100204 100206 100404 ... 214797

Optimal solution found (tolerance 1.00e-04)
Best objective 1.002035432259e+05, best bound 1.002035432259e+05, gap 0.0000%

User-callback calls 3202, time in user-callback 0.00 sec

Gurobi 12.0.3 (mac64[arm]) logging started Tue Sep 23 12:12:33 2025

Set parameter LogFile to value "Logs/Facility Location Logs/nscen30_K1/phase1/scenario_generation.log"
Set parameter LogToConsole to value 0

Gurobi 12.0.3 (mac64[arm]) logging started Tue Sep 23 12:12:33 2025

Set parameter LogFile to value "Logs/Facility Location Logs/nscen30_K1/phase1/scenario_generation.log"
Gurobi Optimizer version 12.0.3 build v12.0.3rc0 (mac64[arm] - Darwin 24.6.0 24G222)

CPU model: Apple M3
Thread count: 8 physical cores, 8 logical processors, using up to 8 threads

Non-default parameters:
LogToConsole  0

Optimize a model with 75 rows, 1325 columns and 2575 nonzeros
Model fingerprint: 0x6c537f08
Variable types: 1300 continuous, 25 integer (25 binary)
Coefficient statistics:
  Matrix range     [1e+00, 2e+04]
  Objective range  [8e-03, 8e+03]
  Bounds range     [0e+00, 0e+00]
  RHS range        [4e+02, 8e+03]
Found heuristic solution: objective 3716350.0000
Presolve removed 0 rows and 1 columns
Presolve time: 0.00s
Presolved: 75 rows, 1324 columns, 2574 nonzeros
Variable types: 1300 continuous, 24 integer (24 binary)

Root relaxation: objective 6.669258e+04, 141 iterations, 0.00 seconds (0.00 work units)

    Nodes    |    Current Node    |     Objective Bounds      |     Work
 Expl Unexpl |  Obj  Depth IntInf | Incumbent    BestBd   Gap | It/Node Time

     0     0 66692.5818    0   23 3716350.00 66692.5818  98.2%     -    0s
H    0     0                    209529.08176 66692.5818  68.2%     -    0s
H    0     0                    172449.98075 66692.5818  61.3%     -    0s
H    0     0                    137208.38342 66692.5818  51.4%     -    0s
H    0     0                    131998.80195 66692.5818  49.5%     -    0s
     0     0 71776.7533    0    7 131998.802 71776.7533  45.6%     -    0s
H    0     0                    117113.25333 71873.9122  38.6%     -    0s
H    0     0                    99619.657082 71873.9122  27.9%     -    0s
     0     0 71873.9122    0    7 99619.6571 71873.9122  27.9%     -    0s
H    0     0                    94722.152632 71873.9122  24.1%     -    0s
H    0     0                    73954.425292 71873.9122  2.81%     -    0s
     0     0 72127.0092    0   10 73954.4253 72127.0092  2.47%     -    0s
     0     0 72240.7133    0    9 73954.4253 72240.7133  2.32%     -    0s
H    0     0                    72884.661809 72297.8762  0.81%     -    0s
H    0     0                    72774.768571 72297.8762  0.66%     -    0s
     0     0 72297.8762    0    8 72774.7686 72297.8762  0.66%     -    0s
     0     0 72429.2325    0    5 72774.7686 72429.2325  0.47%     -    0s
H    0     0                    72774.318742 72431.4280  0.47%     -    0s
     0     0 72456.0099    0    7 72774.3187 72456.0099  0.44%     -    0s
     0     0 72456.2109    0    7 72774.3187 72456.2109  0.44%     -    0s
     0     0 72774.3187    0    3 72774.3187 72774.3187  0.00%     -    0s

Cutting planes:
  Implied bound: 78
  MIR: 2
  Flow cover: 6
  Relax-and-lift: 3

Explored 1 nodes (387 simplex iterations) in 0.02 seconds (0.03 work units)
Thread count was 8 (of 8 available processors)

Solution count 10: 72774.3 72774.8 73954.4 ... 209529

Optimal solution found (tolerance 1.00e-04)
Best objective 7.277431874156e+04, best bound 7.277431874156e+04, gap 0.0000%

User-callback calls 240, time in user-callback 0.00 sec

Gurobi 12.0.3 (mac64[arm]) logging started Tue Sep 23 12:12:33 2025

Set parameter LogFile to value "Logs/Facility Location Logs/nscen30_K1/phase1/scenario_generation.log"
Set parameter LogToConsole to value 0

Gurobi 12.0.3 (mac64[arm]) logging started Tue Sep 23 12:12:33 2025

Set parameter LogFile to value "Logs/Facility Location Logs/nscen30_K1/phase1/scenario_generation.log"
Gurobi Optimizer version 12.0.3 build v12.0.3rc0 (mac64[arm] - Darwin 24.6.0 24G222)

CPU model: Apple M3
Thread count: 8 physical cores, 8 logical processors, using up to 8 threads

Non-default parameters:
LogToConsole  0

Optimize a model with 75 rows, 1325 columns and 2575 nonzeros
Model fingerprint: 0x3136574d
Variable types: 1300 continuous, 25 integer (25 binary)
Coefficient statistics:
  Matrix range     [1e+00, 2e+04]
  Objective range  [8e-03, 8e+03]
  Bounds range     [0e+00, 0e+00]
  RHS range        [1e+03, 1e+04]
Found heuristic solution: objective 6120900.0000
Presolve removed 0 rows and 1 columns
Presolve time: 0.00s
Presolved: 75 rows, 1324 columns, 2574 nonzeros
Variable types: 1300 continuous, 24 integer (24 binary)

Root relaxation: objective 9.896336e+04, 148 iterations, 0.00 seconds (0.00 work units)

    Nodes    |    Current Node    |     Objective Bounds      |     Work
 Expl Unexpl |  Obj  Depth IntInf | Incumbent    BestBd   Gap | It/Node Time

     0     0 98963.3632    0   24 6120900.00 98963.3632  98.4%     -    0s
H    0     0                    225254.36319 98963.3632  56.1%     -    0s
H    0     0                    210565.96426 98963.3632  53.0%     -    0s
H    0     0                    210508.69020 98963.3632  53.0%     -    0s
H    0     0                    203376.22347 99333.2511  51.2%     -    0s
H    0     0                    181373.50584 103897.744  42.7%     -    0s
H    0     0                    145967.94520 103897.744  28.8%     -    0s
H    0     0                    111924.85151 103897.744  7.17%     -    0s
     0     0 103897.744    0   12 111924.852 103897.744  7.17%     -    0s
     0     0 103938.443    0   12 111924.852 103938.443  7.14%     -    0s
     0     0 104384.554    0    9 111924.852 104384.554  6.74%     -    0s
H    0     0                    111674.23651 104447.213  6.47%     -    0s
H    0     0                    111531.88433 104447.213  6.35%     -    0s
     0     0 104447.213    0    8 111531.884 104447.213  6.35%     -    0s
     0     0 104601.007    0   10 111531.884 104601.007  6.21%     -    0s
H    0     0                    111079.16327 104606.610  5.83%     -    0s
     0     0 104606.610    0   10 111079.163 104606.610  5.83%     -    0s
     0     0 104696.376    0    8 111079.163 104696.376  5.75%     -    0s
H    0     0                    110968.23153 104700.010  5.65%     -    0s
     0     0 104700.010    0    7 110968.232 104700.010  5.65%     -    0s
H    0     0                    110382.59947 104706.212  5.14%     -    0s
     0     0 104706.212    0    4 110382.599 104706.212  5.14%     -    0s
     0     0 104706.757    0    2 110382.599 104706.757  5.14%     -    0s
     0     0 104709.659    0    7 110382.599 104709.659  5.14%     -    0s
     0     0 104709.659    0    7 110382.599 104709.659  5.14%     -    0s
     0     2 104709.673    0    7 110382.599 104709.673  5.14%     -    0s
*  550   341               9    110048.18882 104789.052  4.78%  22.1    0s
H  907   497                    110023.20276 104887.771  4.67%  22.5    0s

Cutting planes:
  Gomory: 1
  Implied bound: 92
  MIR: 21
  Flow cover: 2
  Inf proof: 19
  Relax-and-lift: 3

Explored 13605 nodes (282127 simplex iterations) in 1.15 seconds (2.80 work units)
Thread count was 8 (of 8 available processors)

Solution count 10: 110023 110048 110383 ... 225254

Optimal solution found (tolerance 1.00e-04)
Best objective 1.100232027645e+05, best bound 1.100232027645e+05, gap 0.0000%

User-callback calls 27844, time in user-callback 0.00 sec

============================================================
SUMMARY STATISTICS - PHASE 1: SCENARIO GENERATION
============================================================
Parameters:
  bernoulli_case: false
  nloc: 25
  ncust: 50
  nscen: 30

Results:
  total_scenarios: 30
  unique_solutions: 29
============================================================
