
Gurobi 12.0.3 (mac64[arm]) logging started Tue Sep 23 15:46:05 2025

Set parameter LogFile to value "Logs/Facility Location Logs/L100/phase1/scenario_generation.log"
Set parameter LogToConsole to value 0

Gurobi 12.0.3 (mac64[arm]) logging started Tue Sep 23 15:46:05 2025

Set parameter LogFile to value "Logs/Facility Location Logs/L100/phase1/scenario_generation.log"
Gurobi Optimizer version 12.0.3 build v12.0.3rc0 (mac64[arm] - Darwin 24.6.0 24G222)

CPU model: Apple M3
Thread count: 8 physical cores, 8 logical processors, using up to 8 threads

Non-default parameters:
LogToConsole  0

Optimize a model with 75 rows, 1325 columns and 2575 nonzeros
Model fingerprint: 0x2a48d436
Variable types: 1300 continuous, 25 integer (25 binary)
Coefficient statistics:
  Matrix range     [1e+00, 2e+04]
  Objective range  [8e-03, 8e+03]
  Bounds range     [0e+00, 0e+00]
  RHS range        [7e+02, 6e+03]
Found heuristic solution: objective 4220050.0000
Presolve removed 0 rows and 1 columns
Presolve time: 0.00s
Presolved: 75 rows, 1324 columns, 2574 nonzeros
Variable types: 1300 continuous, 24 integer (24 binary)

Root relaxation: objective 6.748291e+04, 142 iterations, 0.00 seconds (0.00 work units)

    Nodes    |    Current Node    |     Objective Bounds      |     Work
 Expl Unexpl |  Obj  Depth IntInf | Incumbent    BestBd   Gap | It/Node Time

     0     0 67482.9110    0   23 4220050.00 67482.9110  98.4%     -    0s
H    0     0                    205282.41095 67482.9110  67.1%     -    0s
H    0     0                    183153.03836 67482.9110  63.2%     -    0s
H    0     0                    176429.49444 67482.9110  61.8%     -    0s
H    0     0                    162087.20795 67586.4466  58.3%     -    0s
H    0     0                    161957.08170 72513.6293  55.2%     -    0s
H    0     0                    154718.15376 72513.6293  53.1%     -    0s
     0     0 72513.6293    0   10 154718.154 72513.6293  53.1%     -    0s
H    0     0                    127813.12931 72630.5454  43.2%     -    0s
H    0     0                    96564.754124 72630.5454  24.8%     -    0s
     0     0 72630.5454    0   10 96564.7541 72630.5454  24.8%     -    0s
H    0     0                    96521.916803 72630.5454  24.8%     -    0s
     0     0 72936.7853    0    6 96521.9168 72936.7853  24.4%     -    0s
H    0     0                    92690.068946 72950.0735  21.3%     -    0s
     0     0 72984.0038    0    6 92690.0689 72984.0038  21.3%     -    0s
H    0     0                    85390.405541 72984.0038  14.5%     -    0s
H    0     0                    78566.279770 72984.0038  7.11%     -    0s
H    0     0                    78495.815364 72984.0038  7.02%     -    0s
     0     0 73150.6748    0    6 78495.8154 73150.6748  6.81%     -    0s
H    0     0                    77012.518412 73169.9307  4.99%     -    0s
     0     0 73169.9307    0    5 77012.5184 73169.9307  4.99%     -    0s
H    0     0                    76346.718669 73169.9307  4.16%     -    0s
     0     0 73279.2511    0    6 76346.7187 73279.2511  4.02%     -    0s
H    0     0                    76042.038412 73284.7109  3.63%     -    0s
     0     0 73284.7109    0    6 76042.0384 73284.7109  3.63%     -    0s
     0     0 73349.7795    0    3 76042.0384 73349.7795  3.54%     -    0s
     0     0 73355.0820    0    6 76042.0384 73355.0820  3.53%     -    0s
     0     0 73355.0820    0    6 76042.0384 73355.0820  3.53%     -    0s
     0     2 73355.0987    0    6 76042.0384 73355.0987  3.53%     -    0s
*   22    22               4    75915.626116 73365.9377  3.36%  37.8    0s
H  192   146                    75804.381783 73378.8133  3.20%  18.8    0s

Cutting planes:
  Implied bound: 107
  MIR: 9
  Flow cover: 2
  Relax-and-lift: 4

Explored 2006 nodes (46590 simplex iterations) in 0.20 seconds (0.45 work units)
Thread count was 8 (of 8 available processors)

Solution count 10: 75804.4 75915.6 76042 ... 96564.8

Optimal solution found (tolerance 1.00e-04)
Best objective 7.580438178262e+04, best bound 7.580438178262e+04, gap 0.0000%

User-callback calls 4354, time in user-callback 0.00 sec

Gurobi 12.0.3 (mac64[arm]) logging started Tue Sep 23 15:46:05 2025

Set parameter LogFile to value "Logs/Facility Location Logs/L100/phase1/scenario_generation.log"
Set parameter LogToConsole to value 0

Gurobi 12.0.3 (mac64[arm]) logging started Tue Sep 23 15:46:05 2025

Set parameter LogFile to value "Logs/Facility Location Logs/L100/phase1/scenario_generation.log"
Gurobi Optimizer version 12.0.3 build v12.0.3rc0 (mac64[arm] - Darwin 24.6.0 24G222)

CPU model: Apple M3
Thread count: 8 physical cores, 8 logical processors, using up to 8 threads

Non-default parameters:
LogToConsole  0

Optimize a model with 75 rows, 1325 columns and 2575 nonzeros
Model fingerprint: 0x97444575
Variable types: 1300 continuous, 25 integer (25 binary)
Coefficient statistics:
  Matrix range     [1e+00, 2e+04]
  Objective range  [8e-03, 8e+03]
  Bounds range     [0e+00, 0e+00]
  RHS range        [5e+02, 1e+04]
Found heuristic solution: objective 3960550.0000
Presolve removed 0 rows and 1 columns
Presolve time: 0.00s
Presolved: 75 rows, 1324 columns, 2574 nonzeros
Variable types: 1300 continuous, 24 integer (24 binary)

Root relaxation: objective 8.245426e+04, 144 iterations, 0.00 seconds (0.00 work units)

    Nodes    |    Current Node    |     Objective Bounds      |     Work
 Expl Unexpl |  Obj  Depth IntInf | Incumbent    BestBd   Gap | It/Node Time

     0     0 82454.2558    0   23 3960550.00 82454.2558  97.9%     -    0s
H    0     0                    222848.75581 82454.2558  63.0%     -    0s
H    0     0                    171264.45389 82454.2558  51.9%     -    0s
H    0     0                    158148.72348 82454.2558  47.9%     -    0s
H    0     0                    149397.34427 82454.2558  44.8%     -    0s
H    0     0                    142814.88738 83264.2941  41.7%     -    0s
H    0     0                    138865.23459 83264.2941  40.0%     -    0s
H    0     0                    112910.42579 86848.8055  23.1%     -    0s
     0     0 86848.8055    0    9 112910.426 86848.8055  23.1%     -    0s
H    0     0                    112577.30804 86932.4409  22.8%     -    0s
     0     0 86932.4409    0    9 112577.308 86932.4409  22.8%     -    0s
H    0     0                    108217.43010 87249.6455  19.4%     -    0s
     0     0 87253.1684    0    8 108217.430 87253.1684  19.4%     -    0s
H    0     0                    99351.767644 87281.1730  12.1%     -    0s
H    0     0                    93532.682091 87281.1730  6.68%     -    0s
     0     0 87380.3533    0    7 93532.6821 87380.3533  6.58%     -    0s
     0     0 87387.8428    0    6 93532.6821 87387.8428  6.57%     -    0s
H    0     0                    92868.260507 87387.8428  5.90%     -    0s
     0     0 87439.4202    0    4 92868.2605 87439.4202  5.85%     -    0s
H    0     0                    92712.115532 87439.4202  5.69%     -    0s
H    0     0                    92502.175771 87439.4202  5.47%     -    0s
H    0     0                    92281.342397 87439.4202  5.25%     -    0s
     0     0 87443.3677    0    5 92281.3424 87443.3677  5.24%     -    0s
     0     0 87443.3677    0    5 92281.3424 87443.3677  5.24%     -    0s
     0     0 87522.4842    0    2 92281.3424 87522.4842  5.16%     -    0s
     0     0 87530.9495    0    4 92281.3424 87530.9495  5.15%     -    0s
     0     0 87530.9495    0    4 92281.3424 87530.9495  5.15%     -    0s
H    0     0                    92168.373951 87530.9495  5.03%     -    0s
H    0     2                    92105.095497 87530.9980  4.97%     -    0s
     0     2 87530.9980    0    4 92105.0955 87530.9980  4.97%     -    0s
*  361   224               8    92086.357916 87957.4212  4.48%  17.9    0s

Cutting planes:
  Implied bound: 120
  MIR: 6
  Flow cover: 1
  Relax-and-lift: 3

Explored 2226 nodes (46950 simplex iterations) in 0.22 seconds (0.42 work units)
Thread count was 8 (of 8 available processors)

Solution count 10: 92086.4 92105.1 92281.3 ... 138865

Optimal solution found (tolerance 1.00e-04)
Best objective 9.208635791606e+04, best bound 9.208635791606e+04, gap 0.0000%

User-callback calls 4780, time in user-callback 0.00 sec

Gurobi 12.0.3 (mac64[arm]) logging started Tue Sep 23 15:46:05 2025

Set parameter LogFile to value "Logs/Facility Location Logs/L100/phase1/scenario_generation.log"
Set parameter LogToConsole to value 0

Gurobi 12.0.3 (mac64[arm]) logging started Tue Sep 23 15:46:05 2025

Set parameter LogFile to value "Logs/Facility Location Logs/L100/phase1/scenario_generation.log"
Gurobi Optimizer version 12.0.3 build v12.0.3rc0 (mac64[arm] - Darwin 24.6.0 24G222)

CPU model: Apple M3
Thread count: 8 physical cores, 8 logical processors, using up to 8 threads

Non-default parameters:
LogToConsole  0

Optimize a model with 75 rows, 1325 columns and 2575 nonzeros
Model fingerprint: 0x0ff49c4c
Variable types: 1300 continuous, 25 integer (25 binary)
Coefficient statistics:
  Matrix range     [1e+00, 2e+04]
  Objective range  [8e-03, 8e+03]
  Bounds range     [0e+00, 0e+00]
  RHS range        [1e+03, 1e+04]
Found heuristic solution: objective 6713600.0000
Presolve removed 0 rows and 1 columns
Presolve time: 0.00s
Presolved: 75 rows, 1324 columns, 2574 nonzeros
Variable types: 1300 continuous, 24 integer (24 binary)

Root relaxation: objective 1.151012e+05, 108 iterations, 0.00 seconds (0.00 work units)

    Nodes    |    Current Node    |     Objective Bounds      |     Work
 Expl Unexpl |  Obj  Depth IntInf | Incumbent    BestBd   Gap | It/Node Time

     0     0 115101.196    0   24 6713600.00 115101.196  98.3%     -    0s
H    0     0                    235465.19636 115101.196  51.1%     -    0s
H    0     0                    220656.40052 115101.196  47.8%     -    0s
H    0     0                    206725.72760 115101.196  44.3%     -    0s
H    0     0                    206719.43381 115101.196  44.3%     -    0s
H    0     0                    203487.16091 115101.196  43.4%     -    0s
H    0     0                    193448.77559 115314.447  40.4%     -    0s
H    0     0                    192955.03394 115314.447  40.2%     -    0s
H    0     0                    192809.34223 120146.223  37.7%     -    0s
H    0     0                    157813.19861 120146.223  23.9%     -    0s
H    0     0                    130748.29005 120146.223  8.11%     -    0s
     0     0 120146.223    0   11 130748.290 120146.223  8.11%     -    0s
H    0     0                    122094.21412 120247.900  1.51%     -    0s
H    0     0                    122086.63987 120247.900  1.51%     -    0s
     0     0 120247.900    0   10 122086.640 120247.900  1.51%     -    0s
     0     0 120618.507    0   10 122086.640 120618.507  1.20%     -    0s
H    0     0                    121825.19858 120684.742  0.94%     -    0s
     0     0 120684.742    0   11 121825.199 120684.742  0.94%     -    0s
H    0     0                    121815.55654 120685.729  0.93%     -    0s
     0     0 120685.729    0    9 121815.557 120685.729  0.93%     -    0s
H    0     0                    121762.27276 120685.729  0.88%     -    0s
H    0     0                    121637.41007 120795.300  0.69%     -    0s
     0     0 120795.300    0   10 121637.410 120795.300  0.69%     -    0s
H    0     0                    121283.70059 120796.839  0.40%     -    0s
     0     0 120808.744    0   11 121283.701 120808.744  0.39%     -    0s
     0     0 120809.063    0   12 121283.701 120809.063  0.39%     -    0s
     0     0 120870.084    0    7 121283.701 120870.084  0.34%     -    0s
H    0     0                    121185.26878 120870.254  0.26%     -    0s
     0     0 120872.634    0    8 121185.269 120872.634  0.26%     -    0s
     0     0 120880.999    0    6 121185.269 120880.999  0.25%     -    0s
     0     0 120882.404    0    5 121185.269 120882.404  0.25%     -    0s
     0     0 120887.481    0    9 121185.269 120887.481  0.25%     -    0s
     0     0 120888.054    0    9 121185.269 120888.054  0.25%     -    0s
     0     0 120888.068    0   18 121185.269 120888.068  0.25%     -    0s
     0     0 120888.068    0    8 121185.269 120888.068  0.25%     -    0s
     0     0 120888.068    0    9 121185.269 120888.068  0.25%     -    0s
     0     0 120888.068    0    8 121185.269 120888.068  0.25%     -    0s
     0     0 120888.068    0    5 121185.269 120888.068  0.25%     -    0s
     0     0 120888.068    0    9 121185.269 120888.068  0.25%     -    0s
     0     0 120888.068    0    7 121185.269 120888.068  0.25%     -    0s
     0     0 120888.068    0    9 121185.269 120888.068  0.25%     -    0s
     0     0 120888.068    0    9 121185.269 120888.068  0.25%     -    0s
     0     0 120888.318    0    8 121185.269 120888.318  0.25%     -    0s
     0     0 120890.490    0    8 121185.269 120890.490  0.24%     -    0s
     0     0 120890.644    0    8 121185.269 120890.644  0.24%     -    0s
     0     0 120890.644    0    8 121185.269 120890.644  0.24%     -    0s
     0     2 120890.644    0    8 121185.269 120890.644  0.24%     -    0s

Cutting planes:
  Implied bound: 70
  MIR: 17
  Flow cover: 2
  Relax-and-lift: 7

Explored 185 nodes (3572 simplex iterations) in 0.09 seconds (0.12 work units)
Thread count was 8 (of 8 available processors)

Solution count 10: 121185 121284 121637 ... 192955

Optimal solution found (tolerance 1.00e-04)
Best objective 1.211852687756e+05, best bound 1.211852687756e+05, gap 0.0000%

User-callback calls 740, time in user-callback 0.00 sec

Gurobi 12.0.3 (mac64[arm]) logging started Tue Sep 23 15:46:05 2025

Set parameter LogFile to value "Logs/Facility Location Logs/L100/phase1/scenario_generation.log"
Set parameter LogToConsole to value 0

Gurobi 12.0.3 (mac64[arm]) logging started Tue Sep 23 15:46:05 2025

Set parameter LogFile to value "Logs/Facility Location Logs/L100/phase1/scenario_generation.log"
Gurobi Optimizer version 12.0.3 build v12.0.3rc0 (mac64[arm] - Darwin 24.6.0 24G222)

CPU model: Apple M3
Thread count: 8 physical cores, 8 logical processors, using up to 8 threads

Non-default parameters:
LogToConsole  0

Optimize a model with 75 rows, 1325 columns and 2575 nonzeros
Model fingerprint: 0xd43e7217
Variable types: 1300 continuous, 25 integer (25 binary)
Coefficient statistics:
  Matrix range     [1e+00, 2e+04]
  Objective range  [8e-03, 8e+03]
  Bounds range     [0e+00, 0e+00]
  RHS range        [1e+03, 2e+04]
Found heuristic solution: objective 5694750.0000
Presolve removed 0 rows and 1 columns
Presolve time: 0.00s
Presolved: 75 rows, 1324 columns, 2574 nonzeros
Variable types: 1300 continuous, 24 integer (24 binary)

Root relaxation: objective 1.256538e+05, 153 iterations, 0.00 seconds (0.00 work units)

    Nodes    |    Current Node    |     Objective Bounds      |     Work
 Expl Unexpl |  Obj  Depth IntInf | Incumbent    BestBd   Gap | It/Node Time

     0     0 125653.772    0   23 5694750.00 125653.772  97.8%     -    0s
H    0     0                    256206.27177 125653.772  51.0%     -    0s
H    0     0                    226877.01731 125653.772  44.6%     -    0s
H    0     0                    221909.73276 125653.772  43.4%     -    0s
H    0     0                    212732.51643 125653.772  40.9%     -    0s
H    0     0                    175944.97337 125653.772  28.6%     -    0s
H    0     0                    141359.47468 130531.822  7.66%     -    0s
     0     0 130531.822    0   12 141359.475 130531.822  7.66%     -    0s
H    0     0                    134796.18761 130670.988  3.06%     -    0s
     0     0 130670.988    0   12 134796.188 130670.988  3.06%     -    0s
H    0     0                    134778.41832 130670.988  3.05%     -    0s
     0     0 131101.382    0   11 134778.418 131101.382  2.73%     -    0s
     0     0 131101.382    0   11 134778.418 131101.382  2.73%     -    0s
     0     0 131303.673    0   11 134778.418 131303.673  2.58%     -    0s
H    0     0                    134351.07288 131322.445  2.25%     -    0s
     0     0 131322.445    0   11 134351.073 131322.445  2.25%     -    0s
     0     0 131322.445    0   11 134351.073 131322.445  2.25%     -    0s
H    0     0                    134198.08016 131447.952  2.05%     -    0s
     0     0 131447.952    0    8 134198.080 131447.952  2.05%     -    0s
     0     0 131453.188    0    7 134198.080 131453.188  2.05%     -    0s
     0     0 131512.967    0    5 134198.080 131512.967  2.00%     -    0s
H    0     0                    134185.88629 131512.967  1.99%     -    0s
     0     0 131513.327    0    5 134185.886 131513.327  1.99%     -    0s
     0     0 131527.407    0    9 134185.886 131527.407  1.98%     -    0s
     0     0 131530.921    0    9 134185.886 131530.921  1.98%     -    0s
     0     2 131531.108    0    9 134185.886 131531.108  1.98%     -    0s

Cutting planes:
  Implied bound: 134
  MIR: 12
  Inf proof: 1
  Relax-and-lift: 4

Explored 2950 nodes (70180 simplex iterations) in 0.26 seconds (0.59 work units)
Thread count was 8 (of 8 available processors)

Solution count 10: 134186 134198 134351 ... 256206

Optimal solution found (tolerance 1.00e-04)
Best objective 1.341858862896e+05, best bound 1.341858862896e+05, gap 0.0000%

User-callback calls 6232, time in user-callback 0.00 sec

Gurobi 12.0.3 (mac64[arm]) logging started Tue Sep 23 15:46:06 2025

Set parameter LogFile to value "Logs/Facility Location Logs/L100/phase1/scenario_generation.log"
Set parameter LogToConsole to value 0

Gurobi 12.0.3 (mac64[arm]) logging started Tue Sep 23 15:46:06 2025

Set parameter LogFile to value "Logs/Facility Location Logs/L100/phase1/scenario_generation.log"
Gurobi Optimizer version 12.0.3 build v12.0.3rc0 (mac64[arm] - Darwin 24.6.0 24G222)

CPU model: Apple M3
Thread count: 8 physical cores, 8 logical processors, using up to 8 threads

Non-default parameters:
LogToConsole  0

Optimize a model with 75 rows, 1325 columns and 2575 nonzeros
Model fingerprint: 0x6a64df2d
Variable types: 1300 continuous, 25 integer (25 binary)
Coefficient statistics:
  Matrix range     [1e+00, 2e+04]
  Objective range  [8e-03, 8e+03]
  Bounds range     [0e+00, 0e+00]
  RHS range        [9e+02, 1e+04]
Found heuristic solution: objective 5116700.0000
Presolve removed 0 rows and 1 columns
Presolve time: 0.00s
Presolved: 75 rows, 1324 columns, 2574 nonzeros
Variable types: 1300 continuous, 24 integer (24 binary)

Root relaxation: objective 9.054102e+04, 136 iterations, 0.00 seconds (0.00 work units)

    Nodes    |    Current Node    |     Objective Bounds      |     Work
 Expl Unexpl |  Obj  Depth IntInf | Incumbent    BestBd   Gap | It/Node Time

     0     0 90541.0237    0   24 5116700.00 90541.0237  98.2%     -    0s
H    0     0                    226874.02366 90541.0237  60.1%     -    0s
H    0     0                    204689.79618 90541.0237  55.8%     -    0s
H    0     0                    198563.63341 90541.0237  54.4%     -    0s
H    0     0                    163099.04307 90541.0237  44.5%     -    0s
H    0     0                    145402.60998 90587.5862  37.7%     -    0s
H    0     0                    112894.30900 95316.9157  15.6%     -    0s
     0     0 95316.9157    0   12 112894.309 95316.9157  15.6%     -    0s
H    0     0                    105686.18159 95414.2955  9.72%     -    0s
H    0     0                    105135.97765 95414.2955  9.25%     -    0s
H    0     0                    98365.797646 95414.2955  3.00%     -    0s
     0     0 95414.2955    0   12 98365.7976 95414.2955  3.00%     -    0s
H    0     0                    98210.456215 95414.2955  2.85%     -    0s
     0     0 95731.9638    0   10 98210.4562 95731.9638  2.52%     -    0s
     0     0 95773.3222    0    7 98210.4562 95773.3222  2.48%     -    0s
     0     0 95773.3222    0    7 98210.4562 95773.3222  2.48%     -    0s
H    0     0                    97792.212764 95773.3222  2.06%     -    0s
H    0     0                    97573.683705 95773.3222  1.85%     -    0s
H    0     0                    97273.018312 95934.3881  1.38%     -    0s
     0     0 95934.3881    0    6 97273.0183 95934.3881  1.38%     -    0s
     0     0 95975.0010    0    6 97273.0183 95975.0010  1.33%     -    0s
     0     0 95975.0010    0    7 97273.0183 95975.0010  1.33%     -    0s
     0     0 96070.2242    0    5 97273.0183 96070.2242  1.24%     -    0s
     0     0 96070.7658    0    4 97273.0183 96070.7658  1.24%     -    0s
     0     0 96122.5373    0    2 97273.0183 96122.5373  1.18%     -    0s
     0     0 96133.4579    0    2 97273.0183 96133.4579  1.17%     -    0s
     0     0 96133.4579    0    2 97273.0183 96133.4579  1.17%     -    0s
     0     2 96133.4579    0    2 97273.0183 96133.4579  1.17%     -    0s

Cutting planes:
  Implied bound: 105
  MIR: 5
  Flow cover: 3
  Relax-and-lift: 3

Explored 607 nodes (12795 simplex iterations) in 0.11 seconds (0.19 work units)
Thread count was 8 (of 8 available processors)

Solution count 10: 97273 97792.2 98210.5 ... 204690

Optimal solution found (tolerance 1.00e-04)
Best objective 9.727301831194e+04, best bound 9.727301831194e+04, gap 0.0000%

User-callback calls 1516, time in user-callback 0.00 sec

Gurobi 12.0.3 (mac64[arm]) logging started Tue Sep 23 15:46:06 2025

Set parameter LogFile to value "Logs/Facility Location Logs/L100/phase1/scenario_generation.log"
Set parameter LogToConsole to value 0

Gurobi 12.0.3 (mac64[arm]) logging started Tue Sep 23 15:46:06 2025

Set parameter LogFile to value "Logs/Facility Location Logs/L100/phase1/scenario_generation.log"
Gurobi Optimizer version 12.0.3 build v12.0.3rc0 (mac64[arm] - Darwin 24.6.0 24G222)

CPU model: Apple M3
Thread count: 8 physical cores, 8 logical processors, using up to 8 threads

Non-default parameters:
LogToConsole  0

Optimize a model with 75 rows, 1325 columns and 2575 nonzeros
Model fingerprint: 0x31e7694f
Variable types: 1300 continuous, 25 integer (25 binary)
Coefficient statistics:
  Matrix range     [1e+00, 2e+04]
  Objective range  [8e-03, 8e+03]
  Bounds range     [0e+00, 0e+00]
  RHS range        [1e+03, 2e+04]
Found heuristic solution: objective 5478000.0000
Presolve removed 0 rows and 1 columns
Presolve time: 0.00s
Presolved: 75 rows, 1324 columns, 2574 nonzeros
Variable types: 1300 continuous, 24 integer (24 binary)

Root relaxation: objective 1.090688e+05, 137 iterations, 0.00 seconds (0.00 work units)

    Nodes    |    Current Node    |     Objective Bounds      |     Work
 Expl Unexpl |  Obj  Depth IntInf | Incumbent    BestBd   Gap | It/Node Time

     0     0 109068.820    0   23 5478000.00 109068.820  98.0%     -    0s
H    0     0                    241788.81966 109068.820  54.9%     -    0s
H    0     0                    227020.52799 109068.820  52.0%     -    0s
H    0     0                    219661.46808 109068.820  50.3%     -    0s
H    0     0                    213823.73926 109068.820  49.0%     -    0s
H    0     0                    213242.72779 109395.694  48.7%     -    0s
H    0     0                    190245.27079 113596.292  40.3%     -    0s
H    0     0                    154183.43193 113596.292  26.3%     -    0s
H    0     0                    119496.14167 113596.292  4.94%     -    0s
     0     0 113596.292    0   11 119496.142 113596.292  4.94%     -    0s
     0     0 113662.164    0   11 119496.142 113662.164  4.88%     -    0s
     0     0 114060.040    0   11 119496.142 114060.040  4.55%     -    0s
H    0     0                    119482.40663 114081.784  4.52%     -    0s
     0     0 114081.784    0    8 119482.407 114081.784  4.52%     -    0s
     0     0 114082.723    0    8 119482.407 114082.723  4.52%     -    0s
H    0     0                    119463.11495 114323.003  4.30%     -    0s
     0     0 114323.003    0   12 119463.115 114323.003  4.30%     -    0s
     0     0 114352.359    0   14 119463.115 114352.359  4.28%     -    0s
     0     0 114352.359    0   14 119463.115 114352.359  4.28%     -    0s
     0     0 114484.612    0    9 119463.115 114484.612  4.17%     -    0s
H    0     0                    119186.36598 114486.968  3.94%     -    0s
     0     0 114494.500    0    9 119186.366 114494.500  3.94%     -    0s
     0     0 114494.828    0    9 119186.366 114494.828  3.94%     -    0s
     0     0 114537.376    0    4 119186.366 114537.376  3.90%     -    0s
     0     0 114537.428    0    4 119186.366 114537.428  3.90%     -    0s
     0     0 114539.251    0    6 119186.366 114539.251  3.90%     -    0s
     0     0 114539.251    0    6 119186.366 114539.251  3.90%     -    0s
H    0     0                    119085.69260 114539.251  3.82%     -    0s
     0     2 114539.262    0    6 119085.693 114539.262  3.82%     -    0s
H  708   368                    118946.81506 114625.073  3.63%  24.3    0s

Cutting planes:
  Implied bound: 124
  MIR: 10
  Flow cover: 7
  Inf proof: 7
  Relax-and-lift: 12

Explored 2229 nodes (65760 simplex iterations) in 0.28 seconds (0.57 work units)
Thread count was 8 (of 8 available processors)

Solution count 10: 118947 119086 119186 ... 213824

Optimal solution found (tolerance 1.00e-04)
Best objective 1.189468150648e+05, best bound 1.189468150648e+05, gap 0.0000%

User-callback calls 4830, time in user-callback 0.00 sec

Gurobi 12.0.3 (mac64[arm]) logging started Tue Sep 23 15:46:06 2025

Set parameter LogFile to value "Logs/Facility Location Logs/L100/phase1/scenario_generation.log"
Set parameter LogToConsole to value 0

Gurobi 12.0.3 (mac64[arm]) logging started Tue Sep 23 15:46:06 2025

Set parameter LogFile to value "Logs/Facility Location Logs/L100/phase1/scenario_generation.log"
Gurobi Optimizer version 12.0.3 build v12.0.3rc0 (mac64[arm] - Darwin 24.6.0 24G222)

CPU model: Apple M3
Thread count: 8 physical cores, 8 logical processors, using up to 8 threads

Non-default parameters:
LogToConsole  0

Optimize a model with 75 rows, 1325 columns and 2575 nonzeros
Model fingerprint: 0x9ed414d4
Variable types: 1300 continuous, 25 integer (25 binary)
Coefficient statistics:
  Matrix range     [1e+00, 2e+04]
  Objective range  [8e-03, 8e+03]
  Bounds range     [0e+00, 0e+00]
  RHS range        [8e+02, 9e+03]
Found heuristic solution: objective 4342800.0000
Presolve removed 0 rows and 1 columns
Presolve time: 0.00s
Presolved: 75 rows, 1324 columns, 2574 nonzeros
Variable types: 1300 continuous, 24 integer (24 binary)

Root relaxation: objective 6.255343e+04, 128 iterations, 0.00 seconds (0.00 work units)

    Nodes    |    Current Node    |     Objective Bounds      |     Work
 Expl Unexpl |  Obj  Depth IntInf | Incumbent    BestBd   Gap | It/Node Time

     0     0 62553.4319    0   24 4342800.00 62553.4319  98.6%     -    0s
H    0     0                    206625.43193 62553.4319  69.7%     -    0s
H    0     0                    162971.50391 62553.4319  61.6%     -    0s
H    0     0                    149783.24761 62553.4319  58.2%     -    0s
H    0     0                    100748.99859 62553.4319  37.9%     -    0s
     0     0 67242.1203    0   11 100748.999 67242.1203  33.3%     -    0s
H    0     0                    90842.015259 67349.5701  25.9%     -    0s
H    0     0                    82922.733189 67349.5701  18.8%     -    0s
     0     0 67349.5701    0   12 82922.7332 67349.5701  18.8%     -    0s
H    0     0                    76694.765400 67677.8776  11.8%     -    0s
     0     0 67708.1521    0    8 76694.7654 67708.1521  11.7%     -    0s
H    0     0                    70906.860283 67727.9654  4.48%     -    0s
H    0     0                    70906.436966 67727.9654  4.48%     -    0s
H    0     0                    69875.788959 67727.9654  3.07%     -    0s
     0     0 67727.9654    0    7 69875.7890 67727.9654  3.07%     -    0s
H    0     0                    69525.755378 67885.0379  2.36%     -    0s
     0     0 67885.0379    0   12 69525.7554 67885.0379  2.36%     -    0s
     0     0 67904.8099    0   12 69525.7554 67904.8099  2.33%     -    0s
     0     0 68024.8973    0    6 69525.7554 68024.8973  2.16%     -    0s
     0     0 68029.2015    0    5 69525.7554 68029.2015  2.15%     -    0s
     0     0 68029.8646    0    5 69525.7554 68029.8646  2.15%     -    0s
     0     0 68066.2173    0    2 69525.7554 68066.2173  2.10%     -    0s
H    0     0                    69407.671609 68066.2173  1.93%     -    0s
     0     0 68066.3627    0    2 69407.6716 68066.3627  1.93%     -    0s
     0     0 68068.2588    0    3 69407.6716 68068.2588  1.93%     -    0s
     0     0 68068.2588    0    3 69407.6716 68068.2588  1.93%     -    0s
     0     2 68068.2588    0    3 69407.6716 68068.2588  1.93%     -    0s

Cutting planes:
  Implied bound: 96
  MIR: 6
  Flow cover: 4
  Relax-and-lift: 6

Explored 361 nodes (8669 simplex iterations) in 0.08 seconds (0.15 work units)
Thread count was 8 (of 8 available processors)

Solution count 10: 69407.7 69525.8 69875.8 ... 162972

Optimal solution found (tolerance 1.00e-04)
Best objective 6.940767160875e+04, best bound 6.940767160875e+04, gap 0.0000%

User-callback calls 1011, time in user-callback 0.00 sec

Gurobi 12.0.3 (mac64[arm]) logging started Tue Sep 23 15:46:06 2025

Set parameter LogFile to value "Logs/Facility Location Logs/L100/phase1/scenario_generation.log"
Set parameter LogToConsole to value 0

Gurobi 12.0.3 (mac64[arm]) logging started Tue Sep 23 15:46:06 2025

Set parameter LogFile to value "Logs/Facility Location Logs/L100/phase1/scenario_generation.log"
Gurobi Optimizer version 12.0.3 build v12.0.3rc0 (mac64[arm] - Darwin 24.6.0 24G222)

CPU model: Apple M3
Thread count: 8 physical cores, 8 logical processors, using up to 8 threads

Non-default parameters:
LogToConsole  0

Optimize a model with 75 rows, 1325 columns and 2575 nonzeros
Model fingerprint: 0x5ec301a6
Variable types: 1300 continuous, 25 integer (25 binary)
Coefficient statistics:
  Matrix range     [1e+00, 2e+04]
  Objective range  [8e-03, 8e+03]
  Bounds range     [0e+00, 0e+00]
  RHS range        [7e+02, 2e+04]
Found heuristic solution: objective 4642350.0000
Presolve removed 0 rows and 1 columns
Presolve time: 0.00s
Presolved: 75 rows, 1324 columns, 2574 nonzeros
Variable types: 1300 continuous, 24 integer (24 binary)

Root relaxation: objective 9.217307e+04, 115 iterations, 0.00 seconds (0.00 work units)

    Nodes    |    Current Node    |     Objective Bounds      |     Work
 Expl Unexpl |  Obj  Depth IntInf | Incumbent    BestBd   Gap | It/Node Time

     0     0 92173.0724    0   22 4642350.00 92173.0724  98.0%     -    0s
H    0     0                    225749.57241 92173.0724  59.2%     -    0s
H    0     0                    196368.84474 92173.0724  53.1%     -    0s
H    0     0                    188951.25074 92173.0724  51.2%     -    0s
H    0     0                    182314.20319 92173.0724  49.4%     -    0s
H    0     0                    152769.30002 96832.2975  36.6%     -    0s
H    0     0                    116963.62283 96832.2975  17.2%     -    0s
     0     0 96832.2975    0   11 116963.623 96832.2975  17.2%     -    0s
H    0     0                    106709.18340 96930.2260  9.16%     -    0s
     0     0 96930.2260    0   11 106709.183 96930.2260  9.16%     -    0s
     0     0 97561.8073    0    6 106709.183 97561.8073  8.57%     -    0s
     0     0 97646.8134    0    7 106709.183 97646.8134  8.49%     -    0s
H    0     0                    104286.76166 97646.8134  6.37%     -    0s
     0     0 97655.1714    0    7 104286.762 97655.1714  6.36%     -    0s
H    0     0                    103063.98134 97666.8463  5.24%     -    0s
     0     0 97666.8463    0    7 103063.981 97666.8463  5.24%     -    0s
     0     0 97774.6910    0    4 103063.981 97774.6910  5.13%     -    0s
H    0     0                    103001.69679 97775.0021  5.07%     -    0s
     0     0 97776.2496    0    5 103001.697 97776.2496  5.07%     -    0s
     0     0 97841.5019    0    2 103001.697 97841.5019  5.01%     -    0s
     0     0 97852.8894    0    2 103001.697 97852.8894  5.00%     -    0s
     0     0 97854.3796    0    2 103001.697 97854.3796  5.00%     -    0s
     0     0 97854.3796    0    2 103001.697 97854.3796  5.00%     -    0s
H    0     0                    102518.64983 97854.3796  4.55%     -    0s
     0     2 97854.4115    0    2 102518.650 97854.4115  4.55%     -    0s

Cutting planes:
  Implied bound: 139
  MIR: 7
  Flow cover: 9
  Inf proof: 9
  Relax-and-lift: 9

Explored 3484 nodes (81625 simplex iterations) in 0.32 seconds (0.71 work units)
Thread count was 8 (of 8 available processors)

Solution count 10: 102519 103002 106709 ... 4.64235e+06

Optimal solution found (tolerance 1.00e-04)
Best objective 1.025186498263e+05, best bound 1.025186498263e+05, gap 0.0000%

User-callback calls 7317, time in user-callback 0.00 sec

Gurobi 12.0.3 (mac64[arm]) logging started Tue Sep 23 15:46:06 2025

Set parameter LogFile to value "Logs/Facility Location Logs/L100/phase1/scenario_generation.log"
Set parameter LogToConsole to value 0

Gurobi 12.0.3 (mac64[arm]) logging started Tue Sep 23 15:46:06 2025

Set parameter LogFile to value "Logs/Facility Location Logs/L100/phase1/scenario_generation.log"
Gurobi Optimizer version 12.0.3 build v12.0.3rc0 (mac64[arm] - Darwin 24.6.0 24G222)

CPU model: Apple M3
Thread count: 8 physical cores, 8 logical processors, using up to 8 threads

Non-default parameters:
LogToConsole  0

Optimize a model with 75 rows, 1325 columns and 2575 nonzeros
Model fingerprint: 0x3d1641e8
Variable types: 1300 continuous, 25 integer (25 binary)
Coefficient statistics:
  Matrix range     [1e+00, 2e+04]
  Objective range  [8e-03, 8e+03]
  Bounds range     [0e+00, 0e+00]
  RHS range        [9e+02, 2e+04]
Found heuristic solution: objective 5587650.0000
Presolve removed 0 rows and 1 columns
Presolve time: 0.00s
Presolved: 75 rows, 1324 columns, 2574 nonzeros
Variable types: 1300 continuous, 24 integer (24 binary)

Root relaxation: objective 1.183096e+05, 126 iterations, 0.00 seconds (0.00 work units)

    Nodes    |    Current Node    |     Objective Bounds      |     Work
 Expl Unexpl |  Obj  Depth IntInf | Incumbent    BestBd   Gap | It/Node Time

     0     0 118309.574    0   23 5587650.00 118309.574  97.9%     -    0s
H    0     0                    249933.07393 118309.574  52.7%     -    0s
H    0     0                    213383.03735 118309.574  44.6%     -    0s
H    0     0                    207055.54964 118309.574  42.9%     -    0s
H    0     0                    200612.31952 118309.574  41.0%     -    0s
H    0     0                    193354.41574 118309.574  38.8%     -    0s
H    0     0                    169156.64136 122728.932  27.4%     -    0s
H    0     0                    134597.18856 122728.932  8.82%     -    0s
     0     0 122728.932    0   11 134597.189 122728.932  8.82%     -    0s
H    0     0                    129306.74950 122784.041  5.04%     -    0s
H    0     0                    128021.95033 122784.041  4.09%     -    0s
H    0     0                    127876.26624 122784.041  3.98%     -    0s
     0     0 122784.041    0   11 127876.266 122784.041  3.98%     -    0s
H    0     0                    127779.25515 122784.041  3.91%     -    0s
H    0     0                    127730.43605 122784.041  3.87%     -    0s
     0     0 123267.488    0   12 127730.436 123267.488  3.49%     -    0s
     0     0 123346.636    0   11 127730.436 123346.636  3.43%     -    0s
     0     0 123346.636    0   11 127730.436 123346.636  3.43%     -    0s
     0     0 123455.522    0   11 127730.436 123455.522  3.35%     -    0s
     0     0 123468.330    0   10 127730.436 123468.330  3.34%     -    0s
     0     0 123470.082    0   10 127730.436 123470.082  3.34%     -    0s
     0     0 123471.314    0   11 127730.436 123471.314  3.33%     -    0s
     0     0 123594.653    0    9 127730.436 123594.653  3.24%     -    0s
     0     0 123596.551    0    9 127730.436 123596.551  3.24%     -    0s
     0     0 123634.345    0    3 127730.436 123634.345  3.21%     -    0s
     0     0 123639.382    0    4 127730.436 123639.382  3.20%     -    0s
     0     0 123646.267    0    5 127730.436 123646.267  3.20%     -    0s
     0     0 123646.579    0    5 127730.436 123646.579  3.20%     -    0s
H    0     0                    127049.09168 123646.579  2.68%     -    0s
     0     2 123646.583    0    5 127049.092 123646.583  2.68%     -    0s

Cutting planes:
  Implied bound: 128
  MIR: 8
  Flow cover: 10
  Inf proof: 3
  Relax-and-lift: 12

Explored 2615 nodes (54903 simplex iterations) in 0.22 seconds (0.47 work units)
Thread count was 8 (of 8 available processors)

Solution count 10: 127049 127730 127876 ... 213383

Optimal solution found (tolerance 1.00e-04)
Best objective 1.270490916776e+05, best bound 1.270490916776e+05, gap 0.0000%

User-callback calls 5571, time in user-callback 0.00 sec

Gurobi 12.0.3 (mac64[arm]) logging started Tue Sep 23 15:46:07 2025

Set parameter LogFile to value "Logs/Facility Location Logs/L100/phase1/scenario_generation.log"
Set parameter LogToConsole to value 0

Gurobi 12.0.3 (mac64[arm]) logging started Tue Sep 23 15:46:07 2025

Set parameter LogFile to value "Logs/Facility Location Logs/L100/phase1/scenario_generation.log"
Gurobi Optimizer version 12.0.3 build v12.0.3rc0 (mac64[arm] - Darwin 24.6.0 24G222)

CPU model: Apple M3
Thread count: 8 physical cores, 8 logical processors, using up to 8 threads

Non-default parameters:
LogToConsole  0

Optimize a model with 75 rows, 1325 columns and 2575 nonzeros
Model fingerprint: 0xe85940ee
Variable types: 1300 continuous, 25 integer (25 binary)
Coefficient statistics:
  Matrix range     [1e+00, 2e+04]
  Objective range  [8e-03, 8e+03]
  Bounds range     [0e+00, 0e+00]
  RHS range        [1e+03, 2e+04]
Found heuristic solution: objective 6735150.0000
Presolve removed 0 rows and 1 columns
Presolve time: 0.00s
Presolved: 75 rows, 1324 columns, 2574 nonzeros
Variable types: 1300 continuous, 24 integer (24 binary)

Root relaxation: objective 1.371896e+05, 122 iterations, 0.00 seconds (0.00 work units)

    Nodes    |    Current Node    |     Objective Bounds      |     Work
 Expl Unexpl |  Obj  Depth IntInf | Incumbent    BestBd   Gap | It/Node Time

     0     0 137189.620    0   23 6735150.00 137189.620  98.0%     -    0s
H    0     0                    257338.11974 137189.620  46.7%     -    0s
H    0     0                    228210.45870 137189.620  39.9%     -    0s
H    0     0                    227999.17214 137189.620  39.8%     -    0s
H    0     0                    221616.33476 137477.650  38.0%     -    0s
H    0     0                    213162.60408 142235.580  33.3%     -    0s
H    0     0                    176626.84768 142235.580  19.5%     -    0s
H    0     0                    151136.26147 142235.580  5.89%     -    0s
H    0     0                    151133.80632 142235.580  5.89%     -    0s
     0     0 142235.580    0   13 151133.806 142235.580  5.89%     -    0s
H    0     0                    143720.71099 142268.162  1.01%     -    0s
H    0     0                    143717.07749 142268.162  1.01%     -    0s
     0     0 142268.162    0   12 143717.077 142268.162  1.01%     -    0s
     0     0 142759.095    0   10 143717.077 142759.095  0.67%     -    0s
     0     0 142857.851    0   11 143717.077 142857.851  0.60%     -    0s
     0     0 142857.851    0   11 143717.077 142857.851  0.60%     -    0s
     0     0 142857.851    0   11 143717.077 142857.851  0.60%     -    0s
     0     0 143069.554    0   15 143717.077 143069.554  0.45%     -    0s
     0     0 143075.846    0   15 143717.077 143075.846  0.45%     -    0s
     0     0 143077.558    0   14 143717.077 143077.558  0.44%     -    0s
H    0     0                    143691.91638 143077.558  0.43%     -    0s
     0     0 143196.166    0   11 143691.916 143196.166  0.35%     -    0s
H    0     0                    143636.70529 143200.200  0.30%     -    0s
     0     0 143200.200    0   10 143636.705 143200.200  0.30%     -    0s
     0     0 143211.959    0    7 143636.705 143211.959  0.30%     -    0s
     0     0 143217.201    0    3 143636.705 143217.201  0.29%     -    0s
     0     0 143239.178    0    3 143636.705 143239.178  0.28%     -    0s
     0     0 143239.658    0    3 143636.705 143239.658  0.28%     -    0s
     0     0 143239.658    0    3 143636.705 143239.658  0.28%     -    0s
     0     2 143239.658    0    3 143636.705 143239.658  0.28%     -    0s
H   49    39                    143529.22071 143293.080  0.16%  16.3    0s
*   71    37               9    143523.47212 143335.008  0.13%  16.9    0s
*   87    37               9    143490.97645 143335.008  0.11%  15.9    0s

Cutting planes:
  Implied bound: 86
  MIR: 9
  Flow cover: 1
  Relax-and-lift: 5

Explored 139 nodes (2401 simplex iterations) in 0.05 seconds (0.08 work units)
Thread count was 8 (of 8 available processors)

Solution count 10: 143491 143523 143637 ... 227999

Optimal solution found (tolerance 1.00e-04)
Best objective 1.434909764475e+05, best bound 1.434881976564e+05, gap 0.0019%

User-callback calls 573, time in user-callback 0.00 sec

Gurobi 12.0.3 (mac64[arm]) logging started Tue Sep 23 15:46:07 2025

Set parameter LogFile to value "Logs/Facility Location Logs/L100/phase1/scenario_generation.log"
Set parameter LogToConsole to value 0

Gurobi 12.0.3 (mac64[arm]) logging started Tue Sep 23 15:46:07 2025

Set parameter LogFile to value "Logs/Facility Location Logs/L100/phase1/scenario_generation.log"
Gurobi Optimizer version 12.0.3 build v12.0.3rc0 (mac64[arm] - Darwin 24.6.0 24G222)

CPU model: Apple M3
Thread count: 8 physical cores, 8 logical processors, using up to 8 threads

Non-default parameters:
LogToConsole  0

Optimize a model with 75 rows, 1325 columns and 2575 nonzeros
Model fingerprint: 0x6ed0e945
Variable types: 1300 continuous, 25 integer (25 binary)
Coefficient statistics:
  Matrix range     [1e+00, 2e+04]
  Objective range  [8e-03, 8e+03]
  Bounds range     [0e+00, 0e+00]
  RHS range        [2e+03, 1e+04]
Found heuristic solution: objective 6447050.0000
Presolve removed 0 rows and 1 columns
Presolve time: 0.00s
Presolved: 75 rows, 1324 columns, 2574 nonzeros
Variable types: 1300 continuous, 24 integer (24 binary)

Root relaxation: objective 1.046525e+05, 121 iterations, 0.00 seconds (0.00 work units)

    Nodes    |    Current Node    |     Objective Bounds      |     Work
 Expl Unexpl |  Obj  Depth IntInf | Incumbent    BestBd   Gap | It/Node Time

     0     0 104652.469    0   24 6447050.00 104652.469  98.4%     -    0s
H    0     0                    227681.96886 104652.469  54.0%     -    0s
H    0     0                    212875.85851 104652.469  50.8%     -    0s
H    0     0                    198744.07231 104652.469  47.3%     -    0s
H    0     0                    191771.06044 104652.469  45.4%     -    0s
H    0     0                    187369.47321 104652.469  44.1%     -    0s
H    0     0                    185476.87041 104652.469  43.6%     -    0s
H    0     0                    183410.72572 104652.469  42.9%     -    0s
H    0     0                    148409.04347 104652.469  29.5%     -    0s
H    0     0                    113303.62353 109381.748  3.46%     -    0s
H    0     0                    113252.40983 109381.748  3.42%     -    0s
     0     0 109381.748    0    9 113252.410 109381.748  3.42%     -    0s
H    0     0                    112904.47911 109478.196  3.03%     -    0s
H    0     0                    112902.30459 109478.196  3.03%     -    0s
     0     0 109478.196    0    9 112902.305 109478.196  3.03%     -    0s
     0     0 109904.428    0    6 112902.305 109904.428  2.66%     -    0s
     0     0 109968.989    0    7 112902.305 109968.989  2.60%     -    0s
H    0     0                    112697.16744 110051.709  2.35%     -    0s
     0     0 110051.709    0    9 112697.167 110051.709  2.35%     -    0s
     0     0 110058.184    0    9 112697.167 110058.184  2.34%     -    0s
     0     0 110058.305    0    9 112697.167 110058.305  2.34%     -    0s
     0     0 110137.772    0    3 112697.167 110137.772  2.27%     -    0s
H    0     0                    112656.58078 110137.772  2.24%     -    0s
     0     0 110138.380    0    1 112656.581 110138.380  2.24%     -    0s
     0     0 110143.153    0    4 112656.581 110143.153  2.23%     -    0s
     0     0 110143.153    0    4 112656.581 110143.153  2.23%     -    0s
     0     2 110143.179    0    4 112656.581 110143.179  2.23%     -    0s

Cutting planes:
  Gomory: 2
  Implied bound: 68
  MIR: 134
  Flow cover: 8
  Relax-and-lift: 8

Explored 26312 nodes (528337 simplex iterations) in 1.98 seconds (4.63 work units)
Thread count was 8 (of 8 available processors)

Solution count 10: 112657 112697 112902 ... 198744

Optimal solution found (tolerance 1.00e-04)
Best objective 1.126565807786e+05, best bound 1.126565807786e+05, gap 0.0000%

User-callback calls 53384, time in user-callback 0.01 sec

Gurobi 12.0.3 (mac64[arm]) logging started Tue Sep 23 15:46:09 2025

Set parameter LogFile to value "Logs/Facility Location Logs/L100/phase1/scenario_generation.log"
Set parameter LogToConsole to value 0

Gurobi 12.0.3 (mac64[arm]) logging started Tue Sep 23 15:46:09 2025

Set parameter LogFile to value "Logs/Facility Location Logs/L100/phase1/scenario_generation.log"
Gurobi Optimizer version 12.0.3 build v12.0.3rc0 (mac64[arm] - Darwin 24.6.0 24G222)

CPU model: Apple M3
Thread count: 8 physical cores, 8 logical processors, using up to 8 threads

Non-default parameters:
LogToConsole  0

Optimize a model with 75 rows, 1325 columns and 2575 nonzeros
Model fingerprint: 0xfaac093c
Variable types: 1300 continuous, 25 integer (25 binary)
Coefficient statistics:
  Matrix range     [1e+00, 2e+04]
  Objective range  [8e-03, 8e+03]
  Bounds range     [0e+00, 0e+00]
  RHS range        [9e+02, 2e+04]
Found heuristic solution: objective 5523100.0000
Presolve removed 0 rows and 1 columns
Presolve time: 0.00s
Presolved: 75 rows, 1324 columns, 2574 nonzeros
Variable types: 1300 continuous, 24 integer (24 binary)

Root relaxation: objective 1.091682e+05, 150 iterations, 0.00 seconds (0.00 work units)

    Nodes    |    Current Node    |     Objective Bounds      |     Work
 Expl Unexpl |  Obj  Depth IntInf | Incumbent    BestBd   Gap | It/Node Time

     0     0 109168.233    0   23 5523100.00 109168.233  98.0%     -    0s
H    0     0                    241437.23253 109168.233  54.8%     -    0s
H    0     0                    226582.59988 109168.233  51.8%     -    0s
H    0     0                    221287.46705 109168.233  50.7%     -    0s
H    0     0                    219595.62036 109168.233  50.3%     -    0s
H    0     0                    197560.50726 109168.233  44.7%     -    0s
H    0     0                    160606.77833 109168.233  32.0%     -    0s
H    0     0                    126193.08459 113614.762  10.0%     -    0s
H    0     0                    121195.44581 113614.762  6.25%     -    0s
H    0     0                    118973.05487 113614.762  4.50%     -    0s
     0     0 113614.762    0   12 118973.055 113614.762  4.50%     -    0s
     0     0 113702.760    0   11 118973.055 113702.760  4.43%     -    0s
     0     0 114057.487    0    9 118973.055 114057.487  4.13%     -    0s
     0     0 114102.362    0    8 118973.055 114102.362  4.09%     -    0s
     0     0 114102.362    0    9 118973.055 114102.362  4.09%     -    0s
     0     0 114290.535    0   11 118973.055 114290.535  3.94%     -    0s
     0     0 114296.775    0   11 118973.055 114296.775  3.93%     -    0s
     0     0 114296.884    0   11 118973.055 114296.884  3.93%     -    0s
     0     0 114434.649    0    8 118973.055 114434.649  3.81%     -    0s
     0     0 114434.728    0    8 118973.055 114434.728  3.81%     -    0s
     0     0 114475.249    0    5 118973.055 114475.249  3.78%     -    0s
     0     0 114475.733    0    4 118973.055 114475.733  3.78%     -    0s
     0     0 114489.503    0    7 118973.055 114489.503  3.77%     -    0s
     0     0 114489.510    0    7 118973.055 114489.510  3.77%     -    0s
H    0     0                    118432.26729 114489.510  3.33%     -    0s
     0     2 114489.521    0    7 118432.267 114489.521  3.33%     -    0s
H  432   292                    118413.66032 114550.379  3.26%  21.6    0s
* 2296    29               7    118397.91348 117325.203  0.91%  27.2    0s

Cutting planes:
  Implied bound: 129
  MIR: 8
  Flow cover: 4
  Inf proof: 8
  Relax-and-lift: 7

Explored 2336 nodes (63804 simplex iterations) in 0.27 seconds (0.58 work units)
Thread count was 8 (of 8 available processors)

Solution count 10: 118398 118414 118973 ... 241437

Optimal solution found (tolerance 1.00e-04)
Best objective 1.183979134807e+05, best bound 1.183979134807e+05, gap 0.0000%

User-callback calls 5026, time in user-callback 0.00 sec

Gurobi 12.0.3 (mac64[arm]) logging started Tue Sep 23 15:46:09 2025

Set parameter LogFile to value "Logs/Facility Location Logs/L100/phase1/scenario_generation.log"
Set parameter LogToConsole to value 0

Gurobi 12.0.3 (mac64[arm]) logging started Tue Sep 23 15:46:09 2025

Set parameter LogFile to value "Logs/Facility Location Logs/L100/phase1/scenario_generation.log"
Gurobi Optimizer version 12.0.3 build v12.0.3rc0 (mac64[arm] - Darwin 24.6.0 24G222)

CPU model: Apple M3
Thread count: 8 physical cores, 8 logical processors, using up to 8 threads

Non-default parameters:
LogToConsole  0

Optimize a model with 75 rows, 1325 columns and 2575 nonzeros
Model fingerprint: 0x1efb767e
Variable types: 1300 continuous, 25 integer (25 binary)
Coefficient statistics:
  Matrix range     [1e+00, 2e+04]
  Objective range  [8e-03, 8e+03]
  Bounds range     [0e+00, 0e+00]
  RHS range        [9e+02, 2e+04]
Found heuristic solution: objective 5134150.0000
Presolve removed 0 rows and 1 columns
Presolve time: 0.00s
Presolved: 75 rows, 1324 columns, 2574 nonzeros
Variable types: 1300 continuous, 24 integer (24 binary)

Root relaxation: objective 1.011895e+05, 126 iterations, 0.00 seconds (0.00 work units)

    Nodes    |    Current Node    |     Objective Bounds      |     Work
 Expl Unexpl |  Obj  Depth IntInf | Incumbent    BestBd   Gap | It/Node Time

     0     0 101189.458    0   23 5134150.00 101189.458  98.0%     -    0s
H    0     0                    237347.95763 101189.458  57.4%     -    0s
H    0     0                    222498.24319 101189.458  54.5%     -    0s
H    0     0                    179425.27775 101189.458  43.6%     -    0s
H    0     0                    173381.28086 101189.458  41.6%     -    0s
H    0     0                    157665.00734 105914.601  32.8%     -    0s
H    0     0                    121738.68876 105914.601  13.0%     -    0s
     0     0 105914.601    0   11 121738.689 105914.601  13.0%     -    0s
H    0     0                    115036.68719 106013.938  7.84%     -    0s
H    0     0                    108540.90965 106013.938  2.33%     -    0s
H    0     0                    107821.18160 106013.938  1.68%     -    0s
     0     0 106013.938    0   10 107821.182 106013.938  1.68%     -    0s
     0     0 106470.767    0    8 107821.182 106470.767  1.25%     -    0s
     0     0 106470.767    0    8 107821.182 106470.767  1.25%     -    0s
H    0     0                    107743.63894 106470.767  1.18%     -    0s
     0     0 106523.853    0    8 107743.639 106523.853  1.13%     -    0s
     0     0 106552.792    0    9 107743.639 106552.792  1.11%     -    0s
     0     0 106552.792    0    8 107743.639 106552.792  1.11%     -    0s
     0     0 106678.590    0    6 107743.639 106678.590  0.99%     -    0s
     0     0 106733.644    0    4 107743.639 106733.644  0.94%     -    0s
     0     0 106734.178    0    5 107743.639 106734.178  0.94%     -    0s
     0     0 106734.178    0    5 107743.639 106734.178  0.94%     -    0s
     0     2 106734.178    0    5 107743.639 106734.178  0.94%     -    0s

Cutting planes:
  Implied bound: 89
  MIR: 7
  Flow cover: 8
  Relax-and-lift: 9

Explored 519 nodes (11997 simplex iterations) in 0.08 seconds (0.16 work units)
Thread count was 8 (of 8 available processors)

Solution count 10: 107744 107821 115037 ... 5.13415e+06

Optimal solution found (tolerance 1.00e-04)
Best objective 1.077436389397e+05, best bound 1.077436389397e+05, gap 0.0000%

User-callback calls 1317, time in user-callback 0.00 sec

Gurobi 12.0.3 (mac64[arm]) logging started Tue Sep 23 15:46:09 2025

Set parameter LogFile to value "Logs/Facility Location Logs/L100/phase1/scenario_generation.log"
Set parameter LogToConsole to value 0

Gurobi 12.0.3 (mac64[arm]) logging started Tue Sep 23 15:46:09 2025

Set parameter LogFile to value "Logs/Facility Location Logs/L100/phase1/scenario_generation.log"
Gurobi Optimizer version 12.0.3 build v12.0.3rc0 (mac64[arm] - Darwin 24.6.0 24G222)

CPU model: Apple M3
Thread count: 8 physical cores, 8 logical processors, using up to 8 threads

Non-default parameters:
LogToConsole  0

Optimize a model with 75 rows, 1325 columns and 2575 nonzeros
Model fingerprint: 0x691930d4
Variable types: 1300 continuous, 25 integer (25 binary)
Coefficient statistics:
  Matrix range     [1e+00, 2e+04]
  Objective range  [8e-03, 8e+03]
  Bounds range     [0e+00, 0e+00]
  RHS range        [1e+03, 9e+03]
Found heuristic solution: objective 5455700.0000
Presolve removed 0 rows and 1 columns
Presolve time: 0.00s
Presolved: 75 rows, 1324 columns, 2574 nonzeros
Variable types: 1300 continuous, 24 integer (24 binary)

Root relaxation: objective 9.110514e+04, 101 iterations, 0.00 seconds (0.00 work units)

    Nodes    |    Current Node    |     Objective Bounds      |     Work
 Expl Unexpl |  Obj  Depth IntInf | Incumbent    BestBd   Gap | It/Node Time

     0     0 91105.1354    0   24 5455700.00 91105.1354  98.3%     -    0s
H    0     0                    224048.13543 91105.1354  59.3%     -    0s
H    0     0                    194549.59616 91105.1354  53.2%     -    0s
H    0     0                    187094.20422 91105.1354  51.3%     -    0s
H    0     0                    186432.61180 91105.1354  51.1%     -    0s
H    0     0                    120624.19362 91655.3427  24.0%     -    0s
H    0     0                    109745.86300 96254.6022  12.3%     -    0s
     0     0 96254.6022    0   11 109745.863 96254.6022  12.3%     -    0s
H    0     0                    103460.30611 96371.2415  6.85%     -    0s
     0     0 96371.2415    0   11 103460.306 96371.2415  6.85%     -    0s
H    0     0                    103059.34683 96371.2415  6.49%     -    0s
     0     0 96731.8774    0    9 103059.347 96731.8774  6.14%     -    0s
H    0     0                    102723.90883 96765.8065  5.80%     -    0s
     0     0 96765.8065    0    9 102723.909 96765.8065  5.80%     -    0s
H    0     0                    102255.26549 96765.8065  5.37%     -    0s
     0     0 96944.0148    0   11 102255.265 96944.0148  5.19%     -    0s
     0     0 96957.5917    0   10 102255.265 96957.5917  5.18%     -    0s
     0     0 96960.6077    0   12 102255.265 96960.6077  5.18%     -    0s
     0     0 96960.6998    0   11 102255.265 96960.6998  5.18%     -    0s
H    0     0                    101448.49374 96960.6998  4.42%     -    0s
     0     0 97097.0596    0    3 101448.494 97097.0596  4.29%     -    0s
     0     0 97099.6422    0    4 101448.494 97099.6422  4.29%     -    0s
     0     0 97119.9233    0    4 101448.494 97119.9233  4.27%     -    0s
     0     0 97119.9233    0    4 101448.494 97119.9233  4.27%     -    0s
     0     2 97119.9233    0    4 101448.494 97119.9233  4.27%     -    0s
* 4952   718               9    101446.16041 98809.8161  2.60%  25.7    0s

Cutting planes:
  Implied bound: 227
  MIR: 12
  Flow cover: 3
  Inf proof: 17
  Relax-and-lift: 7

Explored 7912 nodes (190623 simplex iterations) in 0.71 seconds (1.67 work units)
Thread count was 8 (of 8 available processors)

Solution count 10: 101446 101448 102255 ... 187094

Optimal solution found (tolerance 1.00e-04)
Best objective 1.014461604052e+05, best bound 1.014461604052e+05, gap 0.0000%

User-callback calls 16262, time in user-callback 0.00 sec

Gurobi 12.0.3 (mac64[arm]) logging started Tue Sep 23 15:46:10 2025

Set parameter LogFile to value "Logs/Facility Location Logs/L100/phase1/scenario_generation.log"
Set parameter LogToConsole to value 0

Gurobi 12.0.3 (mac64[arm]) logging started Tue Sep 23 15:46:10 2025

Set parameter LogFile to value "Logs/Facility Location Logs/L100/phase1/scenario_generation.log"
Gurobi Optimizer version 12.0.3 build v12.0.3rc0 (mac64[arm] - Darwin 24.6.0 24G222)

CPU model: Apple M3
Thread count: 8 physical cores, 8 logical processors, using up to 8 threads

Non-default parameters:
LogToConsole  0

Optimize a model with 75 rows, 1325 columns and 2575 nonzeros
Model fingerprint: 0xfc89a6af
Variable types: 1300 continuous, 25 integer (25 binary)
Coefficient statistics:
  Matrix range     [1e+00, 2e+04]
  Objective range  [8e-03, 8e+03]
  Bounds range     [0e+00, 0e+00]
  RHS range        [6e+02, 2e+04]
Found heuristic solution: objective 4684200.0000
Presolve removed 0 rows and 1 columns
Presolve time: 0.00s
Presolved: 75 rows, 1324 columns, 2574 nonzeros
Variable types: 1300 continuous, 24 integer (24 binary)

Root relaxation: objective 1.075781e+05, 156 iterations, 0.00 seconds (0.00 work units)

    Nodes    |    Current Node    |     Objective Bounds      |     Work
 Expl Unexpl |  Obj  Depth IntInf | Incumbent    BestBd   Gap | It/Node Time

     0     0 107578.053    0   22 4684200.00 107578.053  97.7%     -    0s
H    0     0                    240736.05339 107578.053  55.3%     -    0s
H    0     0                    204128.14762 107578.053  47.3%     -    0s
H    0     0                    204099.01933 107578.053  47.3%     -    0s
H    0     0                    200265.79802 108466.141  45.8%     -    0s
H    0     0                    189277.37153 108466.141  42.7%     -    0s
H    0     0                    182835.11176 111820.674  38.8%     -    0s
     0     0 111820.674    0    8 182835.112 111820.674  38.8%     -    0s
H    0     0                    162478.67422 111891.649  31.1%     -    0s
H    0     0                    131549.61553 111891.649  14.9%     -    0s
     0     0 111891.649    0    8 131549.616 111891.649  14.9%     -    0s
     0     0 112172.040    0    8 131549.616 112172.040  14.7%     -    0s
H    0     0                    125518.82364 112176.228  10.6%     -    0s
H    0     0                    119006.84882 112176.228  5.74%     -    0s
H    0     0                    119003.63429 112344.124  5.60%     -    0s
     0     0 112344.124    0    7 119003.634 112344.124  5.60%     -    0s
H    0     0                    118242.31140 112363.100  4.97%     -    0s
     0     0 112363.100    0    6 118242.311 112363.100  4.97%     -    0s
     0     0 112367.534    0    7 118242.311 112367.534  4.97%     -    0s
     0     0 112367.535    0    7 118242.311 112367.535  4.97%     -    0s
H    0     0                    118202.95095 112367.535  4.94%     -    0s
     0     0 112469.792    0    5 118202.951 112469.792  4.85%     -    0s
H    0     0                    118157.22372 112469.792  4.81%     -    0s
     0     0 112469.942    0    2 118157.224 112469.942  4.81%     -    0s
H    0     0                    117978.45074 112523.591  4.62%     -    0s
     0     0 112523.591    0    1 117978.451 112523.591  4.62%     -    0s
     0     0 112525.482    0    2 117978.451 112525.482  4.62%     -    0s
     0     0 112525.482    0    2 117978.451 112525.482  4.62%     -    0s
H    0     0                    117697.80691 112525.482  4.39%     -    0s
     0     2 112525.505    0    2 117697.807 112525.505  4.39%     -    0s
*   14    14               3    117678.98447 112534.451  4.37%  42.0    0s
*  138   135              12    117554.98748 112537.888  4.27%  14.9    0s
* 1350    28              10    117287.93656 114769.305  2.15%  29.0    0s

Cutting planes:
  Implied bound: 128
  MIR: 10
  Flow cover: 2
  Inf proof: 4
  Relax-and-lift: 5

Explored 1498 nodes (42317 simplex iterations) in 0.17 seconds (0.36 work units)
Thread count was 8 (of 8 available processors)

Solution count 10: 117288 117555 117679 ... 182835

Optimal solution found (tolerance 1.00e-04)
Best objective 1.172879365586e+05, best bound 1.172879365586e+05, gap 0.0000%

User-callback calls 3328, time in user-callback 0.00 sec

Gurobi 12.0.3 (mac64[arm]) logging started Tue Sep 23 15:46:10 2025

Set parameter LogFile to value "Logs/Facility Location Logs/L100/phase1/scenario_generation.log"
Set parameter LogToConsole to value 0

Gurobi 12.0.3 (mac64[arm]) logging started Tue Sep 23 15:46:10 2025

Set parameter LogFile to value "Logs/Facility Location Logs/L100/phase1/scenario_generation.log"
Gurobi Optimizer version 12.0.3 build v12.0.3rc0 (mac64[arm] - Darwin 24.6.0 24G222)

CPU model: Apple M3
Thread count: 8 physical cores, 8 logical processors, using up to 8 threads

Non-default parameters:
LogToConsole  0

Optimize a model with 75 rows, 1325 columns and 2575 nonzeros
Model fingerprint: 0x5d32df06
Variable types: 1300 continuous, 25 integer (25 binary)
Coefficient statistics:
  Matrix range     [1e+00, 2e+04]
  Objective range  [8e-03, 8e+03]
  Bounds range     [0e+00, 0e+00]
  RHS range        [8e+02, 2e+04]
Found heuristic solution: objective 5133350.0000
Presolve removed 0 rows and 1 columns
Presolve time: 0.00s
Presolved: 75 rows, 1324 columns, 2574 nonzeros
Variable types: 1300 continuous, 24 integer (24 binary)

Root relaxation: objective 1.040815e+05, 175 iterations, 0.00 seconds (0.00 work units)

    Nodes    |    Current Node    |     Objective Bounds      |     Work
 Expl Unexpl |  Obj  Depth IntInf | Incumbent    BestBd   Gap | It/Node Time

     0     0 104081.520    0   23 5133350.00 104081.520  98.0%     -    0s
H    0     0                    240248.02006 104081.520  56.7%     -    0s
H    0     0                    210692.28342 104081.520  50.6%     -    0s
H    0     0                    154660.78924 104081.520  32.7%     -    0s
H    0     0                    124475.17407 108524.014  12.8%     -    0s
H    0     0                    112138.27388 108524.014  3.22%     -    0s
H    0     0                    111627.02166 108524.014  2.78%     -    0s
     0     0 108524.014    0   12 111627.022 108524.014  2.78%     -    0s
     0     0 108919.315    0   12 111627.022 108919.315  2.43%     -    0s
H    0     0                    111000.12532 108960.808  1.84%     -    0s
H    0     0                    110987.00247 108960.808  1.83%     -    0s
     0     0 108960.808    0    7 110987.002 108960.808  1.83%     -    0s
H    0     0                    110669.48626 108983.636  1.52%     -    0s
     0     0 108983.636    0    8 110669.486 108983.636  1.52%     -    0s
H    0     0                    110487.02583 108983.636  1.36%     -    0s
     0     0 109188.183    0   11 110487.026 109188.183  1.18%     -    0s
     0     0 109223.805    0   11 110487.026 109223.805  1.14%     -    0s
     0     0 109223.805    0   10 110487.026 109223.805  1.14%     -    0s
     0     0 109342.678    0    8 110487.026 109342.678  1.04%     -    0s
     0     0 109349.771    0    7 110487.026 109349.771  1.03%     -    0s
     0     0 109356.965    0    8 110487.026 109356.965  1.02%     -    0s
     0     0 109414.418    0    3 110487.026 109414.418  0.97%     -    0s
H    0     0                    110441.82035 109414.418  0.93%     -    0s
     0     0 109415.403    0    4 110441.820 109415.403  0.93%     -    0s
     0     0 109419.229    0    6 110441.820 109419.229  0.93%     -    0s
     0     0 109419.229    0    6 110441.820 109419.229  0.93%     -    0s
H    0     0                    110436.84061 109419.229  0.92%     -    0s
     0     2 109419.229    0    6 110436.841 109419.229  0.92%     -    0s

Cutting planes:
  Implied bound: 97
  MIR: 5
  Flow cover: 6
  Relax-and-lift: 8

Explored 249 nodes (5969 simplex iterations) in 0.07 seconds (0.11 work units)
Thread count was 8 (of 8 available processors)

Solution count 10: 110437 110442 110487 ... 240248

Optimal solution found (tolerance 1.00e-04)
Best objective 1.104368406139e+05, best bound 1.104368406139e+05, gap 0.0000%

User-callback calls 786, time in user-callback 0.00 sec

Gurobi 12.0.3 (mac64[arm]) logging started Tue Sep 23 15:46:10 2025

Set parameter LogFile to value "Logs/Facility Location Logs/L100/phase1/scenario_generation.log"
Set parameter LogToConsole to value 0

Gurobi 12.0.3 (mac64[arm]) logging started Tue Sep 23 15:46:10 2025

Set parameter LogFile to value "Logs/Facility Location Logs/L100/phase1/scenario_generation.log"
Gurobi Optimizer version 12.0.3 build v12.0.3rc0 (mac64[arm] - Darwin 24.6.0 24G222)

CPU model: Apple M3
Thread count: 8 physical cores, 8 logical processors, using up to 8 threads

Non-default parameters:
LogToConsole  0

Optimize a model with 75 rows, 1325 columns and 2575 nonzeros
Model fingerprint: 0xa87f175e
Variable types: 1300 continuous, 25 integer (25 binary)
Coefficient statistics:
  Matrix range     [1e+00, 2e+04]
  Objective range  [8e-03, 8e+03]
  Bounds range     [0e+00, 0e+00]
  RHS range        [1e+03, 3e+04]
Found heuristic solution: objective 5721600.0000
Presolve removed 0 rows and 1 columns
Presolve time: 0.00s
Presolved: 75 rows, 1324 columns, 2574 nonzeros
Variable types: 1300 continuous, 24 integer (24 binary)

Root relaxation: objective 1.265393e+05, 114 iterations, 0.00 seconds (0.00 work units)

    Nodes    |    Current Node    |     Objective Bounds      |     Work
 Expl Unexpl |  Obj  Depth IntInf | Incumbent    BestBd   Gap | It/Node Time

     0     0 126539.307    0   22 5721600.00 126539.307  97.8%     -    0s
H    0     0                    256823.30716 126539.307  50.7%     -    0s
H    0     0                    212506.94138 126539.307  40.5%     -    0s
H    0     0                    198154.67258 126539.307  36.1%     -    0s
H    0     0                    195255.59918 126539.307  35.2%     -    0s
H    0     0                    181472.03089 126539.307  30.3%     -    0s
H    0     0                    175874.22704 131512.133  25.2%     -    0s
H    0     0                    141269.96795 131512.133  6.91%     -    0s
     0     0 131512.133    0   12 141269.968 131512.133  6.91%     -    0s
H    0     0                    135525.09363 131578.111  2.91%     -    0s
     0     0 131849.542    0   12 135525.094 131849.542  2.71%     -    0s
H    0     0                    135497.53284 131849.542  2.69%     -    0s
H    0     0                    135487.24648 131916.706  2.64%     -    0s
     0     0 131916.706    0   11 135487.246 131916.706  2.64%     -    0s
H    0     0                    135428.35656 131972.367  2.55%     -    0s
H    0     0                    135370.86118 131972.367  2.51%     -    0s
     0     0 131972.367    0   12 135370.861 131972.367  2.51%     -    0s
     0     0 131972.367    0   11 135370.861 131972.367  2.51%     -    0s
H    0     0                    135261.40210 131972.367  2.43%     -    0s
     0     0 132170.725    0    8 135261.402 132170.725  2.28%     -    0s
H    0     0                    135192.04784 132200.882  2.21%     -    0s
     0     0 132200.882    0   10 135192.048 132200.882  2.21%     -    0s
     0     0 132363.988    0    7 135192.048 132363.988  2.09%     -    0s
     0     0 132365.548    0    8 135192.048 132365.548  2.09%     -    0s
     0     0 132430.171    0    6 135192.048 132430.171  2.04%     -    0s
H    0     0                    134808.50344 132430.171  1.76%     -    0s
     0     0 132436.905    0    8 134808.503 132436.905  1.76%     -    0s
     0     0 132436.967    0    8 134808.503 132436.967  1.76%     -    0s
H    0     0                    134804.45478 132436.967  1.76%     -    0s
     0     2 132436.968    0    8 134804.455 132436.968  1.76%     -    0s

Cutting planes:
  Implied bound: 170
  MIR: 8
  Flow cover: 6
  Relax-and-lift: 11

Explored 5579 nodes (118384 simplex iterations) in 0.44 seconds (0.98 work units)
Thread count was 8 (of 8 available processors)

Solution count 10: 134804 134809 135192 ... 195256

Optimal solution found (tolerance 1.00e-04)
Best objective 1.348044547762e+05, best bound 1.348044547762e+05, gap 0.0000%

User-callback calls 11533, time in user-callback 0.00 sec

Gurobi 12.0.3 (mac64[arm]) logging started Tue Sep 23 15:46:10 2025

Set parameter LogFile to value "Logs/Facility Location Logs/L100/phase1/scenario_generation.log"
Set parameter LogToConsole to value 0

Gurobi 12.0.3 (mac64[arm]) logging started Tue Sep 23 15:46:10 2025

Set parameter LogFile to value "Logs/Facility Location Logs/L100/phase1/scenario_generation.log"
Gurobi Optimizer version 12.0.3 build v12.0.3rc0 (mac64[arm] - Darwin 24.6.0 24G222)

CPU model: Apple M3
Thread count: 8 physical cores, 8 logical processors, using up to 8 threads

Non-default parameters:
LogToConsole  0

Optimize a model with 75 rows, 1325 columns and 2575 nonzeros
Model fingerprint: 0x6db05619
Variable types: 1300 continuous, 25 integer (25 binary)
Coefficient statistics:
  Matrix range     [1e+00, 2e+04]
  Objective range  [8e-03, 8e+03]
  Bounds range     [0e+00, 0e+00]
  RHS range        [1e+03, 9e+03]
Found heuristic solution: objective 5589700.0000
Presolve removed 0 rows and 1 columns
Presolve time: 0.00s
Presolved: 75 rows, 1324 columns, 2574 nonzeros
Variable types: 1300 continuous, 24 integer (24 binary)

Root relaxation: objective 9.222357e+04, 124 iterations, 0.00 seconds (0.00 work units)

    Nodes    |    Current Node    |     Objective Bounds      |     Work
 Expl Unexpl |  Obj  Depth IntInf | Incumbent    BestBd   Gap | It/Node Time

     0     0 92223.5728    0   24 5589700.00 92223.5728  98.4%     -    0s
H    0     0                    223826.57277 92223.5728  58.8%     -    0s
H    0     0                    195033.81627 92223.5728  52.7%     -    0s
H    0     0                    181011.78734 92223.5728  49.1%     -    0s
H    0     0                    180416.09390 92223.5728  48.9%     -    0s
H    0     0                    112774.71158 92223.5728  18.2%     -    0s
H    0     0                    108942.30318 97120.3030  10.9%     -    0s
H    0     0                    102823.00646 97120.3030  5.55%     -    0s
     0     0 97120.3030    0   13 102823.006 97120.3030  5.55%     -    0s
H    0     0                    102483.21217 97147.9169  5.21%     -    0s
H    0     0                    102191.77416 97147.9169  4.94%     -    0s
     0     0 97147.9169    0   13 102191.774 97147.9169  4.94%     -    0s
     0     0 97147.9169    0   14 102191.774 97147.9169  4.94%     -    0s
     0     0 97689.4204    0   11 102191.774 97689.4204  4.41%     -    0s
H    0     0                    101879.84708 97743.1139  4.06%     -    0s
     0     0 97743.1139    0   12 101879.847 97743.1139  4.06%     -    0s
     0     0 97898.4540    0   14 101879.847 97898.4540  3.91%     -    0s
     0     0 98033.2582    0   14 101879.847 98033.2582  3.78%     -    0s
     0     0 98033.9348    0   15 101879.847 98033.9348  3.77%     -    0s
     0     0 98171.7979    0   11 101879.847 98171.7979  3.64%     -    0s
     0     0 98184.3097    0   10 101879.847 98184.3097  3.63%     -    0s
     0     0 98184.3097    0   10 101879.847 98184.3097  3.63%     -    0s
     0     0 98232.0224    0    7 101879.847 98232.0224  3.58%     -    0s
     0     0 98247.5902    0   10 101879.847 98247.5902  3.57%     -    0s
     0     0 98249.4097    0   10 101879.847 98249.4097  3.56%     -    0s
     0     2 98249.4097    0   10 101879.847 98249.4097  3.56%     -    0s
H  409   325                    101707.97072 98292.0699  3.36%  26.7    0s
*  521   350              11    101680.99868 98344.6971  3.28%  27.0    0s
H  570   351                    101639.66000 98363.8149  3.22%  27.1    0s

Cutting planes:
  Implied bound: 142
  MIR: 16
  Flow cover: 4
  Inf proof: 13
  Relax-and-lift: 12

Explored 3116 nodes (85133 simplex iterations) in 0.31 seconds (0.70 work units)
Thread count was 8 (of 8 available processors)

Solution count 10: 101640 101681 101708 ... 181012

Optimal solution found (tolerance 1.00e-04)
Best objective 1.016396599958e+05, best bound 1.016396599958e+05, gap 0.0000%

User-callback calls 6596, time in user-callback 0.00 sec

Gurobi 12.0.3 (mac64[arm]) logging started Tue Sep 23 15:46:11 2025

Set parameter LogFile to value "Logs/Facility Location Logs/L100/phase1/scenario_generation.log"
Set parameter LogToConsole to value 0

Gurobi 12.0.3 (mac64[arm]) logging started Tue Sep 23 15:46:11 2025

Set parameter LogFile to value "Logs/Facility Location Logs/L100/phase1/scenario_generation.log"
Gurobi Optimizer version 12.0.3 build v12.0.3rc0 (mac64[arm] - Darwin 24.6.0 24G222)

CPU model: Apple M3
Thread count: 8 physical cores, 8 logical processors, using up to 8 threads

Non-default parameters:
LogToConsole  0

Optimize a model with 75 rows, 1325 columns and 2575 nonzeros
Model fingerprint: 0x93882ae9
Variable types: 1300 continuous, 25 integer (25 binary)
Coefficient statistics:
  Matrix range     [1e+00, 2e+04]
  Objective range  [8e-03, 8e+03]
  Bounds range     [0e+00, 0e+00]
  RHS range        [8e+02, 1e+04]
Found heuristic solution: objective 4542350.0000
Presolve removed 0 rows and 1 columns
Presolve time: 0.00s
Presolved: 75 rows, 1324 columns, 2574 nonzeros
Variable types: 1300 continuous, 24 integer (24 binary)

Root relaxation: objective 8.182500e+04, 150 iterations, 0.00 seconds (0.00 work units)

    Nodes    |    Current Node    |     Objective Bounds      |     Work
 Expl Unexpl |  Obj  Depth IntInf | Incumbent    BestBd   Gap | It/Node Time

     0     0 81824.9961    0   24 4542350.00 81824.9961  98.2%     -    0s
H    0     0                    223901.49610 81824.9961  63.5%     -    0s
H    0     0                    201699.40124 81824.9961  59.4%     -    0s
H    0     0                    185269.37106 81824.9961  55.8%     -    0s
H    0     0                    178002.68368 81824.9961  54.0%     -    0s
H    0     0                    170710.63533 81824.9961  52.1%     -    0s
H    0     0                    151868.77271 82846.5956  45.4%     -    0s
H    0     0                    145069.47471 82846.5956  42.9%     -    0s
H    0     0                    143359.13189 86299.7837  39.8%     -    0s
H    0     0                    108064.38138 86299.7837  20.1%     -    0s
     0     0 86299.7837    0   13 108064.381 86299.7837  20.1%     -    0s
     0     0 86430.8527    0   13 108064.381 86430.8527  20.0%     -    0s
H    0     0                    107500.32622 86430.8527  19.6%     -    0s
     0     0 86840.1255    0   10 107500.326 86840.1255  19.2%     -    0s
H    0     0                    103212.86381 86876.6526  15.8%     -    0s
H    0     0                    95910.880612 86876.6526  9.42%     -    0s
H    0     0                    95886.238582 86876.6526  9.40%     -    0s
H    0     0                    94228.195954 86876.6526  7.80%     -    0s
     0     0 86876.6526    0   10 94228.1960 86876.6526  7.80%     -    0s
     0     0 87082.8577    0   12 94228.1960 87082.8577  7.58%     -    0s
     0     0 87117.3551    0   11 94228.1960 87117.3551  7.55%     -    0s
     0     0 87117.8930    0   11 94228.1960 87117.8930  7.55%     -    0s
     0     0 87307.9173    0    6 94228.1960 87307.9173  7.34%     -    0s
H    0     0                    94139.985251 87307.9173  7.26%     -    0s
     0     0 87316.4046    0    6 94139.9853 87316.4046  7.25%     -    0s
     0     0 87368.7518    0    5 94139.9853 87368.7518  7.19%     -    0s
     0     0 87371.8228    0    5 94139.9853 87371.8228  7.19%     -    0s
     0     0 87371.8228    0    5 94139.9853 87371.8228  7.19%     -    0s
H    0     0                    94087.714005 87371.8366  7.14%     -    0s
     0     2 87371.8366    0    5 94087.7140 87371.8366  7.14%     -    0s
H   31    64                    94011.261100 87415.7280  7.02%  20.4    0s
H  229   209                    93483.488664 87446.5487  6.46%  17.6    0s
*  237   209               8    93454.051742 87446.5487  6.43%  18.6    0s
* 2844  1107               7    93435.631671 87838.0006  5.99%  19.7    0s
* 3591   980               8    93394.385395 88472.6075  5.27%  22.8    0s

Cutting planes:
  Implied bound: 169
  MIR: 12
  Flow cover: 2
  Inf proof: 6
  Relax-and-lift: 5

Explored 5883 nodes (144874 simplex iterations) in 0.46 seconds (1.03 work units)
Thread count was 8 (of 8 available processors)

Solution count 10: 93394.4 93435.6 93454.1 ... 143359

Optimal solution found (tolerance 1.00e-04)
Best objective 9.339438539531e+04, best bound 9.339438539531e+04, gap 0.0000%

User-callback calls 12170, time in user-callback 0.00 sec

Gurobi 12.0.3 (mac64[arm]) logging started Tue Sep 23 15:46:11 2025

Set parameter LogFile to value "Logs/Facility Location Logs/L100/phase1/scenario_generation.log"
Set parameter LogToConsole to value 0

Gurobi 12.0.3 (mac64[arm]) logging started Tue Sep 23 15:46:11 2025

Set parameter LogFile to value "Logs/Facility Location Logs/L100/phase1/scenario_generation.log"
Gurobi Optimizer version 12.0.3 build v12.0.3rc0 (mac64[arm] - Darwin 24.6.0 24G222)

CPU model: Apple M3
Thread count: 8 physical cores, 8 logical processors, using up to 8 threads

Non-default parameters:
LogToConsole  0

Optimize a model with 75 rows, 1325 columns and 2575 nonzeros
Model fingerprint: 0xd9b3c855
Variable types: 1300 continuous, 25 integer (25 binary)
Coefficient statistics:
  Matrix range     [1e+00, 2e+04]
  Objective range  [8e-03, 8e+03]
  Bounds range     [0e+00, 0e+00]
  RHS range        [1e+03, 1e+04]
Found heuristic solution: objective 5973550.0000
Presolve removed 0 rows and 1 columns
Presolve time: 0.00s
Presolved: 75 rows, 1324 columns, 2574 nonzeros
Variable types: 1300 continuous, 24 integer (24 binary)

Root relaxation: objective 1.004596e+05, 135 iterations, 0.00 seconds (0.00 work units)

    Nodes    |    Current Node    |     Objective Bounds      |     Work
 Expl Unexpl |  Obj  Depth IntInf | Incumbent    BestBd   Gap | It/Node Time

     0     0 100459.591    0   24 5973550.00 100459.591  98.3%     -    0s
H    0     0                    228224.09095 100459.591  56.0%     -    0s
H    0     0                    206226.98121 100459.591  51.3%     -    0s
H    0     0                    192548.66282 100459.591  47.8%     -    0s
H    0     0                    184831.09167 100459.591  45.6%     -    0s
H    0     0                    148303.75599 105169.307  29.1%     -    0s
H    0     0                    113261.72351 105169.307  7.14%     -    0s
H    0     0                    106524.61970 105169.307  1.27%     -    0s
     0     0 105169.307    0   12 106524.620 105169.307  1.27%     -    0s
     0     0 105267.684    0   12 106524.620 105267.684  1.18%     -    0s
     0     0 105754.136    0    9 106524.620 105754.136  0.72%     -    0s
     0     0 105791.920    0    9 106524.620 105791.920  0.69%     -    0s
     0     0 105963.862    0   15 106524.620 105963.862  0.53%     -    0s
H    0     0                    106482.47952 105987.526  0.46%     -    0s
     0     0 105987.526    0    9 106482.480 105987.526  0.46%     -    0s
     0     0 106119.548    0    9 106482.480 106119.548  0.34%     -    0s
     0     0 106125.591    0    7 106482.480 106125.591  0.34%     -    0s
     0     0 106125.596    0    6 106482.480 106125.596  0.34%     -    0s
     0     0 106167.311    0    7 106482.480 106167.311  0.30%     -    0s
     0     0 106169.545    0    5 106482.480 106169.545  0.29%     -    0s
     0     0 106170.975    0    7 106482.480 106170.975  0.29%     -    0s
     0     0 106170.975    0    7 106482.480 106170.975  0.29%     -    0s
     0     0 106170.979    0   17 106482.480 106170.979  0.29%     -    0s
     0     0 106170.979    0   12 106482.480 106170.979  0.29%     -    0s
     0     0 106170.979    0   10 106482.480 106170.979  0.29%     -    0s
     0     0 106170.979    0   12 106482.480 106170.979  0.29%     -    0s
     0     0 106170.979    0   11 106482.480 106170.979  0.29%     -    0s
     0     0 106170.979    0    6 106482.480 106170.979  0.29%     -    0s
     0     0 106170.979    0    7 106482.480 106170.979  0.29%     -    0s
     0     0 106170.979    0    8 106482.480 106170.979  0.29%     -    0s
     0     0 106170.979    0    8 106482.480 106170.979  0.29%     -    0s
     0     0 106170.979    0    7 106482.480 106170.979  0.29%     -    0s
     0     0 106172.233    0    8 106482.480 106172.233  0.29%     -    0s
     0     0 106174.156    0    8 106482.480 106174.156  0.29%     -    0s
     0     0 106174.156    0    8 106482.480 106174.156  0.29%     -    0s
     0     2 106174.156    0    8 106482.480 106174.156  0.29%     -    0s
*   51    39               6    106452.13020 106234.674  0.20%  19.3    0s

Cutting planes:
  Implied bound: 82
  MIR: 17
  Flow cover: 7
  Relax-and-lift: 13

Explored 210 nodes (4423 simplex iterations) in 0.09 seconds (0.13 work units)
Thread count was 8 (of 8 available processors)

Solution count 10: 106452 106482 106525 ... 5.97355e+06

Optimal solution found (tolerance 1.00e-04)
Best objective 1.064521301974e+05, best bound 1.064521301974e+05, gap 0.0000%

User-callback calls 768, time in user-callback 0.00 sec

Gurobi 12.0.3 (mac64[arm]) logging started Tue Sep 23 15:46:11 2025

Set parameter LogFile to value "Logs/Facility Location Logs/L100/phase1/scenario_generation.log"
Set parameter LogToConsole to value 0

Gurobi 12.0.3 (mac64[arm]) logging started Tue Sep 23 15:46:11 2025

Set parameter LogFile to value "Logs/Facility Location Logs/L100/phase1/scenario_generation.log"
Gurobi Optimizer version 12.0.3 build v12.0.3rc0 (mac64[arm] - Darwin 24.6.0 24G222)

CPU model: Apple M3
Thread count: 8 physical cores, 8 logical processors, using up to 8 threads

Non-default parameters:
LogToConsole  0

Optimize a model with 75 rows, 1325 columns and 2575 nonzeros
Model fingerprint: 0xd4b033b1
Variable types: 1300 continuous, 25 integer (25 binary)
Coefficient statistics:
  Matrix range     [1e+00, 2e+04]
  Objective range  [8e-03, 8e+03]
  Bounds range     [0e+00, 0e+00]
  RHS range        [1e+03, 2e+04]
Found heuristic solution: objective 6332700.0000
Presolve removed 0 rows and 1 columns
Presolve time: 0.00s
Presolved: 75 rows, 1324 columns, 2574 nonzeros
Variable types: 1300 continuous, 24 integer (24 binary)

Root relaxation: objective 1.145905e+05, 168 iterations, 0.00 seconds (0.00 work units)

    Nodes    |    Current Node    |     Objective Bounds      |     Work
 Expl Unexpl |  Obj  Depth IntInf | Incumbent    BestBd   Gap | It/Node Time

     0     0 114590.494    0   23 6332700.00 114590.494  98.2%     -    0s
H    0     0                    238763.49445 114590.494  52.0%     -    0s
H    0     0                    216836.97914 114590.494  47.2%     -    0s
H    0     0                    202109.86712 114590.494  43.3%     -    0s
H    0     0                    174247.94479 114590.494  34.2%     -    0s
H    0     0                    152078.50988 119438.979  21.5%     -    0s
     0     0 119438.979    0    9 152078.510 119438.979  21.5%     -    0s
H    0     0                    127324.76153 119479.350  6.16%     -    0s
H    0     0                    125282.40646 119479.350  4.63%     -    0s
     0     0 119479.350    0   10 125282.406 119479.350  4.63%     -    0s
H    0     0                    124485.54562 119479.350  4.02%     -    0s
     0     0 120018.441    0    8 124485.546 120018.441  3.59%     -    0s
H    0     0                    124342.78354 120018.441  3.48%     -    0s
     0     0 120018.441    0    8 124342.784 120018.441  3.48%     -    0s
     0     0 120106.370    0   13 124342.784 120106.370  3.41%     -    0s
     0     0 120110.335    0   13 124342.784 120110.335  3.40%     -    0s
     0     0 120196.391    0    9 124342.784 120196.391  3.33%     -    0s
     0     0 120200.401    0    5 124342.784 120200.401  3.33%     -    0s
     0     0 120200.484    0    4 124342.784 120200.484  3.33%     -    0s
H    0     0                    123804.69295 120212.200  2.90%     -    0s
     0     0 120212.200    0    6 123804.693 120212.200  2.90%     -    0s
     0     0 120215.318    0    7 123804.693 120215.318  2.90%     -    0s
     0     0 120215.318    0    7 123804.693 120215.318  2.90%     -    0s
     0     2 120215.338    0    7 123804.693 120215.338  2.90%     -    0s
H  469   318                    123771.40796 120368.942  2.75%  21.3    0s
H  771   444                    123714.62178 120465.977  2.63%  21.5    0s

Cutting planes:
  Implied bound: 145
  MIR: 11
  Flow cover: 6
  Inf proof: 14
  Relax-and-lift: 12

Explored 4745 nodes (114370 simplex iterations) in 0.43 seconds (0.99 work units)
Thread count was 8 (of 8 available processors)

Solution count 10: 123715 123771 123805 ... 202110

Optimal solution found (tolerance 1.00e-04)
Best objective 1.237146217809e+05, best bound 1.237146217809e+05, gap 0.0000%

User-callback calls 9876, time in user-callback 0.00 sec

Gurobi 12.0.3 (mac64[arm]) logging started Tue Sep 23 15:46:12 2025

Set parameter LogFile to value "Logs/Facility Location Logs/L100/phase1/scenario_generation.log"
Set parameter LogToConsole to value 0

Gurobi 12.0.3 (mac64[arm]) logging started Tue Sep 23 15:46:12 2025

Set parameter LogFile to value "Logs/Facility Location Logs/L100/phase1/scenario_generation.log"
Gurobi Optimizer version 12.0.3 build v12.0.3rc0 (mac64[arm] - Darwin 24.6.0 24G222)

CPU model: Apple M3
Thread count: 8 physical cores, 8 logical processors, using up to 8 threads

Non-default parameters:
LogToConsole  0

Optimize a model with 75 rows, 1325 columns and 2575 nonzeros
Model fingerprint: 0x82c2f26c
Variable types: 1300 continuous, 25 integer (25 binary)
Coefficient statistics:
  Matrix range     [1e+00, 2e+04]
  Objective range  [8e-03, 8e+03]
  Bounds range     [0e+00, 0e+00]
  RHS range        [7e+02, 2e+04]
Found heuristic solution: objective 4916350.0000
Presolve removed 0 rows and 1 columns
Presolve time: 0.00s
Presolved: 75 rows, 1324 columns, 2574 nonzeros
Variable types: 1300 continuous, 24 integer (24 binary)

Root relaxation: objective 1.126913e+05, 133 iterations, 0.00 seconds (0.00 work units)

    Nodes    |    Current Node    |     Objective Bounds      |     Work
 Expl Unexpl |  Obj  Depth IntInf | Incumbent    BestBd   Gap | It/Node Time

     0     0 112691.323    0   22 4916350.00 112691.323  97.7%     -    0s
H    0     0                    243527.82310 112691.323  53.7%     -    0s
H    0     0                    221370.18408 112691.323  49.1%     -    0s
H    0     0                    214910.50080 112691.323  47.6%     -    0s
H    0     0                    175642.84775 112691.323  35.8%     -    0s
     0     0 117032.017    0   10 175642.848 117032.017  33.4%     -    0s
H    0     0                    170917.76803 117068.015  31.5%     -    0s
H    0     0                    135060.10512 117068.015  13.3%     -    0s
     0     0 117068.015    0   10 135060.105 117068.015  13.3%     -    0s
H    0     0                    128546.76389 117068.015  8.93%     -    0s
H    0     0                    122292.28996 117068.015  4.27%     -    0s
H    0     0                    121537.76498 117452.995  3.36%     -    0s
     0     0 117452.995    0    7 121537.765 117452.995  3.36%     -    0s
H    0     0                    121154.67454 117607.582  2.93%     -    0s
     0     0 117607.582    0    6 121154.675 117607.582  2.93%     -    0s
H    0     0                    120880.99896 117623.960  2.69%     -    0s
     0     0 117623.960    0    6 120880.999 117623.960  2.69%     -    0s
     0     0 117734.231    0    5 120880.999 117734.231  2.60%     -    0s
     0     0 117741.558    0    4 120880.999 117741.558  2.60%     -    0s
     0     0 117809.303    0    5 120880.999 117809.303  2.54%     -    0s
     0     0 117823.830    0    7 120880.999 117823.830  2.53%     -    0s
     0     0 117824.085    0    7 120880.999 117824.085  2.53%     -    0s
     0     2 117824.085    0    7 120880.999 117824.085  2.53%     -    0s
*   13    14               3    120755.09749 117825.885  2.43%  34.8    0s

Cutting planes:
  Implied bound: 103
  MIR: 9
  Flow cover: 1
  Relax-and-lift: 4

Explored 1631 nodes (36820 simplex iterations) in 0.18 seconds (0.36 work units)
Thread count was 8 (of 8 available processors)

Solution count 10: 120755 120881 121538 ... 243528

Optimal solution found (tolerance 1.00e-04)
Best objective 1.207550974916e+05, best bound 1.207550974916e+05, gap 0.0000%

User-callback calls 3572, time in user-callback 0.00 sec

Gurobi 12.0.3 (mac64[arm]) logging started Tue Sep 23 15:46:12 2025

Set parameter LogFile to value "Logs/Facility Location Logs/L100/phase1/scenario_generation.log"
Set parameter LogToConsole to value 0

Gurobi 12.0.3 (mac64[arm]) logging started Tue Sep 23 15:46:12 2025

Set parameter LogFile to value "Logs/Facility Location Logs/L100/phase1/scenario_generation.log"
Gurobi Optimizer version 12.0.3 build v12.0.3rc0 (mac64[arm] - Darwin 24.6.0 24G222)

CPU model: Apple M3
Thread count: 8 physical cores, 8 logical processors, using up to 8 threads

Non-default parameters:
LogToConsole  0

Optimize a model with 75 rows, 1325 columns and 2575 nonzeros
Model fingerprint: 0x73b44671
Variable types: 1300 continuous, 25 integer (25 binary)
Coefficient statistics:
  Matrix range     [1e+00, 2e+04]
  Objective range  [8e-03, 8e+03]
  Bounds range     [0e+00, 0e+00]
  RHS range        [1e+03, 1e+04]
Found heuristic solution: objective 5196900.0000
Presolve removed 0 rows and 1 columns
Presolve time: 0.00s
Presolved: 75 rows, 1324 columns, 2574 nonzeros
Variable types: 1300 continuous, 24 integer (24 binary)

Root relaxation: objective 9.566869e+04, 124 iterations, 0.00 seconds (0.00 work units)

    Nodes    |    Current Node    |     Objective Bounds      |     Work
 Expl Unexpl |  Obj  Depth IntInf | Incumbent    BestBd   Gap | It/Node Time

     0     0 95668.6890    0   24 5196900.00 95668.6890  98.2%     -    0s
H    0     0                    231199.68902 95668.6890  58.6%     -    0s
H    0     0                    209147.83635 95668.6890  54.3%     -    0s
H    0     0                    208822.76318 95668.6890  54.2%     -    0s
H    0     0                    181544.47263 96491.8845  46.8%     -    0s
H    0     0                    151226.98523 100317.490  33.7%     -    0s
H    0     0                    116089.86480 100317.490  13.6%     -    0s
H    0     0                    102209.82139 100317.490  1.85%     -    0s
     0     0 100317.490    0   10 102209.821 100317.490  1.85%     -    0s
     0     0 100401.565    0   10 102209.821 100401.565  1.77%     -    0s
     0     0 100770.106    0    8 102209.821 100770.106  1.41%     -    0s
     0     0 100823.411    0    8 102209.821 100823.411  1.36%     -    0s
H    0     0                    101733.96025 100823.411  0.90%     -    0s
H    0     0                    101640.08399 100943.530  0.69%     -    0s
     0     0 100943.530    0    8 101640.084 100943.530  0.69%     -    0s
     0     0 100982.224    0    7 101640.084 100982.224  0.65%     -    0s
     0     0 101127.309    0    5 101640.084 101127.309  0.50%     -    0s
     0     0 101131.344    0    4 101640.084 101131.344  0.50%     -    0s
     0     0 101188.710    0    1 101640.084 101188.710  0.44%     -    0s
     0     0 101188.748    0    1 101640.084 101188.748  0.44%     -    0s
     0     0 101189.231    0    1 101640.084 101189.231  0.44%     -    0s
     0     0 101189.231    0    1 101640.084 101189.231  0.44%     -    0s
     0     2 101189.231    0    1 101640.084 101189.231  0.44%     -    0s

Cutting planes:
  Implied bound: 94
  MIR: 7
  Flow cover: 1
  Relax-and-lift: 3

Explored 126 nodes (2798 simplex iterations) in 0.05 seconds (0.08 work units)
Thread count was 8 (of 8 available processors)

Solution count 8: 101640 102210 116090 ... 5.1969e+06

Optimal solution found (tolerance 1.00e-04)
Best objective 1.016400839908e+05, best bound 1.016400839908e+05, gap 0.0000%

User-callback calls 521, time in user-callback 0.00 sec

Gurobi 12.0.3 (mac64[arm]) logging started Tue Sep 23 15:46:12 2025

Set parameter LogFile to value "Logs/Facility Location Logs/L100/phase1/scenario_generation.log"
Set parameter LogToConsole to value 0

Gurobi 12.0.3 (mac64[arm]) logging started Tue Sep 23 15:46:12 2025

Set parameter LogFile to value "Logs/Facility Location Logs/L100/phase1/scenario_generation.log"
Gurobi Optimizer version 12.0.3 build v12.0.3rc0 (mac64[arm] - Darwin 24.6.0 24G222)

CPU model: Apple M3
Thread count: 8 physical cores, 8 logical processors, using up to 8 threads

Non-default parameters:
LogToConsole  0

Optimize a model with 75 rows, 1325 columns and 2575 nonzeros
Model fingerprint: 0xd2399588
Variable types: 1300 continuous, 25 integer (25 binary)
Coefficient statistics:
  Matrix range     [1e+00, 2e+04]
  Objective range  [8e-03, 8e+03]
  Bounds range     [0e+00, 0e+00]
  RHS range        [1e+03, 9e+03]
Found heuristic solution: objective 5174900.0000
Presolve removed 0 rows and 1 columns
Presolve time: 0.00s
Presolved: 75 rows, 1324 columns, 2574 nonzeros
Variable types: 1300 continuous, 24 integer (24 binary)

Root relaxation: objective 8.653523e+04, 146 iterations, 0.00 seconds (0.00 work units)

    Nodes    |    Current Node    |     Objective Bounds      |     Work
 Expl Unexpl |  Obj  Depth IntInf | Incumbent    BestBd   Gap | It/Node Time

     0     0 86535.2314    0   24 5174900.00 86535.2314  98.3%     -    0s
H    0     0                    222286.23143 86535.2314  61.1%     -    0s
H    0     0                    200151.83292 86535.2314  56.8%     -    0s
H    0     0                    186409.29047 86535.2314  53.6%     -    0s
H    0     0                    185845.65442 86535.2314  53.4%     -    0s
H    0     0                    182508.88203 86535.2314  52.6%     -    0s
H    0     0                    147766.14070 91336.1224  38.2%     -    0s
     0     0 91336.1224    0   11 147766.141 91336.1224  38.2%     -    0s
H    0     0                    141899.54029 91498.2882  35.5%     -    0s
H    0     0                    106920.90250 91498.2882  14.4%     -    0s
H    0     0                    94211.191040 91498.2882  2.88%     -    0s
     0     0 91498.2882    0   11 94211.1910 91498.2882  2.88%     -    0s
H    0     0                    93236.451962 91850.0074  1.49%     -    0s
     0     0 91850.0074    0    9 93236.4520 91850.0074  1.49%     -    0s
     0     0 91903.6273    0   10 93236.4520 91903.6273  1.43%     -    0s
     0     0 91903.6273    0   10 93236.4520 91903.6273  1.43%     -    0s
H    0     0                    93113.114787 92084.9585  1.10%     -    0s
     0     0 92084.9585    0    8 93113.1148 92084.9585  1.10%     -    0s
H    0     0                    93001.871657 92121.2248  0.95%     -    0s
     0     0 92121.2248    0    7 93001.8717 92121.2248  0.95%     -    0s
H    0     0                    92960.838705 92121.2248  0.90%     -    0s
     0     0 92234.8840    0    7 92960.8387 92234.8840  0.78%     -    0s
     0     0 92240.0569    0    6 92960.8387 92240.0569  0.78%     -    0s
     0     0 92243.7418    0    6 92960.8387 92243.7418  0.77%     -    0s
     0     0 92243.9826    0    6 92960.8387 92243.9826  0.77%     -    0s
     0     0 92283.2133    0    3 92960.8387 92283.2133  0.73%     -    0s
H    0     0                    92922.292060 92283.2133  0.69%     -    0s
     0     0 92283.6499    0    4 92922.2921 92283.6499  0.69%     -    0s
     0     0 92283.6499    0    4 92922.2921 92283.6499  0.69%     -    0s
H    0     0                    92908.189473 92283.6499  0.67%     -    0s
     0     2 92283.6499    0    4 92908.1895 92283.6499  0.67%     -    0s

Cutting planes:
  Implied bound: 94
  MIR: 7
  Flow cover: 1
  Relax-and-lift: 4

Explored 239 nodes (6101 simplex iterations) in 0.07 seconds (0.10 work units)
Thread count was 8 (of 8 available processors)

Solution count 10: 92908.2 92922.3 92960.8 ... 182509

Optimal solution found (tolerance 1.00e-04)
Best objective 9.290818947281e+04, best bound 9.290818947281e+04, gap 0.0000%

User-callback calls 771, time in user-callback 0.00 sec

Gurobi 12.0.3 (mac64[arm]) logging started Tue Sep 23 15:46:12 2025

Set parameter LogFile to value "Logs/Facility Location Logs/L100/phase1/scenario_generation.log"
Set parameter LogToConsole to value 0

Gurobi 12.0.3 (mac64[arm]) logging started Tue Sep 23 15:46:12 2025

Set parameter LogFile to value "Logs/Facility Location Logs/L100/phase1/scenario_generation.log"
Gurobi Optimizer version 12.0.3 build v12.0.3rc0 (mac64[arm] - Darwin 24.6.0 24G222)

CPU model: Apple M3
Thread count: 8 physical cores, 8 logical processors, using up to 8 threads

Non-default parameters:
LogToConsole  0

Optimize a model with 75 rows, 1325 columns and 2575 nonzeros
Model fingerprint: 0x6fc60efc
Variable types: 1300 continuous, 25 integer (25 binary)
Coefficient statistics:
  Matrix range     [1e+00, 2e+04]
  Objective range  [8e-03, 8e+03]
  Bounds range     [0e+00, 0e+00]
  RHS range        [8e+02, 2e+04]
Found heuristic solution: objective 5053750.0000
Presolve removed 0 rows and 1 columns
Presolve time: 0.00s
Presolved: 75 rows, 1324 columns, 2574 nonzeros
Variable types: 1300 continuous, 24 integer (24 binary)

Root relaxation: objective 1.007690e+05, 124 iterations, 0.00 seconds (0.00 work units)

    Nodes    |    Current Node    |     Objective Bounds      |     Work
 Expl Unexpl |  Obj  Depth IntInf | Incumbent    BestBd   Gap | It/Node Time

     0     0 100768.972    0   23 5053750.00 100768.972  98.0%     -    0s
H    0     0                    237731.47222 100768.972  57.6%     -    0s
H    0     0                    201108.13897 100768.972  49.9%     -    0s
H    0     0                    201107.07837 100768.972  49.9%     -    0s
H    0     0                    187152.99878 105480.417  43.6%     -    0s
H    0     0                    184122.75270 105480.417  42.7%     -    0s
     0     0 105480.417    0   11 184122.753 105480.417  42.7%     -    0s
H    0     0                    174942.91710 105585.733  39.6%     -    0s
H    0     0                    157218.74415 105585.733  32.8%     -    0s
H    0     0                    122848.15888 105585.733  14.1%     -    0s
H    0     0                    108745.85581 105585.733  2.91%     -    0s
     0     0 105585.733    0   11 108745.856 105585.733  2.91%     -    0s
H    0     0                    108598.47116 105585.733  2.77%     -    0s
     0     0 105885.638    0    8 108598.471 105885.638  2.50%     -    0s
     0     0 106107.203    0    7 108598.471 106107.203  2.29%     -    0s
     0     0 106125.391    0    6 108598.471 106125.391  2.28%     -    0s
     0     0 106250.522    0    5 108598.471 106250.522  2.16%     -    0s
H    0     0                    108269.59761 106252.084  1.86%     -    0s
     0     0 106252.084    0    5 108269.598 106252.084  1.86%     -    0s
     0     0 106323.053    0    3 108269.598 106323.053  1.80%     -    0s
H    0     0                    108048.41388 106323.053  1.60%     -    0s
     0     0 106333.179    0    5 108048.414 106333.179  1.59%     -    0s
     0     0 106333.833    0    5 108048.414 106333.833  1.59%     -    0s
     0     2 106333.842    0    5 108048.414 106333.842  1.59%     -    0s
*  304   140               6    108038.81637 106487.673  1.44%  18.7    0s

Cutting planes:
  Implied bound: 96
  MIR: 6
  Flow cover: 2
  Relax-and-lift: 4

Explored 783 nodes (17268 simplex iterations) in 0.12 seconds (0.23 work units)
Thread count was 8 (of 8 available processors)

Solution count 10: 108039 108048 108270 ... 201107

Optimal solution found (tolerance 1.00e-04)
Best objective 1.080388163702e+05, best bound 1.080388163702e+05, gap 0.0000%

User-callback calls 1860, time in user-callback 0.00 sec

Gurobi 12.0.3 (mac64[arm]) logging started Tue Sep 23 15:46:12 2025

Set parameter LogFile to value "Logs/Facility Location Logs/L100/phase1/scenario_generation.log"
Set parameter LogToConsole to value 0

Gurobi 12.0.3 (mac64[arm]) logging started Tue Sep 23 15:46:12 2025

Set parameter LogFile to value "Logs/Facility Location Logs/L100/phase1/scenario_generation.log"
Gurobi Optimizer version 12.0.3 build v12.0.3rc0 (mac64[arm] - Darwin 24.6.0 24G222)

CPU model: Apple M3
Thread count: 8 physical cores, 8 logical processors, using up to 8 threads

Non-default parameters:
LogToConsole  0

Optimize a model with 75 rows, 1325 columns and 2575 nonzeros
Model fingerprint: 0x7fe678c2
Variable types: 1300 continuous, 25 integer (25 binary)
Coefficient statistics:
  Matrix range     [1e+00, 2e+04]
  Objective range  [8e-03, 8e+03]
  Bounds range     [0e+00, 0e+00]
  RHS range        [1e+03, 2e+04]
Found heuristic solution: objective 6559600.0000
Presolve removed 0 rows and 1 columns
Presolve time: 0.00s
Presolved: 75 rows, 1324 columns, 2574 nonzeros
Variable types: 1300 continuous, 24 integer (24 binary)

Root relaxation: objective 1.200263e+05, 128 iterations, 0.00 seconds (0.00 work units)

    Nodes    |    Current Node    |     Objective Bounds      |     Work
 Expl Unexpl |  Obj  Depth IntInf | Incumbent    BestBd   Gap | It/Node Time

     0     0 120026.335    0   23 6559600.00 120026.335  98.2%     -    0s
H    0     0                    241930.33451 120026.335  50.4%     -    0s
H    0     0                    234745.82132 120026.335  48.9%     -    0s
H    0     0                    227451.21323 120026.335  47.2%     -    0s
H    0     0                    220071.27607 120026.335  45.5%     -    0s
H    0     0                    217546.85340 120026.335  44.8%     -    0s
H    0     0                    198120.07427 120026.335  39.4%     -    0s
H    0     0                    161634.21395 120026.335  25.7%     -    0s
H    0     0                    136236.52621 124434.647  8.66%     -    0s
     0     0 124434.647    0   11 136236.526 124434.647  8.66%     -    0s
H    0     0                    136182.62416 124526.967  8.56%     -    0s
     0     0 124526.967    0   10 136182.624 124526.967  8.56%     -    0s
H    0     0                    128417.96251 124526.967  3.03%     -    0s
H    0     0                    127544.44811 124526.967  2.37%     -    0s
     0     0 124911.037    0   11 127544.448 124911.037  2.06%     -    0s
H    0     0                    127319.64050 124971.051  1.84%     -    0s
     0     0 124971.051    0   11 127319.640 124971.051  1.84%     -    0s
     0     0 124972.018    0   10 127319.640 124972.018  1.84%     -    0s
     0     0 125120.727    0   13 127319.640 125120.727  1.73%     -    0s
H    0     0                    127080.21315 125130.268  1.53%     -    0s
     0     0 125130.268    0   13 127080.213 125130.268  1.53%     -    0s
     0     0 125130.840    0   13 127080.213 125130.840  1.53%     -    0s
     0     0 125219.752    0   10 127080.213 125219.752  1.46%     -    0s
H    0     0                    126769.38743 125219.752  1.22%     -    0s
     0     0 125226.987    0   10 126769.387 125226.987  1.22%     -    0s
     0     0 125236.520    0    8 126769.387 125236.520  1.21%     -    0s
     0     0 125254.248    0    5 126769.387 125254.248  1.20%     -    0s
     0     0 125255.229    0    8 126769.387 125255.229  1.19%     -    0s
     0     0 125255.229    0    8 126769.387 125255.229  1.19%     -    0s
     0     2 125255.242    0    8 126769.387 125255.242  1.19%     -    0s

Cutting planes:
  Implied bound: 139
  MIR: 14
  Flow cover: 5
  Relax-and-lift: 13

Explored 4583 nodes (107561 simplex iterations) in 0.41 seconds (0.91 work units)
Thread count was 8 (of 8 available processors)

Solution count 10: 126769 127080 127320 ... 227451

Optimal solution found (tolerance 1.00e-04)
Best objective 1.267693874303e+05, best bound 1.267693874303e+05, gap 0.0000%

User-callback calls 9556, time in user-callback 0.00 sec

Gurobi 12.0.3 (mac64[arm]) logging started Tue Sep 23 15:46:12 2025

Set parameter LogFile to value "Logs/Facility Location Logs/L100/phase1/scenario_generation.log"
Set parameter LogToConsole to value 0

Gurobi 12.0.3 (mac64[arm]) logging started Tue Sep 23 15:46:12 2025

Set parameter LogFile to value "Logs/Facility Location Logs/L100/phase1/scenario_generation.log"
Gurobi Optimizer version 12.0.3 build v12.0.3rc0 (mac64[arm] - Darwin 24.6.0 24G222)

CPU model: Apple M3
Thread count: 8 physical cores, 8 logical processors, using up to 8 threads

Non-default parameters:
LogToConsole  0

Optimize a model with 75 rows, 1325 columns and 2575 nonzeros
Model fingerprint: 0x56b331b4
Variable types: 1300 continuous, 25 integer (25 binary)
Coefficient statistics:
  Matrix range     [1e+00, 2e+04]
  Objective range  [8e-03, 8e+03]
  Bounds range     [0e+00, 0e+00]
  RHS range        [1e+03, 2e+04]
Found heuristic solution: objective 6625850.0000
Presolve removed 0 rows and 1 columns
Presolve time: 0.00s
Presolved: 75 rows, 1324 columns, 2574 nonzeros
Variable types: 1300 continuous, 24 integer (24 binary)

Root relaxation: objective 1.321742e+05, 130 iterations, 0.00 seconds (0.00 work units)

    Nodes    |    Current Node    |     Objective Bounds      |     Work
 Expl Unexpl |  Obj  Depth IntInf | Incumbent    BestBd   Gap | It/Node Time

     0     0 132174.170    0   23 6625850.00 132174.170  98.0%     -    0s
H    0     0                    253415.66960 132174.170  47.8%     -    0s
H    0     0                    231429.57518 132174.170  42.9%     -    0s
H    0     0                    224055.34863 132174.170  41.0%     -    0s
H    0     0                    218988.57058 132174.170  39.6%     -    0s
H    0     0                    209149.18572 132174.170  36.8%     -    0s
H    0     0                    173292.54341 132174.170  23.7%     -    0s
H    0     0                    171772.59815 132437.010  22.9%     -    0s
H    0     0                    139429.42687 136910.987  1.81%     -    0s
H    0     0                    139382.50264 136910.987  1.77%     -    0s
     0     0 136910.987    0   14 139382.503 136910.987  1.77%     -    0s
     0     0 136972.406    0   14 139382.503 136972.406  1.73%     -    0s
     0     0 137423.314    0   12 139382.503 137423.314  1.41%     -    0s
H    0     0                    139268.42775 137467.585  1.29%     -    0s
     0     0 137478.165    0   12 139268.428 137478.165  1.29%     -    0s
     0     0 137478.165    0   12 139268.428 137478.165  1.29%     -    0s
     0     0 137591.483    0   14 139268.428 137591.483  1.20%     -    0s
H    0     0                    139040.78349 137649.059  1.00%     -    0s
     0     0 137649.059    0   13 139040.783 137649.059  1.00%     -    0s
     0     0 137649.647    0   14 139040.783 137649.647  1.00%     -    0s
     0     0 137833.671    0    9 139040.783 137833.671  0.87%     -    0s
     0     0 137852.574    0    8 139040.783 137852.574  0.85%     -    0s
     0     0 137853.675    0    8 139040.783 137853.675  0.85%     -    0s
     0     0 137918.606    0    8 139040.783 137918.606  0.81%     -    0s
     0     0 137928.726    0   10 139040.783 137928.726  0.80%     -    0s
     0     0 137928.726    0   10 139040.783 137928.726  0.80%     -    0s
     0     2 137928.726    0   10 139040.783 137928.726  0.80%     -    0s
* 2348   312               5    139040.50516 138399.509  0.46%  22.7    0s

Cutting planes:
  Implied bound: 145
  MIR: 18
  Relax-and-lift: 5

Explored 3240 nodes (73229 simplex iterations) in 0.30 seconds (0.66 work units)
Thread count was 8 (of 8 available processors)

Solution count 10: 139041 139041 139268 ... 231430

Optimal solution found (tolerance 1.00e-04)
Best objective 1.390405051622e+05, best bound 1.390405051622e+05, gap 0.0000%

User-callback calls 6834, time in user-callback 0.00 sec

Gurobi 12.0.3 (mac64[arm]) logging started Tue Sep 23 15:46:13 2025

Set parameter LogFile to value "Logs/Facility Location Logs/L100/phase1/scenario_generation.log"
Set parameter LogToConsole to value 0

Gurobi 12.0.3 (mac64[arm]) logging started Tue Sep 23 15:46:13 2025

Set parameter LogFile to value "Logs/Facility Location Logs/L100/phase1/scenario_generation.log"
Gurobi Optimizer version 12.0.3 build v12.0.3rc0 (mac64[arm] - Darwin 24.6.0 24G222)

CPU model: Apple M3
Thread count: 8 physical cores, 8 logical processors, using up to 8 threads

Non-default parameters:
LogToConsole  0

Optimize a model with 75 rows, 1325 columns and 2575 nonzeros
Model fingerprint: 0xaeda9010
Variable types: 1300 continuous, 25 integer (25 binary)
Coefficient statistics:
  Matrix range     [1e+00, 2e+04]
  Objective range  [8e-03, 8e+03]
  Bounds range     [0e+00, 0e+00]
  RHS range        [6e+02, 7e+03]
Found heuristic solution: objective 4062400.0000
Presolve removed 0 rows and 1 columns
Presolve time: 0.00s
Presolved: 75 rows, 1324 columns, 2574 nonzeros
Variable types: 1300 continuous, 24 integer (24 binary)

Root relaxation: objective 6.768280e+04, 113 iterations, 0.00 seconds (0.00 work units)

    Nodes    |    Current Node    |     Objective Bounds      |     Work
 Expl Unexpl |  Obj  Depth IntInf | Incumbent    BestBd   Gap | It/Node Time

     0     0 67682.7992    0   23 4062400.00 67682.7992  98.3%     -    0s
H    0     0                    207058.79920 67682.7992  67.3%     -    0s
H    0     0                    192149.57259 67682.7992  64.8%     -    0s
H    0     0                    163777.14437 67682.7992  58.7%     -    0s
H    0     0                    156628.78268 67682.7992  56.8%     -    0s
H    0     0                    156495.45837 68870.3985  56.0%     -    0s
H    0     0                    142025.67012 68870.3985  51.5%     -    0s
H    0     0                    134921.27979 72565.7797  46.2%     -    0s
H    0     0                    100936.15628 72565.7797  28.1%     -    0s
H    0     0                    86353.551057 72565.7797  16.0%     -    0s
     0     0 72565.7797    0    9 86353.5511 72565.7797  16.0%     -    0s
     0     0 72662.2543    0    9 86353.5511 72662.2543  15.9%     -    0s
     0     0 73008.3547    0    6 86353.5511 73008.3547  15.5%     -    0s
H    0     0                    79892.760514 73008.3547  8.62%     -    0s
H    0     0                    79872.039814 73008.3547  8.59%     -    0s
H    0     0                    79824.825565 73008.3547  8.54%     -    0s
     0     0 73064.5579    0    6 79824.8256 73064.5579  8.47%     -    0s
H    0     0                    78858.388090 73064.5579  7.35%     -    0s
     0     0 73188.4882    0   10 78858.3881 73188.4882  7.19%     -    0s
H    0     0                    77926.168326 73205.3301  6.06%     -    0s
     0     0 73205.3301    0    9 77926.1683 73205.3301  6.06%     -    0s
     0     0 73324.9797    0    7 77926.1683 73324.9797  5.90%     -    0s
H    0     0                    77840.789601 73327.1334  5.80%     -    0s
     0     0 73327.1334    0    7 77840.7896 73327.1334  5.80%     -    0s
     0     0 73382.4322    0    1 77840.7896 73382.4322  5.73%     -    0s
H    0     0                    77758.432160 73382.4322  5.63%     -    0s
     0     0 73384.9825    0    3 77758.4322 73384.9825  5.62%     -    0s
     0     0 73384.9825    0    3 77758.4322 73384.9825  5.62%     -    0s
H    0     0                    77510.250804 73384.9825  5.32%     -    0s
H    0     0                    77393.328561 73384.9825  5.18%     -    0s
H    0     0                    77335.744680 73384.9825  5.11%     -    0s
H    0     2                    77303.662256 73385.0055  5.07%     -    0s
     0     2 73385.0055    0    3 77303.6623 73385.0055  5.07%     -    0s
H   26    61                    77269.002969 73402.8486  5.00%  33.3    0s
H   31    61                    77264.565557 73402.8486  5.00%  30.3    0s
H   36    61                    77248.816196 73402.8486  4.98%  27.8    0s
H   55    61                    77238.364155 73402.8486  4.97%  22.6    0s
*  228   201               7    77212.651320 73535.7693  4.76%  21.3    0s
H  291   247                    77173.560617 73548.5620  4.70%  20.2    0s

Cutting planes:
  Implied bound: 89
  MIR: 11
  Flow cover: 4
  Inf proof: 1
  Relax-and-lift: 8

Explored 1750 nodes (42698 simplex iterations) in 0.19 seconds (0.39 work units)
Thread count was 8 (of 8 available processors)

Solution count 10: 77173.6 77212.7 77393.3 ... 134921

Optimal solution found (tolerance 1.00e-04)
Best objective 7.717356061650e+04, best bound 7.717356061650e+04, gap 0.0000%

User-callback calls 3849, time in user-callback 0.00 sec

Gurobi 12.0.3 (mac64[arm]) logging started Tue Sep 23 15:46:13 2025

Set parameter LogFile to value "Logs/Facility Location Logs/L100/phase1/scenario_generation.log"
Set parameter LogToConsole to value 0

Gurobi 12.0.3 (mac64[arm]) logging started Tue Sep 23 15:46:13 2025

Set parameter LogFile to value "Logs/Facility Location Logs/L100/phase1/scenario_generation.log"
Gurobi Optimizer version 12.0.3 build v12.0.3rc0 (mac64[arm] - Darwin 24.6.0 24G222)

CPU model: Apple M3
Thread count: 8 physical cores, 8 logical processors, using up to 8 threads

Non-default parameters:
LogToConsole  0

Optimize a model with 75 rows, 1325 columns and 2575 nonzeros
Model fingerprint: 0x8ba3d008
Variable types: 1300 continuous, 25 integer (25 binary)
Coefficient statistics:
  Matrix range     [1e+00, 2e+04]
  Objective range  [8e-03, 8e+03]
  Bounds range     [0e+00, 0e+00]
  RHS range        [1e+03, 1e+04]
Found heuristic solution: objective 5330550.0000
Presolve removed 0 rows and 1 columns
Presolve time: 0.00s
Presolved: 75 rows, 1324 columns, 2574 nonzeros
Variable types: 1300 continuous, 24 integer (24 binary)

Root relaxation: objective 9.552215e+04, 131 iterations, 0.00 seconds (0.00 work units)

    Nodes    |    Current Node    |     Objective Bounds      |     Work
 Expl Unexpl |  Obj  Depth IntInf | Incumbent    BestBd   Gap | It/Node Time

     0     0 95522.1526    0   24 5330550.00 95522.1526  98.2%     -    0s
H    0     0                    229716.65256 95522.1526  58.4%     -    0s
H    0     0                    222266.58484 95522.1526  57.0%     -    0s
H    0     0                    216091.82798 95522.1526  55.8%     -    0s
H    0     0                    208755.65293 95522.1526  54.2%     -    0s
H    0     0                    207554.66681 95939.9870  53.8%     -    0s
H    0     0                    201988.82949 95939.9870  52.5%     -    0s
H    0     0                    185636.18009 100160.497  46.0%     -    0s
H    0     0                    148830.10059 100160.497  32.7%     -    0s
H    0     0                    114732.63710 100160.497  12.7%     -    0s
H    0     0                    108477.86265 100160.497  7.67%     -    0s
     0     0 100160.497    0   12 108477.863 100160.497  7.67%     -    0s
     0     0 100267.432    0   12 108477.863 100267.432  7.57%     -    0s
     0     0 100625.619    0    9 108477.863 100625.619  7.24%     -    0s
H    0     0                    108361.84120 100668.693  7.10%     -    0s
H    0     0                    107706.74638 100668.693  6.53%     -    0s
     0     0 100731.843    0    9 107706.746 100731.843  6.48%     -    0s
     0     0 100880.289    0    9 107706.746 100880.289  6.34%     -    0s
     0     0 100912.434    0    8 107706.746 100912.434  6.31%     -    0s
     0     0 100912.434    0    8 107706.746 100912.434  6.31%     -    0s
     0     0 101036.727    0    4 107706.746 101036.727  6.19%     -    0s
H    0     0                    107591.64737 101036.727  6.09%     -    0s
     0     0 101036.727    0    4 107591.647 101036.727  6.09%     -    0s
     0     0 101090.186    0    2 107591.647 101090.186  6.04%     -    0s
     0     0 101091.122    0    4 107591.647 101091.122  6.04%     -    0s
     0     0 101095.103    0    5 107591.647 101095.103  6.04%     -    0s
     0     0 101095.103    0    5 107591.647 101095.103  6.04%     -    0s
H    0     0                    106670.42010 101095.103  5.23%     -    0s
     0     2 101095.115    0    5 106670.420 101095.115  5.23%     -    0s
H  728   370                    106652.05751 101229.588  5.08%  21.2    0s

Cutting planes:
  Implied bound: 233
  MIR: 12
  Flow cover: 6
  Inf proof: 14
  Relax-and-lift: 13

Explored 7461 nodes (189061 simplex iterations) in 0.63 seconds (1.45 work units)
Thread count was 8 (of 8 available processors)

Solution count 10: 106652 106670 107592 ... 207555

Optimal solution found (tolerance 1.00e-04)
Best objective 1.066520575091e+05, best bound 1.066520575091e+05, gap 0.0000%

User-callback calls 15334, time in user-callback 0.00 sec

Gurobi 12.0.3 (mac64[arm]) logging started Tue Sep 23 15:46:14 2025

Set parameter LogFile to value "Logs/Facility Location Logs/L100/phase1/scenario_generation.log"
Set parameter LogToConsole to value 0

Gurobi 12.0.3 (mac64[arm]) logging started Tue Sep 23 15:46:14 2025

Set parameter LogFile to value "Logs/Facility Location Logs/L100/phase1/scenario_generation.log"
Gurobi Optimizer version 12.0.3 build v12.0.3rc0 (mac64[arm] - Darwin 24.6.0 24G222)

CPU model: Apple M3
Thread count: 8 physical cores, 8 logical processors, using up to 8 threads

Non-default parameters:
LogToConsole  0

Optimize a model with 75 rows, 1325 columns and 2575 nonzeros
Model fingerprint: 0x7360b1c1
Variable types: 1300 continuous, 25 integer (25 binary)
Coefficient statistics:
  Matrix range     [1e+00, 2e+04]
  Objective range  [8e-03, 8e+03]
  Bounds range     [0e+00, 0e+00]
  RHS range        [5e+02, 9e+03]
Found heuristic solution: objective 3711800.0000
Presolve removed 0 rows and 1 columns
Presolve time: 0.00s
Presolved: 75 rows, 1324 columns, 2574 nonzeros
Variable types: 1300 continuous, 24 integer (24 binary)

Root relaxation: objective 6.595315e+04, 148 iterations, 0.00 seconds (0.00 work units)

    Nodes    |    Current Node    |     Objective Bounds      |     Work
 Expl Unexpl |  Obj  Depth IntInf | Incumbent    BestBd   Gap | It/Node Time

     0     0 65953.1531    0   23 3711800.00 65953.1531  98.2%     -    0s
H    0     0                    208835.15306 65953.1531  68.4%     -    0s
H    0     0                    186664.75350 65953.1531  64.7%     -    0s
H    0     0                    159133.54239 65953.1531  58.6%     -    0s
H    0     0                    152562.74513 65953.1531  56.8%     -    0s
H    0     0                    151054.15564 66776.1576  55.8%     -    0s
H    0     0                    135095.42363 70503.8282  47.8%     -    0s
H    0     0                    99188.170926 70503.8282  28.9%     -    0s
     0     0 70503.8282    0    7 99188.1709 70503.8282  28.9%     -    0s
     0     0 70529.0805    0    7 99188.1709 70529.0805  28.9%     -    0s
     0     0 70760.8209    0    9 99188.1709 70760.8209  28.7%     -    0s
H    0     0                    93334.270837 70789.8817  24.2%     -    0s
H    0     0                    86558.843341 70789.8817  18.2%     -    0s
H    0     0                    79308.726532 70789.8817  10.7%     -    0s
H    0     0                    72201.039130 70789.8817  1.95%     -    0s
H    0     0                    72154.016506 70789.8817  1.89%     -    0s
     0     0 70943.0842    0    8 72154.0165 70943.0842  1.68%     -    0s
     0     0 70943.0842    0    9 72154.0165 70943.0842  1.68%     -    0s
H    0     0                    71486.673237 70986.2064  0.70%     -    0s
     0     0 70991.4388    0    6 71486.6732 70991.4388  0.69%     -    0s
     0     0 70991.4737    0    6 71486.6732 70991.4737  0.69%     -    0s
     0     0 71180.6121    0    6 71486.6732 71180.6121  0.43%     -    0s
     0     0 71180.6152    0    6 71486.6732 71180.6152  0.43%     -    0s
     0     0 71264.5295    0    3 71486.6732 71264.5295  0.31%     -    0s
     0     0 71266.8134    0    3 71486.6732 71266.8134  0.31%     -    0s
     0     0 71266.8134    0    3 71486.6732 71266.8134  0.31%     -    0s
     0     0 71266.8134    0    7 71486.6732 71266.8134  0.31%     -    0s
     0     0 71266.8134    0    6 71486.6732 71266.8134  0.31%     -    0s
     0     0 71266.8134    0    6 71486.6732 71266.8134  0.31%     -    0s
     0     0 71266.8134    0    5 71486.6732 71266.8134  0.31%     -    0s
     0     0 71486.6732    0    5 71486.6732 71486.6732  0.00%     -    0s

Cutting planes:
  Implied bound: 27
  MIR: 1
  Flow cover: 1

Explored 1 nodes (636 simplex iterations) in 0.04 seconds (0.05 work units)
Thread count was 8 (of 8 available processors)

Solution count 10: 71486.7 72154 79308.7 ... 152563

Optimal solution found (tolerance 1.00e-04)
Best objective 7.148667323737e+04, best bound 7.148667323737e+04, gap 0.0000%

User-callback calls 292, time in user-callback 0.00 sec

Gurobi 12.0.3 (mac64[arm]) logging started Tue Sep 23 15:46:14 2025

Set parameter LogFile to value "Logs/Facility Location Logs/L100/phase1/scenario_generation.log"
Set parameter LogToConsole to value 0

Gurobi 12.0.3 (mac64[arm]) logging started Tue Sep 23 15:46:14 2025

Set parameter LogFile to value "Logs/Facility Location Logs/L100/phase1/scenario_generation.log"
Gurobi Optimizer version 12.0.3 build v12.0.3rc0 (mac64[arm] - Darwin 24.6.0 24G222)

CPU model: Apple M3
Thread count: 8 physical cores, 8 logical processors, using up to 8 threads

Non-default parameters:
LogToConsole  0

Optimize a model with 75 rows, 1325 columns and 2575 nonzeros
Model fingerprint: 0xeea9fbd6
Variable types: 1300 continuous, 25 integer (25 binary)
Coefficient statistics:
  Matrix range     [1e+00, 2e+04]
  Objective range  [8e-03, 8e+03]
  Bounds range     [0e+00, 0e+00]
  RHS range        [7e+02, 2e+04]
Found heuristic solution: objective 4757100.0000
Presolve removed 0 rows and 1 columns
Presolve time: 0.00s
Presolved: 75 rows, 1324 columns, 2574 nonzeros
Variable types: 1300 continuous, 24 integer (24 binary)

Root relaxation: objective 9.903010e+04, 178 iterations, 0.00 seconds (0.00 work units)

    Nodes    |    Current Node    |     Objective Bounds      |     Work
 Expl Unexpl |  Obj  Depth IntInf | Incumbent    BestBd   Gap | It/Node Time

     0     0 99030.0969    0   22 4757100.00 99030.0969  97.9%     -    0s
H    0     0                    231459.09695 99030.0969  57.2%     -    0s
H    0     0                    209359.53018 99030.0969  52.7%     -    0s
H    0     0                    181499.48478 99030.0969  45.4%     -    0s
H    0     0                    173967.72725 99195.8461  43.0%     -    0s
H    0     0                    157892.74129 103378.705  34.5%     -    0s
H    0     0                    122562.07219 103378.705  15.7%     -    0s
     0     0 103378.705    0    9 122562.072 103378.705  15.7%     -    0s
     0     0 103526.400    0    9 122562.072 103526.400  15.5%     -    0s
     0     0 103799.385    0    8 122562.072 103799.385  15.3%     -    0s
H    0     0                    117708.37250 103855.224  11.8%     -    0s
H    0     0                    116524.68892 103855.224  10.9%     -    0s
     0     0 103864.403    0    6 116524.689 103864.403  10.9%     -    0s
H    0     0                    110658.04417 103864.403  6.14%     -    0s
     0     0 103864.403    0    6 110658.044 103864.403  6.14%     -    0s
H    0     0                    110655.83100 103864.403  6.14%     -    0s
H    0     0                    109272.66271 103979.618  4.84%     -    0s
     0     0 103979.618    0    9 109272.663 103979.618  4.84%     -    0s
     0     0 104001.097    0    9 109272.663 104001.097  4.82%     -    0s
H    0     0                    109155.80365 104001.097  4.72%     -    0s
H    0     0                    108911.30243 104001.097  4.51%     -    0s
     0     0 104135.286    0    4 108911.302 104135.286  4.39%     -    0s
     0     0 104137.356    0    4 108911.302 104137.356  4.38%     -    0s
     0     0 104186.675    0    3 108911.302 104186.675  4.34%     -    0s
     0     0 104192.632    0    4 108911.302 104192.632  4.33%     -    0s
     0     0 104192.632    0    4 108911.302 104192.632  4.33%     -    0s
H    0     0                    108449.66626 104192.632  3.93%     -    0s
     0     2 104192.650    0    4 108449.666 104192.650  3.93%     -    0s

Cutting planes:
  Implied bound: 100
  MIR: 6
  Flow cover: 3
  Inf proof: 2
  Relax-and-lift: 5

Explored 1624 nodes (40554 simplex iterations) in 0.17 seconds (0.33 work units)
Thread count was 8 (of 8 available processors)

Solution count 10: 108450 108911 109273 ... 181499

Optimal solution found (tolerance 1.00e-04)
Best objective 1.084496662614e+05, best bound 1.084496662614e+05, gap 0.0000%

User-callback calls 3559, time in user-callback 0.00 sec

Gurobi 12.0.3 (mac64[arm]) logging started Tue Sep 23 15:46:14 2025

Set parameter LogFile to value "Logs/Facility Location Logs/L100/phase1/scenario_generation.log"
Set parameter LogToConsole to value 0

Gurobi 12.0.3 (mac64[arm]) logging started Tue Sep 23 15:46:14 2025

Set parameter LogFile to value "Logs/Facility Location Logs/L100/phase1/scenario_generation.log"
Gurobi Optimizer version 12.0.3 build v12.0.3rc0 (mac64[arm] - Darwin 24.6.0 24G222)

CPU model: Apple M3
Thread count: 8 physical cores, 8 logical processors, using up to 8 threads

Non-default parameters:
LogToConsole  0

Optimize a model with 75 rows, 1325 columns and 2575 nonzeros
Model fingerprint: 0x79f659d2
Variable types: 1300 continuous, 25 integer (25 binary)
Coefficient statistics:
  Matrix range     [1e+00, 2e+04]
  Objective range  [8e-03, 8e+03]
  Bounds range     [0e+00, 0e+00]
  RHS range        [1e+03, 2e+04]
Found heuristic solution: objective 6271800.0000
Presolve removed 0 rows and 1 columns
Presolve time: 0.00s
Presolved: 75 rows, 1324 columns, 2574 nonzeros
Variable types: 1300 continuous, 24 integer (24 binary)

Root relaxation: objective 1.232533e+05, 137 iterations, 0.00 seconds (0.00 work units)

    Nodes    |    Current Node    |     Objective Bounds      |     Work
 Expl Unexpl |  Obj  Depth IntInf | Incumbent    BestBd   Gap | It/Node Time

     0     0 123253.276    0   23 6271800.00 123253.276  98.0%     -    0s
H    0     0                    248035.27645 123253.276  50.3%     -    0s
H    0     0                    225976.84528 123253.276  45.5%     -    0s
H    0     0                    212035.99388 123253.276  41.9%     -    0s
H    0     0                    199283.23106 123253.276  38.2%     -    0s
H    0     0                    167979.13627 127789.345  23.9%     -    0s
H    0     0                    133578.53157 127789.345  4.33%     -    0s
     0     0 127789.345    0   12 133578.532 127789.345  4.33%     -    0s
H    0     0                    133397.86501 127802.321  4.19%     -    0s
     0     0 127802.321    0   12 133397.865 127802.321  4.19%     -    0s
     0     0 128255.255    0   14 133397.865 128255.255  3.86%     -    0s
H    0     0                    133396.43538 128311.932  3.81%     -    0s
     0     0 128311.932    0   14 133396.435 128311.932  3.81%     -    0s
H    0     0                    133359.57548 128515.410  3.63%     -    0s
     0     0 128515.410    0   11 133359.575 128515.410  3.63%     -    0s
     0     0 128532.690    0   11 133359.575 128532.690  3.62%     -    0s
     0     0 128534.937    0    9 133359.575 128534.937  3.62%     -    0s
     0     0 128655.653    0   10 133359.575 128655.653  3.53%     -    0s
     0     0 128657.298    0   10 133359.575 128657.298  3.53%     -    0s
     0     0 128691.408    0    6 133359.575 128691.408  3.50%     -    0s
     0     0 128699.000    0    7 133359.575 128699.000  3.49%     -    0s
     0     0 128699.030    0    7 133359.575 128699.030  3.49%     -    0s
     0     0 128716.622    0   10 133359.575 128716.622  3.48%     -    0s
     0     0 128716.665    0   10 133359.575 128716.665  3.48%     -    0s
H    0     0                    132721.05619 128716.665  3.02%     -    0s
     0     2 128716.666    0   10 132721.056 128716.666  3.02%     -    0s
*  238   123               6    132699.62170 128838.772  2.91%  23.2    0s
*  242   123               5    132681.25891 128849.056  2.89%  24.2    0s

Cutting planes:
  Implied bound: 92
  MIR: 14
  Flow cover: 4
  Inf proof: 3
  Relax-and-lift: 16

Explored 391 nodes (10735 simplex iterations) in 0.08 seconds (0.14 work units)
Thread count was 8 (of 8 available processors)

Solution count 10: 132681 132700 132721 ... 225977

Optimal solution found (tolerance 1.00e-04)
Best objective 1.326812589066e+05, best bound 1.326812589066e+05, gap 0.0000%

User-callback calls 1081, time in user-callback 0.00 sec

Gurobi 12.0.3 (mac64[arm]) logging started Tue Sep 23 15:46:14 2025

Set parameter LogFile to value "Logs/Facility Location Logs/L100/phase1/scenario_generation.log"
Set parameter LogToConsole to value 0

Gurobi 12.0.3 (mac64[arm]) logging started Tue Sep 23 15:46:14 2025

Set parameter LogFile to value "Logs/Facility Location Logs/L100/phase1/scenario_generation.log"
Gurobi Optimizer version 12.0.3 build v12.0.3rc0 (mac64[arm] - Darwin 24.6.0 24G222)

CPU model: Apple M3
Thread count: 8 physical cores, 8 logical processors, using up to 8 threads

Non-default parameters:
LogToConsole  0

Optimize a model with 75 rows, 1325 columns and 2575 nonzeros
Model fingerprint: 0x22bf480f
Variable types: 1300 continuous, 25 integer (25 binary)
Coefficient statistics:
  Matrix range     [1e+00, 2e+04]
  Objective range  [8e-03, 8e+03]
  Bounds range     [0e+00, 0e+00]
  RHS range        [1e+03, 6e+03]
Found heuristic solution: objective 4854850.0000
Presolve removed 0 rows and 1 columns
Presolve time: 0.00s
Presolved: 75 rows, 1324 columns, 2574 nonzeros
Variable types: 1300 continuous, 24 integer (24 binary)

Root relaxation: objective 7.525599e+04, 136 iterations, 0.00 seconds (0.00 work units)

    Nodes    |    Current Node    |     Objective Bounds      |     Work
 Expl Unexpl |  Obj  Depth IntInf | Incumbent    BestBd   Gap | It/Node Time

     0     0 75255.9898    0   24 4854850.00 75255.9898  98.4%     -    0s
H    0     0                    214207.48978 75255.9898  64.9%     -    0s
H    0     0                    199318.86015 75255.9898  62.2%     -    0s
H    0     0                    170491.22497 75255.9898  55.9%     -    0s
H    0     0                    142581.93421 75255.9898  47.2%     -    0s
     0     0 80202.0217    0   12 142581.934 80202.0217  43.8%     -    0s
H    0     0                    134032.92433 80297.4268  40.1%     -    0s
H    0     0                    98728.531166 80297.4268  18.7%     -    0s
     0     0 80297.4268    0   12 98728.5312 80297.4268  18.7%     -    0s
H    0     0                    86512.107061 80297.4268  7.18%     -    0s
     0     0 80684.9261    0    8 86512.1071 80684.9261  6.74%     -    0s
H    0     0                    85835.696781 80739.9556  5.94%     -    0s
H    0     0                    85828.315221 80739.9556  5.93%     -    0s
     0     0 80739.9556    0    9 85828.3152 80739.9556  5.93%     -    0s
H    0     0                    85218.359936 80739.9556  5.26%     -    0s
H    0     0                    85188.202115 80951.8156  4.97%     -    0s
     0     0 80951.8156    0   11 85188.2021 80951.8156  4.97%     -    0s
     0     0 80994.2311    0   10 85188.2021 80994.2311  4.92%     -    0s
     0     0 81135.0492    0    8 85188.2021 81135.0492  4.76%     -    0s
H    0     0                    84527.285498 81136.1252  4.01%     -    0s
     0     0 81136.1252    0    8 84527.2855 81136.1252  4.01%     -    0s
     0     0 81181.0367    0    5 84527.2855 81181.0367  3.96%     -    0s
H    0     0                    84436.901013 81181.0367  3.86%     -    0s
     0     0 81181.0401    0    6 84436.9010 81181.0401  3.86%     -    0s
     0     0 81189.7521    0    5 84436.9010 81189.7521  3.85%     -    0s
     0     0 81189.7521    0    5 84436.9010 81189.7521  3.85%     -    0s
     0     2 81189.7642    0    5 84436.9010 81189.7642  3.85%     -    0s
H  407   295                    84416.147825 81338.2865  3.65%  21.6    0s

Cutting planes:
  Implied bound: 157
  MIR: 13
  Flow cover: 1
  Inf proof: 2
  Relax-and-lift: 5

Explored 4401 nodes (112716 simplex iterations) in 0.41 seconds (0.89 work units)
Thread count was 8 (of 8 available processors)

Solution count 10: 84416.1 84436.9 84527.3 ... 170491

Optimal solution found (tolerance 1.00e-04)
Best objective 8.441614782450e+04, best bound 8.441614782450e+04, gap 0.0000%

User-callback calls 9167, time in user-callback 0.00 sec

Gurobi 12.0.3 (mac64[arm]) logging started Tue Sep 23 15:46:14 2025

Set parameter LogFile to value "Logs/Facility Location Logs/L100/phase1/scenario_generation.log"
Set parameter LogToConsole to value 0

Gurobi 12.0.3 (mac64[arm]) logging started Tue Sep 23 15:46:14 2025

Set parameter LogFile to value "Logs/Facility Location Logs/L100/phase1/scenario_generation.log"
Gurobi Optimizer version 12.0.3 build v12.0.3rc0 (mac64[arm] - Darwin 24.6.0 24G222)

CPU model: Apple M3
Thread count: 8 physical cores, 8 logical processors, using up to 8 threads

Non-default parameters:
LogToConsole  0

Optimize a model with 75 rows, 1325 columns and 2575 nonzeros
Model fingerprint: 0x33388db9
Variable types: 1300 continuous, 25 integer (25 binary)
Coefficient statistics:
  Matrix range     [1e+00, 2e+04]
  Objective range  [8e-03, 8e+03]
  Bounds range     [0e+00, 0e+00]
  RHS range        [7e+02, 2e+04]
Found heuristic solution: objective 4861800.0000
Presolve removed 0 rows and 1 columns
Presolve time: 0.00s
Presolved: 75 rows, 1324 columns, 2574 nonzeros
Variable types: 1300 continuous, 24 integer (24 binary)

Root relaxation: objective 1.009406e+05, 124 iterations, 0.00 seconds (0.00 work units)

    Nodes    |    Current Node    |     Objective Bounds      |     Work
 Expl Unexpl |  Obj  Depth IntInf | Incumbent    BestBd   Gap | It/Node Time

     0     0 100940.596    0   22 4861800.00 100940.596  97.9%     -    0s
H    0     0                    232322.59570 100940.596  56.6%     -    0s
H    0     0                    202870.64746 100940.596  50.2%     -    0s
H    0     0                    166562.06320 100940.596  39.4%     -    0s
H    0     0                    159743.60367 100940.596  36.8%     -    0s
H    0     0                    152178.58127 105507.921  30.7%     -    0s
H    0     0                    117676.81004 105507.921  10.3%     -    0s
     0     0 105507.921    0    9 117676.810 105507.921  10.3%     -    0s
H    0     0                    111596.33626 105573.978  5.40%     -    0s
H    0     0                    110681.90283 105573.978  4.61%     -    0s
     0     0 105573.978    0    9 110681.903 105573.978  4.61%     -    0s
     0     0 106010.989    0    7 110681.903 106010.989  4.22%     -    0s
H    0     0                    110230.42079 106010.989  3.83%     -    0s
     0     0 106124.174    0   10 110230.421 106124.174  3.73%     -    0s
H    0     0                    109964.80567 106158.669  3.46%     -    0s
     0     0 106158.669    0    8 109964.806 106158.669  3.46%     -    0s
     0     0 106299.775    0    6 109964.806 106299.775  3.33%     -    0s
H    0     0                    109947.65621 106300.052  3.32%     -    0s
     0     0 106302.616    0    5 109947.656 106302.616  3.32%     -    0s
     0     0 106365.327    0    1 109947.656 106365.327  3.26%     -    0s
     0     0 106372.351    0    5 109947.656 106372.351  3.25%     -    0s
     0     0 106372.351    0    5 109947.656 106372.351  3.25%     -    0s
H    0     0                    109836.08815 106372.351  3.15%     -    0s
H    0     2                    109821.12451 106372.351  3.14%     -    0s
     0     2 106372.351    0    5 109821.125 106372.351  3.14%     -    0s
H   31    61                    109794.99592 106407.287  3.09%  22.7    0s
H   36    61                    109790.32522 106410.627  3.08%  20.8    0s
H   50    61                    109778.28484 106410.627  3.07%  17.8    0s
*  283   218               5    109766.39967 106557.889  2.92%  21.5    0s

Cutting planes:
  Implied bound: 112
  MIR: 6
  Flow cover: 8
  Inf proof: 1
  Relax-and-lift: 6

Explored 2205 nodes (56651 simplex iterations) in 0.22 seconds (0.45 work units)
Thread count was 8 (of 8 available processors)

Solution count 9: 109766 110682 117677 ... 4.8618e+06

Optimal solution found (tolerance 1.00e-04)
Best objective 1.097663996657e+05, best bound 1.097663996657e+05, gap 0.0000%

User-callback calls 4734, time in user-callback 0.00 sec

Gurobi 12.0.3 (mac64[arm]) logging started Tue Sep 23 15:46:15 2025

Set parameter LogFile to value "Logs/Facility Location Logs/L100/phase1/scenario_generation.log"
Set parameter LogToConsole to value 0

Gurobi 12.0.3 (mac64[arm]) logging started Tue Sep 23 15:46:15 2025

Set parameter LogFile to value "Logs/Facility Location Logs/L100/phase1/scenario_generation.log"
Gurobi Optimizer version 12.0.3 build v12.0.3rc0 (mac64[arm] - Darwin 24.6.0 24G222)

CPU model: Apple M3
Thread count: 8 physical cores, 8 logical processors, using up to 8 threads

Non-default parameters:
LogToConsole  0

Optimize a model with 75 rows, 1325 columns and 2575 nonzeros
Model fingerprint: 0x32557ea1
Variable types: 1300 continuous, 25 integer (25 binary)
Coefficient statistics:
  Matrix range     [1e+00, 2e+04]
  Objective range  [8e-03, 8e+03]
  Bounds range     [0e+00, 0e+00]
  RHS range        [9e+02, 1e+04]
Found heuristic solution: objective 5322100.0000
Presolve removed 0 rows and 1 columns
Presolve time: 0.00s
Presolved: 75 rows, 1324 columns, 2574 nonzeros
Variable types: 1300 continuous, 24 integer (24 binary)

Root relaxation: objective 9.603524e+04, 135 iterations, 0.00 seconds (0.00 work units)

    Nodes    |    Current Node    |     Objective Bounds      |     Work
 Expl Unexpl |  Obj  Depth IntInf | Incumbent    BestBd   Gap | It/Node Time

     0     0 96035.2419    0   24 5322100.00 96035.2419  98.2%     -    0s
H    0     0                    230314.24194 96035.2419  58.3%     -    0s
H    0     0                    215556.53248 96035.2419  55.4%     -    0s
H    0     0                    201118.69319 96035.2419  52.2%     -    0s
H    0     0                    194387.48783 96878.1919  50.2%     -    0s
H    0     0                    179676.67941 96878.1919  46.1%     -    0s
H    0     0                    150212.33487 100431.565  33.1%     -    0s
H    0     0                    114948.41627 100431.565  12.6%     -    0s
     0     0 100431.565    0   13 114948.416 100431.565  12.6%     -    0s
H    0     0                    108682.71252 100533.741  7.50%     -    0s
     0     0 100533.741    0   12 108682.713 100533.741  7.50%     -    0s
H    0     0                    107917.08693 100533.741  6.84%     -    0s
     0     0 100874.485    0    8 107917.087 100874.485  6.53%     -    0s
H    0     0                    107893.50628 100884.727  6.50%     -    0s
     0     0 100892.082    0    7 107893.506 100892.082  6.49%     -    0s
     0     0 100892.082    0    8 107893.506 100892.082  6.49%     -    0s
     0     0 101061.240    0    7 107893.506 101061.240  6.33%     -    0s
     0     0 101186.569    0    7 107893.506 101186.569  6.22%     -    0s
     0     0 101191.245    0    6 107893.506 101191.245  6.21%     -    0s
     0     0 101243.700    0    3 107893.506 101243.700  6.16%     -    0s
     0     0 101245.579    0    4 107893.506 101245.579  6.16%     -    0s
     0     0 101246.175    0    1 107893.506 101246.175  6.16%     -    0s
     0     0 101246.382    0    5 107893.506 101246.382  6.16%     -    0s
     0     0 101246.382    0    5 107893.506 101246.382  6.16%     -    0s
H    0     0                    106948.09885 101246.382  5.33%     -    0s
     0     2 101246.406    0    5 106948.099 101246.406  5.33%     -    0s

Cutting planes:
  Implied bound: 233
  MIR: 5
  Flow cover: 2
  Inf proof: 16
  Relax-and-lift: 4

Explored 7398 nodes (199477 simplex iterations) in 0.63 seconds (1.43 work units)
Thread count was 8 (of 8 available processors)

Solution count 10: 106948 107894 108683 ... 230314

Optimal solution found (tolerance 1.00e-04)
Best objective 1.069480988451e+05, best bound 1.069480988451e+05, gap 0.0000%

User-callback calls 15208, time in user-callback 0.00 sec

Gurobi 12.0.3 (mac64[arm]) logging started Tue Sep 23 15:46:15 2025

Set parameter LogFile to value "Logs/Facility Location Logs/L100/phase1/scenario_generation.log"
Set parameter LogToConsole to value 0

Gurobi 12.0.3 (mac64[arm]) logging started Tue Sep 23 15:46:15 2025

Set parameter LogFile to value "Logs/Facility Location Logs/L100/phase1/scenario_generation.log"
Gurobi Optimizer version 12.0.3 build v12.0.3rc0 (mac64[arm] - Darwin 24.6.0 24G222)

CPU model: Apple M3
Thread count: 8 physical cores, 8 logical processors, using up to 8 threads

Non-default parameters:
LogToConsole  0

Optimize a model with 75 rows, 1325 columns and 2575 nonzeros
Model fingerprint: 0xc4ac0f2a
Variable types: 1300 continuous, 25 integer (25 binary)
Coefficient statistics:
  Matrix range     [1e+00, 2e+04]
  Objective range  [8e-03, 8e+03]
  Bounds range     [0e+00, 0e+00]
  RHS range        [2e+03, 7e+03]
Found heuristic solution: objective 7118900.0000
Presolve removed 0 rows and 1 columns
Presolve time: 0.00s
Presolved: 75 rows, 1324 columns, 2574 nonzeros
Variable types: 1300 continuous, 24 integer (24 binary)

Root relaxation: objective 1.061522e+05, 111 iterations, 0.00 seconds (0.00 work units)

    Nodes    |    Current Node    |     Objective Bounds      |     Work
 Expl Unexpl |  Obj  Depth IntInf | Incumbent    BestBd   Gap | It/Node Time

     0     0 106152.221    0   24 7118900.00 106152.221  98.5%     -    0s
H    0     0                    222463.22101 106152.221  52.3%     -    0s
H    0     0                    195019.46333 106152.221  45.6%     -    0s
H    0     0                    143282.35524 106152.221  25.9%     -    0s
H    0     0                    143213.36699 106152.221  25.9%     -    0s
H    0     0                    139456.57200 106367.877  23.7%     -    0s
     0     0 111295.110    0   11 139456.572 111295.110  20.2%     -    0s
     0     0 111404.062    0   11 139456.572 111404.062  20.1%     -    0s
H    0     0                    133927.37522 111799.224  16.5%     -    0s
H    0     0                    126691.87842 111799.224  11.8%     -    0s
H    0     0                    120402.49145 111799.224  7.15%     -    0s
H    0     0                    120401.71488 111799.224  7.14%     -    0s
     0     0 111799.224    0    8 120401.715 111799.224  7.14%     -    0s
H    0     0                    115299.86443 111806.517  3.03%     -    0s
     0     0 111848.723    0    6 115299.864 111848.723  2.99%     -    0s
     0     0 111913.634    0    8 115299.864 111913.634  2.94%     -    0s
H    0     0                    115141.73628 111923.232  2.80%     -    0s
     0     0 111923.232    0    9 115141.736 111923.232  2.80%     -    0s
     0     0 111923.232    0    9 115141.736 111923.232  2.80%     -    0s
     0     0 112011.056    0    8 115141.736 112011.056  2.72%     -    0s
     0     0 112016.138    0    6 115141.736 112016.138  2.71%     -    0s
     0     0 112017.849    0    6 115141.736 112017.849  2.71%     -    0s
     0     0 112023.254    0    7 115141.736 112023.254  2.71%     -    0s
     0     0 112023.254    0    7 115141.736 112023.254  2.71%     -    0s
     0     2 112023.264    0    7 115141.736 112023.264  2.71%     -    0s
H  596   427                    115126.73935 112073.355  2.65%  22.0    0s

Cutting planes:
  Gomory: 2
  Implied bound: 87
  MIR: 33
  Flow cover: 1
  Inf proof: 16
  Relax-and-lift: 3

Explored 25763 nodes (497354 simplex iterations) in 2.24 seconds (5.02 work units)
Thread count was 8 (of 8 available processors)

Solution count 10: 115127 115142 115300 ... 195019

Optimal solution found (tolerance 1.00e-04)
Best objective 1.151267393482e+05, best bound 1.151267393482e+05, gap 0.0000%

User-callback calls 52447, time in user-callback 0.01 sec

Gurobi 12.0.3 (mac64[arm]) logging started Tue Sep 23 15:46:17 2025

Set parameter LogFile to value "Logs/Facility Location Logs/L100/phase1/scenario_generation.log"
Set parameter LogToConsole to value 0

Gurobi 12.0.3 (mac64[arm]) logging started Tue Sep 23 15:46:17 2025

Set parameter LogFile to value "Logs/Facility Location Logs/L100/phase1/scenario_generation.log"
Gurobi Optimizer version 12.0.3 build v12.0.3rc0 (mac64[arm] - Darwin 24.6.0 24G222)

CPU model: Apple M3
Thread count: 8 physical cores, 8 logical processors, using up to 8 threads

Non-default parameters:
LogToConsole  0

Optimize a model with 75 rows, 1325 columns and 2575 nonzeros
Model fingerprint: 0x478b9983
Variable types: 1300 continuous, 25 integer (25 binary)
Coefficient statistics:
  Matrix range     [1e+00, 2e+04]
  Objective range  [8e-03, 8e+03]
  Bounds range     [0e+00, 0e+00]
  RHS range        [1e+03, 7e+03]
Found heuristic solution: objective 5757100.0000
Presolve removed 0 rows and 1 columns
Presolve time: 0.00s
Presolved: 75 rows, 1324 columns, 2574 nonzeros
Variable types: 1300 continuous, 24 integer (24 binary)

Root relaxation: objective 9.135801e+04, 98 iterations, 0.00 seconds (0.00 work units)

    Nodes    |    Current Node    |     Objective Bounds      |     Work
 Expl Unexpl |  Obj  Depth IntInf | Incumbent    BestBd   Gap | It/Node Time

     0     0 91358.0058    0   24 5757100.00 91358.0058  98.4%     -    0s
H    0     0                    221287.00575 91358.0058  58.7%     -    0s
H    0     0                    199221.03324 91358.0058  54.1%     -    0s
H    0     0                    184911.07507 91358.0058  50.6%     -    0s
H    0     0                    171263.84876 91754.3162  46.4%     -    0s
H    0     0                    140651.69305 96705.0842  31.2%     -    0s
H    0     0                    107247.18846 96705.0842  9.83%     -    0s
     0     0 96705.0842    0   11 107247.188 96705.0842  9.83%     -    0s
H    0     0                    100409.16549 96822.5663  3.57%     -    0s
     0     0 96822.5663    0   11 100409.165 96822.5663  3.57%     -    0s
     0     0 97213.0564    0   11 100409.165 97213.0564  3.18%     -    0s
     0     0 97266.3809    0   12 100409.165 97266.3809  3.13%     -    0s
     0     0 97267.8651    0   11 100409.165 97267.8651  3.13%     -    0s
H    0     0                    100401.29746 97267.8651  3.12%     -    0s
H    0     0                    99863.836924 97416.6000  2.45%     -    0s
     0     0 97416.6000    0   10 99863.8369 97416.6000  2.45%     -    0s
     0     0 97438.2285    0    9 99863.8369 97438.2285  2.43%     -    0s
H    0     0                    99449.141000 97439.0797  2.02%     -    0s
     0     0 97439.0797    0    9 99449.1410 97439.0797  2.02%     -    0s
     0     0 97539.9130    0    7 99449.1410 97539.9130  1.92%     -    0s
     0     0 97544.7257    0    8 99449.1410 97544.7257  1.91%     -    0s
     0     0 97547.7338    0    6 99449.1410 97547.7338  1.91%     -    0s
     0     0 97557.9013    0    7 99449.1410 97557.9013  1.90%     -    0s
     0     0 97557.9018    0    7 99449.1410 97557.9018  1.90%     -    0s
     0     2 97557.9018    0    7 99449.1410 97557.9018  1.90%     -    0s

Cutting planes:
  Gomory: 1
  Implied bound: 85
  MIR: 27
  Flow cover: 2
  Relax-and-lift: 5

Explored 17277 nodes (322153 simplex iterations) in 1.38 seconds (3.08 work units)
Thread count was 8 (of 8 available processors)

Solution count 10: 99449.1 99863.8 100409 ... 5.7571e+06

Optimal solution found (tolerance 1.00e-04)
Best objective 9.944914100044e+04, best bound 9.944914100044e+04, gap 0.0000%

User-callback calls 35239, time in user-callback 0.01 sec

Gurobi 12.0.3 (mac64[arm]) logging started Tue Sep 23 15:46:19 2025

Set parameter LogFile to value "Logs/Facility Location Logs/L100/phase1/scenario_generation.log"
Set parameter LogToConsole to value 0

Gurobi 12.0.3 (mac64[arm]) logging started Tue Sep 23 15:46:19 2025

Set parameter LogFile to value "Logs/Facility Location Logs/L100/phase1/scenario_generation.log"
Gurobi Optimizer version 12.0.3 build v12.0.3rc0 (mac64[arm] - Darwin 24.6.0 24G222)

CPU model: Apple M3
Thread count: 8 physical cores, 8 logical processors, using up to 8 threads

Non-default parameters:
LogToConsole  0

Optimize a model with 75 rows, 1325 columns and 2575 nonzeros
Model fingerprint: 0xce226ab4
Variable types: 1300 continuous, 25 integer (25 binary)
Coefficient statistics:
  Matrix range     [1e+00, 2e+04]
  Objective range  [8e-03, 8e+03]
  Bounds range     [0e+00, 0e+00]
  RHS range        [8e+02, 1e+04]
Found heuristic solution: objective 4784200.0000
Presolve removed 0 rows and 1 columns
Presolve time: 0.00s
Presolved: 75 rows, 1324 columns, 2574 nonzeros
Variable types: 1300 continuous, 24 integer (24 binary)

Root relaxation: objective 8.651660e+04, 141 iterations, 0.00 seconds (0.00 work units)

    Nodes    |    Current Node    |     Objective Bounds      |     Work
 Expl Unexpl |  Obj  Depth IntInf | Incumbent    BestBd   Gap | It/Node Time

     0     0 86516.6001    0   24 4784200.00 86516.6001  98.2%     -    0s
H    0     0                    226174.60011 86516.6001  61.7%     -    0s
H    0     0                    196461.58086 86516.6001  56.0%     -    0s
H    0     0                    140411.13140 86516.6001  38.4%     -    0s
H    0     0                    136232.24528 86516.6001  36.5%     -    0s
H    0     0                    103410.13475 91361.5792  11.7%     -    0s
     0     0 91361.5792    0   12 103410.135 91361.5792  11.7%     -    0s
H    0     0                    97584.577618 91368.7016  6.37%     -    0s
     0     0 91368.7016    0   12 97584.5776 91368.7016  6.37%     -    0s
     0     0 91823.3054    0    8 97584.5776 91823.3054  5.90%     -    0s
H    0     0                    97484.127170 91863.8432  5.77%     -    0s
H    0     0                    97118.194270 91863.8432  5.41%     -    0s
     0     0 91863.8432    0    7 97118.1943 91863.8432  5.41%     -    0s
H    0     0                    97094.618505 92001.5620  5.25%     -    0s
H    0     0                    96918.696192 92001.5620  5.07%     -    0s
     0     0 92001.5620    0    6 96918.6962 92001.5620  5.07%     -    0s
H    0     0                    96811.186693 92015.4700  4.95%     -    0s
     0     0 92015.4700    0    5 96811.1867 92015.4700  4.95%     -    0s
H    0     0                    96785.849146 92015.4700  4.93%     -    0s
     0     0 92136.5106    0    6 96785.8491 92136.5106  4.80%     -    0s
     0     0 92184.3543    0    1 96785.8491 92184.3543  4.75%     -    0s
     0     0 92190.5867    0    3 96785.8491 92190.5867  4.75%     -    0s
H    0     0                    96437.879626 92190.5867  4.40%     -    0s
     0     0 92190.5867    0    3 96437.8796 92190.5867  4.40%     -    0s
H    0     0                    96327.773740 92190.5867  4.29%     -    0s
H    0     0                    96298.532281 92190.6101  4.27%     -    0s
H    0     2                    96284.655324 92190.6101  4.25%     -    0s
     0     2 92190.6101    0    3 96284.6553 92190.6101  4.25%     -    0s
H   26    62                    96272.819796 92295.9337  4.13%  34.2    0s
H   61    62                    96268.943680 92315.1892  4.11%  25.0    0s
*  448   283              13    96224.813819 92331.7003  4.05%  23.0    0s

Cutting planes:
  Implied bound: 139
  MIR: 9
  Flow cover: 2
  Inf proof: 6
  Relax-and-lift: 2

Explored 3505 nodes (79401 simplex iterations) in 0.29 seconds (0.62 work units)
Thread count was 8 (of 8 available processors)

Solution count 10: 96224.8 96268.9 96437.9 ... 136232

Optimal solution found (tolerance 1.00e-04)
Best objective 9.622481381850e+04, best bound 9.622481381850e+04, gap 0.0000%

User-callback calls 7365, time in user-callback 0.00 sec

Gurobi 12.0.3 (mac64[arm]) logging started Tue Sep 23 15:46:19 2025

Set parameter LogFile to value "Logs/Facility Location Logs/L100/phase1/scenario_generation.log"
Set parameter LogToConsole to value 0

Gurobi 12.0.3 (mac64[arm]) logging started Tue Sep 23 15:46:19 2025

Set parameter LogFile to value "Logs/Facility Location Logs/L100/phase1/scenario_generation.log"
Gurobi Optimizer version 12.0.3 build v12.0.3rc0 (mac64[arm] - Darwin 24.6.0 24G222)

CPU model: Apple M3
Thread count: 8 physical cores, 8 logical processors, using up to 8 threads

Non-default parameters:
LogToConsole  0

Optimize a model with 75 rows, 1325 columns and 2575 nonzeros
Model fingerprint: 0xc10b2e9c
Variable types: 1300 continuous, 25 integer (25 binary)
Coefficient statistics:
  Matrix range     [1e+00, 2e+04]
  Objective range  [8e-03, 8e+03]
  Bounds range     [0e+00, 0e+00]
  RHS range        [1e+03, 3e+04]
Found heuristic solution: objective 6353400.0000
Presolve removed 0 rows and 1 columns
Presolve time: 0.00s
Presolved: 75 rows, 1324 columns, 2574 nonzeros
Variable types: 1300 continuous, 24 integer (24 binary)

Root relaxation: objective 1.445693e+05, 128 iterations, 0.00 seconds (0.00 work units)

    Nodes    |    Current Node    |     Objective Bounds      |     Work
 Expl Unexpl |  Obj  Depth IntInf | Incumbent    BestBd   Gap | It/Node Time

     0     0 144569.303    0   22 6353400.00 144569.303  97.7%     -    0s
H    0     0                    268535.30319 144569.303  46.2%     -    0s
H    0     0                    232916.14824 144569.303  37.9%     -    0s
H    0     0                    218956.75114 144569.303  34.0%     -    0s
H    0     0                    213437.34694 144569.303  32.3%     -    0s
H    0     0                    188694.65394 149277.410  20.9%     -    0s
H    0     0                    154528.27388 149277.410  3.40%     -    0s
     0     0 149277.410    0   11 154528.274 149277.410  3.40%     -    0s
     0     0 149412.250    0   11 154528.274 149412.250  3.31%     -    0s
H    0     0                    153816.75611 149412.250  2.86%     -    0s
     0     0 149764.366    0    9 153816.756 149764.366  2.63%     -    0s
     0     0 149846.827    0    8 153816.756 149846.827  2.58%     -    0s
     0     0 149990.349    0    8 153816.756 149990.349  2.49%     -    0s
     0     0 150001.562    0    8 153816.756 150001.562  2.48%     -    0s
     0     0 150002.741    0    8 153816.756 150002.741  2.48%     -    0s
     0     0 150092.891    0    5 153816.756 150092.891  2.42%     -    0s
     0     0 150109.131    0    2 153816.756 150109.131  2.41%     -    0s
     0     0 150122.998    0    4 153816.756 150122.998  2.40%     -    0s
     0     0 150126.881    0    3 153816.756 150126.881  2.40%     -    0s
     0     0 150144.716    0    2 153816.756 150144.716  2.39%     -    0s
H    0     0                    153798.44458 150144.721  2.38%     -    0s
     0     0 150144.964    0    2 153798.445 150144.964  2.38%     -    0s
     0     0 150146.263    0    2 153798.445 150146.263  2.37%     -    0s
     0     0 150146.263    0    2 153798.445 150146.263  2.37%     -    0s
H    0     0                    153495.99584 150146.263  2.18%     -    0s
H    0     0                    153319.41816 150146.263  2.07%     -    0s
     0     2 150146.284    0    2 153319.418 150146.284  2.07%     -    0s

Cutting planes:
  Implied bound: 174
  MIR: 7
  Flow cover: 1
  Inf proof: 6
  Relax-and-lift: 5

Explored 7135 nodes (155653 simplex iterations) in 0.52 seconds (1.18 work units)
Thread count was 8 (of 8 available processors)

Solution count 10: 153319 153496 153798 ... 6.3534e+06

Optimal solution found (tolerance 1.00e-04)
Best objective 1.533194181634e+05, best bound 1.533194181634e+05, gap 0.0000%

User-callback calls 14663, time in user-callback 0.00 sec

Gurobi 12.0.3 (mac64[arm]) logging started Tue Sep 23 15:46:20 2025

Set parameter LogFile to value "Logs/Facility Location Logs/L100/phase1/scenario_generation.log"
Set parameter LogToConsole to value 0

Gurobi 12.0.3 (mac64[arm]) logging started Tue Sep 23 15:46:20 2025

Set parameter LogFile to value "Logs/Facility Location Logs/L100/phase1/scenario_generation.log"
Gurobi Optimizer version 12.0.3 build v12.0.3rc0 (mac64[arm] - Darwin 24.6.0 24G222)

CPU model: Apple M3
Thread count: 8 physical cores, 8 logical processors, using up to 8 threads

Non-default parameters:
LogToConsole  0

Optimize a model with 75 rows, 1325 columns and 2575 nonzeros
Model fingerprint: 0x1638bae8
Variable types: 1300 continuous, 25 integer (25 binary)
Coefficient statistics:
  Matrix range     [1e+00, 2e+04]
  Objective range  [8e-03, 8e+03]
  Bounds range     [0e+00, 0e+00]
  RHS range        [1e+03, 8e+03]
Found heuristic solution: objective 5738000.0000
Presolve removed 0 rows and 1 columns
Presolve time: 0.00s
Presolved: 75 rows, 1324 columns, 2574 nonzeros
Variable types: 1300 continuous, 24 integer (24 binary)

Root relaxation: objective 8.664407e+04, 131 iterations, 0.00 seconds (0.00 work units)

    Nodes    |    Current Node    |     Objective Bounds      |     Work
 Expl Unexpl |  Obj  Depth IntInf | Incumbent    BestBd   Gap | It/Node Time

     0     0 86644.0721    0   24 5738000.00 86644.0721  98.5%     -    0s
H    0     0                    216764.07208 86644.0721  60.0%     -    0s
H    0     0                    194947.14739 86644.0721  55.6%     -    0s
H    0     0                    181560.58146 86644.0721  52.3%     -    0s
H    0     0                    159881.23736 86644.0721  45.8%     -    0s
H    0     0                    136835.31472 91792.4479  32.9%     -    0s
H    0     0                    102193.80548 91792.4479  10.2%     -    0s
H    0     0                    97239.695425 91792.4479  5.60%     -    0s
     0     0 91792.4479    0   14 97239.6954 91792.4479  5.60%     -    0s
H    0     0                    95433.741135 91896.6859  3.71%     -    0s
     0     0 91896.6859    0   12 95433.7411 91896.6859  3.71%     -    0s
     0     0 92343.0533    0   13 95433.7411 92343.0533  3.24%     -    0s
     0     0 92390.4052    0   12 95433.7411 92390.4052  3.19%     -    0s
H    0     0                    95269.027650 92393.2904  3.02%     -    0s
     0     0 92393.2904    0   12 95269.0277 92393.2904  3.02%     -    0s
     0     0 92554.3576    0   14 95269.0277 92554.3576  2.85%     -    0s
     0     0 92646.1882    0   12 95269.0277 92646.1882  2.75%     -    0s
     0     0 92647.2662    0   13 95269.0277 92647.2662  2.75%     -    0s
     0     0 92818.5010    0    8 95269.0277 92818.5010  2.57%     -    0s
     0     0 92825.3204    0    9 95269.0277 92825.3204  2.57%     -    0s
     0     0 92825.3678    0    8 95269.0277 92825.3678  2.57%     -    0s
     0     0 92873.2958    0    5 95269.0277 92873.2958  2.51%     -    0s
H    0     0                    95121.481843 92874.5054  2.36%     -    0s
     0     0 92874.5054    0    6 95121.4818 92874.5054  2.36%     -    0s
     0     0 92898.7703    0    6 95121.4818 92898.7703  2.34%     -    0s
     0     0 92898.7703    0    6 95121.4818 92898.7703  2.34%     -    0s
     0     2 92898.7703    0    6 95121.4818 92898.7703  2.34%     -    0s
H   57    64                    95100.081388 92957.2210  2.25%  19.6    0s
H  411   315                    95099.301009 92986.4818  2.22%  20.9    0s
H  428   315                    95097.453709 92989.0549  2.22%  21.1    0s
* 1145   655              11    95054.888586 93056.8438  2.10%  21.5    0s
H 3318  1284                    95054.886818 93257.2508  1.89%  21.6    0s
*11325  1900              21    95027.199246 93504.1648  1.60%  21.7    1s

Cutting planes:
  Implied bound: 109
  MIR: 238
  Mixing: 1
  Flow cover: 7
  Relax-and-lift: 9

Explored 21730 nodes (473808 simplex iterations) in 2.03 seconds (4.59 work units)
Thread count was 8 (of 8 available processors)

Solution count 10: 95027.2 95054.9 95054.9 ... 97239.7

Optimal solution found (tolerance 1.00e-04)
Best objective 9.502719924581e+04, best bound 9.502719924581e+04, gap 0.0000%

User-callback calls 44344, time in user-callback 0.00 sec

Gurobi 12.0.3 (mac64[arm]) logging started Tue Sep 23 15:46:22 2025

Set parameter LogFile to value "Logs/Facility Location Logs/L100/phase1/scenario_generation.log"
Set parameter LogToConsole to value 0

Gurobi 12.0.3 (mac64[arm]) logging started Tue Sep 23 15:46:22 2025

Set parameter LogFile to value "Logs/Facility Location Logs/L100/phase1/scenario_generation.log"
Gurobi Optimizer version 12.0.3 build v12.0.3rc0 (mac64[arm] - Darwin 24.6.0 24G222)

CPU model: Apple M3
Thread count: 8 physical cores, 8 logical processors, using up to 8 threads

Non-default parameters:
LogToConsole  0

Optimize a model with 75 rows, 1325 columns and 2575 nonzeros
Model fingerprint: 0x450e8f48
Variable types: 1300 continuous, 25 integer (25 binary)
Coefficient statistics:
  Matrix range     [1e+00, 2e+04]
  Objective range  [8e-03, 8e+03]
  Bounds range     [0e+00, 0e+00]
  RHS range        [1e+03, 2e+04]
Found heuristic solution: objective 6101450.0000
Presolve removed 0 rows and 1 columns
Presolve time: 0.00s
Presolved: 75 rows, 1324 columns, 2574 nonzeros
Variable types: 1300 continuous, 24 integer (24 binary)

Root relaxation: objective 1.127032e+05, 115 iterations, 0.00 seconds (0.00 work units)

    Nodes    |    Current Node    |     Objective Bounds      |     Work
 Expl Unexpl |  Obj  Depth IntInf | Incumbent    BestBd   Gap | It/Node Time

     0     0 112703.216    0   23 6101450.00 112703.216  98.2%     -    0s
H    0     0                    239188.71558 112703.216  52.9%     -    0s
H    0     0                    224518.10090 112703.216  49.8%     -    0s
H    0     0                    211023.32701 112703.216  46.6%     -    0s
H    0     0                    197533.13752 113234.011  42.7%     -    0s
H    0     0                    190134.82063 113234.011  40.4%     -    0s
H    0     0                    160395.28689 117265.023  26.9%     -    0s
H    0     0                    125345.78395 117265.023  6.45%     -    0s
     0     0 117265.023    0    9 125345.784 117265.023  6.45%     -    0s
     0     0 117305.688    0    9 125345.784 117305.688  6.41%     -    0s
     0     0 117813.412    0   11 125345.784 117813.412  6.01%     -    0s
H    0     0                    124844.75613 117857.070  5.60%     -    0s
     0     0 117857.070    0   10 124844.756 117857.070  5.60%     -    0s
H    0     0                    123843.64437 117857.070  4.83%     -    0s
     0     0 118002.176    0   12 123843.644 118002.176  4.72%     -    0s
     0     0 118015.848    0    9 123843.644 118015.848  4.71%     -    0s
     0     0 118016.178    0    9 123843.644 118016.178  4.71%     -    0s
     0     0 118106.937    0    6 123843.644 118106.937  4.63%     -    0s
     0     0 118116.990    0    5 123843.644 118116.990  4.62%     -    0s
     0     0 118121.376    0    6 123843.644 118121.376  4.62%     -    0s
     0     0 118123.517    0    5 123843.644 118123.517  4.62%     -    0s
     0     0 118131.443    0    3 123843.644 118131.443  4.61%     -    0s
     0     0 118133.227    0    3 123843.644 118133.227  4.61%     -    0s
     0     0 118136.273    0    6 123843.644 118136.273  4.61%     -    0s
     0     0 118136.281    0    6 123843.644 118136.281  4.61%     -    0s
     0     2 118136.290    0    6 123843.644 118136.290  4.61%     -    0s
H   26    64                    123830.47607 118346.437  4.43%  18.3    0s
H   31    64                    123808.55754 118346.437  4.41%  17.6    0s
*  373   226               8    123704.10913 118389.960  4.30%  22.3    0s
H  463   249                    123669.04907 118421.126  4.24%  22.0    0s
* 1465   438               6    123605.67956 118785.528  3.90%  24.8    0s
* 1915   442               8    123593.32906 119456.292  3.35%  24.5    0s

Cutting planes:
  Implied bound: 189
  MIR: 10
  Flow cover: 2
  Inf proof: 9
  Relax-and-lift: 4

Explored 5660 nodes (113826 simplex iterations) in 0.44 seconds (0.95 work units)
Thread count was 8 (of 8 available processors)

Solution count 10: 123593 123606 123669 ... 197533

Optimal solution found (tolerance 1.00e-04)
Best objective 1.235933290641e+05, best bound 1.235933290641e+05, gap 0.0000%

User-callback calls 11723, time in user-callback 0.00 sec

Gurobi 12.0.3 (mac64[arm]) logging started Tue Sep 23 15:46:22 2025

Set parameter LogFile to value "Logs/Facility Location Logs/L100/phase1/scenario_generation.log"
Set parameter LogToConsole to value 0

Gurobi 12.0.3 (mac64[arm]) logging started Tue Sep 23 15:46:22 2025

Set parameter LogFile to value "Logs/Facility Location Logs/L100/phase1/scenario_generation.log"
Gurobi Optimizer version 12.0.3 build v12.0.3rc0 (mac64[arm] - Darwin 24.6.0 24G222)

CPU model: Apple M3
Thread count: 8 physical cores, 8 logical processors, using up to 8 threads

Non-default parameters:
LogToConsole  0

Optimize a model with 75 rows, 1325 columns and 2575 nonzeros
Model fingerprint: 0x2170336a
Variable types: 1300 continuous, 25 integer (25 binary)
Coefficient statistics:
  Matrix range     [1e+00, 2e+04]
  Objective range  [8e-03, 8e+03]
  Bounds range     [0e+00, 0e+00]
  RHS range        [5e+02, 1e+04]
Found heuristic solution: objective 4161450.0000
Presolve removed 0 rows and 1 columns
Presolve time: 0.00s
Presolved: 75 rows, 1324 columns, 2574 nonzeros
Variable types: 1300 continuous, 24 integer (24 binary)

Root relaxation: objective 8.365070e+04, 131 iterations, 0.00 seconds (0.00 work units)

    Nodes    |    Current Node    |     Objective Bounds      |     Work
 Expl Unexpl |  Obj  Depth IntInf | Incumbent    BestBd   Gap | It/Node Time

     0     0 83650.6995    0   23 4161450.00 83650.6995  98.0%     -    0s
H    0     0                    222036.19945 83650.6995  62.3%     -    0s
H    0     0                    192446.37327 83650.6995  56.5%     -    0s
H    0     0                    149176.52689 83650.6995  43.9%     -    0s
H    0     0                    142331.83078 83650.6995  41.2%     -    0s
H    0     0                    114798.24265 88365.4151  23.0%     -    0s
     0     0 88365.4151    0    9 114798.243 88365.4151  23.0%     -    0s
H    0     0                    113230.95918 88422.1375  21.9%     -    0s
     0     0 88422.1375    0    9 113230.959 88422.1375  21.9%     -    0s
H    0     0                    107568.65669 88743.9413  17.5%     -    0s
     0     0 88781.3223    0    9 107568.657 88781.3223  17.5%     -    0s
H    0     0                    101354.49034 88791.3337  12.4%     -    0s
H    0     0                    95042.853546 88791.3337  6.58%     -    0s
     0     0 88868.1712    0    8 95042.8535 88868.1712  6.50%     -    0s
H    0     0                    92502.959177 88871.0339  3.93%     -    0s
H    0     0                    92029.880858 88871.0339  3.43%     -    0s
     0     0 88871.0339    0    5 92029.8809 88871.0339  3.43%     -    0s
     0     0 88938.1922    0    5 92029.8809 88938.1922  3.36%     -    0s
     0     0 89076.4652    0    5 92029.8809 89076.4652  3.21%     -    0s
     0     0 89206.9854    0    2 92029.8809 89206.9854  3.07%     -    0s
     0     0 89211.4150    0    4 92029.8809 89211.4150  3.06%     -    0s
     0     0 89211.4150    0    4 92029.8809 89211.4150  3.06%     -    0s
H    0     0                    92018.936701 89211.4150  3.05%     -    0s
H    0     2                    91999.612454 89211.4425  3.03%     -    0s
     0     2 89211.4425    0    4 91999.6125 89211.4425  3.03%     -    0s
*  936    10               4    91985.355245 91522.9006  0.50%  23.0    0s

Cutting planes:
  Implied bound: 110
  MIR: 7
  Flow cover: 9
  Relax-and-lift: 5

Explored 966 nodes (22513 simplex iterations) in 0.15 seconds (0.29 work units)
Thread count was 8 (of 8 available processors)

Solution count 10: 91985.4 91999.6 92029.9 ... 149177

Optimal solution found (tolerance 1.00e-04)
Best objective 9.198535524525e+04, best bound 9.198535524525e+04, gap 0.0000%

User-callback calls 2243, time in user-callback 0.00 sec

Gurobi 12.0.3 (mac64[arm]) logging started Tue Sep 23 15:46:22 2025

Set parameter LogFile to value "Logs/Facility Location Logs/L100/phase1/scenario_generation.log"
Set parameter LogToConsole to value 0

Gurobi 12.0.3 (mac64[arm]) logging started Tue Sep 23 15:46:22 2025

Set parameter LogFile to value "Logs/Facility Location Logs/L100/phase1/scenario_generation.log"
Gurobi Optimizer version 12.0.3 build v12.0.3rc0 (mac64[arm] - Darwin 24.6.0 24G222)

CPU model: Apple M3
Thread count: 8 physical cores, 8 logical processors, using up to 8 threads

Non-default parameters:
LogToConsole  0

Optimize a model with 75 rows, 1325 columns and 2575 nonzeros
Model fingerprint: 0x6323bdeb
Variable types: 1300 continuous, 25 integer (25 binary)
Coefficient statistics:
  Matrix range     [1e+00, 2e+04]
  Objective range  [8e-03, 8e+03]
  Bounds range     [0e+00, 0e+00]
  RHS range        [1e+03, 3e+04]
Found heuristic solution: objective 6327700.0000
Presolve removed 0 rows and 1 columns
Presolve time: 0.00s
Presolved: 75 rows, 1324 columns, 2574 nonzeros
Variable types: 1300 continuous, 24 integer (24 binary)

Root relaxation: objective 1.337223e+05, 117 iterations, 0.00 seconds (0.00 work units)

    Nodes    |    Current Node    |     Objective Bounds      |     Work
 Expl Unexpl |  Obj  Depth IntInf | Incumbent    BestBd   Gap | It/Node Time

     0     0 133722.295    0   23 6327700.00 133722.295  97.9%     -    0s
H    0     0                    257945.29535 133722.295  48.2%     -    0s
H    0     0                    235841.92845 133722.295  43.3%     -    0s
H    0     0                    215217.18078 133722.295  37.9%     -    0s
H    0     0                    214351.13922 138255.620  35.5%     -    0s
H    0     0                    177572.18580 138255.620  22.1%     -    0s
H    0     0                    143196.40715 138255.620  3.45%     -    0s
     0     0 138255.620    0   14 143196.407 138255.620  3.45%     -    0s
     0     0 138286.530    0   12 143196.407 138286.530  3.43%     -    0s
     0     0 138773.869    0   12 143196.407 138773.869  3.09%     -    0s
H    0     0                    143174.63180 138830.597  3.03%     -    0s
     0     0 138830.597    0   11 143174.632 138830.597  3.03%     -    0s
     0     0 139103.503    0   10 143174.632 139103.503  2.84%     -    0s
     0     0 139110.355    0    9 143174.632 139110.355  2.84%     -    0s
     0     0 139110.355    0    9 143174.632 139110.355  2.84%     -    0s
     0     0 139213.764    0    9 143174.632 139213.764  2.77%     -    0s
H    0     0                    143148.51183 139213.804  2.75%     -    0s
     0     0 139220.462    0    7 143148.512 139220.462  2.74%     -    0s
     0     0 139244.079    0    9 143148.512 139244.079  2.73%     -    0s
     0     0 139247.792    0    9 143148.512 139247.792  2.72%     -    0s
     0     2 139247.792    0    9 143148.512 139247.792  2.72%     -    0s
H   31    64                    143133.82595 139266.536  2.70%  17.2    0s
H  138   160                    143131.60773 139266.536  2.70%  17.0    0s
H  195   164                    142763.41896 139266.536  2.45%  18.9    0s
H  803   393                    142733.57134 139413.094  2.33%  22.1    0s

Cutting planes:
  Implied bound: 171
  MIR: 8
  Flow cover: 3
  Inf proof: 12
  Relax-and-lift: 5

Explored 4529 nodes (118334 simplex iterations) in 0.43 seconds (0.95 work units)
Thread count was 8 (of 8 available processors)

Solution count 9: 142734 142763 143132 ... 6.3277e+06

Optimal solution found (tolerance 1.00e-04)
Best objective 1.427335713371e+05, best bound 1.427335713371e+05, gap 0.0000%

User-callback calls 9417, time in user-callback 0.00 sec

Gurobi 12.0.3 (mac64[arm]) logging started Tue Sep 23 15:46:23 2025

Set parameter LogFile to value "Logs/Facility Location Logs/L100/phase1/scenario_generation.log"
Set parameter LogToConsole to value 0

Gurobi 12.0.3 (mac64[arm]) logging started Tue Sep 23 15:46:23 2025

Set parameter LogFile to value "Logs/Facility Location Logs/L100/phase1/scenario_generation.log"
Gurobi Optimizer version 12.0.3 build v12.0.3rc0 (mac64[arm] - Darwin 24.6.0 24G222)

CPU model: Apple M3
Thread count: 8 physical cores, 8 logical processors, using up to 8 threads

Non-default parameters:
LogToConsole  0

Optimize a model with 75 rows, 1325 columns and 2575 nonzeros
Model fingerprint: 0x733b41a1
Variable types: 1300 continuous, 25 integer (25 binary)
Coefficient statistics:
  Matrix range     [1e+00, 2e+04]
  Objective range  [8e-03, 8e+03]
  Bounds range     [0e+00, 0e+00]
  RHS range        [6e+02, 2e+04]
Found heuristic solution: objective 4545750.0000
Presolve removed 0 rows and 1 columns
Presolve time: 0.00s
Presolved: 75 rows, 1324 columns, 2574 nonzeros
Variable types: 1300 continuous, 24 integer (24 binary)

Root relaxation: objective 9.524943e+04, 159 iterations, 0.00 seconds (0.00 work units)

    Nodes    |    Current Node    |     Objective Bounds      |     Work
 Expl Unexpl |  Obj  Depth IntInf | Incumbent    BestBd   Gap | It/Node Time

     0     0 95249.4333    0   22 4545750.00 95249.4333  97.9%     -    0s
H    0     0                    229791.93325 95249.4333  58.5%     -    0s
H    0     0                    207620.21479 95249.4333  54.1%     -    0s
H    0     0                    194101.58545 95249.4333  50.9%     -    0s
H    0     0                    188353.73094 95249.4333  49.4%     -    0s
H    0     0                    187261.64918 95249.4333  49.1%     -    0s
H    0     0                    186760.08907 95249.4333  49.0%     -    0s
H    0     0                    186653.76932 96969.6615  48.0%     -    0s
H    0     0                    181951.31428 96969.6615  46.7%     -    0s
H    0     0                    181373.27448 96969.6615  46.5%     -    0s
H    0     0                    179260.42843 99935.2670  44.3%     -    0s
H    0     0                    156905.07372 99935.2670  36.3%     -    0s
H    0     0                    120893.80869 99935.2670  17.3%     -    0s
     0     0 99935.2670    0    7 120893.809 99935.2670  17.3%     -    0s
     0     0 100084.291    0    7 120893.809 100084.291  17.2%     -    0s
H    0     0                    115036.71267 100084.291  13.0%     -    0s
H    0     0                    111020.45666 100084.291  9.85%     -    0s
     0     0 100406.303    0    5 111020.457 100406.303  9.56%     -    0s
H    0     0                    107574.65156 100406.303  6.66%     -    0s
H    0     0                    107313.40336 100406.303  6.44%     -    0s
H    0     0                    106716.09975 100406.303  5.91%     -    0s
     0     0 100468.829    0    9 106716.100 100468.829  5.85%     -    0s
     0     0 100479.794    0   10 106716.100 100479.794  5.84%     -    0s
     0     0 100606.511    0    4 106716.100 100606.511  5.73%     -    0s
H    0     0                    106539.96866 100606.511  5.57%     -    0s
     0     0 100663.423    0    1 106539.969 100663.423  5.52%     -    0s
     0     0 100663.977    0    1 106539.969 100663.977  5.52%     -    0s
     0     0 100663.977    0    1 106539.969 100663.977  5.52%     -    0s
H    0     0                    106422.89124 100663.977  5.41%     -    0s
     0     2 100663.977    0    1 106422.891 100663.977  5.41%     -    0s
H   36    64                    106419.30942 100676.815  5.40%  21.2    0s

Cutting planes:
  Implied bound: 101
  MIR: 7
  Flow cover: 6
  Inf proof: 4
  Relax-and-lift: 9

Explored 4385 nodes (89592 simplex iterations) in 0.31 seconds (0.65 work units)
Thread count was 8 (of 8 available processors)

Solution count 10: 106419 106540 107313 ... 181951

Optimal solution found (tolerance 1.00e-04)
Best objective 1.064193094151e+05, best bound 1.064193094151e+05, gap 0.0000%

User-callback calls 9120, time in user-callback 0.00 sec

Gurobi 12.0.3 (mac64[arm]) logging started Tue Sep 23 15:46:23 2025

Set parameter LogFile to value "Logs/Facility Location Logs/L100/phase1/scenario_generation.log"
Set parameter LogToConsole to value 0

Gurobi 12.0.3 (mac64[arm]) logging started Tue Sep 23 15:46:23 2025

Set parameter LogFile to value "Logs/Facility Location Logs/L100/phase1/scenario_generation.log"
Gurobi Optimizer version 12.0.3 build v12.0.3rc0 (mac64[arm] - Darwin 24.6.0 24G222)

CPU model: Apple M3
Thread count: 8 physical cores, 8 logical processors, using up to 8 threads

Non-default parameters:
LogToConsole  0

Optimize a model with 75 rows, 1325 columns and 2575 nonzeros
Model fingerprint: 0xcfedbb9c
Variable types: 1300 continuous, 25 integer (25 binary)
Coefficient statistics:
  Matrix range     [1e+00, 2e+04]
  Objective range  [8e-03, 8e+03]
  Bounds range     [0e+00, 0e+00]
  RHS range        [1e+03, 8e+03]
Found heuristic solution: objective 5822950.0000
Presolve removed 0 rows and 1 columns
Presolve time: 0.00s
Presolved: 75 rows, 1324 columns, 2574 nonzeros
Variable types: 1300 continuous, 24 integer (24 binary)

Root relaxation: objective 9.687579e+04, 151 iterations, 0.00 seconds (0.00 work units)

    Nodes    |    Current Node    |     Objective Bounds      |     Work
 Expl Unexpl |  Obj  Depth IntInf | Incumbent    BestBd   Gap | It/Node Time

     0     0 96875.7861    0   24 5822950.00 96875.7861  98.3%     -    0s
H    0     0                    226146.28612 96875.7861  57.2%     -    0s
H    0     0                    211462.90669 96875.7861  54.2%     -    0s
H    0     0                    211455.37532 96875.7861  54.2%     -    0s
H    0     0                    210011.82082 96875.7861  53.9%     -    0s
H    0     0                    169416.11029 96875.7861  42.8%     -    0s
H    0     0                    146039.11433 101689.769  30.4%     -    0s
H    0     0                    111696.53923 101689.769  8.96%     -    0s
     0     0 101689.769    0   11 111696.539 101689.769  8.96%     -    0s
H    0     0                    106013.79523 101783.551  3.99%     -    0s
H    0     0                    104883.72962 101783.551  2.96%     -    0s
     0     0 101783.551    0   10 104883.730 101783.551  2.96%     -    0s
H    0     0                    104737.66898 101783.551  2.82%     -    0s
     0     0 102149.505    0    7 104737.669 102149.505  2.47%     -    0s
     0     0 102199.830    0    6 104737.669 102199.830  2.42%     -    0s
H    0     0                    104017.37774 102199.830  1.75%     -    0s
     0     0 102388.160    0    8 104017.378 102388.160  1.57%     -    0s
     0     0 102396.808    0    7 104017.378 102396.808  1.56%     -    0s
     0     0 102510.960    0    8 104017.378 102510.960  1.45%     -    0s
     0     0 102518.219    0    7 104017.378 102518.219  1.44%     -    0s
     0     0 102518.307    0    6 104017.378 102518.307  1.44%     -    0s
     0     0 102549.974    0    6 104017.378 102549.974  1.41%     -    0s
     0     0 102554.351    0    7 104017.378 102554.351  1.41%     -    0s
     0     0 102555.177    0    7 104017.378 102555.177  1.41%     -    0s
     0     0 102561.693    0    4 104017.378 102561.693  1.40%     -    0s
H    0     0                    103996.79628 102561.693  1.38%     -    0s
     0     0 102561.707    0    4 103996.796 102561.707  1.38%     -    0s
     0     0 102564.408    0    6 103996.796 102564.408  1.38%     -    0s
     0     0 102564.411    0    6 103996.796 102564.411  1.38%     -    0s
     0     2 102564.425    0    6 103996.796 102564.425  1.38%     -    0s

Cutting planes:
  Implied bound: 142
  MIR: 12
  Flow cover: 6
  Relax-and-lift: 3

Explored 3015 nodes (57537 simplex iterations) in 0.28 seconds (0.58 work units)
Thread count was 8 (of 8 available processors)

Solution count 10: 103997 104017 104738 ... 211455

Optimal solution found (tolerance 1.00e-04)
Best objective 1.039967962826e+05, best bound 1.039967962826e+05, gap 0.0000%

User-callback calls 6393, time in user-callback 0.00 sec

Gurobi 12.0.3 (mac64[arm]) logging started Tue Sep 23 15:46:23 2025

Set parameter LogFile to value "Logs/Facility Location Logs/L100/phase1/scenario_generation.log"
Set parameter LogToConsole to value 0

Gurobi 12.0.3 (mac64[arm]) logging started Tue Sep 23 15:46:23 2025

Set parameter LogFile to value "Logs/Facility Location Logs/L100/phase1/scenario_generation.log"
Gurobi Optimizer version 12.0.3 build v12.0.3rc0 (mac64[arm] - Darwin 24.6.0 24G222)

CPU model: Apple M3
Thread count: 8 physical cores, 8 logical processors, using up to 8 threads

Non-default parameters:
LogToConsole  0

Optimize a model with 75 rows, 1325 columns and 2575 nonzeros
Model fingerprint: 0x2c2d75dd
Variable types: 1300 continuous, 25 integer (25 binary)
Coefficient statistics:
  Matrix range     [1e+00, 2e+04]
  Objective range  [8e-03, 8e+03]
  Bounds range     [0e+00, 0e+00]
  RHS range        [1e+03, 1e+04]
Found heuristic solution: objective 5451000.0000
Presolve removed 0 rows and 1 columns
Presolve time: 0.00s
Presolved: 75 rows, 1324 columns, 2574 nonzeros
Variable types: 1300 continuous, 24 integer (24 binary)

Root relaxation: objective 9.412893e+04, 110 iterations, 0.00 seconds (0.00 work units)

    Nodes    |    Current Node    |     Objective Bounds      |     Work
 Expl Unexpl |  Obj  Depth IntInf | Incumbent    BestBd   Gap | It/Node Time

     0     0 94128.9275    0   24 5451000.00 94128.9275  98.3%     -    0s
H    0     0                    227118.92753 94128.9275  58.6%     -    0s
H    0     0                    197823.76057 94128.9275  52.4%     -    0s
H    0     0                    155275.08640 94128.9275  39.4%     -    0s
H    0     0                    147069.75567 94128.9275  36.0%     -    0s
H    0     0                    112821.20251 99073.2945  12.2%     -    0s
H    0     0                    106518.84342 99073.2945  6.99%     -    0s
     0     0 99073.2945    0   11 106518.843 99073.2945  6.99%     -    0s
H    0     0                    106171.17240 99188.4331  6.58%     -    0s
H    0     0                    105994.19993 99188.4331  6.42%     -    0s
     0     0 99188.4331    0   11 105994.200 99188.4331  6.42%     -    0s
     0     0 99545.8452    0    9 105994.200 99545.8452  6.08%     -    0s
H    0     0                    105499.10539 99578.5810  5.61%     -    0s
     0     0 99578.5810    0    9 105499.105 99578.5810  5.61%     -    0s
     0     0 99769.2631    0    8 105499.105 99769.2631  5.43%     -    0s
     0     0 99780.8479    0    7 105499.105 99780.8479  5.42%     -    0s
     0     0 99780.8479    0    7 105499.105 99780.8479  5.42%     -    0s
     0     0 99938.9210    0    5 105499.105 99938.9210  5.27%     -    0s
H    0     0                    105494.72746 99938.9210  5.27%     -    0s
     0     0 99966.7751    0    3 105494.727 99966.7751  5.24%     -    0s
H    0     0                    105424.57002 99967.0113  5.18%     -    0s
     0     0 99970.3383    0    7 105424.570 99970.3383  5.17%     -    0s
     0     0 99970.3383    0    7 105424.570 99970.3383  5.17%     -    0s
H    0     0                    104475.79650 99970.3383  4.31%     -    0s
     0     2 99970.3440    0    7 104475.797 99970.3440  4.31%     -    0s
H  514   370                    104437.91640 100112.210  4.14%  21.1    0s
H  879   524                    104424.92981 100237.263  4.01%  22.2    0s

Cutting planes:
  Implied bound: 225
  MIR: 10
  Flow cover: 9
  Inf proof: 21
  Relax-and-lift: 15

Explored 8562 nodes (214661 simplex iterations) in 0.78 seconds (1.74 work units)
Thread count was 8 (of 8 available processors)

Solution count 10: 104425 105425 105994 ... 5.451e+06

Optimal solution found (tolerance 1.00e-04)
Best objective 1.044249298140e+05, best bound 1.044249298140e+05, gap 0.0000%

User-callback calls 17588, time in user-callback 0.00 sec

Gurobi 12.0.3 (mac64[arm]) logging started Tue Sep 23 15:46:24 2025

Set parameter LogFile to value "Logs/Facility Location Logs/L100/phase1/scenario_generation.log"
Set parameter LogToConsole to value 0

Gurobi 12.0.3 (mac64[arm]) logging started Tue Sep 23 15:46:24 2025

Set parameter LogFile to value "Logs/Facility Location Logs/L100/phase1/scenario_generation.log"
Gurobi Optimizer version 12.0.3 build v12.0.3rc0 (mac64[arm] - Darwin 24.6.0 24G222)

CPU model: Apple M3
Thread count: 8 physical cores, 8 logical processors, using up to 8 threads

Non-default parameters:
LogToConsole  0

Optimize a model with 75 rows, 1325 columns and 2575 nonzeros
Model fingerprint: 0xadfa65d1
Variable types: 1300 continuous, 25 integer (25 binary)
Coefficient statistics:
  Matrix range     [1e+00, 2e+04]
  Objective range  [8e-03, 8e+03]
  Bounds range     [0e+00, 0e+00]
  RHS range        [1e+03, 2e+04]
Found heuristic solution: objective 6094250.0000
Presolve removed 0 rows and 1 columns
Presolve time: 0.00s
Presolved: 75 rows, 1324 columns, 2574 nonzeros
Variable types: 1300 continuous, 24 integer (24 binary)

Root relaxation: objective 1.252017e+05, 99 iterations, 0.00 seconds (0.00 work units)

    Nodes    |    Current Node    |     Objective Bounds      |     Work
 Expl Unexpl |  Obj  Depth IntInf | Incumbent    BestBd   Gap | It/Node Time

     0     0 125201.650    0   23 6094250.00 125201.650  97.9%     -    0s
H    0     0                    251759.15043 125201.650  50.3%     -    0s
H    0     0                    214971.71058 125201.650  41.8%     -    0s
H    0     0                    200648.88627 125201.650  37.6%     -    0s
H    0     0                    187658.33734 125201.650  33.3%     -    0s
H    0     0                    186999.60930 125201.650  33.0%     -    0s
     0     0 129689.208    0   11 186999.609 129689.208  30.6%     -    0s
H    0     0                    179265.66627 129752.779  27.6%     -    0s
H    0     0                    171416.16648 129752.779  24.3%     -    0s
H    0     0                    136983.46461 129752.779  5.28%     -    0s
     0     0 129752.779    0   11 136983.465 129752.779  5.28%     -    0s
     0     0 130279.771    0   10 136983.465 130279.771  4.89%     -    0s
H    0     0                    136978.53131 130327.037  4.86%     -    0s
     0     0 130327.037    0   11 136978.531 130327.037  4.86%     -    0s
     0     0 130475.776    0    9 136978.531 130475.776  4.75%     -    0s
H    0     0                    136014.26791 130489.464  4.06%     -    0s
     0     0 130489.464    0    8 136014.268 130489.464  4.06%     -    0s
     0     0 130577.138    0    9 136014.268 130577.138  4.00%     -    0s
H    0     0                    135986.64849 130585.835  3.97%     -    0s
     0     0 130586.726    0    9 135986.648 130586.726  3.97%     -    0s
     0     0 130586.957    0    9 135986.648 130586.957  3.97%     -    0s
     0     0 130606.450    0    7 135986.648 130606.450  3.96%     -    0s
     0     0 130606.622    0    7 135986.648 130606.622  3.96%     -    0s
     0     0 130624.706    0    6 135986.648 130624.706  3.94%     -    0s
     0     0 130630.431    0    6 135986.648 130630.431  3.94%     -    0s
     0     0 130632.428    0    6 135986.648 130632.428  3.94%     -    0s
     0     0 130635.683    0    9 135986.648 130635.683  3.93%     -    0s
     0     0 130635.725    0    9 135986.648 130635.725  3.93%     -    0s
     0     2 130635.725    0    9 135986.648 130635.725  3.93%     -    0s

Cutting planes:
  Implied bound: 186
  MIR: 21
  Flow cover: 6
  Inf proof: 8
  Relax-and-lift: 10

Explored 5768 nodes (142038 simplex iterations) in 0.48 seconds (1.07 work units)
Thread count was 8 (of 8 available processors)

Solution count 10: 135987 136014 136979 ... 251759

Optimal solution found (tolerance 1.00e-04)
Best objective 1.359866484881e+05, best bound 1.359866484881e+05, gap 0.0000%

User-callback calls 11918, time in user-callback 0.00 sec

Gurobi 12.0.3 (mac64[arm]) logging started Tue Sep 23 15:46:25 2025

Set parameter LogFile to value "Logs/Facility Location Logs/L100/phase1/scenario_generation.log"
Set parameter LogToConsole to value 0

Gurobi 12.0.3 (mac64[arm]) logging started Tue Sep 23 15:46:25 2025

Set parameter LogFile to value "Logs/Facility Location Logs/L100/phase1/scenario_generation.log"
Gurobi Optimizer version 12.0.3 build v12.0.3rc0 (mac64[arm] - Darwin 24.6.0 24G222)

CPU model: Apple M3
Thread count: 8 physical cores, 8 logical processors, using up to 8 threads

Non-default parameters:
LogToConsole  0

Optimize a model with 75 rows, 1325 columns and 2575 nonzeros
Model fingerprint: 0xf1e35d7a
Variable types: 1300 continuous, 25 integer (25 binary)
Coefficient statistics:
  Matrix range     [1e+00, 2e+04]
  Objective range  [8e-03, 8e+03]
  Bounds range     [0e+00, 0e+00]
  RHS range        [1e+03, 2e+04]
Found heuristic solution: objective 6131550.0000
Presolve removed 0 rows and 1 columns
Presolve time: 0.00s
Presolved: 75 rows, 1324 columns, 2574 nonzeros
Variable types: 1300 continuous, 24 integer (24 binary)

Root relaxation: objective 1.213848e+05, 129 iterations, 0.00 seconds (0.00 work units)

    Nodes    |    Current Node    |     Objective Bounds      |     Work
 Expl Unexpl |  Obj  Depth IntInf | Incumbent    BestBd   Gap | It/Node Time

     0     0 121384.774    0   23 6131550.00 121384.774  98.0%     -    0s
H    0     0                    247569.27397 121384.774  51.0%     -    0s
H    0     0                    218361.95264 121384.774  44.4%     -    0s
H    0     0                    212576.55054 121384.774  42.9%     -    0s
H    0     0                    206341.68855 121384.774  41.2%     -    0s
H    0     0                    192144.91803 121741.404  36.6%     -    0s
H    0     0                    177771.20947 121741.404  31.5%     -    0s
H    0     0                    167256.04082 126288.058  24.5%     -    0s
H    0     0                    139875.46738 126288.058  9.71%     -    0s
     0     0 126288.058    0   14 139875.467 126288.058  9.71%     -    0s
H    0     0                    138854.34909 126324.908  9.02%     -    0s
     0     0 126324.908    0   13 138854.349 126324.908  9.02%     -    0s
     0     0 126818.318    0   11 138854.349 126818.318  8.67%     -    0s
H    0     0                    135800.56734 126857.224  6.59%     -    0s
H    0     0                    135779.06610 126857.224  6.57%     -    0s
     0     0 126857.224    0   12 135779.066 126857.224  6.57%     -    0s
     0     0 127070.175    0   12 135779.066 127070.175  6.41%     -    0s
     0     0 127088.175    0   13 135779.066 127088.175  6.40%     -    0s
     0     0 127088.175    0   13 135779.066 127088.175  6.40%     -    0s
H    0     0                    133627.62745 127088.175  4.89%     -    0s
     0     0 127240.839    0   10 133627.627 127240.839  4.78%     -    0s
     0     0 127244.858    0   10 133627.627 127244.858  4.78%     -    0s
     0     0 127247.827    0   10 133627.627 127247.827  4.77%     -    0s
H    0     0                    133623.08530 127247.827  4.77%     -    0s
     0     0 127295.646    0    8 133623.085 127295.646  4.74%     -    0s
     0     0 127296.207    0    9 133623.085 127296.207  4.73%     -    0s
     0     0 127305.083    0    9 133623.085 127305.083  4.73%     -    0s
     0     0 127305.213    0    9 133623.085 127305.213  4.73%     -    0s
H    0     0                    133559.53601 127305.213  4.68%     -    0s
H    0     0                    133380.57896 127305.215  4.55%     -    0s
H    0     2                    133186.32800 127305.215  4.42%     -    0s
     0     2 127305.215    0    9 133186.328 127305.215  4.42%     -    0s
H   26    64                    133064.57287 127346.952  4.30%  25.4    0s
H  587   403                    132965.90672 127411.462  4.18%  21.8    0s
*  694   422              11    132858.33272 127457.076  4.07%  22.3    0s
*  734   422              15    132834.20369 127457.076  4.05%  22.6    0s
H  798   418                    132815.37032 127474.136  4.02%  22.7    0s
*  856   445              13    132799.64127 127477.631  4.01%  23.5    0s
*  873   445              12    132693.64276 127477.631  3.93%  23.4    0s
* 1689   454               9    132623.90815 127659.785  3.74%  28.1    0s
* 2139   477               8    132551.34146 128247.740  3.25%  29.3    0s
H 2188   481                    132483.21691 128247.740  3.20%  29.4    0s
* 2256   479               9    132439.21923 128283.962  3.14%  29.4    0s
* 2280   479               9    132425.00547 128316.648  3.10%  29.3    0s
* 2287   478               8    132389.97854 128316.648  3.08%  29.3    0s

Cutting planes:
  Implied bound: 181
  MIR: 16
  Flow cover: 4
  Inf proof: 12
  Relax-and-lift: 5

Explored 3625 nodes (107040 simplex iterations) in 0.37 seconds (0.82 work units)
Thread count was 8 (of 8 available processors)

Solution count 10: 132390 132425 132439 ... 132834

Optimal solution found (tolerance 1.00e-04)
Best objective 1.323899785399e+05, best bound 1.323899785399e+05, gap 0.0000%

User-callback calls 7661, time in user-callback 0.00 sec

Gurobi 12.0.3 (mac64[arm]) logging started Tue Sep 23 15:46:25 2025

Set parameter LogFile to value "Logs/Facility Location Logs/L100/phase1/scenario_generation.log"
Set parameter LogToConsole to value 0

Gurobi 12.0.3 (mac64[arm]) logging started Tue Sep 23 15:46:25 2025

Set parameter LogFile to value "Logs/Facility Location Logs/L100/phase1/scenario_generation.log"
Gurobi Optimizer version 12.0.3 build v12.0.3rc0 (mac64[arm] - Darwin 24.6.0 24G222)

CPU model: Apple M3
Thread count: 8 physical cores, 8 logical processors, using up to 8 threads

Non-default parameters:
LogToConsole  0

Optimize a model with 75 rows, 1325 columns and 2575 nonzeros
Model fingerprint: 0x53becfe1
Variable types: 1300 continuous, 25 integer (25 binary)
Coefficient statistics:
  Matrix range     [1e+00, 2e+04]
  Objective range  [8e-03, 8e+03]
  Bounds range     [0e+00, 0e+00]
  RHS range        [1e+03, 1e+04]
Found heuristic solution: objective 5880250.0000
Presolve removed 0 rows and 1 columns
Presolve time: 0.00s
Presolved: 75 rows, 1324 columns, 2574 nonzeros
Variable types: 1300 continuous, 24 integer (24 binary)

Root relaxation: objective 1.012510e+05, 101 iterations, 0.00 seconds (0.00 work units)

    Nodes    |    Current Node    |     Objective Bounds      |     Work
 Expl Unexpl |  Obj  Depth IntInf | Incumbent    BestBd   Gap | It/Node Time

     0     0 101250.976    0   24 5880250.00 101250.976  98.3%     -    0s
H    0     0                    229948.47636 101250.976  56.0%     -    0s
H    0     0                    215196.59315 101250.976  52.9%     -    0s
H    0     0                    207994.15244 101250.976  51.3%     -    0s
H    0     0                    201659.62962 101570.253  49.6%     -    0s
H    0     0                    185758.02576 106315.692  42.8%     -    0s
H    0     0                    149134.11945 106315.692  28.7%     -    0s
H    0     0                    123010.15137 106315.692  13.6%     -    0s
H    0     0                    122955.60387 106315.692  13.5%     -    0s
     0     0 106315.692    0   11 122955.604 106315.692  13.5%     -    0s
H    0     0                    109375.30695 106417.784  2.70%     -    0s
H    0     0                    109354.73075 106417.784  2.69%     -    0s
     0     0 106417.784    0   10 109354.731 106417.784  2.69%     -    0s
H    0     0                    108770.50622 106417.784  2.16%     -    0s
H    0     0                    108680.39013 106417.784  2.08%     -    0s
     0     0 106831.541    0    8 108680.390 106831.541  1.70%     -    0s
H    0     0                    108652.32868 106877.409  1.63%     -    0s
     0     0 106877.409    0    9 108652.329 106877.409  1.63%     -    0s
H    0     0                    108119.81477 106877.409  1.15%     -    0s
     0     0 106991.025    0    8 108119.815 106991.025  1.04%     -    0s
     0     0 107003.023    0    5 108119.815 107003.023  1.03%     -    0s
     0     0 107004.006    0    6 108119.815 107004.006  1.03%     -    0s
     0     0 107079.984    0    4 108119.815 107079.984  0.96%     -    0s
     0     0 107089.396    0    5 108119.815 107089.396  0.95%     -    0s
     0     0 107091.981    0    4 108119.815 107091.981  0.95%     -    0s
     0     0 107120.944    0    3 108119.815 107120.944  0.92%     -    0s
     0     0 107120.966    0    4 108119.815 107120.966  0.92%     -    0s
     0     0 107143.800    0    4 108119.815 107143.800  0.90%     -    0s
     0     0 107144.697    0    4 108119.815 107144.697  0.90%     -    0s
     0     2 107144.697    0    4 108119.815 107144.697  0.90%     -    0s

Cutting planes:
  Implied bound: 75
  MIR: 14
  Flow cover: 6
  Relax-and-lift: 8

Explored 720 nodes (14110 simplex iterations) in 0.12 seconds (0.24 work units)
Thread count was 8 (of 8 available processors)

Solution count 10: 108120 108680 109355 ... 229948

Optimal solution found (tolerance 1.00e-04)
Best objective 1.081198147667e+05, best bound 1.081198147667e+05, gap 0.0000%

User-callback calls 1763, time in user-callback 0.00 sec

Gurobi 12.0.3 (mac64[arm]) logging started Tue Sep 23 15:46:25 2025

Set parameter LogFile to value "Logs/Facility Location Logs/L100/phase1/scenario_generation.log"
Set parameter LogToConsole to value 0

Gurobi 12.0.3 (mac64[arm]) logging started Tue Sep 23 15:46:25 2025

Set parameter LogFile to value "Logs/Facility Location Logs/L100/phase1/scenario_generation.log"
Gurobi Optimizer version 12.0.3 build v12.0.3rc0 (mac64[arm] - Darwin 24.6.0 24G222)

CPU model: Apple M3
Thread count: 8 physical cores, 8 logical processors, using up to 8 threads

Non-default parameters:
LogToConsole  0

Optimize a model with 75 rows, 1325 columns and 2575 nonzeros
Model fingerprint: 0xa334547a
Variable types: 1300 continuous, 25 integer (25 binary)
Coefficient statistics:
  Matrix range     [1e+00, 2e+04]
  Objective range  [8e-03, 8e+03]
  Bounds range     [0e+00, 0e+00]
  RHS range        [1e+03, 2e+04]
Found heuristic solution: objective 6864900.0000
Presolve removed 0 rows and 1 columns
Presolve time: 0.00s
Presolved: 75 rows, 1324 columns, 2574 nonzeros
Variable types: 1300 continuous, 24 integer (24 binary)

Root relaxation: objective 1.343621e+05, 134 iterations, 0.00 seconds (0.00 work units)

    Nodes    |    Current Node    |     Objective Bounds      |     Work
 Expl Unexpl |  Obj  Depth IntInf | Incumbent    BestBd   Gap | It/Node Time

     0     0 134362.104    0   23 6864900.00 134362.104  98.0%     -    0s
H    0     0                    253213.10416 134362.104  46.9%     -    0s
H    0     0                    231215.48943 134362.104  41.9%     -    0s
H    0     0                    216899.72037 134362.104  38.1%     -    0s
H    0     0                    213864.48085 134362.104  37.2%     -    0s
H    0     0                    211463.62861 134479.213  36.4%     -    0s
H    0     0                    208960.74777 138996.183  33.5%     -    0s
H    0     0                    172890.68162 138996.183  19.6%     -    0s
     0     0 138996.183    0   10 172890.682 138996.183  19.6%     -    0s
     0     0 139453.901    0    8 172890.682 139453.901  19.3%     -    0s
H    0     0                    166554.91902 139503.018  16.2%     -    0s
H    0     0                    160354.38831 139504.716  13.0%     -    0s
H    0     0                    153591.63920 139504.716  9.17%     -    0s
H    0     0                    146523.47106 139504.716  4.79%     -    0s
H    0     0                    146523.31214 139504.716  4.79%     -    0s
     0     0 139504.716    0    9 146523.312 139504.716  4.79%     -    0s
H    0     0                    146100.28280 139567.049  4.47%     -    0s
     0     0 139567.049    0   10 146100.283 139567.049  4.47%     -    0s
H    0     0                    146036.85726 139574.813  4.42%     -    0s
     0     0 139574.813    0    6 146036.857 139574.813  4.42%     -    0s
     0     0 139654.402    0    4 146036.857 139654.402  4.37%     -    0s
H    0     0                    145037.51939 139654.402  3.71%     -    0s
     0     0 139664.727    0    4 145037.519 139664.727  3.70%     -    0s
     0     0 139664.727    0    4 145037.519 139664.727  3.70%     -    0s
     0     2 139664.746    0    4 145037.519 139664.746  3.70%     -    0s
*  502   336               9    144994.94925 139820.726  3.57%  21.9    0s

Cutting planes:
  Implied bound: 180
  MIR: 13
  Flow cover: 1
  Inf proof: 11
  Relax-and-lift: 7

Explored 5114 nodes (129672 simplex iterations) in 0.52 seconds (1.09 work units)
Thread count was 8 (of 8 available processors)

Solution count 10: 144995 145038 146037 ... 208961

Optimal solution found (tolerance 1.00e-04)
Best objective 1.449949492539e+05, best bound 1.449949492539e+05, gap 0.0000%

User-callback calls 10632, time in user-callback 0.00 sec

Gurobi 12.0.3 (mac64[arm]) logging started Tue Sep 23 15:46:26 2025

Set parameter LogFile to value "Logs/Facility Location Logs/L100/phase1/scenario_generation.log"
Set parameter LogToConsole to value 0

Gurobi 12.0.3 (mac64[arm]) logging started Tue Sep 23 15:46:26 2025

Set parameter LogFile to value "Logs/Facility Location Logs/L100/phase1/scenario_generation.log"
Gurobi Optimizer version 12.0.3 build v12.0.3rc0 (mac64[arm] - Darwin 24.6.0 24G222)

CPU model: Apple M3
Thread count: 8 physical cores, 8 logical processors, using up to 8 threads

Non-default parameters:
LogToConsole  0

Optimize a model with 75 rows, 1325 columns and 2575 nonzeros
Model fingerprint: 0x3eaacf93
Variable types: 1300 continuous, 25 integer (25 binary)
Coefficient statistics:
  Matrix range     [1e+00, 2e+04]
  Objective range  [8e-03, 8e+03]
  Bounds range     [0e+00, 0e+00]
  RHS range        [4e+02, 7e+03]
Found heuristic solution: objective 3607400.0000
Presolve removed 0 rows and 1 columns
Presolve time: 0.00s
Presolved: 75 rows, 1324 columns, 2574 nonzeros
Variable types: 1300 continuous, 24 integer (24 binary)

Root relaxation: objective 6.386182e+04, 160 iterations, 0.00 seconds (0.00 work units)

    Nodes    |    Current Node    |     Objective Bounds      |     Work
 Expl Unexpl |  Obj  Depth IntInf | Incumbent    BestBd   Gap | It/Node Time

     0     0 63861.8199    0   23 3607400.00 63861.8199  98.2%     -    0s
H    0     0                    207787.81993 63861.8199  69.3%     -    0s
H    0     0                    156773.99044 63861.8199  59.3%     -    0s
H    0     0                    132540.06797 63861.8199  51.8%     -    0s
H    0     0                    126970.64795 63861.8199  49.7%     -    0s
H    0     0                    100034.16093 68678.1554  31.3%     -    0s
     0     0 68678.1554    0    8 100034.161 68678.1554  31.3%     -    0s
H    0     0                    98670.189894 68717.3732  30.4%     -    0s
     0     0 68717.3732    0    8 98670.1899 68717.3732  30.4%     -    0s
H    0     0                    94135.124159 68717.3732  27.0%     -    0s
H    0     0                    79584.730644 68717.3732  13.7%     -    0s
     0     0 68910.5107    0   10 79584.7306 68910.5107  13.4%     -    0s
H    0     0                    72598.577658 68916.1723  5.07%     -    0s
     0     0 69091.6835    0   10 72598.5777 69091.6835  4.83%     -    0s
     0     0 69091.6835    0    9 72598.5777 69091.6835  4.83%     -    0s
H    0     0                    71485.054590 69091.6835  3.35%     -    0s
     0     0 69091.6835    0    8 71485.0546 69091.6835  3.35%     -    0s
H    0     0                    71382.093806 69091.6835  3.21%     -    0s
     0     0 69091.6835    0    8 71382.0938 69091.6835  3.21%     -    0s
     0     0 69091.8411    0    8 71382.0938 69091.8411  3.21%     -    0s
H    0     0                    70978.439489 69091.8411  2.66%     -    0s
     0     0 69229.7435    0    5 70978.4395 69229.7435  2.46%     -    0s
H    0     0                    70579.918168 69374.8306  1.71%     -    0s
     0     0 69374.8306    0    4 70579.9182 69374.8306  1.71%     -    0s
H    0     0                    70519.885949 69374.8306  1.62%     -    0s
     0     0 69380.7767    0    3 70519.8859 69380.7767  1.62%     -    0s
     0     0 69381.0372    0    4 70519.8859 69381.0372  1.61%     -    0s
     0     0 69381.5891    0    4 70519.8859 69381.5891  1.61%     -    0s
     0     0 69381.5891    0    4 70519.8859 69381.5891  1.61%     -    0s
     0     2 69381.5891    0    4 70519.8859 69381.5891  1.61%     -    0s

Cutting planes:
  Implied bound: 97
  MIR: 7
  Flow cover: 4
  Relax-and-lift: 4

Explored 68 nodes (2299 simplex iterations) in 0.05 seconds (0.08 work units)
Thread count was 8 (of 8 available processors)

Solution count 10: 70519.9 70579.9 70978.4 ... 126971

Optimal solution found (tolerance 1.00e-04)
Best objective 7.051988594906e+04, best bound 7.051988594906e+04, gap 0.0000%

User-callback calls 424, time in user-callback 0.00 sec

Gurobi 12.0.3 (mac64[arm]) logging started Tue Sep 23 15:46:26 2025

Set parameter LogFile to value "Logs/Facility Location Logs/L100/phase1/scenario_generation.log"
Set parameter LogToConsole to value 0

Gurobi 12.0.3 (mac64[arm]) logging started Tue Sep 23 15:46:26 2025

Set parameter LogFile to value "Logs/Facility Location Logs/L100/phase1/scenario_generation.log"
Gurobi Optimizer version 12.0.3 build v12.0.3rc0 (mac64[arm] - Darwin 24.6.0 24G222)

CPU model: Apple M3
Thread count: 8 physical cores, 8 logical processors, using up to 8 threads

Non-default parameters:
LogToConsole  0

Optimize a model with 75 rows, 1325 columns and 2575 nonzeros
Model fingerprint: 0x52de3bb5
Variable types: 1300 continuous, 25 integer (25 binary)
Coefficient statistics:
  Matrix range     [1e+00, 2e+04]
  Objective range  [8e-03, 8e+03]
  Bounds range     [0e+00, 0e+00]
  RHS range        [2e+03, 1e+04]
Found heuristic solution: objective 6935500.0000
Presolve removed 0 rows and 1 columns
Presolve time: 0.00s
Presolved: 75 rows, 1324 columns, 2574 nonzeros
Variable types: 1300 continuous, 24 integer (24 binary)

Root relaxation: objective 1.183635e+05, 110 iterations, 0.00 seconds (0.00 work units)

    Nodes    |    Current Node    |     Objective Bounds      |     Work
 Expl Unexpl |  Obj  Depth IntInf | Incumbent    BestBd   Gap | It/Node Time

     0     0 118363.523    0   24 6935500.00 118363.523  98.3%     -    0s
H    0     0                    236508.52293 118363.523  50.0%     -    0s
H    0     0                    229240.64699 118363.523  48.4%     -    0s
H    0     0                    210934.15411 118363.523  43.9%     -    0s
H    0     0                    203563.13530 118363.523  41.9%     -    0s
H    0     0                    201192.38488 118363.523  41.2%     -    0s
H    0     0                    192882.04104 123154.859  36.2%     -    0s
H    0     0                    156846.96767 123154.859  21.5%     -    0s
     0     0 123154.859    0   12 156846.968 123154.859  21.5%     -    0s
     0     0 123195.831    0   11 156846.968 123195.831  21.5%     -    0s
H    0     0                    156841.32319 123195.831  21.5%     -    0s
H    0     0                    156545.76647 123590.250  21.1%     -    0s
H    0     0                    149549.33321 123590.250  17.4%     -    0s
     0     0 123590.250    0    5 149549.333 123590.250  17.4%     -    0s
H    0     0                    144235.24993 123611.793  14.3%     -    0s
H    0     0                    142493.85982 123625.346  13.2%     -    0s
H    0     0                    136184.28750 123625.346  9.22%     -    0s
H    0     0                    136010.13993 123625.346  9.11%     -    0s
H    0     0                    136004.16626 123625.346  9.10%     -    0s
     0     0 123625.346    0    8 136004.166 123625.346  9.10%     -    0s
H    0     0                    129569.62686 123628.456  4.59%     -    0s
     0     0 123628.456    0    8 129569.627 123628.456  4.59%     -    0s
     0     0 123697.493    0   10 129569.627 123697.493  4.53%     -    0s
     0     0 123701.637    0   10 129569.627 123701.637  4.53%     -    0s
     0     0 123703.500    0    9 129569.627 123703.500  4.53%     -    0s
     0     0 123778.274    0    6 129569.627 123778.274  4.47%     -    0s
     0     0 123780.762    0    8 129569.627 123780.762  4.47%     -    0s
     0     0 123812.022    0    8 129569.627 123812.022  4.44%     -    0s
     0     0 123813.243    0    8 129569.627 123813.243  4.44%     -    0s
H    0     0                    128958.15547 123813.243  3.99%     -    0s
     0     2 123813.269    0    8 128958.155 123813.269  3.99%     -    0s
H   41    64                    128942.82517 123873.242  3.93%  18.0    0s
H   56    64                    128905.46910 123873.242  3.90%  16.7    0s
*  489   354              12    128751.85569 123881.974  3.78%  21.2    0s
*  704   431              15    128653.23790 123916.507  3.68%  22.2    0s
H 4326  1211                    128572.94706 124533.441  3.14%  24.3    0s
* 4477  1215               9    128564.78847 124536.032  3.13%  24.4    0s

Cutting planes:
  Implied bound: 79
  MIR: 17
  Flow cover: 6
  Inf proof: 19
  Relax-and-lift: 14

Explored 9618 nodes (226754 simplex iterations) in 1.15 seconds (2.61 work units)
Thread count was 8 (of 8 available processors)

Solution count 10: 128565 128573 128653 ... 149549

Optimal solution found (tolerance 1.00e-04)
Best objective 1.285647884749e+05, best bound 1.285647884749e+05, gap 0.0000%

User-callback calls 20055, time in user-callback 0.00 sec

Gurobi 12.0.3 (mac64[arm]) logging started Tue Sep 23 15:46:27 2025

Set parameter LogFile to value "Logs/Facility Location Logs/L100/phase1/scenario_generation.log"
Set parameter LogToConsole to value 0

Gurobi 12.0.3 (mac64[arm]) logging started Tue Sep 23 15:46:27 2025

Set parameter LogFile to value "Logs/Facility Location Logs/L100/phase1/scenario_generation.log"
Gurobi Optimizer version 12.0.3 build v12.0.3rc0 (mac64[arm] - Darwin 24.6.0 24G222)

CPU model: Apple M3
Thread count: 8 physical cores, 8 logical processors, using up to 8 threads

Non-default parameters:
LogToConsole  0

Optimize a model with 75 rows, 1325 columns and 2575 nonzeros
Model fingerprint: 0x2dfbb36b
Variable types: 1300 continuous, 25 integer (25 binary)
Coefficient statistics:
  Matrix range     [1e+00, 2e+04]
  Objective range  [8e-03, 8e+03]
  Bounds range     [0e+00, 0e+00]
  RHS range        [1e+03, 2e+04]
Found heuristic solution: objective 6246250.0000
Presolve removed 0 rows and 1 columns
Presolve time: 0.00s
Presolved: 75 rows, 1324 columns, 2574 nonzeros
Variable types: 1300 continuous, 24 integer (24 binary)

Root relaxation: objective 1.196361e+05, 104 iterations, 0.00 seconds (0.00 work units)

    Nodes    |    Current Node    |     Objective Bounds      |     Work
 Expl Unexpl |  Obj  Depth IntInf | Incumbent    BestBd   Gap | It/Node Time

     0     0 119636.074    0   23 6246250.00 119636.074  98.1%     -    0s
H    0     0                    244673.57382 119636.074  51.1%     -    0s
H    0     0                    215472.31912 119636.074  44.5%     -    0s
H    0     0                    208441.97977 119636.074  42.6%     -    0s
H    0     0                    203012.94026 119636.074  41.1%     -    0s
H    0     0                    200674.25081 119636.074  40.4%     -    0s
H    0     0                    164318.21850 119636.074  27.2%     -    0s
H    0     0                    131162.21834 124221.704  5.29%     -    0s
     0     0 124221.704    0   10 131162.218 124221.704  5.29%     -    0s
     0     0 124259.284    0   10 131162.218 124259.284  5.26%     -    0s
H    0     0                    130348.86733 124259.284  4.67%     -    0s
     0     0 124714.405    0   10 130348.867 124714.405  4.32%     -    0s
     0     0 124783.056    0   10 130348.867 124783.056  4.27%     -    0s
H    0     0                    129591.26582 124783.056  3.71%     -    0s
H    0     0                    129452.22461 124951.808  3.48%     -    0s
     0     0 124951.808    0   11 129452.225 124951.808  3.48%     -    0s
     0     0 124957.778    0   11 129452.225 124957.778  3.47%     -    0s
     0     0 125058.834    0    9 129452.225 125058.834  3.39%     -    0s
     0     0 125070.209    0    9 129452.225 125070.209  3.39%     -    0s
     0     0 125070.366    0    8 129452.225 125070.366  3.38%     -    0s
     0     0 125097.197    0    6 129452.225 125097.197  3.36%     -    0s
H    0     0                    129371.16453 125097.197  3.30%     -    0s
     0     0 125098.886    0    6 129371.165 125098.886  3.30%     -    0s
     0     0 125102.118    0    7 129371.165 125102.118  3.30%     -    0s
     0     0 125102.118    0    7 129371.165 125102.118  3.30%     -    0s
H    0     0                    129370.92320 125102.125  3.30%     -    0s
     0     2 125102.125    0    7 129370.923 125102.125  3.30%     -    0s
* 1673   649              10    129355.74368 125528.086  2.96%  24.6    0s

Cutting planes:
  Implied bound: 144
  MIR: 18
  Flow cover: 3
  Inf proof: 10
  Relax-and-lift: 15

Explored 5575 nodes (147547 simplex iterations) in 0.51 seconds (1.14 work units)
Thread count was 8 (of 8 available processors)

Solution count 10: 129356 129371 129371 ... 203013

Optimal solution found (tolerance 1.00e-04)
Best objective 1.293557436759e+05, best bound 1.293557436759e+05, gap 0.0000%

User-callback calls 11540, time in user-callback 0.00 sec

Gurobi 12.0.3 (mac64[arm]) logging started Tue Sep 23 15:46:27 2025

Set parameter LogFile to value "Logs/Facility Location Logs/L100/phase1/scenario_generation.log"
Set parameter LogToConsole to value 0

Gurobi 12.0.3 (mac64[arm]) logging started Tue Sep 23 15:46:27 2025

Set parameter LogFile to value "Logs/Facility Location Logs/L100/phase1/scenario_generation.log"
Gurobi Optimizer version 12.0.3 build v12.0.3rc0 (mac64[arm] - Darwin 24.6.0 24G222)

CPU model: Apple M3
Thread count: 8 physical cores, 8 logical processors, using up to 8 threads

Non-default parameters:
LogToConsole  0

Optimize a model with 75 rows, 1325 columns and 2575 nonzeros
Model fingerprint: 0x8fbb58f0
Variable types: 1300 continuous, 25 integer (25 binary)
Coefficient statistics:
  Matrix range     [1e+00, 2e+04]
  Objective range  [8e-03, 8e+03]
  Bounds range     [0e+00, 0e+00]
  RHS range        [1e+03, 6e+03]
Found heuristic solution: objective 4727350.0000
Presolve removed 0 rows and 1 columns
Presolve time: 0.00s
Presolved: 75 rows, 1324 columns, 2574 nonzeros
Variable types: 1300 continuous, 24 integer (24 binary)

Root relaxation: objective 6.833580e+04, 137 iterations, 0.00 seconds (0.00 work units)

    Nodes    |    Current Node    |     Objective Bounds      |     Work
 Expl Unexpl |  Obj  Depth IntInf | Incumbent    BestBd   Gap | It/Node Time

     0     0 68335.8011    0   24 4727350.00 68335.8011  98.6%     -    0s
H    0     0                    208562.30106 68335.8011  67.2%     -    0s
H    0     0                    186448.62465 68335.8011  63.3%     -    0s
H    0     0                    171838.87448 68335.8011  60.2%     -    0s
H    0     0                    164523.82429 68335.8011  58.5%     -    0s
     0     0 73311.8778    0   11 164523.824 73311.8778  55.4%     -    0s
H    0     0                    138538.37776 73337.1733  47.1%     -    0s
H    0     0                    127636.21528 73337.1733  42.5%     -    0s
H    0     0                    92861.561268 73337.1733  21.0%     -    0s
H    0     0                    79285.229217 73337.1733  7.50%     -    0s
     0     0 73337.1733    0   11 79285.2292 73337.1733  7.50%     -    0s
     0     0 73804.4702    0    9 79285.2292 73804.4702  6.91%     -    0s
     0     0 73869.1040    0   10 79285.2292 73869.1040  6.83%     -    0s
     0     0 73869.1040    0   10 79285.2292 73869.1040  6.83%     -    0s
     0     0 74069.4948    0   10 79285.2292 74069.4948  6.58%     -    0s
     0     0 74082.5503    0    8 79285.2292 74082.5503  6.56%     -    0s
H    0     0                    79001.142728 74082.5503  6.23%     -    0s
H    0     0                    78641.056378 74082.5503  5.80%     -    0s
     0     0 74192.3061    0    8 78641.0564 74192.3061  5.66%     -    0s
H    0     0                    78617.280450 74192.3900  5.63%     -    0s
     0     0 74204.0986    0    9 78617.2804 74204.0986  5.61%     -    0s
     0     0 74204.3129    0    9 78617.2804 74204.3129  5.61%     -    0s
     0     0 74252.4541    0    6 78617.2804 74252.4541  5.55%     -    0s
     0     0 74269.9606    0    9 78617.2804 74269.9606  5.53%     -    0s
     0     0 74271.3501    0    7 78617.2804 74271.3501  5.53%     -    0s
     0     0 74293.9362    0   10 78617.2804 74293.9362  5.50%     -    0s
     0     0 74296.7908    0   10 78617.2804 74296.7908  5.50%     -    0s
H    0     0                    78595.709119 74296.8195  5.47%     -    0s
     0     2 74296.8195    0   10 78595.7091 74296.8195  5.47%     -    0s
H   31    64                    78570.955422 74345.5123  5.38%  20.5    0s
H  409   259                    78530.803204 74479.8582  5.16%  26.7    0s
* 1510   328              10    78502.663150 75457.2891  3.88%  26.2    0s

Cutting planes:
  Implied bound: 157
  MIR: 9
  Flow cover: 3
  Inf proof: 10
  Relax-and-lift: 7

Explored 2800 nodes (73804 simplex iterations) in 0.30 seconds (0.62 work units)
Thread count was 8 (of 8 available processors)

Solution count 10: 78502.7 78530.8 79001.1 ... 186449

Optimal solution found (tolerance 1.00e-04)
Best objective 7.850266314975e+04, best bound 7.850266314975e+04, gap 0.0000%

User-callback calls 5964, time in user-callback 0.00 sec

Gurobi 12.0.3 (mac64[arm]) logging started Tue Sep 23 15:46:28 2025

Set parameter LogFile to value "Logs/Facility Location Logs/L100/phase1/scenario_generation.log"
Set parameter LogToConsole to value 0

Gurobi 12.0.3 (mac64[arm]) logging started Tue Sep 23 15:46:28 2025

Set parameter LogFile to value "Logs/Facility Location Logs/L100/phase1/scenario_generation.log"
Gurobi Optimizer version 12.0.3 build v12.0.3rc0 (mac64[arm] - Darwin 24.6.0 24G222)

CPU model: Apple M3
Thread count: 8 physical cores, 8 logical processors, using up to 8 threads

Non-default parameters:
LogToConsole  0

Optimize a model with 75 rows, 1325 columns and 2575 nonzeros
Model fingerprint: 0x964eddbc
Variable types: 1300 continuous, 25 integer (25 binary)
Coefficient statistics:
  Matrix range     [1e+00, 2e+04]
  Objective range  [8e-03, 8e+03]
  Bounds range     [0e+00, 0e+00]
  RHS range        [5e+02, 6e+03]
Found heuristic solution: objective 3682650.0000
Presolve removed 0 rows and 1 columns
Presolve time: 0.00s
Presolved: 75 rows, 1324 columns, 2574 nonzeros
Variable types: 1300 continuous, 24 integer (24 binary)

Root relaxation: objective 5.243254e+04, 139 iterations, 0.00 seconds (0.00 work units)

    Nodes    |    Current Node    |     Objective Bounds      |     Work
 Expl Unexpl |  Obj  Depth IntInf | Incumbent    BestBd   Gap | It/Node Time

     0     0 52432.5408    0   23 3682650.00 52432.5408  98.6%     -    0s
H    0     0                    195606.04079 52432.5408  73.2%     -    0s
H    0     0                    173633.28012 52432.5408  69.8%     -    0s
H    0     0                    150032.65803 52432.5408  65.1%     -    0s
H    0     0                    122966.79988 56901.8421  53.7%     -    0s
H    0     0                    87045.113653 56901.8421  34.6%     -    0s
H    0     0                    67286.530536 56901.8421  15.4%     -    0s
     0     0 56901.8421    0   10 67286.5305 56901.8421  15.4%     -    0s
     0     0 57006.7592    0   10 67286.5305 57006.7592  15.3%     -    0s
H    0     0                    61604.270366 57006.7592  7.46%     -    0s
H    0     0                    58065.548348 57253.4230  1.40%     -    0s
     0     0 57253.4230    0    4 58065.5483 57253.4230  1.40%     -    0s
     0     0 57399.8744    0    8 58065.5483 57399.8744  1.15%     -    0s
     0     0 57400.9984    0    9 58065.5483 57400.9984  1.14%     -    0s
     0     0 57400.9984    0    9 58065.5483 57400.9984  1.14%     -    0s
     0     0 57518.9887    0    4 58065.5483 57518.9887  0.94%     -    0s
     0     0 57521.8542    0    3 58065.5483 57521.8542  0.94%     -    0s
     0     0 57542.7448    0    1 58065.5483 57542.7448  0.90%     -    0s
     0     0 57545.6693    0    1 58065.5483 57545.6693  0.90%     -    0s
     0     0 57545.6693    0    1 58065.5483 57545.6693  0.90%     -    0s
     0     0 57545.6693    0   11 58065.5483 57545.6693  0.90%     -    0s
     0     0 57545.6693    0    7 58065.5483 57545.6693  0.90%     -    0s
     0     0 57545.6693    0    6 58065.5483 57545.6693  0.90%     -    0s
     0     0 57545.6693    0    8 58065.5483 57545.6693  0.90%     -    0s
     0     0 57545.6693    0    6 58065.5483 57545.6693  0.90%     -    0s
     0     0 57545.6693    0    3 58065.5483 57545.6693  0.90%     -    0s
     0     0 57545.6693    0    3 58065.5483 57545.6693  0.90%     -    0s
     0     0 57545.6693    0    1 58065.5483 57545.6693  0.90%     -    0s
     0     0 57547.2665    0    2 58065.5483 57547.2665  0.89%     -    0s
     0     0 57654.7989    0    1 58065.5483 57654.7989  0.71%     -    0s
     0     0 57935.5328    0    1 58065.5483 57935.5328  0.22%     -    0s
     0     0 57936.4570    0    1 58065.5483 57936.4570  0.22%     -    0s
     0     2 57936.4570    0    1 58065.5483 57936.4570  0.22%     -    0s

Cutting planes:
  Implied bound: 41
  MIR: 4
  Flow cover: 7
  Relax-and-lift: 7

Explored 19 nodes (1085 simplex iterations) in 0.06 seconds (0.08 work units)
Thread count was 8 (of 8 available processors)

Solution count 10: 58065.5 61604.3 67286.5 ... 195606

Optimal solution found (tolerance 1.00e-04)
Best objective 5.806554834788e+04, best bound 5.806554834787e+04, gap 0.0000%

User-callback calls 359, time in user-callback 0.00 sec

Gurobi 12.0.3 (mac64[arm]) logging started Tue Sep 23 15:46:28 2025

Set parameter LogFile to value "Logs/Facility Location Logs/L100/phase1/scenario_generation.log"
Set parameter LogToConsole to value 0

Gurobi 12.0.3 (mac64[arm]) logging started Tue Sep 23 15:46:28 2025

Set parameter LogFile to value "Logs/Facility Location Logs/L100/phase1/scenario_generation.log"
Gurobi Optimizer version 12.0.3 build v12.0.3rc0 (mac64[arm] - Darwin 24.6.0 24G222)

CPU model: Apple M3
Thread count: 8 physical cores, 8 logical processors, using up to 8 threads

Non-default parameters:
LogToConsole  0

Optimize a model with 75 rows, 1325 columns and 2575 nonzeros
Model fingerprint: 0xe83dcd4e
Variable types: 1300 continuous, 25 integer (25 binary)
Coefficient statistics:
  Matrix range     [1e+00, 2e+04]
  Objective range  [8e-03, 8e+03]
  Bounds range     [0e+00, 0e+00]
  RHS range        [1e+03, 1e+04]
Found heuristic solution: objective 5865050.0000
Presolve removed 0 rows and 1 columns
Presolve time: 0.00s
Presolved: 75 rows, 1324 columns, 2574 nonzeros
Variable types: 1300 continuous, 24 integer (24 binary)

Root relaxation: objective 1.063412e+05, 132 iterations, 0.00 seconds (0.00 work units)

    Nodes    |    Current Node    |     Objective Bounds      |     Work
 Expl Unexpl |  Obj  Depth IntInf | Incumbent    BestBd   Gap | It/Node Time

     0     0 106341.220    0   24 5865050.00 106341.220  98.2%     -    0s
H    0     0                    235190.71960 106341.220  54.8%     -    0s
H    0     0                    213102.85912 106341.220  50.1%     -    0s
H    0     0                    177834.89467 106341.220  40.2%     -    0s
H    0     0                    170451.24945 106341.220  37.6%     -    0s
H    0     0                    155659.39262 111210.725  28.6%     -    0s
H    0     0                    122188.67820 111210.725  8.98%     -    0s
     0     0 111210.725    0   13 122188.678 111210.725  8.98%     -    0s
H    0     0                    115314.40604 111319.093  3.46%     -    0s
H    0     0                    114922.39796 111319.093  3.14%     -    0s
H    0     0                    113618.64749 111319.093  2.02%     -    0s
H    0     0                    113506.65486 111319.093  1.93%     -    0s
     0     0 111319.093    0   11 113506.655 111319.093  1.93%     -    0s
     0     0 111663.595    0   11 113506.655 111663.595  1.62%     -    0s
H    0     0                    113489.01357 111709.292  1.57%     -    0s
     0     0 111709.292    0   11 113489.014 111709.292  1.57%     -    0s
     0     0 111709.937    0   11 113489.014 111709.937  1.57%     -    0s
H    0     0                    113472.24473 111709.937  1.55%     -    0s
     0     0 111902.817    0    7 113472.245 111902.817  1.38%     -    0s
     0     0 112047.748    0    7 113472.245 112047.748  1.26%     -    0s
     0     0 112049.670    0    7 113472.245 112049.670  1.25%     -    0s
H    0     0                    113443.00828 112049.670  1.23%     -    0s
     0     0 112110.626    0    4 113443.008 112110.626  1.17%     -    0s
     0     0 112118.460    0    7 113443.008 112118.460  1.17%     -    0s
     0     0 112118.460    0    7 113443.008 112118.460  1.17%     -    0s
H    0     0                    113424.69841 112118.460  1.15%     -    0s
     0     2 112118.460    0    7 113424.698 112118.460  1.15%     -    0s
*  596   203               6    113369.70444 112370.957  0.88%  20.1    0s

Cutting planes:
  Implied bound: 115
  MIR: 9
  Flow cover: 5
  Relax-and-lift: 13

Explored 1667 nodes (33755 simplex iterations) in 0.17 seconds (0.36 work units)
Thread count was 8 (of 8 available processors)

Solution count 10: 113370 113425 113443 ... 170451

Optimal solution found (tolerance 1.00e-04)
Best objective 1.133697044408e+05, best bound 1.133697044408e+05, gap 0.0000%

User-callback calls 3647, time in user-callback 0.00 sec

Gurobi 12.0.3 (mac64[arm]) logging started Tue Sep 23 15:46:28 2025

Set parameter LogFile to value "Logs/Facility Location Logs/L100/phase1/scenario_generation.log"
Set parameter LogToConsole to value 0

Gurobi 12.0.3 (mac64[arm]) logging started Tue Sep 23 15:46:28 2025

Set parameter LogFile to value "Logs/Facility Location Logs/L100/phase1/scenario_generation.log"
Gurobi Optimizer version 12.0.3 build v12.0.3rc0 (mac64[arm] - Darwin 24.6.0 24G222)

CPU model: Apple M3
Thread count: 8 physical cores, 8 logical processors, using up to 8 threads

Non-default parameters:
LogToConsole  0

Optimize a model with 75 rows, 1325 columns and 2575 nonzeros
Model fingerprint: 0x91cff89e
Variable types: 1300 continuous, 25 integer (25 binary)
Coefficient statistics:
  Matrix range     [1e+00, 2e+04]
  Objective range  [8e-03, 8e+03]
  Bounds range     [0e+00, 0e+00]
  RHS range        [1e+03, 1e+04]
Found heuristic solution: objective 5299600.0000
Presolve removed 0 rows and 1 columns
Presolve time: 0.00s
Presolved: 75 rows, 1324 columns, 2574 nonzeros
Variable types: 1300 continuous, 24 integer (24 binary)

Root relaxation: objective 9.669934e+04, 123 iterations, 0.00 seconds (0.00 work units)

    Nodes    |    Current Node    |     Objective Bounds      |     Work
 Expl Unexpl |  Obj  Depth IntInf | Incumbent    BestBd   Gap | It/Node Time

     0     0 96699.3354    0   24 5299600.00 96699.3354  98.2%     -    0s
H    0     0                    231203.33536 96699.3354  58.2%     -    0s
H    0     0                    202036.62865 96699.3354  52.1%     -    0s
H    0     0                    181067.45718 96699.3354  46.6%     -    0s
H    0     0                    151483.26905 101528.702  33.0%     -    0s
H    0     0                    116536.33332 101528.702  12.9%     -    0s
H    0     0                    109363.38584 101528.702  7.16%     -    0s
     0     0 101528.702    0   12 109363.386 101528.702  7.16%     -    0s
     0     0 101645.278    0   12 109363.386 101645.278  7.06%     -    0s
     0     0 102063.844    0    8 109363.386 102063.844  6.67%     -    0s
     0     0 102063.844    0    7 109363.386 102063.844  6.67%     -    0s
H    0     0                    108492.07715 102281.304  5.72%     -    0s
     0     0 102281.304    0   11 108492.077 102281.304  5.72%     -    0s
     0     0 102294.883    0   11 108492.077 102294.883  5.71%     -    0s
     0     0 102294.883    0   10 108492.077 102294.883  5.71%     -    0s
H    0     0                    108431.09799 102294.883  5.66%     -    0s
     0     0 102436.140    0    8 108431.098 102436.140  5.53%     -    0s
     0     0 102439.054    0    8 108431.098 102439.054  5.53%     -    0s
     0     0 102497.598    0    1 108431.098 102497.598  5.47%     -    0s
     0     0 102499.350    0    1 108431.098 102499.350  5.47%     -    0s
     0     0 102499.350    0    1 108431.098 102499.350  5.47%     -    0s
H    0     0                    108333.13581 102499.350  5.39%     -    0s
     0     2 102499.350    0    1 108333.136 102499.350  5.39%     -    0s

Cutting planes:
  Implied bound: 254
  MIR: 7
  Flow cover: 6
  Inf proof: 16
  Relax-and-lift: 9

Explored 8004 nodes (171877 simplex iterations) in 0.58 seconds (1.29 work units)
Thread count was 8 (of 8 available processors)

Solution count 9: 108333 108431 109363 ... 5.2996e+06

Optimal solution found (tolerance 1.00e-04)
Best objective 1.083331358085e+05, best bound 1.083331358085e+05, gap 0.0000%

User-callback calls 16414, time in user-callback 0.00 sec

Gurobi 12.0.3 (mac64[arm]) logging started Tue Sep 23 15:46:28 2025

Set parameter LogFile to value "Logs/Facility Location Logs/L100/phase1/scenario_generation.log"
Set parameter LogToConsole to value 0

Gurobi 12.0.3 (mac64[arm]) logging started Tue Sep 23 15:46:28 2025

Set parameter LogFile to value "Logs/Facility Location Logs/L100/phase1/scenario_generation.log"
Gurobi Optimizer version 12.0.3 build v12.0.3rc0 (mac64[arm] - Darwin 24.6.0 24G222)

CPU model: Apple M3
Thread count: 8 physical cores, 8 logical processors, using up to 8 threads

Non-default parameters:
LogToConsole  0

Optimize a model with 75 rows, 1325 columns and 2575 nonzeros
Model fingerprint: 0xd36feb7a
Variable types: 1300 continuous, 25 integer (25 binary)
Coefficient statistics:
  Matrix range     [1e+00, 2e+04]
  Objective range  [8e-03, 8e+03]
  Bounds range     [0e+00, 0e+00]
  RHS range        [8e+02, 6e+03]
Found heuristic solution: objective 4473650.0000
Presolve removed 0 rows and 1 columns
Presolve time: 0.00s
Presolved: 75 rows, 1324 columns, 2574 nonzeros
Variable types: 1300 continuous, 24 integer (24 binary)

Root relaxation: objective 7.243949e+04, 157 iterations, 0.00 seconds (0.00 work units)

    Nodes    |    Current Node    |     Objective Bounds      |     Work
 Expl Unexpl |  Obj  Depth IntInf | Incumbent    BestBd   Gap | It/Node Time

     0     0 72439.4948    0   24 4473650.00 72439.4948  98.4%     -    0s
H    0     0                    215202.99478 72439.4948  66.3%     -    0s
H    0     0                    192991.30779 72439.4948  62.5%     -    0s
H    0     0                    189613.97693 72439.4948  61.8%     -    0s
H    0     0                    186901.25423 72439.4948  61.2%     -    0s
H    0     0                    171779.76721 72439.4948  57.8%     -    0s
H    0     0                    135882.08780 72439.4948  46.7%     -    0s
H    0     0                    100753.55477 72439.4948  28.1%     -    0s
H    0     0                    80470.354047 72439.4948  10.0%     -    0s
H    0     0                    80444.330163 72439.4948  10.0%     -    0s
     0     0 77674.7037    0   10 80444.3302 77674.7037  3.44%     -    0s
H    0     0                    79679.519087 77792.9150  2.37%     -    0s
     0     0 77792.9150    0   10 79679.5191 77792.9150  2.37%     -    0s
     0     0 78258.0943    0    9 79679.5191 78258.0943  1.78%     -    0s
H    0     0                    78985.868850 78258.0943  0.92%     -    0s
H    0     0                    78933.545870 78258.0943  0.86%     -    0s
     0     0 78258.0943    0    9 78933.5459 78258.0943  0.86%     -    0s
     0     0 78425.9840    0    8 78933.5459 78425.9840  0.64%     -    0s
     0     0 78443.6281    0    8 78933.5459 78443.6281  0.62%     -    0s
     0     0 78443.6281    0    8 78933.5459 78443.6281  0.62%     -    0s
     0     0 78585.0821    0    8 78933.5459 78585.0821  0.44%     -    0s
     0     0 78591.3091    0    8 78933.5459 78591.3091  0.43%     -    0s
     0     0 78591.5061    0    8 78933.5459 78591.5061  0.43%     -    0s
     0     0 78661.9901    0    4 78933.5459 78661.9901  0.34%     -    0s
H    0     0                    78890.765309 78661.9901  0.29%     -    0s
     0     0 78662.1005    0    5 78890.7653 78662.1005  0.29%     -    0s
     0     0 78664.6629    0    6 78890.7653 78664.6629  0.29%     -    0s
     0     0 78664.6629    0    6 78890.7653 78664.6629  0.29%     -    0s
     0     0 78664.6629    0   12 78890.7653 78664.6629  0.29%     -    0s
     0     0 78664.6629    0   12 78890.7653 78664.6629  0.29%     -    0s
     0     0 78664.6629    0   10 78890.7653 78664.6629  0.29%     -    0s
     0     0 78664.6629    0   10 78890.7653 78664.6629  0.29%     -    0s
     0     0 78664.6629    0    8 78890.7653 78664.6629  0.29%     -    0s
     0     0 78664.6629    0   10 78890.7653 78664.6629  0.29%     -    0s
     0     0 78664.6629    0    6 78890.7653 78664.6629  0.29%     -    0s
     0     0 78664.6629    0    7 78890.7653 78664.6629  0.29%     -    0s
     0     0 78664.6629    0    6 78890.7653 78664.6629  0.29%     -    0s
     0     0 78664.6629    0    5 78890.7653 78664.6629  0.29%     -    0s
     0     0 78664.6629    0    6 78890.7653 78664.6629  0.29%     -    0s
     0     0 78664.6629    0    6 78890.7653 78664.6629  0.29%     -    0s
     0     0 78667.2280    0    5 78890.7653 78667.2280  0.28%     -    0s
     0     0 78667.9908    0    5 78890.7653 78667.9908  0.28%     -    0s
     0     0 78668.8470    0    6 78890.7653 78668.8470  0.28%     -    0s
     0     0 78668.8473    0    6 78890.7653 78668.8473  0.28%     -    0s
     0     2 78668.8473    0    6 78890.7653 78668.8473  0.28%     -    0s

Cutting planes:
  Implied bound: 80
  MIR: 7
  Flow cover: 5
  Relax-and-lift: 9

Explored 50 nodes (1754 simplex iterations) in 0.08 seconds (0.10 work units)
Thread count was 8 (of 8 available processors)

Solution count 10: 78890.8 78933.5 79679.5 ... 189614

Optimal solution found (tolerance 1.00e-04)
Best objective 7.889076530869e+04, best bound 7.889076530869e+04, gap 0.0000%

User-callback calls 462, time in user-callback 0.00 sec

Gurobi 12.0.3 (mac64[arm]) logging started Tue Sep 23 15:46:29 2025

Set parameter LogFile to value "Logs/Facility Location Logs/L100/phase1/scenario_generation.log"
Set parameter LogToConsole to value 0

Gurobi 12.0.3 (mac64[arm]) logging started Tue Sep 23 15:46:29 2025

Set parameter LogFile to value "Logs/Facility Location Logs/L100/phase1/scenario_generation.log"
Gurobi Optimizer version 12.0.3 build v12.0.3rc0 (mac64[arm] - Darwin 24.6.0 24G222)

CPU model: Apple M3
Thread count: 8 physical cores, 8 logical processors, using up to 8 threads

Non-default parameters:
LogToConsole  0

Optimize a model with 75 rows, 1325 columns and 2575 nonzeros
Model fingerprint: 0xba6a2cca
Variable types: 1300 continuous, 25 integer (25 binary)
Coefficient statistics:
  Matrix range     [1e+00, 2e+04]
  Objective range  [8e-03, 8e+03]
  Bounds range     [0e+00, 0e+00]
  RHS range        [7e+02, 2e+04]
Found heuristic solution: objective 4986500.0000
Presolve removed 0 rows and 1 columns
Presolve time: 0.00s
Presolved: 75 rows, 1324 columns, 2574 nonzeros
Variable types: 1300 continuous, 24 integer (24 binary)

Root relaxation: objective 1.059717e+05, 148 iterations, 0.00 seconds (0.00 work units)

    Nodes    |    Current Node    |     Objective Bounds      |     Work
 Expl Unexpl |  Obj  Depth IntInf | Incumbent    BestBd   Gap | It/Node Time

     0     0 105971.728    0   22 4986500.00 105971.728  97.9%     -    0s
H    0     0                    236106.72805 105971.728  55.1%     -    0s
H    0     0                    214575.51109 105971.728  50.6%     -    0s
H    0     0                    207291.09389 105971.728  48.9%     -    0s
H    0     0                    200563.50311 105971.728  47.2%     -    0s
H    0     0                    171640.89453 105971.728  38.3%     -    0s
H    0     0                    163781.59310 110355.537  32.6%     -    0s
     0     0 110355.537    0   10 163781.593 110355.537  32.6%     -    0s
H    0     0                    157418.60055 110428.150  29.9%     -    0s
H    0     0                    128897.33803 110428.150  14.3%     -    0s
H    0     0                    116582.57856 110428.150  5.28%     -    0s
H    0     0                    114751.37690 110428.150  3.77%     -    0s
     0     0 110428.150    0   10 114751.377 110428.150  3.77%     -    0s
H    0     0                    114294.10036 110780.455  3.07%     -    0s
     0     0 110792.431    0    7 114294.100 110792.431  3.06%     -    0s
H    0     0                    114293.05912 110825.856  3.03%     -    0s
H    0     0                    114238.89960 110825.856  2.99%     -    0s
     0     0 110825.856    0    7 114238.900 110825.856  2.99%     -    0s
H    0     0                    114228.01443 110825.856  2.98%     -    0s
H    0     0                    114200.43987 110825.856  2.95%     -    0s
H    0     0                    113851.27560 110825.856  2.66%     -    0s
H    0     0                    113683.45145 110825.856  2.51%     -    0s
     0     0 110920.327    0   10 113683.451 110920.327  2.43%     -    0s
     0     0 110940.171    0    9 113683.451 110940.171  2.41%     -    0s
     0     0 110940.315    0    6 113683.451 110940.315  2.41%     -    0s
     0     0 111056.984    0    8 113683.451 111056.984  2.31%     -    0s
     0     0 111062.458    0    8 113683.451 111062.458  2.31%     -    0s
     0     0 111128.750    0    3 113683.451 111128.750  2.25%     -    0s
H    0     0                    113454.51600 111128.794  2.05%     -    0s
     0     0 111132.514    0    5 113454.516 111132.514  2.05%     -    0s
     0     0 111132.514    0    5 113454.516 111132.514  2.05%     -    0s
     0     2 111132.514    0    5 113454.516 111132.514  2.05%     -    0s
*  407   175               5    113453.49764 111361.642  1.84%  21.8    0s

Cutting planes:
  Implied bound: 92
  MIR: 9
  Flow cover: 7
  Relax-and-lift: 12

Explored 1149 nodes (28834 simplex iterations) in 0.14 seconds (0.28 work units)
Thread count was 8 (of 8 available processors)

Solution count 10: 113453 113455 113683 ... 163782

Optimal solution found (tolerance 1.00e-04)
Best objective 1.134534976395e+05, best bound 1.134534976395e+05, gap 0.0000%

User-callback calls 2621, time in user-callback 0.00 sec

Gurobi 12.0.3 (mac64[arm]) logging started Tue Sep 23 15:46:29 2025

Set parameter LogFile to value "Logs/Facility Location Logs/L100/phase1/scenario_generation.log"
Set parameter LogToConsole to value 0

Gurobi 12.0.3 (mac64[arm]) logging started Tue Sep 23 15:46:29 2025

Set parameter LogFile to value "Logs/Facility Location Logs/L100/phase1/scenario_generation.log"
Gurobi Optimizer version 12.0.3 build v12.0.3rc0 (mac64[arm] - Darwin 24.6.0 24G222)

CPU model: Apple M3
Thread count: 8 physical cores, 8 logical processors, using up to 8 threads

Non-default parameters:
LogToConsole  0

Optimize a model with 75 rows, 1325 columns and 2575 nonzeros
Model fingerprint: 0xdfaa39fe
Variable types: 1300 continuous, 25 integer (25 binary)
Coefficient statistics:
  Matrix range     [1e+00, 2e+04]
  Objective range  [8e-03, 8e+03]
  Bounds range     [0e+00, 0e+00]
  RHS range        [1e+03, 1e+04]
Found heuristic solution: objective 5602900.0000
Presolve removed 0 rows and 1 columns
Presolve time: 0.00s
Presolved: 75 rows, 1324 columns, 2574 nonzeros
Variable types: 1300 continuous, 24 integer (24 binary)

Root relaxation: objective 1.012957e+05, 126 iterations, 0.00 seconds (0.00 work units)

    Nodes    |    Current Node    |     Objective Bounds      |     Work
 Expl Unexpl |  Obj  Depth IntInf | Incumbent    BestBd   Gap | It/Node Time

     0     0 101295.704    0   24 5602900.00 101295.704  98.2%     -    0s
H    0     0                    232766.70420 101295.704  56.5%     -    0s
H    0     0                    211221.61471 101295.704  52.0%     -    0s
H    0     0                    172417.03863 101295.704  41.2%     -    0s
H    0     0                    165109.81562 101295.704  38.6%     -    0s
H    0     0                    152081.18253 101295.704  33.4%     -    0s
H    0     0                    117678.62121 101295.704  13.9%     -    0s
H    0     0                    110637.90951 101295.704  8.44%     -    0s
     0     0 105939.390    0   12 110637.910 105939.390  4.25%     -    0s
     0     0 106043.668    0   12 110637.910 106043.668  4.15%     -    0s
H    0     0                    110560.95711 106397.968  3.77%     -    0s
     0     0 106397.968    0   10 110560.957 106397.968  3.77%     -    0s
     0     0 106438.363    0    8 110560.957 106438.363  3.73%     -    0s
     0     0 106633.101    0   12 110560.957 106633.101  3.55%     -    0s
     0     0 106652.119    0    8 110560.957 106652.119  3.54%     -    0s
     0     0 106652.615    0   10 110560.957 106652.615  3.54%     -    0s
H    0     0                    110005.55827 106652.615  3.05%     -    0s
     0     0 106769.567    0    6 110005.558 106769.567  2.94%     -    0s
     0     0 106772.126    0    6 110005.558 106772.126  2.94%     -    0s
     0     0 106783.443    0    3 110005.558 106783.443  2.93%     -    0s
     0     0 106796.715    0    4 110005.558 106796.715  2.92%     -    0s
     0     0 106797.369    0    4 110005.558 106797.369  2.92%     -    0s
     0     0 106804.025    0    5 110005.558 106804.025  2.91%     -    0s
     0     0 106804.025    0    5 110005.558 106804.025  2.91%     -    0s
H    0     0                    109968.92079 106804.025  2.88%     -    0s
     0     2 106804.042    0    5 109968.921 106804.042  2.88%     -    0s

Cutting planes:
  Implied bound: 122
  MIR: 12
  Flow cover: 4
  Inf proof: 7
  Relax-and-lift: 3

Explored 4423 nodes (97932 simplex iterations) in 0.39 seconds (0.85 work units)
Thread count was 8 (of 8 available processors)

Solution count 10: 109969 110006 110561 ... 232767

Optimal solution found (tolerance 1.00e-04)
Best objective 1.099689207932e+05, best bound 1.099689207932e+05, gap 0.0000%

User-callback calls 9223, time in user-callback 0.00 sec

Gurobi 12.0.3 (mac64[arm]) logging started Tue Sep 23 15:46:29 2025

Set parameter LogFile to value "Logs/Facility Location Logs/L100/phase1/scenario_generation.log"
Set parameter LogToConsole to value 0

Gurobi 12.0.3 (mac64[arm]) logging started Tue Sep 23 15:46:29 2025

Set parameter LogFile to value "Logs/Facility Location Logs/L100/phase1/scenario_generation.log"
Gurobi Optimizer version 12.0.3 build v12.0.3rc0 (mac64[arm] - Darwin 24.6.0 24G222)

CPU model: Apple M3
Thread count: 8 physical cores, 8 logical processors, using up to 8 threads

Non-default parameters:
LogToConsole  0

Optimize a model with 75 rows, 1325 columns and 2575 nonzeros
Model fingerprint: 0xd7071f21
Variable types: 1300 continuous, 25 integer (25 binary)
Coefficient statistics:
  Matrix range     [1e+00, 2e+04]
  Objective range  [8e-03, 8e+03]
  Bounds range     [0e+00, 0e+00]
  RHS range        [1e+03, 2e+04]
Found heuristic solution: objective 5984200.0000
Presolve removed 0 rows and 1 columns
Presolve time: 0.00s
Presolved: 75 rows, 1324 columns, 2574 nonzeros
Variable types: 1300 continuous, 24 integer (24 binary)

Root relaxation: objective 1.138453e+05, 86 iterations, 0.00 seconds (0.00 work units)

    Nodes    |    Current Node    |     Objective Bounds      |     Work
 Expl Unexpl |  Obj  Depth IntInf | Incumbent    BestBd   Gap | It/Node Time

     0     0 113845.331    0   23 5984200.00 113845.331  98.1%     -    0s
H    0     0                    241503.33088 113845.331  52.9%     -    0s
H    0     0                    219422.02894 113845.331  48.1%     -    0s
H    0     0                    204575.28690 113845.331  44.4%     -    0s
H    0     0                    201770.55002 113845.331  43.6%     -    0s
H    0     0                    198917.86053 113845.331  42.8%     -    0s
H    0     0                    163475.44541 113845.331  30.4%     -    0s
H    0     0                    129766.86046 118885.794  8.39%     -    0s
H    0     0                    123011.14508 118885.794  3.35%     -    0s
     0     0 118885.794    0   11 123011.145 118885.794  3.35%     -    0s
H    0     0                    121273.72183 118924.923  1.94%     -    0s
H    0     0                    121271.24162 118924.923  1.93%     -    0s
     0     0 118924.923    0   11 121271.242 118924.923  1.93%     -    0s
H    0     0                    120435.73807 119388.440  0.87%     -    0s
     0     0 119388.440    0   10 120435.738 119388.440  0.87%     -    0s
     0     0 119451.357    0    9 120435.738 119451.357  0.82%     -    0s
     0     0 119475.105    0    9 120435.738 119475.105  0.80%     -    0s
H    0     0                    120397.75645 119475.105  0.77%     -    0s
     0     0 119619.457    0   14 120397.756 119619.457  0.65%     -    0s
     0     0 119630.103    0   13 120397.756 119630.103  0.64%     -    0s
H    0     0                    120351.16040 119630.103  0.60%     -    0s
H    0     0                    120333.13848 119630.103  0.58%     -    0s
     0     0 119748.172    0    6 120333.138 119748.172  0.49%     -    0s
     0     0 119756.319    0    7 120333.138 119756.319  0.48%     -    0s
     0     0 119757.789    0    6 120333.138 119757.789  0.48%     -    0s
     0     0 119783.346    0    7 120333.138 119783.346  0.46%     -    0s
     0     0 119783.346    0    7 120333.138 119783.346  0.46%     -    0s
     0     2 119783.346    0    7 120333.138 119783.346  0.46%     -    0s
H   36    41                    120253.29031 119868.009  0.32%  15.9    0s
H   49    41                    120240.90057 119885.510  0.30%  17.4    0s
*   50    41               7    120209.81597 119885.510  0.27%  17.4    0s
*  213    22               5    120204.65698 119972.079  0.19%  17.9    0s

Cutting planes:
  Implied bound: 94
  MIR: 6
  Flow cover: 1
  Relax-and-lift: 6

Explored 250 nodes (4867 simplex iterations) in 0.06 seconds (0.09 work units)
Thread count was 8 (of 8 available processors)

Solution count 10: 120205 120210 120253 ... 163475

Optimal solution found (tolerance 1.00e-04)
Best objective 1.202046569846e+05, best bound 1.202046569846e+05, gap 0.0000%

User-callback calls 788, time in user-callback 0.00 sec

Gurobi 12.0.3 (mac64[arm]) logging started Tue Sep 23 15:46:29 2025

Set parameter LogFile to value "Logs/Facility Location Logs/L100/phase1/scenario_generation.log"
Set parameter LogToConsole to value 0

Gurobi 12.0.3 (mac64[arm]) logging started Tue Sep 23 15:46:29 2025

Set parameter LogFile to value "Logs/Facility Location Logs/L100/phase1/scenario_generation.log"
Gurobi Optimizer version 12.0.3 build v12.0.3rc0 (mac64[arm] - Darwin 24.6.0 24G222)

CPU model: Apple M3
Thread count: 8 physical cores, 8 logical processors, using up to 8 threads

Non-default parameters:
LogToConsole  0

Optimize a model with 75 rows, 1325 columns and 2575 nonzeros
Model fingerprint: 0x27308534
Variable types: 1300 continuous, 25 integer (25 binary)
Coefficient statistics:
  Matrix range     [1e+00, 2e+04]
  Objective range  [8e-03, 8e+03]
  Bounds range     [0e+00, 0e+00]
  RHS range        [5e+02, 8e+03]
Found heuristic solution: objective 4036750.0000
Presolve removed 0 rows and 1 columns
Presolve time: 0.00s
Presolved: 75 rows, 1324 columns, 2574 nonzeros
Variable types: 1300 continuous, 24 integer (24 binary)

Root relaxation: objective 7.202411e+04, 165 iterations, 0.00 seconds (0.00 work units)

    Nodes    |    Current Node    |     Objective Bounds      |     Work
 Expl Unexpl |  Obj  Depth IntInf | Incumbent    BestBd   Gap | It/Node Time

     0     0 72024.1136    0   23 4036750.00 72024.1136  98.2%     -    0s
H    0     0                    211656.61359 72024.1136  66.0%     -    0s
H    0     0                    184629.97393 72024.1136  61.0%     -    0s
H    0     0                    171564.77519 72024.1136  58.0%     -    0s
H    0     0                    168679.61906 72024.1136  57.3%     -    0s
H    0     0                    154865.96771 72024.1136  53.5%     -    0s
     0     0 76708.4775    0   11 154865.968 76708.4775  50.5%     -    0s
H    0     0                    148840.97748 76903.1513  48.3%     -    0s
H    0     0                    139174.33474 76903.1513  44.7%     -    0s
H    0     0                    104739.82512 76903.1513  26.6%     -    0s
H    0     0                    83244.818621 76903.1513  7.62%     -    0s
     0     0 76903.1513    0   11 83244.8186 76903.1513  7.62%     -    0s
     0     0 77132.1961    0    7 83244.8186 77132.1961  7.34%     -    0s
     0     0 77203.8220    0    8 83244.8186 77203.8220  7.26%     -    0s
H    0     0                    82275.556767 77203.8220  6.16%     -    0s
H    0     0                    82175.611888 77203.8220  6.05%     -    0s
     0     0 77343.5685    0   10 82175.6119 77343.5685  5.88%     -    0s
     0     0 77353.3097    0   10 82175.6119 77353.3097  5.87%     -    0s
     0     0 77353.5822    0   11 82175.6119 77353.5822  5.87%     -    0s
H    0     0                    81795.381462 77353.5822  5.43%     -    0s
     0     0 77495.0303    0    1 81795.3815 77495.0303  5.26%     -    0s
     0     0 77563.1107    0    1 81795.3815 77563.1107  5.17%     -    0s
     0     0 77571.3704    0    4 81795.3815 77571.3704  5.16%     -    0s
     0     0 77571.3704    0    4 81795.3815 77571.3704  5.16%     -    0s
H    0     0                    81746.044135 77571.3704  5.11%     -    0s
H    0     0                    81717.227433 77571.3704  5.07%     -    0s
H    0     0                    81702.837611 77571.3928  5.06%     -    0s
H    0     2                    81693.429371 77571.3928  5.05%     -    0s
     0     2 77571.3928    0    4 81693.4294 77571.3928  5.05%     -    0s
H   31    62                    81676.725414 77626.8215  4.96%  25.2    0s
H   36    62                    81653.932709 77626.8215  4.93%  26.6    0s
H   41    62                    81640.297034 77626.8215  4.92%  24.3    0s
H   51    62                    81640.210793 77626.8215  4.92%  22.8    0s
*  380   206               7    81611.245492 77807.7383  4.66%  22.4    0s

Cutting planes:
  Implied bound: 99
  MIR: 9
  Flow cover: 4
  Inf proof: 2
  Relax-and-lift: 3

Explored 1896 nodes (43775 simplex iterations) in 0.23 seconds (0.35 work units)
Thread count was 8 (of 8 available processors)

Solution count 10: 81611.2 81746 81795.4 ... 168680

Optimal solution found (tolerance 1.00e-04)
Best objective 8.161124549156e+04, best bound 8.161124549156e+04, gap 0.0000%

User-callback calls 4127, time in user-callback 0.00 sec

Gurobi 12.0.3 (mac64[arm]) logging started Tue Sep 23 15:46:29 2025

Set parameter LogFile to value "Logs/Facility Location Logs/L100/phase1/scenario_generation.log"
Set parameter LogToConsole to value 0

Gurobi 12.0.3 (mac64[arm]) logging started Tue Sep 23 15:46:29 2025

Set parameter LogFile to value "Logs/Facility Location Logs/L100/phase1/scenario_generation.log"
Gurobi Optimizer version 12.0.3 build v12.0.3rc0 (mac64[arm] - Darwin 24.6.0 24G222)

CPU model: Apple M3
Thread count: 8 physical cores, 8 logical processors, using up to 8 threads

Non-default parameters:
LogToConsole  0

Optimize a model with 75 rows, 1325 columns and 2575 nonzeros
Model fingerprint: 0x240c65b0
Variable types: 1300 continuous, 25 integer (25 binary)
Coefficient statistics:
  Matrix range     [1e+00, 2e+04]
  Objective range  [8e-03, 8e+03]
  Bounds range     [0e+00, 0e+00]
  RHS range        [6e+02, 2e+04]
Found heuristic solution: objective 4747750.0000
Presolve removed 0 rows and 1 columns
Presolve time: 0.00s
Presolved: 75 rows, 1324 columns, 2574 nonzeros
Variable types: 1300 continuous, 24 integer (24 binary)

Root relaxation: objective 1.010026e+05, 144 iterations, 0.00 seconds (0.00 work units)

    Nodes    |    Current Node    |     Objective Bounds      |     Work
 Expl Unexpl |  Obj  Depth IntInf | Incumbent    BestBd   Gap | It/Node Time

     0     0 101002.622    0   22 4747750.00 101002.622  97.9%     -    0s
H    0     0                    233525.12217 101002.622  56.7%     -    0s
H    0     0                    203969.04021 101002.622  50.5%     -    0s
H    0     0                    192863.81283 101002.622  47.6%     -    0s
H    0     0                    159925.75251 105649.009  33.9%     -    0s
     0     0 105649.009    0   10 159925.753 105649.009  33.9%     -    0s
H    0     0                    124969.36413 105738.896  15.4%     -    0s
H    0     0                    113592.96651 105738.896  6.91%     -    0s
H    0     0                    111095.70619 105738.896  4.82%     -    0s
     0     0 105738.896    0   10 111095.706 105738.896  4.82%     -    0s
     0     0 106010.782    0    8 111095.706 106010.782  4.58%     -    0s
     0     0 106149.383    0    6 111095.706 106149.383  4.45%     -    0s
     0     0 106169.388    0    6 111095.706 106169.388  4.43%     -    0s
     0     0 106169.388    0    7 111095.706 106169.388  4.43%     -    0s
     0     0 106265.554    0    6 111095.706 106265.554  4.35%     -    0s
     0     0 106268.235    0    6 111095.706 106268.235  4.35%     -    0s
     0     0 106310.097    0    1 111095.706 106310.097  4.31%     -    0s
     0     0 106314.418    0    3 111095.706 106314.418  4.30%     -    0s
     0     0 106314.465    0    3 111095.706 106314.465  4.30%     -    0s
H    0     0                    110945.87678 106314.465  4.17%     -    0s
H    0     0                    110886.24863 106314.465  4.12%     -    0s
     0     2 106314.465    0    3 110886.249 106314.465  4.12%     -    0s
*  371   226               9    110790.65432 106503.333  3.87%  19.5    0s

Cutting planes:
  Implied bound: 95
  MIR: 5
  Flow cover: 8
  Inf proof: 8
  Relax-and-lift: 7

Explored 2093 nodes (52531 simplex iterations) in 0.20 seconds (0.41 work units)
Thread count was 8 (of 8 available processors)

Solution count 10: 110791 110886 110946 ... 4.74775e+06

Optimal solution found (tolerance 1.00e-04)
Best objective 1.107906543234e+05, best bound 1.107906543234e+05, gap 0.0000%

User-callback calls 4493, time in user-callback 0.00 sec

Gurobi 12.0.3 (mac64[arm]) logging started Tue Sep 23 15:46:30 2025

Set parameter LogFile to value "Logs/Facility Location Logs/L100/phase1/scenario_generation.log"
Set parameter LogToConsole to value 0

Gurobi 12.0.3 (mac64[arm]) logging started Tue Sep 23 15:46:30 2025

Set parameter LogFile to value "Logs/Facility Location Logs/L100/phase1/scenario_generation.log"
Gurobi Optimizer version 12.0.3 build v12.0.3rc0 (mac64[arm] - Darwin 24.6.0 24G222)

CPU model: Apple M3
Thread count: 8 physical cores, 8 logical processors, using up to 8 threads

Non-default parameters:
LogToConsole  0

Optimize a model with 75 rows, 1325 columns and 2575 nonzeros
Model fingerprint: 0x6e335b89
Variable types: 1300 continuous, 25 integer (25 binary)
Coefficient statistics:
  Matrix range     [1e+00, 2e+04]
  Objective range  [8e-03, 8e+03]
  Bounds range     [0e+00, 0e+00]
  RHS range        [2e+02, 2e+04]
Found heuristic solution: objective 3776200.0000
Presolve removed 0 rows and 1 columns
Presolve time: 0.00s
Presolved: 75 rows, 1324 columns, 2574 nonzeros
Variable types: 1300 continuous, 24 integer (24 binary)

Root relaxation: objective 9.201700e+04, 141 iterations, 0.00 seconds (0.00 work units)

    Nodes    |    Current Node    |     Objective Bounds      |     Work
 Expl Unexpl |  Obj  Depth IntInf | Incumbent    BestBd   Gap | It/Node Time

     0     0 92017.0034    0   19 3776200.00 92017.0034  97.6%     -    0s
H    0     0                    211755.00335 92017.0034  56.5%     -    0s
H    0     0                    173530.63302 92017.0034  47.0%     -    0s
H    0     0                    169488.29189 92017.0034  45.7%     -    0s
H    0     0                    158878.32588 92415.1683  41.8%     -    0s
H    0     0                    145150.67410 96899.6590  33.2%     -    0s
     0     0 96899.6590    0    9 145150.674 96899.6590  33.2%     -    0s
H    0     0                    122082.24343 96954.6267  20.6%     -    0s
H    0     0                    117305.07242 96954.6267  17.3%     -    0s
     0     0 96954.6267    0    9 117305.072 96954.6267  17.3%     -    0s
     0     0 97224.2470    0    4 117305.072 97224.2470  17.1%     -    0s
H    0     0                    112541.05207 97247.8244  13.6%     -    0s
H    0     0                    104521.47635 97247.8244  6.96%     -    0s
     0     0 97289.1796    0    2 104521.476 97289.1796  6.92%     -    0s
     0     0 97302.8305    0    1 104521.476 97302.8305  6.91%     -    0s
H    0     0                    104006.55899 97302.8305  6.45%     -    0s
H    0     0                    103321.00868 97302.8305  5.82%     -    0s
     0     0 97317.7221    0    1 103321.009 97317.7221  5.81%     -    0s
     0     0 97317.7221    0    1 103321.009 97317.7221  5.81%     -    0s
     0     2 97317.8991    0    1 103321.009 97317.8991  5.81%     -    0s
*   20    15               4    103216.40087 97322.4847  5.71%  29.5    0s
*   37    41               5    102777.77342 97328.6465  5.30%  20.0    0s
*  424    88              16    102776.95763 98536.3920  4.13%  19.7    0s

Cutting planes:
  Implied bound: 70
  MIR: 3
  Relax-and-lift: 4

Explored 631 nodes (12650 simplex iterations) in 0.07 seconds (0.13 work units)
Thread count was 8 (of 8 available processors)

Solution count 10: 102777 102778 103216 ... 169488

Optimal solution found (tolerance 1.00e-04)
Best objective 1.027769576284e+05, best bound 1.027769576284e+05, gap 0.0000%

User-callback calls 1529, time in user-callback 0.00 sec

Gurobi 12.0.3 (mac64[arm]) logging started Tue Sep 23 15:46:30 2025

Set parameter LogFile to value "Logs/Facility Location Logs/L100/phase1/scenario_generation.log"
Set parameter LogToConsole to value 0

Gurobi 12.0.3 (mac64[arm]) logging started Tue Sep 23 15:46:30 2025

Set parameter LogFile to value "Logs/Facility Location Logs/L100/phase1/scenario_generation.log"
Gurobi Optimizer version 12.0.3 build v12.0.3rc0 (mac64[arm] - Darwin 24.6.0 24G222)

CPU model: Apple M3
Thread count: 8 physical cores, 8 logical processors, using up to 8 threads

Non-default parameters:
LogToConsole  0

Optimize a model with 75 rows, 1325 columns and 2575 nonzeros
Model fingerprint: 0x9981e05c
Variable types: 1300 continuous, 25 integer (25 binary)
Coefficient statistics:
  Matrix range     [1e+00, 2e+04]
  Objective range  [8e-03, 8e+03]
  Bounds range     [0e+00, 0e+00]
  RHS range        [2e+03, 9e+03]
Found heuristic solution: objective 6824300.0000
Presolve removed 0 rows and 1 columns
Presolve time: 0.00s
Presolved: 75 rows, 1324 columns, 2574 nonzeros
Variable types: 1300 continuous, 24 integer (24 binary)

Root relaxation: objective 1.100705e+05, 127 iterations, 0.00 seconds (0.00 work units)

    Nodes    |    Current Node    |     Objective Bounds      |     Work
 Expl Unexpl |  Obj  Depth IntInf | Incumbent    BestBd   Gap | It/Node Time

     0     0 110070.468    0   24 6824300.00 110070.468  98.4%     -    0s
H    0     0                    229327.46845 110070.468  52.0%     -    0s
H    0     0                    199971.05963 110070.468  45.0%     -    0s
H    0     0                    193030.57653 110070.468  43.0%     -    0s
H    0     0                    186403.07291 110070.468  41.0%     -    0s
H    0     0                    185106.46776 110070.468  40.5%     -    0s
H    0     0                    150018.28676 114982.134  23.4%     -    0s
H    0     0                    122738.77406 114982.134  6.32%     -    0s
     0     0 114982.134    0    9 122738.774 114982.134  6.32%     -    0s
H    0     0                    122444.35145 115102.466  6.00%     -    0s
     0     0 115480.566    0    5 122444.351 115480.566  5.69%     -    0s
     0     0 115575.901    0    5 122444.351 115575.901  5.61%     -    0s
     0     0 115622.653    0    9 122444.351 115622.653  5.57%     -    0s
     0     0 115636.601    0    8 122444.351 115636.601  5.56%     -    0s
     0     0 115641.225    0    8 122444.351 115641.225  5.56%     -    0s
     0     0 115686.152    0    6 122444.351 115686.152  5.52%     -    0s
     0     0 115686.493    0    4 122444.351 115686.493  5.52%     -    0s
     0     0 115702.515    0    3 122444.351 115702.515  5.51%     -    0s
H    0     0                    122377.25397 115704.041  5.45%     -    0s
     0     0 115704.041    0    4 122377.254 115704.041  5.45%     -    0s
     0     0 115704.396    0    4 122377.254 115704.396  5.45%     -    0s
     0     0 115704.396    0    4 122377.254 115704.396  5.45%     -    0s
     0     2 115704.413    0    4 122377.254 115704.413  5.45%     -    0s
H  113   126                    122068.66298 115736.327  5.19%  13.7    0s
H  347   239                    121772.28305 115782.239  4.92%  21.6    0s
*  611   335              12    121618.18711 115805.828  4.78%  22.2    0s
*  654   335              12    121504.30580 115814.077  4.68%  22.4    0s
* 1015   493              12    121498.71464 115835.434  4.66%  21.9    0s
* 1333   625              11    121494.29041 115905.350  4.60%  21.5    0s
H 1504   666                    121479.91535 115941.904  4.56%  21.6    0s
H 2648  1067                    121438.19354 116145.918  4.36%  21.5    0s

Cutting planes:
  Implied bound: 70
  MIR: 23
  Flow cover: 7
  Inf proof: 38
  Relax-and-lift: 9

Explored 16820 nodes (368227 simplex iterations) in 1.49 seconds (3.35 work units)
Thread count was 8 (of 8 available processors)

Solution count 10: 121438 121480 121494 ... 122444

Optimal solution found (tolerance 1.00e-04)
Best objective 1.214381935449e+05, best bound 1.214381935449e+05, gap 0.0000%

User-callback calls 34414, time in user-callback 0.00 sec

Gurobi 12.0.3 (mac64[arm]) logging started Tue Sep 23 15:46:31 2025

Set parameter LogFile to value "Logs/Facility Location Logs/L100/phase1/scenario_generation.log"
Set parameter LogToConsole to value 0

Gurobi 12.0.3 (mac64[arm]) logging started Tue Sep 23 15:46:31 2025

Set parameter LogFile to value "Logs/Facility Location Logs/L100/phase1/scenario_generation.log"
Gurobi Optimizer version 12.0.3 build v12.0.3rc0 (mac64[arm] - Darwin 24.6.0 24G222)

CPU model: Apple M3
Thread count: 8 physical cores, 8 logical processors, using up to 8 threads

Non-default parameters:
LogToConsole  0

Optimize a model with 75 rows, 1325 columns and 2575 nonzeros
Model fingerprint: 0x951c1b15
Variable types: 1300 continuous, 25 integer (25 binary)
Coefficient statistics:
  Matrix range     [1e+00, 2e+04]
  Objective range  [8e-03, 8e+03]
  Bounds range     [0e+00, 0e+00]
  RHS range        [7e+02, 9e+03]
Found heuristic solution: objective 4312400.0000
Presolve removed 0 rows and 1 columns
Presolve time: 0.00s
Presolved: 75 rows, 1324 columns, 2574 nonzeros
Variable types: 1300 continuous, 24 integer (24 binary)

Root relaxation: objective 7.456736e+04, 157 iterations, 0.00 seconds (0.00 work units)

    Nodes    |    Current Node    |     Objective Bounds      |     Work
 Expl Unexpl |  Obj  Depth IntInf | Incumbent    BestBd   Gap | It/Node Time

     0     0 74567.3553    0   23 4312400.00 74567.3553  98.3%     -    0s
H    0     0                    211443.35532 74567.3553  64.7%     -    0s
H    0     0                    181857.99997 74567.3553  59.0%     -    0s
H    0     0                    175147.21450 74567.3553  57.4%     -    0s
H    0     0                    168230.22681 74567.3553  55.7%     -    0s
H    0     0                    139679.50406 74567.3553  46.6%     -    0s
     0     0 79239.8050    0   11 139679.504 79239.8050  43.3%     -    0s
H    0     0                    137622.41944 79329.8929  42.4%     -    0s
H    0     0                    102285.90814 79329.8929  22.4%     -    0s
     0     0 79329.8929    0   11 102285.908 79329.8929  22.4%     -    0s
H    0     0                    91697.646037 79329.8929  13.5%     -    0s
     0     0 79729.8667    0    9 91697.6460 79729.8667  13.1%     -    0s
     0     0 79827.5049    0    8 91697.6460 79827.5049  12.9%     -    0s
H    0     0                    90883.151947 79827.5049  12.2%     -    0s
H    0     0                    90839.738719 80009.6783  11.9%     -    0s
H    0     0                    90827.928982 80009.6783  11.9%     -    0s
H    0     0                    89918.031225 80009.6783  11.0%     -    0s
     0     0 80009.6783    0   12 89918.0312 80009.6783  11.0%     -    0s
H    0     0                    82321.397860 80042.0877  2.77%     -    0s
     0     0 80042.0877    0   13 82321.3979 80042.0877  2.77%     -    0s
H    0     0                    82089.019854 80042.0877  2.49%     -    0s
     0     0 80189.0877    0    4 82089.0199 80189.0877  2.31%     -    0s
H    0     0                    81808.153710 80189.0877  1.98%     -    0s
     0     0 80189.6835    0    3 81808.1537 80189.6835  1.98%     -    0s
     0     0 80225.2207    0    1 81808.1537 80225.2207  1.93%     -    0s
     0     0 80230.1268    0    5 81808.1537 80230.1268  1.93%     -    0s
     0     0 80230.1268    0    5 81808.1537 80230.1268  1.93%     -    0s
     0     2 80230.1268    0    5 81808.1537 80230.1268  1.93%     -    0s

Cutting planes:
  Implied bound: 89
  MIR: 5
  Relax-and-lift: 2

Explored 420 nodes (10940 simplex iterations) in 0.11 seconds (0.17 work units)
Thread count was 8 (of 8 available processors)

Solution count 10: 81808.2 82089 89918 ... 175147

Optimal solution found (tolerance 1.00e-04)
Best objective 8.180815371019e+04, best bound 8.180815371019e+04, gap 0.0000%

User-callback calls 1137, time in user-callback 0.00 sec

Gurobi 12.0.3 (mac64[arm]) logging started Tue Sep 23 15:46:31 2025

Set parameter LogFile to value "Logs/Facility Location Logs/L100/phase1/scenario_generation.log"
Set parameter LogToConsole to value 0

Gurobi 12.0.3 (mac64[arm]) logging started Tue Sep 23 15:46:31 2025

Set parameter LogFile to value "Logs/Facility Location Logs/L100/phase1/scenario_generation.log"
Gurobi Optimizer version 12.0.3 build v12.0.3rc0 (mac64[arm] - Darwin 24.6.0 24G222)

CPU model: Apple M3
Thread count: 8 physical cores, 8 logical processors, using up to 8 threads

Non-default parameters:
LogToConsole  0

Optimize a model with 75 rows, 1325 columns and 2575 nonzeros
Model fingerprint: 0xeb3fd95a
Variable types: 1300 continuous, 25 integer (25 binary)
Coefficient statistics:
  Matrix range     [1e+00, 2e+04]
  Objective range  [8e-03, 8e+03]
  Bounds range     [0e+00, 0e+00]
  RHS range        [1e+03, 1e+04]
Found heuristic solution: objective 5790450.0000
Presolve removed 0 rows and 1 columns
Presolve time: 0.00s
Presolved: 75 rows, 1324 columns, 2574 nonzeros
Variable types: 1300 continuous, 24 integer (24 binary)

Root relaxation: objective 1.047264e+05, 103 iterations, 0.00 seconds (0.00 work units)

    Nodes    |    Current Node    |     Objective Bounds      |     Work
 Expl Unexpl |  Obj  Depth IntInf | Incumbent    BestBd   Gap | It/Node Time

     0     0 104726.423    0   24 5790450.00 104726.423  98.2%     -    0s
H    0     0                    234321.92339 104726.423  55.3%     -    0s
H    0     0                    212341.61127 104726.423  50.7%     -    0s
H    0     0                    142115.26625 104726.423  26.3%     -    0s
H    0     0                    136049.38552 104726.423  23.0%     -    0s
H    0     0                    121788.30557 104726.423  14.0%     -    0s
     0     0 109585.525    0   10 121788.306 109585.525  10.0%     -    0s
H    0     0                    119879.59685 109680.802  8.51%     -    0s
H    0     0                    112999.75806 109680.802  2.94%     -    0s
     0     0 109680.802    0   10 112999.758 109680.802  2.94%     -    0s
     0     0 110108.913    0    9 112999.758 110108.913  2.56%     -    0s
H    0     0                    112581.04129 110109.953  2.19%     -    0s
     0     0 110109.953    0   10 112581.041 110109.953  2.19%     -    0s
H    0     0                    112124.71353 110109.953  1.80%     -    0s
     0     0 110261.800    0   11 112124.714 110261.800  1.66%     -    0s
     0     0 110275.781    0    8 112124.714 110275.781  1.65%     -    0s
     0     0 110369.387    0    7 112124.714 110369.387  1.57%     -    0s
H    0     0                    112102.59590 110369.387  1.55%     -    0s
     0     0 110369.754    0    6 112102.596 110369.754  1.55%     -    0s
     0     0 110382.945    0    3 112102.596 110382.945  1.53%     -    0s
     0     0 110403.153    0    4 112102.596 110403.153  1.52%     -    0s
     0     0 110408.631    0    4 112102.596 110408.631  1.51%     -    0s
     0     0 110409.802    0    4 112102.596 110409.802  1.51%     -    0s
     0     0 110422.290    0    5 112102.596 110422.290  1.50%     -    0s
     0     0 110422.588    0    5 112102.596 110422.588  1.50%     -    0s
     0     0 110442.169    0    3 112102.596 110442.169  1.48%     -    0s
     0     0 110466.601    0    6 112102.596 110466.601  1.46%     -    0s
     0     0 110504.696    0    3 112102.596 110504.696  1.43%     -    0s
     0     0 110507.268    0    4 112102.596 110507.268  1.42%     -    0s
     0     0 110514.865    0    4 112102.596 110514.865  1.42%     -    0s
     0     0 110517.487    0    3 112102.596 110517.487  1.41%     -    0s
     0     0 110518.733    0    3 112102.596 110518.733  1.41%     -    0s
     0     0 110521.134    0    3 112102.596 110521.134  1.41%     -    0s
     0     0 110524.978    0    4 112102.596 110524.978  1.41%     -    0s
     0     0 110524.978    0    4 112102.596 110524.978  1.41%     -    0s
     0     2 110524.998    0    4 112102.596 110524.998  1.41%     -    0s

Cutting planes:
  Implied bound: 120
  MIR: 14
  Flow cover: 7
  Relax-and-lift: 4

Explored 2981 nodes (66738 simplex iterations) in 0.32 seconds (0.61 work units)
Thread count was 8 (of 8 available processors)

Solution count 10: 112103 112125 113000 ... 5.79045e+06

Optimal solution found (tolerance 1.00e-04)
Best objective 1.121025959018e+05, best bound 1.121025959018e+05, gap 0.0000%

User-callback calls 6347, time in user-callback 0.00 sec

Gurobi 12.0.3 (mac64[arm]) logging started Tue Sep 23 15:46:32 2025

Set parameter LogFile to value "Logs/Facility Location Logs/L100/phase1/scenario_generation.log"
Set parameter LogToConsole to value 0

Gurobi 12.0.3 (mac64[arm]) logging started Tue Sep 23 15:46:32 2025

Set parameter LogFile to value "Logs/Facility Location Logs/L100/phase1/scenario_generation.log"
Gurobi Optimizer version 12.0.3 build v12.0.3rc0 (mac64[arm] - Darwin 24.6.0 24G222)

CPU model: Apple M3
Thread count: 8 physical cores, 8 logical processors, using up to 8 threads

Non-default parameters:
LogToConsole  0

Optimize a model with 75 rows, 1325 columns and 2575 nonzeros
Model fingerprint: 0xe8dd6568
Variable types: 1300 continuous, 25 integer (25 binary)
Coefficient statistics:
  Matrix range     [1e+00, 2e+04]
  Objective range  [8e-03, 8e+03]
  Bounds range     [0e+00, 0e+00]
  RHS range        [2e+03, 2e+04]
Found heuristic solution: objective 6860250.0000
Presolve removed 0 rows and 1 columns
Presolve time: 0.00s
Presolved: 75 rows, 1324 columns, 2574 nonzeros
Variable types: 1300 continuous, 24 integer (24 binary)

Root relaxation: objective 1.212940e+05, 120 iterations, 0.00 seconds (0.00 work units)

    Nodes    |    Current Node    |     Objective Bounds      |     Work
 Expl Unexpl |  Obj  Depth IntInf | Incumbent    BestBd   Gap | It/Node Time

     0     0 121294.026    0   23 6860250.00 121294.026  98.2%     -    0s
H    0     0                    240191.52631 121294.026  49.5%     -    0s
H    0     0                    218275.02500 121294.026  44.4%     -    0s
H    0     0                    197423.83950 121294.026  38.6%     -    0s
H    0     0                    195354.02899 121294.026  37.9%     -    0s
H    0     0                    161932.37643 121294.026  25.1%     -    0s
H    0     0                    160524.71252 125915.606  21.6%     -    0s
H    0     0                    138053.03922 125915.606  8.79%     -    0s
     0     0 125915.606    0   11 138053.039 125915.606  8.79%     -    0s
     0     0 125964.585    0   11 138053.039 125964.585  8.76%     -    0s
H    0     0                    137933.05152 125964.585  8.68%     -    0s
     0     0 126400.693    0    8 137933.052 126400.693  8.36%     -    0s
H    0     0                    137435.01277 126446.106  8.00%     -    0s
H    0     0                    137108.83144 126446.106  7.78%     -    0s
     0     0 126446.106    0    9 137108.831 126446.106  7.78%     -    0s
     0     0 126446.218    0    9 137108.831 126446.218  7.78%     -    0s
H    0     0                    133932.46693 126537.265  5.52%     -    0s
     0     0 126537.265    0    7 133932.467 126537.265  5.52%     -    0s
H    0     0                    133124.27594 126537.463  4.95%     -    0s
     0     0 126537.463    0    7 133124.276 126537.463  4.95%     -    0s
H    0     0                    133113.26338 126537.463  4.94%     -    0s
     0     0 126600.352    0    8 133113.263 126600.352  4.89%     -    0s
     0     0 126602.754    0   11 133113.263 126602.754  4.89%     -    0s
     0     0 126612.238    0    7 133113.263 126612.238  4.88%     -    0s
H    0     0                    133009.29727 126612.778  4.81%     -    0s
     0     0 126612.778    0    7 133009.297 126612.778  4.81%     -    0s
     0     0 126618.059    0    8 133009.297 126618.059  4.81%     -    0s
     0     0 126618.194    0    8 133009.297 126618.194  4.81%     -    0s
     0     2 126618.196    0    8 133009.297 126618.196  4.81%     -    0s
H  147   134                    132101.94409 126692.335  4.10%  13.0    0s
H  608   425                    132040.56070 126730.537  4.02%  21.6    0s
H  653   425                    132021.03224 126736.062  4.00%  21.7    0s

Cutting planes:
  Gomory: 1
  Implied bound: 74
  MIR: 38
  Flow cover: 3
  Inf proof: 22
  Relax-and-lift: 14

Explored 7384 nodes (176899 simplex iterations) in 0.97 seconds (2.01 work units)
Thread count was 8 (of 8 available processors)

Solution count 10: 132021 132041 132102 ... 138053

Optimal solution found (tolerance 1.00e-04)
Best objective 1.320210322376e+05, best bound 1.320210322376e+05, gap 0.0000%

User-callback calls 15409, time in user-callback 0.00 sec

Gurobi 12.0.3 (mac64[arm]) logging started Tue Sep 23 15:46:33 2025

Set parameter LogFile to value "Logs/Facility Location Logs/L100/phase1/scenario_generation.log"
Set parameter LogToConsole to value 0

Gurobi 12.0.3 (mac64[arm]) logging started Tue Sep 23 15:46:33 2025

Set parameter LogFile to value "Logs/Facility Location Logs/L100/phase1/scenario_generation.log"
Gurobi Optimizer version 12.0.3 build v12.0.3rc0 (mac64[arm] - Darwin 24.6.0 24G222)

CPU model: Apple M3
Thread count: 8 physical cores, 8 logical processors, using up to 8 threads

Non-default parameters:
LogToConsole  0

Optimize a model with 75 rows, 1325 columns and 2575 nonzeros
Model fingerprint: 0xe75d87ac
Variable types: 1300 continuous, 25 integer (25 binary)
Coefficient statistics:
  Matrix range     [1e+00, 2e+04]
  Objective range  [8e-03, 8e+03]
  Bounds range     [0e+00, 0e+00]
  RHS range        [1e+03, 8e+03]
Found heuristic solution: objective 5120300.0000
Presolve removed 0 rows and 1 columns
Presolve time: 0.00s
Presolved: 75 rows, 1324 columns, 2574 nonzeros
Variable types: 1300 continuous, 24 integer (24 binary)

Root relaxation: objective 8.291889e+04, 146 iterations, 0.00 seconds (0.00 work units)

    Nodes    |    Current Node    |     Objective Bounds      |     Work
 Expl Unexpl |  Obj  Depth IntInf | Incumbent    BestBd   Gap | It/Node Time

     0     0 82918.8869    0   24 5120300.00 82918.8869  98.4%     -    0s
H    0     0                    219215.88694 82918.8869  62.2%     -    0s
H    0     0                    189988.60704 82918.8869  56.4%     -    0s
H    0     0                    176005.34980 82918.8869  52.9%     -    0s
H    0     0                    154320.93155 82918.8869  46.3%     -    0s
H    0     0                    138744.17482 87660.1932  36.8%     -    0s
H    0     0                    104164.69997 87660.1932  15.8%     -    0s
     0     0 87660.1932    0   12 104164.700 87660.1932  15.8%     -    0s
H    0     0                    90451.354528 87675.0989  3.07%     -    0s
     0     0 87675.0989    0   12 90451.3545 87675.0989  3.07%     -    0s
H    0     0                    90213.943513 87675.0989  2.81%     -    0s
H    0     0                    90086.743706 87675.0989  2.68%     -    0s
     0     0 88190.9727    0   12 90086.7437 88190.9727  2.10%     -    0s
     0     0 88235.9739    0   10 90086.7437 88235.9739  2.05%     -    0s
     0     0 88235.9739    0   10 90086.7437 88235.9739  2.05%     -    0s
     0     0 88496.6106    0   11 90086.7437 88496.6106  1.77%     -    0s
     0     0 88509.6718    0   11 90086.7437 88509.6718  1.75%     -    0s
     0     0 88613.5571    0    7 90086.7437 88613.5571  1.64%     -    0s
H    0     0                    90059.605234 88616.2044  1.60%     -    0s
     0     0 88616.2044    0    7 90059.6052 88616.2044  1.60%     -    0s
     0     0 88664.0676    0    5 90059.6052 88664.0676  1.55%     -    0s
     0     0 88674.6026    0    3 90059.6052 88674.6026  1.54%     -    0s
     0     0 88702.1243    0    9 90059.6052 88702.1243  1.51%     -    0s
     0     0 88702.1243    0    9 90059.6052 88702.1243  1.51%     -    0s
     0     2 88702.1243    0    9 90059.6052 88702.1243  1.51%     -    0s
H  133    99                    90051.716390 88765.2786  1.43%  21.8    0s
H  138    99                    90020.995677 88765.2786  1.39%  21.5    0s
*  290   153              10    89968.698303 88819.9138  1.28%  22.1    0s
H  400   164                    89961.453163 88866.2528  1.22%  22.4    0s

Cutting planes:
  Implied bound: 139
  MIR: 9
  Relax-and-lift: 7

Explored 1352 nodes (33424 simplex iterations) in 0.17 seconds (0.35 work units)
Thread count was 8 (of 8 available processors)

Solution count 10: 89961.5 89968.7 90021 ... 154321

Optimal solution found (tolerance 1.00e-04)
Best objective 8.996145316256e+04, best bound 8.996145316256e+04, gap 0.0000%

User-callback calls 3021, time in user-callback 0.00 sec

Gurobi 12.0.3 (mac64[arm]) logging started Tue Sep 23 15:46:33 2025

Set parameter LogFile to value "Logs/Facility Location Logs/L100/phase1/scenario_generation.log"
Set parameter LogToConsole to value 0

Gurobi 12.0.3 (mac64[arm]) logging started Tue Sep 23 15:46:33 2025

Set parameter LogFile to value "Logs/Facility Location Logs/L100/phase1/scenario_generation.log"
Gurobi Optimizer version 12.0.3 build v12.0.3rc0 (mac64[arm] - Darwin 24.6.0 24G222)

CPU model: Apple M3
Thread count: 8 physical cores, 8 logical processors, using up to 8 threads

Non-default parameters:
LogToConsole  0

Optimize a model with 75 rows, 1325 columns and 2575 nonzeros
Model fingerprint: 0xf6238fd0
Variable types: 1300 continuous, 25 integer (25 binary)
Coefficient statistics:
  Matrix range     [1e+00, 2e+04]
  Objective range  [8e-03, 8e+03]
  Bounds range     [0e+00, 0e+00]
  RHS range        [1e+03, 7e+03]
Found heuristic solution: objective 5425000.0000
Presolve removed 0 rows and 1 columns
Presolve time: 0.00s
Presolved: 75 rows, 1324 columns, 2574 nonzeros
Variable types: 1300 continuous, 24 integer (24 binary)

Root relaxation: objective 8.773928e+04, 137 iterations, 0.00 seconds (0.00 work units)

    Nodes    |    Current Node    |     Objective Bounds      |     Work
 Expl Unexpl |  Obj  Depth IntInf | Incumbent    BestBd   Gap | It/Node Time

     0     0 87739.2839    0   24 5425000.00 87739.2839  98.4%     -    0s
H    0     0                    220989.28388 87739.2839  60.3%     -    0s
H    0     0                    198907.51986 87739.2839  55.9%     -    0s
H    0     0                    182848.39926 87739.2839  52.0%     -    0s
H    0     0                    175802.68529 87739.2839  50.1%     -    0s
H    0     0                    174354.37760 87897.3883  49.6%     -    0s
H    0     0                    140497.30260 92748.5726  34.0%     -    0s
H    0     0                    106262.47394 92748.5726  12.7%     -    0s
     0     0 92748.5726    0   12 106262.474 92748.5726  12.7%     -    0s
H    0     0                    106201.29302 92811.2078  12.6%     -    0s
     0     0 92811.2078    0   12 106201.293 92811.2078  12.6%     -    0s
     0     0 93301.4217    0    9 106201.293 93301.4217  12.1%     -    0s
H    0     0                    105284.50899 93338.0543  11.3%     -    0s
     0     0 93340.7177    0   10 105284.509 93340.7177  11.3%     -    0s
     0     0 93579.7025    0    9 105284.509 93579.7025  11.1%     -    0s
H    0     0                    98347.219631 93589.9749  4.84%     -    0s
     0     0 93598.0953    0    9 98347.2196 93598.0953  4.83%     -    0s
     0     0 93601.0331    0    9 98347.2196 93601.0331  4.83%     -    0s
     0     0 93703.2131    0   10 98347.2196 93703.2131  4.72%     -    0s
     0     0 93716.0222    0    9 98347.2196 93716.0222  4.71%     -    0s
     0     0 93716.8236    0    9 98347.2196 93716.8236  4.71%     -    0s
     0     0 93745.9031    0    7 98347.2196 93745.9031  4.68%     -    0s
H    0     0                    98333.376988 93747.3666  4.66%     -    0s
     0     0 93758.1028    0    8 98333.3770 93758.1028  4.65%     -    0s
     0     0 93758.1615    0    8 98333.3770 93758.1615  4.65%     -    0s
     0     0 93765.9853    0    5 98333.3770 93765.9853  4.64%     -    0s
     0     0 93769.1252    0    7 98333.3770 93769.1252  4.64%     -    0s
     0     0 93779.0439    0    6 98333.3770 93779.0439  4.63%     -    0s
     0     0 93779.0439    0    6 98333.3770 93779.0439  4.63%     -    0s
H    0     0                    98320.811676 93779.0439  4.62%     -    0s
     0     2 93779.0439    0    6 98320.8117 93779.0439  4.62%     -    0s

Cutting planes:
  Implied bound: 167
  MIR: 18
  Flow cover: 5
  Inf proof: 12
  Relax-and-lift: 13

Explored 6105 nodes (156606 simplex iterations) in 0.54 seconds (1.23 work units)
Thread count was 8 (of 8 available processors)

Solution count 10: 98320.8 98333.4 98347.2 ... 198908

Optimal solution found (tolerance 1.00e-04)
Best objective 9.832081167637e+04, best bound 9.832081167637e+04, gap 0.0000%

User-callback calls 12615, time in user-callback 0.00 sec

Gurobi 12.0.3 (mac64[arm]) logging started Tue Sep 23 15:46:33 2025

Set parameter LogFile to value "Logs/Facility Location Logs/L100/phase1/scenario_generation.log"
Set parameter LogToConsole to value 0

Gurobi 12.0.3 (mac64[arm]) logging started Tue Sep 23 15:46:33 2025

Set parameter LogFile to value "Logs/Facility Location Logs/L100/phase1/scenario_generation.log"
Gurobi Optimizer version 12.0.3 build v12.0.3rc0 (mac64[arm] - Darwin 24.6.0 24G222)

CPU model: Apple M3
Thread count: 8 physical cores, 8 logical processors, using up to 8 threads

Non-default parameters:
LogToConsole  0

Optimize a model with 75 rows, 1325 columns and 2575 nonzeros
Model fingerprint: 0x635d1600
Variable types: 1300 continuous, 25 integer (25 binary)
Coefficient statistics:
  Matrix range     [1e+00, 2e+04]
  Objective range  [8e-03, 8e+03]
  Bounds range     [0e+00, 0e+00]
  RHS range        [7e+02, 8e+03]
Found heuristic solution: objective 4281450.0000
Presolve removed 0 rows and 1 columns
Presolve time: 0.00s
Presolved: 75 rows, 1324 columns, 2574 nonzeros
Variable types: 1300 continuous, 24 integer (24 binary)

Root relaxation: objective 7.375447e+04, 111 iterations, 0.00 seconds (0.00 work units)

    Nodes    |    Current Node    |     Objective Bounds      |     Work
 Expl Unexpl |  Obj  Depth IntInf | Incumbent    BestBd   Gap | It/Node Time

     0     0 73754.4680    0   23 4281450.00 73754.4680  98.3%     -    0s
H    0     0                    210939.96801 73754.4680  65.0%     -    0s
H    0     0                    188801.45481 73754.4680  60.9%     -    0s
H    0     0                    178564.77452 73754.4680  58.7%     -    0s
H    0     0                    171308.22031 73754.4680  56.9%     -    0s
H    0     0                    156247.97489 73754.4680  52.8%     -    0s
H    0     0                    138252.50241 78621.6205  43.1%     -    0s
H    0     0                    104856.96989 78621.6205  25.0%     -    0s
H    0     0                    83973.455246 78621.6205  6.37%     -    0s
     0     0 78621.6205    0   10 83973.4552 78621.6205  6.37%     -    0s
     0     0 78743.5370    0   10 83973.4552 78743.5370  6.23%     -    0s
     0     0 79069.6141    0    8 83973.4552 79069.6141  5.84%     -    0s
H    0     0                    83080.068452 79069.6141  4.83%     -    0s
     0     0 79069.6141    0    8 83080.0685 79069.6141  4.83%     -    0s
     0     0 79069.6141    0    8 83080.0685 79069.6141  4.83%     -    0s
H    0     0                    81862.805399 79069.6141  3.41%     -    0s
H    0     0                    81661.299130 79367.8197  2.81%     -    0s
     0     0 79367.8197    0   12 81661.2991 79367.8197  2.81%     -    0s
     0     0 79406.5773    0   12 81661.2991 79406.5773  2.76%     -    0s
     0     0 79524.7334    0    7 81661.2991 79524.7334  2.62%     -    0s
     0     0 79529.8873    0    7 81661.2991 79529.8873  2.61%     -    0s
H    0     0                    81503.581029 79605.0770  2.33%     -    0s
     0     0 79605.0770    0    4 81503.5810 79605.0770  2.33%     -    0s
     0     0 79607.6488    0    6 81503.5810 79607.6488  2.33%     -    0s
     0     0 79616.3004    0    6 81503.5810 79616.3004  2.32%     -    0s
     0     0 79616.3004    0    6 81503.5810 79616.3004  2.32%     -    0s
     0     2 79616.3004    0    6 81503.5810 79616.3004  2.32%     -    0s

Cutting planes:
  Implied bound: 99
  MIR: 7
  Flow cover: 4
  Relax-and-lift: 8

Explored 801 nodes (18955 simplex iterations) in 0.13 seconds (0.26 work units)
Thread count was 8 (of 8 available processors)

Solution count 10: 81503.6 81661.3 83080.1 ... 188801

Optimal solution found (tolerance 1.00e-04)
Best objective 8.150358102900e+04, best bound 8.150358102900e+04, gap 0.0000%

User-callback calls 1922, time in user-callback 0.00 sec

Gurobi 12.0.3 (mac64[arm]) logging started Tue Sep 23 15:46:33 2025

Set parameter LogFile to value "Logs/Facility Location Logs/L100/phase1/scenario_generation.log"
Set parameter LogToConsole to value 0

Gurobi 12.0.3 (mac64[arm]) logging started Tue Sep 23 15:46:33 2025

Set parameter LogFile to value "Logs/Facility Location Logs/L100/phase1/scenario_generation.log"
Gurobi Optimizer version 12.0.3 build v12.0.3rc0 (mac64[arm] - Darwin 24.6.0 24G222)

CPU model: Apple M3
Thread count: 8 physical cores, 8 logical processors, using up to 8 threads

Non-default parameters:
LogToConsole  0

Optimize a model with 75 rows, 1325 columns and 2575 nonzeros
Model fingerprint: 0x3808724a
Variable types: 1300 continuous, 25 integer (25 binary)
Coefficient statistics:
  Matrix range     [1e+00, 2e+04]
  Objective range  [8e-03, 8e+03]
  Bounds range     [0e+00, 0e+00]
  RHS range        [1e+03, 2e+04]
Found heuristic solution: objective 6474850.0000
Presolve removed 0 rows and 1 columns
Presolve time: 0.00s
Presolved: 75 rows, 1324 columns, 2574 nonzeros
Variable types: 1300 continuous, 24 integer (24 binary)

Root relaxation: objective 1.229658e+05, 131 iterations, 0.00 seconds (0.00 work units)

    Nodes    |    Current Node    |     Objective Bounds      |     Work
 Expl Unexpl |  Obj  Depth IntInf | Incumbent    BestBd   Gap | It/Node Time

     0     0 122965.768    0   23 6474850.00 122965.768  98.1%     -    0s
H    0     0                    245717.26850 122965.768  50.0%     -    0s
H    0     0                    223831.90943 122965.768  45.1%     -    0s
H    0     0                    195889.66002 122965.768  37.2%     -    0s
H    0     0                    188476.60542 122965.768  34.8%     -    0s
H    0     0                    167180.38896 127786.892  23.6%     -    0s
H    0     0                    133344.35444 127786.892  4.17%     -    0s
H    0     0                    133305.84208 127786.892  4.14%     -    0s
     0     0 127786.892    0   10 133305.842 127786.892  4.14%     -    0s
H    0     0                    131857.81810 127843.138  3.04%     -    0s
H    0     0                    131821.12543 127843.138  3.02%     -    0s
     0     0 127843.138    0   10 131821.125 127843.138  3.02%     -    0s
     0     0 128232.344    0    9 131821.125 128232.344  2.72%     -    0s
     0     0 128259.734    0    9 131821.125 128259.734  2.70%     -    0s
H    0     0                    130916.60602 128418.898  1.91%     -    0s
     0     0 128418.898    0    9 130916.606 128418.898  1.91%     -    0s
     0     0 128428.965    0    9 130916.606 128428.965  1.90%     -    0s
     0     0 128525.203    0    9 130916.606 128525.203  1.83%     -    0s
     0     0 128529.796    0    8 130916.606 128529.796  1.82%     -    0s
     0     0 128530.077    0    7 130916.606 128530.077  1.82%     -    0s
     0     0 128570.234    0    6 130916.606 128570.234  1.79%     -    0s
     0     0 128572.441    0    8 130916.606 128572.441  1.79%     -    0s
     0     0 128577.503    0    7 130916.606 128577.503  1.79%     -    0s
     0     0 128577.503    0    7 130916.606 128577.503  1.79%     -    0s
H    0     0                    130893.67387 128577.503  1.77%     -    0s
     0     2 128577.513    0    7 130893.674 128577.513  1.77%     -    0s
H  113   129                    130818.61001 128748.830  1.58%  18.6    0s

Cutting planes:
  Gomory: 1
  Implied bound: 68
  MIR: 32
  Flow cover: 5
  Relax-and-lift: 10

Explored 15362 nodes (317741 simplex iterations) in 1.45 seconds (3.14 work units)
Thread count was 8 (of 8 available processors)

Solution count 10: 130819 130894 130917 ... 245717

Optimal solution found (tolerance 1.00e-04)
Best objective 1.308186100112e+05, best bound 1.308186100112e+05, gap 0.0000%

User-callback calls 31553, time in user-callback 0.01 sec

Gurobi 12.0.3 (mac64[arm]) logging started Tue Sep 23 15:46:35 2025

Set parameter LogFile to value "Logs/Facility Location Logs/L100/phase1/scenario_generation.log"
Set parameter LogToConsole to value 0

Gurobi 12.0.3 (mac64[arm]) logging started Tue Sep 23 15:46:35 2025

Set parameter LogFile to value "Logs/Facility Location Logs/L100/phase1/scenario_generation.log"
Gurobi Optimizer version 12.0.3 build v12.0.3rc0 (mac64[arm] - Darwin 24.6.0 24G222)

CPU model: Apple M3
Thread count: 8 physical cores, 8 logical processors, using up to 8 threads

Non-default parameters:
LogToConsole  0

Optimize a model with 75 rows, 1325 columns and 2575 nonzeros
Model fingerprint: 0xe524fb19
Variable types: 1300 continuous, 25 integer (25 binary)
Coefficient statistics:
  Matrix range     [1e+00, 2e+04]
  Objective range  [8e-03, 8e+03]
  Bounds range     [0e+00, 0e+00]
  RHS range        [1e+03, 2e+04]
Found heuristic solution: objective 6248550.0000
Presolve removed 0 rows and 1 columns
Presolve time: 0.00s
Presolved: 75 rows, 1324 columns, 2574 nonzeros
Variable types: 1300 continuous, 24 integer (24 binary)

Root relaxation: objective 1.177258e+05, 171 iterations, 0.00 seconds (0.00 work units)

    Nodes    |    Current Node    |     Objective Bounds      |     Work
 Expl Unexpl |  Obj  Depth IntInf | Incumbent    BestBd   Gap | It/Node Time

     0     0 117725.805    0   23 6248550.00 117725.805  98.1%     -    0s
H    0     0                    242740.30452 117725.805  51.5%     -    0s
H    0     0                    227969.14447 117725.805  48.4%     -    0s
H    0     0                    220579.70756 117725.805  46.6%     -    0s
H    0     0                    214981.54610 117725.805  45.2%     -    0s
H    0     0                    207318.45490 117767.784  43.2%     -    0s
H    0     0                    198585.60545 122537.353  38.3%     -    0s
H    0     0                    162291.80964 122537.353  24.5%     -    0s
H    0     0                    136049.41758 122537.353  9.93%     -    0s
     0     0 122537.353    0   10 136049.418 122537.353  9.93%     -    0s
     0     0 122607.992    0   10 136049.418 122607.992  9.88%     -    0s
H    0     0                    128710.64949 123029.570  4.41%     -    0s
     0     0 123029.570    0    9 128710.649 123029.570  4.41%     -    0s
     0     0 123077.475    0   10 128710.649 123077.475  4.38%     -    0s
H    0     0                    128705.66680 123077.475  4.37%     -    0s
     0     0 123225.552    0    9 128705.667 123225.552  4.26%     -    0s
     0     0 123237.981    0    8 128705.667 123237.981  4.25%     -    0s
H    0     0                    128624.24371 123237.981  4.19%     -    0s
     0     0 123237.981    0    8 128624.244 123237.981  4.19%     -    0s
H    0     0                    128588.05236 123237.981  4.16%     -    0s
     0     0 123309.533    0    6 128588.052 123309.533  4.10%     -    0s
     0     0 123318.600    0    6 128588.052 123318.600  4.10%     -    0s
     0     0 123318.861    0    6 128588.052 123318.861  4.10%     -    0s
     0     0 123328.489    0    6 128588.052 123328.489  4.09%     -    0s
     0     0 123328.489    0    6 128588.052 123328.489  4.09%     -    0s
H    0     0                    128524.56439 123328.489  4.04%     -    0s
H    0     0                    127617.93616 123328.489  3.36%     -    0s
     0     2 123328.508    0    6 127617.936 123328.508  3.36%     -    0s
*  456   280               8    127555.66732 123648.772  3.06%  22.4    0s
*  464   280               8    127509.44745 123652.925  3.02%  22.4    0s

Cutting planes:
  Implied bound: 89
  MIR: 21
  Flow cover: 4
  Inf proof: 11
  Relax-and-lift: 5

Explored 9340 nodes (211486 simplex iterations) in 1.02 seconds (2.18 work units)
Thread count was 8 (of 8 available processors)

Solution count 10: 127509 127556 127618 ... 207318

Optimal solution found (tolerance 1.00e-04)
Best objective 1.275094474502e+05, best bound 1.275094474502e+05, gap 0.0000%

User-callback calls 19324, time in user-callback 0.00 sec

Gurobi 12.0.3 (mac64[arm]) logging started Tue Sep 23 15:46:36 2025

Set parameter LogFile to value "Logs/Facility Location Logs/L100/phase1/scenario_generation.log"
Set parameter LogToConsole to value 0

Gurobi 12.0.3 (mac64[arm]) logging started Tue Sep 23 15:46:36 2025

Set parameter LogFile to value "Logs/Facility Location Logs/L100/phase1/scenario_generation.log"
Gurobi Optimizer version 12.0.3 build v12.0.3rc0 (mac64[arm] - Darwin 24.6.0 24G222)

CPU model: Apple M3
Thread count: 8 physical cores, 8 logical processors, using up to 8 threads

Non-default parameters:
LogToConsole  0

Optimize a model with 75 rows, 1325 columns and 2575 nonzeros
Model fingerprint: 0x72997f20
Variable types: 1300 continuous, 25 integer (25 binary)
Coefficient statistics:
  Matrix range     [1e+00, 2e+04]
  Objective range  [8e-03, 8e+03]
  Bounds range     [0e+00, 0e+00]
  RHS range        [1e+03, 2e+04]
Found heuristic solution: objective 5904500.0000
Presolve removed 0 rows and 1 columns
Presolve time: 0.00s
Presolved: 75 rows, 1324 columns, 2574 nonzeros
Variable types: 1300 continuous, 24 integer (24 binary)

Root relaxation: objective 1.152161e+05, 150 iterations, 0.00 seconds (0.00 work units)

    Nodes    |    Current Node    |     Objective Bounds      |     Work
 Expl Unexpl |  Obj  Depth IntInf | Incumbent    BestBd   Gap | It/Node Time

     0     0 115216.120    0   23 5904500.00 115216.120  98.0%     -    0s
H    0     0                    243671.11973 115216.120  52.7%     -    0s
H    0     0                    207388.32545 115216.120  44.4%     -    0s
H    0     0                    179011.00241 115216.120  35.6%     -    0s
H    0     0                    178517.82067 115216.120  35.5%     -    0s
H    0     0                    172993.78333 115216.120  33.4%     -    0s
     0     0 119801.662    0   11 172993.783 119801.662  30.7%     -    0s
H    0     0                    163220.20133 119881.236  26.6%     -    0s
H    0     0                    128992.41878 119881.236  7.06%     -    0s
H    0     0                    122104.64514 119881.236  1.82%     -    0s
H    0     0                    122021.79812 119881.236  1.75%     -    0s
     0     0 119881.236    0   10 122021.798 119881.236  1.75%     -    0s
     0     0 120334.933    0    8 122021.798 120334.933  1.38%     -    0s
H    0     0                    121938.48550 120376.814  1.28%     -    0s
     0     0 120376.814    0    9 121938.485 120376.814  1.28%     -    0s
H    0     0                    121612.88282 120376.814  1.02%     -    0s
     0     0 120536.984    0   11 121612.883 120536.984  0.88%     -    0s
     0     0 120552.404    0   11 121612.883 120552.404  0.87%     -    0s
     0     0 120552.704    0   11 121612.883 120552.704  0.87%     -    0s
     0     0 120657.457    0    7 121612.883 120657.457  0.79%     -    0s
     0     0 120663.205    0    6 121612.883 120663.205  0.78%     -    0s
     0     0 120688.065    0    7 121612.883 120688.065  0.76%     -    0s
     0     0 120688.065    0    7 121612.883 120688.065  0.76%     -    0s
     0     2 120688.065    0    7 121612.883 120688.065  0.76%     -    0s
*  490    13               4    121590.78544 121211.878  0.31%  20.8    0s

Cutting planes:
  Implied bound: 96
  MIR: 10
  Flow cover: 3
  Relax-and-lift: 5

Explored 575 nodes (12385 simplex iterations) in 0.08 seconds (0.16 work units)
Thread count was 8 (of 8 available processors)

Solution count 10: 121591 121613 121938 ... 207388

Optimal solution found (tolerance 1.00e-04)
Best objective 1.215907854418e+05, best bound 1.215907854418e+05, gap 0.0000%

User-callback calls 1434, time in user-callback 0.00 sec

Gurobi 12.0.3 (mac64[arm]) logging started Tue Sep 23 15:46:36 2025

Set parameter LogFile to value "Logs/Facility Location Logs/L100/phase1/scenario_generation.log"
Set parameter LogToConsole to value 0

Gurobi 12.0.3 (mac64[arm]) logging started Tue Sep 23 15:46:36 2025

Set parameter LogFile to value "Logs/Facility Location Logs/L100/phase1/scenario_generation.log"
Gurobi Optimizer version 12.0.3 build v12.0.3rc0 (mac64[arm] - Darwin 24.6.0 24G222)

CPU model: Apple M3
Thread count: 8 physical cores, 8 logical processors, using up to 8 threads

Non-default parameters:
LogToConsole  0

Optimize a model with 75 rows, 1325 columns and 2575 nonzeros
Model fingerprint: 0xe71dd3a6
Variable types: 1300 continuous, 25 integer (25 binary)
Coefficient statistics:
  Matrix range     [1e+00, 2e+04]
  Objective range  [8e-03, 8e+03]
  Bounds range     [0e+00, 0e+00]
  RHS range        [7e+02, 1e+04]
Found heuristic solution: objective 4897850.0000
Presolve removed 0 rows and 1 columns
Presolve time: 0.00s
Presolved: 75 rows, 1324 columns, 2574 nonzeros
Variable types: 1300 continuous, 24 integer (24 binary)

Root relaxation: objective 9.274273e+04, 142 iterations, 0.00 seconds (0.00 work units)

    Nodes    |    Current Node    |     Objective Bounds      |     Work
 Expl Unexpl |  Obj  Depth IntInf | Incumbent    BestBd   Gap | It/Node Time

     0     0 92742.7259    0   24 4897850.00 92742.7259  98.1%     -    0s
H    0     0                    231264.22586 92742.7259  59.9%     -    0s
H    0     0                    194344.98168 92742.7259  52.3%     -    0s
H    0     0                    186988.94214 92742.7259  50.4%     -    0s
H    0     0                    173011.13229 92742.7259  46.4%     -    0s
H    0     0                    150123.27260 97190.8234  35.3%     -    0s
     0     0 97190.8234    0   10 150123.273 97190.8234  35.3%     -    0s
H    0     0                    115122.58421 97299.2651  15.5%     -    0s
     0     0 97299.2651    0   10 115122.584 97299.2651  15.5%     -    0s
H    0     0                    111580.43794 97588.0115  12.5%     -    0s
H    0     0                    104862.13958 97588.0115  6.94%     -    0s
H    0     0                    104475.06588 97588.0115  6.59%     -    0s
     0     0 97588.0115    0    6 104475.066 97588.0115  6.59%     -    0s
     0     0 97601.8931    0    6 104475.066 97601.8931  6.58%     -    0s
H    0     0                    101516.50006 97834.5777  3.63%     -    0s
     0     0 97834.5777    0   10 101516.500 97834.5777  3.63%     -    0s
H    0     0                    101068.65147 97861.3758  3.17%     -    0s
     0     0 97861.3758    0   10 101068.651 97861.3758  3.17%     -    0s
     0     0 97861.3758    0   11 101068.651 97861.3758  3.17%     -    0s
     0     0 97989.3116    0    5 101068.651 97989.3116  3.05%     -    0s
     0     0 98015.0517    0    2 101068.651 98015.0517  3.02%     -    0s
     0     0 98015.0675    0    2 101068.651 98015.0675  3.02%     -    0s
     0     0 98018.6437    0    4 101068.651 98018.6437  3.02%     -    0s
     0     0 98018.6437    0    4 101068.651 98018.6437  3.02%     -    0s
     0     2 98018.6437    0    4 101068.651 98018.6437  3.02%     -    0s
*  750   307               6    101040.30890 98491.7527  2.52%  19.1    0s

Cutting planes:
  Implied bound: 98
  MIR: 6
  Flow cover: 1
  Relax-and-lift: 4

Explored 2602 nodes (55216 simplex iterations) in 0.23 seconds (0.50 work units)
Thread count was 8 (of 8 available processors)

Solution count 10: 101040 101069 104475 ... 231264

Optimal solution found (tolerance 1.00e-04)
Best objective 1.010403088967e+05, best bound 1.010403088967e+05, gap 0.0000%

User-callback calls 5546, time in user-callback 0.00 sec

Gurobi 12.0.3 (mac64[arm]) logging started Tue Sep 23 15:46:36 2025

Set parameter LogFile to value "Logs/Facility Location Logs/L100/phase1/scenario_generation.log"
Set parameter LogToConsole to value 0

Gurobi 12.0.3 (mac64[arm]) logging started Tue Sep 23 15:46:36 2025

Set parameter LogFile to value "Logs/Facility Location Logs/L100/phase1/scenario_generation.log"
Gurobi Optimizer version 12.0.3 build v12.0.3rc0 (mac64[arm] - Darwin 24.6.0 24G222)

CPU model: Apple M3
Thread count: 8 physical cores, 8 logical processors, using up to 8 threads

Non-default parameters:
LogToConsole  0

Optimize a model with 75 rows, 1325 columns and 2575 nonzeros
Model fingerprint: 0xa752ef37
Variable types: 1300 continuous, 25 integer (25 binary)
Coefficient statistics:
  Matrix range     [1e+00, 2e+04]
  Objective range  [8e-03, 8e+03]
  Bounds range     [0e+00, 0e+00]
  RHS range        [1e+03, 2e+04]
Found heuristic solution: objective 6133950.0000
Presolve removed 0 rows and 1 columns
Presolve time: 0.00s
Presolved: 75 rows, 1324 columns, 2574 nonzeros
Variable types: 1300 continuous, 24 integer (24 binary)

Root relaxation: objective 1.188212e+05, 121 iterations, 0.00 seconds (0.00 work units)

    Nodes    |    Current Node    |     Objective Bounds      |     Work
 Expl Unexpl |  Obj  Depth IntInf | Incumbent    BestBd   Gap | It/Node Time

     0     0 118821.208    0   23 6133950.00 118821.208  98.1%     -    0s
H    0     0                    244981.70781 118821.208  51.5%     -    0s
H    0     0                    216987.46512 118821.208  45.2%     -    0s
H    0     0                    200728.59164 118821.208  40.8%     -    0s
H    0     0                    193525.69585 118821.208  38.6%     -    0s
H    0     0                    164091.73743 118821.208  27.6%     -    0s
H    0     0                    138520.04364 123688.348  10.7%     -    0s
     0     0 123688.348    0   11 138520.044 123688.348  10.7%     -    0s
H    0     0                    131462.59402 123728.492  5.88%     -    0s
     0     0 123728.492    0   11 131462.594 123728.492  5.88%     -    0s
H    0     0                    130620.91717 123728.492  5.28%     -    0s
     0     0 124227.605    0   11 130620.917 124227.605  4.89%     -    0s
H    0     0                    130618.15654 124268.951  4.86%     -    0s
     0     0 124268.951    0   10 130618.157 124268.951  4.86%     -    0s
H    0     0                    130212.87872 124268.951  4.56%     -    0s
     0     0 124460.433    0   12 130212.879 124460.433  4.42%     -    0s
H    0     0                    130105.70471 124474.370  4.33%     -    0s
     0     0 124567.126    0    9 130105.705 124567.126  4.26%     -    0s
     0     0 124576.977    0    9 130105.705 124576.977  4.25%     -    0s
     0     0 124607.054    0    7 130105.705 124607.054  4.23%     -    0s
     0     0 124611.038    0    7 130105.705 124611.038  4.22%     -    0s
     0     0 124618.620    0    7 130105.705 124618.620  4.22%     -    0s
     0     0 124618.620    0    7 130105.705 124618.620  4.22%     -    0s
H    0     0                    129987.02735 124618.620  4.13%     -    0s
H    0     2                    129933.14050 124618.637  4.09%     -    0s
     0     2 124618.637    0    7 129933.140 124618.637  4.09%     -    0s
H  108   140                    129911.79870 124664.143  4.04%  16.5    0s
H  123   140                    129891.96455 124664.143  4.02%  15.5    0s
*  513   356              10    129879.16736 124739.207  3.96%  24.4    0s
* 2242   545              10    129793.52821 125357.052  3.42%  29.4    0s
H 2288   526                    129767.24548 125411.004  3.36%  29.4    0s
H 2465   459                    129766.30665 125532.628  3.26%  29.9    0s
* 3037   288               7    129738.99828 126544.977  2.46%  30.5    0s

Cutting planes:
  Implied bound: 176
  MIR: 13
  Flow cover: 8
  Inf proof: 23
  Relax-and-lift: 6

Explored 3497 nodes (105644 simplex iterations) in 0.38 seconds (0.84 work units)
Thread count was 8 (of 8 available processors)

Solution count 10: 129739 129766 129794 ... 164092

Optimal solution found (tolerance 1.00e-04)
Best objective 1.297389982836e+05, best bound 1.297389982836e+05, gap 0.0000%

User-callback calls 7363, time in user-callback 0.00 sec

Gurobi 12.0.3 (mac64[arm]) logging started Tue Sep 23 15:46:37 2025

Set parameter LogFile to value "Logs/Facility Location Logs/L100/phase1/scenario_generation.log"
Set parameter LogToConsole to value 0

Gurobi 12.0.3 (mac64[arm]) logging started Tue Sep 23 15:46:37 2025

Set parameter LogFile to value "Logs/Facility Location Logs/L100/phase1/scenario_generation.log"
Gurobi Optimizer version 12.0.3 build v12.0.3rc0 (mac64[arm] - Darwin 24.6.0 24G222)

CPU model: Apple M3
Thread count: 8 physical cores, 8 logical processors, using up to 8 threads

Non-default parameters:
LogToConsole  0

Optimize a model with 75 rows, 1325 columns and 2575 nonzeros
Model fingerprint: 0xbece9df6
Variable types: 1300 continuous, 25 integer (25 binary)
Coefficient statistics:
  Matrix range     [1e+00, 2e+04]
  Objective range  [8e-03, 8e+03]
  Bounds range     [0e+00, 0e+00]
  RHS range        [9e+02, 2e+04]
Found heuristic solution: objective 5177650.0000
Presolve removed 0 rows and 1 columns
Presolve time: 0.00s
Presolved: 75 rows, 1324 columns, 2574 nonzeros
Variable types: 1300 continuous, 24 integer (24 binary)

Root relaxation: objective 1.052828e+05, 141 iterations, 0.00 seconds (0.00 work units)

    Nodes    |    Current Node    |     Objective Bounds      |     Work
 Expl Unexpl |  Obj  Depth IntInf | Incumbent    BestBd   Gap | It/Node Time

     0     0 105282.767    0   23 5177650.00 105282.767  98.0%     -    0s
H    0     0                    241006.26741 105282.767  56.3%     -    0s
H    0     0                    218812.56888 105282.767  51.9%     -    0s
H    0     0                    203988.36409 105282.767  48.4%     -    0s
H    0     0                    197673.46041 110085.276  44.3%     -    0s
H    0     0                    160655.17873 110085.276  31.5%     -    0s
H    0     0                    125836.04073 110085.276  12.5%     -    0s
H    0     0                    112772.56516 110085.276  2.38%     -    0s
H    0     0                    112457.27833 110085.276  2.11%     -    0s
     0     0 110085.276    0   11 112457.278 110085.276  2.11%     -    0s
H    0     0                    111804.19726 110137.795  1.49%     -    0s
     0     0 110137.795    0   11 111804.197 110137.795  1.49%     -    0s
H    0     0                    111751.03689 110137.795  1.44%     -    0s
     0     0 110518.609    0    9 111751.037 110518.609  1.10%     -    0s
     0     0 110636.365    0    9 111751.037 110636.365  1.00%     -    0s
     0     0 110782.908    0   11 111751.037 110782.908  0.87%     -    0s
     0     0 110804.464    0    8 111751.037 110804.464  0.85%     -    0s
     0     0 110935.498    0    8 111751.037 110935.498  0.73%     -    0s
     0     0 110936.165    0    8 111751.037 110936.165  0.73%     -    0s
     0     0 111004.710    0    5 111751.037 111004.710  0.67%     -    0s
     0     0 111018.838    0    7 111751.037 111018.838  0.66%     -    0s
     0     0 111019.195    0    7 111751.037 111019.195  0.65%     -    0s
     0     2 111019.200    0    7 111751.037 111019.200  0.65%     -    0s
*   47    34               6    111736.71549 111056.944  0.61%  24.2    0s
*  141    64               8    111715.60563 111166.632  0.49%  21.7    0s

Cutting planes:
  Implied bound: 99
  MIR: 6
  Flow cover: 2
  Relax-and-lift: 8

Explored 281 nodes (6260 simplex iterations) in 0.07 seconds (0.11 work units)
Thread count was 8 (of 8 available processors)

Solution count 10: 111716 111737 111751 ... 241006

Optimal solution found (tolerance 1.00e-04)
Best objective 1.117156056347e+05, best bound 1.117156056347e+05, gap 0.0000%

User-callback calls 836, time in user-callback 0.00 sec

Gurobi 12.0.3 (mac64[arm]) logging started Tue Sep 23 15:46:37 2025

Set parameter LogFile to value "Logs/Facility Location Logs/L100/phase1/scenario_generation.log"
Set parameter LogToConsole to value 0

Gurobi 12.0.3 (mac64[arm]) logging started Tue Sep 23 15:46:37 2025

Set parameter LogFile to value "Logs/Facility Location Logs/L100/phase1/scenario_generation.log"
Gurobi Optimizer version 12.0.3 build v12.0.3rc0 (mac64[arm] - Darwin 24.6.0 24G222)

CPU model: Apple M3
Thread count: 8 physical cores, 8 logical processors, using up to 8 threads

Non-default parameters:
LogToConsole  0

Optimize a model with 75 rows, 1325 columns and 2575 nonzeros
Model fingerprint: 0xb78f58d5
Variable types: 1300 continuous, 25 integer (25 binary)
Coefficient statistics:
  Matrix range     [1e+00, 2e+04]
  Objective range  [8e-03, 8e+03]
  Bounds range     [0e+00, 0e+00]
  RHS range        [9e+02, 9e+03]
Found heuristic solution: objective 4835950.0000
Presolve removed 0 rows and 1 columns
Presolve time: 0.00s
Presolved: 75 rows, 1324 columns, 2574 nonzeros
Variable types: 1300 continuous, 24 integer (24 binary)

Root relaxation: objective 8.331946e+04, 120 iterations, 0.00 seconds (0.00 work units)

    Nodes    |    Current Node    |     Objective Bounds      |     Work
 Expl Unexpl |  Obj  Depth IntInf | Incumbent    BestBd   Gap | It/Node Time

     0     0 83319.4566    0   24 4835950.00 83319.4566  98.3%     -    0s
H    0     0                    222459.95658 83319.4566  62.5%     -    0s
H    0     0                    193049.00617 83319.4566  56.8%     -    0s
H    0     0                    151755.36392 83319.4566  45.1%     -    0s
H    0     0                    144349.25272 83319.4566  42.3%     -    0s
H    0     0                    143547.87699 83319.4566  42.0%     -    0s
H    0     0                    109445.95191 83319.4566  23.9%     -    0s
H    0     0                    96542.625274 88252.0000  8.59%     -    0s
H    0     0                    95219.170314 88252.0000  7.32%     -    0s
     0     0 88252.0000    0   13 95219.1703 88252.0000  7.32%     -    0s
H    0     0                    93197.928140 88299.5726  5.26%     -    0s
     0     0 88299.5726    0   13 93197.9281 88299.5726  5.26%     -    0s
     0     0 88842.9323    0   10 93197.9281 88842.9323  4.67%     -    0s
     0     0 88875.2660    0    9 93197.9281 88875.2660  4.64%     -    0s
     0     0 88875.2660    0   10 93197.9281 88875.2660  4.64%     -    0s
     0     0 89102.3181    0   13 93197.9281 89102.3181  4.39%     -    0s
H    0     0                    93037.753906 89121.1157  4.21%     -    0s
     0     0 89121.1157    0   11 93037.7539 89121.1157  4.21%     -    0s
     0     0 89121.2498    0   11 93037.7539 89121.2498  4.21%     -    0s
     0     0 89302.5982    0    7 93037.7539 89302.5982  4.01%     -    0s
     0     0 89303.3454    0    8 93037.7539 89303.3454  4.01%     -    0s
     0     0 89353.5946    0    5 93037.7539 89353.5946  3.96%     -    0s
     0     0 89356.0790    0    5 93037.7539 89356.0790  3.96%     -    0s
     0     0 89363.1938    0    7 93037.7539 89363.1938  3.95%     -    0s
     0     0 89363.1938    0    7 93037.7539 89363.1938  3.95%     -    0s
H    0     0                    92978.670115 89363.1938  3.89%     -    0s
H    0     0                    92883.006775 89363.1938  3.79%     -    0s
     0     2 89363.2025    0    7 92883.0068 89363.2025  3.79%     -    0s
* 3660   486               8    92812.455208 90810.7047  2.16%  27.1    0s

Cutting planes:
  Implied bound: 119
  MIR: 14
  Flow cover: 7
  Inf proof: 6
  Relax-and-lift: 10

Explored 4429 nodes (120015 simplex iterations) in 0.41 seconds (0.92 work units)
Thread count was 8 (of 8 available processors)

Solution count 10: 92812.5 92883 92978.7 ... 151755

Optimal solution found (tolerance 1.00e-04)
Best objective 9.281245520831e+04, best bound 9.281245520831e+04, gap 0.0000%

User-callback calls 9261, time in user-callback 0.00 sec

Gurobi 12.0.3 (mac64[arm]) logging started Tue Sep 23 15:46:37 2025

Set parameter LogFile to value "Logs/Facility Location Logs/L100/phase1/scenario_generation.log"
Set parameter LogToConsole to value 0

Gurobi 12.0.3 (mac64[arm]) logging started Tue Sep 23 15:46:37 2025

Set parameter LogFile to value "Logs/Facility Location Logs/L100/phase1/scenario_generation.log"
Gurobi Optimizer version 12.0.3 build v12.0.3rc0 (mac64[arm] - Darwin 24.6.0 24G222)

CPU model: Apple M3
Thread count: 8 physical cores, 8 logical processors, using up to 8 threads

Non-default parameters:
LogToConsole  0

Optimize a model with 75 rows, 1325 columns and 2575 nonzeros
Model fingerprint: 0xdd684d6c
Variable types: 1300 continuous, 25 integer (25 binary)
Coefficient statistics:
  Matrix range     [1e+00, 2e+04]
  Objective range  [8e-03, 8e+03]
  Bounds range     [0e+00, 0e+00]
  RHS range        [9e+02, 1e+04]
Found heuristic solution: objective 5209300.0000
Presolve removed 0 rows and 1 columns
Presolve time: 0.00s
Presolved: 75 rows, 1324 columns, 2574 nonzeros
Variable types: 1300 continuous, 24 integer (24 binary)

Root relaxation: objective 9.530314e+04, 149 iterations, 0.00 seconds (0.00 work units)

    Nodes    |    Current Node    |     Objective Bounds      |     Work
 Expl Unexpl |  Obj  Depth IntInf | Incumbent    BestBd   Gap | It/Node Time

     0     0 95303.1411    0   24 5209300.00 95303.1411  98.2%     -    0s
H    0     0                    230710.14112 95303.1411  58.7%     -    0s
H    0     0                    201373.43753 95303.1411  52.7%     -    0s
H    0     0                    158118.37707 95303.1411  39.7%     -    0s
H    0     0                    149840.56551 99886.0113  33.3%     -    0s
H    0     0                    114740.49182 99886.0113  12.9%     -    0s
H    0     0                    108049.58007 99886.0113  7.56%     -    0s
     0     0 99886.0113    0   11 108049.580 99886.0113  7.56%     -    0s
     0     0 99968.2958    0   11 108049.580 99968.2958  7.48%     -    0s
H    0     0                    103252.98120 99968.2958  3.18%     -    0s
     0     0 100286.262    0    7 103252.981 100286.262  2.87%     -    0s
H    0     0                    101670.56944 100302.313  1.35%     -    0s
H    0     0                    101659.46826 100302.313  1.34%     -    0s
H    0     0                    101103.35710 100302.313  0.79%     -    0s
     0     0 100302.313    0    7 101103.357 100302.313  0.79%     -    0s
     0     0 100302.313    0    8 101103.357 100302.313  0.79%     -    0s
H    0     0                    101052.54110 100302.313  0.74%     -    0s
H    0     0                    101043.25363 100461.278  0.58%     -    0s
H    0     0                    101006.57106 100461.278  0.54%     -    0s
     0     0 100461.278    0    8 101006.571 100461.278  0.54%     -    0s
     0     0 100462.918    0    8 101006.571 100462.918  0.54%     -    0s
     0     0 100587.074    0    6 101006.571 100587.074  0.42%     -    0s
     0     0 100595.294    0    4 101006.571 100595.294  0.41%     -    0s
     0     0 100654.646    0    1 101006.571 100654.646  0.35%     -    0s
     0     0 100654.919    0    2 101006.571 100654.919  0.35%     -    0s
     0     0 100654.919    0    2 101006.571 100654.919  0.35%     -    0s
     0     0 100654.919    0   15 101006.571 100654.919  0.35%     -    0s
     0     0 100654.919    0   11 101006.571 100654.919  0.35%     -    0s
     0     0 100654.919    0    7 101006.571 100654.919  0.35%     -    0s
     0     0 100654.919    0    7 101006.571 100654.919  0.35%     -    0s
     0     0 100654.919    0    5 101006.571 100654.919  0.35%     -    0s
     0     0 100654.919    0    5 101006.571 100654.919  0.35%     -    0s
     0     0 100654.919    0    4 101006.571 100654.919  0.35%     -    0s
     0     0 100654.919    0    3 101006.571 100654.919  0.35%     -    0s
     0     0 100654.919    0    4 101006.571 100654.919  0.35%     -    0s
     0     0 100654.919    0    3 101006.571 100654.919  0.35%     -    0s
     0     0 100654.919    0    2 101006.571 100654.919  0.35%     -    0s
     0     0 100654.919    0    2 101006.571 100654.919  0.35%     -    0s
     0     0 100654.932    0    3 101006.571 100654.932  0.35%     -    0s
     0     0 100655.145    0    1 101006.571 100655.145  0.35%     -    0s
     0     0 100655.147    0    1 101006.571 100655.147  0.35%     -    0s
     0     0 100655.147    0    1 101006.571 100655.147  0.35%     -    0s
     0     2 100655.147    0    1 101006.571 100655.147  0.35%     -    0s

Cutting planes:
  Implied bound: 71
  MIR: 5
  Flow cover: 4
  Relax-and-lift: 10

Explored 51 nodes (1849 simplex iterations) in 0.08 seconds (0.10 work units)
Thread count was 8 (of 8 available processors)

Solution count 10: 101007 101053 101659 ... 230710

Optimal solution found (tolerance 1.00e-04)
Best objective 1.010065710632e+05, best bound 1.010065710632e+05, gap 0.0000%

User-callback calls 462, time in user-callback 0.00 sec

Gurobi 12.0.3 (mac64[arm]) logging started Tue Sep 23 15:46:37 2025

Set parameter LogFile to value "Logs/Facility Location Logs/L100/phase1/scenario_generation.log"
Set parameter LogToConsole to value 0

Gurobi 12.0.3 (mac64[arm]) logging started Tue Sep 23 15:46:37 2025

Set parameter LogFile to value "Logs/Facility Location Logs/L100/phase1/scenario_generation.log"
Gurobi Optimizer version 12.0.3 build v12.0.3rc0 (mac64[arm] - Darwin 24.6.0 24G222)

CPU model: Apple M3
Thread count: 8 physical cores, 8 logical processors, using up to 8 threads

Non-default parameters:
LogToConsole  0

Optimize a model with 75 rows, 1325 columns and 2575 nonzeros
Model fingerprint: 0xe4ae221f
Variable types: 1300 continuous, 25 integer (25 binary)
Coefficient statistics:
  Matrix range     [1e+00, 2e+04]
  Objective range  [8e-03, 8e+03]
  Bounds range     [0e+00, 0e+00]
  RHS range        [2e+03, 1e+04]
Found heuristic solution: objective 7003850.0000
Presolve removed 0 rows and 1 columns
Presolve time: 0.00s
Presolved: 75 rows, 1324 columns, 2574 nonzeros
Variable types: 1300 continuous, 24 integer (24 binary)

Root relaxation: objective 1.138071e+05, 120 iterations, 0.00 seconds (0.00 work units)

    Nodes    |    Current Node    |     Objective Bounds      |     Work
 Expl Unexpl |  Obj  Depth IntInf | Incumbent    BestBd   Gap | It/Node Time

     0     0 113807.150    0   24 7003850.00 113807.150  98.4%     -    0s
H    0     0                    231268.64974 113807.150  50.8%     -    0s
H    0     0                    205828.30491 113807.150  44.7%     -    0s
H    0     0                    191749.22631 113807.150  40.6%     -    0s
H    0     0                    168457.33123 114187.250  32.2%     -    0s
H    0     0                    155106.63525 114187.250  26.4%     -    0s
H    0     0                    152519.81169 118644.245  22.2%     -    0s
     0     0 118644.245    0   11 152519.812 118644.245  22.2%     -    0s
H    0     0                    151906.76604 118775.757  21.8%     -    0s
     0     0 118775.757    0   10 151906.766 118775.757  21.8%     -    0s
H    0     0                    150181.39337 119146.762  20.7%     -    0s
H    0     0                    143550.33875 119146.762  17.0%     -    0s
     0     0 119146.762    0    6 143550.339 119146.762  17.0%     -    0s
H    0     0                    136687.89994 119188.344  12.8%     -    0s
H    0     0                    130469.85874 119188.344  8.65%     -    0s
H    0     0                    130434.26700 119188.344  8.62%     -    0s
     0     0 119188.344    0    6 130434.267 119188.344  8.62%     -    0s
     0     0 119253.856    0    7 130434.267 119253.856  8.57%     -    0s
H    0     0                    126766.22226 119257.509  5.92%     -    0s
     0     0 119257.509    0    5 126766.222 119257.509  5.92%     -    0s
H    0     0                    124396.06110 119298.852  4.10%     -    0s
     0     0 119298.852    0    7 124396.061 119298.852  4.10%     -    0s
H    0     0                    123456.46080 119298.852  3.37%     -    0s
     0     0 119307.132    0    6 123456.461 119307.132  3.36%     -    0s
     0     0 119309.257    0    6 123456.461 119309.257  3.36%     -    0s
     0     0 119318.388    0    6 123456.461 119318.388  3.35%     -    0s
     0     0 119323.508    0    7 123456.461 119323.508  3.35%     -    0s
     0     0 119325.442    0    8 123456.461 119325.442  3.35%     -    0s
     0     0 119332.318    0    7 123456.461 119332.318  3.34%     -    0s
     0     0 119332.556    0    7 123456.461 119332.556  3.34%     -    0s
     0     2 119332.558    0    7 123456.461 119332.558  3.34%     -    0s

Cutting planes:
  Implied bound: 156
  MIR: 16
  Flow cover: 1
  Inf proof: 25
  Relax-and-lift: 5

Explored 6185 nodes (153732 simplex iterations) in 0.56 seconds (1.31 work units)
Thread count was 8 (of 8 available processors)

Solution count 10: 123456 124396 126766 ... 155107

Optimal solution found (tolerance 1.00e-04)
Best objective 1.234564608002e+05, best bound 1.234564608002e+05, gap 0.0000%

User-callback calls 12773, time in user-callback 0.00 sec

Gurobi 12.0.3 (mac64[arm]) logging started Tue Sep 23 15:46:38 2025

Set parameter LogFile to value "Logs/Facility Location Logs/L100/phase1/scenario_generation.log"
Set parameter LogToConsole to value 0

Gurobi 12.0.3 (mac64[arm]) logging started Tue Sep 23 15:46:38 2025

Set parameter LogFile to value "Logs/Facility Location Logs/L100/phase1/scenario_generation.log"
Gurobi Optimizer version 12.0.3 build v12.0.3rc0 (mac64[arm] - Darwin 24.6.0 24G222)

CPU model: Apple M3
Thread count: 8 physical cores, 8 logical processors, using up to 8 threads

Non-default parameters:
LogToConsole  0

Optimize a model with 75 rows, 1325 columns and 2575 nonzeros
Model fingerprint: 0x3f7c2239
Variable types: 1300 continuous, 25 integer (25 binary)
Coefficient statistics:
  Matrix range     [1e+00, 2e+04]
  Objective range  [8e-03, 8e+03]
  Bounds range     [0e+00, 0e+00]
  RHS range        [9e+02, 2e+04]
Found heuristic solution: objective 5482100.0000
Presolve removed 0 rows and 1 columns
Presolve time: 0.00s
Presolved: 75 rows, 1324 columns, 2574 nonzeros
Variable types: 1300 continuous, 24 integer (24 binary)

Root relaxation: objective 1.128058e+05, 123 iterations, 0.00 seconds (0.00 work units)

    Nodes    |    Current Node    |     Objective Bounds      |     Work
 Expl Unexpl |  Obj  Depth IntInf | Incumbent    BestBd   Gap | It/Node Time

     0     0 112805.795    0   23 5482100.00 112805.795  97.9%     -    0s
H    0     0                    245484.79460 112805.795  54.0%     -    0s
H    0     0                    216169.93352 112805.795  47.8%     -    0s
H    0     0                    180899.44762 112805.795  37.6%     -    0s
H    0     0                    165054.10040 117507.441  28.8%     -    0s
H    0     0                    130347.05658 117507.441  9.85%     -    0s
     0     0 117507.441    0   11 130347.057 117507.441  9.85%     -    0s
H    0     0                    124561.80129 117551.028  5.63%     -    0s
     0     0 117551.028    0   11 124561.801 117551.028  5.63%     -    0s
     0     0 118044.901    0    9 124561.801 118044.901  5.23%     -    0s
     0     0 118085.023    0   11 124561.801 118085.023  5.20%     -    0s
H    0     0                    123445.97665 118085.023  4.34%     -    0s
     0     0 118085.023    0   10 123445.977 118085.023  4.34%     -    0s
     0     0 118240.174    0   12 123445.977 118240.174  4.22%     -    0s
     0     0 118247.645    0   12 123445.977 118247.645  4.21%     -    0s
     0     0 118251.093    0   12 123445.977 118251.093  4.21%     -    0s
     0     0 118251.157    0   12 123445.977 118251.157  4.21%     -    0s
     0     0 118415.141    0    9 123445.977 118415.141  4.08%     -    0s
     0     0 118418.179    0    8 123445.977 118418.179  4.07%     -    0s
     0     0 118501.761    0    7 123445.977 118501.761  4.01%     -    0s
     0     0 118505.024    0    9 123445.977 118505.024  4.00%     -    0s
     0     0 118505.024    0    9 123445.977 118505.024  4.00%     -    0s
     0     2 118505.030    0    9 123445.977 118505.030  4.00%     -    0s
H  215   160                    122851.23983 118555.221  3.50%  20.6    0s
*  809   417              19    122709.41337 118654.256  3.30%  22.3    0s
H 3257   456                    122696.92421 119507.910  2.60%  27.8    0s
H 3817   233                    122660.19323 120035.033  2.14%  29.1    0s

Cutting planes:
  Implied bound: 199
  MIR: 11
  Flow cover: 3
  Inf proof: 9
  Relax-and-lift: 6

Explored 4300 nodes (126601 simplex iterations) in 0.42 seconds (0.94 work units)
Thread count was 8 (of 8 available processors)

Solution count 10: 122660 122697 122709 ... 216170

Optimal solution found (tolerance 1.00e-04)
Best objective 1.226601932271e+05, best bound 1.226601932271e+05, gap 0.0000%

User-callback calls 8982, time in user-callback 0.00 sec

Gurobi 12.0.3 (mac64[arm]) logging started Tue Sep 23 15:46:38 2025

Set parameter LogFile to value "Logs/Facility Location Logs/L100/phase1/scenario_generation.log"
Set parameter LogToConsole to value 0

Gurobi 12.0.3 (mac64[arm]) logging started Tue Sep 23 15:46:38 2025

Set parameter LogFile to value "Logs/Facility Location Logs/L100/phase1/scenario_generation.log"
Gurobi Optimizer version 12.0.3 build v12.0.3rc0 (mac64[arm] - Darwin 24.6.0 24G222)

CPU model: Apple M3
Thread count: 8 physical cores, 8 logical processors, using up to 8 threads

Non-default parameters:
LogToConsole  0

Optimize a model with 75 rows, 1325 columns and 2575 nonzeros
Model fingerprint: 0xd050e8cc
Variable types: 1300 continuous, 25 integer (25 binary)
Coefficient statistics:
  Matrix range     [1e+00, 2e+04]
  Objective range  [8e-03, 8e+03]
  Bounds range     [0e+00, 0e+00]
  RHS range        [1e+03, 1e+04]
Found heuristic solution: objective 6311850.0000
Presolve removed 0 rows and 1 columns
Presolve time: 0.00s
Presolved: 75 rows, 1324 columns, 2574 nonzeros
Variable types: 1300 continuous, 24 integer (24 binary)

Root relaxation: objective 1.082265e+05, 125 iterations, 0.00 seconds (0.00 work units)

    Nodes    |    Current Node    |     Objective Bounds      |     Work
 Expl Unexpl |  Obj  Depth IntInf | Incumbent    BestBd   Gap | It/Node Time

     0     0 108226.489    0   24 6311850.00 108226.489  98.3%     -    0s
H    0     0                    232607.98928 108226.489  53.5%     -    0s
H    0     0                    203812.27577 108226.489  46.9%     -    0s
H    0     0                    203272.27936 108226.489  46.8%     -    0s
H    0     0                    203200.30066 108226.489  46.7%     -    0s
H    0     0                    193168.53791 108226.489  44.0%     -    0s
H    0     0                    185897.23957 108226.489  41.8%     -    0s
H    0     0                    182713.89967 108226.489  40.8%     -    0s
H    0     0                    155012.76059 108226.489  30.2%     -    0s
H    0     0                    154351.81239 108550.519  29.7%     -    0s
H    0     0                    120156.29214 113087.451  5.88%     -    0s
     0     0 113087.451    0   10 120156.292 113087.451  5.88%     -    0s
     0     0 113121.950    0   10 120156.292 113121.950  5.85%     -    0s
H    0     0                    117803.49612 113121.950  3.97%     -    0s
     0     0 113609.539    0   10 117803.496 113609.539  3.56%     -    0s
     0     0 113638.581    0   10 117803.496 113638.581  3.54%     -    0s
     0     0 113638.633    0   10 117803.496 113638.633  3.54%     -    0s
H    0     0                    117610.37667 113638.633  3.38%     -    0s
H    0     0                    117603.31296 113638.633  3.37%     -    0s
     0     0 113794.407    0   10 117603.313 113794.407  3.24%     -    0s
     0     0 113801.168    0   10 117603.313 113801.168  3.23%     -    0s
H    0     0                    117594.88651 113801.261  3.23%     -    0s
H    0     0                    117592.90776 113801.261  3.22%     -    0s
     0     0 113801.261    0   10 117592.908 113801.261  3.22%     -    0s
     0     0 113899.534    0    6 117592.908 113899.534  3.14%     -    0s
     0     0 113904.391    0    5 117592.908 113904.391  3.14%     -    0s
     0     0 113909.417    0    5 117592.908 113909.417  3.13%     -    0s
     0     0 113909.483    0    7 117592.908 113909.483  3.13%     -    0s
     0     0 113919.908    0    3 117592.908 113919.908  3.12%     -    0s
H    0     0                    117586.64449 113919.908  3.12%     -    0s
     0     0 113935.848    0    7 117586.644 113935.848  3.10%     -    0s
     0     0 113938.885    0    6 117586.644 113938.885  3.10%     -    0s
     0     0 113945.551    0    5 117586.644 113945.551  3.10%     -    0s
     0     0 113945.607    0    5 117586.644 113945.607  3.10%     -    0s
     0     2 113945.608    0    5 117586.644 113945.608  3.10%     -    0s
* 3837   911               8    117572.04733 114959.040  2.22%  23.4    0s

Cutting planes:
  Implied bound: 153
  MIR: 13
  Inf proof: 11
  Relax-and-lift: 5

Explored 7870 nodes (192714 simplex iterations) in 0.71 seconds (1.62 work units)
Thread count was 8 (of 8 available processors)

Solution count 10: 117572 117587 117595 ... 185897

Optimal solution found (tolerance 1.00e-04)
Best objective 1.175720473320e+05, best bound 1.175720473320e+05, gap 0.0000%

User-callback calls 16226, time in user-callback 0.00 sec

Gurobi 12.0.3 (mac64[arm]) logging started Tue Sep 23 15:46:39 2025

Set parameter LogFile to value "Logs/Facility Location Logs/L100/phase1/scenario_generation.log"
Set parameter LogToConsole to value 0

Gurobi 12.0.3 (mac64[arm]) logging started Tue Sep 23 15:46:39 2025

Set parameter LogFile to value "Logs/Facility Location Logs/L100/phase1/scenario_generation.log"
Gurobi Optimizer version 12.0.3 build v12.0.3rc0 (mac64[arm] - Darwin 24.6.0 24G222)

CPU model: Apple M3
Thread count: 8 physical cores, 8 logical processors, using up to 8 threads

Non-default parameters:
LogToConsole  0

Optimize a model with 75 rows, 1325 columns and 2575 nonzeros
Model fingerprint: 0x2f3d4149
Variable types: 1300 continuous, 25 integer (25 binary)
Coefficient statistics:
  Matrix range     [1e+00, 2e+04]
  Objective range  [8e-03, 8e+03]
  Bounds range     [0e+00, 0e+00]
  RHS range        [5e+02, 1e+04]
Found heuristic solution: objective 4132450.0000
Presolve removed 0 rows and 1 columns
Presolve time: 0.00s
Presolved: 75 rows, 1324 columns, 2574 nonzeros
Variable types: 1300 continuous, 24 integer (24 binary)

Root relaxation: objective 8.088828e+04, 157 iterations, 0.00 seconds (0.00 work units)

    Nodes    |    Current Node    |     Objective Bounds      |     Work
 Expl Unexpl |  Obj  Depth IntInf | Incumbent    BestBd   Gap | It/Node Time

     0     0 80888.2806    0   23 4132450.00 80888.2806  98.0%     -    0s
H    0     0                    219563.78064 80888.2806  63.2%     -    0s
H    0     0                    182517.36626 80888.2806  55.7%     -    0s
H    0     0                    163331.69676 80888.2806  50.5%     -    0s
H    0     0                    156464.64508 80888.2806  48.3%     -    0s
H    0     0                    146214.89493 85760.1350  41.3%     -    0s
H    0     0                    110069.84434 85760.1350  22.1%     -    0s
     0     0 85760.1350    0   10 110069.844 85760.1350  22.1%     -    0s
     0     0 85896.8032    0   10 110069.844 85896.8032  22.0%     -    0s
H    0     0                    105248.29163 85896.8032  18.4%     -    0s
H    0     0                    93891.077071 85896.8032  8.51%     -    0s
H    0     0                    93518.453180 85896.8032  8.15%     -    0s
     0     0 86169.7164    0   10 93518.4532 86169.7164  7.86%     -    0s
     0     0 86241.7830    0    9 93518.4532 86241.7830  7.78%     -    0s
     0     0 86264.6262    0   10 93518.4532 86264.6262  7.76%     -    0s
H    0     0                    90382.250524 86334.2029  4.48%     -    0s
H    0     0                    89969.555062 86334.2029  4.04%     -    0s
     0     0 86334.2029    0    9 89969.5551 86334.2029  4.04%     -    0s
H    0     0                    89874.650345 86334.2029  3.94%     -    0s
     0     0 86475.5396    0    3 89874.6503 86475.5396  3.78%     -    0s
H    0     0                    89836.010609 86488.3434  3.73%     -    0s
     0     0 86488.3434    0    3 89836.0106 86488.3434  3.73%     -    0s
     0     0 86588.7027    0    4 89836.0106 86588.7027  3.61%     -    0s
H    0     0                    89692.574759 86588.7027  3.46%     -    0s
     0     0 86606.1696    0    4 89692.5748 86606.1696  3.44%     -    0s
     0     0 86606.1696    0    4 89692.5748 86606.1696  3.44%     -    0s
     0     2 86606.1696    0    4 89692.5748 86606.1696  3.44%     -    0s
*   82    80               5    89666.070288 86674.3412  3.34%  22.1    0s

Cutting planes:
  Implied bound: 120
  MIR: 8
  Flow cover: 2
  Relax-and-lift: 1

Explored 1054 nodes (24400 simplex iterations) in 0.16 seconds (0.31 work units)
Thread count was 8 (of 8 available processors)

Solution count 10: 89666.1 89692.6 89836 ... 163332

Optimal solution found (tolerance 1.00e-04)
Best objective 8.966607028762e+04, best bound 8.966607028762e+04, gap 0.0000%

User-callback calls 2430, time in user-callback 0.00 sec

Gurobi 12.0.3 (mac64[arm]) logging started Tue Sep 23 15:46:39 2025

Set parameter LogFile to value "Logs/Facility Location Logs/L100/phase1/scenario_generation.log"
Set parameter LogToConsole to value 0

Gurobi 12.0.3 (mac64[arm]) logging started Tue Sep 23 15:46:39 2025

Set parameter LogFile to value "Logs/Facility Location Logs/L100/phase1/scenario_generation.log"
Gurobi Optimizer version 12.0.3 build v12.0.3rc0 (mac64[arm] - Darwin 24.6.0 24G222)

CPU model: Apple M3
Thread count: 8 physical cores, 8 logical processors, using up to 8 threads

Non-default parameters:
LogToConsole  0

Optimize a model with 75 rows, 1325 columns and 2575 nonzeros
Model fingerprint: 0x092156b0
Variable types: 1300 continuous, 25 integer (25 binary)
Coefficient statistics:
  Matrix range     [1e+00, 2e+04]
  Objective range  [8e-03, 8e+03]
  Bounds range     [0e+00, 0e+00]
  RHS range        [1e+03, 2e+04]
Found heuristic solution: objective 5657300.0000
Presolve removed 0 rows and 1 columns
Presolve time: 0.00s
Presolved: 75 rows, 1324 columns, 2574 nonzeros
Variable types: 1300 continuous, 24 integer (24 binary)

Root relaxation: objective 1.056106e+05, 132 iterations, 0.00 seconds (0.00 work units)

    Nodes    |    Current Node    |     Objective Bounds      |     Work
 Expl Unexpl |  Obj  Depth IntInf | Incumbent    BestBd   Gap | It/Node Time

     0     0 105610.561    0   23 5657300.00 105610.561  98.1%     -    0s
H    0     0                    236537.56135 105610.561  55.4%     -    0s
H    0     0                    207349.92233 105610.561  49.1%     -    0s
H    0     0                    201105.60376 105610.561  47.5%     -    0s
H    0     0                    193791.50200 105610.561  45.5%     -    0s
H    0     0                    172602.30452 105610.561  38.8%     -    0s
H    0     0                    155933.62158 110451.645  29.2%     -    0s
H    0     0                    121219.19270 110451.645  8.88%     -    0s
     0     0 110451.645    0   10 121219.193 110451.645  8.88%     -    0s
H    0     0                    116539.53837 110542.680  5.15%     -    0s
H    0     0                    114936.00269 110542.680  3.82%     -    0s
     0     0 110542.680    0   10 114936.003 110542.680  3.82%     -    0s
     0     0 110910.006    0    9 114936.003 110910.006  3.50%     -    0s
H    0     0                    114932.68020 110950.971  3.46%     -    0s
     0     0 110950.971    0   10 114932.680 110950.971  3.46%     -    0s
     0     0 110958.569    0    9 114932.680 110958.569  3.46%     -    0s
H    0     0                    114916.84404 110958.569  3.44%     -    0s
     0     0 111145.534    0   12 114916.844 111145.534  3.28%     -    0s
H    0     0                    114766.68994 111169.675  3.13%     -    0s
H    0     0                    114749.61142 111169.675  3.12%     -    0s
H    0     0                    114625.31820 111169.675  3.01%     -    0s
     0     0 111169.675    0   12 114625.318 111169.675  3.01%     -    0s
     0     0 111282.277    0    5 114625.318 111282.277  2.92%     -    0s
H    0     0                    114070.83073 111282.420  2.44%     -    0s
     0     0 111282.420    0    5 114070.831 111282.420  2.44%     -    0s
     0     0 111313.552    0    2 114070.831 111313.552  2.42%     -    0s
     0     0 111313.855    0    3 114070.831 111313.855  2.42%     -    0s
     0     0 111317.204    0    2 114070.831 111317.204  2.41%     -    0s
     0     0 111317.213    0    2 114070.831 111317.213  2.41%     -    0s
     0     2 111317.213    0    2 114070.831 111317.213  2.41%     -    0s
* 3595    96               8    114067.99670 113225.044  0.74%  21.5    0s

Cutting planes:
  Implied bound: 127
  MIR: 8
  Flow cover: 5
  Inf proof: 4
  Relax-and-lift: 2

Explored 3758 nodes (80878 simplex iterations) in 0.31 seconds (0.66 work units)
Thread count was 8 (of 8 available processors)

Solution count 10: 114068 114071 114625 ... 193792

Optimal solution found (tolerance 1.00e-04)
Best objective 1.140679967027e+05, best bound 1.140679967027e+05, gap 0.0000%

User-callback calls 7867, time in user-callback 0.00 sec

Gurobi 12.0.3 (mac64[arm]) logging started Tue Sep 23 15:46:39 2025

Set parameter LogFile to value "Logs/Facility Location Logs/L100/phase1/scenario_generation.log"
Set parameter LogToConsole to value 0

Gurobi 12.0.3 (mac64[arm]) logging started Tue Sep 23 15:46:39 2025

Set parameter LogFile to value "Logs/Facility Location Logs/L100/phase1/scenario_generation.log"
Gurobi Optimizer version 12.0.3 build v12.0.3rc0 (mac64[arm] - Darwin 24.6.0 24G222)

CPU model: Apple M3
Thread count: 8 physical cores, 8 logical processors, using up to 8 threads

Non-default parameters:
LogToConsole  0

Optimize a model with 75 rows, 1325 columns and 2575 nonzeros
Model fingerprint: 0x8e48ae06
Variable types: 1300 continuous, 25 integer (25 binary)
Coefficient statistics:
  Matrix range     [1e+00, 2e+04]
  Objective range  [8e-03, 8e+03]
  Bounds range     [0e+00, 0e+00]
  RHS range        [1e+03, 2e+04]
Found heuristic solution: objective 6858150.0000
Presolve removed 0 rows and 1 columns
Presolve time: 0.00s
Presolved: 75 rows, 1324 columns, 2574 nonzeros
Variable types: 1300 continuous, 24 integer (24 binary)

Root relaxation: objective 1.368235e+05, 139 iterations, 0.00 seconds (0.00 work units)

    Nodes    |    Current Node    |     Objective Bounds      |     Work
 Expl Unexpl |  Obj  Depth IntInf | Incumbent    BestBd   Gap | It/Node Time

     0     0 136823.534    0   23 6858150.00 136823.534  98.0%     -    0s
H    0     0                    255742.03409 136823.534  46.5%     -    0s
H    0     0                    233711.70555 136823.534  41.5%     -    0s
H    0     0                    227080.46117 136823.534  39.7%     -    0s
H    0     0                    219176.54888 136823.534  37.6%     -    0s
H    0     0                    211953.67962 141372.484  33.3%     -    0s
H    0     0                    175614.95741 141372.484  19.5%     -    0s
     0     0 141372.484    0   12 175614.957 141372.484  19.5%     -    0s
     0     0 141423.065    0   12 175614.957 141423.065  19.5%     -    0s
     0     0 141767.036    0   10 175614.957 141767.036  19.3%     -    0s
H    0     0                    168787.71311 141801.445  16.0%     -    0s
H    0     0                    163743.43997 141818.862  13.4%     -    0s
H    0     0                    157043.38929 141818.862  9.69%     -    0s
H    0     0                    149895.41299 141818.862  5.39%     -    0s
H    0     0                    149873.40701 141818.862  5.37%     -    0s
     0     0 141818.862    0   11 149873.407 141818.862  5.37%     -    0s
H    0     0                    149782.91050 141818.862  5.32%     -    0s
H    0     0                    148459.56987 141818.862  4.47%     -    0s
     0     0 141895.394    0   11 148459.570 141895.394  4.42%     -    0s
H    0     0                    148381.64709 141899.393  4.37%     -    0s
     0     0 141899.393    0   10 148381.647 141899.393  4.37%     -    0s
     0     0 141900.646    0   11 148381.647 141900.646  4.37%     -    0s
     0     0 141989.571    0    7 148381.647 141989.571  4.31%     -    0s
H    0     0                    147450.32176 141989.571  3.70%     -    0s
     0     0 141992.584    0    7 147450.322 141992.584  3.70%     -    0s
     0     0 141999.467    0    7 147450.322 141999.467  3.70%     -    0s
     0     0 141999.467    0    7 147450.322 141999.467  3.70%     -    0s
     0     2 141999.485    0    7 147450.322 141999.485  3.70%     -    0s
H 5422  1260                    147357.57178 143644.579  2.52%  24.3    0s

Cutting planes:
  Implied bound: 90
  MIR: 22
  Flow cover: 3
  Inf proof: 10
  Relax-and-lift: 4

Explored 10581 nodes (239643 simplex iterations) in 1.08 seconds (2.28 work units)
Thread count was 8 (of 8 available processors)

Solution count 10: 147358 147450 148382 ... 211954

Optimal solution found (tolerance 1.00e-04)
Best objective 1.473575717752e+05, best bound 1.473575717752e+05, gap 0.0000%

User-callback calls 21790, time in user-callback 0.00 sec

Gurobi 12.0.3 (mac64[arm]) logging started Tue Sep 23 15:46:40 2025

Set parameter LogFile to value "Logs/Facility Location Logs/L100/phase1/scenario_generation.log"
Set parameter LogToConsole to value 0

Gurobi 12.0.3 (mac64[arm]) logging started Tue Sep 23 15:46:40 2025

Set parameter LogFile to value "Logs/Facility Location Logs/L100/phase1/scenario_generation.log"
Gurobi Optimizer version 12.0.3 build v12.0.3rc0 (mac64[arm] - Darwin 24.6.0 24G222)

CPU model: Apple M3
Thread count: 8 physical cores, 8 logical processors, using up to 8 threads

Non-default parameters:
LogToConsole  0

Optimize a model with 75 rows, 1325 columns and 2575 nonzeros
Model fingerprint: 0x9372dc89
Variable types: 1300 continuous, 25 integer (25 binary)
Coefficient statistics:
  Matrix range     [1e+00, 2e+04]
  Objective range  [8e-03, 8e+03]
  Bounds range     [0e+00, 0e+00]
  RHS range        [8e+02, 1e+04]
Found heuristic solution: objective 4762750.0000
Presolve removed 0 rows and 1 columns
Presolve time: 0.00s
Presolved: 75 rows, 1324 columns, 2574 nonzeros
Variable types: 1300 continuous, 24 integer (24 binary)

Root relaxation: objective 9.060157e+04, 121 iterations, 0.00 seconds (0.00 work units)

    Nodes    |    Current Node    |     Objective Bounds      |     Work
 Expl Unexpl |  Obj  Depth IntInf | Incumbent    BestBd   Gap | It/Node Time

     0     0 90601.5685    0   24 4762750.00 90601.5685  98.1%     -    0s
H    0     0                    230474.06852 90601.5685  60.7%     -    0s
H    0     0                    215582.69716 90601.5685  58.0%     -    0s
H    0     0                    202104.69926 90601.5685  55.2%     -    0s
H    0     0                    187024.58637 90601.5685  51.6%     -    0s
H    0     0                    186804.63516 95256.1744  49.0%     -    0s
H    0     0                    150373.62933 95256.1744  36.7%     -    0s
     0     0 95256.1744    0   12 150373.629 95256.1744  36.7%     -    0s
H    0     0                    115574.20252 95395.1011  17.5%     -    0s
H    0     0                    115233.63762 95395.1011  17.2%     -    0s
     0     0 95395.1011    0   12 115233.638 95395.1011  17.2%     -    0s
H    0     0                    107582.99375 95791.3558  11.0%     -    0s
     0     0 95873.6851    0    8 107582.994 95873.6851  10.9%     -    0s
H    0     0                    102518.56447 95873.6851  6.48%     -    0s
H    0     0                    102516.73563 95873.6851  6.48%     -    0s
H    0     0                    101507.60655 96016.9220  5.41%     -    0s
     0     0 96016.9220    0   10 101507.607 96016.9220  5.41%     -    0s
H    0     0                    101481.94717 96037.9275  5.36%     -    0s
     0     0 96037.9275    0    8 101481.947 96037.9275  5.36%     -    0s
     0     0 96037.9275    0    8 101481.947 96037.9275  5.36%     -    0s
H    0     0                    101455.33136 96037.9275  5.34%     -    0s
H    0     0                    101382.94877 96164.2384  5.15%     -    0s
     0     0 96164.2384    0    6 101382.949 96164.2384  5.15%     -    0s
H    0     0                    101286.70850 96164.2384  5.06%     -    0s
     0     0 96221.2172    0    2 101286.709 96221.2172  5.00%     -    0s
H    0     0                    100383.63694 96221.2172  4.15%     -    0s
     0     0 96221.2564    0    1 100383.637 96221.2564  4.15%     -    0s
     0     0 96222.5404    0    3 100383.637 96222.5404  4.15%     -    0s
     0     0 96222.5404    0    3 100383.637 96222.5404  4.15%     -    0s
     0     2 96222.5589    0    3 100383.637 96222.5589  4.15%     -    0s
H  220   159                    100283.47482 96311.9438  3.96%  19.2    0s
H  732   339                    100182.58537 96491.4084  3.68%  22.6    0s

Cutting planes:
  Implied bound: 160
  MIR: 9
  Flow cover: 1
  Inf proof: 3
  Relax-and-lift: 2

Explored 3673 nodes (78773 simplex iterations) in 0.31 seconds (0.65 work units)
Thread count was 8 (of 8 available processors)

Solution count 10: 100183 100283 100384 ... 115234

Optimal solution found (tolerance 1.00e-04)
Best objective 1.001825853662e+05, best bound 1.001825853662e+05, gap 0.0000%

User-callback calls 7700, time in user-callback 0.00 sec

Gurobi 12.0.3 (mac64[arm]) logging started Tue Sep 23 15:46:41 2025

Set parameter LogFile to value "Logs/Facility Location Logs/L100/phase1/scenario_generation.log"
Set parameter LogToConsole to value 0

Gurobi 12.0.3 (mac64[arm]) logging started Tue Sep 23 15:46:41 2025

Set parameter LogFile to value "Logs/Facility Location Logs/L100/phase1/scenario_generation.log"
Gurobi Optimizer version 12.0.3 build v12.0.3rc0 (mac64[arm] - Darwin 24.6.0 24G222)

CPU model: Apple M3
Thread count: 8 physical cores, 8 logical processors, using up to 8 threads

Non-default parameters:
LogToConsole  0

Optimize a model with 75 rows, 1325 columns and 2575 nonzeros
Model fingerprint: 0x7b7ea225
Variable types: 1300 continuous, 25 integer (25 binary)
Coefficient statistics:
  Matrix range     [1e+00, 2e+04]
  Objective range  [8e-03, 8e+03]
  Bounds range     [0e+00, 0e+00]
  RHS range        [1e+03, 2e+04]
Found heuristic solution: objective 6403750.0000
Presolve removed 0 rows and 1 columns
Presolve time: 0.00s
Presolved: 75 rows, 1324 columns, 2574 nonzeros
Variable types: 1300 continuous, 24 integer (24 binary)

Root relaxation: objective 1.245222e+05, 114 iterations, 0.00 seconds (0.00 work units)

    Nodes    |    Current Node    |     Objective Bounds      |     Work
 Expl Unexpl |  Obj  Depth IntInf | Incumbent    BestBd   Gap | It/Node Time

     0     0 124522.209    0   23 6403750.00 124522.209  98.1%     -    0s
H    0     0                    247984.70935 124522.209  49.8%     -    0s
H    0     0                    225933.03183 124522.209  44.9%     -    0s
H    0     0                    204989.52271 124522.209  39.3%     -    0s
H    0     0                    204210.18247 129304.319  36.7%     -    0s
H    0     0                    168018.92279 129304.319  23.0%     -    0s
H    0     0                    134598.58750 129304.319  3.93%     -    0s
     0     0 129304.319    0   11 134598.587 129304.319  3.93%     -    0s
H    0     0                    134528.06657 129354.681  3.85%     -    0s
     0     0 129354.681    0   11 134528.067 129354.681  3.85%     -    0s
H    0     0                    133723.36128 129802.281  2.93%     -    0s
     0     0 129802.281    0   10 133723.361 129802.281  2.93%     -    0s
H    0     0                    133575.04789 129853.221  2.79%     -    0s
     0     0 129858.894    0   10 133575.048 129858.894  2.78%     -    0s
     0     0 129968.923    0   12 133575.048 129968.923  2.70%     -    0s
H    0     0                    132901.45715 129990.100  2.19%     -    0s
     0     0 129990.100    0   12 132901.457 129990.100  2.19%     -    0s
     0     0 129994.025    0   12 132901.457 129994.025  2.19%     -    0s
     0     0 130061.344    0   10 132901.457 130061.344  2.14%     -    0s
     0     0 130078.969    0    9 132901.457 130078.969  2.12%     -    0s
     0     0 130086.112    0    3 132901.457 130086.112  2.12%     -    0s
     0     0 130086.525    0    3 132901.457 130086.525  2.12%     -    0s
     0     0 130092.460    0    4 132901.457 130092.460  2.11%     -    0s
H    0     0                    132851.79487 130092.460  2.08%     -    0s
     0     0 130100.103    0    5 132851.795 130100.103  2.07%     -    0s
     0     0 130100.516    0    4 132851.795 130100.516  2.07%     -    0s
     0     0 130106.640    0    7 132851.795 130106.640  2.07%     -    0s
     0     0 130106.645    0    7 132851.795 130106.645  2.07%     -    0s
     0     2 130106.657    0    7 132851.795 130106.657  2.07%     -    0s

Cutting planes:
  Implied bound: 149
  MIR: 15
  Flow cover: 5
  Inf proof: 5
  Relax-and-lift: 6

Explored 3473 nodes (76990 simplex iterations) in 0.28 seconds (0.62 work units)
Thread count was 8 (of 8 available processors)

Solution count 10: 132852 132901 133575 ... 6.40375e+06

Optimal solution found (tolerance 1.00e-04)
Best objective 1.328517948741e+05, best bound 1.328517948741e+05, gap 0.0000%

User-callback calls 7292, time in user-callback 0.00 sec

Gurobi 12.0.3 (mac64[arm]) logging started Tue Sep 23 15:46:41 2025

Set parameter LogFile to value "Logs/Facility Location Logs/L100/phase1/scenario_generation.log"
Set parameter LogToConsole to value 0

Gurobi 12.0.3 (mac64[arm]) logging started Tue Sep 23 15:46:41 2025

Set parameter LogFile to value "Logs/Facility Location Logs/L100/phase1/scenario_generation.log"
Gurobi Optimizer version 12.0.3 build v12.0.3rc0 (mac64[arm] - Darwin 24.6.0 24G222)

CPU model: Apple M3
Thread count: 8 physical cores, 8 logical processors, using up to 8 threads

Non-default parameters:
LogToConsole  0

Optimize a model with 75 rows, 1325 columns and 2575 nonzeros
Model fingerprint: 0xec28a3ed
Variable types: 1300 continuous, 25 integer (25 binary)
Coefficient statistics:
  Matrix range     [1e+00, 2e+04]
  Objective range  [8e-03, 8e+03]
  Bounds range     [0e+00, 0e+00]
  RHS range        [1e+03, 2e+04]
Found heuristic solution: objective 6181300.0000
Presolve removed 0 rows and 1 columns
Presolve time: 0.00s
Presolved: 75 rows, 1324 columns, 2574 nonzeros
Variable types: 1300 continuous, 24 integer (24 binary)

Root relaxation: objective 1.291010e+05, 125 iterations, 0.00 seconds (0.00 work units)

    Nodes    |    Current Node    |     Objective Bounds      |     Work
 Expl Unexpl |  Obj  Depth IntInf | Incumbent    BestBd   Gap | It/Node Time

     0     0 129100.981    0   23 6181300.00 129100.981  97.9%     -    0s
H    0     0                    254787.98057 129100.981  49.3%     -    0s
H    0     0                    218139.53989 129100.981  40.8%     -    0s
H    0     0                    204529.56730 129100.981  36.9%     -    0s
H    0     0                    174395.50109 133606.258  23.4%     -    0s
H    0     0                    148244.56596 133606.258  9.87%     -    0s
     0     0 133606.258    0   13 148244.566 133606.258  9.87%     -    0s
     0     0 133677.489    0   13 148244.566 133677.489  9.83%     -    0s
     0     0 134169.581    0   10 148244.566 134169.581  9.49%     -    0s
H    0     0                    146549.95454 134218.401  8.41%     -    0s
H    0     0                    139977.62418 134218.401  4.11%     -    0s
H    0     0                    139928.16751 134218.401  4.08%     -    0s
     0     0 134218.401    0   10 139928.168 134218.401  4.08%     -    0s
     0     0 134218.401    0   10 139928.168 134218.401  4.08%     -    0s
     0     0 134417.196    0   11 139928.168 134417.196  3.94%     -    0s
H    0     0                    139483.22337 134431.848  3.62%     -    0s
     0     0 134431.848    0   11 139483.223 134431.848  3.62%     -    0s
     0     0 134431.959    0   12 139483.223 134431.959  3.62%     -    0s
     0     0 134539.755    0    9 139483.223 134539.755  3.54%     -    0s
H    0     0                    139430.28286 134543.022  3.51%     -    0s
     0     0 134546.403    0   10 139430.283 134546.403  3.50%     -    0s
     0     0 134547.188    0    9 139430.283 134547.188  3.50%     -    0s
     0     0 134567.534    0    6 139430.283 134567.534  3.49%     -    0s
H    0     0                    139413.03444 134567.534  3.48%     -    0s
     0     0 134579.850    0    6 139413.034 134579.850  3.47%     -    0s
     0     0 134579.863    0    6 139413.034 134579.863  3.47%     -    0s
     0     0 134591.467    0    8 139413.034 134591.467  3.46%     -    0s
     0     0 134593.117    0    8 139413.034 134593.117  3.46%     -    0s
     0     2 134593.118    0    8 139413.034 134593.118  3.46%     -    0s
H  184   156                    139201.71735 134677.385  3.25%  16.0    0s
H  792   452                    139195.01720 134777.938  3.17%  21.7    0s

Cutting planes:
  Implied bound: 157
  MIR: 9
  Flow cover: 1
  Inf proof: 12
  Relax-and-lift: 8

Explored 3547 nodes (96790 simplex iterations) in 0.34 seconds (0.73 work units)
Thread count was 8 (of 8 available processors)

Solution count 10: 139195 139202 139413 ... 254788

Optimal solution found (tolerance 1.00e-04)
Best objective 1.391950172016e+05, best bound 1.391950172016e+05, gap 0.0000%

User-callback calls 7467, time in user-callback 0.00 sec

Gurobi 12.0.3 (mac64[arm]) logging started Tue Sep 23 15:46:41 2025

Set parameter LogFile to value "Logs/Facility Location Logs/L100/phase1/scenario_generation.log"
Set parameter LogToConsole to value 0

Gurobi 12.0.3 (mac64[arm]) logging started Tue Sep 23 15:46:41 2025

Set parameter LogFile to value "Logs/Facility Location Logs/L100/phase1/scenario_generation.log"
Gurobi Optimizer version 12.0.3 build v12.0.3rc0 (mac64[arm] - Darwin 24.6.0 24G222)

CPU model: Apple M3
Thread count: 8 physical cores, 8 logical processors, using up to 8 threads

Non-default parameters:
LogToConsole  0

Optimize a model with 75 rows, 1325 columns and 2575 nonzeros
Model fingerprint: 0x9c7fb168
Variable types: 1300 continuous, 25 integer (25 binary)
Coefficient statistics:
  Matrix range     [1e+00, 2e+04]
  Objective range  [8e-03, 8e+03]
  Bounds range     [0e+00, 0e+00]
  RHS range        [1e+03, 1e+04]
Found heuristic solution: objective 5277150.0000
Presolve removed 0 rows and 1 columns
Presolve time: 0.00s
Presolved: 75 rows, 1324 columns, 2574 nonzeros
Variable types: 1300 continuous, 24 integer (24 binary)

Root relaxation: objective 9.808605e+04, 107 iterations, 0.00 seconds (0.00 work units)

    Nodes    |    Current Node    |     Objective Bounds      |     Work
 Expl Unexpl |  Obj  Depth IntInf | Incumbent    BestBd   Gap | It/Node Time

     0     0 98086.0506    0   24 5277150.00 98086.0506  98.1%     -    0s
H    0     0                    232814.55062 98086.0506  57.9%     -    0s
H    0     0                    203300.80266 98086.0506  51.8%     -    0s
H    0     0                    176146.35353 98086.0506  44.3%     -    0s
H    0     0                    152282.15427 102829.701  32.5%     -    0s
     0     0 102829.701    0   12 152282.154 102829.701  32.5%     -    0s
H    0     0                    117569.63812 102887.287  12.5%     -    0s
H    0     0                    116494.34329 102887.287  11.7%     -    0s
     0     0 102887.287    0   12 116494.343 102887.287  11.7%     -    0s
H    0     0                    110960.51460 103441.258  6.78%     -    0s
     0     0 103441.258    0    9 110960.515 103441.258  6.78%     -    0s
H    0     0                    110825.43827 103475.508  6.63%     -    0s
H    0     0                    110812.87956 103475.508  6.62%     -    0s
     0     0 103475.508    0    9 110812.880 103475.508  6.62%     -    0s
H    0     0                    110216.14831 103477.384  6.11%     -    0s
     0     0 103477.384    0    9 110216.148 103477.384  6.11%     -    0s
     0     0 103710.466    0    7 110216.148 103710.466  5.90%     -    0s
     0     0 103719.145    0    7 110216.148 103719.145  5.89%     -    0s
     0     0 103841.418    0    8 110216.148 103841.418  5.78%     -    0s
     0     0 103860.714    0    9 110216.148 103860.714  5.77%     -    0s
     0     0 103860.802    0    9 110216.148 103860.802  5.77%     -    0s
     0     0 103909.286    0    2 110216.148 103909.286  5.72%     -    0s
     0     0 103919.325    0    4 110216.148 103919.325  5.71%     -    0s
     0     0 103920.773    0    3 110216.148 103920.773  5.71%     -    0s
     0     0 103928.746    0    6 110216.148 103928.746  5.70%     -    0s
     0     0 103929.301    0    6 110216.148 103929.301  5.70%     -    0s
H    0     2                    110166.72495 103929.311  5.66%     -    0s
     0     2 103929.311    0    6 110166.725 103929.311  5.66%     -    0s
H  108   142                    110147.34282 103975.322  5.60%   8.8    0s
H  123   142                    110078.09193 103975.322  5.54%   8.8    0s
H  575   405                    110035.29658 104062.876  5.43%  20.2    0s
H  619   405                    109896.21894 104062.876  5.31%  20.3    0s
H 4394  1242                    109800.41736 104789.916  4.56%  21.8    0s
H 4394  1241                    109795.13624 104789.916  4.56%  21.8    0s

Cutting planes:
  Implied bound: 117
  MIR: 26
  Flow cover: 4
  Inf proof: 9
  Relax-and-lift: 5

Explored 12920 nodes (285897 simplex iterations) in 1.09 seconds (2.30 work units)
Thread count was 8 (of 8 available processors)

Solution count 10: 109795 109800 109896 ... 152282

Optimal solution found (tolerance 1.00e-04)
Best objective 1.097951362416e+05, best bound 1.097951362416e+05, gap 0.0000%

User-callback calls 26480, time in user-callback 0.00 sec

Gurobi 12.0.3 (mac64[arm]) logging started Tue Sep 23 15:46:42 2025

Set parameter LogFile to value "Logs/Facility Location Logs/L100/phase1/scenario_generation.log"
Set parameter LogToConsole to value 0

Gurobi 12.0.3 (mac64[arm]) logging started Tue Sep 23 15:46:42 2025

Set parameter LogFile to value "Logs/Facility Location Logs/L100/phase1/scenario_generation.log"
Gurobi Optimizer version 12.0.3 build v12.0.3rc0 (mac64[arm] - Darwin 24.6.0 24G222)

CPU model: Apple M3
Thread count: 8 physical cores, 8 logical processors, using up to 8 threads

Non-default parameters:
LogToConsole  0

Optimize a model with 75 rows, 1325 columns and 2575 nonzeros
Model fingerprint: 0x9f88f342
Variable types: 1300 continuous, 25 integer (25 binary)
Coefficient statistics:
  Matrix range     [1e+00, 2e+04]
  Objective range  [8e-03, 8e+03]
  Bounds range     [0e+00, 0e+00]
  RHS range        [1e+03, 7e+03]
Found heuristic solution: objective 5633150.0000
Presolve removed 0 rows and 1 columns
Presolve time: 0.00s
Presolved: 75 rows, 1324 columns, 2574 nonzeros
Variable types: 1300 continuous, 24 integer (24 binary)

Root relaxation: objective 8.082510e+04, 98 iterations, 0.00 seconds (0.00 work units)

    Nodes    |    Current Node    |     Objective Bounds      |     Work
 Expl Unexpl |  Obj  Depth IntInf | Incumbent    BestBd   Gap | It/Node Time

     0     0 80825.1013    0   24 5633150.00 80825.1013  98.6%     -    0s
H    0     0                    211993.60127 80825.1013  61.9%     -    0s
H    0     0                    189924.61734 80825.1013  57.4%     -    0s
H    0     0                    165244.82339 80825.1013  51.1%     -    0s
H    0     0                    157866.06828 80825.1013  48.8%     -    0s
H    0     0                    136754.02562 80825.1013  40.9%     -    0s
H    0     0                    131211.20892 85996.8536  34.5%     -    0s
     0     0 85996.8536    0   11 131211.209 85996.8536  34.5%     -    0s
H    0     0                    97758.624320 86056.4299  12.0%     -    0s
H    0     0                    92052.788568 86056.4299  6.51%     -    0s
H    0     0                    91619.105922 86056.4299  6.07%     -    0s
     0     0 86056.4299    0   11 91619.1059 86056.4299  6.07%     -    0s
H    0     0                    91297.233651 86056.4299  5.74%     -    0s
H    0     0                    90921.534329 86056.4299  5.35%     -    0s
     0     0 86523.3264    0    9 90921.5343 86523.3264  4.84%     -    0s
     0     0 86581.1989    0   10 90921.5343 86581.1989  4.77%     -    0s
H    0     0                    90583.294843 86581.1989  4.42%     -    0s
     0     0 86754.2059    0    9 90583.2948 86754.2059  4.23%     -    0s
     0     0 86778.3369    0   10 90583.2948 86778.3369  4.20%     -    0s
     0     0 86779.0756    0    9 90583.2948 86779.0756  4.20%     -    0s
     0     0 86886.4981    0    7 90583.2948 86886.4981  4.08%     -    0s
H    0     0                    90416.932119 86886.4981  3.90%     -    0s
     0     0 86889.0974    0    8 90416.9321 86889.0974  3.90%     -    0s
H    0     0                    90037.107405 86889.0974  3.50%     -    0s
     0     0 86899.3628    0    7 90037.1074 86899.3628  3.48%     -    0s
     0     0 86899.3628    0    7 90037.1074 86899.3628  3.48%     -    0s
H    0     0                    89985.964131 86899.3628  3.43%     -    0s
     0     2 86899.3850    0    7 89985.9641 86899.3850  3.43%     -    0s
H  433   347                    89964.643968 86998.1085  3.30%  20.0    0s

Cutting planes:
  Gomory: 1
  Implied bound: 88
  MIR: 93
  Mixing: 2
  Flow cover: 6
  Inf proof: 7
  Relax-and-lift: 11

Explored 16031 nodes (331572 simplex iterations) in 1.61 seconds (3.38 work units)
Thread count was 8 (of 8 available processors)

Solution count 10: 89964.6 89986 90037.1 ... 165245

Optimal solution found (tolerance 1.00e-04)
Best objective 8.996464396837e+04, best bound 8.996464396837e+04, gap 0.0000%

User-callback calls 32788, time in user-callback 0.00 sec

Gurobi 12.0.3 (mac64[arm]) logging started Tue Sep 23 15:46:44 2025

Set parameter LogFile to value "Logs/Facility Location Logs/L100/phase1/scenario_generation.log"
Set parameter LogToConsole to value 0

Gurobi 12.0.3 (mac64[arm]) logging started Tue Sep 23 15:46:44 2025

Set parameter LogFile to value "Logs/Facility Location Logs/L100/phase1/scenario_generation.log"
Gurobi Optimizer version 12.0.3 build v12.0.3rc0 (mac64[arm] - Darwin 24.6.0 24G222)

CPU model: Apple M3
Thread count: 8 physical cores, 8 logical processors, using up to 8 threads

Non-default parameters:
LogToConsole  0

Optimize a model with 75 rows, 1325 columns and 2575 nonzeros
Model fingerprint: 0x54bdb012
Variable types: 1300 continuous, 25 integer (25 binary)
Coefficient statistics:
  Matrix range     [1e+00, 2e+04]
  Objective range  [8e-03, 8e+03]
  Bounds range     [0e+00, 0e+00]
  RHS range        [7e+02, 9e+03]
Found heuristic solution: objective 4136500.0000
Presolve removed 0 rows and 1 columns
Presolve time: 0.00s
Presolved: 75 rows, 1324 columns, 2574 nonzeros
Variable types: 1300 continuous, 24 integer (24 binary)

Root relaxation: objective 5.892529e+04, 121 iterations, 0.00 seconds (0.00 work units)

    Nodes    |    Current Node    |     Objective Bounds      |     Work
 Expl Unexpl |  Obj  Depth IntInf | Incumbent    BestBd   Gap | It/Node Time

     0     0 58925.2905    0   23 4136500.00 58925.2905  98.6%     -    0s
H    0     0                    197560.29048 58925.2905  70.2%     -    0s
H    0     0                    168514.72857 58925.2905  65.0%     -    0s
H    0     0                    155102.65132 58925.2905  62.0%     -    0s
H    0     0                    148233.00489 58925.2905  60.2%     -    0s
H    0     0                    141633.30916 58925.2905  58.4%     -    0s
H    0     0                    127726.95732 58925.2905  53.9%     -    0s
H    0     0                    124548.71587 63432.9616  49.1%     -    0s
H    0     0                    88793.977182 63432.9616  28.6%     -    0s
     0     0 63432.9616    0   14 88793.9772 63432.9616  28.6%     -    0s
     0     0 63534.5828    0   14 88793.9772 63534.5828  28.4%     -    0s
H    0     0                    88499.231174 63534.5828  28.2%     -    0s
H    0     0                    81883.216761 63991.6477  21.9%     -    0s
H    0     0                    75749.066794 63991.6477  15.5%     -    0s
H    0     0                    69038.916519 63991.6477  7.31%     -    0s
     0     0 63991.6477    0    7 69038.9165 63991.6477  7.31%     -    0s
     0     0 64203.0735    0    9 69038.9165 64203.0735  7.00%     -    0s
H    0     0                    68071.675924 64240.1207  5.63%     -    0s
H    0     0                    67662.016017 64240.1207  5.06%     -    0s
     0     0 64240.1207    0    9 67662.0160 64240.1207  5.06%     -    0s
     0     0 64360.9434    0    5 67662.0160 64360.9434  4.88%     -    0s
     0     0 64361.5708    0    5 67662.0160 64361.5708  4.88%     -    0s
     0     0 64415.7260    0    1 67662.0160 64415.7260  4.80%     -    0s
H    0     0                    67532.034030 64415.7260  4.61%     -    0s
     0     0 64421.9715    0    4 67532.0340 64421.9715  4.61%     -    0s
     0     0 64422.0386    0    4 67532.0340 64422.0386  4.61%     -    0s
     0     2 64422.0394    0    4 67532.0340 64422.0394  4.61%     -    0s

Cutting planes:
  Implied bound: 107
  MIR: 7
  Flow cover: 8
  Relax-and-lift: 5

Explored 2856 nodes (59891 simplex iterations) in 0.26 seconds (0.53 work units)
Thread count was 8 (of 8 available processors)

Solution count 10: 67532 67662 69038.9 ... 141633

Optimal solution found (tolerance 1.00e-04)
Best objective 6.753203402981e+04, best bound 6.753203402981e+04, gap 0.0000%

User-callback calls 6044, time in user-callback 0.00 sec

Gurobi 12.0.3 (mac64[arm]) logging started Tue Sep 23 15:46:44 2025

Set parameter LogFile to value "Logs/Facility Location Logs/L100/phase1/scenario_generation.log"
Set parameter LogToConsole to value 0

Gurobi 12.0.3 (mac64[arm]) logging started Tue Sep 23 15:46:44 2025

Set parameter LogFile to value "Logs/Facility Location Logs/L100/phase1/scenario_generation.log"
Gurobi Optimizer version 12.0.3 build v12.0.3rc0 (mac64[arm] - Darwin 24.6.0 24G222)

CPU model: Apple M3
Thread count: 8 physical cores, 8 logical processors, using up to 8 threads

Non-default parameters:
LogToConsole  0

Optimize a model with 75 rows, 1325 columns and 2575 nonzeros
Model fingerprint: 0x1ca10639
Variable types: 1300 continuous, 25 integer (25 binary)
Coefficient statistics:
  Matrix range     [1e+00, 2e+04]
  Objective range  [8e-03, 8e+03]
  Bounds range     [0e+00, 0e+00]
  RHS range        [3e+02, 2e+04]
Found heuristic solution: objective 3904350.0000
Presolve removed 0 rows and 1 columns
Presolve time: 0.00s
Presolved: 75 rows, 1324 columns, 2574 nonzeros
Variable types: 1300 continuous, 24 integer (24 binary)

Root relaxation: objective 8.215214e+04, 169 iterations, 0.00 seconds (0.00 work units)

    Nodes    |    Current Node    |     Objective Bounds      |     Work
 Expl Unexpl |  Obj  Depth IntInf | Incumbent    BestBd   Gap | It/Node Time

     0     0 82152.1417    0   21 3904350.00 82152.1417  97.9%     -    0s
H    0     0                    215608.64167 82152.1417  61.9%     -    0s
H    0     0                    164277.96702 82152.1417  50.0%     -    0s
H    0     0                    164264.33591 82152.1417  50.0%     -    0s
H    0     0                    151381.38649 83546.8856  44.8%     -    0s
H    0     0                    149714.42400 86906.3839  42.0%     -    0s
H    0     0                    113773.36965 86906.3839  23.6%     -    0s
     0     0 86906.3839    0    6 113773.370 86906.3839  23.6%     -    0s
H    0     0                    108517.28882 86948.1656  19.9%     -    0s
     0     0 86948.1656    0    6 108517.289 86948.1656  19.9%     -    0s
     0     0 87319.7875    0    2 108517.289 87319.7875  19.5%     -    0s
H    0     0                    100776.28752 87346.2674  13.3%     -    0s
     0     0 87380.8384    0    2 100776.288 87380.8384  13.3%     -    0s
H    0     0                    100004.73974 87380.8384  12.6%     -    0s
H    0     0                    93383.641871 87380.8384  6.43%     -    0s
     0     0 87460.2061    0    4 93383.6419 87460.2061  6.34%     -    0s
H    0     0                    92633.036424 87460.2061  5.58%     -    0s
     0     0 87505.0328    0    1 92633.0364 87505.0328  5.54%     -    0s
     0     0 87511.2853    0    3 92633.0364 87511.2853  5.53%     -    0s
     0     0 87511.2853    0    3 92633.0364 87511.2853  5.53%     -    0s
H    0     0                    92174.463361 87511.2853  5.06%     -    0s
H    0     0                    92041.966053 87511.2853  4.92%     -    0s
     0     2 87511.2853    0    3 92041.9661 87511.2853  4.92%     -    0s
H   26    45                    91962.464627 87529.3159  4.82%  20.7    0s

Cutting planes:
  Implied bound: 70
  MIR: 2
  Flow cover: 4
  Relax-and-lift: 2

Explored 1216 nodes (20949 simplex iterations) in 0.14 seconds (0.26 work units)
Thread count was 8 (of 8 available processors)

Solution count 10: 91962.5 92174.5 100005 ... 215609

Optimal solution found (tolerance 1.00e-04)
Best objective 9.196246462688e+04, best bound 9.196246462688e+04, gap 0.0000%

User-callback calls 2734, time in user-callback 0.00 sec

Gurobi 12.0.3 (mac64[arm]) logging started Tue Sep 23 15:46:44 2025

Set parameter LogFile to value "Logs/Facility Location Logs/L100/phase1/scenario_generation.log"
Set parameter LogToConsole to value 0

Gurobi 12.0.3 (mac64[arm]) logging started Tue Sep 23 15:46:44 2025

Set parameter LogFile to value "Logs/Facility Location Logs/L100/phase1/scenario_generation.log"
Gurobi Optimizer version 12.0.3 build v12.0.3rc0 (mac64[arm] - Darwin 24.6.0 24G222)

CPU model: Apple M3
Thread count: 8 physical cores, 8 logical processors, using up to 8 threads

Non-default parameters:
LogToConsole  0

Optimize a model with 75 rows, 1325 columns and 2575 nonzeros
Model fingerprint: 0x1376c612
Variable types: 1300 continuous, 25 integer (25 binary)
Coefficient statistics:
  Matrix range     [1e+00, 2e+04]
  Objective range  [8e-03, 8e+03]
  Bounds range     [0e+00, 0e+00]
  RHS range        [8e+02, 2e+04]
Found heuristic solution: objective 5131050.0000
Presolve removed 0 rows and 1 columns
Presolve time: 0.00s
Presolved: 75 rows, 1324 columns, 2574 nonzeros
Variable types: 1300 continuous, 24 integer (24 binary)

Root relaxation: objective 1.053310e+05, 129 iterations, 0.00 seconds (0.00 work units)

    Nodes    |    Current Node    |     Objective Bounds      |     Work
 Expl Unexpl |  Obj  Depth IntInf | Incumbent    BestBd   Gap | It/Node Time

     0     0 105331.031    0   23 5131050.00 105331.031  97.9%     -    0s
H    0     0                    241520.53145 105331.031  56.4%     -    0s
H    0     0                    197399.68966 105331.031  46.6%     -    0s
H    0     0                    197391.55739 105331.031  46.6%     -    0s
H    0     0                    192309.35266 105331.031  45.2%     -    0s
H    0     0                    190673.75793 105609.641  44.6%     -    0s
H    0     0                    160322.50733 109909.621  31.4%     -    0s
H    0     0                    126210.10336 109909.621  12.9%     -    0s
H    0     0                    113436.46949 109909.621  3.11%     -    0s
     0     0 109909.621    0   11 113436.469 109909.621  3.11%     -    0s
H    0     0                    112471.63149 110038.348  2.16%     -    0s
     0     0 110038.348    0   10 112471.631 110038.348  2.16%     -    0s
     0     0 110463.702    0    8 112471.631 110463.702  1.79%     -    0s
H    0     0                    112361.20202 110463.702  1.69%     -    0s
H    0     0                    112163.82158 110463.702  1.52%     -    0s
H    0     0                    111911.63605 110463.702  1.29%     -    0s
     0     0 110578.632    0   10 111911.636 110578.632  1.19%     -    0s
     0     0 110605.933    0   10 111911.636 110605.933  1.17%     -    0s
     0     0 110715.890    0    7 111911.636 110715.890  1.07%     -    0s
     0     0 110723.901    0    7 111911.636 110723.901  1.06%     -    0s
     0     0 110725.315    0    5 111911.636 110725.315  1.06%     -    0s
     0     0 110792.604    0    5 111911.636 110792.604  1.00%     -    0s
     0     0 110794.641    0    5 111911.636 110794.641  1.00%     -    0s
     0     0 110799.222    0    6 111911.636 110799.222  0.99%     -    0s
     0     0 110799.222    0    6 111911.636 110799.222  0.99%     -    0s
     0     2 110799.222    0    6 111911.636 110799.222  0.99%     -    0s

Cutting planes:
  Implied bound: 102
  MIR: 10
  Flow cover: 5
  Relax-and-lift: 11

Explored 352 nodes (8937 simplex iterations) in 0.08 seconds (0.14 work units)
Thread count was 8 (of 8 available processors)

Solution count 10: 111912 112361 112472 ... 5.13105e+06

Optimal solution found (tolerance 1.00e-04)
Best objective 1.119116360490e+05, best bound 1.119116360490e+05, gap 0.0000%

User-callback calls 987, time in user-callback 0.00 sec

Gurobi 12.0.3 (mac64[arm]) logging started Tue Sep 23 15:46:45 2025

Set parameter LogFile to value "Logs/Facility Location Logs/L100/phase1/scenario_generation.log"
Set parameter LogToConsole to value 0

Gurobi 12.0.3 (mac64[arm]) logging started Tue Sep 23 15:46:45 2025

Set parameter LogFile to value "Logs/Facility Location Logs/L100/phase1/scenario_generation.log"
Gurobi Optimizer version 12.0.3 build v12.0.3rc0 (mac64[arm] - Darwin 24.6.0 24G222)

CPU model: Apple M3
Thread count: 8 physical cores, 8 logical processors, using up to 8 threads

Non-default parameters:
LogToConsole  0

Optimize a model with 75 rows, 1325 columns and 2575 nonzeros
Model fingerprint: 0x269b95a2
Variable types: 1300 continuous, 25 integer (25 binary)
Coefficient statistics:
  Matrix range     [1e+00, 2e+04]
  Objective range  [8e-03, 8e+03]
  Bounds range     [0e+00, 0e+00]
  RHS range        [1e+03, 7e+03]
Found heuristic solution: objective 5173950.0000
Presolve removed 0 rows and 1 columns
Presolve time: 0.00s
Presolved: 75 rows, 1324 columns, 2574 nonzeros
Variable types: 1300 continuous, 24 integer (24 binary)

Root relaxation: objective 8.443865e+04, 138 iterations, 0.00 seconds (0.00 work units)

    Nodes    |    Current Node    |     Objective Bounds      |     Work
 Expl Unexpl |  Obj  Depth IntInf | Incumbent    BestBd   Gap | It/Node Time

     0     0 84438.6498    0   24 5173950.00 84438.6498  98.4%     -    0s
H    0     0                    220199.14983 84438.6498  61.7%     -    0s
H    0     0                    198163.32336 84438.6498  57.4%     -    0s
H    0     0                    192007.26591 84438.6498  56.0%     -    0s
H    0     0                    153827.84505 84855.6938  44.8%     -    0s
H    0     0                    140107.65298 89588.4540  36.1%     -    0s
H    0     0                    105179.89162 89588.4540  14.8%     -    0s
H    0     0                    98077.203631 89588.4540  8.66%     -    0s
     0     0 89588.4540    0   11 98077.2036 89588.4540  8.66%     -    0s
H    0     0                    91817.326622 89698.6877  2.31%     -    0s
H    0     0                    91730.762712 89698.6877  2.22%     -    0s
     0     0 89698.6877    0   11 91730.7627 89698.6877  2.22%     -    0s
     0     0 90056.2767    0    7 91730.7627 90056.2767  1.83%     -    0s
     0     0 90099.1365    0    6 91730.7627 90099.1365  1.78%     -    0s
H    0     0                    91397.250081 90337.2514  1.16%     -    0s
H    0     0                    91239.324049 90337.2514  0.99%     -    0s
     0     0 90337.2514    0   10 91239.3240 90337.2514  0.99%     -    0s
     0     0 90373.4832    0   11 91239.3240 90373.4832  0.95%     -    0s
     0     0 90373.4832    0   11 91239.3240 90373.4832  0.95%     -    0s
     0     0 90497.5972    0    9 91239.3240 90497.5972  0.81%     -    0s
     0     0 90506.8472    0    8 91239.3240 90506.8472  0.80%     -    0s
     0     0 90506.8897    0    8 91239.3240 90506.8897  0.80%     -    0s
     0     0 90555.6969    0    6 91239.3240 90555.6969  0.75%     -    0s
H    0     0                    91183.283860 90555.6969  0.69%     -    0s
     0     0 90556.0374    0    3 91183.2839 90556.0374  0.69%     -    0s
     0     0 90556.3878    0    6 91183.2839 90556.3878  0.69%     -    0s
     0     0 90556.3878    0    6 91183.2839 90556.3878  0.69%     -    0s
     0     2 90556.3878    0    6 91183.2839 90556.3878  0.69%     -    0s

Cutting planes:
  Implied bound: 105
  MIR: 9
  Flow cover: 1
  Relax-and-lift: 4

Explored 321 nodes (6993 simplex iterations) in 0.08 seconds (0.12 work units)
Thread count was 8 (of 8 available processors)

Solution count 10: 91183.3 91239.3 91730.8 ... 220199

Optimal solution found (tolerance 1.00e-04)
Best objective 9.118328386012e+04, best bound 9.118328386012e+04, gap 0.0000%

User-callback calls 935, time in user-callback 0.00 sec

Gurobi 12.0.3 (mac64[arm]) logging started Tue Sep 23 15:46:45 2025

Set parameter LogFile to value "Logs/Facility Location Logs/L100/phase1/scenario_generation.log"
Set parameter LogToConsole to value 0

Gurobi 12.0.3 (mac64[arm]) logging started Tue Sep 23 15:46:45 2025

Set parameter LogFile to value "Logs/Facility Location Logs/L100/phase1/scenario_generation.log"
Gurobi Optimizer version 12.0.3 build v12.0.3rc0 (mac64[arm] - Darwin 24.6.0 24G222)

CPU model: Apple M3
Thread count: 8 physical cores, 8 logical processors, using up to 8 threads

Non-default parameters:
LogToConsole  0

Optimize a model with 75 rows, 1325 columns and 2575 nonzeros
Model fingerprint: 0x0d340685
Variable types: 1300 continuous, 25 integer (25 binary)
Coefficient statistics:
  Matrix range     [1e+00, 2e+04]
  Objective range  [8e-03, 8e+03]
  Bounds range     [0e+00, 0e+00]
  RHS range        [1e+03, 3e+04]
Found heuristic solution: objective 6698100.0000
Presolve removed 0 rows and 1 columns
Presolve time: 0.00s
Presolved: 75 rows, 1324 columns, 2574 nonzeros
Variable types: 1300 continuous, 24 integer (24 binary)

Root relaxation: objective 1.418408e+05, 178 iterations, 0.00 seconds (0.00 work units)

    Nodes    |    Current Node    |     Objective Bounds      |     Work
 Expl Unexpl |  Obj  Depth IntInf | Incumbent    BestBd   Gap | It/Node Time

     0     0 141840.764    0   22 6698100.00 141840.764  97.9%     -    0s
H    0     0                    262359.76409 141840.764  45.9%     -    0s
H    0     0                    230582.76818 141840.764  38.5%     -    0s
H    0     0                    227983.98188 141840.764  37.8%     -    0s
H    0     0                    224389.48046 142278.932  36.6%     -    0s
H    0     0                    218370.33062 146953.224  32.7%     -    0s
H    0     0                    182143.59102 146953.224  19.3%     -    0s
H    0     0                    149114.71813 146953.224  1.45%     -    0s
     0     0 146953.224    0   14 149114.718 146953.224  1.45%     -    0s
     0     0 147072.700    0   10 149114.718 147072.700  1.37%     -    0s
     0     0 147556.273    0   10 149114.718 147556.273  1.05%     -    0s
     0     0 147613.528    0   10 149114.718 147613.528  1.01%     -    0s
H    0     0                    149112.19769 147613.528  1.01%     -    0s
H    0     0                    148684.37068 147613.528  0.72%     -    0s
H    0     0                    148393.99680 147745.929  0.44%     -    0s
     0     0 147745.929    0    9 148393.997 147745.929  0.44%     -    0s
     0     0 147764.037    0    7 148393.997 147764.037  0.42%     -    0s
     0     0 147849.784    0    4 148393.997 147849.784  0.37%     -    0s
H    0     0                    148384.76793 147849.784  0.36%     -    0s
     0     0 147852.848    0    3 148384.768 147852.848  0.36%     -    0s
     0     0 147890.420    0    4 148384.768 147890.420  0.33%     -    0s
     0     0 147892.143    0    3 148384.768 147892.143  0.33%     -    0s
     0     0 147911.115    0    4 148384.768 147911.115  0.32%     -    0s
     0     0 147911.115    0    4 148384.768 147911.115  0.32%     -    0s
     0     2 147911.115    0    4 148384.768 147911.115  0.32%     -    0s

Cutting planes:
  Implied bound: 67
  MIR: 8
  Flow cover: 9
  Relax-and-lift: 7

Explored 160 nodes (2632 simplex iterations) in 0.05 seconds (0.08 work units)
Thread count was 8 (of 8 available processors)

Solution count 10: 148385 148394 149112 ... 6.6981e+06

Optimal solution found (tolerance 1.00e-04)
Best objective 1.483847679270e+05, best bound 1.483847679270e+05, gap 0.0000%

User-callback calls 595, time in user-callback 0.00 sec

Gurobi 12.0.3 (mac64[arm]) logging started Tue Sep 23 15:46:45 2025

Set parameter LogFile to value "Logs/Facility Location Logs/L100/phase1/scenario_generation.log"
Set parameter LogToConsole to value 0

Gurobi 12.0.3 (mac64[arm]) logging started Tue Sep 23 15:46:45 2025

Set parameter LogFile to value "Logs/Facility Location Logs/L100/phase1/scenario_generation.log"
Gurobi Optimizer version 12.0.3 build v12.0.3rc0 (mac64[arm] - Darwin 24.6.0 24G222)

CPU model: Apple M3
Thread count: 8 physical cores, 8 logical processors, using up to 8 threads

Non-default parameters:
LogToConsole  0

Optimize a model with 75 rows, 1325 columns and 2575 nonzeros
Model fingerprint: 0x22089547
Variable types: 1300 continuous, 25 integer (25 binary)
Coefficient statistics:
  Matrix range     [1e+00, 2e+04]
  Objective range  [8e-03, 8e+03]
  Bounds range     [0e+00, 0e+00]
  RHS range        [1e+03, 2e+04]
Found heuristic solution: objective 6420300.0000
Presolve removed 0 rows and 1 columns
Presolve time: 0.00s
Presolved: 75 rows, 1324 columns, 2574 nonzeros
Variable types: 1300 continuous, 24 integer (24 binary)

Root relaxation: objective 1.284356e+05, 150 iterations, 0.00 seconds (0.00 work units)

    Nodes    |    Current Node    |     Objective Bounds      |     Work
 Expl Unexpl |  Obj  Depth IntInf | Incumbent    BestBd   Gap | It/Node Time

     0     0 128435.583    0   23 6420300.00 128435.583  98.0%     -    0s
H    0     0                    251732.58275 128435.583  49.0%     -    0s
H    0     0                    222278.40700 128435.583  42.2%     -    0s
H    0     0                    220387.14031 128435.583  41.7%     -    0s
H    0     0                    188997.53749 128435.583  32.0%     -    0s
H    0     0                    172323.29046 133079.902  22.8%     -    0s
     0     0 133079.902    0   12 172323.290 133079.902  22.8%     -    0s
H    0     0                    137504.52052 133143.979  3.17%     -    0s
H    0     0                    137433.27855 133143.979  3.12%     -    0s
     0     0 133143.979    0   12 137433.279 133143.979  3.12%     -    0s
     0     0 133587.254    0   12 137433.279 133587.254  2.80%     -    0s
     0     0 133656.977    0   11 137433.279 133656.977  2.75%     -    0s
     0     0 133656.977    0   11 137433.279 133656.977  2.75%     -    0s
     0     0 133839.874    0   10 137433.279 133839.874  2.61%     -    0s
H    0     0                    137407.73282 133848.416  2.59%     -    0s
     0     0 133848.416    0   13 137407.733 133848.416  2.59%     -    0s
     0     0 133957.846    0   10 137407.733 133957.846  2.51%     -    0s
H    0     0                    136895.23979 133959.205  2.14%     -    0s
     0     0 133959.205    0   10 136895.240 133959.205  2.14%     -    0s
     0     0 134006.605    0    8 136895.240 134006.605  2.11%     -    0s
     0     0 134008.001    0    9 136895.240 134008.001  2.11%     -    0s
     0     0 134023.374    0   10 136895.240 134023.374  2.10%     -    0s
     0     0 134023.374    0   10 136895.240 134023.374  2.10%     -    0s
H    0     0                    136856.99542 134023.374  2.07%     -    0s
     0     2 134023.374    0   10 136856.995 134023.374  2.07%     -    0s
H  212   165                    136776.95673 134047.342  2.00%  21.7    0s
H  578   382                    136764.28143 134167.416  1.90%  20.6    0s
H 1925   639                    136731.23849 134374.723  1.72%  24.3    0s

Cutting planes:
  Implied bound: 162
  MIR: 19
  Flow cover: 2
  Inf proof: 7
  Relax-and-lift: 6

Explored 3800 nodes (103703 simplex iterations) in 0.40 seconds (0.85 work units)
Thread count was 8 (of 8 available processors)

Solution count 10: 136731 136764 136777 ... 222278

Optimal solution found (tolerance 1.00e-04)
Best objective 1.367312384946e+05, best bound 1.367312384946e+05, gap 0.0000%

User-callback calls 7971, time in user-callback 0.00 sec

Gurobi 12.0.3 (mac64[arm]) logging started Tue Sep 23 15:46:45 2025

Set parameter LogFile to value "Logs/Facility Location Logs/L100/phase1/scenario_generation.log"
Set parameter LogToConsole to value 0

Gurobi 12.0.3 (mac64[arm]) logging started Tue Sep 23 15:46:45 2025

Set parameter LogFile to value "Logs/Facility Location Logs/L100/phase1/scenario_generation.log"
Gurobi Optimizer version 12.0.3 build v12.0.3rc0 (mac64[arm] - Darwin 24.6.0 24G222)

CPU model: Apple M3
Thread count: 8 physical cores, 8 logical processors, using up to 8 threads

Non-default parameters:
LogToConsole  0

Optimize a model with 75 rows, 1325 columns and 2575 nonzeros
Model fingerprint: 0xff3ad31e
Variable types: 1300 continuous, 25 integer (25 binary)
Coefficient statistics:
  Matrix range     [1e+00, 2e+04]
  Objective range  [8e-03, 8e+03]
  Bounds range     [0e+00, 0e+00]
  RHS range        [1e+03, 2e+04]
Found heuristic solution: objective 6357150.0000
Presolve removed 0 rows and 1 columns
Presolve time: 0.00s
Presolved: 75 rows, 1324 columns, 2574 nonzeros
Variable types: 1300 continuous, 24 integer (24 binary)

Root relaxation: objective 1.245415e+05, 123 iterations, 0.00 seconds (0.00 work units)

    Nodes    |    Current Node    |     Objective Bounds      |     Work
 Expl Unexpl |  Obj  Depth IntInf | Incumbent    BestBd   Gap | It/Node Time

     0     0 124541.526    0   23 6357150.00 124541.526  98.0%     -    0s
H    0     0                    248470.02618 124541.526  49.9%     -    0s
H    0     0                    219323.48472 124541.526  43.2%     -    0s
H    0     0                    205083.17843 124541.526  39.3%     -    0s
H    0     0                    204034.63060 129427.442  36.6%     -    0s
H    0     0                    167401.61644 129427.442  22.7%     -    0s
H    0     0                    143958.42621 129427.442  10.1%     -    0s
     0     0 129427.442    0   12 143958.426 129427.442  10.1%     -    0s
H    0     0                    134886.32030 129506.599  3.99%     -    0s
H    0     0                    134814.91427 129506.599  3.94%     -    0s
     0     0 129506.599    0   11 134814.914 129506.599  3.94%     -    0s
     0     0 129964.392    0   11 134814.914 129964.392  3.60%     -    0s
H    0     0                    134734.24646 130010.566  3.51%     -    0s
     0     0 130010.566    0   12 134734.246 130010.566  3.51%     -    0s
     0     0 130010.990    0   12 134734.246 130010.990  3.51%     -    0s
     0     0 130179.042    0   11 134734.246 130179.042  3.38%     -    0s
H    0     0                    134085.99701 130209.266  2.89%     -    0s
     0     0 130209.266    0   10 134085.997 130209.266  2.89%     -    0s
H    0     0                    133748.31858 130221.786  2.64%     -    0s
     0     0 130221.786    0   12 133748.319 130221.786  2.64%     -    0s
     0     0 130222.798    0   10 133748.319 130222.798  2.64%     -    0s
     0     0 130303.818    0    9 133748.319 130303.818  2.58%     -    0s
     0     0 130306.340    0    9 133748.319 130306.340  2.57%     -    0s
     0     0 130324.887    0    7 133748.319 130324.887  2.56%     -    0s
H    0     0                    133598.20832 130324.887  2.45%     -    0s
     0     0 130329.283    0    9 133598.208 130329.283  2.45%     -    0s
     0     0 130329.416    0    9 133598.208 130329.416  2.45%     -    0s
     0     0 130335.982    0    9 133598.208 130335.982  2.44%     -    0s
     0     0 130335.982    0    9 133598.208 130335.982  2.44%     -    0s
     0     2 130335.982    0    9 133598.208 130335.982  2.44%     -    0s
*  326   303              11    133387.32484 130558.797  2.12%  21.9    0s

Cutting planes:
  Gomory: 1
  Implied bound: 79
  MIR: 29
  Flow cover: 7
  Inf proof: 7
  Relax-and-lift: 5

Explored 11693 nodes (247022 simplex iterations) in 1.19 seconds (2.47 work units)
Thread count was 8 (of 8 available processors)

Solution count 10: 133387 133598 133748 ... 205083

Optimal solution found (tolerance 1.00e-04)
Best objective 1.333873248394e+05, best bound 1.333873248394e+05, gap 0.0000%

User-callback calls 24162, time in user-callback 0.00 sec

Gurobi 12.0.3 (mac64[arm]) logging started Tue Sep 23 15:46:46 2025

Set parameter LogFile to value "Logs/Facility Location Logs/L100/phase1/scenario_generation.log"
Set parameter LogToConsole to value 0

Gurobi 12.0.3 (mac64[arm]) logging started Tue Sep 23 15:46:46 2025

Set parameter LogFile to value "Logs/Facility Location Logs/L100/phase1/scenario_generation.log"
Gurobi Optimizer version 12.0.3 build v12.0.3rc0 (mac64[arm] - Darwin 24.6.0 24G222)

CPU model: Apple M3
Thread count: 8 physical cores, 8 logical processors, using up to 8 threads

Non-default parameters:
LogToConsole  0

Optimize a model with 75 rows, 1325 columns and 2575 nonzeros
Model fingerprint: 0x1c2163d2
Variable types: 1300 continuous, 25 integer (25 binary)
Coefficient statistics:
  Matrix range     [1e+00, 2e+04]
  Objective range  [8e-03, 8e+03]
  Bounds range     [0e+00, 0e+00]
  RHS range        [6e+02, 3e+04]
Found heuristic solution: objective 5014700.0000
Presolve removed 0 rows and 1 columns
Presolve time: 0.00s
Presolved: 75 rows, 1324 columns, 2574 nonzeros
Variable types: 1300 continuous, 24 integer (24 binary)

Root relaxation: objective 1.183247e+05, 148 iterations, 0.00 seconds (0.00 work units)

    Nodes    |    Current Node    |     Objective Bounds      |     Work
 Expl Unexpl |  Obj  Depth IntInf | Incumbent    BestBd   Gap | It/Node Time

     0     0 118324.698    0   22 5014700.00 118324.698  97.6%     -    0s
H    0     0                    248177.69784 118324.698  52.3%     -    0s
H    0     0                    211346.98713 118324.698  44.0%     -    0s
H    0     0                    203900.97945 118324.698  42.0%     -    0s
H    0     0                    200608.87860 118324.698  41.0%     -    0s
H    0     0                    168116.24395 123068.987  26.8%     -    0s
H    0     0                    134741.43068 123068.987  8.66%     -    0s
H    0     0                    128982.05482 123068.987  4.58%     -    0s
H    0     0                    128265.72155 123068.987  4.05%     -    0s
     0     0 123068.987    0   11 128265.722 123068.987  4.05%     -    0s
H    0     0                    127628.26158 123138.873  3.52%     -    0s
     0     0 123138.873    0   11 127628.262 123138.873  3.52%     -    0s
     0     0 123662.492    0    9 127628.262 123662.492  3.11%     -    0s
     0     0 123669.855    0    9 127628.262 123669.855  3.10%     -    0s
H    0     0                    126832.78714 123669.855  2.49%     -    0s
H    0     0                    126388.90724 123669.855  2.15%     -    0s
H    0     0                    126260.71781 123806.532  1.94%     -    0s
     0     0 123806.532    0    9 126260.718 123806.532  1.94%     -    0s
H    0     0                    125870.13114 123832.600  1.62%     -    0s
     0     0 123832.600    0    7 125870.131 123832.600  1.62%     -    0s
     0     0 123842.817    0    8 125870.131 123842.817  1.61%     -    0s
     0     0 123844.611    0    8 125870.131 123844.611  1.61%     -    0s
     0     0 123948.193    0    7 125870.131 123948.193  1.53%     -    0s
     0     0 123953.078    0    6 125870.131 123953.078  1.52%     -    0s
     0     0 124047.512    0    3 125870.131 124047.512  1.45%     -    0s
     0     0 124050.430    0    6 125870.131 124050.430  1.45%     -    0s
     0     0 124067.498    0    7 125870.131 124067.498  1.43%     -    0s
     0     0 124067.500    0    7 125870.131 124067.500  1.43%     -    0s
     0     2 124067.500    0    7 125870.131 124067.500  1.43%     -    0s

Cutting planes:
  Implied bound: 102
  MIR: 7
  Flow cover: 6
  Relax-and-lift: 11

Explored 588 nodes (14260 simplex iterations) in 0.11 seconds (0.18 work units)
Thread count was 8 (of 8 available processors)

Solution count 10: 125870 126261 127628 ... 5.0147e+06

Optimal solution found (tolerance 1.00e-04)
Best objective 1.258701311445e+05, best bound 1.258701311445e+05, gap 0.0000%

User-callback calls 1486, time in user-callback 0.00 sec

Gurobi 12.0.3 (mac64[arm]) logging started Tue Sep 23 15:46:46 2025

Set parameter LogFile to value "Logs/Facility Location Logs/L100/phase1/scenario_generation.log"
Set parameter LogToConsole to value 0

Gurobi 12.0.3 (mac64[arm]) logging started Tue Sep 23 15:46:46 2025

Set parameter LogFile to value "Logs/Facility Location Logs/L100/phase1/scenario_generation.log"
Gurobi Optimizer version 12.0.3 build v12.0.3rc0 (mac64[arm] - Darwin 24.6.0 24G222)

CPU model: Apple M3
Thread count: 8 physical cores, 8 logical processors, using up to 8 threads

Non-default parameters:
LogToConsole  0

Optimize a model with 75 rows, 1325 columns and 2575 nonzeros
Model fingerprint: 0x402f27f3
Variable types: 1300 continuous, 25 integer (25 binary)
Coefficient statistics:
  Matrix range     [1e+00, 2e+04]
  Objective range  [8e-03, 8e+03]
  Bounds range     [0e+00, 0e+00]
  RHS range        [1e+03, 9e+03]
Found heuristic solution: objective 5692500.0000
Presolve removed 0 rows and 1 columns
Presolve time: 0.00s
Presolved: 75 rows, 1324 columns, 2574 nonzeros
Variable types: 1300 continuous, 24 integer (24 binary)

Root relaxation: objective 8.625590e+04, 110 iterations, 0.00 seconds (0.00 work units)

    Nodes    |    Current Node    |     Objective Bounds      |     Work
 Expl Unexpl |  Obj  Depth IntInf | Incumbent    BestBd   Gap | It/Node Time

     0     0 86255.9030    0   24 5692500.00 86255.9030  98.5%     -    0s
H    0     0                    216830.90298 86255.9030  60.2%     -    0s
H    0     0                    209447.52931 86255.9030  58.8%     -    0s
H    0     0                    202953.24652 86255.9030  57.5%     -    0s
H    0     0                    175571.61194 86255.9030  50.9%     -    0s
H    0     0                    172496.52591 86255.9030  50.0%     -    0s
H    0     0                    136950.09003 86255.9030  37.0%     -    0s
H    0     0                    102307.66337 91366.4988  10.7%     -    0s
H    0     0                    96214.859082 91366.4988  5.04%     -    0s
     0     0 91366.4988    0   12 96214.8591 91366.4988  5.04%     -    0s
H    0     0                    96040.427237 91411.9959  4.82%     -    0s
     0     0 91411.9959    0   11 96040.4272 91411.9959  4.82%     -    0s
H    0     0                    95611.536670 91411.9959  4.39%     -    0s
H    0     0                    95546.257257 91411.9959  4.33%     -    0s
     0     0 91941.2983    0   12 95546.2573 91941.2983  3.77%     -    0s
     0     0 91995.3294    0   11 95546.2573 91995.3294  3.72%     -    0s
     0     0 91996.0893    0   12 95546.2573 91996.0893  3.72%     -    0s
H    0     0                    95526.764732 91996.0893  3.70%     -    0s
     0     0 92266.9702    0   12 95526.7647 92266.9702  3.41%     -    0s
H    0     0                    95102.310157 92277.4945  2.97%     -    0s
     0     0 92277.4945    0    9 95102.3102 92277.4945  2.97%     -    0s
     0     0 92278.9527    0    9 95102.3102 92278.9527  2.97%     -    0s
     0     0 92404.0467    0   10 95102.3102 92404.0467  2.84%     -    0s
H    0     0                    95038.722078 92406.8462  2.77%     -    0s
     0     0 92409.8373    0    8 95038.7221 92409.8373  2.77%     -    0s
     0     0 92410.0137    0    8 95038.7221 92410.0137  2.77%     -    0s
     0     0 92440.5508    0    5 95038.7221 92440.5508  2.73%     -    0s
     0     0 92440.7100    0    5 95038.7221 92440.7100  2.73%     -    0s
     0     0 92449.9512    0    8 95038.7221 92449.9512  2.72%     -    0s
     0     0 92449.9512    0    8 95038.7221 92449.9512  2.72%     -    0s
H    0     0                    95035.749068 92449.9512  2.72%     -    0s
     0     2 92449.9512    0    8 95035.7491 92449.9512  2.72%     -    0s
H 4877  1262                    95008.156046 92961.6717  2.15%  21.5    0s

Cutting planes:
  Gomory: 1
  Implied bound: 97
  MIR: 123
  Mixing: 2
  Flow cover: 6
  Inf proof: 2
  Relax-and-lift: 5

Explored 14061 nodes (301017 simplex iterations) in 1.56 seconds (3.01 work units)
Thread count was 8 (of 8 available processors)

Solution count 10: 95008.2 95035.7 95038.7 ... 172497

Optimal solution found (tolerance 1.00e-04)
Best objective 9.500815604606e+04, best bound 9.500815604606e+04, gap 0.0000%

User-callback calls 28958, time in user-callback 0.00 sec

Gurobi 12.0.3 (mac64[arm]) logging started Tue Sep 23 15:46:48 2025

Set parameter LogFile to value "Logs/Facility Location Logs/L100/phase1/scenario_generation.log"
Set parameter LogToConsole to value 0

Gurobi 12.0.3 (mac64[arm]) logging started Tue Sep 23 15:46:48 2025

Set parameter LogFile to value "Logs/Facility Location Logs/L100/phase1/scenario_generation.log"
Gurobi Optimizer version 12.0.3 build v12.0.3rc0 (mac64[arm] - Darwin 24.6.0 24G222)

CPU model: Apple M3
Thread count: 8 physical cores, 8 logical processors, using up to 8 threads

Non-default parameters:
LogToConsole  0

Optimize a model with 75 rows, 1325 columns and 2575 nonzeros
Model fingerprint: 0xa04841de
Variable types: 1300 continuous, 25 integer (25 binary)
Coefficient statistics:
  Matrix range     [1e+00, 2e+04]
  Objective range  [8e-03, 8e+03]
  Bounds range     [0e+00, 0e+00]
  RHS range        [1e+03, 2e+04]
Found heuristic solution: objective 5643350.0000
Presolve removed 0 rows and 1 columns
Presolve time: 0.00s
Presolved: 75 rows, 1324 columns, 2574 nonzeros
Variable types: 1300 continuous, 24 integer (24 binary)

Root relaxation: objective 1.072321e+05, 122 iterations, 0.00 seconds (0.00 work units)

    Nodes    |    Current Node    |     Objective Bounds      |     Work
 Expl Unexpl |  Obj  Depth IntInf | Incumbent    BestBd   Gap | It/Node Time

     0     0 107232.138    0   23 5643350.00 107232.138  98.1%     -    0s
H    0     0                    238298.63842 107232.138  55.0%     -    0s
H    0     0                    208730.00928 107232.138  48.6%     -    0s
H    0     0                    160606.48100 107232.138  33.2%     -    0s
H    0     0                    157484.36381 112241.545  28.7%     -    0s
H    0     0                    124207.82531 112241.545  9.63%     -    0s
     0     0 112241.545    0   11 124207.825 112241.545  9.63%     -    0s
H    0     0                    119612.84779 112351.756  6.07%     -    0s
H    0     0                    117505.88245 112351.756  4.39%     -    0s
     0     0 112351.756    0   11 117505.882 112351.756  4.39%     -    0s
     0     0 112726.345    0    9 117505.882 112726.345  4.07%     -    0s
H    0     0                    116704.58302 112768.945  3.37%     -    0s
     0     0 112768.945    0    9 116704.583 112768.945  3.37%     -    0s
H    0     0                    116600.24889 112768.945  3.29%     -    0s
H    0     0                    116568.28338 112768.945  3.26%     -    0s
H    0     0                    115954.58548 112950.463  2.59%     -    0s
     0     0 112950.463    0    7 115954.585 112950.463  2.59%     -    0s
     0     0 112985.209    0    7 115954.585 112985.209  2.56%     -    0s
     0     0 113063.671    0    8 115954.585 113063.671  2.49%     -    0s
H    0     0                    115884.31339 113063.671  2.43%     -    0s
     0     0 113068.743    0    7 115884.313 113068.743  2.43%     -    0s
     0     0 113084.767    0    3 115884.313 113084.767  2.42%     -    0s
     0     0 113103.855    0    4 115884.313 113103.855  2.40%     -    0s
     0     0 113104.792    0    7 115884.313 113104.792  2.40%     -    0s
     0     0 113111.327    0    2 115884.313 113111.327  2.39%     -    0s
     0     0 113114.146    0    2 115884.313 113114.146  2.39%     -    0s
     0     0 113131.855    0    3 115884.313 113131.855  2.38%     -    0s
     0     0 113136.626    0    3 115884.313 113136.626  2.37%     -    0s
     0     2 113136.809    0    3 115884.313 113136.809  2.37%     -    0s

Cutting planes:
  Implied bound: 134
  MIR: 8
  Flow cover: 6
  Inf proof: 1
  Relax-and-lift: 13

Explored 6659 nodes (146580 simplex iterations) in 0.56 seconds (1.20 work units)
Thread count was 8 (of 8 available processors)

Solution count 9: 115884 115955 117506 ... 5.64335e+06

Optimal solution found (tolerance 1.00e-04)
Best objective 1.158843133912e+05, best bound 1.158843133912e+05, gap 0.0000%

User-callback calls 13729, time in user-callback 0.00 sec

============================================================
SUMMARY STATISTICS - PHASE 1: SCENARIO GENERATION (L100)
============================================================
Parameters:
  bernoulli_case: false
  nloc: 25
  ncust: 50
  nscen: 100

Results:
  total_scenarios: 100
  unique_solutions: 98
============================================================
