
Gurobi 12.0.3 (mac64[arm]) logging started Tue Sep 23 14:00:00 2025

Set parameter LogFile to value "Logs/Facility Location Logs/L50/phase1/scenario_generation.log"
Set parameter LogToConsole to value 0

Gurobi 12.0.3 (mac64[arm]) logging started Tue Sep 23 14:00:00 2025

Set parameter LogFile to value "Logs/Facility Location Logs/L50/phase1/scenario_generation.log"
Gurobi Optimizer version 12.0.3 build v12.0.3rc0 (mac64[arm] - Darwin 24.6.0 24G222)

CPU model: Apple M3
Thread count: 8 physical cores, 8 logical processors, using up to 8 threads

Non-default parameters:
LogToConsole  0

Optimize a model with 75 rows, 1325 columns and 2575 nonzeros
Model fingerprint: 0x2dfaf614
Variable types: 1300 continuous, 25 integer (25 binary)
Coefficient statistics:
  Matrix range     [1e+00, 2e+04]
  Objective range  [8e-03, 8e+03]
  Bounds range     [0e+00, 0e+00]
  RHS range        [7e+02, 2e+04]
Found heuristic solution: objective 4588000.0000
Presolve removed 0 rows and 1 columns
Presolve time: 0.00s
Presolved: 75 rows, 1324 columns, 2574 nonzeros
Variable types: 1300 continuous, 24 integer (24 binary)

Root relaxation: objective 9.036545e+04, 146 iterations, 0.00 seconds (0.00 work units)

    Nodes    |    Current Node    |     Objective Bounds      |     Work
 Expl Unexpl |  Obj  Depth IntInf | Incumbent    BestBd   Gap | It/Node Time

     0     0 90365.4496    0   22 4588000.00 90365.4496  98.0%     -    0s
H    0     0                    224485.44959 90365.4496  59.7%     -    0s
H    0     0                    202394.37709 90365.4496  55.4%     -    0s
H    0     0                    198188.67355 90365.4496  54.4%     -    0s
H    0     0                    150308.03289 90365.4496  39.9%     -    0s
     0     0 94887.2977    0   10 150308.033 94887.2977  36.9%     -    0s
H    0     0                    144724.05285 95020.5531  34.3%     -    0s
H    0     0                    115815.83021 95020.5531  18.0%     -    0s
H    0     0                    115615.65677 95020.5531  17.8%     -    0s
     0     0 95020.5531    0   10 115615.657 95020.5531  17.8%     -    0s
H    0     0                    109838.78971 95020.5531  13.5%     -    0s
     0     0 95323.8374    0    6 109838.790 95323.8374  13.2%     -    0s
H    0     0                    109639.47728 95323.8374  13.1%     -    0s
H    0     0                    102544.44524 95323.8374  7.04%     -    0s
H    0     0                    102472.97177 95323.8374  6.98%     -    0s
H    0     0                    102389.78661 95448.8676  6.78%     -    0s
     0     0 95448.8676    0    7 102389.787 95448.8676  6.78%     -    0s
     0     0 95466.6337    0    6 102389.787 95466.6337  6.76%     -    0s
     0     0 95472.4920    0    6 102389.787 95472.4920  6.76%     -    0s
H    0     0                    102328.99455 95472.4920  6.70%     -    0s
H    0     0                    102248.38753 95597.0174  6.51%     -    0s
H    0     0                    102152.02000 95597.0174  6.42%     -    0s
     0     0 95597.0174    0    4 102152.020 95597.0174  6.42%     -    0s
     0     0 95606.1602    0    4 102152.020 95606.1602  6.41%     -    0s
     0     0 95643.7840    0    1 102152.020 95643.7840  6.37%     -    0s
     0     0 95644.7416    0    2 102152.020 95644.7416  6.37%     -    0s
     0     0 95644.7416    0    2 102152.020 95644.7416  6.37%     -    0s
H    0     0                    101741.01504 95644.7416  5.99%     -    0s
H    0     0                    101722.98176 95644.7866  5.98%     -    0s
     0     2 95644.7866    0    2 101722.982 95644.7866  5.98%     -    0s
*  289   218              14    101712.84912 95795.6584  5.82%  19.9    0s
*  379   227              10    101499.97917 95801.8511  5.61%  21.5    0s
H 1027   367                    101402.72723 96349.5977  4.98%  21.6    0s
* 1044   367              10    101223.29030 96459.7187  4.71%  21.8    0s

Cutting planes:
  Implied bound: 98
  MIR: 6
  Flow cover: 8
  Inf proof: 18
  Relax-and-lift: 10

Explored 2877 nodes (62828 simplex iterations) in 0.23 seconds (0.54 work units)
Thread count was 8 (of 8 available processors)

Solution count 10: 101223 101403 101500 ... 109839

Optimal solution found (tolerance 1.00e-04)
Best objective 1.012232902958e+05, best bound 1.012232902958e+05, gap 0.0000%

User-callback calls 6083, time in user-callback 0.00 sec

Gurobi 12.0.3 (mac64[arm]) logging started Tue Sep 23 14:00:00 2025

Set parameter LogFile to value "Logs/Facility Location Logs/L50/phase1/scenario_generation.log"
Set parameter LogToConsole to value 0

Gurobi 12.0.3 (mac64[arm]) logging started Tue Sep 23 14:00:00 2025

Set parameter LogFile to value "Logs/Facility Location Logs/L50/phase1/scenario_generation.log"
Gurobi Optimizer version 12.0.3 build v12.0.3rc0 (mac64[arm] - Darwin 24.6.0 24G222)

CPU model: Apple M3
Thread count: 8 physical cores, 8 logical processors, using up to 8 threads

Non-default parameters:
LogToConsole  0

Optimize a model with 75 rows, 1325 columns and 2575 nonzeros
Model fingerprint: 0xc52d609e
Variable types: 1300 continuous, 25 integer (25 binary)
Coefficient statistics:
  Matrix range     [1e+00, 2e+04]
  Objective range  [8e-03, 8e+03]
  Bounds range     [0e+00, 0e+00]
  RHS range        [1e+03, 2e+04]
Found heuristic solution: objective 5937550.0000
Presolve removed 0 rows and 1 columns
Presolve time: 0.00s
Presolved: 75 rows, 1324 columns, 2574 nonzeros
Variable types: 1300 continuous, 24 integer (24 binary)

Root relaxation: objective 1.128812e+05, 116 iterations, 0.00 seconds (0.00 work units)

    Nodes    |    Current Node    |     Objective Bounds      |     Work
 Expl Unexpl |  Obj  Depth IntInf | Incumbent    BestBd   Gap | It/Node Time

     0     0 112881.207    0   23 5937550.00 112881.207  98.1%     -    0s
H    0     0                    241005.70655 112881.207  53.2%     -    0s
H    0     0                    211726.44827 112881.207  46.7%     -    0s
H    0     0                    201353.61216 112881.207  43.9%     -    0s
H    0     0                    165895.63691 112965.958  31.9%     -    0s
H    0     0                    162781.13187 117569.093  27.8%     -    0s
H    0     0                    127984.94026 117569.093  8.14%     -    0s
     0     0 117569.093    0   10 127984.940 117569.093  8.14%     -    0s
H    0     0                    121754.53049 117650.569  3.37%     -    0s
H    0     0                    121246.10775 117650.569  2.97%     -    0s
     0     0 117650.569    0   10 121246.108 117650.569  2.97%     -    0s
H    0     0                    121057.49932 117650.569  2.81%     -    0s
H    0     0                    120933.79702 118064.061  2.37%     -    0s
     0     0 118064.061    0    8 120933.797 118064.061  2.37%     -    0s
H    0     0                    119658.79473 118129.997  1.28%     -    0s
     0     0 118129.997    0    8 119658.795 118129.997  1.28%     -    0s
H    0     0                    119523.24053 118129.997  1.17%     -    0s
     0     0 118332.295    0   10 119523.241 118332.295  1.00%     -    0s
     0     0 118344.975    0   11 119523.241 118344.975  0.99%     -    0s
H    0     0                    119363.51134 118344.975  0.85%     -    0s
     0     0 118453.521    0    8 119363.511 118453.521  0.76%     -    0s
H    0     0                    119319.81355 118456.458  0.72%     -    0s
     0     0 118456.458    0    6 119319.814 118456.458  0.72%     -    0s
     0     0 118506.345    0    9 119319.814 118506.345  0.68%     -    0s
     0     0 118514.828    0    8 119319.814 118514.828  0.67%     -    0s
     0     0 118520.418    0    7 119319.814 118520.418  0.67%     -    0s
     0     0 118547.605    0    8 119319.814 118547.605  0.65%     -    0s
     0     0 118577.353    0    7 119319.814 118577.353  0.62%     -    0s
     0     0 118585.232    0    9 119319.814 118585.232  0.62%     -    0s
     0     0 118590.517    0    8 119319.814 118590.517  0.61%     -    0s
     0     0 118591.577    0    9 119319.814 118591.577  0.61%     -    0s
     0     0 118597.164    0    5 119319.814 118597.164  0.61%     -    0s
     0     0 118597.902    0    6 119319.814 118597.902  0.61%     -    0s
     0     0 118603.664    0    8 119319.814 118603.664  0.60%     -    0s
     0     0 118603.664    0    8 119319.814 118603.664  0.60%     -    0s
     0     2 118603.664    0    8 119319.814 118603.664  0.60%     -    0s
*   30    33               8    119318.11485 118695.358  0.52%  32.9    0s
*  329    69              10    119300.62379 118821.536  0.40%  23.6    0s

Cutting planes:
  Implied bound: 122
  MIR: 21
  Flow cover: 8
  Relax-and-lift: 2

Explored 537 nodes (13811 simplex iterations) in 0.11 seconds (0.22 work units)
Thread count was 8 (of 8 available processors)

Solution count 10: 119301 119318 119320 ... 162781

Optimal solution found (tolerance 1.00e-04)
Best objective 1.193006237903e+05, best bound 1.193006237903e+05, gap 0.0000%

User-callback calls 1410, time in user-callback 0.00 sec

Gurobi 12.0.3 (mac64[arm]) logging started Tue Sep 23 14:00:00 2025

Set parameter LogFile to value "Logs/Facility Location Logs/L50/phase1/scenario_generation.log"
Set parameter LogToConsole to value 0

Gurobi 12.0.3 (mac64[arm]) logging started Tue Sep 23 14:00:00 2025

Set parameter LogFile to value "Logs/Facility Location Logs/L50/phase1/scenario_generation.log"
Gurobi Optimizer version 12.0.3 build v12.0.3rc0 (mac64[arm] - Darwin 24.6.0 24G222)

CPU model: Apple M3
Thread count: 8 physical cores, 8 logical processors, using up to 8 threads

Non-default parameters:
LogToConsole  0

Optimize a model with 75 rows, 1325 columns and 2575 nonzeros
Model fingerprint: 0xb4cbf1b5
Variable types: 1300 continuous, 25 integer (25 binary)
Coefficient statistics:
  Matrix range     [1e+00, 2e+04]
  Objective range  [8e-03, 8e+03]
  Bounds range     [0e+00, 0e+00]
  RHS range        [1e+03, 1e+04]
Found heuristic solution: objective 5976000.0000
Presolve removed 0 rows and 1 columns
Presolve time: 0.00s
Presolved: 75 rows, 1324 columns, 2574 nonzeros
Variable types: 1300 continuous, 24 integer (24 binary)

Root relaxation: objective 1.097180e+05, 130 iterations, 0.00 seconds (0.00 work units)

    Nodes    |    Current Node    |     Objective Bounds      |     Work
 Expl Unexpl |  Obj  Depth IntInf | Incumbent    BestBd   Gap | It/Node Time

     0     0 109718.036    0   24 5976000.00 109718.036  98.2%     -    0s
H    0     0                    237458.03641 109718.036  53.8%     -    0s
H    0     0                    215384.23561 109718.036  49.1%     -    0s
H    0     0                    206943.66676 109718.036  47.0%     -    0s
H    0     0                    192758.66252 109718.036  43.1%     -    0s
H    0     0                    189240.45205 109718.036  42.0%     -    0s
H    0     0                    157620.40194 109718.036  30.4%     -    0s
H    0     0                    123508.79551 114251.028  7.50%     -    0s
H    0     0                    116711.71126 114251.028  2.11%     -    0s
     0     0 114251.028    0   11 116711.711 114251.028  2.11%     -    0s
     0     0 114335.767    0   11 116711.711 114335.767  2.04%     -    0s
H    0     0                    116082.42732 114335.767  1.50%     -    0s
H    0     0                    116067.81123 114335.767  1.49%     -    0s
     0     0 114712.144    0   11 116067.811 114712.144  1.17%     -    0s
H    0     0                    115617.45260 114746.762  0.75%     -    0s
H    0     0                    115525.53281 114746.762  0.67%     -    0s
     0     0 114746.762    0   10 115525.533 114746.762  0.67%     -    0s
H    0     0                    115523.33276 114746.762  0.67%     -    0s
H    0     0                    115418.14008 114904.436  0.45%     -    0s
H    0     0                    115414.17383 114904.436  0.44%     -    0s
     0     0 114904.436    0   11 115414.174 114904.436  0.44%     -    0s
     0     0 114908.460    0    9 115414.174 114908.460  0.44%     -    0s
     0     0 114993.259    0    7 115414.174 114993.259  0.36%     -    0s
     0     0 114996.110    0    7 115414.174 114996.110  0.36%     -    0s
     0     0 115028.236    0    4 115414.174 115028.236  0.33%     -    0s
     0     0 115032.074    0    5 115414.174 115032.074  0.33%     -    0s
     0     0 115032.074    0    5 115414.174 115032.074  0.33%     -    0s
     0     2 115032.074    0    5 115414.174 115032.074  0.33%     -    0s

Cutting planes:
  Implied bound: 88
  MIR: 6
  Relax-and-lift: 4

Explored 136 nodes (2997 simplex iterations) in 0.05 seconds (0.08 work units)
Thread count was 8 (of 8 available processors)

Solution count 10: 115414 115523 115617 ... 206944

Optimal solution found (tolerance 1.00e-04)
Best objective 1.154141738332e+05, best bound 1.154141738332e+05, gap 0.0000%

User-callback calls 548, time in user-callback 0.00 sec

Gurobi 12.0.3 (mac64[arm]) logging started Tue Sep 23 14:00:01 2025

Set parameter LogFile to value "Logs/Facility Location Logs/L50/phase1/scenario_generation.log"
Set parameter LogToConsole to value 0

Gurobi 12.0.3 (mac64[arm]) logging started Tue Sep 23 14:00:01 2025

Set parameter LogFile to value "Logs/Facility Location Logs/L50/phase1/scenario_generation.log"
Gurobi Optimizer version 12.0.3 build v12.0.3rc0 (mac64[arm] - Darwin 24.6.0 24G222)

CPU model: Apple M3
Thread count: 8 physical cores, 8 logical processors, using up to 8 threads

Non-default parameters:
LogToConsole  0

Optimize a model with 75 rows, 1325 columns and 2575 nonzeros
Model fingerprint: 0x1a68f8f3
Variable types: 1300 continuous, 25 integer (25 binary)
Coefficient statistics:
  Matrix range     [1e+00, 2e+04]
  Objective range  [8e-03, 8e+03]
  Bounds range     [0e+00, 0e+00]
  RHS range        [1e+03, 1e+04]
Found heuristic solution: objective 6273850.0000
Presolve removed 0 rows and 1 columns
Presolve time: 0.00s
Presolved: 75 rows, 1324 columns, 2574 nonzeros
Variable types: 1300 continuous, 24 integer (24 binary)

Root relaxation: objective 1.048731e+05, 125 iterations, 0.00 seconds (0.00 work units)

    Nodes    |    Current Node    |     Objective Bounds      |     Work
 Expl Unexpl |  Obj  Depth IntInf | Incumbent    BestBd   Gap | It/Node Time

     0     0 104873.060    0   24 6273850.00 104873.060  98.3%     -    0s
H    0     0                    229634.56037 104873.060  54.3%     -    0s
H    0     0                    215098.13066 104873.060  51.2%     -    0s
H    0     0                    194725.56934 104873.060  46.1%     -    0s
H    0     0                    193128.28963 104873.060  45.7%     -    0s
H    0     0                    188016.75805 104873.060  44.2%     -    0s
H    0     0                    185435.49313 109715.214  40.8%     -    0s
H    0     0                    149764.59501 109715.214  26.7%     -    0s
     0     0 109715.214    0    9 149764.595 109715.214  26.7%     -    0s
H    0     0                    115627.26686 109831.595  5.01%     -    0s
H    0     0                    115609.33377 109831.595  5.00%     -    0s
H    0     0                    115330.16465 109831.595  4.77%     -    0s
     0     0 109831.595    0    9 115330.165 109831.595  4.77%     -    0s
     0     0 110281.785    0    8 115330.165 110281.785  4.38%     -    0s
     0     0 110309.979    0    9 115330.165 110309.979  4.35%     -    0s
     0     0 110426.465    0   10 115330.165 110426.465  4.25%     -    0s
     0     0 110446.173    0   10 115330.165 110446.173  4.23%     -    0s
     0     0 110537.036    0    7 115330.165 110537.036  4.16%     -    0s
     0     0 110541.401    0    7 115330.165 110541.401  4.15%     -    0s
     0     0 110541.458    0    7 115330.165 110541.458  4.15%     -    0s
     0     0 110555.066    0    4 115330.165 110555.066  4.14%     -    0s
H    0     0                    114558.23126 110555.066  3.49%     -    0s
     0     0 110556.888    0    5 114558.231 110556.888  3.49%     -    0s
     0     0 110563.820    0    5 114558.231 110563.820  3.49%     -    0s
     0     0 110563.820    0    5 114558.231 110563.820  3.49%     -    0s
     0     2 110563.834    0    5 114558.231 110563.834  3.49%     -    0s
* 2917   984               9    114501.48205 111209.264  2.88%  25.0    0s
* 4150  1060               9    114451.26716 111419.039  2.65%  25.7    0s

Cutting planes:
  Implied bound: 162
  MIR: 12
  Flow cover: 4
  Inf proof: 17
  Relax-and-lift: 6

Explored 7767 nodes (202623 simplex iterations) in 0.62 seconds (1.60 work units)
Thread count was 8 (of 8 available processors)

Solution count 10: 114451 114501 114558 ... 194726

Optimal solution found (tolerance 1.00e-04)
Best objective 1.144512671580e+05, best bound 1.144512671580e+05, gap 0.0000%

User-callback calls 15966, time in user-callback 0.00 sec

Gurobi 12.0.3 (mac64[arm]) logging started Tue Sep 23 14:00:01 2025

Set parameter LogFile to value "Logs/Facility Location Logs/L50/phase1/scenario_generation.log"
Set parameter LogToConsole to value 0

Gurobi 12.0.3 (mac64[arm]) logging started Tue Sep 23 14:00:01 2025

Set parameter LogFile to value "Logs/Facility Location Logs/L50/phase1/scenario_generation.log"
Gurobi Optimizer version 12.0.3 build v12.0.3rc0 (mac64[arm] - Darwin 24.6.0 24G222)

CPU model: Apple M3
Thread count: 8 physical cores, 8 logical processors, using up to 8 threads

Non-default parameters:
LogToConsole  0

Optimize a model with 75 rows, 1325 columns and 2575 nonzeros
Model fingerprint: 0x8180e39e
Variable types: 1300 continuous, 25 integer (25 binary)
Coefficient statistics:
  Matrix range     [1e+00, 2e+04]
  Objective range  [8e-03, 8e+03]
  Bounds range     [0e+00, 0e+00]
  RHS range        [1e+03, 1e+04]
Found heuristic solution: objective 5158450.0000
Presolve removed 0 rows and 1 columns
Presolve time: 0.00s
Presolved: 75 rows, 1324 columns, 2574 nonzeros
Variable types: 1300 continuous, 24 integer (24 binary)

Root relaxation: objective 9.186285e+04, 136 iterations, 0.00 seconds (0.00 work units)

    Nodes    |    Current Node    |     Objective Bounds      |     Work
 Expl Unexpl |  Obj  Depth IntInf | Incumbent    BestBd   Gap | It/Node Time

     0     0 91862.8510    0   24 5158450.00 91862.8510  98.2%     -    0s
H    0     0                    227778.35103 91862.8510  59.7%     -    0s
H    0     0                    191156.63690 91862.8510  51.9%     -    0s
H    0     0                    155480.32829 91862.8510  40.9%     -    0s
H    0     0                    149347.09965 91862.8510  38.5%     -    0s
H    0     0                    143754.04204 91862.8510  36.1%     -    0s
H    0     0                    112651.39396 91862.8510  18.5%     -    0s
H    0     0                    99185.876438 91862.8510  7.38%     -    0s
     0     0 96642.5816    0   11 99185.8764 96642.5816  2.56%     -    0s
     0     0 96743.3057    0   11 99185.8764 96743.3057  2.46%     -    0s
     0     0 97103.2523    0    7 99185.8764 97103.2523  2.10%     -    0s
H    0     0                    98598.360154 97139.8362  1.48%     -    0s
     0     0 97139.8362    0    8 98598.3602 97139.8362  1.48%     -    0s
     0     0 97140.5678    0    8 98598.3602 97140.5678  1.48%     -    0s
H    0     0                    98424.789555 97140.5678  1.30%     -    0s
     0     0 97394.4128    0    9 98424.7896 97394.4128  1.05%     -    0s
     0     0 97418.5486    0    9 98424.7896 97418.5486  1.02%     -    0s
     0     0 97553.2342    0    8 98424.7896 97553.2342  0.89%     -    0s
     0     0 97561.4535    0    6 98424.7896 97561.4535  0.88%     -    0s
     0     0 97563.3187    0    6 98424.7896 97563.3187  0.88%     -    0s
     0     0 97613.0941    0    4 98424.7896 97613.0941  0.82%     -    0s
     0     0 97616.8048    0    4 98424.7896 97616.8048  0.82%     -    0s
     0     0 97625.5778    0   10 98424.7896 97625.5778  0.81%     -    0s
     0     0 97626.2229    0   10 98424.7896 97626.2229  0.81%     -    0s
     0     2 97626.2244    0   10 98424.7896 97626.2244  0.81%     -    0s

Cutting planes:
  Implied bound: 93
  MIR: 6
  Flow cover: 8
  Relax-and-lift: 11

Explored 464 nodes (10400 simplex iterations) in 0.09 seconds (0.17 work units)
Thread count was 8 (of 8 available processors)

Solution count 9: 98424.8 99185.9 112651 ... 5.15845e+06

Optimal solution found (tolerance 1.00e-04)
Best objective 9.842478955463e+04, best bound 9.842478955463e+04, gap 0.0000%

User-callback calls 1218, time in user-callback 0.00 sec

Gurobi 12.0.3 (mac64[arm]) logging started Tue Sep 23 14:00:01 2025

Set parameter LogFile to value "Logs/Facility Location Logs/L50/phase1/scenario_generation.log"
Set parameter LogToConsole to value 0

Gurobi 12.0.3 (mac64[arm]) logging started Tue Sep 23 14:00:01 2025

Set parameter LogFile to value "Logs/Facility Location Logs/L50/phase1/scenario_generation.log"
Gurobi Optimizer version 12.0.3 build v12.0.3rc0 (mac64[arm] - Darwin 24.6.0 24G222)

CPU model: Apple M3
Thread count: 8 physical cores, 8 logical processors, using up to 8 threads

Non-default parameters:
LogToConsole  0

Optimize a model with 75 rows, 1325 columns and 2575 nonzeros
Model fingerprint: 0xbb6a27c4
Variable types: 1300 continuous, 25 integer (25 binary)
Coefficient statistics:
  Matrix range     [1e+00, 2e+04]
  Objective range  [8e-03, 8e+03]
  Bounds range     [0e+00, 0e+00]
  RHS range        [1e+03, 2e+04]
Found heuristic solution: objective 5971100.0000
Presolve removed 0 rows and 1 columns
Presolve time: 0.00s
Presolved: 75 rows, 1324 columns, 2574 nonzeros
Variable types: 1300 continuous, 24 integer (24 binary)

Root relaxation: objective 1.097907e+05, 127 iterations, 0.00 seconds (0.00 work units)

    Nodes    |    Current Node    |     Objective Bounds      |     Work
 Expl Unexpl |  Obj  Depth IntInf | Incumbent    BestBd   Gap | It/Node Time

     0     0 109790.709    0   23 5971100.00 109790.709  98.2%     -    0s
H    0     0                    237579.70936 109790.709  53.8%     -    0s
H    0     0                    222871.17070 109790.709  50.7%     -    0s
H    0     0                    201901.60702 109790.709  45.6%     -    0s
H    0     0                    201887.30004 109790.709  45.6%     -    0s
H    0     0                    201596.54345 109790.709  45.5%     -    0s
H    0     0                    186162.91284 109790.709  41.0%     -    0s
H    0     0                    151367.97602 109790.709  27.5%     -    0s
H    0     0                    116750.75033 114613.726  1.83%     -    0s
H    0     0                    116584.04540 114613.726  1.69%     -    0s
     0     0 114613.726    0   12 116584.045 114613.726  1.69%     -    0s
     0     0 114820.011    0   12 116584.045 114820.011  1.51%     -    0s
     0     0 114820.011    0   12 116584.045 114820.011  1.51%     -    0s
     0     0 115300.563    0    9 116584.045 115300.563  1.10%     -    0s
H    0     0                    116420.57681 115325.288  0.94%     -    0s
     0     0 115325.288    0    9 116420.577 115325.288  0.94%     -    0s
H    0     0                    116378.79451 115325.288  0.91%     -    0s
     0     0 115475.816    0   10 116378.795 115475.816  0.78%     -    0s
H    0     0                    116230.01990 115499.716  0.63%     -    0s
     0     0 115499.716    0   10 116230.020 115499.716  0.63%     -    0s
     0     0 115499.716    0   10 116230.020 115499.716  0.63%     -    0s
     0     0 115587.694    0    9 116230.020 115587.694  0.55%     -    0s
     0     0 115597.880    0    8 116230.020 115597.880  0.54%     -    0s
H    0     0                    116213.93812 115598.686  0.53%     -    0s
     0     0 115598.686    0    9 116213.938 115598.686  0.53%     -    0s
     0     0 115608.574    0    4 116213.938 115608.574  0.52%     -    0s
     0     0 115631.550    0    4 116213.938 115631.550  0.50%     -    0s
     0     0 115631.551    0    4 116213.938 115631.551  0.50%     -    0s
H    0     0                    116203.39241 115631.551  0.49%     -    0s
     0     0 115637.395    0    5 116203.392 115637.395  0.49%     -    0s
     0     0 115637.395    0    5 116203.392 115637.395  0.49%     -    0s
H    0     0                    116167.83321 115637.395  0.46%     -    0s
     0     2 115637.395    0    5 116167.833 115637.395  0.46%     -    0s
H   76    36                    116110.23810 115842.821  0.23%  20.1    0s

Cutting planes:
  Implied bound: 95
  MIR: 10
  Flow cover: 1
  Relax-and-lift: 7

Explored 225 nodes (4570 simplex iterations) in 0.06 seconds (0.10 work units)
Thread count was 8 (of 8 available processors)

Solution count 10: 116110 116168 116203 ... 201597

Optimal solution found (tolerance 1.00e-04)
Best objective 1.161102381026e+05, best bound 1.161102381026e+05, gap 0.0000%

User-callback calls 751, time in user-callback 0.00 sec

Gurobi 12.0.3 (mac64[arm]) logging started Tue Sep 23 14:00:01 2025

Set parameter LogFile to value "Logs/Facility Location Logs/L50/phase1/scenario_generation.log"
Set parameter LogToConsole to value 0

Gurobi 12.0.3 (mac64[arm]) logging started Tue Sep 23 14:00:01 2025

Set parameter LogFile to value "Logs/Facility Location Logs/L50/phase1/scenario_generation.log"
Gurobi Optimizer version 12.0.3 build v12.0.3rc0 (mac64[arm] - Darwin 24.6.0 24G222)

CPU model: Apple M3
Thread count: 8 physical cores, 8 logical processors, using up to 8 threads

Non-default parameters:
LogToConsole  0

Optimize a model with 75 rows, 1325 columns and 2575 nonzeros
Model fingerprint: 0x31460c6a
Variable types: 1300 continuous, 25 integer (25 binary)
Coefficient statistics:
  Matrix range     [1e+00, 2e+04]
  Objective range  [8e-03, 8e+03]
  Bounds range     [0e+00, 0e+00]
  RHS range        [7e+02, 2e+04]
Found heuristic solution: objective 4915000.0000
Presolve removed 0 rows and 1 columns
Presolve time: 0.00s
Presolved: 75 rows, 1324 columns, 2574 nonzeros
Variable types: 1300 continuous, 24 integer (24 binary)

Root relaxation: objective 1.004631e+05, 156 iterations, 0.00 seconds (0.00 work units)

    Nodes    |    Current Node    |     Objective Bounds      |     Work
 Expl Unexpl |  Obj  Depth IntInf | Incumbent    BestBd   Gap | It/Node Time

     0     0 100463.116    0   22 4915000.00 100463.116  98.0%     -    0s
H    0     0                    231313.11620 100463.116  56.6%     -    0s
H    0     0                    223849.81107 100463.116  55.1%     -    0s
H    0     0                    216485.52931 100463.116  53.6%     -    0s
H    0     0                    178302.41804 100463.116  43.7%     -    0s
     0     0 104604.306    0   10 178302.418 104604.306  41.3%     -    0s
H    0     0                    167954.30580 104699.448  37.7%     -    0s
H    0     0                    158160.19677 104699.448  33.8%     -    0s
H    0     0                    122762.46451 104699.448  14.7%     -    0s
H    0     0                    119374.12414 104699.448  12.3%     -    0s
H    0     0                    113839.99899 104699.448  8.03%     -    0s
     0     0 104699.448    0   10 113839.999 104699.448  8.03%     -    0s
     0     0 104981.736    0    7 113839.999 104981.736  7.78%     -    0s
     0     0 105050.214    0    7 113839.999 105050.214  7.72%     -    0s
H    0     0                    109135.78128 105050.214  3.74%     -    0s
H    0     0                    108778.60446 105250.578  3.24%     -    0s
     0     0 105250.578    0   10 108778.604 105250.578  3.24%     -    0s
     0     0 105269.711    0   10 108778.604 105269.711  3.23%     -    0s
     0     0 105269.711    0   10 108778.604 105269.711  3.23%     -    0s
H    0     0                    108452.34873 105269.711  2.93%     -    0s
     0     0 105411.675    0    2 108452.349 105411.675  2.80%     -    0s
     0     0 105465.985    0    1 108452.349 105465.985  2.75%     -    0s
H    0     0                    108449.58940 105465.985  2.75%     -    0s
     0     0 105473.508    0    5 108449.589 105473.508  2.74%     -    0s
     0     0 105473.508    0    5 108449.589 105473.508  2.74%     -    0s
     0     2 105473.508    0    5 108449.589 105473.508  2.74%     -    0s
H  182   160                    108427.93142 105560.117  2.64%  17.4    0s

Cutting planes:
  Implied bound: 98
  MIR: 4
  Flow cover: 3
  Inf proof: 1
  Relax-and-lift: 4

Explored 1353 nodes (28641 simplex iterations) in 0.15 seconds (0.29 work units)
Thread count was 8 (of 8 available processors)

Solution count 10: 108428 108450 108452 ... 178302

Optimal solution found (tolerance 1.00e-04)
Best objective 1.084279314191e+05, best bound 1.084279314191e+05, gap 0.0000%

User-callback calls 3003, time in user-callback 0.00 sec

Gurobi 12.0.3 (mac64[arm]) logging started Tue Sep 23 14:00:01 2025

Set parameter LogFile to value "Logs/Facility Location Logs/L50/phase1/scenario_generation.log"
Set parameter LogToConsole to value 0

Gurobi 12.0.3 (mac64[arm]) logging started Tue Sep 23 14:00:01 2025

Set parameter LogFile to value "Logs/Facility Location Logs/L50/phase1/scenario_generation.log"
Gurobi Optimizer version 12.0.3 build v12.0.3rc0 (mac64[arm] - Darwin 24.6.0 24G222)

CPU model: Apple M3
Thread count: 8 physical cores, 8 logical processors, using up to 8 threads

Non-default parameters:
LogToConsole  0

Optimize a model with 75 rows, 1325 columns and 2575 nonzeros
Model fingerprint: 0x34075dfd
Variable types: 1300 continuous, 25 integer (25 binary)
Coefficient statistics:
  Matrix range     [1e+00, 2e+04]
  Objective range  [8e-03, 8e+03]
  Bounds range     [0e+00, 0e+00]
  RHS range        [1e+03, 2e+04]
Found heuristic solution: objective 5882800.0000
Presolve removed 0 rows and 1 columns
Presolve time: 0.00s
Presolved: 75 rows, 1324 columns, 2574 nonzeros
Variable types: 1300 continuous, 24 integer (24 binary)

Root relaxation: objective 1.240859e+05, 150 iterations, 0.00 seconds (0.00 work units)

    Nodes    |    Current Node    |     Objective Bounds      |     Work
 Expl Unexpl |  Obj  Depth IntInf | Incumbent    BestBd   Gap | It/Node Time

     0     0 124085.860    0   23 5882800.00 124085.860  97.9%     -    0s
H    0     0                    252757.85994 124085.860  50.9%     -    0s
H    0     0                    209093.10072 124085.860  40.7%     -    0s
H    0     0                    209058.93569 124085.860  40.6%     -    0s
H    0     0                    187755.85890 124308.348  33.8%     -    0s
H    0     0                    171892.50053 128556.624  25.2%     -    0s
H    0     0                    145759.35907 128556.624  11.8%     -    0s
     0     0 128556.624    0   11 145759.359 128556.624  11.8%     -    0s
H    0     0                    140318.65885 128596.748  8.35%     -    0s
H    0     0                    139468.04004 128596.748  7.79%     -    0s
     0     0 128596.748    0   11 139468.040 128596.748  7.79%     -    0s
H    0     0                    137594.35197 128596.748  6.54%     -    0s
H    0     0                    131622.89595 128596.748  2.30%     -    0s
H    0     0                    131047.48372 128596.748  1.87%     -    0s
     0     0 129161.586    0   11 131047.484 129161.586  1.44%     -    0s
     0     0 129233.222    0   12 131047.484 129233.222  1.38%     -    0s
H    0     0                    130942.76153 129382.156  1.19%     -    0s
     0     0 129382.156    0   10 130942.762 129382.156  1.19%     -    0s
H    0     0                    130805.93347 129406.617  1.07%     -    0s
     0     0 129406.617    0   10 130805.933 129406.617  1.07%     -    0s
     0     0 129406.617    0   10 130805.933 129406.617  1.07%     -    0s
     0     0 129509.895    0    9 130805.933 129509.895  0.99%     -    0s
H    0     0                    130766.49814 129510.174  0.96%     -    0s
     0     0 129512.110    0    8 130766.498 129512.110  0.96%     -    0s
     0     0 129537.252    0    7 130766.498 129537.252  0.94%     -    0s
     0     0 129543.478    0    7 130766.498 129543.478  0.94%     -    0s
     0     0 129562.675    0    8 130766.498 129562.675  0.92%     -    0s
     0     0 129565.971    0    8 130766.498 129565.971  0.92%     -    0s
     0     2 129566.086    0    8 130766.498 129566.086  0.92%     -    0s
*  739    89               4    130763.14043 130200.874  0.43%  22.7    0s

Cutting planes:
  Implied bound: 116
  MIR: 15
  Flow cover: 1
  Relax-and-lift: 4

Explored 911 nodes (21328 simplex iterations) in 0.12 seconds (0.26 work units)
Thread count was 8 (of 8 available processors)

Solution count 10: 130763 130766 130806 ... 209059

Optimal solution found (tolerance 1.00e-04)
Best objective 1.307631404327e+05, best bound 1.307631404327e+05, gap 0.0000%

User-callback calls 2136, time in user-callback 0.00 sec

Gurobi 12.0.3 (mac64[arm]) logging started Tue Sep 23 14:00:02 2025

Set parameter LogFile to value "Logs/Facility Location Logs/L50/phase1/scenario_generation.log"
Set parameter LogToConsole to value 0

Gurobi 12.0.3 (mac64[arm]) logging started Tue Sep 23 14:00:02 2025

Set parameter LogFile to value "Logs/Facility Location Logs/L50/phase1/scenario_generation.log"
Gurobi Optimizer version 12.0.3 build v12.0.3rc0 (mac64[arm] - Darwin 24.6.0 24G222)

CPU model: Apple M3
Thread count: 8 physical cores, 8 logical processors, using up to 8 threads

Non-default parameters:
LogToConsole  0

Optimize a model with 75 rows, 1325 columns and 2575 nonzeros
Model fingerprint: 0x899a6ddb
Variable types: 1300 continuous, 25 integer (25 binary)
Coefficient statistics:
  Matrix range     [1e+00, 2e+04]
  Objective range  [8e-03, 8e+03]
  Bounds range     [0e+00, 0e+00]
  RHS range        [1e+03, 1e+04]
Found heuristic solution: objective 6285650.0000
Presolve removed 0 rows and 1 columns
Presolve time: 0.00s
Presolved: 75 rows, 1324 columns, 2574 nonzeros
Variable types: 1300 continuous, 24 integer (24 binary)

Root relaxation: objective 1.079208e+05, 142 iterations, 0.00 seconds (0.00 work units)

    Nodes    |    Current Node    |     Objective Bounds      |     Work
 Expl Unexpl |  Obj  Depth IntInf | Incumbent    BestBd   Gap | It/Node Time

     0     0 107920.808    0   24 6285650.00 107920.808  98.3%     -    0s
H    0     0                    232564.30824 107920.808  53.6%     -    0s
H    0     0                    211075.53982 107920.808  48.9%     -    0s
H    0     0                    182287.76071 107920.808  40.8%     -    0s
H    0     0                    151914.76231 112473.352  26.0%     -    0s
H    0     0                    118226.83564 112473.352  4.87%     -    0s
     0     0 112473.352    0   11 118226.836 112473.352  4.87%     -    0s
H    0     0                    118207.12583 112495.967  4.83%     -    0s
     0     0 112495.967    0   10 118207.126 112495.967  4.83%     -    0s
     0     0 112982.908    0    8 118207.126 112982.908  4.42%     -    0s
     0     0 113040.110    0    7 118207.126 113040.110  4.37%     -    0s
H    0     0                    118067.54954 113215.464  4.11%     -    0s
     0     0 113215.464    0   11 118067.550 113215.464  4.11%     -    0s
     0     0 113217.165    0   12 118067.550 113217.165  4.11%     -    0s
H    0     0                    117854.19838 113217.165  3.93%     -    0s
     0     0 113315.764    0    9 117854.198 113315.764  3.85%     -    0s
H    0     0                    117593.89937 113315.830  3.64%     -    0s
     0     0 113316.269    0    7 117593.899 113316.269  3.64%     -    0s
     0     0 113326.087    0    2 117593.899 113326.087  3.63%     -    0s
     0     0 113329.255    0    2 117593.899 113329.255  3.63%     -    0s
     0     0 113343.954    0    4 117593.899 113343.954  3.61%     -    0s
     0     0 113343.954    0    4 117593.899 113343.954  3.61%     -    0s
H    0     0                    117403.07273 113343.973  3.46%     -    0s
H    0     2                    117345.67962 113343.973  3.41%     -    0s
     0     2 113343.973    0    4 117345.680 113343.973  3.41%     -    0s
H   26    64                    117317.62916 113372.718  3.36%  24.6    0s
H   56    64                    117314.54850 113372.718  3.36%  18.0    0s
H  277   246                    117270.47927 113372.718  3.32%  22.0    0s
H  283   246                    117268.70494 113372.718  3.32%  22.1    0s
H  308   246                    117256.06298 113372.718  3.31%  23.3    0s
H 1307   523                    117209.93235 113768.471  2.94%  25.4    0s

Cutting planes:
  Implied bound: 141
  MIR: 13
  Flow cover: 6
  Inf proof: 14
  Relax-and-lift: 7

Explored 5462 nodes (129894 simplex iterations) in 0.46 seconds (1.11 work units)
Thread count was 8 (of 8 available processors)

Solution count 7: 117210 118207 151915 ... 6.28565e+06

Optimal solution found (tolerance 1.00e-04)
Best objective 1.172099323521e+05, best bound 1.172099323521e+05, gap 0.0000%

User-callback calls 11319, time in user-callback 0.00 sec

Gurobi 12.0.3 (mac64[arm]) logging started Tue Sep 23 14:00:02 2025

Set parameter LogFile to value "Logs/Facility Location Logs/L50/phase1/scenario_generation.log"
Set parameter LogToConsole to value 0

Gurobi 12.0.3 (mac64[arm]) logging started Tue Sep 23 14:00:02 2025

Set parameter LogFile to value "Logs/Facility Location Logs/L50/phase1/scenario_generation.log"
Gurobi Optimizer version 12.0.3 build v12.0.3rc0 (mac64[arm] - Darwin 24.6.0 24G222)

CPU model: Apple M3
Thread count: 8 physical cores, 8 logical processors, using up to 8 threads

Non-default parameters:
LogToConsole  0

Optimize a model with 75 rows, 1325 columns and 2575 nonzeros
Model fingerprint: 0xeae89fed
Variable types: 1300 continuous, 25 integer (25 binary)
Coefficient statistics:
  Matrix range     [1e+00, 2e+04]
  Objective range  [8e-03, 8e+03]
  Bounds range     [0e+00, 0e+00]
  RHS range        [1e+03, 9e+03]
Found heuristic solution: objective 5444400.0000
Presolve removed 0 rows and 1 columns
Presolve time: 0.00s
Presolved: 75 rows, 1324 columns, 2574 nonzeros
Variable types: 1300 continuous, 24 integer (24 binary)

Root relaxation: objective 8.020070e+04, 132 iterations, 0.00 seconds (0.00 work units)

    Nodes    |    Current Node    |     Objective Bounds      |     Work
 Expl Unexpl |  Obj  Depth IntInf | Incumbent    BestBd   Gap | It/Node Time

     0     0 80200.6992    0   24 5444400.00 80200.6992  98.5%     -    0s
H    0     0                    213256.69922 80200.6992  62.4%     -    0s
H    0     0                    198509.82370 80200.6992  59.6%     -    0s
H    0     0                    191802.53512 80200.6992  58.2%     -    0s
H    0     0                    177411.26093 80200.6992  54.8%     -    0s
H    0     0                    168963.40218 80200.6992  52.5%     -    0s
H    0     0                    164608.44343 80496.8521  51.1%     -    0s
H    0     0                    133151.01274 85143.8450  36.1%     -    0s
H    0     0                    98447.985598 85143.8450  13.5%     -    0s
H    0     0                    91934.067462 85143.8450  7.39%     -    0s
     0     0 85143.8450    0   10 91934.0675 85143.8450  7.39%     -    0s
     0     0 85238.8689    0   10 91934.0675 85238.8689  7.28%     -    0s
     0     0 85736.4490    0   10 91934.0675 85736.4490  6.74%     -    0s
H    0     0                    91914.433482 85782.7021  6.67%     -    0s
H    0     0                    91891.109082 85782.7021  6.65%     -    0s
     0     0 85808.7139    0   10 91891.1091 85808.7139  6.62%     -    0s
H    0     0                    91606.607778 85808.7139  6.33%     -    0s
     0     0 85808.7139    0    9 91606.6078 85808.7139  6.33%     -    0s
     0     0 85971.7140    0   11 91606.6078 85971.7140  6.15%     -    0s
     0     0 85978.4065    0   11 91606.6078 85978.4065  6.14%     -    0s
     0     0 86105.6044    0    7 91606.6078 86105.6044  6.01%     -    0s
H    0     0                    91571.930083 86105.6044  5.97%     -    0s
     0     0 86126.1658    0    8 91571.9301 86126.1658  5.95%     -    0s
     0     0 86126.3630    0    8 91571.9301 86126.3630  5.95%     -    0s
     0     0 86149.3742    0    5 91571.9301 86149.3742  5.92%     -    0s
     0     0 86170.4481    0    7 91571.9301 86170.4481  5.90%     -    0s
     0     0 86170.7261    0    5 91571.9301 86170.7261  5.90%     -    0s
     0     0 86197.3190    0    8 91571.9301 86197.3190  5.87%     -    0s
H    0     0                    90911.915500 86200.3576  5.18%     -    0s
     0     0 86203.4426    0    8 90911.9155 86203.4426  5.18%     -    0s
     0     0 86205.6886    0    7 90911.9155 86205.6886  5.18%     -    0s
     0     0 86221.6320    0    8 90911.9155 86221.6320  5.16%     -    0s
     0     0 86221.6320    0    8 90911.9155 86221.6320  5.16%     -    0s
     0     2 86221.6320    0    8 90911.9155 86221.6320  5.16%     -    0s
* 2720   877              11    90904.893964 86707.1414  4.62%  26.1    0s
* 3476   850               6    90896.749166 86924.6261  4.37%  27.4    0s
* 3787   803               6    90880.835425 87059.6335  4.20%  28.0    0s

Cutting planes:
  Implied bound: 199
  MIR: 19
  Flow cover: 2
  Inf proof: 12
  Relax-and-lift: 6

Explored 5633 nodes (160816 simplex iterations) in 0.52 seconds (1.25 work units)
Thread count was 8 (of 8 available processors)

Solution count 10: 90880.8 90896.7 90904.9 ... 164608

Optimal solution found (tolerance 1.00e-04)
Best objective 9.088083542531e+04, best bound 9.088083542531e+04, gap 0.0000%

User-callback calls 11691, time in user-callback 0.00 sec

Gurobi 12.0.3 (mac64[arm]) logging started Tue Sep 23 14:00:03 2025

Set parameter LogFile to value "Logs/Facility Location Logs/L50/phase1/scenario_generation.log"
Set parameter LogToConsole to value 0

Gurobi 12.0.3 (mac64[arm]) logging started Tue Sep 23 14:00:03 2025

Set parameter LogFile to value "Logs/Facility Location Logs/L50/phase1/scenario_generation.log"
Gurobi Optimizer version 12.0.3 build v12.0.3rc0 (mac64[arm] - Darwin 24.6.0 24G222)

CPU model: Apple M3
Thread count: 8 physical cores, 8 logical processors, using up to 8 threads

Non-default parameters:
LogToConsole  0

Optimize a model with 75 rows, 1325 columns and 2575 nonzeros
Model fingerprint: 0x94d06822
Variable types: 1300 continuous, 25 integer (25 binary)
Coefficient statistics:
  Matrix range     [1e+00, 2e+04]
  Objective range  [8e-03, 8e+03]
  Bounds range     [0e+00, 0e+00]
  RHS range        [7e+02, 2e+04]
Found heuristic solution: objective 4645250.0000
Presolve removed 0 rows and 1 columns
Presolve time: 0.00s
Presolved: 75 rows, 1324 columns, 2574 nonzeros
Variable types: 1300 continuous, 24 integer (24 binary)

Root relaxation: objective 9.504240e+04, 151 iterations, 0.00 seconds (0.00 work units)

    Nodes    |    Current Node    |     Objective Bounds      |     Work
 Expl Unexpl |  Obj  Depth IntInf | Incumbent    BestBd   Gap | It/Node Time

     0     0 95042.3954    0   22 4645250.00 95042.3954  98.0%     -    0s
H    0     0                    228589.89542 95042.3954  58.4%     -    0s
H    0     0                    206302.46698 95042.3954  53.9%     -    0s
H    0     0                    164278.07288 95042.3954  42.1%     -    0s
H    0     0                    155702.88115 99357.9116  36.2%     -    0s
H    0     0                    119272.12416 99357.9116  16.7%     -    0s
     0     0 99357.9116    0    9 119272.124 99357.9116  16.7%     -    0s
H    0     0                    113517.40790 99471.2514  12.4%     -    0s
H    0     0                    108562.58704 99471.2514  8.37%     -    0s
     0     0 99471.2514    0    9 108562.587 99471.2514  8.37%     -    0s
H    0     0                    107677.63301 99471.2514  7.62%     -    0s
     0     0 99748.1436    0    7 107677.633 99748.1436  7.36%     -    0s
H    0     0                    107164.79054 99748.1436  6.92%     -    0s
H    0     0                    107153.85301 99748.1436  6.91%     -    0s
H    0     0                    106226.24577 99748.1436  6.10%     -    0s
     0     0 99748.1436    0    8 106226.246 99748.1436  6.10%     -    0s
     0     0 99873.4242    0    8 106226.246 99873.4242  5.98%     -    0s
H    0     0                    106205.90990 99935.3532  5.90%     -    0s
H    0     0                    105819.42141 99935.3532  5.56%     -    0s
     0     0 99935.3532    0    8 105819.421 99935.3532  5.56%     -    0s
     0     0 99951.7064    0    7 105819.421 99951.7064  5.55%     -    0s
     0     0 100083.277    0    4 105819.421 100083.277  5.42%     -    0s
H    0     0                    105808.55532 100092.491  5.40%     -    0s
     0     0 100092.491    0    5 105808.555 100092.491  5.40%     -    0s
     0     0 100138.431    0    1 105808.555 100138.431  5.36%     -    0s
     0     0 100140.130    0    2 105808.555 100140.130  5.36%     -    0s
     0     0 100140.130    0    2 105808.555 100140.130  5.36%     -    0s
     0     2 100140.152    0    2 105808.555 100140.152  5.36%     -    0s
H  460   286                    105524.47937 100291.754  4.96%  18.9    0s
*  856   378               5    105519.49499 100561.684  4.70%  21.3    0s
* 1465    51              15    105413.54813 102164.937  3.08%  30.1    0s
* 1494    51              14    105239.00338 103835.337  1.33%  30.1    0s

Cutting planes:
  Implied bound: 93
  MIR: 5
  Flow cover: 4
  Inf proof: 17
  Relax-and-lift: 8

Explored 1558 nodes (46303 simplex iterations) in 0.18 seconds (0.37 work units)
Thread count was 8 (of 8 available processors)

Solution count 10: 105239 105414 105519 ... 108563

Optimal solution found (tolerance 1.00e-04)
Best objective 1.052390033803e+05, best bound 1.052390033803e+05, gap 0.0000%

User-callback calls 3436, time in user-callback 0.00 sec

Gurobi 12.0.3 (mac64[arm]) logging started Tue Sep 23 14:00:03 2025

Set parameter LogFile to value "Logs/Facility Location Logs/L50/phase1/scenario_generation.log"
Set parameter LogToConsole to value 0

Gurobi 12.0.3 (mac64[arm]) logging started Tue Sep 23 14:00:03 2025

Set parameter LogFile to value "Logs/Facility Location Logs/L50/phase1/scenario_generation.log"
Gurobi Optimizer version 12.0.3 build v12.0.3rc0 (mac64[arm] - Darwin 24.6.0 24G222)

CPU model: Apple M3
Thread count: 8 physical cores, 8 logical processors, using up to 8 threads

Non-default parameters:
LogToConsole  0

Optimize a model with 75 rows, 1325 columns and 2575 nonzeros
Model fingerprint: 0x45debf1b
Variable types: 1300 continuous, 25 integer (25 binary)
Coefficient statistics:
  Matrix range     [1e+00, 2e+04]
  Objective range  [8e-03, 8e+03]
  Bounds range     [0e+00, 0e+00]
  RHS range        [1e+03, 1e+04]
Found heuristic solution: objective 5452450.0000
Presolve removed 0 rows and 1 columns
Presolve time: 0.00s
Presolved: 75 rows, 1324 columns, 2574 nonzeros
Variable types: 1300 continuous, 24 integer (24 binary)

Root relaxation: objective 9.571700e+04, 121 iterations, 0.00 seconds (0.00 work units)

    Nodes    |    Current Node    |     Objective Bounds      |     Work
 Expl Unexpl |  Obj  Depth IntInf | Incumbent    BestBd   Gap | It/Node Time

     0     0 95717.0049    0   24 5452450.00 95717.0049  98.2%     -    0s
H    0     0                    228692.50485 95717.0049  58.1%     -    0s
H    0     0                    213871.06822 95717.0049  55.2%     -    0s
H    0     0                    206404.01646 95717.0049  53.6%     -    0s
H    0     0                    184754.88419 96174.1517  47.9%     -    0s
H    0     0                    148103.52790 100444.158  32.2%     -    0s
H    0     0                    113055.19256 100444.158  11.2%     -    0s
     0     0 100444.158    0   12 113055.193 100444.158  11.2%     -    0s
H    0     0                    107129.69221 100463.420  6.22%     -    0s
H    0     0                    107108.47045 100463.420  6.20%     -    0s
     0     0 100463.420    0   12 107108.470 100463.420  6.20%     -    0s
     0     0 100973.421    0   11 107108.470 100973.421  5.73%     -    0s
     0     0 101014.219    0    9 107108.470 101014.219  5.69%     -    0s
H    0     0                    106967.59713 101014.219  5.57%     -    0s
     0     0 101189.243    0    9 106967.597 101189.243  5.40%     -    0s
H    0     0                    105770.39781 101203.823  4.32%     -    0s
     0     0 101204.303    0    8 105770.398 101204.303  4.32%     -    0s
     0     0 101205.080    0    8 105770.398 101205.080  4.32%     -    0s
     0     0 101308.285    0    8 105770.398 101308.285  4.22%     -    0s
H    0     0                    105765.27430 101311.591  4.21%     -    0s
     0     0 101315.881    0    7 105765.274 101315.881  4.21%     -    0s
     0     0 101316.580    0    6 105765.274 101316.580  4.21%     -    0s
     0     0 101350.865    0    4 105765.274 101350.865  4.17%     -    0s
     0     0 101354.874    0    4 105765.274 101354.874  4.17%     -    0s
     0     0 101355.007    0    4 105765.274 101355.007  4.17%     -    0s
     0     0 101358.119    0    4 105765.274 101358.119  4.17%     -    0s
     0     0 101358.119    0    4 105765.274 101358.119  4.17%     -    0s
     0     2 101358.119    0    4 105765.274 101358.119  4.17%     -    0s

Cutting planes:
  Implied bound: 187
  MIR: 9
  Inf proof: 17
  Relax-and-lift: 3

Explored 8804 nodes (216607 simplex iterations) in 0.69 seconds (1.75 work units)
Thread count was 8 (of 8 available processors)

Solution count 10: 105765 105770 106968 ... 228693

Optimal solution found (tolerance 1.00e-04)
Best objective 1.057652742962e+05, best bound 1.057652742962e+05, gap 0.0000%

User-callback calls 18053, time in user-callback 0.00 sec

Gurobi 12.0.3 (mac64[arm]) logging started Tue Sep 23 14:00:03 2025

Set parameter LogFile to value "Logs/Facility Location Logs/L50/phase1/scenario_generation.log"
Set parameter LogToConsole to value 0

Gurobi 12.0.3 (mac64[arm]) logging started Tue Sep 23 14:00:03 2025

Set parameter LogFile to value "Logs/Facility Location Logs/L50/phase1/scenario_generation.log"
Gurobi Optimizer version 12.0.3 build v12.0.3rc0 (mac64[arm] - Darwin 24.6.0 24G222)

CPU model: Apple M3
Thread count: 8 physical cores, 8 logical processors, using up to 8 threads

Non-default parameters:
LogToConsole  0

Optimize a model with 75 rows, 1325 columns and 2575 nonzeros
Model fingerprint: 0xc6042e5d
Variable types: 1300 continuous, 25 integer (25 binary)
Coefficient statistics:
  Matrix range     [1e+00, 2e+04]
  Objective range  [8e-03, 8e+03]
  Bounds range     [0e+00, 0e+00]
  RHS range        [9e+02, 2e+04]
Found heuristic solution: objective 5314450.0000
Presolve removed 0 rows and 1 columns
Presolve time: 0.00s
Presolved: 75 rows, 1324 columns, 2574 nonzeros
Variable types: 1300 continuous, 24 integer (24 binary)

Root relaxation: objective 1.032118e+05, 86 iterations, 0.00 seconds (0.00 work units)

    Nodes    |    Current Node    |     Objective Bounds      |     Work
 Expl Unexpl |  Obj  Depth IntInf | Incumbent    BestBd   Gap | It/Node Time

     0     0 103211.813    0   23 5314450.00 103211.813  98.1%     -    0s
H    0     0                    237567.31253 103211.813  56.6%     -    0s
H    0     0                    208107.07076 103211.813  50.4%     -    0s
H    0     0                    201564.84640 103211.813  48.8%     -    0s
H    0     0                    201277.72674 104036.547  48.3%     -    0s
H    0     0                    193942.49430 107985.920  44.3%     -    0s
H    0     0                    157048.96144 107985.920  31.2%     -    0s
H    0     0                    122643.69652 107985.920  12.0%     -    0s
     0     0 107985.920    0   11 122643.697 107985.920  12.0%     -    0s
H    0     0                    115322.64124 108025.076  6.33%     -    0s
     0     0 108025.076    0   11 115322.641 108025.076  6.33%     -    0s
     0     0 108423.692    0   10 115322.641 108423.692  5.98%     -    0s
H    0     0                    115322.21408 108431.729  5.97%     -    0s
     0     0 108431.729    0    9 115322.214 108431.729  5.97%     -    0s
     0     0 108669.383    0   13 115322.214 108669.383  5.77%     -    0s
     0     0 108691.848    0   10 115322.214 108691.848  5.75%     -    0s
     0     0 108823.626    0    8 115322.214 108823.626  5.64%     -    0s
     0     0 108829.215    0    6 115322.214 108829.215  5.63%     -    0s
     0     0 108882.218    0    6 115322.214 108882.218  5.58%     -    0s
     0     0 108882.316    0    6 115322.214 108882.316  5.58%     -    0s
     0     0 108892.318    0    7 115322.214 108892.318  5.58%     -    0s
     0     0 108893.880    0    7 115322.214 108893.880  5.57%     -    0s
H    0     0                    115222.58277 108893.880  5.49%     -    0s
     0     2 108893.899    0    7 115222.583 108893.899  5.49%     -    0s
*  549   319              18    114763.35686 108945.638  5.07%  20.7    0s
* 1606   653              14    114759.70336 109109.309  4.92%  20.9    0s
* 1878   676              12    114715.82526 109178.651  4.83%  21.5    0s
H 2626   607                    114602.69968 109519.297  4.44%  24.6    0s
* 3962    73              10    114591.51294 111896.168  2.35%  28.7    0s

Cutting planes:
  Implied bound: 191
  MIR: 12
  Flow cover: 5
  Inf proof: 16
  Relax-and-lift: 11

Explored 4119 nodes (117203 simplex iterations) in 0.37 seconds (0.90 work units)
Thread count was 8 (of 8 available processors)

Solution count 10: 114592 114603 114716 ... 193942

Optimal solution found (tolerance 1.00e-04)
Best objective 1.145915129389e+05, best bound 1.145915129389e+05, gap 0.0000%

User-callback calls 8602, time in user-callback 0.00 sec

Gurobi 12.0.3 (mac64[arm]) logging started Tue Sep 23 14:00:04 2025

Set parameter LogFile to value "Logs/Facility Location Logs/L50/phase1/scenario_generation.log"
Set parameter LogToConsole to value 0

Gurobi 12.0.3 (mac64[arm]) logging started Tue Sep 23 14:00:04 2025

Set parameter LogFile to value "Logs/Facility Location Logs/L50/phase1/scenario_generation.log"
Gurobi Optimizer version 12.0.3 build v12.0.3rc0 (mac64[arm] - Darwin 24.6.0 24G222)

CPU model: Apple M3
Thread count: 8 physical cores, 8 logical processors, using up to 8 threads

Non-default parameters:
LogToConsole  0

Optimize a model with 75 rows, 1325 columns and 2575 nonzeros
Model fingerprint: 0x844ba30d
Variable types: 1300 continuous, 25 integer (25 binary)
Coefficient statistics:
  Matrix range     [1e+00, 2e+04]
  Objective range  [8e-03, 8e+03]
  Bounds range     [0e+00, 0e+00]
  RHS range        [2e+02, 2e+04]
Found heuristic solution: objective 3611700.0000
Presolve removed 0 rows and 1 columns
Presolve time: 0.00s
Presolved: 75 rows, 1324 columns, 2574 nonzeros
Variable types: 1300 continuous, 24 integer (24 binary)

Root relaxation: objective 8.033999e+04, 150 iterations, 0.00 seconds (0.00 work units)

    Nodes    |    Current Node    |     Objective Bounds      |     Work
 Expl Unexpl |  Obj  Depth IntInf | Incumbent    BestBd   Gap | It/Node Time

     0     0 80339.9943    0   19 3611700.00 80339.9943  97.8%     -    0s
H    0     0                    201722.99426 80339.9943  60.2%     -    0s
H    0     0                    159160.39938 80339.9943  49.5%     -    0s
H    0     0                    124928.76672 80339.9943  35.7%     -    0s
H    0     0                    123478.78761 80339.9943  34.9%     -    0s
H    0     0                    113803.87848 85390.3173  25.0%     -    0s
     0     0 85390.3173    0    6 113803.878 85390.3173  25.0%     -    0s
H    0     0                    101059.15800 85643.2229  15.3%     -    0s
H    0     0                    93176.094543 85643.2229  8.08%     -    0s
     0     0 85643.2229    0    6 93176.0945 85643.2229  8.08%     -    0s
     0     0 85775.8117    0    8 93176.0945 85775.8117  7.94%     -    0s
     0     0 85890.9995    0    5 93176.0945 85890.9995  7.82%     -    0s
     0     0 85891.3897    0    5 93176.0945 85891.3897  7.82%     -    0s
H    0     0                    87625.032731 85891.3897  1.98%     -    0s
     0     0 85971.9208    0    1 87625.0327 85971.9208  1.89%     -    0s
H    0     0                    87354.920785 85971.9208  1.58%     -    0s
     0     0 85999.8023    0    1 87354.9208 85999.8023  1.55%     -    0s
H    0     0                    86845.006590 85999.8023  0.97%     -    0s
H    0     0                    86421.188108 85999.8023  0.49%     -    0s
     0     0 85999.8023    0    1 86421.1881 85999.8023  0.49%     -    0s
     0     0 85999.8023    0    4 86421.1881 85999.8023  0.49%     -    0s
     0     0 86421.1881    0    1 86421.1881 86421.1881  0.00%     -    0s

Cutting planes:
  Gomory: 1
  Implied bound: 16
  Flow cover: 1
  Relax-and-lift: 2

Explored 1 nodes (462 simplex iterations) in 0.02 seconds (0.03 work units)
Thread count was 8 (of 8 available processors)

Solution count 10: 86421.2 87625 93176.1 ... 159160

Optimal solution found (tolerance 1.00e-04)
Best objective 8.642118810825e+04, best bound 8.642118810825e+04, gap 0.0000%

User-callback calls 252, time in user-callback 0.00 sec

Gurobi 12.0.3 (mac64[arm]) logging started Tue Sep 23 14:00:04 2025

Set parameter LogFile to value "Logs/Facility Location Logs/L50/phase1/scenario_generation.log"
Set parameter LogToConsole to value 0

Gurobi 12.0.3 (mac64[arm]) logging started Tue Sep 23 14:00:04 2025

Set parameter LogFile to value "Logs/Facility Location Logs/L50/phase1/scenario_generation.log"
Gurobi Optimizer version 12.0.3 build v12.0.3rc0 (mac64[arm] - Darwin 24.6.0 24G222)

CPU model: Apple M3
Thread count: 8 physical cores, 8 logical processors, using up to 8 threads

Non-default parameters:
LogToConsole  0

Optimize a model with 75 rows, 1325 columns and 2575 nonzeros
Model fingerprint: 0x2857530b
Variable types: 1300 continuous, 25 integer (25 binary)
Coefficient statistics:
  Matrix range     [1e+00, 2e+04]
  Objective range  [8e-03, 8e+03]
  Bounds range     [0e+00, 0e+00]
  RHS range        [1e+03, 7e+03]
Found heuristic solution: objective 5766600.0000
Presolve removed 0 rows and 1 columns
Presolve time: 0.00s
Presolved: 75 rows, 1324 columns, 2574 nonzeros
Variable types: 1300 continuous, 24 integer (24 binary)

Root relaxation: objective 8.459833e+04, 94 iterations, 0.00 seconds (0.00 work units)

    Nodes    |    Current Node    |     Objective Bounds      |     Work
 Expl Unexpl |  Obj  Depth IntInf | Incumbent    BestBd   Gap | It/Node Time

     0     0 84598.3258    0   24 5766600.00 84598.3258  98.5%     -    0s
H    0     0                    214432.32583 84598.3258  60.5%     -    0s
H    0     0                    193235.23133 84598.3258  56.2%     -    0s
H    0     0                    133588.60986 84598.3258  36.7%     -    0s
H    0     0                    100069.83159 84598.3258  15.5%     -    0s
H    0     0                    95297.357327 89606.0532  5.97%     -    0s
     0     0 89606.0532    0   10 95297.3573 89606.0532  5.97%     -    0s
     0     0 89709.7071    0   10 95297.3573 89709.7071  5.86%     -    0s
H    0     0                    93253.062796 89709.7071  3.80%     -    0s
     0     0 90232.2382    0   11 93253.0628 90232.2382  3.24%     -    0s
     0     0 90279.6632    0   10 93253.0628 90279.6632  3.19%     -    0s
H    0     0                    93223.514872 90286.3107  3.15%     -    0s
     0     0 90286.3107    0   11 93223.5149 90286.3107  3.15%     -    0s
     0     0 90287.8545    0   11 93223.5149 90287.8545  3.15%     -    0s
H    0     0                    92874.329195 90398.5677  2.67%     -    0s
     0     0 90398.5677    0   10 92874.3292 90398.5677  2.67%     -    0s
H    0     0                    92870.217857 90406.1147  2.65%     -    0s
     0     0 90406.1147    0   10 92870.2179 90406.1147  2.65%     -    0s
     0     0 90406.2989    0    8 92870.2179 90406.2989  2.65%     -    0s
     0     0 90508.8740    0    8 92870.2179 90508.8740  2.54%     -    0s
H    0     0                    92577.195707 90519.4063  2.22%     -    0s
     0     0 90519.4063    0    6 92577.1957 90519.4063  2.22%     -    0s
     0     0 90549.2213    0    6 92577.1957 90549.2213  2.19%     -    0s
     0     0 90557.0344    0    8 92577.1957 90557.0344  2.18%     -    0s
     0     0 90557.8227    0    8 92577.1957 90557.8227  2.18%     -    0s
     0     0 90568.1071    0    8 92577.1957 90568.1071  2.17%     -    0s
     0     0 90568.9063    0    8 92577.1957 90568.9063  2.17%     -    0s
H    0     0                    92563.840884 90568.9314  2.16%     -    0s
     0     2 90568.9314    0    8 92563.8409 90568.9314  2.16%     -    0s

Cutting planes:
  Implied bound: 85
  MIR: 39
  Flow cover: 11
  Relax-and-lift: 11

Explored 18023 nodes (379321 simplex iterations) in 1.58 seconds (3.76 work units)
Thread count was 8 (of 8 available processors)

Solution count 10: 92563.8 92577.2 92870.2 ... 214432

Optimal solution found (tolerance 1.00e-04)
Best objective 9.256384088437e+04, best bound 9.256384088437e+04, gap 0.0000%

User-callback calls 36880, time in user-callback 0.00 sec

Gurobi 12.0.3 (mac64[arm]) logging started Tue Sep 23 14:00:05 2025

Set parameter LogFile to value "Logs/Facility Location Logs/L50/phase1/scenario_generation.log"
Set parameter LogToConsole to value 0

Gurobi 12.0.3 (mac64[arm]) logging started Tue Sep 23 14:00:05 2025

Set parameter LogFile to value "Logs/Facility Location Logs/L50/phase1/scenario_generation.log"
Gurobi Optimizer version 12.0.3 build v12.0.3rc0 (mac64[arm] - Darwin 24.6.0 24G222)

CPU model: Apple M3
Thread count: 8 physical cores, 8 logical processors, using up to 8 threads

Non-default parameters:
LogToConsole  0

Optimize a model with 75 rows, 1325 columns and 2575 nonzeros
Model fingerprint: 0x031ed757
Variable types: 1300 continuous, 25 integer (25 binary)
Coefficient statistics:
  Matrix range     [1e+00, 2e+04]
  Objective range  [8e-03, 8e+03]
  Bounds range     [0e+00, 0e+00]
  RHS range        [2e+03, 9e+03]
Found heuristic solution: objective 6661000.0000
Presolve removed 0 rows and 1 columns
Presolve time: 0.00s
Presolved: 75 rows, 1324 columns, 2574 nonzeros
Variable types: 1300 continuous, 24 integer (24 binary)

Root relaxation: objective 1.076238e+05, 109 iterations, 0.00 seconds (0.00 work units)

    Nodes    |    Current Node    |     Objective Bounds      |     Work
 Expl Unexpl |  Obj  Depth IntInf | Incumbent    BestBd   Gap | It/Node Time

     0     0 107623.779    0   24 6661000.00 107623.779  98.4%     -    0s
H    0     0                    228513.77908 107623.779  52.9%     -    0s
H    0     0                    213712.24268 107623.779  49.6%     -    0s
H    0     0                    206297.75660 107623.779  47.8%     -    0s
H    0     0                    184153.12323 107623.779  41.6%     -    0s
H    0     0                    148851.97514 107623.779  27.7%     -    0s
H    0     0                    115782.83273 112495.674  2.84%     -    0s
     0     0 112495.674    0    9 115782.833 112495.674  2.84%     -    0s
H    0     0                    115051.61471 112635.825  2.10%     -    0s
H    0     0                    115041.83848 112635.825  2.09%     -    0s
     0     0 112951.683    0    9 115041.838 112951.683  1.82%     -    0s
     0     0 112993.266    0    8 115041.838 112993.266  1.78%     -    0s
H    0     0                    114862.71933 112993.266  1.63%     -    0s
H    0     0                    114139.25616 112993.266  1.00%     -    0s
     0     0 113052.194    0    5 114139.256 113052.194  0.95%     -    0s
H    0     0                    113983.48650 113057.475  0.81%     -    0s
     0     0 113057.475    0    5 113983.486 113057.475  0.81%     -    0s
     0     0 113066.261    0    4 113983.486 113066.261  0.80%     -    0s
     0     0 113104.284    0    4 113983.486 113104.284  0.77%     -    0s
H    0     0                    113882.23039 113104.284  0.68%     -    0s
     0     0 113108.090    0    4 113882.230 113108.090  0.68%     -    0s
     0     0 113109.693    0    4 113882.230 113109.693  0.68%     -    0s
     0     0 113115.585    0    4 113882.230 113115.585  0.67%     -    0s
     0     0 113115.585    0    4 113882.230 113115.585  0.67%     -    0s
     0     2 113115.601    0    4 113882.230 113115.601  0.67%     -    0s
*  161   102               8    113865.47700 113258.000  0.53%  20.4    0s

Cutting planes:
  Implied bound: 87
  MIR: 10
  Flow cover: 5
  Relax-and-lift: 5

Explored 967 nodes (17769 simplex iterations) in 0.12 seconds (0.24 work units)
Thread count was 8 (of 8 available processors)

Solution count 10: 113865 113882 113983 ... 213712

Optimal solution found (tolerance 1.00e-04)
Best objective 1.138654769976e+05, best bound 1.138654769976e+05, gap 0.0000%

User-callback calls 2233, time in user-callback 0.00 sec

Gurobi 12.0.3 (mac64[arm]) logging started Tue Sep 23 14:00:06 2025

Set parameter LogFile to value "Logs/Facility Location Logs/L50/phase1/scenario_generation.log"
Set parameter LogToConsole to value 0

Gurobi 12.0.3 (mac64[arm]) logging started Tue Sep 23 14:00:06 2025

Set parameter LogFile to value "Logs/Facility Location Logs/L50/phase1/scenario_generation.log"
Gurobi Optimizer version 12.0.3 build v12.0.3rc0 (mac64[arm] - Darwin 24.6.0 24G222)

CPU model: Apple M3
Thread count: 8 physical cores, 8 logical processors, using up to 8 threads

Non-default parameters:
LogToConsole  0

Optimize a model with 75 rows, 1325 columns and 2575 nonzeros
Model fingerprint: 0x9bb67101
Variable types: 1300 continuous, 25 integer (25 binary)
Coefficient statistics:
  Matrix range     [1e+00, 2e+04]
  Objective range  [8e-03, 8e+03]
  Bounds range     [0e+00, 0e+00]
  RHS range        [1e+03, 2e+04]
Found heuristic solution: objective 5764050.0000
Presolve removed 0 rows and 1 columns
Presolve time: 0.00s
Presolved: 75 rows, 1324 columns, 2574 nonzeros
Variable types: 1300 continuous, 24 integer (24 binary)

Root relaxation: objective 1.186956e+05, 102 iterations, 0.00 seconds (0.00 work units)

    Nodes    |    Current Node    |     Objective Bounds      |     Work
 Expl Unexpl |  Obj  Depth IntInf | Incumbent    BestBd   Gap | It/Node Time

     0     0 118695.645    0   23 5764050.00 118695.645  97.9%     -    0s
H    0     0                    248555.14464 118695.645  52.2%     -    0s
H    0     0                    219348.09999 118695.645  45.9%     -    0s
H    0     0                    211886.24983 118695.645  44.0%     -    0s
H    0     0                    199005.69567 118963.270  40.2%     -    0s
H    0     0                    196996.84469 123318.842  37.4%     -    0s
H    0     0                    161681.95367 123318.842  23.7%     -    0s
H    0     0                    126796.70560 123318.842  2.74%     -    0s
     0     0 123318.842    0   11 126796.706 123318.842  2.74%     -    0s
H    0     0                    126639.46702 123392.297  2.56%     -    0s
     0     0 123392.297    0   11 126639.467 123392.297  2.56%     -    0s
     0     0 123720.068    0    8 126639.467 123720.068  2.31%     -    0s
     0     0 123794.370    0   11 126639.467 123794.370  2.25%     -    0s
H    0     0                    126568.90972 123794.370  2.19%     -    0s
H    0     0                    126095.07142 124003.700  1.66%     -    0s
     0     0 124003.700    0   13 126095.071 124003.700  1.66%     -    0s
     0     0 124024.436    0   12 126095.071 124024.436  1.64%     -    0s
     0     0 124026.843    0   13 126095.071 124026.843  1.64%     -    0s
     0     0 124120.904    0    5 126095.071 124120.904  1.57%     -    0s
     0     0 124129.067    0    6 126095.071 124129.067  1.56%     -    0s
     0     0 124129.392    0    6 126095.071 124129.392  1.56%     -    0s
     0     0 124136.253    0    7 126095.071 124136.253  1.55%     -    0s
     0     0 124136.642    0    7 126095.071 124136.642  1.55%     -    0s
     0     2 124136.645    0    7 126095.071 124136.645  1.55%     -    0s

Cutting planes:
  Implied bound: 132
  MIR: 6
  Flow cover: 2
  Relax-and-lift: 7

Explored 3867 nodes (80326 simplex iterations) in 0.28 seconds (0.65 work units)
Thread count was 8 (of 8 available processors)

Solution count 9: 126095 126639 161682 ... 5.76405e+06

Optimal solution found (tolerance 1.00e-04)
Best objective 1.260950714211e+05, best bound 1.260950714211e+05, gap 0.0000%

User-callback calls 8063, time in user-callback 0.00 sec

Gurobi 12.0.3 (mac64[arm]) logging started Tue Sep 23 14:00:06 2025

Set parameter LogFile to value "Logs/Facility Location Logs/L50/phase1/scenario_generation.log"
Set parameter LogToConsole to value 0

Gurobi 12.0.3 (mac64[arm]) logging started Tue Sep 23 14:00:06 2025

Set parameter LogFile to value "Logs/Facility Location Logs/L50/phase1/scenario_generation.log"
Gurobi Optimizer version 12.0.3 build v12.0.3rc0 (mac64[arm] - Darwin 24.6.0 24G222)

CPU model: Apple M3
Thread count: 8 physical cores, 8 logical processors, using up to 8 threads

Non-default parameters:
LogToConsole  0

Optimize a model with 75 rows, 1325 columns and 2575 nonzeros
Model fingerprint: 0x5847286c
Variable types: 1300 continuous, 25 integer (25 binary)
Coefficient statistics:
  Matrix range     [1e+00, 2e+04]
  Objective range  [8e-03, 8e+03]
  Bounds range     [0e+00, 0e+00]
  RHS range        [1e+03, 2e+04]
Found heuristic solution: objective 5996200.0000
Presolve removed 0 rows and 1 columns
Presolve time: 0.00s
Presolved: 75 rows, 1324 columns, 2574 nonzeros
Variable types: 1300 continuous, 24 integer (24 binary)

Root relaxation: objective 1.228404e+05, 149 iterations, 0.00 seconds (0.00 work units)

    Nodes    |    Current Node    |     Objective Bounds      |     Work
 Expl Unexpl |  Obj  Depth IntInf | Incumbent    BestBd   Gap | It/Node Time

     0     0 122840.406    0   23 5996200.00 122840.406  98.0%     -    0s
H    0     0                    250378.40568 122840.406  50.9%     -    0s
H    0     0                    228232.41054 122840.406  46.2%     -    0s
H    0     0                    228225.70878 122840.406  46.2%     -    0s
H    0     0                    228128.94967 122840.406  46.2%     -    0s
H    0     0                    205922.07446 122840.406  40.3%     -    0s
H    0     0                    170290.89952 122840.406  27.9%     -    0s
H    0     0                    136142.28569 127551.062  6.31%     -    0s
H    0     0                    130834.81080 127551.062  2.51%     -    0s
H    0     0                    130798.77259 127551.062  2.48%     -    0s
     0     0 127551.062    0   13 130798.773 127551.062  2.48%     -    0s
     0     0 127675.881    0   13 130798.773 127675.881  2.39%     -    0s
H    0     0                    129385.90078 127675.881  1.32%     -    0s
H    0     0                    129384.54070 127675.881  1.32%     -    0s
     0     0 128150.684    0   10 129384.541 128150.684  0.95%     -    0s
H    0     0                    128837.22028 128150.684  0.53%     -    0s
H    0     0                    128835.70821 128150.684  0.53%     -    0s
     0     0 128150.684    0   10 128835.708 128150.684  0.53%     -    0s
H    0     0                    128713.77821 128150.684  0.44%     -    0s
H    0     0                    128707.58027 128150.684  0.43%     -    0s
     0     0 128325.421    0   13 128707.580 128325.421  0.30%     -    0s
     0     0 128372.988    0   12 128707.580 128372.988  0.26%     -    0s
     0     0 128391.673    0    8 128707.580 128391.673  0.25%     -    0s
     0     0 128392.513    0   10 128707.580 128392.513  0.24%     -    0s
H    0     0                    128705.46772 128550.954  0.12%     -    0s
     0     0 128550.954    0    8 128705.468 128550.954  0.12%     -    0s
     0     0 128553.049    0    8 128705.468 128553.049  0.12%     -    0s
     0     0 128601.336    0   10 128705.468 128601.336  0.08%     -    0s
     0     0 128602.633    0    9 128705.468 128602.633  0.08%     -    0s
     0     0 128607.639    0    8 128705.468 128607.639  0.08%     -    0s
     0     0 128607.810    0    8 128705.468 128607.810  0.08%     -    0s
     0     0 128610.836    0    9 128705.468 128610.836  0.07%     -    0s
     0     0 128610.836    0    9 128705.468 128610.836  0.07%     -    0s
     0     0 128610.837    0   15 128705.468 128610.837  0.07%     -    0s
     0     0 128610.837    0   13 128705.468 128610.837  0.07%     -    0s
     0     0 128610.837    0   11 128705.468 128610.837  0.07%     -    0s
     0     0 128610.837    0   10 128705.468 128610.837  0.07%     -    0s
     0     0 128610.837    0   10 128705.468 128610.837  0.07%     -    0s
     0     0 128610.837    0    9 128705.468 128610.837  0.07%     -    0s
     0     0 128610.837    0    7 128705.468 128610.837  0.07%     -    0s
     0     0 128610.837    0    9 128705.468 128610.837  0.07%     -    0s
     0     0 128610.837    0    7 128705.468 128610.837  0.07%     -    0s
     0     0 128610.837    0    9 128705.468 128610.837  0.07%     -    0s
     0     0 128610.837    0    9 128705.468 128610.837  0.07%     -    0s
     0     0 128614.581    0    6 128705.468 128614.581  0.07%     -    0s
     0     0 128625.558    0    9 128705.468 128625.558  0.06%     -    0s
     0     0 128626.548    0    9 128705.468 128626.548  0.06%     -    0s
     0     0 128631.535    0    8 128705.468 128631.535  0.06%     -    0s
     0     0 128631.602    0    8 128705.468 128631.602  0.06%     -    0s
H    0     0                    128703.17500 128631.602  0.06%     -    0s
     0     2 128631.602    0    8 128703.175 128631.602  0.06%     -    0s
*   36     6               6    128701.01766 128675.960  0.02%  10.5    0s

Cutting planes:
  Implied bound: 66
  MIR: 5
  Flow cover: 5
  Relax-and-lift: 11

Explored 44 nodes (1433 simplex iterations) in 0.07 seconds (0.10 work units)
Thread count was 8 (of 8 available processors)

Solution count 10: 128701 128705 128708 ... 228129

Optimal solution found (tolerance 1.00e-04)
Best objective 1.287010176624e+05, best bound 1.287010176624e+05, gap 0.0000%

User-callback calls 469, time in user-callback 0.00 sec

Gurobi 12.0.3 (mac64[arm]) logging started Tue Sep 23 14:00:06 2025

Set parameter LogFile to value "Logs/Facility Location Logs/L50/phase1/scenario_generation.log"
Set parameter LogToConsole to value 0

Gurobi 12.0.3 (mac64[arm]) logging started Tue Sep 23 14:00:06 2025

Set parameter LogFile to value "Logs/Facility Location Logs/L50/phase1/scenario_generation.log"
Gurobi Optimizer version 12.0.3 build v12.0.3rc0 (mac64[arm] - Darwin 24.6.0 24G222)

CPU model: Apple M3
Thread count: 8 physical cores, 8 logical processors, using up to 8 threads

Non-default parameters:
LogToConsole  0

Optimize a model with 75 rows, 1325 columns and 2575 nonzeros
Model fingerprint: 0x3f0afb09
Variable types: 1300 continuous, 25 integer (25 binary)
Coefficient statistics:
  Matrix range     [1e+00, 2e+04]
  Objective range  [8e-03, 8e+03]
  Bounds range     [0e+00, 0e+00]
  RHS range        [1e+03, 7e+03]
Found heuristic solution: objective 5233300.0000
Presolve removed 0 rows and 1 columns
Presolve time: 0.00s
Presolved: 75 rows, 1324 columns, 2574 nonzeros
Variable types: 1300 continuous, 24 integer (24 binary)

Root relaxation: objective 7.437703e+04, 107 iterations, 0.00 seconds (0.00 work units)

    Nodes    |    Current Node    |     Objective Bounds      |     Work
 Expl Unexpl |  Obj  Depth IntInf | Incumbent    BestBd   Gap | It/Node Time

     0     0 74377.0258    0   24 5233300.00 74377.0258  98.6%     -    0s
H    0     0                    209544.02585 74377.0258  64.5%     -    0s
H    0     0                    187464.70517 74377.0258  60.3%     -    0s
H    0     0                    167781.71370 74377.0258  55.7%     -    0s
H    0     0                    165671.68612 74377.0258  55.1%     -    0s
H    0     0                    147171.22336 74826.4405  49.2%     -    0s
H    0     0                    129173.42797 79109.7356  38.8%     -    0s
H    0     0                    93979.850969 79109.7356  15.8%     -    0s
H    0     0                    80547.440746 79109.7356  1.78%     -    0s
     0     0 79109.7356    0   11 80547.4407 79109.7356  1.78%     -    0s
     0     0 79171.3124    0   11 80547.4407 79171.3124  1.71%     -    0s
     0     0 79652.8447    0    9 80547.4407 79652.8447  1.11%     -    0s
     0     0 79718.3805    0    9 80547.4407 79718.3805  1.03%     -    0s
     0     0 79852.4357    0   11 80547.4407 79852.4357  0.86%     -    0s
     0     0 79872.7357    0    9 80547.4407 79872.7357  0.84%     -    0s
     0     0 79985.6017    0    8 80547.4407 79985.6017  0.70%     -    0s
     0     0 79990.3175    0    8 80547.4407 79990.3175  0.69%     -    0s
     0     0 79991.4405    0    9 80547.4407 79991.4405  0.69%     -    0s
     0     0 80018.8084    0    4 80547.4407 80018.8084  0.66%     -    0s
     0     0 80027.8856    0    4 80547.4407 80027.8856  0.65%     -    0s
     0     0 80034.0835    0    6 80547.4407 80034.0835  0.64%     -    0s
     0     0 80034.0835    0    6 80547.4407 80034.0835  0.64%     -    0s
     0     2 80034.0835    0    6 80547.4407 80034.0835  0.64%     -    0s
*   20    16               4    80445.290704 80126.1114  0.40%  20.6    0s
H   31    29                    80400.665149 80176.7724  0.28%  18.3    0s
*   32    29               9    80372.079958 80176.7724  0.24%  20.2    0s
*  106     2               7    80351.790672 80274.5752  0.10%  19.0    0s

Cutting planes:
  Implied bound: 75
  MIR: 9
  Flow cover: 5
  Relax-and-lift: 11

Explored 128 nodes (2748 simplex iterations) in 0.05 seconds (0.08 work units)
Thread count was 8 (of 8 available processors)

Solution count 10: 80351.8 80372.1 80445.3 ... 187465

Optimal solution found (tolerance 1.00e-04)
Best objective 8.035179067181e+04, best bound 8.035179067181e+04, gap 0.0000%

User-callback calls 532, time in user-callback 0.00 sec

Gurobi 12.0.3 (mac64[arm]) logging started Tue Sep 23 14:00:06 2025

Set parameter LogFile to value "Logs/Facility Location Logs/L50/phase1/scenario_generation.log"
Set parameter LogToConsole to value 0

Gurobi 12.0.3 (mac64[arm]) logging started Tue Sep 23 14:00:06 2025

Set parameter LogFile to value "Logs/Facility Location Logs/L50/phase1/scenario_generation.log"
Gurobi Optimizer version 12.0.3 build v12.0.3rc0 (mac64[arm] - Darwin 24.6.0 24G222)

CPU model: Apple M3
Thread count: 8 physical cores, 8 logical processors, using up to 8 threads

Non-default parameters:
LogToConsole  0

Optimize a model with 75 rows, 1325 columns and 2575 nonzeros
Model fingerprint: 0x3e8ad728
Variable types: 1300 continuous, 25 integer (25 binary)
Coefficient statistics:
  Matrix range     [1e+00, 2e+04]
  Objective range  [8e-03, 8e+03]
  Bounds range     [0e+00, 0e+00]
  RHS range        [5e+02, 6e+03]
Found heuristic solution: objective 3710550.0000
Presolve removed 0 rows and 1 columns
Presolve time: 0.00s
Presolved: 75 rows, 1324 columns, 2574 nonzeros
Variable types: 1300 continuous, 24 integer (24 binary)

Root relaxation: objective 6.198774e+04, 136 iterations, 0.00 seconds (0.00 work units)

    Nodes    |    Current Node    |     Objective Bounds      |     Work
 Expl Unexpl |  Obj  Depth IntInf | Incumbent    BestBd   Gap | It/Node Time

     0     0 61987.7395    0   23 3710550.00 61987.7395  98.3%     -    0s
H    0     0                    204882.23948 61987.7395  69.7%     -    0s
H    0     0                    175223.65679 61987.7395  64.6%     -    0s
H    0     0                    153414.07285 61987.7395  59.6%     -    0s
H    0     0                    139915.23585 66987.7804  52.1%     -    0s
H    0     0                    132417.02145 66987.7804  49.4%     -    0s
H    0     0                    95783.114472 66987.7804  30.1%     -    0s
     0     0 66987.7804    0    7 95783.1145 66987.7804  30.1%     -    0s
     0     0 67011.7982    0    7 95783.1145 67011.7982  30.0%     -    0s
H    0     0                    90232.398487 67011.7982  25.7%     -    0s
H    0     0                    69734.391333 67011.7982  3.90%     -    0s
     0     0 67290.0747    0    8 69734.3913 67290.0747  3.51%     -    0s
H    0     0                    68805.268259 67318.5452  2.16%     -    0s
H    0     0                    68787.679153 67318.5452  2.14%     -    0s
     0     0 67406.5396    0    7 68787.6792 67406.5396  2.01%     -    0s
     0     0 67497.3901    0    8 68787.6792 67497.3901  1.88%     -    0s
H    0     0                    68687.294198 67497.3901  1.73%     -    0s
     0     0 67574.5676    0    7 68687.2942 67574.5676  1.62%     -    0s
H    0     0                    68002.616913 67579.2779  0.62%     -    0s
     0     0 67579.2779    0    6 68002.6169 67579.2779  0.62%     -    0s
     0     0 67695.5858    0    3 68002.6169 67695.5858  0.45%     -    0s
     0     0 67695.8215    0    5 68002.6169 67695.8215  0.45%     -    0s
     0     0 67697.1187    0    4 68002.6169 67697.1187  0.45%     -    0s
     0     0 67697.1187    0    4 68002.6169 67697.1187  0.45%     -    0s
     0     0 67697.1187    0    7 68002.6169 67697.1187  0.45%     -    0s
     0     0 67697.1187    0    7 68002.6169 67697.1187  0.45%     -    0s
     0     0 67697.1187    0    7 68002.6169 67697.1187  0.45%     -    0s
     0     0 67697.1187    0    9 68002.6169 67697.1187  0.45%     -    0s
     0     0 67697.1187    0    9 68002.6169 67697.1187  0.45%     -    0s
     0     0 67697.1187    0    5 68002.6169 67697.1187  0.45%     -    0s
     0     0 67782.6283    0    6 68002.6169 67782.6283  0.32%     -    0s
     0     0 68002.6169    0    6 68002.6169 68002.6169  0.00%     -    0s

Cutting planes:
  Implied bound: 59
  MIR: 1
  Flow cover: 1

Explored 1 nodes (718 simplex iterations) in 0.04 seconds (0.05 work units)
Thread count was 8 (of 8 available processors)

Solution count 10: 68002.6 68687.3 68787.7 ... 175224

Optimal solution found (tolerance 1.00e-04)
Best objective 6.800261691319e+04, best bound 6.800261691319e+04, gap 0.0000%

User-callback calls 297, time in user-callback 0.00 sec

Gurobi 12.0.3 (mac64[arm]) logging started Tue Sep 23 14:00:06 2025

Set parameter LogFile to value "Logs/Facility Location Logs/L50/phase1/scenario_generation.log"
Set parameter LogToConsole to value 0

Gurobi 12.0.3 (mac64[arm]) logging started Tue Sep 23 14:00:06 2025

Set parameter LogFile to value "Logs/Facility Location Logs/L50/phase1/scenario_generation.log"
Gurobi Optimizer version 12.0.3 build v12.0.3rc0 (mac64[arm] - Darwin 24.6.0 24G222)

CPU model: Apple M3
Thread count: 8 physical cores, 8 logical processors, using up to 8 threads

Non-default parameters:
LogToConsole  0

Optimize a model with 75 rows, 1325 columns and 2575 nonzeros
Model fingerprint: 0xfc748096
Variable types: 1300 continuous, 25 integer (25 binary)
Coefficient statistics:
  Matrix range     [1e+00, 2e+04]
  Objective range  [8e-03, 8e+03]
  Bounds range     [0e+00, 0e+00]
  RHS range        [1e+03, 2e+04]
Found heuristic solution: objective 7024150.0000
Presolve removed 0 rows and 1 columns
Presolve time: 0.00s
Presolved: 75 rows, 1324 columns, 2574 nonzeros
Variable types: 1300 continuous, 24 integer (24 binary)

Root relaxation: objective 1.346340e+05, 112 iterations, 0.00 seconds (0.00 work units)

    Nodes    |    Current Node    |     Objective Bounds      |     Work
 Expl Unexpl |  Obj  Depth IntInf | Incumbent    BestBd   Gap | It/Node Time

     0     0 134634.036    0   23 7024150.00 134634.036  98.1%     -    0s
H    0     0                    251892.53558 134634.036  46.6%     -    0s
H    0     0                    229870.85044 134634.036  41.4%     -    0s
H    0     0                    224270.50692 134634.036  40.0%     -    0s
H    0     0                    217004.40126 134634.036  38.0%     -    0s
H    0     0                    210272.68168 134959.406  35.8%     -    0s
H    0     0                    203483.13743 134959.406  33.7%     -    0s
H    0     0                    172582.81780 139597.891  19.1%     -    0s
     0     0 139597.891    0   14 172582.818 139597.891  19.1%     -    0s
H    0     0                    172137.92780 139678.770  18.9%     -    0s
H    0     0                    164873.00670 139678.770  15.3%     -    0s
     0     0 139678.770    0   12 164873.007 139678.770  15.3%     -    0s
     0     0 139678.770    0   12 164873.007 139678.770  15.3%     -    0s
H    0     0                    159404.08816 140037.790  12.1%     -    0s
H    0     0                    153267.28728 140037.790  8.63%     -    0s
H    0     0                    146622.14000 140037.790  4.49%     -    0s
     0     0 140037.790    0   12 146622.140 140037.790  4.49%     -    0s
H    0     0                    146583.65804 140092.446  4.43%     -    0s
H    0     0                    145242.16563 140092.446  3.55%     -    0s
     0     0 140132.132    0   12 145242.166 140132.132  3.52%     -    0s
     0     0 140132.132    0   12 145242.166 140132.132  3.52%     -    0s
     0     0 140303.838    0   15 145242.166 140303.838  3.40%     -    0s
     0     0 140320.927    0   14 145242.166 140320.927  3.39%     -    0s
     0     0 140325.003    0   14 145242.166 140325.003  3.39%     -    0s
     0     0 140327.279    0   12 145242.166 140327.279  3.38%     -    0s
H    0     0                    144903.31133 140327.279  3.16%     -    0s
H    0     0                    144385.02284 140444.529  2.73%     -    0s
     0     0 140444.529    0   11 144385.023 140444.529  2.73%     -    0s
     0     0 140457.918    0    5 144385.023 140457.918  2.72%     -    0s
     0     0 140458.784    0    5 144385.023 140458.784  2.72%     -    0s
     0     0 140478.237    0    9 144385.023 140478.237  2.71%     -    0s
     0     0 140478.263    0    9 144385.023 140478.263  2.71%     -    0s
     0     0 140494.810    0   10 144385.023 140494.810  2.69%     -    0s
     0     0 140494.810    0   10 144385.023 140494.810  2.69%     -    0s
     0     2 140494.821    0   10 144385.023 140494.821  2.69%     -    0s
*  280   230               8    144320.63338 140588.969  2.59%  24.9    0s
*  311   230              12    144224.52432 140588.969  2.52%  26.4    0s

Cutting planes:
  Implied bound: 168
  MIR: 19
  Flow cover: 1
  Inf proof: 17
  Relax-and-lift: 9

Explored 2667 nodes (82354 simplex iterations) in 0.35 seconds (0.83 work units)
Thread count was 8 (of 8 available processors)

Solution count 10: 144225 144321 144385 ... 172138

Optimal solution found (tolerance 1.00e-04)
Best objective 1.442245243200e+05, best bound 1.442245243200e+05, gap 0.0000%

User-callback calls 5736, time in user-callback 0.00 sec

Gurobi 12.0.3 (mac64[arm]) logging started Tue Sep 23 14:00:06 2025

Set parameter LogFile to value "Logs/Facility Location Logs/L50/phase1/scenario_generation.log"
Set parameter LogToConsole to value 0

Gurobi 12.0.3 (mac64[arm]) logging started Tue Sep 23 14:00:06 2025

Set parameter LogFile to value "Logs/Facility Location Logs/L50/phase1/scenario_generation.log"
Gurobi Optimizer version 12.0.3 build v12.0.3rc0 (mac64[arm] - Darwin 24.6.0 24G222)

CPU model: Apple M3
Thread count: 8 physical cores, 8 logical processors, using up to 8 threads

Non-default parameters:
LogToConsole  0

Optimize a model with 75 rows, 1325 columns and 2575 nonzeros
Model fingerprint: 0x5bb26ac5
Variable types: 1300 continuous, 25 integer (25 binary)
Coefficient statistics:
  Matrix range     [1e+00, 2e+04]
  Objective range  [8e-03, 8e+03]
  Bounds range     [0e+00, 0e+00]
  RHS range        [8e+02, 2e+04]
Found heuristic solution: objective 5110250.0000
Presolve removed 0 rows and 1 columns
Presolve time: 0.00s
Presolved: 75 rows, 1324 columns, 2574 nonzeros
Variable types: 1300 continuous, 24 integer (24 binary)

Root relaxation: objective 9.852934e+04, 134 iterations, 0.00 seconds (0.00 work units)

    Nodes    |    Current Node    |     Objective Bounds      |     Work
 Expl Unexpl |  Obj  Depth IntInf | Incumbent    BestBd   Gap | It/Node Time

     0     0 98529.3430    0   23 5110250.00 98529.3430  98.1%     -    0s
H    0     0                    234926.84296 98529.3430  58.1%     -    0s
H    0     0                    212774.93008 98529.3430  53.7%     -    0s
H    0     0                    205751.36702 98529.3430  52.1%     -    0s
H    0     0                    185327.40232 98529.3430  46.8%     -    0s
     0     0 103202.657    0   10 185327.402 103202.657  44.3%     -    0s
H    0     0                    164600.15738 103310.628  37.2%     -    0s
H    0     0                    153836.55147 103310.628  32.8%     -    0s
H    0     0                    119059.32840 103310.628  13.2%     -    0s
H    0     0                    115732.37012 103310.628  10.7%     -    0s
     0     0 103310.628    0   10 115732.370 103310.628  10.7%     -    0s
H    0     0                    113971.62573 103310.628  9.35%     -    0s
     0     0 103667.900    0   10 113971.626 103667.900  9.04%     -    0s
H    0     0                    106335.04257 103706.195  2.47%     -    0s
H    0     0                    105493.05343 103706.195  1.69%     -    0s
     0     0 103720.302    0   10 105493.053 103720.302  1.68%     -    0s
     0     0 103720.302    0    9 105493.053 103720.302  1.68%     -    0s
H    0     0                    105377.15536 103936.240  1.37%     -    0s
     0     0 103936.240    0    9 105377.155 103936.240  1.37%     -    0s
H    0     0                    105303.23083 103961.241  1.27%     -    0s
     0     0 103961.241    0    8 105303.231 103961.241  1.27%     -    0s
     0     0 104073.897    0    6 105303.231 104073.897  1.17%     -    0s
     0     0 104073.965    0    7 105303.231 104073.965  1.17%     -    0s
     0     0 104109.960    0    2 105303.231 104109.960  1.13%     -    0s
     0     0 104113.602    0    6 105303.231 104113.602  1.13%     -    0s
     0     0 104113.602    0    6 105303.231 104113.602  1.13%     -    0s
     0     2 104113.602    0    6 105303.231 104113.602  1.13%     -    0s

Cutting planes:
  Implied bound: 98
  MIR: 6
  Flow cover: 1
  Relax-and-lift: 5

Explored 322 nodes (7468 simplex iterations) in 0.06 seconds (0.12 work units)
Thread count was 8 (of 8 available processors)

Solution count 10: 105303 105377 105493 ... 205751

Optimal solution found (tolerance 1.00e-04)
Best objective 1.053032308292e+05, best bound 1.053032308292e+05, gap 0.0000%

User-callback calls 925, time in user-callback 0.00 sec

Gurobi 12.0.3 (mac64[arm]) logging started Tue Sep 23 14:00:06 2025

Set parameter LogFile to value "Logs/Facility Location Logs/L50/phase1/scenario_generation.log"
Set parameter LogToConsole to value 0

Gurobi 12.0.3 (mac64[arm]) logging started Tue Sep 23 14:00:06 2025

Set parameter LogFile to value "Logs/Facility Location Logs/L50/phase1/scenario_generation.log"
Gurobi Optimizer version 12.0.3 build v12.0.3rc0 (mac64[arm] - Darwin 24.6.0 24G222)

CPU model: Apple M3
Thread count: 8 physical cores, 8 logical processors, using up to 8 threads

Non-default parameters:
LogToConsole  0

Optimize a model with 75 rows, 1325 columns and 2575 nonzeros
Model fingerprint: 0x252c479f
Variable types: 1300 continuous, 25 integer (25 binary)
Coefficient statistics:
  Matrix range     [1e+00, 2e+04]
  Objective range  [8e-03, 8e+03]
  Bounds range     [0e+00, 0e+00]
  RHS range        [1e+03, 6e+03]
Found heuristic solution: objective 4945650.0000
Presolve removed 0 rows and 1 columns
Presolve time: 0.00s
Presolved: 75 rows, 1324 columns, 2574 nonzeros
Variable types: 1300 continuous, 24 integer (24 binary)

Root relaxation: objective 7.096110e+04, 94 iterations, 0.00 seconds (0.00 work units)

    Nodes    |    Current Node    |     Objective Bounds      |     Work
 Expl Unexpl |  Obj  Depth IntInf | Incumbent    BestBd   Gap | It/Node Time

     0     0 70961.1037    0   24 4945650.00 70961.1037  98.6%     -    0s
H    0     0                    209004.60365 70961.1037  66.0%     -    0s
H    0     0                    186893.78181 70961.1037  62.0%     -    0s
H    0     0                    174827.14590 70961.1037  59.4%     -    0s
H    0     0                    160682.97328 70961.1037  55.8%     -    0s
H    0     0                    153707.74947 75653.1640  50.8%     -    0s
     0     0 75653.1640    0   11 153707.749 75653.1640  50.8%     -    0s
H    0     0                    138696.66398 75762.1023  45.4%     -    0s
H    0     0                    128585.08257 75762.1023  41.1%     -    0s
H    0     0                    93181.010798 75762.1023  18.7%     -    0s
H    0     0                    79554.025971 75762.1023  4.77%     -    0s
     0     0 75762.1023    0   11 79554.0260 75762.1023  4.77%     -    0s
     0     0 76147.1929    0    9 79554.0260 76147.1929  4.28%     -    0s
     0     0 76180.2334    0    9 79554.0260 76180.2334  4.24%     -    0s
     0     0 76328.9764    0   10 79554.0260 76328.9764  4.05%     -    0s
     0     0 76346.7215    0    8 79554.0260 76346.7215  4.03%     -    0s
     0     0 76418.4329    0    4 79554.0260 76418.4329  3.94%     -    0s
H    0     0                    78833.655680 76418.4329  3.06%     -    0s
     0     0 76421.9038    0    4 78833.6557 76421.9038  3.06%     -    0s
     0     0 76428.6083    0    3 78833.6557 76428.6083  3.05%     -    0s
     0     0 76436.0040    0    1 78833.6557 76436.0040  3.04%     -    0s
     0     0 76436.2132    0    1 78833.6557 76436.2132  3.04%     -    0s
     0     0 76447.2040    0    5 78833.6557 76447.2040  3.03%     -    0s
     0     0 76447.2040    0    5 78833.6557 76447.2040  3.03%     -    0s
     0     2 76447.2040    0    5 78833.6557 76447.2040  3.03%     -    0s

Cutting planes:
  Implied bound: 149
  MIR: 7
  Flow cover: 2
  Inf proof: 1
  Relax-and-lift: 10

Explored 7603 nodes (158858 simplex iterations) in 0.56 seconds (1.32 work units)
Thread count was 8 (of 8 available processors)

Solution count 10: 78833.7 79554 93181 ... 209005

Optimal solution found (tolerance 1.00e-04)
Best objective 7.883365567969e+04, best bound 7.883365567969e+04, gap 0.0000%

User-callback calls 15610, time in user-callback 0.00 sec

Gurobi 12.0.3 (mac64[arm]) logging started Tue Sep 23 14:00:07 2025

Set parameter LogFile to value "Logs/Facility Location Logs/L50/phase1/scenario_generation.log"
Set parameter LogToConsole to value 0

Gurobi 12.0.3 (mac64[arm]) logging started Tue Sep 23 14:00:07 2025

Set parameter LogFile to value "Logs/Facility Location Logs/L50/phase1/scenario_generation.log"
Gurobi Optimizer version 12.0.3 build v12.0.3rc0 (mac64[arm] - Darwin 24.6.0 24G222)

CPU model: Apple M3
Thread count: 8 physical cores, 8 logical processors, using up to 8 threads

Non-default parameters:
LogToConsole  0

Optimize a model with 75 rows, 1325 columns and 2575 nonzeros
Model fingerprint: 0x8d6c8f6a
Variable types: 1300 continuous, 25 integer (25 binary)
Coefficient statistics:
  Matrix range     [1e+00, 2e+04]
  Objective range  [8e-03, 8e+03]
  Bounds range     [0e+00, 0e+00]
  RHS range        [1e+03, 2e+04]
Found heuristic solution: objective 5893700.0000
Presolve removed 0 rows and 1 columns
Presolve time: 0.00s
Presolved: 75 rows, 1324 columns, 2574 nonzeros
Variable types: 1300 continuous, 24 integer (24 binary)

Root relaxation: objective 1.249047e+05, 132 iterations, 0.00 seconds (0.00 work units)

    Nodes    |    Current Node    |     Objective Bounds      |     Work
 Expl Unexpl |  Obj  Depth IntInf | Incumbent    BestBd   Gap | It/Node Time

     0     0 124904.718    0   23 5893700.00 124904.718  97.9%     -    0s
H    0     0                    253467.71840 124904.718  50.7%     -    0s
H    0     0                    231665.45504 124904.718  46.1%     -    0s
H    0     0                    225003.76428 124904.718  44.5%     -    0s
H    0     0                    217581.52358 124904.718  42.6%     -    0s
H    0     0                    210119.28478 125155.360  40.4%     -    0s
H    0     0                    209602.01392 125155.360  40.3%     -    0s
H    0     0                    201751.82225 130105.556  35.5%     -    0s
H    0     0                    165161.58975 130105.556  21.2%     -    0s
H    0     0                    141564.95777 130105.556  8.09%     -    0s
H    0     0                    141546.73283 130105.556  8.08%     -    0s
     0     0 130105.556    0   12 141546.733 130105.556  8.08%     -    0s
H    0     0                    132773.27879 130188.430  1.95%     -    0s
H    0     0                    132710.77189 130188.430  1.90%     -    0s
     0     0 130720.494    0   10 132710.772 130720.494  1.50%     -    0s
H    0     0                    132222.96763 130753.650  1.11%     -    0s
     0     0 130753.650    0   11 132222.968 130753.650  1.11%     -    0s
H    0     0                    131964.99939 130753.650  0.92%     -    0s
     0     0 130966.782    0   12 131964.999 130966.782  0.76%     -    0s
     0     0 130989.516    0   11 131964.999 130989.516  0.74%     -    0s
     0     0 130989.738    0   12 131964.999 130989.738  0.74%     -    0s
     0     0 131137.880    0   10 131964.999 131137.880  0.63%     -    0s
     0     0 131139.597    0   10 131964.999 131139.597  0.63%     -    0s
     0     0 131161.070    0    8 131964.999 131161.070  0.61%     -    0s
     0     0 131161.215    0    8 131964.999 131161.215  0.61%     -    0s
     0     0 131172.528    0    8 131964.999 131172.528  0.60%     -    0s
     0     0 131172.528    0    8 131964.999 131172.528  0.60%     -    0s
     0     2 131172.547    0    8 131964.999 131172.547  0.60%     -    0s

Cutting planes:
  Implied bound: 110
  MIR: 10
  Flow cover: 2
  Relax-and-lift: 1

Explored 610 nodes (12522 simplex iterations) in 0.10 seconds (0.20 work units)
Thread count was 8 (of 8 available processors)

Solution count 10: 131965 132711 141547 ... 253468

Optimal solution found (tolerance 1.00e-04)
Best objective 1.319649993915e+05, best bound 1.319649993915e+05, gap 0.0000%

User-callback calls 1513, time in user-callback 0.00 sec

Gurobi 12.0.3 (mac64[arm]) logging started Tue Sep 23 14:00:07 2025

Set parameter LogFile to value "Logs/Facility Location Logs/L50/phase1/scenario_generation.log"
Set parameter LogToConsole to value 0

Gurobi 12.0.3 (mac64[arm]) logging started Tue Sep 23 14:00:07 2025

Set parameter LogFile to value "Logs/Facility Location Logs/L50/phase1/scenario_generation.log"
Gurobi Optimizer version 12.0.3 build v12.0.3rc0 (mac64[arm] - Darwin 24.6.0 24G222)

CPU model: Apple M3
Thread count: 8 physical cores, 8 logical processors, using up to 8 threads

Non-default parameters:
LogToConsole  0

Optimize a model with 75 rows, 1325 columns and 2575 nonzeros
Model fingerprint: 0x65ae515d
Variable types: 1300 continuous, 25 integer (25 binary)
Coefficient statistics:
  Matrix range     [1e+00, 2e+04]
  Objective range  [8e-03, 8e+03]
  Bounds range     [0e+00, 0e+00]
  RHS range        [1e+03, 1e+04]
Found heuristic solution: objective 5800600.0000
Presolve removed 0 rows and 1 columns
Presolve time: 0.00s
Presolved: 75 rows, 1324 columns, 2574 nonzeros
Variable types: 1300 continuous, 24 integer (24 binary)

Root relaxation: objective 1.045662e+05, 127 iterations, 0.00 seconds (0.00 work units)

    Nodes    |    Current Node    |     Objective Bounds      |     Work
 Expl Unexpl |  Obj  Depth IntInf | Incumbent    BestBd   Gap | It/Node Time

     0     0 104566.159    0   24 5800600.00 104566.159  98.2%     -    0s
H    0     0                    234060.15868 104566.159  55.3%     -    0s
H    0     0                    211926.35374 104566.159  50.7%     -    0s
H    0     0                    155868.14141 104566.159  32.9%     -    0s
H    0     0                    152043.24909 104566.159  31.2%     -    0s
H    0     0                    128290.83436 109202.502  14.9%     -    0s
H    0     0                    121514.38989 109202.502  10.1%     -    0s
     0     0 109202.502    0    9 121514.390 109202.502  10.1%     -    0s
H    0     0                    121359.60417 109303.557  9.93%     -    0s
     0     0 109686.159    0    9 121359.604 109686.159  9.62%     -    0s
H    0     0                    111440.22362 109712.046  1.55%     -    0s
     0     0 109716.937    0   10 111440.224 109716.937  1.55%     -    0s
     0     0 109859.471    0    7 111440.224 109859.471  1.42%     -    0s
     0     0 109869.266    0    6 111440.224 109869.266  1.41%     -    0s
     0     0 109944.949    0    6 111440.224 109944.949  1.34%     -    0s
H    0     0                    111423.75561 109948.226  1.32%     -    0s
     0     0 109948.226    0    4 111423.756 109948.226  1.32%     -    0s
     0     0 109961.609    0    2 111423.756 109961.609  1.31%     -    0s
     0     0 110083.045    0    2 111423.756 110083.045  1.20%     -    0s
     0     0 110083.045    0    3 111423.756 110083.045  1.20%     -    0s
     0     0 110083.045    0    3 111423.756 110083.045  1.20%     -    0s
     0     2 110083.045    0    3 111423.756 110083.045  1.20%     -    0s

Cutting planes:
  Implied bound: 101
  MIR: 11
  Flow cover: 2
  Relax-and-lift: 7

Explored 1280 nodes (27660 simplex iterations) in 0.15 seconds (0.32 work units)
Thread count was 8 (of 8 available processors)

Solution count 9: 111424 111440 121360 ... 5.8006e+06

Optimal solution found (tolerance 1.00e-04)
Best objective 1.114237556136e+05, best bound 1.114237556136e+05, gap 0.0000%

User-callback calls 2861, time in user-callback 0.00 sec

Gurobi 12.0.3 (mac64[arm]) logging started Tue Sep 23 14:00:07 2025

Set parameter LogFile to value "Logs/Facility Location Logs/L50/phase1/scenario_generation.log"
Set parameter LogToConsole to value 0

Gurobi 12.0.3 (mac64[arm]) logging started Tue Sep 23 14:00:07 2025

Set parameter LogFile to value "Logs/Facility Location Logs/L50/phase1/scenario_generation.log"
Gurobi Optimizer version 12.0.3 build v12.0.3rc0 (mac64[arm] - Darwin 24.6.0 24G222)

CPU model: Apple M3
Thread count: 8 physical cores, 8 logical processors, using up to 8 threads

Non-default parameters:
LogToConsole  0

Optimize a model with 75 rows, 1325 columns and 2575 nonzeros
Model fingerprint: 0x473a0e41
Variable types: 1300 continuous, 25 integer (25 binary)
Coefficient statistics:
  Matrix range     [1e+00, 2e+04]
  Objective range  [8e-03, 8e+03]
  Bounds range     [0e+00, 0e+00]
  RHS range        [7e+02, 6e+03]
Found heuristic solution: objective 4105600.0000
Presolve removed 0 rows and 1 columns
Presolve time: 0.00s
Presolved: 75 rows, 1324 columns, 2574 nonzeros
Variable types: 1300 continuous, 24 integer (24 binary)

Root relaxation: objective 6.445991e+04, 106 iterations, 0.00 seconds (0.00 work units)

    Nodes    |    Current Node    |     Objective Bounds      |     Work
 Expl Unexpl |  Obj  Depth IntInf | Incumbent    BestBd   Gap | It/Node Time

     0     0 64459.9088    0   23 4105600.00 64459.9088  98.4%     -    0s
H    0     0                    203403.90883 64459.9088  68.3%     -    0s
H    0     0                    167013.48787 64459.9088  61.4%     -    0s
H    0     0                    153069.14191 64459.9088  57.9%     -    0s
H    0     0                    147694.62611 64459.9088  56.4%     -    0s
H    0     0                    145625.82508 64567.1806  55.7%     -    0s
H    0     0                    138346.27392 64567.1806  53.3%     -    0s
     0     0 69396.2926    0   11 138346.274 69396.2926  49.8%     -    0s
H    0     0                    133340.29263 69410.3069  47.9%     -    0s
H    0     0                    129934.79890 69410.3069  46.6%     -    0s
H    0     0                    94278.720118 69410.3069  26.4%     -    0s
     0     0 69410.3069    0   11 94278.7201 69410.3069  26.4%     -    0s
     0     0 69903.0225    0    9 94278.7201 69903.0225  25.9%     -    0s
     0     0 69960.2922    0    9 94278.7201 69960.2922  25.8%     -    0s
H    0     0                    93683.939551 69960.2922  25.3%     -    0s
H    0     0                    86360.923966 69960.2922  19.0%     -    0s
H    0     0                    79334.743598 69960.2922  11.8%     -    0s
     0     0 70167.7680    0   13 79334.7436 70167.7680  11.6%     -    0s
     0     0 70183.6298    0   12 79334.7436 70183.6298  11.5%     -    0s
     0     0 70183.9510    0   12 79334.7436 70183.9510  11.5%     -    0s
H    0     0                    74456.210650 70339.9895  5.53%     -    0s
     0     0 70339.9895    0    8 74456.2106 70339.9895  5.53%     -    0s
H    0     0                    74418.222502 70343.6079  5.48%     -    0s
     0     0 70343.6079    0    9 74418.2225 70343.6079  5.48%     -    0s
     0     0 70409.5533    0    7 74418.2225 70409.5533  5.39%     -    0s
H    0     0                    73778.662818 70409.5533  4.57%     -    0s
     0     0 70409.6270    0    5 73778.6628 70409.6270  4.57%     -    0s
     0     0 70412.0603    0    6 73778.6628 70412.0603  4.56%     -    0s
     0     0 70416.5547    0    6 73778.6628 70416.5547  4.56%     -    0s
     0     0 70423.2160    0    6 73778.6628 70423.2160  4.55%     -    0s
     0     0 70423.2160    0    6 73778.6628 70423.2160  4.55%     -    0s
H    0     0                    73749.876942 70423.2160  4.51%     -    0s
     0     2 70423.2265    0    6 73749.8769 70423.2265  4.51%     -    0s

Cutting planes:
  Implied bound: 117
  MIR: 13
  Flow cover: 1
  Inf proof: 1
  Relax-and-lift: 4

Explored 3930 nodes (92495 simplex iterations) in 0.29 seconds (0.70 work units)
Thread count was 8 (of 8 available processors)

Solution count 10: 73749.9 73778.7 74418.2 ... 138346

Optimal solution found (tolerance 1.00e-04)
Best objective 7.374987694162e+04, best bound 7.374987694162e+04, gap 0.0000%

User-callback calls 8224, time in user-callback 0.00 sec

Gurobi 12.0.3 (mac64[arm]) logging started Tue Sep 23 14:00:08 2025

Set parameter LogFile to value "Logs/Facility Location Logs/L50/phase1/scenario_generation.log"
Set parameter LogToConsole to value 0

Gurobi 12.0.3 (mac64[arm]) logging started Tue Sep 23 14:00:08 2025

Set parameter LogFile to value "Logs/Facility Location Logs/L50/phase1/scenario_generation.log"
Gurobi Optimizer version 12.0.3 build v12.0.3rc0 (mac64[arm] - Darwin 24.6.0 24G222)

CPU model: Apple M3
Thread count: 8 physical cores, 8 logical processors, using up to 8 threads

Non-default parameters:
LogToConsole  0

Optimize a model with 75 rows, 1325 columns and 2575 nonzeros
Model fingerprint: 0x3a359e63
Variable types: 1300 continuous, 25 integer (25 binary)
Coefficient statistics:
  Matrix range     [1e+00, 2e+04]
  Objective range  [8e-03, 8e+03]
  Bounds range     [0e+00, 0e+00]
  RHS range        [1e+03, 8e+03]
Found heuristic solution: objective 4971000.0000
Presolve removed 0 rows and 1 columns
Presolve time: 0.00s
Presolved: 75 rows, 1324 columns, 2574 nonzeros
Variable types: 1300 continuous, 24 integer (24 binary)

Root relaxation: objective 8.230759e+04, 127 iterations, 0.00 seconds (0.00 work units)

    Nodes    |    Current Node    |     Objective Bounds      |     Work
 Expl Unexpl |  Obj  Depth IntInf | Incumbent    BestBd   Gap | It/Node Time

     0     0 82307.5878    0   24 4971000.00 82307.5878  98.3%     -    0s
H    0     0                    220097.58779 82307.5878  62.6%     -    0s
H    0     0                    198032.04256 82307.5878  58.4%     -    0s
H    0     0                    162120.62032 82307.5878  49.2%     -    0s
H    0     0                    139142.82243 87164.6668  37.4%     -    0s
H    0     0                    104714.01598 87164.6668  16.8%     -    0s
H    0     0                    91912.276122 87164.6668  5.17%     -    0s
     0     0 87164.6668    0   11 91912.2761 87164.6668  5.17%     -    0s
H    0     0                    91465.214962 87194.8061  4.67%     -    0s
     0     0 87194.8061    0   11 91465.2150 87194.8061  4.67%     -    0s
     0     0 87724.9565    0    9 91465.2150 87724.9565  4.09%     -    0s
H    0     0                    91285.166179 87759.3593  3.86%     -    0s
     0     0 87759.3593    0    9 91285.1662 87759.3593  3.86%     -    0s
H    0     0                    90655.816710 87759.3593  3.20%     -    0s
     0     0 88047.4115    0   10 90655.8167 88047.4115  2.88%     -    0s
     0     0 88073.6349    0    9 90655.8167 88073.6349  2.85%     -    0s
     0     0 88202.6778    0    8 90655.8167 88202.6778  2.71%     -    0s
     0     0 88206.0218    0    8 90655.8167 88206.0218  2.70%     -    0s
     0     0 88240.0118    0    3 90655.8167 88240.0118  2.66%     -    0s
H    0     0                    90558.079373 88240.0118  2.56%     -    0s
     0     0 88240.4026    0    4 90558.0794 88240.4026  2.56%     -    0s
     0     0 88245.7510    0    6 90558.0794 88245.7510  2.55%     -    0s
     0     0 88245.7510    0    6 90558.0794 88245.7510  2.55%     -    0s
     0     2 88245.7510    0    6 90558.0794 88245.7510  2.55%     -    0s

Cutting planes:
  Implied bound: 158
  MIR: 9
  Flow cover: 7
  Relax-and-lift: 11

Explored 4645 nodes (101660 simplex iterations) in 0.37 seconds (0.86 work units)
Thread count was 8 (of 8 available processors)

Solution count 10: 90558.1 90655.8 91465.2 ... 4.971e+06

Optimal solution found (tolerance 1.00e-04)
Best objective 9.055807937306e+04, best bound 9.055807937306e+04, gap 0.0000%

User-callback calls 9634, time in user-callback 0.00 sec

Gurobi 12.0.3 (mac64[arm]) logging started Tue Sep 23 14:00:08 2025

Set parameter LogFile to value "Logs/Facility Location Logs/L50/phase1/scenario_generation.log"
Set parameter LogToConsole to value 0

Gurobi 12.0.3 (mac64[arm]) logging started Tue Sep 23 14:00:08 2025

Set parameter LogFile to value "Logs/Facility Location Logs/L50/phase1/scenario_generation.log"
Gurobi Optimizer version 12.0.3 build v12.0.3rc0 (mac64[arm] - Darwin 24.6.0 24G222)

CPU model: Apple M3
Thread count: 8 physical cores, 8 logical processors, using up to 8 threads

Non-default parameters:
LogToConsole  0

Optimize a model with 75 rows, 1325 columns and 2575 nonzeros
Model fingerprint: 0x4fda3bd3
Variable types: 1300 continuous, 25 integer (25 binary)
Coefficient statistics:
  Matrix range     [1e+00, 2e+04]
  Objective range  [8e-03, 8e+03]
  Bounds range     [0e+00, 0e+00]
  RHS range        [9e+02, 1e+04]
Found heuristic solution: objective 5060800.0000
Presolve removed 0 rows and 1 columns
Presolve time: 0.00s
Presolved: 75 rows, 1324 columns, 2574 nonzeros
Variable types: 1300 continuous, 24 integer (24 binary)

Root relaxation: objective 9.275597e+04, 130 iterations, 0.00 seconds (0.00 work units)

    Nodes    |    Current Node    |     Objective Bounds      |     Work
 Expl Unexpl |  Obj  Depth IntInf | Incumbent    BestBd   Gap | It/Node Time

     0     0 92755.9733    0   24 5060800.00 92755.9733  98.2%     -    0s
H    0     0                    229647.97330 92755.9733  59.6%     -    0s
H    0     0                    214797.31402 92755.9733  56.8%     -    0s
H    0     0                    157278.93680 92755.9733  41.0%     -    0s
H    0     0                    129878.61229 93737.4680  27.8%     -    0s
H    0     0                    124567.12358 93737.4680  24.7%     -    0s
H    0     0                    115799.91391 97622.5877  15.7%     -    0s
H    0     0                    102404.34777 97622.5877  4.67%     -    0s
     0     0 97622.5877    0   12 102404.348 97622.5877  4.67%     -    0s
     0     0 97661.3623    0   12 102404.348 97661.3623  4.63%     -    0s
     0     0 98124.0738    0    9 102404.348 98124.0738  4.18%     -    0s
H    0     0                    102117.02650 98149.0171  3.89%     -    0s
H    0     0                    102105.57234 98149.0171  3.87%     -    0s
     0     0 98149.0171    0    9 102105.572 98149.0171  3.87%     -    0s
H    0     0                    100714.35343 98149.0171  2.55%     -    0s
     0     0 98357.9078    0    9 100714.353 98357.9078  2.34%     -    0s
H    0     0                    100403.65501 98391.8088  2.00%     -    0s
     0     0 98391.8088    0    8 100403.655 98391.8088  2.00%     -    0s
     0     0 98392.6428    0    8 100403.655 98392.6428  2.00%     -    0s
     0     0 98528.3922    0    6 100403.655 98528.3922  1.87%     -    0s
H    0     0                    100205.61915 98530.2200  1.67%     -    0s
     0     0 98569.9367    0    4 100205.619 98569.9367  1.63%     -    0s
H    0     0                    100203.54323 98569.9367  1.63%     -    0s
     0     0 98571.3012    0    5 100203.543 98571.3012  1.63%     -    0s
     0     0 98571.3131    0    5 100203.543 98571.3131  1.63%     -    0s
     0     2 98571.3131    0    5 100203.543 98571.3131  1.63%     -    0s

Cutting planes:
  Implied bound: 113
  MIR: 12
  Relax-and-lift: 3

Explored 1447 nodes (30876 simplex iterations) in 0.16 seconds (0.36 work units)
Thread count was 8 (of 8 available processors)

Solution count 10: 100204 100206 100404 ... 214797

Optimal solution found (tolerance 1.00e-04)
Best objective 1.002035432259e+05, best bound 1.002035432259e+05, gap 0.0000%

User-callback calls 3209, time in user-callback 0.00 sec

Gurobi 12.0.3 (mac64[arm]) logging started Tue Sep 23 14:00:08 2025

Set parameter LogFile to value "Logs/Facility Location Logs/L50/phase1/scenario_generation.log"
Set parameter LogToConsole to value 0

Gurobi 12.0.3 (mac64[arm]) logging started Tue Sep 23 14:00:08 2025

Set parameter LogFile to value "Logs/Facility Location Logs/L50/phase1/scenario_generation.log"
Gurobi Optimizer version 12.0.3 build v12.0.3rc0 (mac64[arm] - Darwin 24.6.0 24G222)

CPU model: Apple M3
Thread count: 8 physical cores, 8 logical processors, using up to 8 threads

Non-default parameters:
LogToConsole  0

Optimize a model with 75 rows, 1325 columns and 2575 nonzeros
Model fingerprint: 0x6c537f08
Variable types: 1300 continuous, 25 integer (25 binary)
Coefficient statistics:
  Matrix range     [1e+00, 2e+04]
  Objective range  [8e-03, 8e+03]
  Bounds range     [0e+00, 0e+00]
  RHS range        [4e+02, 8e+03]
Found heuristic solution: objective 3716350.0000
Presolve removed 0 rows and 1 columns
Presolve time: 0.00s
Presolved: 75 rows, 1324 columns, 2574 nonzeros
Variable types: 1300 continuous, 24 integer (24 binary)

Root relaxation: objective 6.669258e+04, 141 iterations, 0.00 seconds (0.00 work units)

    Nodes    |    Current Node    |     Objective Bounds      |     Work
 Expl Unexpl |  Obj  Depth IntInf | Incumbent    BestBd   Gap | It/Node Time

     0     0 66692.5818    0   23 3716350.00 66692.5818  98.2%     -    0s
H    0     0                    209529.08176 66692.5818  68.2%     -    0s
H    0     0                    172449.98075 66692.5818  61.3%     -    0s
H    0     0                    137208.38342 66692.5818  51.4%     -    0s
H    0     0                    131998.80195 66692.5818  49.5%     -    0s
     0     0 71776.7533    0    7 131998.802 71776.7533  45.6%     -    0s
H    0     0                    117113.25333 71873.9122  38.6%     -    0s
H    0     0                    99619.657082 71873.9122  27.9%     -    0s
     0     0 71873.9122    0    7 99619.6571 71873.9122  27.9%     -    0s
H    0     0                    94722.152632 71873.9122  24.1%     -    0s
H    0     0                    73954.425292 71873.9122  2.81%     -    0s
     0     0 72127.0092    0   10 73954.4253 72127.0092  2.47%     -    0s
     0     0 72240.7133    0    9 73954.4253 72240.7133  2.32%     -    0s
H    0     0                    72884.661809 72297.8762  0.81%     -    0s
H    0     0                    72774.768571 72297.8762  0.66%     -    0s
     0     0 72297.8762    0    8 72774.7686 72297.8762  0.66%     -    0s
     0     0 72429.2325    0    5 72774.7686 72429.2325  0.47%     -    0s
H    0     0                    72774.318742 72431.4280  0.47%     -    0s
     0     0 72456.0099    0    7 72774.3187 72456.0099  0.44%     -    0s
     0     0 72456.2109    0    7 72774.3187 72456.2109  0.44%     -    0s
     0     0 72774.3187    0    3 72774.3187 72774.3187  0.00%     -    0s

Cutting planes:
  Implied bound: 78
  MIR: 2
  Flow cover: 6
  Relax-and-lift: 3

Explored 1 nodes (387 simplex iterations) in 0.02 seconds (0.03 work units)
Thread count was 8 (of 8 available processors)

Solution count 10: 72774.3 72774.8 73954.4 ... 209529

Optimal solution found (tolerance 1.00e-04)
Best objective 7.277431874156e+04, best bound 7.277431874156e+04, gap 0.0000%

User-callback calls 241, time in user-callback 0.00 sec

Gurobi 12.0.3 (mac64[arm]) logging started Tue Sep 23 14:00:08 2025

Set parameter LogFile to value "Logs/Facility Location Logs/L50/phase1/scenario_generation.log"
Set parameter LogToConsole to value 0

Gurobi 12.0.3 (mac64[arm]) logging started Tue Sep 23 14:00:08 2025

Set parameter LogFile to value "Logs/Facility Location Logs/L50/phase1/scenario_generation.log"
Gurobi Optimizer version 12.0.3 build v12.0.3rc0 (mac64[arm] - Darwin 24.6.0 24G222)

CPU model: Apple M3
Thread count: 8 physical cores, 8 logical processors, using up to 8 threads

Non-default parameters:
LogToConsole  0

Optimize a model with 75 rows, 1325 columns and 2575 nonzeros
Model fingerprint: 0x3136574d
Variable types: 1300 continuous, 25 integer (25 binary)
Coefficient statistics:
  Matrix range     [1e+00, 2e+04]
  Objective range  [8e-03, 8e+03]
  Bounds range     [0e+00, 0e+00]
  RHS range        [1e+03, 1e+04]
Found heuristic solution: objective 6120900.0000
Presolve removed 0 rows and 1 columns
Presolve time: 0.00s
Presolved: 75 rows, 1324 columns, 2574 nonzeros
Variable types: 1300 continuous, 24 integer (24 binary)

Root relaxation: objective 9.896336e+04, 148 iterations, 0.00 seconds (0.00 work units)

    Nodes    |    Current Node    |     Objective Bounds      |     Work
 Expl Unexpl |  Obj  Depth IntInf | Incumbent    BestBd   Gap | It/Node Time

     0     0 98963.3632    0   24 6120900.00 98963.3632  98.4%     -    0s
H    0     0                    225254.36319 98963.3632  56.1%     -    0s
H    0     0                    210565.96426 98963.3632  53.0%     -    0s
H    0     0                    210508.69020 98963.3632  53.0%     -    0s
H    0     0                    203376.22347 99333.2511  51.2%     -    0s
H    0     0                    181373.50584 103897.744  42.7%     -    0s
H    0     0                    145967.94520 103897.744  28.8%     -    0s
H    0     0                    111924.85151 103897.744  7.17%     -    0s
     0     0 103897.744    0   12 111924.852 103897.744  7.17%     -    0s
     0     0 103938.443    0   12 111924.852 103938.443  7.14%     -    0s
     0     0 104384.554    0    9 111924.852 104384.554  6.74%     -    0s
H    0     0                    111674.23651 104447.213  6.47%     -    0s
H    0     0                    111531.88433 104447.213  6.35%     -    0s
     0     0 104447.213    0    8 111531.884 104447.213  6.35%     -    0s
     0     0 104601.007    0   10 111531.884 104601.007  6.21%     -    0s
H    0     0                    111079.16327 104606.610  5.83%     -    0s
     0     0 104606.610    0   10 111079.163 104606.610  5.83%     -    0s
     0     0 104696.376    0    8 111079.163 104696.376  5.75%     -    0s
H    0     0                    110968.23153 104700.010  5.65%     -    0s
     0     0 104700.010    0    7 110968.232 104700.010  5.65%     -    0s
H    0     0                    110382.59947 104706.212  5.14%     -    0s
     0     0 104706.212    0    4 110382.599 104706.212  5.14%     -    0s
     0     0 104706.757    0    2 110382.599 104706.757  5.14%     -    0s
     0     0 104709.659    0    7 110382.599 104709.659  5.14%     -    0s
     0     0 104709.659    0    7 110382.599 104709.659  5.14%     -    0s
     0     2 104709.673    0    7 110382.599 104709.673  5.14%     -    0s
*  550   341               9    110048.18882 104789.052  4.78%  22.1    0s
H  907   497                    110023.20276 104887.771  4.67%  22.5    0s

Cutting planes:
  Gomory: 1
  Implied bound: 92
  MIR: 21
  Flow cover: 2
  Inf proof: 19
  Relax-and-lift: 3

Explored 13605 nodes (282127 simplex iterations) in 1.22 seconds (2.80 work units)
Thread count was 8 (of 8 available processors)

Solution count 10: 110023 110048 110383 ... 225254

Optimal solution found (tolerance 1.00e-04)
Best objective 1.100232027645e+05, best bound 1.100232027645e+05, gap 0.0000%

User-callback calls 27851, time in user-callback 0.02 sec

Gurobi 12.0.3 (mac64[arm]) logging started Tue Sep 23 14:00:09 2025

Set parameter LogFile to value "Logs/Facility Location Logs/L50/phase1/scenario_generation.log"
Set parameter LogToConsole to value 0

Gurobi 12.0.3 (mac64[arm]) logging started Tue Sep 23 14:00:09 2025

Set parameter LogFile to value "Logs/Facility Location Logs/L50/phase1/scenario_generation.log"
Gurobi Optimizer version 12.0.3 build v12.0.3rc0 (mac64[arm] - Darwin 24.6.0 24G222)

CPU model: Apple M3
Thread count: 8 physical cores, 8 logical processors, using up to 8 threads

Non-default parameters:
LogToConsole  0

Optimize a model with 75 rows, 1325 columns and 2575 nonzeros
Model fingerprint: 0xb505345a
Variable types: 1300 continuous, 25 integer (25 binary)
Coefficient statistics:
  Matrix range     [1e+00, 2e+04]
  Objective range  [8e-03, 8e+03]
  Bounds range     [0e+00, 0e+00]
  RHS range        [1e+03, 1e+04]
Found heuristic solution: objective 5862900.0000
Presolve removed 0 rows and 1 columns
Presolve time: 0.00s
Presolved: 75 rows, 1324 columns, 2574 nonzeros
Variable types: 1300 continuous, 24 integer (24 binary)

Root relaxation: objective 1.041398e+05, 111 iterations, 0.00 seconds (0.00 work units)

    Nodes    |    Current Node    |     Objective Bounds      |     Work
 Expl Unexpl |  Obj  Depth IntInf | Incumbent    BestBd   Gap | It/Node Time

     0     0 104139.773    0   24 5862900.00 104139.773  98.2%     -    0s
H    0     0                    233010.77318 104139.773  55.3%     -    0s
H    0     0                    210831.31894 104139.773  50.6%     -    0s
H    0     0                    205595.25611 104139.773  49.3%     -    0s
H    0     0                    202161.88244 104139.773  48.5%     -    0s
H    0     0                    162023.17002 104139.773  35.7%     -    0s
H    0     0                    153178.68996 108910.937  28.9%     -    0s
H    0     0                    120650.32570 108910.937  9.73%     -    0s
     0     0 108910.937    0    9 120650.326 108910.937  9.73%     -    0s
     0     0 109027.210    0    9 120650.326 109027.210  9.63%     -    0s
H    0     0                    119678.32869 109027.210  8.90%     -    0s
H    0     0                    118446.25897 109418.191  7.62%     -    0s
H    0     0                    112101.94245 109418.191  2.39%     -    0s
H    0     0                    111906.23412 109418.191  2.22%     -    0s
     0     0 109495.429    0    8 111906.234 109495.429  2.15%     -    0s
H    0     0                    111463.91036 109495.429  1.77%     -    0s
     0     0 109495.429    0    8 111463.910 109495.429  1.77%     -    0s
H    0     0                    111396.63378 109495.429  1.71%     -    0s
     0     0 109676.332    0   10 111396.634 109676.332  1.54%     -    0s
     0     0 109693.900    0   10 111396.634 109693.900  1.53%     -    0s
H    0     0                    111286.04906 109693.900  1.43%     -    0s
H    0     0                    111168.21732 109773.089  1.25%     -    0s
     0     0 109773.089    0    6 111168.217 109773.089  1.25%     -    0s
H    0     0                    111012.69556 109777.622  1.11%     -    0s
     0     0 109778.133    0    5 111012.696 109778.133  1.11%     -    0s
     0     0 109808.466    0    6 111012.696 109808.466  1.08%     -    0s
     0     0 109819.977    0    6 111012.696 109819.977  1.07%     -    0s
     0     0 109826.170    0    6 111012.696 109826.170  1.07%     -    0s
     0     0 109826.197    0    6 111012.696 109826.197  1.07%     -    0s
     0     2 109826.197    0    6 111012.696 109826.197  1.07%     -    0s

Cutting planes:
  Implied bound: 126
  MIR: 5
  Relax-and-lift: 4

Explored 2707 nodes (57035 simplex iterations) in 0.30 seconds (0.57 work units)
Thread count was 8 (of 8 available processors)

Solution count 10: 111013 111168 111397 ... 202162

Optimal solution found (tolerance 1.00e-04)
Best objective 1.110126955639e+05, best bound 1.110126955639e+05, gap 0.0000%

User-callback calls 5772, time in user-callback 0.00 sec

Gurobi 12.0.3 (mac64[arm]) logging started Tue Sep 23 14:00:10 2025

Set parameter LogFile to value "Logs/Facility Location Logs/L50/phase1/scenario_generation.log"
Set parameter LogToConsole to value 0

Gurobi 12.0.3 (mac64[arm]) logging started Tue Sep 23 14:00:10 2025

Set parameter LogFile to value "Logs/Facility Location Logs/L50/phase1/scenario_generation.log"
Gurobi Optimizer version 12.0.3 build v12.0.3rc0 (mac64[arm] - Darwin 24.6.0 24G222)

CPU model: Apple M3
Thread count: 8 physical cores, 8 logical processors, using up to 8 threads

Non-default parameters:
LogToConsole  0

Optimize a model with 75 rows, 1325 columns and 2575 nonzeros
Model fingerprint: 0x636afa8a
Variable types: 1300 continuous, 25 integer (25 binary)
Coefficient statistics:
  Matrix range     [1e+00, 2e+04]
  Objective range  [8e-03, 8e+03]
  Bounds range     [0e+00, 0e+00]
  RHS range        [1e+03, 1e+04]
Found heuristic solution: objective 5970950.0000
Presolve removed 0 rows and 1 columns
Presolve time: 0.00s
Presolved: 75 rows, 1324 columns, 2574 nonzeros
Variable types: 1300 continuous, 24 integer (24 binary)

Root relaxation: objective 1.035884e+05, 104 iterations, 0.00 seconds (0.00 work units)

    Nodes    |    Current Node    |     Objective Bounds      |     Work
 Expl Unexpl |  Obj  Depth IntInf | Incumbent    BestBd   Gap | It/Node Time

     0     0 103588.445    0   24 5970950.00 103588.445  98.3%     -    0s
H    0     0                    231378.94484 103588.445  55.2%     -    0s
H    0     0                    209288.67462 103588.445  50.5%     -    0s
H    0     0                    209287.29176 103588.445  50.5%     -    0s
H    0     0                    195561.35700 103588.445  47.0%     -    0s
H    0     0                    195176.49626 103588.445  46.9%     -    0s
H    0     0                    187577.59701 103588.445  44.8%     -    0s
H    0     0                    151661.88319 108671.318  28.3%     -    0s
H    0     0                    118330.03035 108671.318  8.16%     -    0s
H    0     0                    118306.12434 108671.318  8.14%     -    0s
     0     0 108671.318    0   12 118306.124 108671.318  8.14%     -    0s
H    0     0                    115140.16632 108769.702  5.53%     -    0s
H    0     0                    115083.68776 108769.702  5.49%     -    0s
     0     0 108769.702    0   11 115083.688 108769.702  5.49%     -    0s
H    0     0                    109817.85282 109221.199  0.54%     -    0s
     0     0 109221.199    0   10 109817.853 109221.199  0.54%     -    0s
     0     0 109271.596    0   12 109817.853 109271.596  0.50%     -    0s
     0     0 109449.030    0   13 109817.853 109449.030  0.34%     -    0s
     0     0 109456.801    0    8 109817.853 109456.801  0.33%     -    0s
     0     0 109457.064    0    8 109817.853 109457.064  0.33%     -    0s
     0     0 109496.044    0    6 109817.853 109496.044  0.29%     -    0s
H    0     0                    109784.50207 109496.044  0.26%     -    0s
     0     0 109496.264    0    6 109784.502 109496.264  0.26%     -    0s
     0     0 109500.463    0    5 109784.502 109500.463  0.26%     -    0s
     0     0 109500.493    0    5 109784.502 109500.493  0.26%     -    0s
     0     0 109504.475    0    5 109784.502 109504.475  0.26%     -    0s
     0     0 109504.475    0    5 109784.502 109504.475  0.26%     -    0s
     0     0 109504.475    0   17 109784.502 109504.475  0.26%     -    0s
     0     0 109504.475    0   12 109784.502 109504.475  0.26%     -    0s
     0     0 109504.475    0    9 109784.502 109504.475  0.26%     -    0s
     0     0 109504.475    0   10 109784.502 109504.475  0.26%     -    0s
     0     0 109504.475    0    9 109784.502 109504.475  0.26%     -    0s
     0     0 109504.475    0    6 109784.502 109504.475  0.26%     -    0s
     0     0 109504.475    0    5 109784.502 109504.475  0.26%     -    0s
     0     0 109504.475    0    5 109784.502 109504.475  0.26%     -    0s
     0     0 109505.663    0    5 109784.502 109505.663  0.25%     -    0s
     0     0 109505.961    0    5 109784.502 109505.961  0.25%     -    0s
     0     0 109506.507    0    5 109784.502 109506.507  0.25%     -    0s
     0     0 109506.507    0    5 109784.502 109506.507  0.25%     -    0s
     0     2 109506.507    0    5 109784.502 109506.507  0.25%     -    0s

Cutting planes:
  Implied bound: 51
  MIR: 12
  Flow cover: 4
  Relax-and-lift: 10

Explored 37 nodes (1289 simplex iterations) in 0.06 seconds (0.08 work units)
Thread count was 8 (of 8 available processors)

Solution count 10: 109785 109818 115084 ... 231379

Optimal solution found (tolerance 1.00e-04)
Best objective 1.097845020743e+05, best bound 1.097845020743e+05, gap 0.0000%

User-callback calls 415, time in user-callback 0.00 sec

Gurobi 12.0.3 (mac64[arm]) logging started Tue Sep 23 14:00:10 2025

Set parameter LogFile to value "Logs/Facility Location Logs/L50/phase1/scenario_generation.log"
Set parameter LogToConsole to value 0

Gurobi 12.0.3 (mac64[arm]) logging started Tue Sep 23 14:00:10 2025

Set parameter LogFile to value "Logs/Facility Location Logs/L50/phase1/scenario_generation.log"
Gurobi Optimizer version 12.0.3 build v12.0.3rc0 (mac64[arm] - Darwin 24.6.0 24G222)

CPU model: Apple M3
Thread count: 8 physical cores, 8 logical processors, using up to 8 threads

Non-default parameters:
LogToConsole  0

Optimize a model with 75 rows, 1325 columns and 2575 nonzeros
Model fingerprint: 0x9fcf5c33
Variable types: 1300 continuous, 25 integer (25 binary)
Coefficient statistics:
  Matrix range     [1e+00, 2e+04]
  Objective range  [8e-03, 8e+03]
  Bounds range     [0e+00, 0e+00]
  RHS range        [6e+02, 6e+03]
Found heuristic solution: objective 3683100.0000
Presolve removed 0 rows and 1 columns
Presolve time: 0.00s
Presolved: 75 rows, 1324 columns, 2574 nonzeros
Variable types: 1300 continuous, 24 integer (24 binary)

Root relaxation: objective 5.151297e+04, 160 iterations, 0.00 seconds (0.00 work units)

    Nodes    |    Current Node    |     Objective Bounds      |     Work
 Expl Unexpl |  Obj  Depth IntInf | Incumbent    BestBd   Gap | It/Node Time

     0     0 51512.9683    0   23 3683100.00 51512.9683  98.6%     -    0s
H    0     0                    194681.96826 51512.9683  73.5%     -    0s
H    0     0                    172388.77608 51512.9683  70.1%     -    0s
H    0     0                    147736.19837 51512.9683  65.1%     -    0s
H    0     0                    122123.43733 56299.4355  53.9%     -    0s
H    0     0                    87318.056876 56299.4355  35.5%     -    0s
     0     0 56299.4355    0   11 87318.0569 56299.4355  35.5%     -    0s
H    0     0                    85927.737143 56403.5617  34.4%     -    0s
H    0     0                    80136.828055 56403.5617  29.6%     -    0s
H    0     0                    60851.799198 56403.5617  7.31%     -    0s
     0     0 56780.4609    0    5 60851.7992 56780.4609  6.69%     -    0s
H    0     0                    58031.641811 56780.4609  2.16%     -    0s
H    0     0                    58017.903079 56780.4609  2.13%     -    0s
     0     0 56796.7393    0    5 58017.9031 56796.7393  2.10%     -    0s
H    0     0                    57884.972855 56854.6956  1.78%     -    0s
     0     0 56854.6956    0    8 57884.9729 56854.6956  1.78%     -    0s
     0     0 56858.7435    0    8 57884.9729 56858.7435  1.77%     -    0s
     0     0 56974.0239    0    4 57884.9729 56974.0239  1.57%     -    0s
H    0     0                    57793.007778 56974.1582  1.42%     -    0s
H    0     0                    57587.031425 56974.1582  1.06%     -    0s
     0     0 57062.9576    0    2 57587.0314 57062.9576  0.91%     -    0s
     0     0 57063.0425    0    2 57587.0314 57063.0425  0.91%     -    0s
     0     0 57064.4212    0    2 57587.0314 57064.4212  0.91%     -    0s
     0     0 57064.4212    0    2 57587.0314 57064.4212  0.91%     -    0s
     0     0 57064.4492    0   10 57587.0314 57064.4492  0.91%     -    0s
     0     0 57064.4492    0    8 57587.0314 57064.4492  0.91%     -    0s
     0     0 57064.4492    0    7 57587.0314 57064.4492  0.91%     -    0s
     0     0 57064.4492    0    6 57587.0314 57064.4492  0.91%     -    0s
     0     0 57064.4492    0    9 57587.0314 57064.4492  0.91%     -    0s
     0     0 57064.4492    0    5 57587.0314 57064.4492  0.91%     -    0s
     0     0 57064.4492    0    5 57587.0314 57064.4492  0.91%     -    0s
     0     0 57064.4492    0    7 57587.0314 57064.4492  0.91%     -    0s
     0     0 57064.4492    0    5 57587.0314 57064.4492  0.91%     -    0s
     0     0 57064.4492    0    3 57587.0314 57064.4492  0.91%     -    0s
     0     0 57064.4492    0    3 57587.0314 57064.4492  0.91%     -    0s
     0     0 57064.4492    0    2 57587.0314 57064.4492  0.91%     -    0s
     0     0 57064.8097    0    2 57587.0314 57064.8097  0.91%     -    0s
     0     0 57065.0113    0    2 57587.0314 57065.0113  0.91%     -    0s
     0     0 57382.6697    0    2 57587.0314 57382.6697  0.35%     -    0s
     0     0 57385.1368    0    2 57587.0314 57385.1368  0.35%     -    0s
     0     2 57385.1368    0    2 57587.0314 57385.1368  0.35%     -    0s

Cutting planes:
  Implied bound: 74
  MIR: 5
  Flow cover: 2
  Relax-and-lift: 2

Explored 29 nodes (1469 simplex iterations) in 0.06 seconds (0.09 work units)
Thread count was 8 (of 8 available processors)

Solution count 10: 57587 57885 58017.9 ... 172389

Optimal solution found (tolerance 1.00e-04)
Best objective 5.758703142525e+04, best bound 5.758703142525e+04, gap 0.0000%

User-callback calls 399, time in user-callback 0.00 sec

Gurobi 12.0.3 (mac64[arm]) logging started Tue Sep 23 14:00:10 2025

Set parameter LogFile to value "Logs/Facility Location Logs/L50/phase1/scenario_generation.log"
Set parameter LogToConsole to value 0

Gurobi 12.0.3 (mac64[arm]) logging started Tue Sep 23 14:00:10 2025

Set parameter LogFile to value "Logs/Facility Location Logs/L50/phase1/scenario_generation.log"
Gurobi Optimizer version 12.0.3 build v12.0.3rc0 (mac64[arm] - Darwin 24.6.0 24G222)

CPU model: Apple M3
Thread count: 8 physical cores, 8 logical processors, using up to 8 threads

Non-default parameters:
LogToConsole  0

Optimize a model with 75 rows, 1325 columns and 2575 nonzeros
Model fingerprint: 0x71a0a4b0
Variable types: 1300 continuous, 25 integer (25 binary)
Coefficient statistics:
  Matrix range     [1e+00, 2e+04]
  Objective range  [8e-03, 8e+03]
  Bounds range     [0e+00, 0e+00]
  RHS range        [7e+02, 2e+04]
Found heuristic solution: objective 4860900.0000
Presolve removed 0 rows and 1 columns
Presolve time: 0.00s
Presolved: 75 rows, 1324 columns, 2574 nonzeros
Variable types: 1300 continuous, 24 integer (24 binary)

Root relaxation: objective 9.620777e+04, 133 iterations, 0.00 seconds (0.00 work units)

    Nodes    |    Current Node    |     Objective Bounds      |     Work
 Expl Unexpl |  Obj  Depth IntInf | Incumbent    BestBd   Gap | It/Node Time

     0     0 96207.7743    0   22 4860900.00 96207.7743  98.0%     -    0s
H    0     0                    227598.77430 96207.7743  57.7%     -    0s
H    0     0                    213041.76209 96207.7743  54.8%     -    0s
H    0     0                    205447.85044 96207.7743  53.2%     -    0s
H    0     0                    197874.58289 96207.7743  51.4%     -    0s
H    0     0                    155910.97841 96304.9871  38.2%     -    0s
H    0     0                    155859.95393 100582.004  35.5%     -    0s
H    0     0                    120664.44253 100582.004  16.6%     -    0s
     0     0 100582.004    0    9 120664.443 100582.004  16.6%     -    0s
H    0     0                    113249.79371 100631.812  11.1%     -    0s
H    0     0                    106822.26252 100631.812  5.80%     -    0s
     0     0 100631.812    0    9 106822.263 100631.812  5.80%     -    0s
     0     0 100970.740    0    6 106822.263 100970.740  5.48%     -    0s
H    0     0                    106672.45556 100976.384  5.34%     -    0s
     0     0 100976.384    0    7 106672.456 100976.384  5.34%     -    0s
     0     0 100976.384    0    6 106672.456 100976.384  5.34%     -    0s
H    0     0                    106269.60684 101240.040  4.73%     -    0s
     0     0 101240.040    0    7 106269.607 101240.040  4.73%     -    0s
H    0     0                    105807.02612 101263.565  4.29%     -    0s
H    0     0                    105293.13725 101263.565  3.83%     -    0s
     0     0 101263.565    0    8 105293.137 101263.565  3.83%     -    0s
H    0     0                    105267.98455 101382.952  3.69%     -    0s
H    0     0                    105026.87776 101382.952  3.47%     -    0s
     0     0 101382.952    0    5 105026.878 101382.952  3.47%     -    0s
     0     0 101384.867    0    4 105026.878 101384.867  3.47%     -    0s
     0     0 101436.982    0    1 105026.878 101436.982  3.42%     -    0s
     0     0 101443.084    0    4 105026.878 101443.084  3.41%     -    0s
     0     0 101443.084    0    4 105026.878 101443.084  3.41%     -    0s
H    0     0                    104872.86228 101443.084  3.27%     -    0s
     0     2 101443.102    0    4 104872.862 101443.102  3.27%     -    0s
H   36    56                    104854.08697 101458.364  3.24%  21.0    0s
* 1481   440              10    104824.92311 102709.963  2.02%  20.2    0s

Cutting planes:
  Implied bound: 104
  MIR: 2
  Inf proof: 1
  Relax-and-lift: 4

Explored 2578 nodes (54989 simplex iterations) in 0.26 seconds (0.49 work units)
Thread count was 8 (of 8 available processors)

Solution count 10: 104825 104854 105807 ... 205448

Optimal solution found (tolerance 1.00e-04)
Best objective 1.048249231112e+05, best bound 1.048249231112e+05, gap 0.0000%

User-callback calls 5508, time in user-callback 0.00 sec

Gurobi 12.0.3 (mac64[arm]) logging started Tue Sep 23 14:00:10 2025

Set parameter LogFile to value "Logs/Facility Location Logs/L50/phase1/scenario_generation.log"
Set parameter LogToConsole to value 0

Gurobi 12.0.3 (mac64[arm]) logging started Tue Sep 23 14:00:10 2025

Set parameter LogFile to value "Logs/Facility Location Logs/L50/phase1/scenario_generation.log"
Gurobi Optimizer version 12.0.3 build v12.0.3rc0 (mac64[arm] - Darwin 24.6.0 24G222)

CPU model: Apple M3
Thread count: 8 physical cores, 8 logical processors, using up to 8 threads

Non-default parameters:
LogToConsole  0

Optimize a model with 75 rows, 1325 columns and 2575 nonzeros
Model fingerprint: 0xfec42c4c
Variable types: 1300 continuous, 25 integer (25 binary)
Coefficient statistics:
  Matrix range     [1e+00, 2e+04]
  Objective range  [8e-03, 8e+03]
  Bounds range     [0e+00, 0e+00]
  RHS range        [1e+03, 1e+04]
Found heuristic solution: objective 6382200.0000
Presolve removed 0 rows and 1 columns
Presolve time: 0.00s
Presolved: 75 rows, 1324 columns, 2574 nonzeros
Variable types: 1300 continuous, 24 integer (24 binary)

Root relaxation: objective 1.103286e+05, 122 iterations, 0.00 seconds (0.00 work units)

    Nodes    |    Current Node    |     Objective Bounds      |     Work
 Expl Unexpl |  Obj  Depth IntInf | Incumbent    BestBd   Gap | It/Node Time

     0     0 110328.618    0   24 6382200.00 110328.618  98.3%     -    0s
H    0     0                    234006.61846 110328.618  52.9%     -    0s
H    0     0                    211933.65499 110328.618  47.9%     -    0s
H    0     0                    197596.76408 110328.618  44.2%     -    0s
H    0     0                    189909.01290 110328.618  41.9%     -    0s
H    0     0                    164347.92667 110509.390  32.8%     -    0s
H    0     0                    154699.47969 114959.060  25.7%     -    0s
H    0     0                    120369.32504 114959.060  4.49%     -    0s
     0     0 114959.060    0    9 120369.325 114959.060  4.49%     -    0s
H    0     0                    119715.18208 115058.576  3.89%     -    0s
     0     0 115058.576    0    9 119715.182 115058.576  3.89%     -    0s
     0     0 115483.076    0    8 119715.182 115483.076  3.54%     -    0s
     0     0 115530.046    0    7 119715.182 115530.046  3.50%     -    0s
     0     0 115662.204    0   11 119715.182 115662.204  3.39%     -    0s
H    0     0                    118973.31686 115662.901  2.78%     -    0s
     0     0 115684.450    0   11 118973.317 115684.450  2.76%     -    0s
     0     0 115685.614    0   11 118973.317 115685.614  2.76%     -    0s
H    0     0                    118893.28059 115685.614  2.70%     -    0s
     0     0 115773.413    0    9 118893.281 115773.413  2.62%     -    0s
H    0     0                    118826.57950 115773.413  2.57%     -    0s
     0     0 115780.226    0    8 118826.580 115780.226  2.56%     -    0s
     0     0 115780.448    0    6 118826.580 115780.448  2.56%     -    0s
     0     0 115791.537    0    6 118826.580 115791.537  2.55%     -    0s
     0     0 115791.595    0    6 118826.580 115791.595  2.55%     -    0s
     0     0 115795.932    0    6 118826.580 115795.932  2.55%     -    0s
     0     0 115795.932    0    6 118826.580 115795.932  2.55%     -    0s
     0     2 115795.947    0    6 118826.580 115795.947  2.55%     -    0s

Cutting planes:
  Implied bound: 148
  MIR: 16
  Flow cover: 4
  Inf proof: 7
  Relax-and-lift: 5

Explored 8445 nodes (186675 simplex iterations) in 0.61 seconds (1.43 work units)
Thread count was 8 (of 8 available processors)

Solution count 10: 118827 118893 118973 ... 211934

Optimal solution found (tolerance 1.00e-04)
Best objective 1.188265795012e+05, best bound 1.188265795012e+05, gap 0.0000%

User-callback calls 17282, time in user-callback 0.00 sec

Gurobi 12.0.3 (mac64[arm]) logging started Tue Sep 23 14:00:11 2025

Set parameter LogFile to value "Logs/Facility Location Logs/L50/phase1/scenario_generation.log"
Set parameter LogToConsole to value 0

Gurobi 12.0.3 (mac64[arm]) logging started Tue Sep 23 14:00:11 2025

Set parameter LogFile to value "Logs/Facility Location Logs/L50/phase1/scenario_generation.log"
Gurobi Optimizer version 12.0.3 build v12.0.3rc0 (mac64[arm] - Darwin 24.6.0 24G222)

CPU model: Apple M3
Thread count: 8 physical cores, 8 logical processors, using up to 8 threads

Non-default parameters:
LogToConsole  0

Optimize a model with 75 rows, 1325 columns and 2575 nonzeros
Model fingerprint: 0x625c91e6
Variable types: 1300 continuous, 25 integer (25 binary)
Coefficient statistics:
  Matrix range     [1e+00, 2e+04]
  Objective range  [8e-03, 8e+03]
  Bounds range     [0e+00, 0e+00]
  RHS range        [1e+03, 1e+04]
Found heuristic solution: objective 5679500.0000
Presolve removed 0 rows and 1 columns
Presolve time: 0.00s
Presolved: 75 rows, 1324 columns, 2574 nonzeros
Variable types: 1300 continuous, 24 integer (24 binary)

Root relaxation: objective 9.932762e+04, 136 iterations, 0.00 seconds (0.00 work units)

    Nodes    |    Current Node    |     Objective Bounds      |     Work
 Expl Unexpl |  Obj  Depth IntInf | Incumbent    BestBd   Gap | It/Node Time

     0     0 99327.6231    0   24 5679500.00 99327.6231  98.3%     -    0s
H    0     0                    230032.62310 99327.6231  56.8%     -    0s
H    0     0                    207950.07241 99327.6231  52.2%     -    0s
H    0     0                    201175.32818 99327.6231  50.6%     -    0s
H    0     0                    197682.77707 99327.6231  49.8%     -    0s
H    0     0                    187921.12784 99327.6231  47.1%     -    0s
H    0     0                    186299.64008 104358.222  44.0%     -    0s
H    0     0                    149652.48296 104358.222  30.3%     -    0s
H    0     0                    120136.13685 104358.222  13.1%     -    0s
     0     0 104358.222    0   11 120136.137 104358.222  13.1%     -    0s
H    0     0                    115805.87187 104477.699  9.78%     -    0s
H    0     0                    110422.60516 104477.699  5.38%     -    0s
     0     0 104477.699    0   11 110422.605 104477.699  5.38%     -    0s
H    0     0                    110402.55041 104477.699  5.37%     -    0s
     0     0 104880.846    0    8 110402.550 104880.846  5.00%     -    0s
H    0     0                    109726.25338 104903.592  4.40%     -    0s
H    0     0                    108367.40844 104903.592  3.20%     -    0s
     0     0 104903.592    0    9 108367.408 104903.592  3.20%     -    0s
H    0     0                    107659.27721 104903.592  2.56%     -    0s
     0     0 105058.440    0    6 107659.277 105058.440  2.42%     -    0s
     0     0 105080.975    0    5 107659.277 105080.975  2.39%     -    0s
     0     0 105171.238    0    7 107659.277 105171.238  2.31%     -    0s
     0     0 105172.277    0    7 107659.277 105172.277  2.31%     -    0s
     0     0 105204.579    0    2 107659.277 105204.579  2.28%     -    0s
     0     0 105213.830    0    2 107659.277 105213.830  2.27%     -    0s
     0     0 105218.979    0    2 107659.277 105218.979  2.27%     -    0s
     0     0 105218.979    0    2 107659.277 105218.979  2.27%     -    0s
     0     0 105247.819    0    3 107659.277 105247.819  2.24%     -    0s
     0     0 105253.362    0    5 107659.277 105253.362  2.23%     -    0s
     0     0 105253.630    0    5 107659.277 105253.630  2.23%     -    0s
     0     0 105269.106    0    4 107659.277 105269.106  2.22%     -    0s
     0     0 105271.413    0    4 107659.277 105271.413  2.22%     -    0s
     0     2 105271.495    0    4 107659.277 105271.495  2.22%     -    0s

Cutting planes:
  Implied bound: 152
  MIR: 14
  Flow cover: 4
  Inf proof: 1
  Relax-and-lift: 18

Explored 7169 nodes (152968 simplex iterations) in 0.51 seconds (1.21 work units)
Thread count was 8 (of 8 available processors)

Solution count 10: 107659 109726 110403 ... 201175

Optimal solution found (tolerance 1.00e-04)
Best objective 1.076592772102e+05, best bound 1.076592772102e+05, gap 0.0000%

User-callback calls 14764, time in user-callback 0.00 sec

Gurobi 12.0.3 (mac64[arm]) logging started Tue Sep 23 14:00:11 2025

Set parameter LogFile to value "Logs/Facility Location Logs/L50/phase1/scenario_generation.log"
Set parameter LogToConsole to value 0

Gurobi 12.0.3 (mac64[arm]) logging started Tue Sep 23 14:00:11 2025

Set parameter LogFile to value "Logs/Facility Location Logs/L50/phase1/scenario_generation.log"
Gurobi Optimizer version 12.0.3 build v12.0.3rc0 (mac64[arm] - Darwin 24.6.0 24G222)

CPU model: Apple M3
Thread count: 8 physical cores, 8 logical processors, using up to 8 threads

Non-default parameters:
LogToConsole  0

Optimize a model with 75 rows, 1325 columns and 2575 nonzeros
Model fingerprint: 0xa4d94270
Variable types: 1300 continuous, 25 integer (25 binary)
Coefficient statistics:
  Matrix range     [1e+00, 2e+04]
  Objective range  [8e-03, 8e+03]
  Bounds range     [0e+00, 0e+00]
  RHS range        [8e+02, 1e+04]
Found heuristic solution: objective 4905750.0000
Presolve removed 0 rows and 1 columns
Presolve time: 0.00s
Presolved: 75 rows, 1324 columns, 2574 nonzeros
Variable types: 1300 continuous, 24 integer (24 binary)

Root relaxation: objective 8.512149e+04, 110 iterations, 0.00 seconds (0.00 work units)

    Nodes    |    Current Node    |     Objective Bounds      |     Work
 Expl Unexpl |  Obj  Depth IntInf | Incumbent    BestBd   Gap | It/Node Time

     0     0 85121.4886    0   24 4905750.00 85121.4886  98.3%     -    0s
H    0     0                    223563.98864 85121.4886  61.9%     -    0s
H    0     0                    201289.22318 85121.4886  57.7%     -    0s
H    0     0                    165638.94474 85121.4886  48.6%     -    0s
H    0     0                    143191.44807 89814.5057  37.3%     -    0s
H    0     0                    108140.15990 89814.5057  16.9%     -    0s
H    0     0                    94292.895370 89814.5057  4.75%     -    0s
     0     0 89814.5057    0   13 94292.8954 89814.5057  4.75%     -    0s
     0     0 89872.6352    0   13 94292.8954 89872.6352  4.69%     -    0s
     0     0 90348.3597    0   10 94292.8954 90348.3597  4.18%     -    0s
     0     0 90396.5437    0   10 94292.8954 90396.5437  4.13%     -    0s
H    0     0                    94013.754721 90396.5437  3.85%     -    0s
H    0     0                    93817.093111 90396.5437  3.65%     -    0s
     0     0 90621.3944    0   11 93817.0931 90621.3944  3.41%     -    0s
     0     0 90654.9746    0   11 93817.0931 90654.9746  3.37%     -    0s
     0     0 90781.0450    0   10 93817.0931 90781.0450  3.24%     -    0s
     0     0 90791.7553    0    9 93817.0931 90791.7553  3.22%     -    0s
     0     0 90814.0291    0    9 93817.0931 90814.0291  3.20%     -    0s
     0     0 90815.0054    0    9 93817.0931 90815.0054  3.20%     -    0s
     0     0 90856.3110    0    3 93817.0931 90856.3110  3.16%     -    0s
     0     0 90856.4738    0    3 93817.0931 90856.4738  3.16%     -    0s
     0     0 90859.5209    0    4 93817.0931 90859.5209  3.15%     -    0s
     0     0 90859.5209    0    4 93817.0931 90859.5209  3.15%     -    0s
H    0     0                    93795.054842 90859.5209  3.13%     -    0s
     0     2 90859.5376    0    4 93795.0548 90859.5376  3.13%     -    0s

Cutting planes:
  Implied bound: 146
  MIR: 11
  Flow cover: 10
  Inf proof: 2
  Relax-and-lift: 9

Explored 4654 nodes (98324 simplex iterations) in 0.35 seconds (0.80 work units)
Thread count was 8 (of 8 available processors)

Solution count 10: 93795.1 93817.1 94013.8 ... 4.90575e+06

Optimal solution found (tolerance 1.00e-04)
Best objective 9.379505484169e+04, best bound 9.379505484169e+04, gap 0.0000%

User-callback calls 9680, time in user-callback 0.00 sec

Gurobi 12.0.3 (mac64[arm]) logging started Tue Sep 23 14:00:12 2025

Set parameter LogFile to value "Logs/Facility Location Logs/L50/phase1/scenario_generation.log"
Set parameter LogToConsole to value 0

Gurobi 12.0.3 (mac64[arm]) logging started Tue Sep 23 14:00:12 2025

Set parameter LogFile to value "Logs/Facility Location Logs/L50/phase1/scenario_generation.log"
Gurobi Optimizer version 12.0.3 build v12.0.3rc0 (mac64[arm] - Darwin 24.6.0 24G222)

CPU model: Apple M3
Thread count: 8 physical cores, 8 logical processors, using up to 8 threads

Non-default parameters:
LogToConsole  0

Optimize a model with 75 rows, 1325 columns and 2575 nonzeros
Model fingerprint: 0x8923446c
Variable types: 1300 continuous, 25 integer (25 binary)
Coefficient statistics:
  Matrix range     [1e+00, 2e+04]
  Objective range  [8e-03, 8e+03]
  Bounds range     [0e+00, 0e+00]
  RHS range        [9e+02, 1e+04]
Found heuristic solution: objective 4916500.0000
Presolve removed 0 rows and 1 columns
Presolve time: 0.00s
Presolved: 75 rows, 1324 columns, 2574 nonzeros
Variable types: 1300 continuous, 24 integer (24 binary)

Root relaxation: objective 8.870092e+04, 152 iterations, 0.00 seconds (0.00 work units)

    Nodes    |    Current Node    |     Objective Bounds      |     Work
 Expl Unexpl |  Obj  Depth IntInf | Incumbent    BestBd   Gap | It/Node Time

     0     0 88700.9171    0   24 4916500.00 88700.9171  98.2%     -    0s
H    0     0                    227035.91705 88700.9171  60.9%     -    0s
H    0     0                    204807.46634 88700.9171  56.7%     -    0s
H    0     0                    184847.99740 88700.9171  52.0%     -    0s
H    0     0                    178836.14395 88700.9171  50.4%     -    0s
H    0     0                    173619.53109 88700.9171  48.9%     -    0s
H    0     0                    146536.78237 88700.9171  39.5%     -    0s
H    0     0                    111862.26801 88700.9171  20.7%     -    0s
H    0     0                    99043.850367 93577.3836  5.52%     -    0s
H    0     0                    98523.542778 93577.3836  5.02%     -    0s
     0     0 93577.3836    0   14 98523.5428 93577.3836  5.02%     -    0s
H    0     0                    98315.194353 93695.9652  4.70%     -    0s
H    0     0                    98025.887419 93695.9652  4.42%     -    0s
     0     0 93695.9652    0   13 98025.8874 93695.9652  4.42%     -    0s
     0     0 94211.6433    0   10 98025.8874 94211.6433  3.89%     -    0s
H    0     0                    97885.390758 94211.6433  3.75%     -    0s
     0     0 94211.6433    0    8 97885.3908 94211.6433  3.75%     -    0s
H    0     0                    97509.553950 94359.5711  3.23%     -    0s
     0     0 94359.5711    0    9 97509.5540 94359.5711  3.23%     -    0s
     0     0 94377.6282    0    9 97509.5540 94377.6282  3.21%     -    0s
     0     0 94524.7634    0    9 97509.5540 94524.7634  3.06%     -    0s
     0     0 94531.4487    0    8 97509.5540 94531.4487  3.05%     -    0s
     0     0 94531.8050    0    8 97509.5540 94531.8050  3.05%     -    0s
     0     0 94592.7027    0    4 97509.5540 94592.7027  2.99%     -    0s
     0     0 94593.8712    0    4 97509.5540 94593.8712  2.99%     -    0s
     0     0 94597.1743    0    3 97509.5540 94597.1743  2.99%     -    0s
     0     0 94598.2350    0    3 97509.5540 94598.2350  2.99%     -    0s
H    0     0                    97441.891997 94598.2350  2.92%     -    0s
     0     0 94598.8569    0    4 97441.8920 94598.8569  2.92%     -    0s
     0     0 94598.8569    0    4 97441.8920 94598.8569  2.92%     -    0s
     0     2 94598.8674    0    4 97441.8920 94598.8674  2.92%     -    0s

Cutting planes:
  Implied bound: 133
  MIR: 9
  Flow cover: 8
  Inf proof: 1
  Relax-and-lift: 7

Explored 4575 nodes (104456 simplex iterations) in 0.38 seconds (0.87 work units)
Thread count was 8 (of 8 available processors)

Solution count 10: 97441.9 97509.6 98025.9 ... 204807

Optimal solution found (tolerance 1.00e-04)
Best objective 9.744189199706e+04, best bound 9.744189199706e+04, gap 0.0000%

User-callback calls 9532, time in user-callback 0.00 sec

Gurobi 12.0.3 (mac64[arm]) logging started Tue Sep 23 14:00:12 2025

Set parameter LogFile to value "Logs/Facility Location Logs/L50/phase1/scenario_generation.log"
Set parameter LogToConsole to value 0

Gurobi 12.0.3 (mac64[arm]) logging started Tue Sep 23 14:00:12 2025

Set parameter LogFile to value "Logs/Facility Location Logs/L50/phase1/scenario_generation.log"
Gurobi Optimizer version 12.0.3 build v12.0.3rc0 (mac64[arm] - Darwin 24.6.0 24G222)

CPU model: Apple M3
Thread count: 8 physical cores, 8 logical processors, using up to 8 threads

Non-default parameters:
LogToConsole  0

Optimize a model with 75 rows, 1325 columns and 2575 nonzeros
Model fingerprint: 0x7262076f
Variable types: 1300 continuous, 25 integer (25 binary)
Coefficient statistics:
  Matrix range     [1e+00, 2e+04]
  Objective range  [8e-03, 8e+03]
  Bounds range     [0e+00, 0e+00]
  RHS range        [1e+03, 2e+04]
Found heuristic solution: objective 6167350.0000
Presolve removed 0 rows and 1 columns
Presolve time: 0.00s
Presolved: 75 rows, 1324 columns, 2574 nonzeros
Variable types: 1300 continuous, 24 integer (24 binary)

Root relaxation: objective 1.176959e+05, 112 iterations, 0.00 seconds (0.00 work units)

    Nodes    |    Current Node    |     Objective Bounds      |     Work
 Expl Unexpl |  Obj  Depth IntInf | Incumbent    BestBd   Gap | It/Node Time

     0     0 117695.863    0   23 6167350.00 117695.863  98.1%     -    0s
H    0     0                    243522.36303 117695.863  51.7%     -    0s
H    0     0                    207490.81614 117695.863  43.3%     -    0s
H    0     0                    202077.48875 117695.863  41.8%     -    0s
H    0     0                    137219.86607 117695.863  14.2%     -    0s
     0     0 122387.964    0   12 137219.866 122387.964  10.8%     -    0s
H    0     0                    129074.24785 122423.092  5.15%     -    0s
     0     0 122423.092    0   11 129074.248 122423.092  5.15%     -    0s
H    0     0                    129006.88160 122837.752  4.78%     -    0s
     0     0 122837.752    0   11 129006.882 122837.752  4.78%     -    0s
H    0     0                    129006.41279 122889.039  4.74%     -    0s
     0     0 122889.039    0   11 129006.413 122889.039  4.74%     -    0s
H    0     0                    128693.64220 122889.039  4.51%     -    0s
     0     0 123113.818    0    9 128693.642 123113.818  4.34%     -    0s
     0     0 123121.990    0    9 128693.642 123121.990  4.33%     -    0s
     0     0 123234.308    0    8 128693.642 123234.308  4.24%     -    0s
     0     0 123246.534    0   10 128693.642 123246.534  4.23%     -    0s
     0     0 123306.589    0    7 128693.642 123306.589  4.19%     -    0s
     0     0 123307.501    0    7 128693.642 123307.501  4.19%     -    0s
     0     0 123309.463    0    8 128693.642 123309.463  4.18%     -    0s
     0     0 123309.544    0    8 128693.642 123309.544  4.18%     -    0s
     0     2 123309.544    0    8 128693.642 123309.544  4.18%     -    0s
H   26    63                    128676.77844 123370.695  4.12%  21.2    0s
H   31    63                    128644.55361 123370.695  4.10%  19.0    0s
H   50    63                    128643.05225 123370.695  4.10%  16.1    0s
H  593   395                    128550.40173 123432.663  3.98%  25.0    0s
*  645   395              14    128546.76539 123461.565  3.96%  25.6    0s
*  806   436              10    128254.30286 123508.791  3.70%  25.6    0s
H  807   436                    128164.45350 123508.791  3.63%  25.6    0s

Cutting planes:
  Implied bound: 176
  MIR: 14
  Flow cover: 8
  Inf proof: 23
  Relax-and-lift: 11

Explored 5971 nodes (172952 simplex iterations) in 0.55 seconds (1.39 work units)
Thread count was 8 (of 8 available processors)

Solution count 10: 128164 128254 128547 ... 207491

Optimal solution found (tolerance 1.00e-04)
Best objective 1.281644534959e+05, best bound 1.281644534959e+05, gap 0.0000%

User-callback calls 12362, time in user-callback 0.00 sec

Gurobi 12.0.3 (mac64[arm]) logging started Tue Sep 23 14:00:12 2025

Set parameter LogFile to value "Logs/Facility Location Logs/L50/phase1/scenario_generation.log"
Set parameter LogToConsole to value 0

Gurobi 12.0.3 (mac64[arm]) logging started Tue Sep 23 14:00:12 2025

Set parameter LogFile to value "Logs/Facility Location Logs/L50/phase1/scenario_generation.log"
Gurobi Optimizer version 12.0.3 build v12.0.3rc0 (mac64[arm] - Darwin 24.6.0 24G222)

CPU model: Apple M3
Thread count: 8 physical cores, 8 logical processors, using up to 8 threads

Non-default parameters:
LogToConsole  0

Optimize a model with 75 rows, 1325 columns and 2575 nonzeros
Model fingerprint: 0x49188dd7
Variable types: 1300 continuous, 25 integer (25 binary)
Coefficient statistics:
  Matrix range     [1e+00, 2e+04]
  Objective range  [8e-03, 8e+03]
  Bounds range     [0e+00, 0e+00]
  RHS range        [1e+03, 1e+04]
Found heuristic solution: objective 5297800.0000
Presolve removed 0 rows and 1 columns
Presolve time: 0.00s
Presolved: 75 rows, 1324 columns, 2574 nonzeros
Variable types: 1300 continuous, 24 integer (24 binary)

Root relaxation: objective 8.965245e+04, 130 iterations, 0.00 seconds (0.00 work units)

    Nodes    |    Current Node    |     Objective Bounds      |     Work
 Expl Unexpl |  Obj  Depth IntInf | Incumbent    BestBd   Gap | It/Node Time

     0     0 89652.4506    0   24 5297800.00 89652.4506  98.3%     -    0s
H    0     0                    224174.45063 89652.4506  60.0%     -    0s
H    0     0                    209309.50275 89652.4506  57.2%     -    0s
H    0     0                    196608.46366 89652.4506  54.4%     -    0s
H    0     0                    179685.25373 89652.4506  50.1%     -    0s
H    0     0                    144146.40971 94745.7865  34.3%     -    0s
H    0     0                    109273.02968 94745.7865  13.3%     -    0s
H    0     0                    103488.45968 94745.7865  8.45%     -    0s
     0     0 94745.7865    0   12 103488.460 94745.7865  8.45%     -    0s
     0     0 94891.4180    0   12 103488.460 94891.4180  8.31%     -    0s
H    0     0                    102417.97701 94891.4180  7.35%     -    0s
H    0     0                    102371.39614 94891.4180  7.31%     -    0s
     0     0 95333.1083    0   11 102371.396 95333.1083  6.88%     -    0s
     0     0 95363.2425    0   12 102371.396 95363.2425  6.85%     -    0s
H    0     0                    102344.97820 95363.2425  6.82%     -    0s
     0     0 95363.2425    0   11 102344.978 95363.2425  6.82%     -    0s
     0     0 95363.2425    0   11 102344.978 95363.2425  6.82%     -    0s
H    0     0                    101948.48783 95619.0596  6.21%     -    0s
     0     0 95619.0596    0   12 101948.488 95619.0596  6.21%     -    0s
     0     0 95640.5561    0   13 101948.488 95640.5561  6.19%     -    0s
     0     0 95641.4507    0   11 101948.488 95641.4507  6.19%     -    0s
     0     0 95782.5382    0   10 101948.488 95782.5382  6.05%     -    0s
     0     0 95789.9055    0   10 101948.488 95789.9055  6.04%     -    0s
     0     0 95790.0589    0   10 101948.488 95790.0589  6.04%     -    0s
     0     0 95824.6371    0    7 101948.488 95824.6371  6.01%     -    0s
     0     0 95841.7033    0    7 101948.488 95841.7033  5.99%     -    0s
     0     0 95842.8780    0    6 101948.488 95842.8780  5.99%     -    0s
     0     0 95858.4677    0    9 101948.488 95858.4677  5.97%     -    0s
     0     0 95858.5415    0    9 101948.488 95858.5415  5.97%     -    0s
     0     2 95858.5415    0    9 101948.488 95858.5415  5.97%     -    0s
H  123   142                    101739.19626 95885.7473  5.75%  12.5    0s
H  199   163                    101578.41130 95910.1219  5.58%  18.3    0s

Cutting planes:
  Gomory: 1
  Implied bound: 88
  MIR: 27
  Mixing: 1
  Flow cover: 4
  Inf proof: 7
  Relax-and-lift: 10

Explored 6118 nodes (115020 simplex iterations) in 0.72 seconds (1.40 work units)
Thread count was 8 (of 8 available processors)

Solution count 10: 101578 101739 101948 ... 196608

Optimal solution found (tolerance 1.00e-04)
Best objective 1.015784113011e+05, best bound 1.015784113011e+05, gap 0.0000%

User-callback calls 12872, time in user-callback 0.00 sec

Gurobi 12.0.3 (mac64[arm]) logging started Tue Sep 23 14:00:13 2025

Set parameter LogFile to value "Logs/Facility Location Logs/L50/phase1/scenario_generation.log"
Set parameter LogToConsole to value 0

Gurobi 12.0.3 (mac64[arm]) logging started Tue Sep 23 14:00:13 2025

Set parameter LogFile to value "Logs/Facility Location Logs/L50/phase1/scenario_generation.log"
Gurobi Optimizer version 12.0.3 build v12.0.3rc0 (mac64[arm] - Darwin 24.6.0 24G222)

CPU model: Apple M3
Thread count: 8 physical cores, 8 logical processors, using up to 8 threads

Non-default parameters:
LogToConsole  0

Optimize a model with 75 rows, 1325 columns and 2575 nonzeros
Model fingerprint: 0x4f7104e9
Variable types: 1300 continuous, 25 integer (25 binary)
Coefficient statistics:
  Matrix range     [1e+00, 2e+04]
  Objective range  [8e-03, 8e+03]
  Bounds range     [0e+00, 0e+00]
  RHS range        [1e+03, 1e+04]
Found heuristic solution: objective 5415350.0000
Presolve removed 0 rows and 1 columns
Presolve time: 0.00s
Presolved: 75 rows, 1324 columns, 2574 nonzeros
Variable types: 1300 continuous, 24 integer (24 binary)

Root relaxation: objective 9.403642e+04, 118 iterations, 0.00 seconds (0.00 work units)

    Nodes    |    Current Node    |     Objective Bounds      |     Work
 Expl Unexpl |  Obj  Depth IntInf | Incumbent    BestBd   Gap | It/Node Time

     0     0 94036.4247    0   24 5415350.00 94036.4247  98.3%     -    0s
H    0     0                    227382.92474 94036.4247  58.6%     -    0s
H    0     0                    205396.02752 94036.4247  54.2%     -    0s
H    0     0                    191742.54613 94036.4247  51.0%     -    0s
H    0     0                    183615.84773 98997.0216  46.1%     -    0s
H    0     0                    147042.61222 98997.0216  32.7%     -    0s
H    0     0                    112112.53152 98997.0216  11.7%     -    0s
H    0     0                    106511.59614 98997.0216  7.06%     -    0s
     0     0 98997.0216    0   11 106511.596 98997.0216  7.06%     -    0s
     0     0 99114.7977    0   11 106511.596 99114.7977  6.94%     -    0s
H    0     0                    106003.33166 99114.7977  6.50%     -    0s
     0     0 99510.3495    0    8 106003.332 99510.3495  6.13%     -    0s
H    0     0                    105616.85065 99563.3318  5.73%     -    0s
     0     0 99563.3318    0    9 105616.851 99563.3318  5.73%     -    0s
     0     0 99787.8780    0   10 105616.851 99787.8780  5.52%     -    0s
     0     0 99797.1461    0   12 105616.851 99797.1461  5.51%     -    0s
     0     0 99797.1858    0   12 105616.851 99797.1858  5.51%     -    0s
H    0     0                    105600.08923 99797.1858  5.50%     -    0s
     0     0 99929.2330    0    7 105600.089 99929.2330  5.37%     -    0s
     0     0 99938.0481    0    7 105600.089 99938.0481  5.36%     -    0s
     0     0 99960.0011    0    3 105600.089 99960.0011  5.34%     -    0s
     0     0 99968.9408    0    6 105600.089 99968.9408  5.33%     -    0s
     0     0 99968.9408    0    6 105600.089 99968.9408  5.33%     -    0s
H    0     0                    104640.46921 99968.9408  4.46%     -    0s
     0     2 99968.9506    0    6 104640.469 99968.9506  4.46%     -    0s

Cutting planes:
  Implied bound: 199
  MIR: 11
  Flow cover: 4
  Inf proof: 21
  Relax-and-lift: 14

Explored 9777 nodes (240756 simplex iterations) in 0.75 seconds (1.86 work units)
Thread count was 8 (of 8 available processors)

Solution count 10: 104640 105600 106003 ... 227383

Optimal solution found (tolerance 1.00e-04)
Best objective 1.046404692107e+05, best bound 1.046404692107e+05, gap 0.0000%

User-callback calls 19955, time in user-callback 0.00 sec

Gurobi 12.0.3 (mac64[arm]) logging started Tue Sep 23 14:00:14 2025

Set parameter LogFile to value "Logs/Facility Location Logs/L50/phase1/scenario_generation.log"
Set parameter LogToConsole to value 0

Gurobi 12.0.3 (mac64[arm]) logging started Tue Sep 23 14:00:14 2025

Set parameter LogFile to value "Logs/Facility Location Logs/L50/phase1/scenario_generation.log"
Gurobi Optimizer version 12.0.3 build v12.0.3rc0 (mac64[arm] - Darwin 24.6.0 24G222)

CPU model: Apple M3
Thread count: 8 physical cores, 8 logical processors, using up to 8 threads

Non-default parameters:
LogToConsole  0

Optimize a model with 75 rows, 1325 columns and 2575 nonzeros
Model fingerprint: 0x7365f96b
Variable types: 1300 continuous, 25 integer (25 binary)
Coefficient statistics:
  Matrix range     [1e+00, 2e+04]
  Objective range  [8e-03, 8e+03]
  Bounds range     [0e+00, 0e+00]
  RHS range        [5e+02, 2e+04]
Found heuristic solution: objective 4095550.0000
Presolve removed 0 rows and 1 columns
Presolve time: 0.00s
Presolved: 75 rows, 1324 columns, 2574 nonzeros
Variable types: 1300 continuous, 24 integer (24 binary)

Root relaxation: objective 9.227437e+04, 165 iterations, 0.00 seconds (0.00 work units)

    Nodes    |    Current Node    |     Objective Bounds      |     Work
 Expl Unexpl |  Obj  Depth IntInf | Incumbent    BestBd   Gap | It/Node Time

     0     0 92274.3746    0   22 4095550.00 92274.3746  97.7%     -    0s
H    0     0                    231318.87457 92274.3746  60.1%     -    0s
H    0     0                    180978.14151 92274.3746  49.0%     -    0s
H    0     0                    180908.49962 92274.3746  49.0%     -    0s
H    0     0                    173187.34390 92587.0355  46.5%     -    0s
H    0     0                    165778.93533 92587.0355  44.2%     -    0s
H    0     0                    153645.64537 92587.0355  39.7%     -    0s
     0     0 96816.9841    0    7 153645.645 96816.9841  37.0%     -    0s
H    0     0                    138361.48409 96912.7968  30.0%     -    0s
H    0     0                    122212.76083 96912.7968  20.7%     -    0s
     0     0 96912.7968    0    7 122212.761 96912.7968  20.7%     -    0s
H    0     0                    115621.96996 96912.7968  16.2%     -    0s
     0     0 97109.7573    0    6 115621.970 97109.7573  16.0%     -    0s
H    0     0                    109159.09051 97126.3759  11.0%     -    0s
H    0     0                    101764.76955 97126.3759  4.56%     -    0s
     0     0 97169.5075    0    8 101764.770 97169.5075  4.52%     -    0s
H    0     0                    101508.10448 97170.3368  4.27%     -    0s
H    0     0                    101428.66378 97170.3368  4.20%     -    0s
     0     0 97170.3368    0    7 101428.664 97170.3368  4.20%     -    0s
H    0     0                    101139.21998 97254.6644  3.84%     -    0s
H    0     0                    100868.73642 97254.6644  3.58%     -    0s
     0     0 97254.6644    0    4 100868.736 97254.6644  3.58%     -    0s
H    0     0                    100833.27033 97257.0122  3.55%     -    0s
     0     0 97339.5716    0    2 100833.270 97339.5716  3.46%     -    0s
     0     0 97342.5856    0    4 100833.270 97342.5856  3.46%     -    0s
     0     0 97345.6771    0    5 100833.270 97345.6771  3.46%     -    0s
     0     0 97345.6771    0    5 100833.270 97345.6771  3.46%     -    0s
H    0     0                    100792.83325 97345.6771  3.42%     -    0s
H    0     0                    100766.78521 97345.6942  3.40%     -    0s
     0     2 97345.6942    0    5 100766.785 97345.6942  3.40%     -    0s
H   31    37                    100740.61118 97384.8713  3.33%  24.1    0s
H  394     5                    100727.91786 98412.9938  2.30%  28.8    0s

Cutting planes:
  Implied bound: 90
  MIR: 5
  Flow cover: 2
  Relax-and-lift: 4

Explored 462 nodes (13369 simplex iterations) in 0.08 seconds (0.15 work units)
Thread count was 8 (of 8 available processors)

Solution count 10: 100728 101429 101508 ... 165779

Optimal solution found (tolerance 1.00e-04)
Best objective 1.007279178555e+05, best bound 1.007279178555e+05, gap 0.0000%

User-callback calls 1219, time in user-callback 0.00 sec

Gurobi 12.0.3 (mac64[arm]) logging started Tue Sep 23 14:00:14 2025

Set parameter LogFile to value "Logs/Facility Location Logs/L50/phase1/scenario_generation.log"
Set parameter LogToConsole to value 0

Gurobi 12.0.3 (mac64[arm]) logging started Tue Sep 23 14:00:14 2025

Set parameter LogFile to value "Logs/Facility Location Logs/L50/phase1/scenario_generation.log"
Gurobi Optimizer version 12.0.3 build v12.0.3rc0 (mac64[arm] - Darwin 24.6.0 24G222)

CPU model: Apple M3
Thread count: 8 physical cores, 8 logical processors, using up to 8 threads

Non-default parameters:
LogToConsole  0

Optimize a model with 75 rows, 1325 columns and 2575 nonzeros
Model fingerprint: 0xc0dfe988
Variable types: 1300 continuous, 25 integer (25 binary)
Coefficient statistics:
  Matrix range     [1e+00, 2e+04]
  Objective range  [8e-03, 8e+03]
  Bounds range     [0e+00, 0e+00]
  RHS range        [1e+03, 1e+04]
Found heuristic solution: objective 5457050.0000
Presolve removed 0 rows and 1 columns
Presolve time: 0.00s
Presolved: 75 rows, 1324 columns, 2574 nonzeros
Variable types: 1300 continuous, 24 integer (24 binary)

Root relaxation: objective 9.428529e+04, 125 iterations, 0.00 seconds (0.00 work units)

    Nodes    |    Current Node    |     Objective Bounds      |     Work
 Expl Unexpl |  Obj  Depth IntInf | Incumbent    BestBd   Gap | It/Node Time

     0     0 94285.2868    0   24 5457050.00 94285.2868  98.3%     -    0s
H    0     0                    227214.78681 94285.2868  58.5%     -    0s
H    0     0                    212519.24537 94285.2868  55.6%     -    0s
H    0     0                    205212.96039 94285.2868  54.1%     -    0s
H    0     0                    191043.97591 94285.2868  50.6%     -    0s
H    0     0                    184377.37958 98716.8467  46.5%     -    0s
H    0     0                    148320.45114 98716.8467  33.4%     -    0s
H    0     0                    113634.42180 98716.8467  13.1%     -    0s
     0     0 98716.8467    0   13 113634.422 98716.8467  13.1%     -    0s
H    0     0                    106440.87581 98821.3261  7.16%     -    0s
H    0     0                    105748.09695 98821.3261  6.55%     -    0s
     0     0 98821.3261    0   13 105748.097 98821.3261  6.55%     -    0s
H    0     0                    105653.96315 98821.3261  6.47%     -    0s
     0     0 98821.3261    0   13 105653.963 98821.3261  6.47%     -    0s
H    0     0                    104906.53973 98821.3261  5.80%     -    0s
     0     0 99275.3781    0    9 104906.540 99275.3781  5.37%     -    0s
H    0     0                    104903.60842 99340.4151  5.30%     -    0s
H    0     0                    104831.32978 99340.4151  5.24%     -    0s
     0     0 99340.4151    0    9 104831.330 99340.4151  5.24%     -    0s
H    0     0                    104764.59238 99340.4151  5.18%     -    0s
     0     0 99490.7981    0   10 104764.592 99490.7981  5.03%     -    0s
H    0     0                    104694.85876 99541.2177  4.92%     -    0s
     0     0 99541.2177    0    9 104694.859 99541.2177  4.92%     -    0s
     0     0 99632.7092    0    8 104694.859 99632.7092  4.84%     -    0s
     0     0 99647.5322    0    8 104694.859 99647.5322  4.82%     -    0s
     0     0 99696.7115    0    3 104694.859 99696.7115  4.77%     -    0s
     0     0 99700.8815    0    6 104694.859 99700.8815  4.77%     -    0s
     0     0 99700.8815    0    6 104694.859 99700.8815  4.77%     -    0s
H    0     0                    104581.74741 99700.8815  4.67%     -    0s
H    0     0                    104524.48936 99700.8925  4.61%     -    0s
     0     2 99700.8925    0    6 104524.489 99700.8925  4.61%     -    0s
H   32    63                    104390.41384 99721.2216  4.47%  14.2    0s
H  371   267                    104372.03517 99721.4902  4.46%  22.4    0s
H  771   407                    104364.87092 99841.2698  4.33%  24.2    0s

Cutting planes:
  Implied bound: 137
  MIR: 7
  Flow cover: 2
  Inf proof: 10
  Relax-and-lift: 4

Explored 2653 nodes (77179 simplex iterations) in 0.36 seconds (0.63 work units)
Thread count was 8 (of 8 available processors)

Solution count 10: 104365 104390 104524 ... 113634

Optimal solution found (tolerance 1.00e-04)
Best objective 1.043648709159e+05, best bound 1.043648709159e+05, gap 0.0000%

User-callback calls 5671, time in user-callback 0.08 sec

Gurobi 12.0.3 (mac64[arm]) logging started Tue Sep 23 14:00:14 2025

Set parameter LogFile to value "Logs/Facility Location Logs/L50/phase1/scenario_generation.log"
Set parameter LogToConsole to value 0

Gurobi 12.0.3 (mac64[arm]) logging started Tue Sep 23 14:00:14 2025

Set parameter LogFile to value "Logs/Facility Location Logs/L50/phase1/scenario_generation.log"
Gurobi Optimizer version 12.0.3 build v12.0.3rc0 (mac64[arm] - Darwin 24.6.0 24G222)

CPU model: Apple M3
Thread count: 8 physical cores, 8 logical processors, using up to 8 threads

Non-default parameters:
LogToConsole  0

Optimize a model with 75 rows, 1325 columns and 2575 nonzeros
Model fingerprint: 0x0dab5891
Variable types: 1300 continuous, 25 integer (25 binary)
Coefficient statistics:
  Matrix range     [1e+00, 2e+04]
  Objective range  [8e-03, 8e+03]
  Bounds range     [0e+00, 0e+00]
  RHS range        [9e+02, 1e+04]
Found heuristic solution: objective 5146350.0000
Presolve removed 0 rows and 1 columns
Presolve time: 0.00s
Presolved: 75 rows, 1324 columns, 2574 nonzeros
Variable types: 1300 continuous, 24 integer (24 binary)

Root relaxation: objective 8.992755e+04, 150 iterations, 0.00 seconds (0.00 work units)

    Nodes    |    Current Node    |     Objective Bounds      |     Work
 Expl Unexpl |  Obj  Depth IntInf | Incumbent    BestBd   Gap | It/Node Time

     0     0 89927.5480    0   24 5146350.00 89927.5480  98.3%     -    0s
H    0     0                    225964.04802 89927.5480  60.2%     -    0s
H    0     0                    196429.17454 89927.5480  54.2%     -    0s
H    0     0                    196420.26658 89927.5480  54.2%     -    0s
H    0     0                    194882.08863 89927.5480  53.9%     -    0s
H    0     0                    146245.65973 89927.5480  38.5%     -    0s
H    0     0                    145642.09223 94829.5692  34.9%     -    0s
     0     0 94829.5692    0   13 145642.092 94829.5692  34.9%     -    0s
H    0     0                    110905.34841 94932.7250  14.4%     -    0s
H    0     0                    103665.89735 94932.7250  8.42%     -    0s
H    0     0                    103624.13767 94932.7250  8.39%     -    0s
     0     0 94932.7250    0   12 103624.138 94932.7250  8.39%     -    0s
     0     0 95245.6876    0    6 103624.138 95245.6876  8.09%     -    0s
H    0     0                    98903.299538 95275.6156  3.67%     -    0s
H    0     0                    96856.251693 95275.6156  1.63%     -    0s
     0     0 95275.6156    0    7 96856.2517 95275.6156  1.63%     -    0s
H    0     0                    96596.913934 95276.1538  1.37%     -    0s
     0     0 95276.1538    0    7 96596.9139 95276.1538  1.37%     -    0s
     0     0 95493.4536    0    9 96596.9139 95493.4536  1.14%     -    0s
     0     0 95537.0885    0    8 96596.9139 95537.0885  1.10%     -    0s
H    0     0                    96582.980118 95647.4066  0.97%     -    0s
     0     0 95647.4066    0    7 96582.9801 95647.4066  0.97%     -    0s
     0     0 95648.7961    0    6 96582.9801 95648.7961  0.97%     -    0s
     0     0 95691.0186    0    3 96582.9801 95691.0186  0.92%     -    0s
     0     0 95692.0807    0    3 96582.9801 95692.0807  0.92%     -    0s
     0     0 95692.0807    0    3 96582.9801 95692.0807  0.92%     -    0s
H    0     0                    96564.421108 95692.0807  0.90%     -    0s
     0     2 95692.0807    0    3 96564.4211 95692.0807  0.90%     -    0s

Cutting planes:
  Implied bound: 99
  MIR: 7
  Flow cover: 2
  Relax-and-lift: 3

Explored 299 nodes (7071 simplex iterations) in 0.07 seconds (0.12 work units)
Thread count was 8 (of 8 available processors)

Solution count 10: 96564.4 96596.9 98903.3 ... 225964

Optimal solution found (tolerance 1.00e-04)
Best objective 9.656442110812e+04, best bound 9.656442110812e+04, gap 0.0000%

User-callback calls 882, time in user-callback 0.00 sec

Gurobi 12.0.3 (mac64[arm]) logging started Tue Sep 23 14:00:14 2025

Set parameter LogFile to value "Logs/Facility Location Logs/L50/phase1/scenario_generation.log"
Set parameter LogToConsole to value 0

Gurobi 12.0.3 (mac64[arm]) logging started Tue Sep 23 14:00:14 2025

Set parameter LogFile to value "Logs/Facility Location Logs/L50/phase1/scenario_generation.log"
Gurobi Optimizer version 12.0.3 build v12.0.3rc0 (mac64[arm] - Darwin 24.6.0 24G222)

CPU model: Apple M3
Thread count: 8 physical cores, 8 logical processors, using up to 8 threads

Non-default parameters:
LogToConsole  0

Optimize a model with 75 rows, 1325 columns and 2575 nonzeros
Model fingerprint: 0xd439975d
Variable types: 1300 continuous, 25 integer (25 binary)
Coefficient statistics:
  Matrix range     [1e+00, 2e+04]
  Objective range  [8e-03, 8e+03]
  Bounds range     [0e+00, 0e+00]
  RHS range        [1e+03, 1e+04]
Found heuristic solution: objective 6121900.0000
Presolve removed 0 rows and 1 columns
Presolve time: 0.00s
Presolved: 75 rows, 1324 columns, 2574 nonzeros
Variable types: 1300 continuous, 24 integer (24 binary)

Root relaxation: objective 1.080732e+05, 134 iterations, 0.00 seconds (0.00 work units)

    Nodes    |    Current Node    |     Objective Bounds      |     Work
 Expl Unexpl |  Obj  Depth IntInf | Incumbent    BestBd   Gap | It/Node Time

     0     0 108073.170    0   24 6121900.00 108073.170  98.2%     -    0s
H    0     0                    234354.16992 108073.170  53.9%     -    0s
H    0     0                    219521.89959 108073.170  50.8%     -    0s
H    0     0                    206533.92109 108073.170  47.7%     -    0s
H    0     0                    192018.91636 108073.170  43.7%     -    0s
H    0     0                    177294.23581 108367.188  38.9%     -    0s
H    0     0                    170094.09629 108367.188  36.3%     -    0s
H    0     0                    154727.63326 113025.773  27.0%     -    0s
H    0     0                    120116.00278 113025.773  5.90%     -    0s
     0     0 113025.773    0   11 120116.003 113025.773  5.90%     -    0s
     0     0 113182.655    0   11 120116.003 113182.655  5.77%     -    0s
     0     0 113569.852    0    8 120116.003 113569.852  5.45%     -    0s
     0     0 113625.134    0    9 120116.003 113625.134  5.40%     -    0s
     0     0 113625.209    0    9 120116.003 113625.209  5.40%     -    0s
H    0     0                    120063.37763 113625.209  5.36%     -    0s
     0     0 113725.990    0    6 120063.378 113725.990  5.28%     -    0s
     0     0 113737.999    0    7 120063.378 113737.999  5.27%     -    0s
H    0     0                    119581.03541 113737.999  4.89%     -    0s
     0     0 113815.466    0    5 119581.035 113815.466  4.82%     -    0s
H    0     0                    119068.26617 113815.598  4.41%     -    0s
     0     0 113822.417    0    4 119068.266 113822.417  4.41%     -    0s
     0     0 113824.055    0    4 119068.266 113824.055  4.40%     -    0s
     0     0 113829.681    0    4 119068.266 113829.681  4.40%     -    0s
     0     0 113830.150    0    4 119068.266 113830.150  4.40%     -    0s
     0     0 113833.337    0    4 119068.266 113833.337  4.40%     -    0s
     0     0 113833.337    0    4 119068.266 113833.337  4.40%     -    0s
     0     2 113833.360    0    4 119068.266 113833.360  4.40%     -    0s

Cutting planes:
  Gomory: 1
  Implied bound: 91
  MIR: 28
  Flow cover: 1
  Inf proof: 17
  Relax-and-lift: 3

Explored 17621 nodes (357371 simplex iterations) in 1.37 seconds (3.34 work units)
Thread count was 8 (of 8 available processors)

Solution count 10: 119068 119581 120063 ... 234354

Optimal solution found (tolerance 1.00e-04)
Best objective 1.190682661673e+05, best bound 1.190682661673e+05, gap 0.0000%

User-callback calls 35900, time in user-callback 0.00 sec

Gurobi 12.0.3 (mac64[arm]) logging started Tue Sep 23 14:00:16 2025

Set parameter LogFile to value "Logs/Facility Location Logs/L50/phase1/scenario_generation.log"
Set parameter LogToConsole to value 0

Gurobi 12.0.3 (mac64[arm]) logging started Tue Sep 23 14:00:16 2025

Set parameter LogFile to value "Logs/Facility Location Logs/L50/phase1/scenario_generation.log"
Gurobi Optimizer version 12.0.3 build v12.0.3rc0 (mac64[arm] - Darwin 24.6.0 24G222)

CPU model: Apple M3
Thread count: 8 physical cores, 8 logical processors, using up to 8 threads

Non-default parameters:
LogToConsole  0

Optimize a model with 75 rows, 1325 columns and 2575 nonzeros
Model fingerprint: 0x302ae6f9
Variable types: 1300 continuous, 25 integer (25 binary)
Coefficient statistics:
  Matrix range     [1e+00, 2e+04]
  Objective range  [8e-03, 8e+03]
  Bounds range     [0e+00, 0e+00]
  RHS range        [8e+02, 2e+04]
Found heuristic solution: objective 5187750.0000
Presolve removed 0 rows and 1 columns
Presolve time: 0.00s
Presolved: 75 rows, 1324 columns, 2574 nonzeros
Variable types: 1300 continuous, 24 integer (24 binary)

Root relaxation: objective 1.082884e+05, 142 iterations, 0.00 seconds (0.00 work units)

    Nodes    |    Current Node    |     Objective Bounds      |     Work
 Expl Unexpl |  Obj  Depth IntInf | Incumbent    BestBd   Gap | It/Node Time

     0     0 108288.410    0   23 5187750.00 108288.410  97.9%     -    0s
H    0     0                    243910.90990 108288.410  55.6%     -    0s
H    0     0                    207170.64691 108288.410  47.7%     -    0s
H    0     0                    207155.98291 108288.410  47.7%     -    0s
H    0     0                    200359.85432 108288.410  46.0%     -    0s
H    0     0                    194337.39734 108391.220  44.2%     -    0s
H    0     0                    179603.72714 108391.220  39.6%     -    0s
H    0     0                    162772.27876 112614.717  30.8%     -    0s
     0     0 112614.717    0   12 162772.279 112614.717  30.8%     -    0s
H    0     0                    128157.70347 112646.458  12.1%     -    0s
H    0     0                    124084.08667 112646.458  9.22%     -    0s
H    0     0                    120525.11222 112646.458  6.54%     -    0s
     0     0 112646.458    0   12 120525.112 112646.458  6.54%     -    0s
H    0     0                    115893.79408 112646.458  2.80%     -    0s
H    0     0                    115408.90154 112646.458  2.39%     -    0s
     0     0 113064.206    0    8 115408.902 113064.206  2.03%     -    0s
H    0     0                    114671.04527 113080.042  1.39%     -    0s
     0     0 113080.042    0    8 114671.045 113080.042  1.39%     -    0s
H    0     0                    114666.34421 113080.042  1.38%     -    0s
H    0     0                    114573.50581 113080.042  1.30%     -    0s
H    0     0                    114094.75415 113080.042  0.89%     -    0s
     0     0 113277.476    0   11 114094.754 113277.476  0.72%     -    0s
     0     0 113310.896    0   11 114094.754 113310.896  0.69%     -    0s
     0     0 113454.939    0    8 114094.754 113454.939  0.56%     -    0s
     0     0 113462.560    0    7 114094.754 113462.560  0.55%     -    0s
     0     0 113463.882    0    7 114094.754 113463.882  0.55%     -    0s
H    0     0                    114083.10148 113463.882  0.54%     -    0s
     0     0 113519.507    0    3 114083.101 113519.507  0.49%     -    0s
     0     0 113520.859    0    4 114083.101 113520.859  0.49%     -    0s
     0     0 113520.859    0    4 114083.101 113520.859  0.49%     -    0s
     0     2 113520.859    0    4 114083.101 113520.859  0.49%     -    0s

Cutting planes:
  Implied bound: 108
  MIR: 7
  Relax-and-lift: 4

Explored 121 nodes (3193 simplex iterations) in 0.05 seconds (0.09 work units)
Thread count was 8 (of 8 available processors)

Solution count 10: 114083 114095 114666 ... 194337

Optimal solution found (tolerance 1.00e-04)
Best objective 1.140831014848e+05, best bound 1.140831014848e+05, gap 0.0000%

User-callback calls 525, time in user-callback 0.00 sec

Gurobi 12.0.3 (mac64[arm]) logging started Tue Sep 23 14:00:16 2025

Set parameter LogFile to value "Logs/Facility Location Logs/L50/phase1/scenario_generation.log"
Set parameter LogToConsole to value 0

Gurobi 12.0.3 (mac64[arm]) logging started Tue Sep 23 14:00:16 2025

Set parameter LogFile to value "Logs/Facility Location Logs/L50/phase1/scenario_generation.log"
Gurobi Optimizer version 12.0.3 build v12.0.3rc0 (mac64[arm] - Darwin 24.6.0 24G222)

CPU model: Apple M3
Thread count: 8 physical cores, 8 logical processors, using up to 8 threads

Non-default parameters:
LogToConsole  0

Optimize a model with 75 rows, 1325 columns and 2575 nonzeros
Model fingerprint: 0x2e1bfcea
Variable types: 1300 continuous, 25 integer (25 binary)
Coefficient statistics:
  Matrix range     [1e+00, 2e+04]
  Objective range  [8e-03, 8e+03]
  Bounds range     [0e+00, 0e+00]
  RHS range        [1e+03, 2e+04]
Found heuristic solution: objective 6302150.0000
Presolve removed 0 rows and 1 columns
Presolve time: 0.00s
Presolved: 75 rows, 1324 columns, 2574 nonzeros
Variable types: 1300 continuous, 24 integer (24 binary)

Root relaxation: objective 1.316599e+05, 121 iterations, 0.00 seconds (0.00 work units)

    Nodes    |    Current Node    |     Objective Bounds      |     Work
 Expl Unexpl |  Obj  Depth IntInf | Incumbent    BestBd   Gap | It/Node Time

     0     0 131659.929    0   23 6302150.00 131659.929  97.9%     -    0s
H    0     0                    256138.42943 131659.929  48.6%     -    0s
H    0     0                    234074.82505 131659.929  43.8%     -    0s
H    0     0                    218096.23933 131659.929  39.6%     -    0s
H    0     0                    211317.95079 131659.929  37.7%     -    0s
H    0     0                    173110.89700 132165.563  23.7%     -    0s
H    0     0                    144617.21693 136498.937  5.61%     -    0s
     0     0 136498.937    0   11 144617.217 136498.937  5.61%     -    0s
H    0     0                    141915.21859 136528.283  3.80%     -    0s
     0     0 137049.857    0    9 141915.219 137049.857  3.43%     -    0s
     0     0 137085.980    0   10 141915.219 137085.980  3.40%     -    0s
     0     0 137224.643    0   10 141915.219 137224.643  3.31%     -    0s
H    0     0                    140916.80721 137229.063  2.62%     -    0s
     0     0 137253.667    0   10 140916.807 137253.667  2.60%     -    0s
     0     0 137256.149    0   11 140916.807 137256.149  2.60%     -    0s
     0     0 137346.954    0    8 140916.807 137346.954  2.53%     -    0s
     0     0 137353.279    0    7 140916.807 137353.279  2.53%     -    0s
     0     0 137353.301    0    8 140916.807 137353.301  2.53%     -    0s
     0     0 137398.659    0    6 140916.807 137398.659  2.50%     -    0s
H    0     0                    140865.66951 137411.182  2.45%     -    0s
     0     0 137411.188    0    5 140865.670 137411.188  2.45%     -    0s
     0     0 137411.534    0    6 140865.670 137411.534  2.45%     -    0s
     0     0 137419.416    0    5 140865.670 137419.416  2.45%     -    0s
     0     0 137423.486    0    5 140865.670 137423.486  2.44%     -    0s
     0     0 137431.606    0    5 140865.670 137431.606  2.44%     -    0s
     0     0 137431.606    0    5 140865.670 137431.606  2.44%     -    0s
     0     2 137431.623    0    5 140865.670 137431.623  2.44%     -    0s

Cutting planes:
  Implied bound: 152
  MIR: 17
  Flow cover: 1
  Inf proof: 4
  Relax-and-lift: 7

Explored 5240 nodes (119460 simplex iterations) in 0.42 seconds (0.95 work units)
Thread count was 8 (of 8 available processors)

Solution count 10: 140866 140917 141915 ... 6.30215e+06

Optimal solution found (tolerance 1.00e-04)
Best objective 1.408656695074e+05, best bound 1.408656695074e+05, gap 0.0000%

User-callback calls 10850, time in user-callback 0.00 sec

Gurobi 12.0.3 (mac64[arm]) logging started Tue Sep 23 14:00:16 2025

Set parameter LogFile to value "Logs/Facility Location Logs/L50/phase1/scenario_generation.log"
Set parameter LogToConsole to value 0

Gurobi 12.0.3 (mac64[arm]) logging started Tue Sep 23 14:00:16 2025

Set parameter LogFile to value "Logs/Facility Location Logs/L50/phase1/scenario_generation.log"
Gurobi Optimizer version 12.0.3 build v12.0.3rc0 (mac64[arm] - Darwin 24.6.0 24G222)

CPU model: Apple M3
Thread count: 8 physical cores, 8 logical processors, using up to 8 threads

Non-default parameters:
LogToConsole  0

Optimize a model with 75 rows, 1325 columns and 2575 nonzeros
Model fingerprint: 0x2d820abb
Variable types: 1300 continuous, 25 integer (25 binary)
Coefficient statistics:
  Matrix range     [1e+00, 2e+04]
  Objective range  [8e-03, 8e+03]
  Bounds range     [0e+00, 0e+00]
  RHS range        [1e+03, 1e+04]
Found heuristic solution: objective 5527250.0000
Presolve removed 0 rows and 1 columns
Presolve time: 0.00s
Presolved: 75 rows, 1324 columns, 2574 nonzeros
Variable types: 1300 continuous, 24 integer (24 binary)

Root relaxation: objective 9.873097e+04, 120 iterations, 0.00 seconds (0.00 work units)

    Nodes    |    Current Node    |     Objective Bounds      |     Work
 Expl Unexpl |  Obj  Depth IntInf | Incumbent    BestBd   Gap | It/Node Time

     0     0 98730.9660    0   24 5527250.00 98730.9660  98.2%     -    0s
H    0     0                    230958.46601 98730.9660  57.3%     -    0s
H    0     0                    208819.55795 98730.9660  52.7%     -    0s
H    0     0                    159261.72114 98730.9660  38.0%     -    0s
H    0     0                    154696.62432 98730.9660  36.2%     -    0s
H    0     0                    150855.32948 98730.9660  34.6%     -    0s
H    0     0                    115990.64587 98730.9660  14.9%     -    0s
H    0     0                    108994.43356 98730.9660  9.42%     -    0s
     0     0 103519.766    0   11 108994.434 103519.766  5.02%     -    0s
     0     0 103637.951    0   11 108994.434 103637.951  4.91%     -    0s
     0     0 103995.799    0   10 108994.434 103995.799  4.59%     -    0s
     0     0 104037.826    0   10 108994.434 104037.826  4.55%     -    0s
     0     0 104038.504    0    9 108994.434 104038.504  4.55%     -    0s
H    0     0                    108901.33034 104038.504  4.47%     -    0s
     0     0 104202.234    0    9 108901.330 104202.234  4.32%     -    0s
     0     0 104254.567    0   10 108901.330 104254.567  4.27%     -    0s
     0     0 104254.751    0   10 108901.330 104254.751  4.27%     -    0s
H    0     0                    108873.26305 104254.751  4.24%     -    0s
     0     0 104397.652    0    7 108873.263 104397.652  4.11%     -    0s
     0     0 104402.434    0    8 108873.263 104402.434  4.11%     -    0s
     0     0 104446.633    0    3 108873.263 104446.633  4.07%     -    0s
     0     0 104453.479    0    5 108873.263 104453.479  4.06%     -    0s
     0     0 104455.043    0    5 108873.263 104455.043  4.06%     -    0s
     0     0 104457.611    0    3 108873.263 104457.611  4.06%     -    0s
     0     0 104457.632    0    3 108873.263 104457.632  4.06%     -    0s
H    0     0                    108326.05169 104457.632  3.57%     -    0s
     0     2 104457.637    0    3 108326.052 104457.637  3.57%     -    0s

Cutting planes:
  Implied bound: 147
  MIR: 9
  Flow cover: 6
  Inf proof: 14
  Relax-and-lift: 10

Explored 5309 nodes (144917 simplex iterations) in 0.46 seconds (1.11 work units)
Thread count was 8 (of 8 available processors)

Solution count 10: 108326 108873 108994 ... 5.52725e+06

Optimal solution found (tolerance 1.00e-04)
Best objective 1.083260516874e+05, best bound 1.083260516874e+05, gap 0.0000%

User-callback calls 10997, time in user-callback 0.00 sec

Gurobi 12.0.3 (mac64[arm]) logging started Tue Sep 23 14:00:17 2025

Set parameter LogFile to value "Logs/Facility Location Logs/L50/phase1/scenario_generation.log"
Set parameter LogToConsole to value 0

Gurobi 12.0.3 (mac64[arm]) logging started Tue Sep 23 14:00:17 2025

Set parameter LogFile to value "Logs/Facility Location Logs/L50/phase1/scenario_generation.log"
Gurobi Optimizer version 12.0.3 build v12.0.3rc0 (mac64[arm] - Darwin 24.6.0 24G222)

CPU model: Apple M3
Thread count: 8 physical cores, 8 logical processors, using up to 8 threads

Non-default parameters:
LogToConsole  0

Optimize a model with 75 rows, 1325 columns and 2575 nonzeros
Model fingerprint: 0xb133776c
Variable types: 1300 continuous, 25 integer (25 binary)
Coefficient statistics:
  Matrix range     [1e+00, 2e+04]
  Objective range  [8e-03, 8e+03]
  Bounds range     [0e+00, 0e+00]
  RHS range        [8e+02, 8e+03]
Found heuristic solution: objective 4762450.0000
Presolve removed 0 rows and 1 columns
Presolve time: 0.00s
Presolved: 75 rows, 1324 columns, 2574 nonzeros
Variable types: 1300 continuous, 24 integer (24 binary)

Root relaxation: objective 7.999717e+04, 118 iterations, 0.00 seconds (0.00 work units)

    Nodes    |    Current Node    |     Objective Bounds      |     Work
 Expl Unexpl |  Obj  Depth IntInf | Incumbent    BestBd   Gap | It/Node Time

     0     0 79997.1745    0   24 4762450.00 79997.1745  98.3%     -    0s
H    0     0                    219872.67450 79997.1745  63.6%     -    0s
H    0     0                    204966.10823 79997.1745  61.0%     -    0s
H    0     0                    149350.93230 79997.1745  46.4%     -    0s
H    0     0                    139188.88697 84977.6953  38.9%     -    0s
H    0     0                    104208.32129 84977.6953  18.5%     -    0s
     0     0 84977.6953    0   10 104208.321 84977.6953  18.5%     -    0s
H    0     0                    103921.65732 85099.7268  18.1%     -    0s
     0     0 85099.7268    0   10 103921.657 85099.7268  18.1%     -    0s
H    0     0                    97932.542017 85099.7268  13.1%     -    0s
     0     0 85511.6979    0    7 97932.5420 85511.6979  12.7%     -    0s
H    0     0                    95405.935484 85511.6979  10.4%     -    0s
H    0     0                    95400.345808 85511.6979  10.4%     -    0s
H    0     0                    95386.682069 85511.6979  10.4%     -    0s
     0     0 85536.1886    0    8 95386.6821 85536.1886  10.3%     -    0s
H    0     0                    90668.380902 85536.1886  5.66%     -    0s
     0     0 85671.3286    0    7 90668.3809 85671.3286  5.51%     -    0s
H    0     0                    90647.770667 85695.5414  5.46%     -    0s
H    0     0                    90575.665499 85695.5414  5.39%     -    0s
     0     0 85695.5414    0    7 90575.6655 85695.5414  5.39%     -    0s
     0     0 85802.2295    0    1 90575.6655 85802.2295  5.27%     -    0s
H    0     0                    90370.709075 85804.3505  5.05%     -    0s
     0     0 85837.3858    0    1 90370.7091 85837.3858  5.02%     -    0s
     0     0 85837.3858    0    1 90370.7091 85837.3858  5.02%     -    0s
H    0     0                    90150.974210 85837.3858  4.78%     -    0s
H    0     0                    89970.504864 85837.3858  4.59%     -    0s
     0     2 85837.3858    0    1 89970.5049 85837.3858  4.59%     -    0s

Cutting planes:
  Implied bound: 130
  MIR: 3
  Flow cover: 4
  Inf proof: 6
  Relax-and-lift: 9

Explored 6517 nodes (140127 simplex iterations) in 0.44 seconds (1.06 work units)
Thread count was 8 (of 8 available processors)

Solution count 10: 89970.5 90151 95386.7 ... 219873

Optimal solution found (tolerance 1.00e-04)
Best objective 8.997050486438e+04, best bound 8.997050486438e+04, gap 0.0000%

User-callback calls 13398, time in user-callback 0.00 sec

Gurobi 12.0.3 (mac64[arm]) logging started Tue Sep 23 14:00:17 2025

Set parameter LogFile to value "Logs/Facility Location Logs/L50/phase1/scenario_generation.log"
Set parameter LogToConsole to value 0

Gurobi 12.0.3 (mac64[arm]) logging started Tue Sep 23 14:00:17 2025

Set parameter LogFile to value "Logs/Facility Location Logs/L50/phase1/scenario_generation.log"
Gurobi Optimizer version 12.0.3 build v12.0.3rc0 (mac64[arm] - Darwin 24.6.0 24G222)

CPU model: Apple M3
Thread count: 8 physical cores, 8 logical processors, using up to 8 threads

Non-default parameters:
LogToConsole  0

Optimize a model with 75 rows, 1325 columns and 2575 nonzeros
Model fingerprint: 0xd6e87b90
Variable types: 1300 continuous, 25 integer (25 binary)
Coefficient statistics:
  Matrix range     [1e+00, 2e+04]
  Objective range  [8e-03, 8e+03]
  Bounds range     [0e+00, 0e+00]
  RHS range        [8e+02, 2e+04]
Found heuristic solution: objective 5134950.0000
Presolve removed 0 rows and 1 columns
Presolve time: 0.00s
Presolved: 75 rows, 1324 columns, 2574 nonzeros
Variable types: 1300 continuous, 24 integer (24 binary)

Root relaxation: objective 1.088399e+05, 164 iterations, 0.00 seconds (0.00 work units)

    Nodes    |    Current Node    |     Objective Bounds      |     Work
 Expl Unexpl |  Obj  Depth IntInf | Incumbent    BestBd   Gap | It/Node Time

     0     0 108839.863    0   22 5134950.00 108839.863  97.9%     -    0s
H    0     0                    237490.36301 108839.863  54.2%     -    0s
H    0     0                    222600.63857 108839.863  51.1%     -    0s
H    0     0                    138776.00366 108839.863  21.6%     -    0s
H    0     0                    128793.52938 108839.863  15.5%     -    0s
H    0     0                    125317.65226 113220.237  9.65%     -    0s
H    0     0                    121736.74701 113220.237  7.00%     -    0s
     0     0 113220.237    0   12 121736.747 113220.237  7.00%     -    0s
H    0     0                    115950.43146 113328.043  2.26%     -    0s
H    0     0                    115910.66693 113328.043  2.23%     -    0s
     0     0 113641.937    0   12 115910.667 113641.937  1.96%     -    0s
H    0     0                    115449.61846 113770.578  1.45%     -    0s
     0     0 113770.578    0    9 115449.618 113770.578  1.45%     -    0s
H    0     0                    115163.54113 113770.578  1.21%     -    0s
     0     0 113770.578    0    9 115163.541 113770.578  1.21%     -    0s
     0     0 113882.202    0   11 115163.541 113882.202  1.11%     -    0s
     0     0 113914.184    0   11 115163.541 113914.184  1.08%     -    0s
     0     0 114020.265    0    6 115163.541 114020.265  0.99%     -    0s
     0     0 114094.549    0    4 115163.541 114094.549  0.93%     -    0s
     0     0 114094.863    0    5 115163.541 114094.863  0.93%     -    0s
     0     0 114102.358    0    7 115163.541 114102.358  0.92%     -    0s
     0     0 114102.358    0    7 115163.541 114102.358  0.92%     -    0s
     0     2 114102.367    0    7 115163.541 114102.367  0.92%     -    0s

Cutting planes:
  Implied bound: 89
  MIR: 9
  Flow cover: 8
  Relax-and-lift: 9

Explored 228 nodes (5360 simplex iterations) in 0.06 seconds (0.10 work units)
Thread count was 8 (of 8 available processors)

Solution count 9: 115164 115911 121737 ... 5.13495e+06

Optimal solution found (tolerance 1.00e-04)
Best objective 1.151635411303e+05, best bound 1.151635411303e+05, gap 0.0000%

User-callback calls 724, time in user-callback 0.00 sec

============================================================
SUMMARY STATISTICS - PHASE 1: SCENARIO GENERATION (COMMON)
============================================================
Parameters:
  bernoulli_case: false
  nloc: 25
  ncust: 50
  nscen: 50

Results:
  total_scenarios: 50
  unique_solutions: 48
============================================================

Gurobi 12.0.3 (mac64[arm]) logging started Tue Sep 23 15:45:19 2025

Set parameter LogFile to value "Logs/Facility Location Logs/L50/phase1/scenario_generation.log"
Set parameter LogToConsole to value 0

Gurobi 12.0.3 (mac64[arm]) logging started Tue Sep 23 15:45:19 2025

Set parameter LogFile to value "Logs/Facility Location Logs/L50/phase1/scenario_generation.log"
Gurobi Optimizer version 12.0.3 build v12.0.3rc0 (mac64[arm] - Darwin 24.6.0 24G222)

CPU model: Apple M3
Thread count: 8 physical cores, 8 logical processors, using up to 8 threads

Non-default parameters:
LogToConsole  0

Optimize a model with 75 rows, 1325 columns and 2575 nonzeros
Model fingerprint: 0x5dd90edf
Variable types: 1300 continuous, 25 integer (25 binary)
Coefficient statistics:
  Matrix range     [1e+00, 2e+04]
  Objective range  [8e-03, 8e+03]
  Bounds range     [0e+00, 0e+00]
  RHS range        [3e+02, 2e+04]
Found heuristic solution: objective 3814350.0000
Presolve removed 0 rows and 1 columns
Presolve time: 0.00s
Presolved: 75 rows, 1324 columns, 2574 nonzeros
Variable types: 1300 continuous, 24 integer (24 binary)

Root relaxation: objective 9.174269e+04, 165 iterations, 0.00 seconds (0.00 work units)

    Nodes    |    Current Node    |     Objective Bounds      |     Work
 Expl Unexpl |  Obj  Depth IntInf | Incumbent    BestBd   Gap | It/Node Time

     0     0 91742.6934    0   20 3814350.00 91742.6934  97.6%     -    0s
H    0     0                    218599.19343 91742.6934  58.0%     -    0s
H    0     0                    187084.15481 91742.6934  51.0%     -    0s
H    0     0                    179898.99217 91742.6934  49.0%     -    0s
H    0     0                    170600.37733 92358.3290  45.9%     -    0s
     0     0 96195.7713    0    8 170600.377 96195.7713  43.6%     -    0s
H    0     0                    140552.27131 96264.7451  31.5%     -    0s
H    0     0                    137454.39283 96264.7451  30.0%     -    0s
H    0     0                    122832.51474 96264.7451  21.6%     -    0s
     0     0 96264.7451    0    8 122832.515 96264.7451  21.6%     -    0s
H    0     0                    120776.17822 96264.7451  20.3%     -    0s
H    0     0                    118156.81556 96400.2350  18.4%     -    0s
     0     0 96400.2350    0    4 118156.816 96400.2350  18.4%     -    0s
H    0     0                    104010.72736 96427.0613  7.29%     -    0s
H    0     0                    103910.06054 96427.0613  7.20%     -    0s
H    0     0                    103338.86231 96427.0613  6.69%     -    0s
     0     0 96484.4834    0    2 103338.862 96484.4834  6.63%     -    0s
H    0     0                    103197.84327 96484.4834  6.51%     -    0s
     0     0 96492.4734    0    1 103197.843 96492.4734  6.50%     -    0s
H    0     0                    102333.18900 96492.4734  5.71%     -    0s
     0     0 96508.9849    0    2 102333.189 96508.9849  5.69%     -    0s
     0     0 96605.7023    0    1 102333.189 96605.7023  5.60%     -    0s
     0     0 96758.3173    0    1 102333.189 96758.3173  5.45%     -    0s
     0     0 96795.1873    0    1 102333.189 96795.1873  5.41%     -    0s
H    0     0                    102310.70249 96795.1873  5.39%     -    0s
H    0     2                    102269.90929 96795.1873  5.35%     -    0s
     0     2 96795.1873    0    1 102269.909 96795.1873  5.35%     -    0s
*   17    16               4    102219.10573 96795.1873  5.31%  38.9    0s
*  338   117               5    102114.33536 97431.6330  4.59%  18.9    0s

Cutting planes:
  Implied bound: 122
  MIR: 4
  Flow cover: 1
  Inf proof: 2
  Relax-and-lift: 4

Explored 655 nodes (15931 simplex iterations) in 0.10 seconds (0.19 work units)
Thread count was 8 (of 8 available processors)

Solution count 10: 102114 102219 103198 ... 137454

Optimal solution found (tolerance 1.00e-04)
Best objective 1.021143353565e+05, best bound 1.021143353565e+05, gap 0.0000%

User-callback calls 1608, time in user-callback 0.00 sec

Gurobi 12.0.3 (mac64[arm]) logging started Tue Sep 23 15:45:19 2025

Set parameter LogFile to value "Logs/Facility Location Logs/L50/phase1/scenario_generation.log"
Set parameter LogToConsole to value 0

Gurobi 12.0.3 (mac64[arm]) logging started Tue Sep 23 15:45:19 2025

Set parameter LogFile to value "Logs/Facility Location Logs/L50/phase1/scenario_generation.log"
Gurobi Optimizer version 12.0.3 build v12.0.3rc0 (mac64[arm] - Darwin 24.6.0 24G222)

CPU model: Apple M3
Thread count: 8 physical cores, 8 logical processors, using up to 8 threads

Non-default parameters:
LogToConsole  0

Optimize a model with 75 rows, 1325 columns and 2575 nonzeros
Model fingerprint: 0xa00b0596
Variable types: 1300 continuous, 25 integer (25 binary)
Coefficient statistics:
  Matrix range     [1e+00, 2e+04]
  Objective range  [8e-03, 8e+03]
  Bounds range     [0e+00, 0e+00]
  RHS range        [1e+03, 3e+04]
Found heuristic solution: objective 6709850.0000
Presolve removed 0 rows and 1 columns
Presolve time: 0.00s
Presolved: 75 rows, 1324 columns, 2574 nonzeros
Variable types: 1300 continuous, 24 integer (24 binary)

Root relaxation: objective 1.432347e+05, 145 iterations, 0.00 seconds (0.00 work units)

    Nodes    |    Current Node    |     Objective Bounds      |     Work
 Expl Unexpl |  Obj  Depth IntInf | Incumbent    BestBd   Gap | It/Node Time

     0     0 143234.660    0   22 6709850.00 143234.660  97.9%     -    0s
H    0     0                    263636.15997 143234.660  45.7%     -    0s
H    0     0                    235411.24024 143234.660  39.2%     -    0s
H    0     0                    227878.70739 143234.660  37.1%     -    0s
H    0     0                    213117.03402 143234.660  32.8%     -    0s
H    0     0                    183195.17548 143234.660  21.8%     -    0s
H    0     0                    150243.14804 148048.478  1.46%     -    0s
H    0     0                    150236.84815 148048.478  1.46%     -    0s
     0     0 148048.478    0   13 150236.848 148048.478  1.46%     -    0s
     0     0 148078.667    0   13 150236.848 148078.667  1.44%     -    0s
     0     0 148581.802    0    9 150236.848 148581.802  1.10%     -    0s
     0     0 148621.798    0   10 150236.848 148621.798  1.08%     -    0s
     0     0 148627.533    0   10 150236.848 148627.533  1.07%     -    0s
H    0     0                    150075.53309 148627.533  0.96%     -    0s
H    0     0                    149842.38486 148822.832  0.68%     -    0s
     0     0 148822.832    0   14 149842.385 148822.832  0.68%     -    0s
     0     0 148863.222    0    9 149842.385 148863.222  0.65%     -    0s
     0     0 148966.495    0    4 149842.385 148966.495  0.58%     -    0s
H    0     0                    149564.86601 148966.495  0.40%     -    0s
     0     0 148966.902    0    3 149564.866 148966.902  0.40%     -    0s
     0     0 148988.613    0    4 149564.866 148988.613  0.39%     -    0s
     0     0 148988.631    0    4 149564.866 148988.631  0.39%     -    0s
     0     2 148988.631    0    4 149564.866 148988.631  0.39%     -    0s
*   29    41               6    149408.87496 149108.237  0.20%  23.1    0s

Cutting planes:
  Implied bound: 83
  MIR: 9
  Flow cover: 4
  Relax-and-lift: 12

Explored 262 nodes (5121 simplex iterations) in 0.06 seconds (0.10 work units)
Thread count was 8 (of 8 available processors)

Solution count 10: 149409 149565 149842 ... 6.70985e+06

Optimal solution found (tolerance 1.00e-04)
Best objective 1.494088749623e+05, best bound 1.494088749623e+05, gap 0.0000%

User-callback calls 794, time in user-callback 0.00 sec

Gurobi 12.0.3 (mac64[arm]) logging started Tue Sep 23 15:45:20 2025

Set parameter LogFile to value "Logs/Facility Location Logs/L50/phase1/scenario_generation.log"
Set parameter LogToConsole to value 0

Gurobi 12.0.3 (mac64[arm]) logging started Tue Sep 23 15:45:20 2025

Set parameter LogFile to value "Logs/Facility Location Logs/L50/phase1/scenario_generation.log"
Gurobi Optimizer version 12.0.3 build v12.0.3rc0 (mac64[arm] - Darwin 24.6.0 24G222)

CPU model: Apple M3
Thread count: 8 physical cores, 8 logical processors, using up to 8 threads

Non-default parameters:
LogToConsole  0

Optimize a model with 75 rows, 1325 columns and 2575 nonzeros
Model fingerprint: 0xaaf59d37
Variable types: 1300 continuous, 25 integer (25 binary)
Coefficient statistics:
  Matrix range     [1e+00, 2e+04]
  Objective range  [8e-03, 8e+03]
  Bounds range     [0e+00, 0e+00]
  RHS range        [8e+02, 8e+03]
Found heuristic solution: objective 4564350.0000
Presolve removed 0 rows and 1 columns
Presolve time: 0.00s
Presolved: 75 rows, 1324 columns, 2574 nonzeros
Variable types: 1300 continuous, 24 integer (24 binary)

Root relaxation: objective 6.556076e+04, 114 iterations, 0.00 seconds (0.00 work units)

    Nodes    |    Current Node    |     Objective Bounds      |     Work
 Expl Unexpl |  Obj  Depth IntInf | Incumbent    BestBd   Gap | It/Node Time

     0     0 65560.7594    0   24 4564350.00 65560.7594  98.6%     -    0s
H    0     0                    207417.25939 65560.7594  68.4%     -    0s
H    0     0                    185247.78609 65560.7594  64.6%     -    0s
H    0     0                    164983.92015 65560.7594  60.3%     -    0s
H    0     0                    157923.61176 66860.6213  57.7%     -    0s
H    0     0                    151618.28135 66860.6213  55.9%     -    0s
H    0     0                    146588.83438 66860.6213  54.4%     -    0s
H    0     0                    128569.68963 70475.1757  45.2%     -    0s
H    0     0                    93190.574937 70475.1757  24.4%     -    0s
H    0     0                    78876.688077 70475.1757  10.7%     -    0s
     0     0 70475.1757    0   15 78876.6881 70475.1757  10.7%     -    0s
H    0     0                    77782.338594 70568.5589  9.27%     -    0s
     0     0 70568.5589    0   14 77782.3386 70568.5589  9.27%     -    0s
     0     0 70568.5589    0   15 77782.3386 70568.5589  9.27%     -    0s
     0     0 70980.9765    0    6 77782.3386 70980.9765  8.74%     -    0s
     0     0 70998.6899    0    6 77782.3386 70998.6899  8.72%     -    0s
H    0     0                    77482.486151 70998.6899  8.37%     -    0s
     0     0 71154.3728    0    7 77482.4862 71154.3728  8.17%     -    0s
     0     0 71296.5290    0    6 77482.4862 71296.5290  7.98%     -    0s
H    0     0                    77448.430232 71296.5290  7.94%     -    0s
     0     0 71311.4119    0    6 77448.4302 71311.4119  7.92%     -    0s
     0     0 71311.8633    0    6 77448.4302 71311.8633  7.92%     -    0s
     0     0 71373.1744    0    3 77448.4302 71373.1744  7.84%     -    0s
     0     0 71375.1241    0    4 77448.4302 71375.1241  7.84%     -    0s
     0     0 71376.7242    0    3 77448.4302 71376.7242  7.84%     -    0s
     0     0 71376.7242    0    3 77448.4302 71376.7242  7.84%     -    0s
H    0     0                    77164.515675 71376.7242  7.50%     -    0s
     0     2 71376.7404    0    3 77164.5157 71376.7404  7.50%     -    0s

Cutting planes:
  Implied bound: 101
  MIR: 21
  Flow cover: 6
  Inf proof: 15
  Relax-and-lift: 9

Explored 9296 nodes (189275 simplex iterations) in 0.83 seconds (1.78 work units)
Thread count was 8 (of 8 available processors)

Solution count 10: 77164.5 77448.4 77782.3 ... 164984

Optimal solution found (tolerance 1.00e-04)
Best objective 7.716451567481e+04, best bound 7.716451567481e+04, gap 0.0000%

User-callback calls 19184, time in user-callback 0.00 sec

Gurobi 12.0.3 (mac64[arm]) logging started Tue Sep 23 15:45:20 2025

Set parameter LogFile to value "Logs/Facility Location Logs/L50/phase1/scenario_generation.log"
Set parameter LogToConsole to value 0

Gurobi 12.0.3 (mac64[arm]) logging started Tue Sep 23 15:45:20 2025

Set parameter LogFile to value "Logs/Facility Location Logs/L50/phase1/scenario_generation.log"
Gurobi Optimizer version 12.0.3 build v12.0.3rc0 (mac64[arm] - Darwin 24.6.0 24G222)

CPU model: Apple M3
Thread count: 8 physical cores, 8 logical processors, using up to 8 threads

Non-default parameters:
LogToConsole  0

Optimize a model with 75 rows, 1325 columns and 2575 nonzeros
Model fingerprint: 0xa79c9657
Variable types: 1300 continuous, 25 integer (25 binary)
Coefficient statistics:
  Matrix range     [1e+00, 2e+04]
  Objective range  [8e-03, 8e+03]
  Bounds range     [0e+00, 0e+00]
  RHS range        [1e+03, 2e+04]
Found heuristic solution: objective 6632950.0000
Presolve removed 0 rows and 1 columns
Presolve time: 0.00s
Presolved: 75 rows, 1324 columns, 2574 nonzeros
Variable types: 1300 continuous, 24 integer (24 binary)

Root relaxation: objective 1.298566e+05, 117 iterations, 0.00 seconds (0.00 work units)

    Nodes    |    Current Node    |     Objective Bounds      |     Work
 Expl Unexpl |  Obj  Depth IntInf | Incumbent    BestBd   Gap | It/Node Time

     0     0 129856.592    0   23 6632950.00 129856.592  98.0%     -    0s
H    0     0                    251027.09240 129856.592  48.3%     -    0s
H    0     0                    221747.32034 129856.592  41.4%     -    0s
H    0     0                    206619.81654 134552.742  34.9%     -    0s
H    0     0                    171191.46701 134552.742  21.4%     -    0s
H    0     0                    137827.76398 134552.742  2.38%     -    0s
H    0     0                    137800.66498 134552.742  2.36%     -    0s
     0     0 134552.742    0   13 137800.665 134552.742  2.36%     -    0s
H    0     0                    137035.20958 134592.965  1.78%     -    0s
     0     0 134592.965    0   11 137035.210 134592.965  1.78%     -    0s
H    0     0                    137033.80163 134592.965  1.78%     -    0s
     0     0 135021.928    0    9 137033.802 135021.928  1.47%     -    0s
H    0     0                    136765.01598 135097.221  1.22%     -    0s
     0     0 135097.221    0    9 136765.016 135097.221  1.22%     -    0s
H    0     0                    136585.59969 135097.221  1.09%     -    0s
     0     0 135313.779    0   13 136585.600 135313.779  0.93%     -    0s
     0     0 135366.195    0   10 136585.600 135366.195  0.89%     -    0s
     0     0 135366.195    0   10 136585.600 135366.195  0.89%     -    0s
     0     0 135469.644    0   11 136585.600 135469.644  0.82%     -    0s
H    0     0                    136538.43810 135474.479  0.78%     -    0s
     0     0 135478.421    0    9 136538.438 135478.421  0.78%     -    0s
     0     0 135478.981    0   10 136538.438 135478.981  0.78%     -    0s
     0     0 135519.836    0    9 136538.438 135519.836  0.75%     -    0s
     0     0 135522.587    0   11 136538.438 135522.587  0.74%     -    0s
     0     0 135525.969    0   10 136538.438 135525.969  0.74%     -    0s
     0     0 135525.969    0   10 136538.438 135525.969  0.74%     -    0s
     0     2 135525.978    0   10 136538.438 135525.978  0.74%     -    0s

Cutting planes:
  Implied bound: 126
  MIR: 10
  Flow cover: 10
  Relax-and-lift: 18

Explored 2011 nodes (42434 simplex iterations) in 0.23 seconds (0.47 work units)
Thread count was 8 (of 8 available processors)

Solution count 9: 136538 136586 137034 ... 6.63295e+06

Optimal solution found (tolerance 1.00e-04)
Best objective 1.365384381024e+05, best bound 1.365384381024e+05, gap 0.0000%

User-callback calls 4354, time in user-callback 0.00 sec

Gurobi 12.0.3 (mac64[arm]) logging started Tue Sep 23 15:45:21 2025

Set parameter LogFile to value "Logs/Facility Location Logs/L50/phase1/scenario_generation.log"
Set parameter LogToConsole to value 0

Gurobi 12.0.3 (mac64[arm]) logging started Tue Sep 23 15:45:21 2025

Set parameter LogFile to value "Logs/Facility Location Logs/L50/phase1/scenario_generation.log"
Gurobi Optimizer version 12.0.3 build v12.0.3rc0 (mac64[arm] - Darwin 24.6.0 24G222)

CPU model: Apple M3
Thread count: 8 physical cores, 8 logical processors, using up to 8 threads

Non-default parameters:
LogToConsole  0

Optimize a model with 75 rows, 1325 columns and 2575 nonzeros
Model fingerprint: 0xde33eed7
Variable types: 1300 continuous, 25 integer (25 binary)
Coefficient statistics:
  Matrix range     [1e+00, 2e+04]
  Objective range  [8e-03, 8e+03]
  Bounds range     [0e+00, 0e+00]
  RHS range        [1e+03, 6e+03]
Found heuristic solution: objective 5464150.0000
Presolve removed 0 rows and 1 columns
Presolve time: 0.00s
Presolved: 75 rows, 1324 columns, 2574 nonzeros
Variable types: 1300 continuous, 24 integer (24 binary)

Root relaxation: objective 8.316048e+04, 108 iterations, 0.00 seconds (0.00 work units)

    Nodes    |    Current Node    |     Objective Bounds      |     Work
 Expl Unexpl |  Obj  Depth IntInf | Incumbent    BestBd   Gap | It/Node Time

     0     0 83160.4767    0   24 5464150.00 83160.4767  98.5%     -    0s
H    0     0                    216018.97672 83160.4767  61.5%     -    0s
H    0     0                    193952.08265 83160.4767  57.1%     -    0s
H    0     0                    147348.66775 83160.4767  43.6%     -    0s
H    0     0                    135573.51410 83160.4767  38.7%     -    0s
H    0     0                    104965.86348 83160.4767  20.8%     -    0s
H    0     0                    104955.21357 83160.4767  20.8%     -    0s
     0     0 88446.0012    0   11 104955.214 88446.0012  15.7%     -    0s
H    0     0                    103555.62412 88470.1409  14.6%     -    0s
H    0     0                    101483.39275 88470.1409  12.8%     -    0s
H    0     0                    94982.610027 88470.1409  6.86%     -    0s
     0     0 88470.1409    0   11 94982.6100 88470.1409  6.86%     -    0s
     0     0 88997.9761    0    9 94982.6100 88997.9761  6.30%     -    0s
H    0     0                    94692.089159 89034.6199  5.97%     -    0s
H    0     0                    94650.654635 89034.6199  5.93%     -    0s
     0     0 89034.6199    0    9 94650.6546 89034.6199  5.93%     -    0s
     0     0 89258.2528    0   14 94650.6546 89258.2528  5.70%     -    0s
     0     0 89280.9978    0   13 94650.6546 89280.9978  5.67%     -    0s
     0     0 89280.9978    0   13 94650.6546 89280.9978  5.67%     -    0s
     0     0 89411.8125    0    8 94650.6546 89411.8125  5.53%     -    0s
     0     0 89414.6095    0    9 94650.6546 89414.6095  5.53%     -    0s
     0     0 89438.2799    0    8 94650.6546 89438.2799  5.51%     -    0s
     0     0 89438.2799    0    8 94650.6546 89438.2799  5.51%     -    0s
H    0     0                    93797.530207 89438.2884  4.65%     -    0s
     0     2 89438.2884    0    8 93797.5302 89438.2884  4.65%     -    0s

Cutting planes:
  Implied bound: 172
  MIR: 5
  Flow cover: 2
  Inf proof: 11
  Relax-and-lift: 18

Explored 5468 nodes (140200 simplex iterations) in 0.53 seconds (1.17 work units)
Thread count was 8 (of 8 available processors)

Solution count 10: 93797.5 94650.7 94982.6 ... 216019

Optimal solution found (tolerance 1.00e-04)
Best objective 9.379753020675e+04, best bound 9.379753020675e+04, gap 0.0000%

User-callback calls 11339, time in user-callback 0.00 sec

Gurobi 12.0.3 (mac64[arm]) logging started Tue Sep 23 15:45:21 2025

Set parameter LogFile to value "Logs/Facility Location Logs/L50/phase1/scenario_generation.log"
Set parameter LogToConsole to value 0

Gurobi 12.0.3 (mac64[arm]) logging started Tue Sep 23 15:45:21 2025

Set parameter LogFile to value "Logs/Facility Location Logs/L50/phase1/scenario_generation.log"
Gurobi Optimizer version 12.0.3 build v12.0.3rc0 (mac64[arm] - Darwin 24.6.0 24G222)

CPU model: Apple M3
Thread count: 8 physical cores, 8 logical processors, using up to 8 threads

Non-default parameters:
LogToConsole  0

Optimize a model with 75 rows, 1325 columns and 2575 nonzeros
Model fingerprint: 0x238c64f3
Variable types: 1300 continuous, 25 integer (25 binary)
Coefficient statistics:
  Matrix range     [1e+00, 2e+04]
  Objective range  [8e-03, 8e+03]
  Bounds range     [0e+00, 0e+00]
  RHS range        [1e+03, 2e+04]
Found heuristic solution: objective 5881700.0000
Presolve removed 0 rows and 1 columns
Presolve time: 0.00s
Presolved: 75 rows, 1324 columns, 2574 nonzeros
Variable types: 1300 continuous, 24 integer (24 binary)

Root relaxation: objective 1.176199e+05, 144 iterations, 0.00 seconds (0.00 work units)

    Nodes    |    Current Node    |     Objective Bounds      |     Work
 Expl Unexpl |  Obj  Depth IntInf | Incumbent    BestBd   Gap | It/Node Time

     0     0 117619.946    0   23 5881700.00 117619.946  98.0%     -    0s
H    0     0                    246302.94550 117619.946  52.2%     -    0s
H    0     0                    224035.00792 117619.946  47.5%     -    0s
H    0     0                    209770.70778 117619.946  43.9%     -    0s
H    0     0                    203128.56459 121510.641  40.2%     -    0s
H    0     0                    166482.59032 121510.641  27.0%     -    0s
     0     0 121510.641    0   11 166482.590 121510.641  27.0%     -    0s
H    0     0                    131653.08427 121574.383  7.66%     -    0s
H    0     0                    125366.71901 121574.383  3.02%     -    0s
H    0     0                    124710.61066 121574.383  2.51%     -    0s
     0     0 121574.383    0   10 124710.611 121574.383  2.51%     -    0s
H    0     0                    124121.14283 121574.383  2.05%     -    0s
     0     0 121574.383    0   10 124121.143 121574.383  2.05%     -    0s
     0     0 122056.012    0   10 124121.143 122056.012  1.66%     -    0s
H    0     0                    123815.61738 122093.286  1.39%     -    0s
H    0     0                    123796.28296 122093.286  1.38%     -    0s
     0     0 122093.286    0   10 123796.283 122093.286  1.38%     -    0s
H    0     0                    123528.67709 122094.470  1.16%     -    0s
     0     0 122094.470    0   11 123528.677 122094.470  1.16%     -    0s
     0     0 122234.444    0    7 123528.677 122234.444  1.05%     -    0s
H    0     0                    123440.09208 122246.158  0.97%     -    0s
     0     0 122246.158    0    9 123440.092 122246.158  0.97%     -    0s
     0     0 122370.073    0    9 123440.092 122370.073  0.87%     -    0s
     0     0 122382.265    0    6 123440.092 122382.265  0.86%     -    0s
     0     0 122382.907    0    6 123440.092 122382.907  0.86%     -    0s
     0     0 122426.458    0    3 123440.092 122426.458  0.82%     -    0s
     0     0 122427.845    0    7 123440.092 122427.845  0.82%     -    0s
     0     0 122427.845    0    7 123440.092 122427.845  0.82%     -    0s
     0     2 122427.855    0    7 123440.092 122427.855  0.82%     -    0s

Cutting planes:
  Implied bound: 105
  MIR: 9
  Flow cover: 2
  Relax-and-lift: 5

Explored 651 nodes (16243 simplex iterations) in 0.12 seconds (0.23 work units)
Thread count was 8 (of 8 available processors)

Solution count 10: 123440 123529 123796 ... 224035

Optimal solution found (tolerance 1.00e-04)
Best objective 1.234400920822e+05, best bound 1.234400920822e+05, gap 0.0000%

User-callback calls 1613, time in user-callback 0.00 sec

Gurobi 12.0.3 (mac64[arm]) logging started Tue Sep 23 15:45:21 2025

Set parameter LogFile to value "Logs/Facility Location Logs/L50/phase1/scenario_generation.log"
Set parameter LogToConsole to value 0

Gurobi 12.0.3 (mac64[arm]) logging started Tue Sep 23 15:45:21 2025

Set parameter LogFile to value "Logs/Facility Location Logs/L50/phase1/scenario_generation.log"
Gurobi Optimizer version 12.0.3 build v12.0.3rc0 (mac64[arm] - Darwin 24.6.0 24G222)

CPU model: Apple M3
Thread count: 8 physical cores, 8 logical processors, using up to 8 threads

Non-default parameters:
LogToConsole  0

Optimize a model with 75 rows, 1325 columns and 2575 nonzeros
Model fingerprint: 0x82206cc4
Variable types: 1300 continuous, 25 integer (25 binary)
Coefficient statistics:
  Matrix range     [1e+00, 2e+04]
  Objective range  [8e-03, 8e+03]
  Bounds range     [0e+00, 0e+00]
  RHS range        [1e+03, 1e+04]
Found heuristic solution: objective 5239650.0000
Presolve removed 0 rows and 1 columns
Presolve time: 0.00s
Presolved: 75 rows, 1324 columns, 2574 nonzeros
Variable types: 1300 continuous, 24 integer (24 binary)

Root relaxation: objective 9.640612e+04, 127 iterations, 0.00 seconds (0.00 work units)

    Nodes    |    Current Node    |     Objective Bounds      |     Work
 Expl Unexpl |  Obj  Depth IntInf | Incumbent    BestBd   Gap | It/Node Time

     0     0 96406.1186    0   24 5239650.00 96406.1186  98.2%     -    0s
H    0     0                    231509.61857 96406.1186  58.4%     -    0s
H    0     0                    216649.22709 96406.1186  55.5%     -    0s
H    0     0                    188363.23961 96406.1186  48.8%     -    0s
H    0     0                    181516.74045 96406.1186  46.9%     -    0s
H    0     0                    174110.83135 96406.1186  44.6%     -    0s
H    0     0                    166678.23569 97453.5204  41.5%     -    0s
H    0     0                    161533.43030 97453.5204  39.7%     -    0s
H    0     0                    151117.13999 101432.903  32.9%     -    0s
H    0     0                    117312.62879 101432.903  13.5%     -    0s
H    0     0                    103628.37711 101432.903  2.12%     -    0s
H    0     0                    103619.55316 101432.903  2.11%     -    0s
     0     0 101432.903    0   12 103619.553 101432.903  2.11%     -    0s
H    0     0                    103585.07942 101533.251  1.98%     -    0s
     0     0 101533.251    0   12 103585.079 101533.251  1.98%     -    0s
     0     0 101866.685    0    6 103585.079 101866.685  1.66%     -    0s
     0     0 101899.920    0    8 103585.079 101899.920  1.63%     -    0s
H    0     0                    103380.41615 101899.920  1.43%     -    0s
H    0     0                    103097.88504 102082.607  0.98%     -    0s
     0     0 102082.607    0    7 103097.885 102082.607  0.98%     -    0s
H    0     0                    102476.61997 102107.149  0.36%     -    0s
H    0     0                    102466.39174 102107.149  0.35%     -    0s
     0     0 102107.149    0    6 102466.392 102107.149  0.35%     -    0s
     0     0 102220.888    0    3 102466.392 102220.888  0.24%     -    0s
     0     0 102235.024    0    3 102466.392 102235.024  0.23%     -    0s
     0     0 102235.028    0    3 102466.392 102235.028  0.23%     -    0s
     0     0 102286.065    0    2 102466.392 102286.065  0.18%     -    0s
     0     0 102287.392    0    2 102466.392 102287.392  0.17%     -    0s
     0     0 102302.982    0    4 102466.392 102302.982  0.16%     -    0s
     0     0 102303.074    0    4 102466.392 102303.074  0.16%     -    0s
     0     0 102303.074    0   14 102466.392 102303.074  0.16%     -    0s
     0     0 102303.074    0    7 102466.392 102303.074  0.16%     -    0s
     0     0 102303.074    0    7 102466.392 102303.074  0.16%     -    0s
     0     0 102303.074    0    4 102466.392 102303.074  0.16%     -    0s
     0     0 102303.074    0    6 102466.392 102303.074  0.16%     -    0s
     0     0 102303.074    0    5 102466.392 102303.074  0.16%     -    0s
     0     0 102303.074    0    3 102466.392 102303.074  0.16%     -    0s
     0     0 102303.074    0    3 102466.392 102303.074  0.16%     -    0s
     0     0 102303.074    0    4 102466.392 102303.074  0.16%     -    0s
     0     0 102303.074    0    4 102466.392 102303.074  0.16%     -    0s
     0     0 102303.074    0    4 102466.392 102303.074  0.16%     -    0s
     0     0 102308.051    0    3 102466.392 102308.051  0.15%     -    0s
     0     0 102316.841    0    4 102466.392 102316.841  0.15%     -    0s
     0     0 102318.795    0    3 102466.392 102318.795  0.14%     -    0s
     0     0 102323.964    0    3 102466.392 102323.964  0.14%     -    0s
     0     0 102323.964    0    3 102466.392 102323.964  0.14%     -    0s
     0     2 102323.964    0    3 102466.392 102323.964  0.14%     -    0s

Cutting planes:
  Implied bound: 66
  MIR: 8
  Relax-and-lift: 4

Explored 22 nodes (1123 simplex iterations) in 0.07 seconds (0.08 work units)
Thread count was 8 (of 8 available processors)

Solution count 10: 102466 103098 103380 ... 161533

Optimal solution found (tolerance 1.00e-04)
Best objective 1.024663917386e+05, best bound 1.024663917386e+05, gap 0.0000%

User-callback calls 405, time in user-callback 0.00 sec

Gurobi 12.0.3 (mac64[arm]) logging started Tue Sep 23 15:45:21 2025

Set parameter LogFile to value "Logs/Facility Location Logs/L50/phase1/scenario_generation.log"
Set parameter LogToConsole to value 0

Gurobi 12.0.3 (mac64[arm]) logging started Tue Sep 23 15:45:21 2025

Set parameter LogFile to value "Logs/Facility Location Logs/L50/phase1/scenario_generation.log"
Gurobi Optimizer version 12.0.3 build v12.0.3rc0 (mac64[arm] - Darwin 24.6.0 24G222)

CPU model: Apple M3
Thread count: 8 physical cores, 8 logical processors, using up to 8 threads

Non-default parameters:
LogToConsole  0

Optimize a model with 75 rows, 1325 columns and 2575 nonzeros
Model fingerprint: 0x81e8a4f1
Variable types: 1300 continuous, 25 integer (25 binary)
Coefficient statistics:
  Matrix range     [1e+00, 2e+04]
  Objective range  [8e-03, 8e+03]
  Bounds range     [0e+00, 0e+00]
  RHS range        [2e+03, 8e+03]
Found heuristic solution: objective 6309700.0000
Presolve removed 0 rows and 1 columns
Presolve time: 0.00s
Presolved: 75 rows, 1324 columns, 2574 nonzeros
Variable types: 1300 continuous, 24 integer (24 binary)

Root relaxation: objective 9.205525e+04, 122 iterations, 0.00 seconds (0.00 work units)

    Nodes    |    Current Node    |     Objective Bounds      |     Work
 Expl Unexpl |  Obj  Depth IntInf | Incumbent    BestBd   Gap | It/Node Time

     0     0 92055.2539    0   24 6309700.00 92055.2539  98.5%     -    0s
H    0     0                    216458.25392 92055.2539  57.5%     -    0s
H    0     0                    202149.42493 92055.2539  54.5%     -    0s
H    0     0                    187518.36505 92055.2539  50.9%     -    0s
H    0     0                    172268.09535 92055.2539  46.6%     -    0s
H    0     0                    136554.75679 97166.1935  28.8%     -    0s
H    0     0                    102854.34626 97166.1935  5.53%     -    0s
H    0     0                    102833.97808 97166.1935  5.51%     -    0s
     0     0 97166.1935    0   10 102833.978 97166.1935  5.51%     -    0s
     0     0 97269.7830    0   10 102833.978 97269.7830  5.41%     -    0s
     0     0 97743.7245    0    9 102833.978 97743.7245  4.95%     -    0s
     0     0 97783.7374    0    8 102833.978 97783.7374  4.91%     -    0s
H    0     0                    102682.64248 97784.2604  4.77%     -    0s
     0     0 97784.2604    0    8 102682.642 97784.2604  4.77%     -    0s
     0     0 97867.2255    0    9 102682.642 97867.2255  4.69%     -    0s
     0     0 97882.5602    0   10 102682.642 97882.5602  4.67%     -    0s
     0     0 97884.4673    0   10 102682.642 97884.4673  4.67%     -    0s
     0     0 97981.1758    0    9 102682.642 97981.1758  4.58%     -    0s
     0     0 97981.2910    0    9 102682.642 97981.2910  4.58%     -    0s
     0     0 97994.7629    0    8 102682.642 97994.7629  4.57%     -    0s
     0     0 98008.1486    0    6 102682.642 98008.1486  4.55%     -    0s
     0     0 98010.0008    0    8 102682.642 98010.0008  4.55%     -    0s
     0     0 98024.9792    0    9 102682.642 98024.9792  4.54%     -    0s
     0     0 98026.6923    0    9 102682.642 98026.6923  4.53%     -    0s
H    0     0                    102637.85922 98026.6923  4.49%     -    0s
H    0     0                    102482.51605 98026.7045  4.35%     -    0s
H    0     2                    102329.34279 98026.7045  4.20%     -    0s
     0     2 98026.7045    0    9 102329.343 98026.7045  4.20%     -    0s
H   26    64                    102170.02494 98058.0111  4.02%  18.6    0s
H   51    64                    102168.34675 98058.0111  4.02%  18.0    0s
H  430   373                    102145.96361 98058.0111  4.00%  20.1    0s
H  627   460                    102120.78233 98145.5295  3.89%  21.6    0s
*  659   460              12    101733.72142 98145.5295  3.53%  21.6    0s
* 2542  1078               9    101729.90364 98371.1453  3.30%  21.2    0s

Cutting planes:
  Gomory: 1
  Implied bound: 92
  MIR: 23
  Flow cover: 1
  Inf proof: 14
  Relax-and-lift: 6

Explored 18408 nodes (357856 simplex iterations) in 1.52 seconds (3.44 work units)
Thread count was 8 (of 8 available processors)

Solution count 10: 101730 101734 102121 ... 202149

Optimal solution found (tolerance 1.00e-04)
Best objective 1.017299036443e+05, best bound 1.017299036443e+05, gap 0.0000%

User-callback calls 37543, time in user-callback 0.00 sec

Gurobi 12.0.3 (mac64[arm]) logging started Tue Sep 23 15:45:23 2025

Set parameter LogFile to value "Logs/Facility Location Logs/L50/phase1/scenario_generation.log"
Set parameter LogToConsole to value 0

Gurobi 12.0.3 (mac64[arm]) logging started Tue Sep 23 15:45:23 2025

Set parameter LogFile to value "Logs/Facility Location Logs/L50/phase1/scenario_generation.log"
Gurobi Optimizer version 12.0.3 build v12.0.3rc0 (mac64[arm] - Darwin 24.6.0 24G222)

CPU model: Apple M3
Thread count: 8 physical cores, 8 logical processors, using up to 8 threads

Non-default parameters:
LogToConsole  0

Optimize a model with 75 rows, 1325 columns and 2575 nonzeros
Model fingerprint: 0x57441445
Variable types: 1300 continuous, 25 integer (25 binary)
Coefficient statistics:
  Matrix range     [1e+00, 2e+04]
  Objective range  [8e-03, 8e+03]
  Bounds range     [0e+00, 0e+00]
  RHS range        [1e+03, 6e+03]
Found heuristic solution: objective 5851600.0000
Presolve removed 0 rows and 1 columns
Presolve time: 0.00s
Presolved: 75 rows, 1324 columns, 2574 nonzeros
Variable types: 1300 continuous, 24 integer (24 binary)

Root relaxation: objective 8.406961e+04, 110 iterations, 0.00 seconds (0.00 work units)

    Nodes    |    Current Node    |     Objective Bounds      |     Work
 Expl Unexpl |  Obj  Depth IntInf | Incumbent    BestBd   Gap | It/Node Time

     0     0 84069.6077    0   24 5851600.00 84069.6077  98.6%     -    0s
H    0     0                    213053.60767 84069.6077  60.5%     -    0s
H    0     0                    198340.62029 84069.6077  57.6%     -    0s
H    0     0                    157110.43056 84069.6077  46.5%     -    0s
H    0     0                    142567.48036 84069.6077  41.0%     -    0s
H    0     0                    132988.10374 89326.2374  32.8%     -    0s
H    0     0                    99072.293891 89326.2374  9.84%     -    0s
     0     0 89326.2374    0   12 99072.2939 89326.2374  9.84%     -    0s
H    0     0                    92427.881668 89446.8710  3.23%     -    0s
     0     0 89446.8710    0   12 92427.8817 89446.8710  3.23%     -    0s
     0     0 90034.4386    0    8 92427.8817 90034.4386  2.59%     -    0s
     0     0 90066.1817    0   10 92427.8817 90066.1817  2.56%     -    0s
     0     0 90216.3020    0   11 92427.8817 90216.3020  2.39%     -    0s
H    0     0                    92188.888525 90269.4537  2.08%     -    0s
H    0     0                    92050.331512 90269.4537  1.93%     -    0s
     0     0 90269.4537    0   12 92050.3315 90269.4537  1.93%     -    0s
H    0     0                    91949.595233 90269.4657  1.83%     -    0s
     0     0 90269.4657    0   12 91949.5952 90269.4657  1.83%     -    0s
     0     0 90374.1998    0    8 91949.5952 90374.1998  1.71%     -    0s
H    0     0                    91843.442880 90374.6766  1.60%     -    0s
     0     0 90388.3362    0    6 91843.4429 90388.3362  1.58%     -    0s
     0     0 90388.5559    0    5 91843.4429 90388.5559  1.58%     -    0s
H    0     0                    91826.370645 90388.5559  1.57%     -    0s
     0     0 90423.2109    0    8 91826.3706 90423.2109  1.53%     -    0s
     0     0 90425.5411    0    8 91826.3706 90425.5411  1.53%     -    0s
     0     0 90451.6549    0    8 91826.3706 90451.6549  1.50%     -    0s
     0     0 90451.6549    0    8 91826.3706 90451.6549  1.50%     -    0s
     0     2 90451.6549    0    8 91826.3706 90451.6549  1.50%     -    0s
H  213   160                    91760.136192 90616.0694  1.25%  18.6    0s
H  399   288                    91716.622727 90619.7503  1.20%  19.8    0s

Cutting planes:
  Implied bound: 164
  MIR: 20
  Flow cover: 6
  Relax-and-lift: 5

Explored 8259 nodes (152726 simplex iterations) in 0.74 seconds (1.61 work units)
Thread count was 8 (of 8 available processors)

Solution count 10: 91716.6 91760.1 91826.4 ... 142567

Optimal solution found (tolerance 1.00e-04)
Best objective 9.171662272725e+04, best bound 9.171662272725e+04, gap 0.0000%

User-callback calls 17071, time in user-callback 0.00 sec

Gurobi 12.0.3 (mac64[arm]) logging started Tue Sep 23 15:45:24 2025

Set parameter LogFile to value "Logs/Facility Location Logs/L50/phase1/scenario_generation.log"
Set parameter LogToConsole to value 0

Gurobi 12.0.3 (mac64[arm]) logging started Tue Sep 23 15:45:24 2025

Set parameter LogFile to value "Logs/Facility Location Logs/L50/phase1/scenario_generation.log"
Gurobi Optimizer version 12.0.3 build v12.0.3rc0 (mac64[arm] - Darwin 24.6.0 24G222)

CPU model: Apple M3
Thread count: 8 physical cores, 8 logical processors, using up to 8 threads

Non-default parameters:
LogToConsole  0

Optimize a model with 75 rows, 1325 columns and 2575 nonzeros
Model fingerprint: 0xe6bedca9
Variable types: 1300 continuous, 25 integer (25 binary)
Coefficient statistics:
  Matrix range     [1e+00, 2e+04]
  Objective range  [8e-03, 8e+03]
  Bounds range     [0e+00, 0e+00]
  RHS range        [1e+03, 2e+04]
Found heuristic solution: objective 6160050.0000
Presolve removed 0 rows and 1 columns
Presolve time: 0.00s
Presolved: 75 rows, 1324 columns, 2574 nonzeros
Variable types: 1300 continuous, 24 integer (24 binary)

Root relaxation: objective 1.308617e+05, 140 iterations, 0.00 seconds (0.00 work units)

    Nodes    |    Current Node    |     Objective Bounds      |     Work
 Expl Unexpl |  Obj  Depth IntInf | Incumbent    BestBd   Gap | It/Node Time

     0     0 130861.675    0   23 6160050.00 130861.675  97.9%     -    0s
H    0     0                    256761.17534 130861.675  49.0%     -    0s
H    0     0                    227790.64937 130861.675  42.6%     -    0s
H    0     0                    227781.51026 130861.675  42.5%     -    0s
H    0     0                    206130.98190 130861.675  36.5%     -    0s
H    0     0                    175956.21492 135584.384  22.9%     -    0s
H    0     0                    142987.21570 135584.384  5.18%     -    0s
     0     0 135584.384    0   11 142987.216 135584.384  5.18%     -    0s
     0     0 135623.442    0   11 142987.216 135623.442  5.15%     -    0s
     0     0 136158.832    0   10 142987.216 136158.832  4.78%     -    0s
H    0     0                    142982.92817 136210.218  4.74%     -    0s
     0     0 136210.218    0   12 142982.928 136210.218  4.74%     -    0s
     0     0 136210.238    0   11 142982.928 136210.238  4.74%     -    0s
H    0     0                    142233.28262 136413.339  4.09%     -    0s
     0     0 136413.339    0   11 142233.283 136413.339  4.09%     -    0s
H    0     0                    141582.65769 136430.513  3.64%     -    0s
     0     0 136430.513    0   11 141582.658 136430.513  3.64%     -    0s
     0     0 136541.572    0    7 141582.658 136541.572  3.56%     -    0s
H    0     0                    141338.12461 136541.572  3.39%     -    0s
     0     0 136541.639    0    7 141338.125 136541.639  3.39%     -    0s
     0     0 136562.577    0    6 141338.125 136562.577  3.38%     -    0s
     0     0 136565.740    0    7 141338.125 136565.740  3.38%     -    0s
     0     0 136585.641    0    7 141338.125 136585.641  3.36%     -    0s
     0     0 136585.641    0    7 141338.125 136585.641  3.36%     -    0s
     0     2 136585.653    0    7 141338.125 136585.653  3.36%     -    0s

Cutting planes:
  Implied bound: 159
  MIR: 17
  Flow cover: 2
  Inf proof: 12
  Relax-and-lift: 3

Explored 2925 nodes (78492 simplex iterations) in 0.31 seconds (0.67 work units)
Thread count was 8 (of 8 available processors)

Solution count 9: 141338 141583 142233 ... 6.16005e+06

Optimal solution found (tolerance 1.00e-04)
Best objective 1.413381246090e+05, best bound 1.413381246090e+05, gap 0.0000%

User-callback calls 6222, time in user-callback 0.00 sec

Gurobi 12.0.3 (mac64[arm]) logging started Tue Sep 23 15:45:24 2025

Set parameter LogFile to value "Logs/Facility Location Logs/L50/phase1/scenario_generation.log"
Set parameter LogToConsole to value 0

Gurobi 12.0.3 (mac64[arm]) logging started Tue Sep 23 15:45:24 2025

Set parameter LogFile to value "Logs/Facility Location Logs/L50/phase1/scenario_generation.log"
Gurobi Optimizer version 12.0.3 build v12.0.3rc0 (mac64[arm] - Darwin 24.6.0 24G222)

CPU model: Apple M3
Thread count: 8 physical cores, 8 logical processors, using up to 8 threads

Non-default parameters:
LogToConsole  0

Optimize a model with 75 rows, 1325 columns and 2575 nonzeros
Model fingerprint: 0x54f7e648
Variable types: 1300 continuous, 25 integer (25 binary)
Coefficient statistics:
  Matrix range     [1e+00, 2e+04]
  Objective range  [8e-03, 8e+03]
  Bounds range     [0e+00, 0e+00]
  RHS range        [1e+03, 1e+04]
Found heuristic solution: objective 5440150.0000
Presolve removed 0 rows and 1 columns
Presolve time: 0.00s
Presolved: 75 rows, 1324 columns, 2574 nonzeros
Variable types: 1300 continuous, 24 integer (24 binary)

Root relaxation: objective 9.860065e+04, 112 iterations, 0.00 seconds (0.00 work units)

    Nodes    |    Current Node    |     Objective Bounds      |     Work
 Expl Unexpl |  Obj  Depth IntInf | Incumbent    BestBd   Gap | It/Node Time

     0     0 98600.6451    0   24 5440150.00 98600.6451  98.2%     -    0s
H    0     0                    231699.14508 98600.6451  57.4%     -    0s
H    0     0                    209516.30053 98600.6451  52.9%     -    0s
H    0     0                    209500.55693 98600.6451  52.9%     -    0s
H    0     0                    202239.51932 98600.6451  51.2%     -    0s
H    0     0                    164647.34751 98600.6451  40.1%     -    0s
     0     0 103235.207    0   10 164647.348 103235.207  37.3%     -    0s
H    0     0                    161333.70732 103333.888  36.0%     -    0s
H    0     0                    151074.27111 103333.888  31.6%     -    0s
H    0     0                    116654.93847 103333.888  11.4%     -    0s
     0     0 103333.888    0   10 116654.938 103333.888  11.4%     -    0s
H    0     0                    116323.61319 103333.888  11.2%     -    0s
     0     0 103689.636    0   11 116323.613 103689.636  10.9%     -    0s
H    0     0                    116143.80841 103742.205  10.7%     -    0s
     0     0 103742.205    0   11 116143.808 103742.205  10.7%     -    0s
H    0     0                    110069.39555 103742.205  5.75%     -    0s
H    0     0                    110065.60580 103742.205  5.75%     -    0s
H    0     0                    109678.83345 103742.205  5.41%     -    0s
     0     0 103966.754    0    9 109678.833 103966.754  5.21%     -    0s
     0     0 104002.691    0    9 109678.833 104002.691  5.18%     -    0s
     0     0 104002.691    0    7 109678.833 104002.691  5.18%     -    0s
     0     0 104111.765    0    7 109678.833 104111.765  5.08%     -    0s
H    0     0                    109605.27282 104111.765  5.01%     -    0s
     0     0 104114.451    0    9 109605.273 104114.451  5.01%     -    0s
     0     0 104160.816    0    3 109605.273 104160.816  4.97%     -    0s
     0     0 104164.119    0    5 109605.273 104164.119  4.96%     -    0s
     0     0 104169.157    0    7 109605.273 104169.157  4.96%     -    0s
     0     0 104169.157    0    7 109605.273 104169.157  4.96%     -    0s
H    0     0                    109065.48825 104169.168  4.49%     -    0s
H    0     2                    108973.32443 104169.168  4.41%     -    0s
     0     2 104169.168    0    7 108973.324 104169.168  4.41%     -    0s
H   26    64                    108957.69848 104218.140  4.35%  26.0    0s
H   31    64                    108880.20343 104218.140  4.28%  23.6    0s
H  409   295                    108758.59505 104239.813  4.15%  20.5    0s
* 2469   491              11    108748.77816 105231.570  3.23%  25.9    0s

Cutting planes:
  Implied bound: 168
  MIR: 10
  Flow cover: 3
  Inf proof: 12
  Relax-and-lift: 2

Explored 4202 nodes (112590 simplex iterations) in 0.40 seconds (0.91 work units)
Thread count was 8 (of 8 available processors)

Solution count 10: 108749 108759 110066 ... 202240

Optimal solution found (tolerance 1.00e-04)
Best objective 1.087487781639e+05, best bound 1.087487781639e+05, gap 0.0000%

User-callback calls 8792, time in user-callback 0.00 sec

Gurobi 12.0.3 (mac64[arm]) logging started Tue Sep 23 15:45:24 2025

Set parameter LogFile to value "Logs/Facility Location Logs/L50/phase1/scenario_generation.log"
Set parameter LogToConsole to value 0

Gurobi 12.0.3 (mac64[arm]) logging started Tue Sep 23 15:45:24 2025

Set parameter LogFile to value "Logs/Facility Location Logs/L50/phase1/scenario_generation.log"
Gurobi Optimizer version 12.0.3 build v12.0.3rc0 (mac64[arm] - Darwin 24.6.0 24G222)

CPU model: Apple M3
Thread count: 8 physical cores, 8 logical processors, using up to 8 threads

Non-default parameters:
LogToConsole  0

Optimize a model with 75 rows, 1325 columns and 2575 nonzeros
Model fingerprint: 0x7ffb9d8f
Variable types: 1300 continuous, 25 integer (25 binary)
Coefficient statistics:
  Matrix range     [1e+00, 2e+04]
  Objective range  [8e-03, 8e+03]
  Bounds range     [0e+00, 0e+00]
  RHS range        [9e+02, 8e+03]
Found heuristic solution: objective 4858450.0000
Presolve removed 0 rows and 1 columns
Presolve time: 0.00s
Presolved: 75 rows, 1324 columns, 2574 nonzeros
Variable types: 1300 continuous, 24 integer (24 binary)

Root relaxation: objective 8.147627e+04, 120 iterations, 0.00 seconds (0.00 work units)

    Nodes    |    Current Node    |     Objective Bounds      |     Work
 Expl Unexpl |  Obj  Depth IntInf | Incumbent    BestBd   Gap | It/Node Time

     0     0 81476.2676    0   24 4858450.00 81476.2676  98.3%     -    0s
H    0     0                    220391.76757 81476.2676  63.0%     -    0s
H    0     0                    191094.45769 81476.2676  57.4%     -    0s
H    0     0                    184205.99459 81476.2676  55.8%     -    0s
H    0     0                    177398.69331 81476.2676  54.1%     -    0s
H    0     0                    176279.47442 86569.0600  50.9%     -    0s
H    0     0                    139516.61008 86569.0600  38.0%     -    0s
H    0     0                    105471.74144 86569.0600  17.9%     -    0s
H    0     0                    91220.548131 86569.0600  5.10%     -    0s
     0     0 86569.0600    0   10 91220.5481 86569.0600  5.10%     -    0s
     0     0 86666.0542    0   10 91220.5481 86666.0542  4.99%     -    0s
     0     0 87183.4979    0   12 91220.5481 87183.4979  4.43%     -    0s
     0     0 87264.9943    0   11 91220.5481 87264.9943  4.34%     -    0s
     0     0 87264.9943    0   11 91220.5481 87264.9943  4.34%     -    0s
     0     0 87394.2917    0   13 91220.5481 87394.2917  4.19%     -    0s
     0     0 87409.3189    0   13 91220.5481 87409.3189  4.18%     -    0s
     0     0 87420.3989    0   11 91220.5481 87420.3989  4.17%     -    0s
     0     0 87421.0123    0   11 91220.5481 87421.0123  4.17%     -    0s
     0     0 87580.6645    0    8 91220.5481 87580.6645  3.99%     -    0s
     0     0 87636.6751    0    7 91220.5481 87636.6751  3.93%     -    0s
     0     0 87660.7562    0    7 91220.5481 87660.7562  3.90%     -    0s
     0     0 87661.0514    0    7 91220.5481 87661.0514  3.90%     -    0s
     0     0 87663.4768    0    5 91220.5481 87663.4768  3.90%     -    0s
     0     0 87663.5853    0    5 91220.5481 87663.5853  3.90%     -    0s
     0     0 87674.8143    0    7 91220.5481 87674.8143  3.89%     -    0s
     0     0 87674.8143    0    7 91220.5481 87674.8143  3.89%     -    0s
H    0     0                    90941.253883 87674.8143  3.59%     -    0s
     0     2 87674.8210    0    7 90941.2539 87674.8210  3.59%     -    0s
H   31    59                    90928.126959 87713.3182  3.54%  28.6    0s
H   56    59                    90927.907342 87713.3182  3.54%  25.4    0s
H  417   253                    90926.246038 87841.2832  3.39%  24.2    0s
* 6079   438               7    90925.933940 89638.0848  1.42%  24.8    0s

Cutting planes:
  Implied bound: 160
  MIR: 18
  Flow cover: 4
  Inf proof: 5
  Relax-and-lift: 13

Explored 6728 nodes (164031 simplex iterations) in 0.57 seconds (1.27 work units)
Thread count was 8 (of 8 available processors)

Solution count 10: 90925.9 90926.2 91220.5 ... 220392

Optimal solution found (tolerance 1.00e-04)
Best objective 9.092593393969e+04, best bound 9.092593393969e+04, gap 0.0000%

User-callback calls 13888, time in user-callback 0.00 sec

Gurobi 12.0.3 (mac64[arm]) logging started Tue Sep 23 15:45:25 2025

Set parameter LogFile to value "Logs/Facility Location Logs/L50/phase1/scenario_generation.log"
Set parameter LogToConsole to value 0

Gurobi 12.0.3 (mac64[arm]) logging started Tue Sep 23 15:45:25 2025

Set parameter LogFile to value "Logs/Facility Location Logs/L50/phase1/scenario_generation.log"
Gurobi Optimizer version 12.0.3 build v12.0.3rc0 (mac64[arm] - Darwin 24.6.0 24G222)

CPU model: Apple M3
Thread count: 8 physical cores, 8 logical processors, using up to 8 threads

Non-default parameters:
LogToConsole  0

Optimize a model with 75 rows, 1325 columns and 2575 nonzeros
Model fingerprint: 0x442f74e6
Variable types: 1300 continuous, 25 integer (25 binary)
Coefficient statistics:
  Matrix range     [1e+00, 2e+04]
  Objective range  [8e-03, 8e+03]
  Bounds range     [0e+00, 0e+00]
  RHS range        [8e+02, 2e+04]
Found heuristic solution: objective 5194350.0000
Presolve removed 0 rows and 1 columns
Presolve time: 0.00s
Presolved: 75 rows, 1324 columns, 2574 nonzeros
Variable types: 1300 continuous, 24 integer (24 binary)

Root relaxation: objective 1.118074e+05, 143 iterations, 0.00 seconds (0.00 work units)

    Nodes    |    Current Node    |     Objective Bounds      |     Work
 Expl Unexpl |  Obj  Depth IntInf | Incumbent    BestBd   Gap | It/Node Time

     0     0 111807.386    0   23 5194350.00 111807.386  97.8%     -    0s
H    0     0                    247363.88563 111807.386  54.8%     -    0s
H    0     0                    210526.81984 111807.386  46.9%     -    0s
H    0     0                    203522.43052 111807.386  45.1%     -    0s
H    0     0                    181207.55819 111807.386  38.3%     -    0s
H    0     0                    156910.68977 111807.386  28.7%     -    0s
     0     0 116418.466    0   13 156910.690 116418.466  25.8%     -    0s
H    0     0                    131620.51059 116476.478  11.5%     -    0s
H    0     0                    127534.60754 116476.478  8.67%     -    0s
H    0     0                    125127.85676 116476.478  6.91%     -    0s
     0     0 116476.478    0   13 125127.857 116476.478  6.91%     -    0s
     0     0 116894.402    0    9 125127.857 116894.402  6.58%     -    0s
H    0     0                    123712.29306 116943.519  5.47%     -    0s
H    0     0                    123655.88632 116943.519  5.43%     -    0s
     0     0 116943.519    0   10 123655.886 116943.519  5.43%     -    0s
H    0     0                    118784.77863 116943.519  1.55%     -    0s
H    0     0                    118313.25259 116943.519  1.16%     -    0s
H    0     0                    118170.46373 116943.519  1.04%     -    0s
H    0     0                    118043.61224 116943.519  0.93%     -    0s
H    0     0                    117994.67265 117102.996  0.76%     -    0s
     0     0 117102.996    0   13 117994.673 117102.996  0.76%     -    0s
H    0     0                    117926.93543 117123.697  0.68%     -    0s
     0     0 117123.697    0   13 117926.935 117123.697  0.68%     -    0s
     0     0 117227.722    0    8 117926.935 117227.722  0.59%     -    0s
     0     0 117227.773    0    7 117926.935 117227.773  0.59%     -    0s
H    0     0                    117869.76943 117296.305  0.49%     -    0s
     0     0 117296.305    0    5 117869.769 117296.305  0.49%     -    0s
H    0     0                    117788.01282 117296.305  0.42%     -    0s
     0     0 117311.004    0    9 117788.013 117311.004  0.40%     -    0s
     0     0 117311.004    0    9 117788.013 117311.004  0.40%     -    0s
     0     2 117311.004    0    9 117788.013 117311.004  0.40%     -    0s

Cutting planes:
  Implied bound: 103
  MIR: 6
  Flow cover: 1
  Relax-and-lift: 5

Explored 129 nodes (3101 simplex iterations) in 0.05 seconds (0.09 work units)
Thread count was 8 (of 8 available processors)

Solution count 10: 117788 117870 117927 ... 156911

Optimal solution found (tolerance 1.00e-04)
Best objective 1.177880128234e+05, best bound 1.177880128234e+05, gap 0.0000%

User-callback calls 539, time in user-callback 0.00 sec

Gurobi 12.0.3 (mac64[arm]) logging started Tue Sep 23 15:45:25 2025

Set parameter LogFile to value "Logs/Facility Location Logs/L50/phase1/scenario_generation.log"
Set parameter LogToConsole to value 0

Gurobi 12.0.3 (mac64[arm]) logging started Tue Sep 23 15:45:25 2025

Set parameter LogFile to value "Logs/Facility Location Logs/L50/phase1/scenario_generation.log"
Gurobi Optimizer version 12.0.3 build v12.0.3rc0 (mac64[arm] - Darwin 24.6.0 24G222)

CPU model: Apple M3
Thread count: 8 physical cores, 8 logical processors, using up to 8 threads

Non-default parameters:
LogToConsole  0

Optimize a model with 75 rows, 1325 columns and 2575 nonzeros
Model fingerprint: 0xfb209cbb
Variable types: 1300 continuous, 25 integer (25 binary)
Coefficient statistics:
  Matrix range     [1e+00, 2e+04]
  Objective range  [8e-03, 8e+03]
  Bounds range     [0e+00, 0e+00]
  RHS range        [9e+02, 7e+03]
Found heuristic solution: objective 4773700.0000
Presolve removed 0 rows and 1 columns
Presolve time: 0.00s
Presolved: 75 rows, 1324 columns, 2574 nonzeros
Variable types: 1300 continuous, 24 integer (24 binary)

Root relaxation: objective 7.806107e+04, 131 iterations, 0.00 seconds (0.00 work units)

    Nodes    |    Current Node    |     Objective Bounds      |     Work
 Expl Unexpl |  Obj  Depth IntInf | Incumbent    BestBd   Gap | It/Node Time

     0     0 78061.0710    0   24 4773700.00 78061.0710  98.4%     -    0s
H    0     0                    217824.07100 78061.0710  64.2%     -    0s
H    0     0                    188639.99015 78061.0710  58.6%     -    0s
H    0     0                    182563.07107 78061.0710  57.2%     -    0s
H    0     0                    181145.51487 79508.5143  56.1%     -    0s
H    0     0                    166881.40571 79508.5143  52.4%     -    0s
H    0     0                    138043.81270 83163.0304  39.8%     -    0s
H    0     0                    103661.48313 83163.0304  19.8%     -    0s
H    0     0                    90624.826852 83163.0304  8.23%     -    0s
     0     0 83163.0304    0   11 90624.8269 83163.0304  8.23%     -    0s
     0     0 83301.4389    0   11 90624.8269 83301.4389  8.08%     -    0s
     0     0 83669.2538    0    9 90624.8269 83669.2538  7.68%     -    0s
H    0     0                    90492.148683 83704.6945  7.50%     -    0s
H    0     0                    89862.532373 83704.6945  6.85%     -    0s
     0     0 83704.6945    0    9 89862.5324 83704.6945  6.85%     -    0s
H    0     0                    89043.897365 83704.6945  6.00%     -    0s
H    0     0                    88844.093533 83908.1410  5.56%     -    0s
     0     0 83908.1410    0    9 88844.0935 83908.1410  5.56%     -    0s
H    0     0                    88826.300951 83945.0160  5.50%     -    0s
     0     0 83945.0160    0    8 88826.3010 83945.0160  5.50%     -    0s
H    0     0                    88500.709219 83945.0160  5.15%     -    0s
H    0     0                    88319.379286 83945.0160  4.95%     -    0s
     0     0 84052.7956    0    6 88319.3793 84052.7956  4.83%     -    0s
     0     0 84058.2680    0    6 88319.3793 84058.2680  4.82%     -    0s
     0     0 84111.8029    0    2 88319.3793 84111.8029  4.76%     -    0s
     0     0 84115.3506    0    5 88319.3793 84115.3506  4.76%     -    0s
     0     0 84115.3506    0    5 88319.3793 84115.3506  4.76%     -    0s
H    0     0                    88109.123926 84115.3506  4.53%     -    0s
     0     2 84115.3615    0    5 88109.1239 84115.3615  4.53%     -    0s

Cutting planes:
  Implied bound: 150
  MIR: 7
  Flow cover: 1
  Inf proof: 9
  Relax-and-lift: 3

Explored 4689 nodes (119663 simplex iterations) in 0.42 seconds (0.96 work units)
Thread count was 8 (of 8 available processors)

Solution count 10: 88109.1 88500.7 89043.9 ... 188640

Optimal solution found (tolerance 1.00e-04)
Best objective 8.810912392556e+04, best bound 8.810912392556e+04, gap 0.0000%

User-callback calls 9772, time in user-callback 0.00 sec

Gurobi 12.0.3 (mac64[arm]) logging started Tue Sep 23 15:45:25 2025

Set parameter LogFile to value "Logs/Facility Location Logs/L50/phase1/scenario_generation.log"
Set parameter LogToConsole to value 0

Gurobi 12.0.3 (mac64[arm]) logging started Tue Sep 23 15:45:25 2025

Set parameter LogFile to value "Logs/Facility Location Logs/L50/phase1/scenario_generation.log"
Gurobi Optimizer version 12.0.3 build v12.0.3rc0 (mac64[arm] - Darwin 24.6.0 24G222)

CPU model: Apple M3
Thread count: 8 physical cores, 8 logical processors, using up to 8 threads

Non-default parameters:
LogToConsole  0

Optimize a model with 75 rows, 1325 columns and 2575 nonzeros
Model fingerprint: 0xdff970a5
Variable types: 1300 continuous, 25 integer (25 binary)
Coefficient statistics:
  Matrix range     [1e+00, 2e+04]
  Objective range  [8e-03, 8e+03]
  Bounds range     [0e+00, 0e+00]
  RHS range        [1e+03, 2e+04]
Found heuristic solution: objective 5396050.0000
Presolve removed 0 rows and 1 columns
Presolve time: 0.00s
Presolved: 75 rows, 1324 columns, 2574 nonzeros
Variable types: 1300 continuous, 24 integer (24 binary)

Root relaxation: objective 1.015552e+05, 115 iterations, 0.00 seconds (0.00 work units)

    Nodes    |    Current Node    |     Objective Bounds      |     Work
 Expl Unexpl |  Obj  Depth IntInf | Incumbent    BestBd   Gap | It/Node Time

     0     0 101555.195    0   23 5396050.00 101555.195  98.1%     -    0s
H    0     0                    235094.69453 101555.195  56.8%     -    0s
H    0     0                    198836.40690 101555.195  48.9%     -    0s
H    0     0                    192007.48728 101555.195  47.1%     -    0s
H    0     0                    127697.91511 101555.195  20.5%     -    0s
     0     0 106219.803    0   11 127697.915 106219.803  16.8%     -    0s
H    0     0                    120003.80634 106326.904  11.4%     -    0s
H    0     0                    116394.27104 106326.904  8.65%     -    0s
     0     0 106326.904    0   10 116394.271 106326.904  8.65%     -    0s
     0     0 106651.928    0    9 116394.271 106651.928  8.37%     -    0s
H    0     0                    114815.08979 106690.414  7.08%     -    0s
H    0     0                    113133.72741 106690.414  5.70%     -    0s
     0     0 106690.414    0   10 113133.727 106690.414  5.70%     -    0s
     0     0 106690.489    0   10 113133.727 106690.489  5.70%     -    0s
     0     0 106879.117    0    9 113133.727 106879.117  5.53%     -    0s
     0     0 106910.784    0    8 113133.727 106910.784  5.50%     -    0s
     0     0 106910.784    0    8 113133.727 106910.784  5.50%     -    0s
H    0     0                    113127.34118 106910.784  5.50%     -    0s
     0     0 107010.709    0    6 113127.341 107010.709  5.41%     -    0s
H    0     0                    113083.49462 107010.709  5.37%     -    0s
     0     0 107011.385    0    7 113083.495 107011.385  5.37%     -    0s
     0     0 107043.971    0    4 113083.495 107043.971  5.34%     -    0s
     0     0 107052.499    0    6 113083.495 107052.499  5.33%     -    0s
     0     0 107057.654    0    1 113083.495 107057.654  5.33%     -    0s
     0     0 107059.340    0    1 113083.495 107059.340  5.33%     -    0s
     0     0 107059.340    0    1 113083.495 107059.340  5.33%     -    0s
H    0     0                    112038.15082 107059.340  4.44%     -    0s
     0     2 107059.363    0    1 112038.151 107059.363  4.44%     -    0s

Cutting planes:
  Implied bound: 151
  MIR: 12
  Flow cover: 5
  Inf proof: 13
  Relax-and-lift: 8

Explored 3972 nodes (100429 simplex iterations) in 0.35 seconds (0.76 work units)
Thread count was 8 (of 8 available processors)

Solution count 10: 112038 113083 114815 ... 5.39605e+06

Optimal solution found (tolerance 1.00e-04)
Best objective 1.120381508239e+05, best bound 1.120381508239e+05, gap 0.0000%

User-callback calls 8312, time in user-callback 0.00 sec

Gurobi 12.0.3 (mac64[arm]) logging started Tue Sep 23 15:45:26 2025

Set parameter LogFile to value "Logs/Facility Location Logs/L50/phase1/scenario_generation.log"
Set parameter LogToConsole to value 0

Gurobi 12.0.3 (mac64[arm]) logging started Tue Sep 23 15:45:26 2025

Set parameter LogFile to value "Logs/Facility Location Logs/L50/phase1/scenario_generation.log"
Gurobi Optimizer version 12.0.3 build v12.0.3rc0 (mac64[arm] - Darwin 24.6.0 24G222)

CPU model: Apple M3
Thread count: 8 physical cores, 8 logical processors, using up to 8 threads

Non-default parameters:
LogToConsole  0

Optimize a model with 75 rows, 1325 columns and 2575 nonzeros
Model fingerprint: 0x16a79c60
Variable types: 1300 continuous, 25 integer (25 binary)
Coefficient statistics:
  Matrix range     [1e+00, 2e+04]
  Objective range  [8e-03, 8e+03]
  Bounds range     [0e+00, 0e+00]
  RHS range        [1e+03, 2e+04]
Found heuristic solution: objective 5662700.0000
Presolve removed 0 rows and 1 columns
Presolve time: 0.00s
Presolved: 75 rows, 1324 columns, 2574 nonzeros
Variable types: 1300 continuous, 24 integer (24 binary)

Root relaxation: objective 1.047459e+05, 114 iterations, 0.00 seconds (0.00 work units)

    Nodes    |    Current Node    |     Objective Bounds      |     Work
 Expl Unexpl |  Obj  Depth IntInf | Incumbent    BestBd   Gap | It/Node Time

     0     0 104745.870    0   23 5662700.00 104745.870  98.2%     -    0s
H    0     0                    235618.87000 104745.870  55.5%     -    0s
H    0     0                    213623.89955 104745.870  51.0%     -    0s
H    0     0                    207370.46533 104745.870  49.5%     -    0s
H    0     0                    193373.34744 104745.870  45.8%     -    0s
H    0     0                    170725.69263 104887.665  38.6%     -    0s
H    0     0                    155526.83824 109564.025  29.6%     -    0s
H    0     0                    121799.73092 109564.025  10.0%     -    0s
H    0     0                    115729.65393 109564.025  5.33%     -    0s
     0     0 109564.025    0   11 115729.654 109564.025  5.33%     -    0s
H    0     0                    114736.68250 109666.670  4.42%     -    0s
     0     0 109666.670    0   11 114736.682 109666.670  4.42%     -    0s
H    0     0                    113760.58042 110074.333  3.24%     -    0s
     0     0 110074.333    0   11 113760.580 110074.333  3.24%     -    0s
H    0     0                    113750.87386 110130.764  3.18%     -    0s
     0     0 110130.764    0   11 113750.874 110130.764  3.18%     -    0s
H    0     0                    113600.06192 110338.570  2.87%     -    0s
     0     0 110338.570    0    7 113600.062 110338.570  2.87%     -    0s
     0     0 110347.351    0    7 113600.062 110347.351  2.86%     -    0s
     0     0 110418.771    0    7 113600.062 110418.771  2.80%     -    0s
H    0     0                    113226.56341 110434.287  2.47%     -    0s
     0     0 110434.287    0    6 113226.563 110434.287  2.47%     -    0s
     0     0 110461.984    0    1 113226.563 110461.984  2.44%     -    0s
H    0     0                    113206.95953 110461.984  2.42%     -    0s
     0     0 110464.313    0    3 113206.960 110464.313  2.42%     -    0s
     0     0 110473.921    0    6 113206.960 110473.921  2.41%     -    0s
     0     0 110473.921    0    6 113206.960 110473.921  2.41%     -    0s
     0     2 110473.921    0    6 113206.960 110473.921  2.41%     -    0s
H  111   140                    113201.20527 110520.851  2.37%  14.6    0s
H  560   382                    113184.24564 110661.064  2.23%  19.7    0s

Cutting planes:
  Implied bound: 113
  MIR: 9
  Flow cover: 2
  Inf proof: 2
  Relax-and-lift: 4

Explored 3503 nodes (80368 simplex iterations) in 0.33 seconds (0.70 work units)
Thread count was 8 (of 8 available processors)

Solution count 10: 113184 113207 113227 ... 170726

Optimal solution found (tolerance 1.00e-04)
Best objective 1.131842456424e+05, best bound 1.131842456424e+05, gap 0.0000%

User-callback calls 7383, time in user-callback 0.00 sec

Gurobi 12.0.3 (mac64[arm]) logging started Tue Sep 23 15:45:26 2025

Set parameter LogFile to value "Logs/Facility Location Logs/L50/phase1/scenario_generation.log"
Set parameter LogToConsole to value 0

Gurobi 12.0.3 (mac64[arm]) logging started Tue Sep 23 15:45:26 2025

Set parameter LogFile to value "Logs/Facility Location Logs/L50/phase1/scenario_generation.log"
Gurobi Optimizer version 12.0.3 build v12.0.3rc0 (mac64[arm] - Darwin 24.6.0 24G222)

CPU model: Apple M3
Thread count: 8 physical cores, 8 logical processors, using up to 8 threads

Non-default parameters:
LogToConsole  0

Optimize a model with 75 rows, 1325 columns and 2575 nonzeros
Model fingerprint: 0xffa35074
Variable types: 1300 continuous, 25 integer (25 binary)
Coefficient statistics:
  Matrix range     [1e+00, 2e+04]
  Objective range  [8e-03, 8e+03]
  Bounds range     [0e+00, 0e+00]
  RHS range        [5e+02, 6e+03]
Found heuristic solution: objective 3578200.0000
Presolve removed 0 rows and 1 columns
Presolve time: 0.00s
Presolved: 75 rows, 1324 columns, 2574 nonzeros
Variable types: 1300 continuous, 24 integer (24 binary)

Root relaxation: objective 6.025817e+04, 164 iterations, 0.00 seconds (0.00 work units)

    Nodes    |    Current Node    |     Objective Bounds      |     Work
 Expl Unexpl |  Obj  Depth IntInf | Incumbent    BestBd   Gap | It/Node Time

     0     0 60258.1738    0   23 3578200.00 60258.1738  98.3%     -    0s
H    0     0                    204476.17379 60258.1738  70.5%     -    0s
H    0     0                    167459.03455 60258.1738  64.0%     -    0s
H    0     0                    124576.17144 60258.1738  51.6%     -    0s
H    0     0                    117239.74444 61574.8831  47.5%     -    0s
     0     0 65253.0423    0    9 117239.744 65253.0423  44.3%     -    0s
H    0     0                    109942.11255 65337.1400  40.6%     -    0s
H    0     0                    96186.294999 65337.1400  32.1%     -    0s
     0     0 65337.1400    0    9 96186.2950 65337.1400  32.1%     -    0s
H    0     0                    89479.591470 65337.1400  27.0%     -    0s
     0     0 65555.9845    0    8 89479.5915 65555.9845  26.7%     -    0s
H    0     0                    82820.221790 65623.5993  20.8%     -    0s
H    0     0                    75607.641532 65623.5993  13.2%     -    0s
H    0     0                    68558.155858 65623.5993  4.28%     -    0s
H    0     0                    68544.533170 65623.5993  4.26%     -    0s
     0     0 65669.0182    0    9 68544.5332 65669.0182  4.20%     -    0s
     0     0 65695.0625    0    8 68544.5332 65695.0625  4.16%     -    0s
     0     0 65719.8454    0    6 68544.5332 65719.8454  4.12%     -    0s
H    0     0                    68170.649323 65719.8454  3.60%     -    0s
H    0     0                    68007.248251 65840.4705  3.19%     -    0s
     0     0 65840.4705    0    6 68007.2483 65840.4705  3.19%     -    0s
H    0     0                    67982.720821 65845.9220  3.14%     -    0s
H    0     0                    67973.873200 65845.9220  3.13%     -    0s
     0     0 65957.8756    0    2 67973.8732 65957.8756  2.97%     -    0s
H    0     0                    67369.097011 65957.8756  2.09%     -    0s
     0     0 65958.2533    0    2 67369.0970 65958.2533  2.09%     -    0s
     0     0 65966.2186    0    2 67369.0970 65966.2186  2.08%     -    0s
     0     0 65966.2186    0    2 67369.0970 65966.2186  2.08%     -    0s
     0     2 65966.2186    0    2 67369.0970 65966.2186  2.08%     -    0s

Cutting planes:
  Implied bound: 122
  MIR: 6
  Relax-and-lift: 1

Explored 254 nodes (6870 simplex iterations) in 0.06 seconds (0.12 work units)
Thread count was 8 (of 8 available processors)

Solution count 10: 67369.1 67973.9 68544.5 ... 124576

Optimal solution found (tolerance 1.00e-04)
Best objective 6.736909701075e+04, best bound 6.736909701075e+04, gap 0.0000%

User-callback calls 790, time in user-callback 0.00 sec

Gurobi 12.0.3 (mac64[arm]) logging started Tue Sep 23 15:45:26 2025

Set parameter LogFile to value "Logs/Facility Location Logs/L50/phase1/scenario_generation.log"
Set parameter LogToConsole to value 0

Gurobi 12.0.3 (mac64[arm]) logging started Tue Sep 23 15:45:26 2025

Set parameter LogFile to value "Logs/Facility Location Logs/L50/phase1/scenario_generation.log"
Gurobi Optimizer version 12.0.3 build v12.0.3rc0 (mac64[arm] - Darwin 24.6.0 24G222)

CPU model: Apple M3
Thread count: 8 physical cores, 8 logical processors, using up to 8 threads

Non-default parameters:
LogToConsole  0

Optimize a model with 75 rows, 1325 columns and 2575 nonzeros
Model fingerprint: 0xf3b462b4
Variable types: 1300 continuous, 25 integer (25 binary)
Coefficient statistics:
  Matrix range     [1e+00, 2e+04]
  Objective range  [8e-03, 8e+03]
  Bounds range     [0e+00, 0e+00]
  RHS range        [1e+03, 2e+04]
Found heuristic solution: objective 5662600.0000
Presolve removed 0 rows and 1 columns
Presolve time: 0.00s
Presolved: 75 rows, 1324 columns, 2574 nonzeros
Variable types: 1300 continuous, 24 integer (24 binary)

Root relaxation: objective 1.063704e+05, 129 iterations, 0.00 seconds (0.00 work units)

    Nodes    |    Current Node    |     Objective Bounds      |     Work
 Expl Unexpl |  Obj  Depth IntInf | Incumbent    BestBd   Gap | It/Node Time

     0     0 106370.374    0   23 5662600.00 106370.374  98.1%     -    0s
H    0     0                    237244.37409 106370.374  55.2%     -    0s
H    0     0                    200683.81464 106370.374  47.0%     -    0s
H    0     0                    200495.36480 106370.374  46.9%     -    0s
H    0     0                    194572.16289 107126.140  44.9%     -    0s
H    0     0                    185486.27745 107126.140  42.2%     -    0s
H    0     0                    157884.01262 110913.101  29.8%     -    0s
H    0     0                    123008.95633 110913.101  9.83%     -    0s
     0     0 110913.101    0   11 123008.956 110913.101  9.83%     -    0s
H    0     0                    117054.62142 111035.900  5.14%     -    0s
H    0     0                    116729.24050 111035.900  4.88%     -    0s
     0     0 111035.900    0   10 116729.241 111035.900  4.88%     -    0s
     0     0 111358.088    0    8 116729.241 111358.088  4.60%     -    0s
H    0     0                    116654.37070 111405.004  4.50%     -    0s
     0     0 111405.004    0    5 116654.371 111405.004  4.50%     -    0s
H    0     0                    115988.74047 111405.004  3.95%     -    0s
H    0     0                    115234.77539 111405.004  3.32%     -    0s
     0     0 111540.566    0   11 115234.775 111540.566  3.21%     -    0s
H    0     0                    115174.09088 111546.893  3.15%     -    0s
     0     0 111546.893    0    9 115174.091 111546.893  3.15%     -    0s
H    0     0                    115087.59487 111549.564  3.07%     -    0s
     0     0 111549.564    0    9 115087.595 111549.564  3.07%     -    0s
     0     0 111694.699    0    6 115087.595 111694.699  2.95%     -    0s
H    0     0                    115050.09976 111699.523  2.91%     -    0s
     0     0 111699.523    0    5 115050.100 111699.523  2.91%     -    0s
     0     0 111699.551    0    8 115050.100 111699.551  2.91%     -    0s
     0     0 111778.811    0    4 115050.100 111778.811  2.84%     -    0s
     0     0 111788.469    0    4 115050.100 111788.469  2.83%     -    0s
     0     0 111788.469    0    4 115050.100 111788.469  2.83%     -    0s
H    0     0                    114942.47488 111788.469  2.74%     -    0s
H    0     0                    114929.23701 111788.490  2.73%     -    0s
     0     2 111788.490    0    4 114929.237 111788.490  2.73%     -    0s
H  103   139                    114906.11067 111809.875  2.69%  18.8    0s
H  184   158                    114884.30679 111825.839  2.66%  18.8    0s
H  194   158                    114593.11910 111830.841  2.41%  19.0    0s
H  211   158                    114550.92063 111834.828  2.37%  19.4    0s
H  219   158                    114539.96241 111851.539  2.35%  19.8    0s

Cutting planes:
  Implied bound: 113
  MIR: 7
  Flow cover: 1
  Inf proof: 1
  Relax-and-lift: 4

Explored 1995 nodes (43097 simplex iterations) in 0.20 seconds (0.40 work units)
Thread count was 8 (of 8 available processors)

Solution count 10: 114540 114551 114593 ... 116729

Optimal solution found (tolerance 1.00e-04)
Best objective 1.145399624119e+05, best bound 1.145399624119e+05, gap 0.0000%

User-callback calls 4332, time in user-callback 0.00 sec

Gurobi 12.0.3 (mac64[arm]) logging started Tue Sep 23 15:45:26 2025

Set parameter LogFile to value "Logs/Facility Location Logs/L50/phase1/scenario_generation.log"
Set parameter LogToConsole to value 0

Gurobi 12.0.3 (mac64[arm]) logging started Tue Sep 23 15:45:26 2025

Set parameter LogFile to value "Logs/Facility Location Logs/L50/phase1/scenario_generation.log"
Gurobi Optimizer version 12.0.3 build v12.0.3rc0 (mac64[arm] - Darwin 24.6.0 24G222)

CPU model: Apple M3
Thread count: 8 physical cores, 8 logical processors, using up to 8 threads

Non-default parameters:
LogToConsole  0

Optimize a model with 75 rows, 1325 columns and 2575 nonzeros
Model fingerprint: 0x1005288d
Variable types: 1300 continuous, 25 integer (25 binary)
Coefficient statistics:
  Matrix range     [1e+00, 2e+04]
  Objective range  [8e-03, 8e+03]
  Bounds range     [0e+00, 0e+00]
  RHS range        [9e+02, 1e+04]
Found heuristic solution: objective 4960100.0000
Presolve removed 0 rows and 1 columns
Presolve time: 0.00s
Presolved: 75 rows, 1324 columns, 2574 nonzeros
Variable types: 1300 continuous, 24 integer (24 binary)

Root relaxation: objective 9.060754e+04, 106 iterations, 0.00 seconds (0.00 work units)

    Nodes    |    Current Node    |     Objective Bounds      |     Work
 Expl Unexpl |  Obj  Depth IntInf | Incumbent    BestBd   Gap | It/Node Time

     0     0 90607.5369    0   24 4960100.00 90607.5369  98.2%     -    0s
H    0     0                    228506.53694 90607.5369  60.3%     -    0s
H    0     0                    206279.55692 90607.5369  56.1%     -    0s
H    0     0                    198867.74227 90607.5369  54.4%     -    0s
H    0     0                    191505.62764 90607.5369  52.7%     -    0s
H    0     0                    184976.87117 95274.2815  48.5%     -    0s
H    0     0                    147942.78176 95274.2815  35.6%     -    0s
H    0     0                    113090.90875 95274.2815  15.8%     -    0s
     0     0 95274.2815    0   12 113090.909 95274.2815  15.8%     -    0s
H    0     0                    99489.051471 95374.7445  4.14%     -    0s
     0     0 95374.7445    0   12 99489.0515 95374.7445  4.14%     -    0s
H    0     0                    98813.786552 95374.7445  3.48%     -    0s
     0     0 95798.6330    0    8 98813.7866 95798.6330  3.05%     -    0s
     0     0 95869.9362    0    7 98813.7866 95869.9362  2.98%     -    0s
H    0     0                    98750.042599 96029.3310  2.76%     -    0s
     0     0 96029.3310    0   10 98750.0426 96029.3310  2.76%     -    0s
     0     0 96061.2318    0   10 98750.0426 96061.2318  2.72%     -    0s
     0     0 96191.4041    0    3 98750.0426 96191.4041  2.59%     -    0s
     0     0 96198.6315    0    2 98750.0426 96198.6315  2.58%     -    0s
     0     0 96247.1758    0    1 98750.0426 96247.1758  2.53%     -    0s
H    0     0                    98663.525685 96247.1758  2.45%     -    0s
     0     0 96249.2081    0    4 98663.5257 96249.2081  2.45%     -    0s
     0     0 96249.2081    0    4 98663.5257 96249.2081  2.45%     -    0s
     0     2 96249.2168    0    4 98663.5257 96249.2168  2.45%     -    0s

Cutting planes:
  Implied bound: 129
  MIR: 6
  Flow cover: 3
  Inf proof: 1
  Relax-and-lift: 4

Explored 3231 nodes (74215 simplex iterations) in 0.30 seconds (0.65 work units)
Thread count was 8 (of 8 available processors)

Solution count 10: 98663.5 98750 98813.8 ... 206280

Optimal solution found (tolerance 1.00e-04)
Best objective 9.866352568537e+04, best bound 9.866352568537e+04, gap 0.0000%

User-callback calls 6803, time in user-callback 0.00 sec

Gurobi 12.0.3 (mac64[arm]) logging started Tue Sep 23 15:45:27 2025

Set parameter LogFile to value "Logs/Facility Location Logs/L50/phase1/scenario_generation.log"
Set parameter LogToConsole to value 0

Gurobi 12.0.3 (mac64[arm]) logging started Tue Sep 23 15:45:27 2025

Set parameter LogFile to value "Logs/Facility Location Logs/L50/phase1/scenario_generation.log"
Gurobi Optimizer version 12.0.3 build v12.0.3rc0 (mac64[arm] - Darwin 24.6.0 24G222)

CPU model: Apple M3
Thread count: 8 physical cores, 8 logical processors, using up to 8 threads

Non-default parameters:
LogToConsole  0

Optimize a model with 75 rows, 1325 columns and 2575 nonzeros
Model fingerprint: 0x5cff19e1
Variable types: 1300 continuous, 25 integer (25 binary)
Coefficient statistics:
  Matrix range     [1e+00, 2e+04]
  Objective range  [8e-03, 8e+03]
  Bounds range     [0e+00, 0e+00]
  RHS range        [2e+03, 1e+04]
Found heuristic solution: objective 6902250.0000
Presolve removed 0 rows and 1 columns
Presolve time: 0.00s
Presolved: 75 rows, 1324 columns, 2574 nonzeros
Variable types: 1300 continuous, 24 integer (24 binary)

Root relaxation: objective 1.140660e+05, 130 iterations, 0.00 seconds (0.00 work units)

    Nodes    |    Current Node    |     Objective Bounds      |     Work
 Expl Unexpl |  Obj  Depth IntInf | Incumbent    BestBd   Gap | It/Node Time

     0     0 114066.034    0   24 6902250.00 114066.034  98.3%     -    0s
H    0     0                    232543.53351 114066.034  50.9%     -    0s
H    0     0                    225110.46677 114066.034  49.3%     -    0s
H    0     0                    211052.56689 114066.034  46.0%     -    0s
H    0     0                    208097.09797 114066.034  45.2%     -    0s
H    0     0                    196498.44299 114286.126  41.8%     -    0s
H    0     0                    192559.35768 114286.126  40.6%     -    0s
H    0     0                    190392.44486 114286.126  40.0%     -    0s
H    0     0                    189726.27561 119099.703  37.2%     -    0s
H    0     0                    155441.56130 119099.703  23.4%     -    0s
     0     0 119099.703    0    8 155441.561 119099.703  23.4%     -    0s
H    0     0                    154312.40082 119203.807  22.8%     -    0s
H    0     0                    126323.20781 119203.807  5.64%     -    0s
     0     0 119203.807    0    8 126323.208 119203.807  5.64%     -    0s
H    0     0                    125153.64325 119203.807  4.75%     -    0s
     0     0 119592.253    0    6 125153.643 119592.253  4.44%     -    0s
     0     0 119624.757    0    8 125153.643 119624.757  4.42%     -    0s
     0     0 119630.577    0    8 125153.643 119630.577  4.41%     -    0s
     0     0 119694.933    0    7 125153.643 119694.933  4.36%     -    0s
     0     0 119697.159    0    6 125153.643 119697.159  4.36%     -    0s
     0     0 119736.893    0    5 125153.643 119736.893  4.33%     -    0s
H    0     0                    124917.00666 119736.916  4.15%     -    0s
     0     0 119737.806    0    6 124917.007 119737.806  4.15%     -    0s
     0     0 119748.904    0    7 124917.007 119748.904  4.14%     -    0s
     0     0 119748.904    0    7 124917.007 119748.904  4.14%     -    0s
     0     2 119748.920    0    7 124917.007 119748.920  4.14%     -    0s
* 1499   590               7    124870.79762 120145.069  3.78%  24.2    0s

Cutting planes:
  Implied bound: 201
  MIR: 9
  Flow cover: 3
  Inf proof: 25
  Relax-and-lift: 4

Explored 7098 nodes (178637 simplex iterations) in 0.69 seconds (1.58 work units)
Thread count was 8 (of 8 available processors)

Solution count 10: 124871 124917 125154 ... 196498

Optimal solution found (tolerance 1.00e-04)
Best objective 1.248707976186e+05, best bound 1.248707976186e+05, gap 0.0000%

User-callback calls 14623, time in user-callback 0.00 sec

Gurobi 12.0.3 (mac64[arm]) logging started Tue Sep 23 15:45:27 2025

Set parameter LogFile to value "Logs/Facility Location Logs/L50/phase1/scenario_generation.log"
Set parameter LogToConsole to value 0

Gurobi 12.0.3 (mac64[arm]) logging started Tue Sep 23 15:45:27 2025

Set parameter LogFile to value "Logs/Facility Location Logs/L50/phase1/scenario_generation.log"
Gurobi Optimizer version 12.0.3 build v12.0.3rc0 (mac64[arm] - Darwin 24.6.0 24G222)

CPU model: Apple M3
Thread count: 8 physical cores, 8 logical processors, using up to 8 threads

Non-default parameters:
LogToConsole  0

Optimize a model with 75 rows, 1325 columns and 2575 nonzeros
Model fingerprint: 0xe9d5d69f
Variable types: 1300 continuous, 25 integer (25 binary)
Coefficient statistics:
  Matrix range     [1e+00, 2e+04]
  Objective range  [8e-03, 8e+03]
  Bounds range     [0e+00, 0e+00]
  RHS range        [8e+02, 1e+04]
Found heuristic solution: objective 5063250.0000
Presolve removed 0 rows and 1 columns
Presolve time: 0.00s
Presolved: 75 rows, 1324 columns, 2574 nonzeros
Variable types: 1300 continuous, 24 integer (24 binary)

Root relaxation: objective 9.778935e+04, 142 iterations, 0.00 seconds (0.00 work units)

    Nodes    |    Current Node    |     Objective Bounds      |     Work
 Expl Unexpl |  Obj  Depth IntInf | Incumbent    BestBd   Gap | It/Node Time

     0     0 97789.3525    0   24 5063250.00 97789.3525  98.1%     -    0s
H    0     0                    234656.85254 97789.3525  58.3%     -    0s
H    0     0                    212449.42033 97789.3525  54.0%     -    0s
H    0     0                    205034.85927 97789.3525  52.3%     -    0s
H    0     0                    202329.84957 97789.3525  51.7%     -    0s
H    0     0                    177956.40637 98793.0369  44.5%     -    0s
H    0     0                    170636.01118 98793.0369  42.1%     -    0s
H    0     0                    154791.57587 102547.678  33.8%     -    0s
H    0     0                    128092.28115 102547.678  19.9%     -    0s
H    0     0                    115157.46761 102547.678  11.0%     -    0s
     0     0 102547.678    0   10 115157.468 102547.678  11.0%     -    0s
H    0     0                    106083.99245 102676.570  3.21%     -    0s
     0     0 102676.570    0   10 106083.992 102676.570  3.21%     -    0s
     0     0 103029.464    0    8 106083.992 103029.464  2.88%     -    0s
H    0     0                    105658.84749 103077.597  2.44%     -    0s
     0     0 103149.869    0    8 105658.847 103149.869  2.37%     -    0s
H    0     0                    105273.56074 103289.145  1.89%     -    0s
     0     0 103289.145    0    9 105273.561 103289.145  1.89%     -    0s
     0     0 103435.825    0    6 105273.561 103435.825  1.75%     -    0s
     0     0 103437.030    0    7 105273.561 103437.030  1.74%     -    0s
     0     0 103478.646    0    6 105273.561 103478.646  1.71%     -    0s
     0     0 103488.138    0    7 105273.561 103488.138  1.70%     -    0s
     0     0 103488.537    0    6 105273.561 103488.537  1.70%     -    0s
     0     0 103509.621    0    7 105273.561 103509.621  1.68%     -    0s
     0     0 103509.621    0    7 105273.561 103509.621  1.68%     -    0s
     0     2 103509.621    0    7 105273.561 103509.621  1.68%     -    0s
H  184   147                    105233.39853 103652.085  1.50%  21.1    0s
*  459   198               5    105231.61881 103792.884  1.37%  21.5    0s

Cutting planes:
  Implied bound: 100
  MIR: 9
  Flow cover: 9
  Relax-and-lift: 8

Explored 1029 nodes (25068 simplex iterations) in 0.16 seconds (0.31 work units)
Thread count was 8 (of 8 available processors)

Solution count 10: 105232 105233 105274 ... 202330

Optimal solution found (tolerance 1.00e-04)
Best objective 1.052316188094e+05, best bound 1.052316188094e+05, gap 0.0000%

User-callback calls 2386, time in user-callback 0.00 sec

Gurobi 12.0.3 (mac64[arm]) logging started Tue Sep 23 15:45:27 2025

Set parameter LogFile to value "Logs/Facility Location Logs/L50/phase1/scenario_generation.log"
Set parameter LogToConsole to value 0

Gurobi 12.0.3 (mac64[arm]) logging started Tue Sep 23 15:45:27 2025

Set parameter LogFile to value "Logs/Facility Location Logs/L50/phase1/scenario_generation.log"
Gurobi Optimizer version 12.0.3 build v12.0.3rc0 (mac64[arm] - Darwin 24.6.0 24G222)

CPU model: Apple M3
Thread count: 8 physical cores, 8 logical processors, using up to 8 threads

Non-default parameters:
LogToConsole  0

Optimize a model with 75 rows, 1325 columns and 2575 nonzeros
Model fingerprint: 0x76f3763e
Variable types: 1300 continuous, 25 integer (25 binary)
Coefficient statistics:
  Matrix range     [1e+00, 2e+04]
  Objective range  [8e-03, 8e+03]
  Bounds range     [0e+00, 0e+00]
  RHS range        [1e+03, 2e+04]
Found heuristic solution: objective 5650100.0000
Presolve removed 0 rows and 1 columns
Presolve time: 0.00s
Presolved: 75 rows, 1324 columns, 2574 nonzeros
Variable types: 1300 continuous, 24 integer (24 binary)

Root relaxation: objective 1.113819e+05, 136 iterations, 0.00 seconds (0.00 work units)

    Nodes    |    Current Node    |     Objective Bounds      |     Work
 Expl Unexpl |  Obj  Depth IntInf | Incumbent    BestBd   Gap | It/Node Time

     0     0 111381.893    0   23 5650100.00 111381.893  98.0%     -    0s
H    0     0                    242380.89288 111381.893  54.0%     -    0s
H    0     0                    213344.97981 111381.893  47.8%     -    0s
H    0     0                    206004.51944 111381.893  45.9%     -    0s
H    0     0                    184590.19239 111707.857  39.5%     -    0s
H    0     0                    163042.85732 115809.819  29.0%     -    0s
H    0     0                    128758.81805 115809.819  10.1%     -    0s
     0     0 115809.819    0   11 128758.818 115809.819  10.1%     -    0s
H    0     0                    124421.54193 115865.196  6.88%     -    0s
H    0     0                    121611.95420 115865.196  4.73%     -    0s
     0     0 115865.196    0   11 121611.954 115865.196  4.73%     -    0s
H    0     0                    120306.18299 115865.196  3.69%     -    0s
     0     0 116300.618    0   10 120306.183 116300.618  3.33%     -    0s
H    0     0                    119893.59530 116343.473  2.96%     -    0s
     0     0 116343.473    0   10 119893.595 116343.473  2.96%     -    0s
     0     0 116516.496    0   10 119893.595 116516.496  2.82%     -    0s
     0     0 116535.571    0   10 119893.595 116535.571  2.80%     -    0s
H    0     0                    119416.86048 116621.078  2.34%     -    0s
     0     0 116621.078    0    8 119416.860 116621.078  2.34%     -    0s
H    0     0                    119400.35477 116621.894  2.33%     -    0s
     0     0 116622.969    0    5 119400.355 116622.969  2.33%     -    0s
     0     0 116639.025    0    2 119400.355 116639.025  2.31%     -    0s
H    0     0                    119394.81426 116639.025  2.31%     -    0s
     0     0 116676.159    0    3 119394.814 116676.159  2.28%     -    0s
     0     0 116676.283    0    3 119394.814 116676.283  2.28%     -    0s
     0     0 116702.744    0    5 119394.814 116702.744  2.25%     -    0s
     0     0 116707.983    0    3 119394.814 116707.983  2.25%     -    0s
     0     0 116708.001    0    3 119394.814 116708.001  2.25%     -    0s
     0     0 116734.614    0    5 119394.814 116734.614  2.23%     -    0s
     0     0 116734.614    0    5 119394.814 116734.614  2.23%     -    0s
     0     2 116734.629    0    5 119394.814 116734.629  2.23%     -    0s

Cutting planes:
  Implied bound: 139
  MIR: 7
  Flow cover: 2
  Relax-and-lift: 4

Explored 4823 nodes (110239 simplex iterations) in 0.44 seconds (0.87 work units)
Thread count was 8 (of 8 available processors)

Solution count 10: 119395 119400 119417 ... 206005

Optimal solution found (tolerance 1.00e-04)
Best objective 1.193948142591e+05, best bound 1.193948142591e+05, gap 0.0000%

User-callback calls 10032, time in user-callback 0.00 sec

Gurobi 12.0.3 (mac64[arm]) logging started Tue Sep 23 15:45:28 2025

Set parameter LogFile to value "Logs/Facility Location Logs/L50/phase1/scenario_generation.log"
Set parameter LogToConsole to value 0

Gurobi 12.0.3 (mac64[arm]) logging started Tue Sep 23 15:45:28 2025

Set parameter LogFile to value "Logs/Facility Location Logs/L50/phase1/scenario_generation.log"
Gurobi Optimizer version 12.0.3 build v12.0.3rc0 (mac64[arm] - Darwin 24.6.0 24G222)

CPU model: Apple M3
Thread count: 8 physical cores, 8 logical processors, using up to 8 threads

Non-default parameters:
LogToConsole  0

Optimize a model with 75 rows, 1325 columns and 2575 nonzeros
Model fingerprint: 0x10df4f7e
Variable types: 1300 continuous, 25 integer (25 binary)
Coefficient statistics:
  Matrix range     [1e+00, 2e+04]
  Objective range  [8e-03, 8e+03]
  Bounds range     [0e+00, 0e+00]
  RHS range        [8e+02, 2e+04]
Found heuristic solution: objective 5030750.0000
Presolve removed 0 rows and 1 columns
Presolve time: 0.00s
Presolved: 75 rows, 1324 columns, 2574 nonzeros
Variable types: 1300 continuous, 24 integer (24 binary)

Root relaxation: objective 9.912324e+04, 146 iterations, 0.00 seconds (0.00 work units)

    Nodes    |    Current Node    |     Objective Bounds      |     Work
 Expl Unexpl |  Obj  Depth IntInf | Incumbent    BestBd   Gap | It/Node Time

     0     0 99123.2423    0   22 5030750.00 99123.2423  98.0%     -    0s
H    0     0                    228815.74234 99123.2423  56.7%     -    0s
H    0     0                    192234.15240 99123.2423  48.4%     -    0s
H    0     0                    185048.46536 99123.2423  46.4%     -    0s
H    0     0                    184629.76614 99509.8161  46.1%     -    0s
H    0     0                    155300.09103 103556.685  33.3%     -    0s
H    0     0                    127579.98212 103556.685  18.8%     -    0s
H    0     0                    114351.69118 103556.685  9.44%     -    0s
H    0     0                    114145.77706 103556.685  9.28%     -    0s
     0     0 103556.685    0    9 114145.777 103556.685  9.28%     -    0s
     0     0 103648.097    0    9 114145.777 103648.097  9.20%     -    0s
H    0     0                    108675.67046 103648.097  4.63%     -    0s
     0     0 104002.421    0    6 108675.670 104002.421  4.30%     -    0s
H    0     0                    106848.40011 104009.995  2.66%     -    0s
     0     0 104037.668    0    5 106848.400 104037.668  2.63%     -    0s
H    0     0                    106185.02806 104037.668  2.02%     -    0s
     0     0 104130.666    0    7 106185.028 104130.666  1.93%     -    0s
     0     0 104156.343    0    7 106185.028 104156.343  1.91%     -    0s
     0     0 104156.343    0    6 106185.028 104156.343  1.91%     -    0s
     0     0 104272.381    0    3 106185.028 104272.381  1.80%     -    0s
     0     0 104273.352    0    3 106185.028 104273.352  1.80%     -    0s
     0     0 104308.464    0    1 106185.028 104308.464  1.77%     -    0s
     0     0 104311.231    0    5 106185.028 104311.231  1.76%     -    0s
     0     0 104311.231    0    5 106185.028 104311.231  1.76%     -    0s
     0     2 104311.257    0    5 106185.028 104311.257  1.76%     -    0s

Cutting planes:
  Implied bound: 71
  MIR: 2
  Flow cover: 1
  Relax-and-lift: 4

Explored 515 nodes (11728 simplex iterations) in 0.09 seconds (0.16 work units)
Thread count was 8 (of 8 available processors)

Solution count 10: 106185 108676 114146 ... 5.03075e+06

Optimal solution found (tolerance 1.00e-04)
Best objective 1.061850280614e+05, best bound 1.061850280614e+05, gap 0.0000%

User-callback calls 1319, time in user-callback 0.00 sec

Gurobi 12.0.3 (mac64[arm]) logging started Tue Sep 23 15:45:28 2025

Set parameter LogFile to value "Logs/Facility Location Logs/L50/phase1/scenario_generation.log"
Set parameter LogToConsole to value 0

Gurobi 12.0.3 (mac64[arm]) logging started Tue Sep 23 15:45:28 2025

Set parameter LogFile to value "Logs/Facility Location Logs/L50/phase1/scenario_generation.log"
Gurobi Optimizer version 12.0.3 build v12.0.3rc0 (mac64[arm] - Darwin 24.6.0 24G222)

CPU model: Apple M3
Thread count: 8 physical cores, 8 logical processors, using up to 8 threads

Non-default parameters:
LogToConsole  0

Optimize a model with 75 rows, 1325 columns and 2575 nonzeros
Model fingerprint: 0xf7242712
Variable types: 1300 continuous, 25 integer (25 binary)
Coefficient statistics:
  Matrix range     [1e+00, 2e+04]
  Objective range  [8e-03, 8e+03]
  Bounds range     [0e+00, 0e+00]
  RHS range        [1e+03, 8e+03]
Found heuristic solution: objective 5655950.0000
Presolve removed 0 rows and 1 columns
Presolve time: 0.00s
Presolved: 75 rows, 1324 columns, 2574 nonzeros
Variable types: 1300 continuous, 24 integer (24 binary)

Root relaxation: objective 9.099212e+04, 142 iterations, 0.00 seconds (0.00 work units)

    Nodes    |    Current Node    |     Objective Bounds      |     Work
 Expl Unexpl |  Obj  Depth IntInf | Incumbent    BestBd   Gap | It/Node Time

     0     0 90992.1224    0   24 5655950.00 90992.1224  98.4%     -    0s
H    0     0                    221932.62238 90992.1224  59.0%     -    0s
H    0     0                    193889.33387 90992.1224  53.1%     -    0s
H    0     0                    166414.74261 90992.1224  45.3%     -    0s
H    0     0                    141356.03598 96154.2374  32.0%     -    0s
H    0     0                    107581.61950 96154.2374  10.6%     -    0s
H    0     0                    100735.49365 96154.2374  4.55%     -    0s
     0     0 96154.2374    0   12 100735.494 96154.2374  4.55%     -    0s
     0     0 96205.2263    0   12 100735.494 96205.2263  4.50%     -    0s
     0     0 96678.6714    0   11 100735.494 96678.6714  4.03%     -    0s
     0     0 96727.3630    0   11 100735.494 96727.3630  3.98%     -    0s
     0     0 96729.7280    0   12 100735.494 96729.7280  3.98%     -    0s
     0     0 96729.9667    0   11 100735.494 96729.9667  3.98%     -    0s
H    0     0                    99892.042529 96943.5648  2.95%     -    0s
     0     0 96943.5648    0    9 99892.0425 96943.5648  2.95%     -    0s
     0     0 96957.7039    0   11 99892.0425 96957.7039  2.94%     -    0s
     0     0 96957.9697    0   11 99892.0425 96957.9697  2.94%     -    0s
     0     0 97053.3441    0    7 99892.0425 97053.3441  2.84%     -    0s
     0     0 97057.4279    0    7 99892.0425 97057.4279  2.84%     -    0s
     0     0 97096.3658    0    9 99892.0425 97096.3658  2.80%     -    0s
     0     0 97098.4792    0    9 99892.0425 97098.4792  2.80%     -    0s
     0     0 97102.7500    0   11 99892.0425 97102.7500  2.79%     -    0s
     0     0 97103.3636    0   11 99892.0425 97103.3636  2.79%     -    0s
H    0     0                    99854.227015 97103.3636  2.75%     -    0s
     0     2 97103.3653    0   11 99854.2270 97103.3653  2.75%     -    0s
H  278   268                    99842.789447 97426.0133  2.42%  19.4    0s

Cutting planes:
  Gomory: 1
  Implied bound: 88
  MIR: 36
  Inf proof: 4
  Relax-and-lift: 4

Explored 13374 nodes (282542 simplex iterations) in 1.30 seconds (2.49 work units)
Thread count was 8 (of 8 available processors)

Solution count 10: 99842.8 99854.2 99892 ... 5.65595e+06

Optimal solution found (tolerance 1.00e-04)
Best objective 9.984278944669e+04, best bound 9.984278944669e+04, gap 0.0000%

User-callback calls 27408, time in user-callback 0.00 sec

Gurobi 12.0.3 (mac64[arm]) logging started Tue Sep 23 15:45:29 2025

Set parameter LogFile to value "Logs/Facility Location Logs/L50/phase1/scenario_generation.log"
Set parameter LogToConsole to value 0

Gurobi 12.0.3 (mac64[arm]) logging started Tue Sep 23 15:45:29 2025

Set parameter LogFile to value "Logs/Facility Location Logs/L50/phase1/scenario_generation.log"
Gurobi Optimizer version 12.0.3 build v12.0.3rc0 (mac64[arm] - Darwin 24.6.0 24G222)

CPU model: Apple M3
Thread count: 8 physical cores, 8 logical processors, using up to 8 threads

Non-default parameters:
LogToConsole  0

Optimize a model with 75 rows, 1325 columns and 2575 nonzeros
Model fingerprint: 0xba6fba76
Variable types: 1300 continuous, 25 integer (25 binary)
Coefficient statistics:
  Matrix range     [1e+00, 2e+04]
  Objective range  [8e-03, 8e+03]
  Bounds range     [0e+00, 0e+00]
  RHS range        [7e+02, 2e+04]
Found heuristic solution: objective 4800700.0000
Presolve removed 0 rows and 1 columns
Presolve time: 0.00s
Presolved: 75 rows, 1324 columns, 2574 nonzeros
Variable types: 1300 continuous, 24 integer (24 binary)

Root relaxation: objective 9.811702e+04, 176 iterations, 0.00 seconds (0.00 work units)

    Nodes    |    Current Node    |     Objective Bounds      |     Work
 Expl Unexpl |  Obj  Depth IntInf | Incumbent    BestBd   Gap | It/Node Time

     0     0 98117.0172    0   22 4800700.00 98117.0172  98.0%     -    0s
H    0     0                    230110.01723 98117.0172  57.4%     -    0s
H    0     0                    207988.17783 98117.0172  52.8%     -    0s
H    0     0                    166236.90077 98117.0172  41.0%     -    0s
H    0     0                    157621.65618 102764.065  34.8%     -    0s
H    0     0                    122807.83297 102764.065  16.3%     -    0s
H    0     0                    110945.36602 102764.065  7.37%     -    0s
     0     0 102764.065    0   10 110945.366 102764.065  7.37%     -    0s
H    0     0                    108835.90595 102869.811  5.48%     -    0s
     0     0 102869.811    0   10 108835.906 102869.811  5.48%     -    0s
     0     0 103100.748    0    8 108835.906 103100.748  5.27%     -    0s
H    0     0                    108657.21118 103110.004  5.11%     -    0s
     0     0 103110.004    0    7 108657.211 103110.004  5.11%     -    0s
H    0     0                    108206.11422 103350.267  4.49%     -    0s
     0     0 103350.267    0    6 108206.114 103350.267  4.49%     -    0s
     0     0 103378.185    0    6 108206.114 103378.185  4.46%     -    0s
     0     0 103481.583    0    5 108206.114 103481.583  4.37%     -    0s
H    0     0                    108138.73598 103495.518  4.29%     -    0s
H    0     0                    107644.15953 103495.518  3.85%     -    0s
     0     0 103495.518    0    4 107644.160 103495.518  3.85%     -    0s
     0     0 103495.518    0    4 107644.160 103495.518  3.85%     -    0s
     0     0 103544.751    0    1 107644.160 103544.751  3.81%     -    0s
     0     0 103555.530    0    3 107644.160 103555.530  3.80%     -    0s
     0     0 103555.589    0    3 107644.160 103555.589  3.80%     -    0s
H    0     2                    107618.97232 103555.589  3.78%     -    0s
     0     2 103555.589    0    3 107618.972 103555.589  3.78%     -    0s
H   26    60                    107594.15419 103604.938  3.71%  23.5    0s
H   31    60                    107580.72131 103624.245  3.68%  20.9    0s
H  409   279                    107554.79115 103805.013  3.49%  21.1    0s
*  520   303               7    107533.28381 103845.886  3.43%  20.6    0s
* 1824    53              13    107505.73640 105513.652  1.85%  26.8    0s

Cutting planes:
  Implied bound: 104
  MIR: 6
  Flow cover: 4
  Inf proof: 4
  Relax-and-lift: 5

Explored 1989 nodes (52544 simplex iterations) in 0.22 seconds (0.45 work units)
Thread count was 8 (of 8 available processors)

Solution count 10: 107506 107533 107555 ... 230110

Optimal solution found (tolerance 1.00e-04)
Best objective 1.075057364018e+05, best bound 1.075057364018e+05, gap 0.0000%

User-callback calls 4318, time in user-callback 0.00 sec

Gurobi 12.0.3 (mac64[arm]) logging started Tue Sep 23 15:45:30 2025

Set parameter LogFile to value "Logs/Facility Location Logs/L50/phase1/scenario_generation.log"
Set parameter LogToConsole to value 0

Gurobi 12.0.3 (mac64[arm]) logging started Tue Sep 23 15:45:30 2025

Set parameter LogFile to value "Logs/Facility Location Logs/L50/phase1/scenario_generation.log"
Gurobi Optimizer version 12.0.3 build v12.0.3rc0 (mac64[arm] - Darwin 24.6.0 24G222)

CPU model: Apple M3
Thread count: 8 physical cores, 8 logical processors, using up to 8 threads

Non-default parameters:
LogToConsole  0

Optimize a model with 75 rows, 1325 columns and 2575 nonzeros
Model fingerprint: 0x8bddf3dc
Variable types: 1300 continuous, 25 integer (25 binary)
Coefficient statistics:
  Matrix range     [1e+00, 2e+04]
  Objective range  [8e-03, 8e+03]
  Bounds range     [0e+00, 0e+00]
  RHS range        [3e+02, 1e+04]
Found heuristic solution: objective 3774400.0000
Presolve removed 0 rows and 1 columns
Presolve time: 0.00s
Presolved: 75 rows, 1324 columns, 2574 nonzeros
Variable types: 1300 continuous, 24 integer (24 binary)

Root relaxation: objective 7.714126e+04, 164 iterations, 0.00 seconds (0.00 work units)

    Nodes    |    Current Node    |     Objective Bounds      |     Work
 Expl Unexpl |  Obj  Depth IntInf | Incumbent    BestBd   Gap | It/Node Time

     0     0 77141.2584    0   22 3774400.00 77141.2584  98.0%     -    0s
H    0     0                    211897.25845 77141.2584  63.6%     -    0s
H    0     0                    167460.05970 77141.2584  53.9%     -    0s
H    0     0                    118370.07164 77141.2584  34.8%     -    0s
H    0     0                    111565.64465 77141.2584  30.9%     -    0s
H    0     0                    111275.07751 81900.5020  26.4%     -    0s
     0     0 81900.5020    0    5 111275.078 81900.5020  26.4%     -    0s
     0     0 81965.9504    0    5 111275.078 81965.9504  26.3%     -    0s
H    0     0                    110721.11833 81965.9504  26.0%     -    0s
H    0     0                    106092.21175 81965.9504  22.7%     -    0s
H    0     0                    104765.02918 81965.9504  21.8%     -    0s
H    0     0                    96624.655165 82108.8937  15.0%     -    0s
     0     0 82108.8937    0    7 96624.6552 82108.8937  15.0%     -    0s
H    0     0                    89318.371012 82204.9042  7.96%     -    0s
H    0     0                    89290.184025 82204.9042  7.94%     -    0s
H    0     0                    89185.249284 82204.9042  7.83%     -    0s
     0     0 82204.9042    0    5 89185.2493 82204.9042  7.83%     -    0s
     0     0 82222.5050    0    6 89185.2493 82222.5050  7.81%     -    0s
     0     0 82313.7529    0    4 89185.2493 82313.7529  7.70%     -    0s
     0     0 82330.3579    0    4 89185.2493 82330.3579  7.69%     -    0s
     0     0 82338.7550    0    4 89185.2493 82338.7550  7.68%     -    0s
     0     0 82418.5446    0    4 89185.2493 82418.5446  7.59%     -    0s
     0     0 82423.6013    0    4 89185.2493 82423.6013  7.58%     -    0s
H    0     0                    88677.988568 82468.9879  7.00%     -    0s
H    0     0                    88626.745380 82478.0442  6.94%     -    0s
     0     0 82636.6690    0    1 88626.7454 82636.6690  6.76%     -    0s
     0     0 82805.7037    0    2 88626.7454 82805.7037  6.57%     -    0s
     0     0 82817.6549    0    2 88626.7454 82817.6549  6.55%     -    0s
     0     2 82817.6549    0    2 88626.7454 82817.6549  6.55%     -    0s
*  361   221               7    88530.686777 82817.6549  6.45%  16.8    0s
H  408   245                    88437.168104 82928.5199  6.23%  17.4    0s

Cutting planes:
  Implied bound: 113
  MIR: 5
  Flow cover: 2
  Inf proof: 3
  Relax-and-lift: 3

Explored 3642 nodes (60985 simplex iterations) in 0.26 seconds (0.55 work units)
Thread count was 8 (of 8 available processors)

Solution count 10: 88437.2 88530.7 88626.7 ... 111275

Optimal solution found (tolerance 1.00e-04)
Best objective 8.843716810425e+04, best bound 8.843716810425e+04, gap 0.0000%

User-callback calls 7627, time in user-callback 0.00 sec

Gurobi 12.0.3 (mac64[arm]) logging started Tue Sep 23 15:45:30 2025

Set parameter LogFile to value "Logs/Facility Location Logs/L50/phase1/scenario_generation.log"
Set parameter LogToConsole to value 0

Gurobi 12.0.3 (mac64[arm]) logging started Tue Sep 23 15:45:30 2025

Set parameter LogFile to value "Logs/Facility Location Logs/L50/phase1/scenario_generation.log"
Gurobi Optimizer version 12.0.3 build v12.0.3rc0 (mac64[arm] - Darwin 24.6.0 24G222)

CPU model: Apple M3
Thread count: 8 physical cores, 8 logical processors, using up to 8 threads

Non-default parameters:
LogToConsole  0

Optimize a model with 75 rows, 1325 columns and 2575 nonzeros
Model fingerprint: 0x0dc17694
Variable types: 1300 continuous, 25 integer (25 binary)
Coefficient statistics:
  Matrix range     [1e+00, 2e+04]
  Objective range  [8e-03, 8e+03]
  Bounds range     [0e+00, 0e+00]
  RHS range        [6e+02, 1e+04]
Found heuristic solution: objective 4283450.0000
Presolve removed 0 rows and 1 columns
Presolve time: 0.00s
Presolved: 75 rows, 1324 columns, 2574 nonzeros
Variable types: 1300 continuous, 24 integer (24 binary)

Root relaxation: objective 8.387755e+04, 107 iterations, 0.00 seconds (0.00 work units)

    Nodes    |    Current Node    |     Objective Bounds      |     Work
 Expl Unexpl |  Obj  Depth IntInf | Incumbent    BestBd   Gap | It/Node Time

     0     0 83877.5529    0   23 4283450.00 83877.5529  98.0%     -    0s
H    0     0                    221043.05290 83877.5529  62.1%     -    0s
H    0     0                    191427.26824 83877.5529  56.2%     -    0s
H    0     0                    177673.28704 83877.5529  52.8%     -    0s
H    0     0                    156914.66654 83877.5529  46.5%     -    0s
     0     0 88668.8088    0   12 156914.667 88668.8088  43.5%     -    0s
H    0     0                    141107.02598 88690.1383  37.1%     -    0s
H    0     0                    105698.64122 88690.1383  16.1%     -    0s
H    0     0                    92214.074249 88690.1383  3.82%     -    0s
H    0     0                    91984.658978 88690.1383  3.58%     -    0s
     0     0 88690.1383    0   12 91984.6590 88690.1383  3.58%     -    0s
H    0     0                    91228.085065 89124.5022  2.31%     -    0s
     0     0 89152.1769    0    7 91228.0851 89152.1769  2.28%     -    0s
     0     0 89200.1574    0    6 91228.0851 89200.1574  2.22%     -    0s
     0     0 89294.8018    0    6 91228.0851 89294.8018  2.12%     -    0s
     0     0 89351.0021    0   11 91228.0851 89351.0021  2.06%     -    0s
     0     0 89351.1490    0   10 91228.0851 89351.1490  2.06%     -    0s
     0     0 89464.7103    0    4 91228.0851 89464.7103  1.93%     -    0s
     0     0 89496.2548    0    2 91228.0851 89496.2548  1.90%     -    0s
     0     0 89505.0053    0    4 91228.0851 89505.0053  1.89%     -    0s
     0     0 89505.0053    0    4 91228.0851 89505.0053  1.89%     -    0s
     0     2 89505.0365    0    4 91228.0851 89505.0365  1.89%     -    0s

Cutting planes:
  Implied bound: 86
  MIR: 6
  Flow cover: 2
  Relax-and-lift: 2

Explored 571 nodes (13233 simplex iterations) in 0.12 seconds (0.21 work units)
Thread count was 8 (of 8 available processors)

Solution count 9: 91228.1 91984.7 105699 ... 4.28345e+06

Optimal solution found (tolerance 1.00e-04)
Best objective 9.122808506456e+04, best bound 9.122808506456e+04, gap 0.0000%

User-callback calls 1434, time in user-callback 0.00 sec

Gurobi 12.0.3 (mac64[arm]) logging started Tue Sep 23 15:45:30 2025

Set parameter LogFile to value "Logs/Facility Location Logs/L50/phase1/scenario_generation.log"
Set parameter LogToConsole to value 0

Gurobi 12.0.3 (mac64[arm]) logging started Tue Sep 23 15:45:30 2025

Set parameter LogFile to value "Logs/Facility Location Logs/L50/phase1/scenario_generation.log"
Gurobi Optimizer version 12.0.3 build v12.0.3rc0 (mac64[arm] - Darwin 24.6.0 24G222)

CPU model: Apple M3
Thread count: 8 physical cores, 8 logical processors, using up to 8 threads

Non-default parameters:
LogToConsole  0

Optimize a model with 75 rows, 1325 columns and 2575 nonzeros
Model fingerprint: 0xec863638
Variable types: 1300 continuous, 25 integer (25 binary)
Coefficient statistics:
  Matrix range     [1e+00, 2e+04]
  Objective range  [8e-03, 8e+03]
  Bounds range     [0e+00, 0e+00]
  RHS range        [1e+03, 1e+04]
Found heuristic solution: objective 6276650.0000
Presolve removed 0 rows and 1 columns
Presolve time: 0.00s
Presolved: 75 rows, 1324 columns, 2574 nonzeros
Variable types: 1300 continuous, 24 integer (24 binary)

Root relaxation: objective 1.100087e+05, 101 iterations, 0.00 seconds (0.00 work units)

    Nodes    |    Current Node    |     Objective Bounds      |     Work
 Expl Unexpl |  Obj  Depth IntInf | Incumbent    BestBd   Gap | It/Node Time

     0     0 110008.700    0   24 6276650.00 110008.700  98.2%     -    0s
H    0     0                    234742.20017 110008.700  53.1%     -    0s
H    0     0                    213283.86015 110008.700  48.4%     -    0s
H    0     0                    206549.42648 110008.700  46.7%     -    0s
H    0     0                    193476.96559 110008.700  43.1%     -    0s
H    0     0                    190485.59564 114500.857  39.9%     -    0s
H    0     0                    153984.78806 114500.857  25.6%     -    0s
     0     0 114500.857    0    9 153984.788 114500.857  25.6%     -    0s
H    0     0                    129327.61535 114573.477  11.4%     -    0s
H    0     0                    128814.34844 114573.477  11.1%     -    0s
     0     0 115014.506    0    9 128814.348 115014.506  10.7%     -    0s
H    0     0                    128020.80679 115014.506  10.2%     -    0s
     0     0 115063.983    0    8 128020.807 115063.983  10.1%     -    0s
H    0     0                    125452.78514 115097.596  8.25%     -    0s
H    0     0                    125447.98970 115097.596  8.25%     -    0s
     0     0 115097.596    0    8 125447.990 115097.596  8.25%     -    0s
H    0     0                    119847.89538 115097.596  3.96%     -    0s
     0     0 115192.523    0    9 119847.895 115192.523  3.88%     -    0s
     0     0 115204.654    0    8 119847.895 115204.654  3.87%     -    0s
     0     0 115207.627    0    8 119847.895 115207.627  3.87%     -    0s
     0     0 115283.160    0    7 119847.895 115283.160  3.81%     -    0s
     0     0 115291.660    0    5 119847.895 115291.660  3.80%     -    0s
     0     0 115291.689    0    5 119847.895 115291.689  3.80%     -    0s
     0     0 115295.232    0    3 119847.895 115295.232  3.80%     -    0s
H    0     0                    119231.09692 115295.232  3.30%     -    0s
     0     0 115295.713    0    3 119231.097 115295.713  3.30%     -    0s
     0     0 115296.189    0    4 119231.097 115296.189  3.30%     -    0s
     0     0 115296.189    0    4 119231.097 115296.189  3.30%     -    0s
     0     2 115296.189    0    4 119231.097 115296.189  3.30%     -    0s
H  306   215                    119203.62179 115518.831  3.09%  19.3    0s

Cutting planes:
  Gomory: 1
  Cover: 1
  Implied bound: 88
  MIR: 16
  Flow cover: 5
  Inf proof: 13
  Relax-and-lift: 11

Explored 10387 nodes (218612 simplex iterations) in 1.00 seconds (2.05 work units)
Thread count was 8 (of 8 available processors)

Solution count 10: 119204 119231 119848 ... 193477

Optimal solution found (tolerance 1.00e-04)
Best objective 1.192036217850e+05, best bound 1.192036217850e+05, gap 0.0000%

User-callback calls 21366, time in user-callback 0.00 sec

Gurobi 12.0.3 (mac64[arm]) logging started Tue Sep 23 15:45:31 2025

Set parameter LogFile to value "Logs/Facility Location Logs/L50/phase1/scenario_generation.log"
Set parameter LogToConsole to value 0

Gurobi 12.0.3 (mac64[arm]) logging started Tue Sep 23 15:45:31 2025

Set parameter LogFile to value "Logs/Facility Location Logs/L50/phase1/scenario_generation.log"
Gurobi Optimizer version 12.0.3 build v12.0.3rc0 (mac64[arm] - Darwin 24.6.0 24G222)

CPU model: Apple M3
Thread count: 8 physical cores, 8 logical processors, using up to 8 threads

Non-default parameters:
LogToConsole  0

Optimize a model with 75 rows, 1325 columns and 2575 nonzeros
Model fingerprint: 0xf8696658
Variable types: 1300 continuous, 25 integer (25 binary)
Coefficient statistics:
  Matrix range     [1e+00, 2e+04]
  Objective range  [8e-03, 8e+03]
  Bounds range     [0e+00, 0e+00]
  RHS range        [9e+02, 1e+04]
Found heuristic solution: objective 4988750.0000
Presolve removed 0 rows and 1 columns
Presolve time: 0.00s
Presolved: 75 rows, 1324 columns, 2574 nonzeros
Variable types: 1300 continuous, 24 integer (24 binary)

Root relaxation: objective 9.149825e+04, 159 iterations, 0.00 seconds (0.00 work units)

    Nodes    |    Current Node    |     Objective Bounds      |     Work
 Expl Unexpl |  Obj  Depth IntInf | Incumbent    BestBd   Gap | It/Node Time

     0     0 91498.2547    0   24 4988750.00 91498.2547  98.2%     -    0s
H    0     0                    229110.75467 91498.2547  60.1%     -    0s
H    0     0                    214217.91350 91498.2547  57.3%     -    0s
H    0     0                    195277.15788 91498.2547  53.1%     -    0s
H    0     0                    191717.71810 91498.2547  52.3%     -    0s
H    0     0                    189674.67928 91498.2547  51.8%     -    0s
H    0     0                    186052.64065 91498.2547  50.8%     -    0s
H    0     0                    185077.09190 96226.6701  48.0%     -    0s
H    0     0                    148087.64382 96226.6701  35.0%     -    0s
H    0     0                    113236.72527 96226.6701  15.0%     -    0s
     0     0 96226.6701    0   13 113236.725 96226.6701  15.0%     -    0s
H    0     0                    99805.806567 96352.9917  3.46%     -    0s
     0     0 96352.9917    0   12 99805.8066 96352.9917  3.46%     -    0s
     0     0 96778.4366    0   11 99805.8066 96778.4366  3.03%     -    0s
     0     0 96780.4691    0   10 99805.8066 96780.4691  3.03%     -    0s
H    0     0                    99406.769846 96958.5195  2.46%     -    0s
     0     0 96958.5195    0   11 99406.7698 96958.5195  2.46%     -    0s
     0     0 96998.8886    0   10 99406.7698 96998.8886  2.42%     -    0s
     0     0 97122.0935    0    4 99406.7698 97122.0935  2.30%     -    0s
     0     0 97123.6239    0    4 99406.7698 97123.6239  2.30%     -    0s
     0     0 97159.4326    0    1 99406.7698 97159.4326  2.26%     -    0s
     0     0 97159.8565    0    2 99406.7698 97159.8565  2.26%     -    0s
     0     0 97160.9517    0    2 99406.7698 97160.9517  2.26%     -    0s
     0     0 97160.9517    0    2 99406.7698 97160.9517  2.26%     -    0s
     0     2 97160.9517    0    2 99406.7698 97160.9517  2.26%     -    0s
H  625   251                    99406.506531 97543.9828  1.87%  22.1    0s

Cutting planes:
  Implied bound: 123
  MIR: 6
  Flow cover: 8
  Relax-and-lift: 11

Explored 2261 nodes (49288 simplex iterations) in 0.24 seconds (0.49 work units)
Thread count was 8 (of 8 available processors)

Solution count 10: 99406.5 99406.8 99805.8 ... 195277

Optimal solution found (tolerance 1.00e-04)
Best objective 9.940650653100e+04, best bound 9.940650653100e+04, gap 0.0000%

User-callback calls 4861, time in user-callback 0.00 sec

Gurobi 12.0.3 (mac64[arm]) logging started Tue Sep 23 15:45:31 2025

Set parameter LogFile to value "Logs/Facility Location Logs/L50/phase1/scenario_generation.log"
Set parameter LogToConsole to value 0

Gurobi 12.0.3 (mac64[arm]) logging started Tue Sep 23 15:45:31 2025

Set parameter LogFile to value "Logs/Facility Location Logs/L50/phase1/scenario_generation.log"
Gurobi Optimizer version 12.0.3 build v12.0.3rc0 (mac64[arm] - Darwin 24.6.0 24G222)

CPU model: Apple M3
Thread count: 8 physical cores, 8 logical processors, using up to 8 threads

Non-default parameters:
LogToConsole  0

Optimize a model with 75 rows, 1325 columns and 2575 nonzeros
Model fingerprint: 0x27f985a8
Variable types: 1300 continuous, 25 integer (25 binary)
Coefficient statistics:
  Matrix range     [1e+00, 2e+04]
  Objective range  [8e-03, 8e+03]
  Bounds range     [0e+00, 0e+00]
  RHS range        [1e+03, 1e+04]
Found heuristic solution: objective 5060000.0000
Presolve removed 0 rows and 1 columns
Presolve time: 0.00s
Presolved: 75 rows, 1324 columns, 2574 nonzeros
Variable types: 1300 continuous, 24 integer (24 binary)

Root relaxation: objective 8.867281e+04, 139 iterations, 0.00 seconds (0.00 work units)

    Nodes    |    Current Node    |     Objective Bounds      |     Work
 Expl Unexpl |  Obj  Depth IntInf | Incumbent    BestBd   Gap | It/Node Time

     0     0 88672.8116    0   24 5060000.00 88672.8116  98.2%     -    0s
H    0     0                    225572.81161 88672.8116  60.7%     -    0s
H    0     0                    196699.48876 88672.8116  54.9%     -    0s
H    0     0                    189716.78996 88672.8116  53.3%     -    0s
H    0     0                    182316.54434 88672.8116  51.4%     -    0s
H    0     0                    175150.88029 89448.5265  48.9%     -    0s
H    0     0                    145323.29926 93460.4457  35.7%     -    0s
H    0     0                    110917.46351 93460.4457  15.7%     -    0s
H    0     0                    103526.16641 93460.4457  9.72%     -    0s
     0     0 93460.4457    0   11 103526.166 93460.4457  9.72%     -    0s
H    0     0                    96190.583426 93569.0630  2.73%     -    0s
     0     0 93569.0630    0   11 96190.5834 93569.0630  2.73%     -    0s
     0     0 93942.1883    0    6 96190.5834 93942.1883  2.34%     -    0s
     0     0 93987.9908    0    9 96190.5834 93987.9908  2.29%     -    0s
     0     0 93987.9908    0    8 96190.5834 93987.9908  2.29%     -    0s
     0     0 94204.6187    0    9 96190.5834 94204.6187  2.06%     -    0s
     0     0 94226.8098    0    9 96190.5834 94226.8098  2.04%     -    0s
     0     0 94226.8098    0    8 96190.5834 94226.8098  2.04%     -    0s
     0     0 94360.0813    0    7 96190.5834 94360.0813  1.90%     -    0s
H    0     0                    96073.319518 94364.7819  1.78%     -    0s
     0     0 94419.8678    0    4 96073.3195 94419.8678  1.72%     -    0s
     0     0 94422.7289    0    5 96073.3195 94422.7289  1.72%     -    0s
     0     0 94430.5468    0    5 96073.3195 94430.5468  1.71%     -    0s
     0     0 94430.5468    0    5 96073.3195 94430.5468  1.71%     -    0s
H    0     0                    96021.517146 94430.5468  1.66%     -    0s
     0     2 94430.5549    0    5 96021.5171 94430.5549  1.66%     -    0s

Cutting planes:
  Implied bound: 102
  MIR: 7
  Flow cover: 6
  Relax-and-lift: 13

Explored 1508 nodes (34781 simplex iterations) in 0.19 seconds (0.39 work units)
Thread count was 8 (of 8 available processors)

Solution count 10: 96021.5 96073.3 96190.6 ... 196699

Optimal solution found (tolerance 1.00e-04)
Best objective 9.602151714619e+04, best bound 9.602151714619e+04, gap 0.0000%

User-callback calls 3344, time in user-callback 0.00 sec

Gurobi 12.0.3 (mac64[arm]) logging started Tue Sep 23 15:45:31 2025

Set parameter LogFile to value "Logs/Facility Location Logs/L50/phase1/scenario_generation.log"
Set parameter LogToConsole to value 0

Gurobi 12.0.3 (mac64[arm]) logging started Tue Sep 23 15:45:31 2025

Set parameter LogFile to value "Logs/Facility Location Logs/L50/phase1/scenario_generation.log"
Gurobi Optimizer version 12.0.3 build v12.0.3rc0 (mac64[arm] - Darwin 24.6.0 24G222)

CPU model: Apple M3
Thread count: 8 physical cores, 8 logical processors, using up to 8 threads

Non-default parameters:
LogToConsole  0

Optimize a model with 75 rows, 1325 columns and 2575 nonzeros
Model fingerprint: 0xe3c8dd23
Variable types: 1300 continuous, 25 integer (25 binary)
Coefficient statistics:
  Matrix range     [1e+00, 2e+04]
  Objective range  [8e-03, 8e+03]
  Bounds range     [0e+00, 0e+00]
  RHS range        [2e+03, 9e+03]
Found heuristic solution: objective 6547950.0000
Presolve removed 0 rows and 1 columns
Presolve time: 0.00s
Presolved: 75 rows, 1324 columns, 2574 nonzeros
Variable types: 1300 continuous, 24 integer (24 binary)

Root relaxation: objective 9.451512e+04, 108 iterations, 0.00 seconds (0.00 work units)

    Nodes    |    Current Node    |     Objective Bounds      |     Work
 Expl Unexpl |  Obj  Depth IntInf | Incumbent    BestBd   Gap | It/Node Time

     0     0 94515.1243    0   24 6547950.00 94515.1243  98.6%     -    0s
H    0     0                    216535.62426 94515.1243  56.4%     -    0s
H    0     0                    201831.02379 94515.1243  53.2%     -    0s
H    0     0                    175474.18615 94515.1243  46.1%     -    0s
H    0     0                    172846.12429 99423.3848  42.5%     -    0s
H    0     0                    136608.49936 99423.3848  27.2%     -    0s
H    0     0                    102979.23355 99423.3848  3.45%     -    0s
     0     0 99423.3848    0   10 102979.234 99423.3848  3.45%     -    0s
     0     0 99939.9547    0    7 102979.234 99939.9547  2.95%     -    0s
H    0     0                    101987.72402 99974.2081  1.97%     -    0s
     0     0 99980.5476    0    8 101987.724 99980.5476  1.97%     -    0s
     0     0 99984.3196    0    8 101987.724 99984.3196  1.96%     -    0s
     0     0 99984.4034    0    9 101987.724 99984.4034  1.96%     -    0s
H    0     0                    101979.77426 99984.4034  1.96%     -    0s
     0     0 100119.327    0   10 101979.774 100119.327  1.82%     -    0s
     0     0 100121.045    0    9 101979.774 100121.045  1.82%     -    0s
     0     0 100191.211    0    8 101979.774 100191.211  1.75%     -    0s
     0     0 100191.353    0    9 101979.774 100191.353  1.75%     -    0s
     0     0 100213.642    0    4 101979.774 100213.642  1.73%     -    0s
H    0     0                    101927.00387 100213.642  1.68%     -    0s
     0     0 100214.874    0    4 101927.004 100214.874  1.68%     -    0s
     0     0 100215.727    0    8 101927.004 100215.727  1.68%     -    0s
     0     0 100215.727    0    8 101927.004 100215.727  1.68%     -    0s
     0     2 100215.743    0    8 101927.004 100215.743  1.68%     -    0s
H   47    64                    101897.80083 100238.877  1.63%  19.3    0s
H  209   159                    101873.63455 100265.606  1.58%  20.1    0s

Cutting planes:
  Gomory: 1
  Implied bound: 72
  MIR: 101
  Mixing: 3
  Flow cover: 1
  Relax-and-lift: 4

Explored 19005 nodes (407176 simplex iterations) in 1.70 seconds (3.78 work units)
Thread count was 8 (of 8 available processors)

Solution count 10: 101874 101898 101927 ... 201831

Optimal solution found (tolerance 1.00e-04)
Best objective 1.018736345479e+05, best bound 1.018736345479e+05, gap 0.0000%

User-callback calls 38903, time in user-callback 0.01 sec

Gurobi 12.0.3 (mac64[arm]) logging started Tue Sep 23 15:45:33 2025

Set parameter LogFile to value "Logs/Facility Location Logs/L50/phase1/scenario_generation.log"
Set parameter LogToConsole to value 0

Gurobi 12.0.3 (mac64[arm]) logging started Tue Sep 23 15:45:33 2025

Set parameter LogFile to value "Logs/Facility Location Logs/L50/phase1/scenario_generation.log"
Gurobi Optimizer version 12.0.3 build v12.0.3rc0 (mac64[arm] - Darwin 24.6.0 24G222)

CPU model: Apple M3
Thread count: 8 physical cores, 8 logical processors, using up to 8 threads

Non-default parameters:
LogToConsole  0

Optimize a model with 75 rows, 1325 columns and 2575 nonzeros
Model fingerprint: 0x998ac52d
Variable types: 1300 continuous, 25 integer (25 binary)
Coefficient statistics:
  Matrix range     [1e+00, 2e+04]
  Objective range  [8e-03, 8e+03]
  Bounds range     [0e+00, 0e+00]
  RHS range        [7e+02, 1e+04]
Found heuristic solution: objective 4333950.0000
Presolve removed 0 rows and 1 columns
Presolve time: 0.00s
Presolved: 75 rows, 1324 columns, 2574 nonzeros
Variable types: 1300 continuous, 24 integer (24 binary)

Root relaxation: objective 8.004419e+04, 127 iterations, 0.00 seconds (0.00 work units)

    Nodes    |    Current Node    |     Objective Bounds      |     Work
 Expl Unexpl |  Obj  Depth IntInf | Incumbent    BestBd   Gap | It/Node Time

     0     0 80044.1927    0   23 4333950.00 80044.1927  98.2%     -    0s
H    0     0                    216704.69271 80044.1927  63.1%     -    0s
H    0     0                    194572.51324 80044.1927  58.9%     -    0s
H    0     0                    168066.12531 80044.1927  52.4%     -    0s
H    0     0                    155797.72334 80044.1927  48.6%     -    0s
H    0     0                    148463.62408 80044.1927  46.1%     -    0s
H    0     0                    143796.59116 80044.1927  44.3%     -    0s
H    0     0                    108178.43040 84484.0081  21.9%     -    0s
     0     0 84484.0081    0   10 108178.430 84484.0081  21.9%     -    0s
H    0     0                    107951.05948 84580.4575  21.6%     -    0s
H    0     0                    87067.773129 84580.4575  2.86%     -    0s
     0     0 84580.4575    0   10 87067.7731 84580.4575  2.86%     -    0s
     0     0 85052.1328    0    9 87067.7731 85052.1328  2.32%     -    0s
     0     0 85090.2487    0    8 87067.7731 85090.2487  2.27%     -    0s
     0     0 85090.2487    0    7 87067.7731 85090.2487  2.27%     -    0s
H    0     0                    86813.640916 85090.2487  1.99%     -    0s
     0     0 85186.6209    0   11 86813.6409 85186.6209  1.87%     -    0s
     0     0 85201.9864    0    9 86813.6409 85201.9864  1.86%     -    0s
     0     0 85318.8935    0    6 86813.6409 85318.8935  1.72%     -    0s
     0     0 85320.4667    0    5 86813.6409 85320.4667  1.72%     -    0s
H    0     0                    86728.023546 85320.4667  1.62%     -    0s
     0     0 85393.5628    0    2 86728.0235 85393.5628  1.54%     -    0s
     0     0 85400.6959    0    5 86728.0235 85400.6959  1.53%     -    0s
     0     0 85400.6959    0    5 86728.0235 85400.6959  1.53%     -    0s
     0     2 85400.6959    0    5 86728.0235 85400.6959  1.53%     -    0s

Cutting planes:
  Implied bound: 81
  MIR: 5
  Flow cover: 8
  Relax-and-lift: 6

Explored 442 nodes (10128 simplex iterations) in 0.09 seconds (0.16 work units)
Thread count was 8 (of 8 available processors)

Solution count 10: 86728 86813.6 87067.8 ... 194573

Optimal solution found (tolerance 1.00e-04)
Best objective 8.672802354581e+04, best bound 8.672802354581e+04, gap 0.0000%

User-callback calls 1173, time in user-callback 0.00 sec

Gurobi 12.0.3 (mac64[arm]) logging started Tue Sep 23 15:45:33 2025

Set parameter LogFile to value "Logs/Facility Location Logs/L50/phase1/scenario_generation.log"
Set parameter LogToConsole to value 0

Gurobi 12.0.3 (mac64[arm]) logging started Tue Sep 23 15:45:33 2025

Set parameter LogFile to value "Logs/Facility Location Logs/L50/phase1/scenario_generation.log"
Gurobi Optimizer version 12.0.3 build v12.0.3rc0 (mac64[arm] - Darwin 24.6.0 24G222)

CPU model: Apple M3
Thread count: 8 physical cores, 8 logical processors, using up to 8 threads

Non-default parameters:
LogToConsole  0

Optimize a model with 75 rows, 1325 columns and 2575 nonzeros
Model fingerprint: 0x6c8c4c26
Variable types: 1300 continuous, 25 integer (25 binary)
Coefficient statistics:
  Matrix range     [1e+00, 2e+04]
  Objective range  [8e-03, 8e+03]
  Bounds range     [0e+00, 0e+00]
  RHS range        [8e+02, 1e+04]
Found heuristic solution: objective 4847550.0000
Presolve removed 0 rows and 1 columns
Presolve time: 0.00s
Presolved: 75 rows, 1324 columns, 2574 nonzeros
Variable types: 1300 continuous, 24 integer (24 binary)

Root relaxation: objective 8.842675e+04, 127 iterations, 0.00 seconds (0.00 work units)

    Nodes    |    Current Node    |     Objective Bounds      |     Work
 Expl Unexpl |  Obj  Depth IntInf | Incumbent    BestBd   Gap | It/Node Time

     0     0 88426.7538    0   24 4847550.00 88426.7538  98.2%     -    0s
H    0     0                    227451.25379 88426.7538  61.1%     -    0s
H    0     0                    190652.34934 88426.7538  53.6%     -    0s
H    0     0                    184199.57803 88426.7538  52.0%     -    0s
H    0     0                    170982.66125 88426.7538  48.3%     -    0s
H    0     0                    130901.69535 88489.5863  32.4%     -    0s
     0     0 93299.2563    0   13 130901.695 93299.2563  28.7%     -    0s
H    0     0                    112125.50836 93455.8658  16.7%     -    0s
     0     0 93455.8658    0   13 112125.508 93455.8658  16.7%     -    0s
H    0     0                    106003.61995 93455.8658  11.8%     -    0s
H    0     0                    106001.82703 93455.8658  11.8%     -    0s
H    0     0                    99912.748755 93834.7958  6.08%     -    0s
     0     0 93834.7958    0    9 99912.7488 93834.7958  6.08%     -    0s
H    0     0                    98756.928353 93867.9923  4.95%     -    0s
     0     0 93867.9923    0    9 98756.9284 93867.9923  4.95%     -    0s
H    0     0                    98662.809145 94104.0064  4.62%     -    0s
     0     0 94104.0064    0   12 98662.8091 94104.0064  4.62%     -    0s
     0     0 94121.1894    0   12 98662.8091 94121.1894  4.60%     -    0s
     0     0 94121.1894    0   10 98662.8091 94121.1894  4.60%     -    0s
     0     0 94273.3878    0    5 98662.8091 94273.3878  4.45%     -    0s
     0     0 94273.8675    0    6 98662.8091 94273.8675  4.45%     -    0s
     0     0 94314.2803    0    2 98662.8091 94314.2803  4.41%     -    0s
H    0     0                    97812.901682 94314.2803  3.58%     -    0s
     0     0 94314.3934    0    1 97812.9017 94314.3934  3.58%     -    0s
     0     0 94322.4152    0    4 97812.9017 94322.4152  3.57%     -    0s
     0     0 94322.4152    0    4 97812.9017 94322.4152  3.57%     -    0s
H    0     0                    97790.205896 94322.4152  3.55%     -    0s
H    0     0                    97770.606517 94322.4300  3.53%     -    0s
     0     2 94322.4300    0    4 97770.6065 94322.4300  3.53%     -    0s
H  959   458                    97764.134837 94694.4322  3.14%  22.0    0s

Cutting planes:
  Implied bound: 175
  MIR: 5
  Flow cover: 3
  Inf proof: 6
  Relax-and-lift: 2

Explored 4723 nodes (117793 simplex iterations) in 0.42 seconds (0.90 work units)
Thread count was 8 (of 8 available processors)

Solution count 10: 97764.1 97812.9 98662.8 ... 170983

Optimal solution found (tolerance 1.00e-04)
Best objective 9.776413483688e+04, best bound 9.776413483688e+04, gap 0.0000%

User-callback calls 9835, time in user-callback 0.00 sec

Gurobi 12.0.3 (mac64[arm]) logging started Tue Sep 23 15:45:34 2025

Set parameter LogFile to value "Logs/Facility Location Logs/L50/phase1/scenario_generation.log"
Set parameter LogToConsole to value 0

Gurobi 12.0.3 (mac64[arm]) logging started Tue Sep 23 15:45:34 2025

Set parameter LogFile to value "Logs/Facility Location Logs/L50/phase1/scenario_generation.log"
Gurobi Optimizer version 12.0.3 build v12.0.3rc0 (mac64[arm] - Darwin 24.6.0 24G222)

CPU model: Apple M3
Thread count: 8 physical cores, 8 logical processors, using up to 8 threads

Non-default parameters:
LogToConsole  0

Optimize a model with 75 rows, 1325 columns and 2575 nonzeros
Model fingerprint: 0x939ab7a5
Variable types: 1300 continuous, 25 integer (25 binary)
Coefficient statistics:
  Matrix range     [1e+00, 2e+04]
  Objective range  [8e-03, 8e+03]
  Bounds range     [0e+00, 0e+00]
  RHS range        [9e+02, 2e+04]
Found heuristic solution: objective 5206450.0000
Presolve removed 0 rows and 1 columns
Presolve time: 0.00s
Presolved: 75 rows, 1324 columns, 2574 nonzeros
Variable types: 1300 continuous, 24 integer (24 binary)

Root relaxation: objective 1.047128e+05, 153 iterations, 0.00 seconds (0.00 work units)

    Nodes    |    Current Node    |     Objective Bounds      |     Work
 Expl Unexpl |  Obj  Depth IntInf | Incumbent    BestBd   Gap | It/Node Time

     0     0 104712.808    0   23 5206450.00 104712.808  98.0%     -    0s
H    0     0                    240148.30773 104712.808  56.4%     -    0s
H    0     0                    210732.51753 104712.808  50.3%     -    0s
H    0     0                    158748.67593 104712.808  34.0%     -    0s
H    0     0                    151343.52164 104712.808  30.8%     -    0s
H    0     0                    124949.23196 109465.241  12.4%     -    0s
H    0     0                    111859.28284 109465.241  2.14%     -    0s
H    0     0                    111554.21176 109465.241  1.87%     -    0s
     0     0 109465.241    0   11 111554.212 109465.241  1.87%     -    0s
     0     0 109545.618    0   11 111554.212 109545.618  1.80%     -    0s
     0     0 109931.839    0    9 111554.212 109931.839  1.45%     -    0s
H    0     0                    111223.71944 109936.979  1.16%     -    0s
H    0     0                    111062.90576 109936.979  1.01%     -    0s
H    0     0                    110989.43865 109936.979  0.95%     -    0s
     0     0 110109.022    0   10 110989.439 110109.022  0.79%     -    0s
     0     0 110146.451    0    8 110989.439 110146.451  0.76%     -    0s
     0     0 110271.031    0    4 110989.439 110271.031  0.65%     -    0s
     0     0 110272.518    0    4 110989.439 110272.518  0.65%     -    0s
     0     0 110346.936    0    3 110989.439 110346.936  0.58%     -    0s
     0     0 110350.925    0    6 110989.439 110350.925  0.58%     -    0s
     0     0 110361.388    0    6 110989.439 110361.388  0.57%     -    0s
     0     0 110361.388    0    6 110989.439 110361.388  0.57%     -    0s
H    0     0                    110918.12168 110361.388  0.50%     -    0s
H    0     0                    110849.46310 110361.388  0.44%     -    0s
     0     2 110361.406    0    6 110849.463 110361.406  0.44%     -    0s
*   31    21               7    110835.57072 110435.341  0.36%  18.2    0s

Cutting planes:
  Implied bound: 94
  MIR: 7
  Flow cover: 2
  Relax-and-lift: 4

Explored 141 nodes (2935 simplex iterations) in 0.05 seconds (0.08 work units)
Thread count was 8 (of 8 available processors)

Solution count 10: 110836 110849 110989 ... 240148

Optimal solution found (tolerance 1.00e-04)
Best objective 1.108355707196e+05, best bound 1.108355707196e+05, gap 0.0000%

User-callback calls 554, time in user-callback 0.00 sec

Gurobi 12.0.3 (mac64[arm]) logging started Tue Sep 23 15:45:34 2025

Set parameter LogFile to value "Logs/Facility Location Logs/L50/phase1/scenario_generation.log"
Set parameter LogToConsole to value 0

Gurobi 12.0.3 (mac64[arm]) logging started Tue Sep 23 15:45:34 2025

Set parameter LogFile to value "Logs/Facility Location Logs/L50/phase1/scenario_generation.log"
Gurobi Optimizer version 12.0.3 build v12.0.3rc0 (mac64[arm] - Darwin 24.6.0 24G222)

CPU model: Apple M3
Thread count: 8 physical cores, 8 logical processors, using up to 8 threads

Non-default parameters:
LogToConsole  0

Optimize a model with 75 rows, 1325 columns and 2575 nonzeros
Model fingerprint: 0x66a93b07
Variable types: 1300 continuous, 25 integer (25 binary)
Coefficient statistics:
  Matrix range     [1e+00, 2e+04]
  Objective range  [8e-03, 8e+03]
  Bounds range     [0e+00, 0e+00]
  RHS range        [7e+02, 1e+04]
Found heuristic solution: objective 4821150.0000
Presolve removed 0 rows and 1 columns
Presolve time: 0.00s
Presolved: 75 rows, 1324 columns, 2574 nonzeros
Variable types: 1300 continuous, 24 integer (24 binary)

Root relaxation: objective 9.112561e+04, 144 iterations, 0.00 seconds (0.00 work units)

    Nodes    |    Current Node    |     Objective Bounds      |     Work
 Expl Unexpl |  Obj  Depth IntInf | Incumbent    BestBd   Gap | It/Node Time

     0     0 91125.6088    0   24 4821150.00 91125.6088  98.1%     -    0s
H    0     0                    230414.10877 91125.6088  60.5%     -    0s
H    0     0                    193547.99828 91125.6088  52.9%     -    0s
H    0     0                    173426.05238 91125.6088  47.5%     -    0s
H    0     0                    151950.10740 92415.0876  39.2%     -    0s
H    0     0                    149995.87478 95927.7860  36.0%     -    0s
H    0     0                    114730.35236 95927.7860  16.4%     -    0s
H    0     0                    101083.23090 95927.7860  5.10%     -    0s
     0     0 95927.7860    0   11 101083.231 95927.7860  5.10%     -    0s
     0     0 96028.9160    0   11 101083.231 96028.9160  5.00%     -    0s
     0     0 96414.8296    0    5 101083.231 96414.8296  4.62%     -    0s
     0     0 96534.4387    0    6 101083.231 96534.4387  4.50%     -    0s
     0     0 96619.3609    0    6 101083.231 96619.3609  4.42%     -    0s
H    0     0                    101046.44825 96649.4307  4.35%     -    0s
     0     0 96649.4307    0    7 101046.448 96649.4307  4.35%     -    0s
H    0     0                    101028.29007 96743.4907  4.24%     -    0s
     0     0 96743.4907    0    6 101028.290 96743.4907  4.24%     -    0s
     0     0 96746.8144    0    5 101028.290 96746.8144  4.24%     -    0s
     0     0 96799.4974    0    3 101028.290 96799.4974  4.19%     -    0s
     0     0 96804.6654    0    4 101028.290 96804.6654  4.18%     -    0s
     0     0 96804.6654    0    4 101028.290 96804.6654  4.18%     -    0s
H    0     0                    100573.59599 96804.6654  3.75%     -    0s
     0     2 96804.6894    0    4 100573.596 96804.6894  3.75%     -    0s
H   31    62                    100559.42389 96821.5470  3.72%  27.3    0s
H  199   161                    100509.68166 96899.2368  3.59%  19.9    0s
H  415   286                    100478.78305 97000.0687  3.46%  21.2    0s

Cutting planes:
  Implied bound: 133
  MIR: 5
  Flow cover: 3
  Inf proof: 2
  Relax-and-lift: 2

Explored 3756 nodes (91143 simplex iterations) in 0.32 seconds (0.69 work units)
Thread count was 8 (of 8 available processors)

Solution count 10: 100479 100559 101028 ... 230414

Optimal solution found (tolerance 1.00e-04)
Best objective 1.004787830539e+05, best bound 1.004787830539e+05, gap 0.0000%

User-callback calls 7854, time in user-callback 0.00 sec

Gurobi 12.0.3 (mac64[arm]) logging started Tue Sep 23 15:45:34 2025

Set parameter LogFile to value "Logs/Facility Location Logs/L50/phase1/scenario_generation.log"
Set parameter LogToConsole to value 0

Gurobi 12.0.3 (mac64[arm]) logging started Tue Sep 23 15:45:34 2025

Set parameter LogFile to value "Logs/Facility Location Logs/L50/phase1/scenario_generation.log"
Gurobi Optimizer version 12.0.3 build v12.0.3rc0 (mac64[arm] - Darwin 24.6.0 24G222)

CPU model: Apple M3
Thread count: 8 physical cores, 8 logical processors, using up to 8 threads

Non-default parameters:
LogToConsole  0

Optimize a model with 75 rows, 1325 columns and 2575 nonzeros
Model fingerprint: 0x137b2475
Variable types: 1300 continuous, 25 integer (25 binary)
Coefficient statistics:
  Matrix range     [1e+00, 2e+04]
  Objective range  [8e-03, 8e+03]
  Bounds range     [0e+00, 0e+00]
  RHS range        [6e+02, 2e+04]
Found heuristic solution: objective 4568000.0000
Presolve removed 0 rows and 1 columns
Presolve time: 0.00s
Presolved: 75 rows, 1324 columns, 2574 nonzeros
Variable types: 1300 continuous, 24 integer (24 binary)

Root relaxation: objective 9.684884e+04, 125 iterations, 0.00 seconds (0.00 work units)

    Nodes    |    Current Node    |     Objective Bounds      |     Work
 Expl Unexpl |  Obj  Depth IntInf | Incumbent    BestBd   Gap | It/Node Time

     0     0 96848.8436    0   22 4568000.00 96848.8436  97.9%     -    0s
H    0     0                    231168.84357 96848.8436  58.1%     -    0s
H    0     0                    194470.06994 96848.8436  50.2%     -    0s
H    0     0                    194443.46465 96848.8436  50.2%     -    0s
H    0     0                    188397.61287 97031.4069  48.5%     -    0s
H    0     0                    173174.53874 101260.572  41.5%     -    0s
     0     0 101260.572    0    9 173174.539 101260.572  41.5%     -    0s
H    0     0                    160580.57154 101350.315  36.9%     -    0s
H    0     0                    158275.32550 101350.315  36.0%     -    0s
H    0     0                    122399.07020 101350.315  17.2%     -    0s
     0     0 101350.315    0    9 122399.070 101350.315  17.2%     -    0s
H    0     0                    116787.53559 101350.315  13.2%     -    0s
H    0     0                    111649.71386 101350.315  9.22%     -    0s
     0     0 101603.691    0    8 111649.714 101603.691  9.00%     -    0s
     0     0 101661.770    0    7 111649.714 101661.770  8.95%     -    0s
H    0     0                    108557.79878 101661.770  6.35%     -    0s
H    0     0                    108242.82150 101661.770  6.08%     -    0s
H    0     0                    108216.39525 101661.770  6.06%     -    0s
     0     0 101763.481    0    8 108216.395 101763.481  5.96%     -    0s
     0     0 101786.685    0    7 108216.395 101786.685  5.94%     -    0s
     0     0 101912.100    0    4 108216.395 101912.100  5.83%     -    0s
H    0     0                    108084.75419 101966.382  5.66%     -    0s
     0     0 101966.382    0    3 108084.754 101966.382  5.66%     -    0s
     0     0 101967.734    0    1 108084.754 101967.734  5.66%     -    0s
     0     0 101967.828    0    1 108084.754 101967.828  5.66%     -    0s
     0     0 101967.828    0    1 108084.754 101967.828  5.66%     -    0s
H    0     0                    108060.43803 101967.828  5.64%     -    0s
     0     2 101967.853    0    1 108060.438 101967.853  5.64%     -    0s
H   31    61                    108006.80832 101980.384  5.58%  23.4    0s
H  153   140                    107942.89960 102000.374  5.51%  12.9    0s
* 2756   129              10    107799.33028 105181.993  2.43%  23.5    0s
* 2837     0              14    107790.64119 105725.150  1.92%  23.5    0s

Cutting planes:
  Implied bound: 92
  MIR: 7
  Flow cover: 6
  Inf proof: 19
  Relax-and-lift: 5

Explored 2937 nodes (68670 simplex iterations) in 0.26 seconds (0.52 work units)
Thread count was 8 (of 8 available processors)

Solution count 10: 107791 107799 107943 ... 160581

Optimal solution found (tolerance 1.00e-04)
Best objective 1.077906411894e+05, best bound 1.077906411894e+05, gap 0.0000%

User-callback calls 6224, time in user-callback 0.00 sec

Gurobi 12.0.3 (mac64[arm]) logging started Tue Sep 23 15:45:34 2025

Set parameter LogFile to value "Logs/Facility Location Logs/L50/phase1/scenario_generation.log"
Set parameter LogToConsole to value 0

Gurobi 12.0.3 (mac64[arm]) logging started Tue Sep 23 15:45:34 2025

Set parameter LogFile to value "Logs/Facility Location Logs/L50/phase1/scenario_generation.log"
Gurobi Optimizer version 12.0.3 build v12.0.3rc0 (mac64[arm] - Darwin 24.6.0 24G222)

CPU model: Apple M3
Thread count: 8 physical cores, 8 logical processors, using up to 8 threads

Non-default parameters:
LogToConsole  0

Optimize a model with 75 rows, 1325 columns and 2575 nonzeros
Model fingerprint: 0x7a755366
Variable types: 1300 continuous, 25 integer (25 binary)
Coefficient statistics:
  Matrix range     [1e+00, 2e+04]
  Objective range  [8e-03, 8e+03]
  Bounds range     [0e+00, 0e+00]
  RHS range        [8e+02, 8e+03]
Found heuristic solution: objective 4954900.0000
Presolve removed 0 rows and 1 columns
Presolve time: 0.00s
Presolved: 75 rows, 1324 columns, 2574 nonzeros
Variable types: 1300 continuous, 24 integer (24 binary)

Root relaxation: objective 8.417893e+04, 133 iterations, 0.00 seconds (0.00 work units)

    Nodes    |    Current Node    |     Objective Bounds      |     Work
 Expl Unexpl |  Obj  Depth IntInf | Incumbent    BestBd   Gap | It/Node Time

     0     0 84178.9343    0   24 4954900.00 84178.9343  98.3%     -    0s
H    0     0                    222129.93433 84178.9343  62.1%     -    0s
H    0     0                    192573.32365 84178.9343  56.3%     -    0s
H    0     0                    177743.33311 84178.9343  52.6%     -    0s
H    0     0                    170406.81356 84178.9343  50.6%     -    0s
     0     0 89069.6378    0   11 170406.814 89069.6378  47.7%     -    0s
H    0     0                    152020.63784 89157.1873  41.4%     -    0s
H    0     0                    141019.84664 89157.1873  36.8%     -    0s
H    0     0                    106556.48841 89157.1873  16.3%     -    0s
H    0     0                    92991.794874 89157.1873  4.12%     -    0s
     0     0 89157.1873    0   11 92991.7949 89157.1873  4.12%     -    0s
     0     0 89571.6072    0    8 92991.7949 89571.6072  3.68%     -    0s
     0     0 89619.8776    0    7 92991.7949 89619.8776  3.63%     -    0s
     0     0 89619.8776    0    7 92991.7949 89619.8776  3.63%     -    0s
H    0     0                    92984.707635 89843.7136  3.38%     -    0s
     0     0 89843.7136    0   10 92984.7076 89843.7136  3.38%     -    0s
H    0     0                    92609.263721 89885.2732  2.94%     -    0s
     0     0 89885.2732    0   10 92609.2637 89885.2732  2.94%     -    0s
     0     0 89998.1389    0    8 92609.2637 89998.1389  2.82%     -    0s
     0     0 89999.9866    0    8 92609.2637 89999.9866  2.82%     -    0s
     0     0 90036.4001    0    4 92609.2637 90036.4001  2.78%     -    0s
     0     0 90037.1856    0    4 92609.2637 90037.1856  2.78%     -    0s
     0     0 90043.4412    0    5 92609.2637 90043.4412  2.77%     -    0s
     0     0 90043.4481    0    5 92609.2637 90043.4481  2.77%     -    0s
H    0     0                    92518.620773 90043.4481  2.68%     -    0s
     0     2 90043.4481    0    5 92518.6208 90043.4481  2.68%     -    0s

Cutting planes:
  Implied bound: 127
  MIR: 9
  Flow cover: 3
  Relax-and-lift: 4

Explored 3401 nodes (72699 simplex iterations) in 0.37 seconds (0.76 work units)
Thread count was 8 (of 8 available processors)

Solution count 10: 92518.6 92609.3 92991.8 ... 222130

Optimal solution found (tolerance 1.00e-04)
Best objective 9.251862077288e+04, best bound 9.251862077288e+04, gap 0.0000%

User-callback calls 7201, time in user-callback 0.00 sec

Gurobi 12.0.3 (mac64[arm]) logging started Tue Sep 23 15:45:35 2025

Set parameter LogFile to value "Logs/Facility Location Logs/L50/phase1/scenario_generation.log"
Set parameter LogToConsole to value 0

Gurobi 12.0.3 (mac64[arm]) logging started Tue Sep 23 15:45:35 2025

Set parameter LogFile to value "Logs/Facility Location Logs/L50/phase1/scenario_generation.log"
Gurobi Optimizer version 12.0.3 build v12.0.3rc0 (mac64[arm] - Darwin 24.6.0 24G222)

CPU model: Apple M3
Thread count: 8 physical cores, 8 logical processors, using up to 8 threads

Non-default parameters:
LogToConsole  0

Optimize a model with 75 rows, 1325 columns and 2575 nonzeros
Model fingerprint: 0xfd7aa9c8
Variable types: 1300 continuous, 25 integer (25 binary)
Coefficient statistics:
  Matrix range     [1e+00, 2e+04]
  Objective range  [8e-03, 8e+03]
  Bounds range     [0e+00, 0e+00]
  RHS range        [1e+03, 3e+04]
Found heuristic solution: objective 6552100.0000
Presolve removed 0 rows and 1 columns
Presolve time: 0.00s
Presolved: 75 rows, 1324 columns, 2574 nonzeros
Variable types: 1300 continuous, 24 integer (24 binary)

Root relaxation: objective 1.408234e+05, 128 iterations, 0.00 seconds (0.00 work units)

    Nodes    |    Current Node    |     Objective Bounds      |     Work
 Expl Unexpl |  Obj  Depth IntInf | Incumbent    BestBd   Gap | It/Node Time

     0     0 140823.356    0   22 6552100.00 140823.356  97.9%     -    0s
H    0     0                    262802.35596 140823.356  46.4%     -    0s
H    0     0                    226559.93734 140823.356  37.8%     -    0s
H    0     0                    219310.93348 140823.356  35.8%     -    0s
H    0     0                    218781.64236 145442.292  33.5%     -    0s
H    0     0                    182666.95055 145442.292  20.4%     -    0s
H    0     0                    149068.74424 145442.292  2.43%     -    0s
H    0     0                    149039.49569 145442.292  2.41%     -    0s
     0     0 145442.292    0   14 149039.496 145442.292  2.41%     -    0s
     0     0 145548.848    0   13 149039.496 145548.848  2.34%     -    0s
     0     0 145548.848    0   13 149039.496 145548.848  2.34%     -    0s
H    0     0                    148572.04371 145889.247  1.81%     -    0s
     0     0 145889.247    0   12 148572.044 145889.247  1.81%     -    0s
     0     0 145932.549    0   13 148572.044 145932.549  1.78%     -    0s
     0     0 146159.937    0   11 148572.044 146159.937  1.62%     -    0s
H    0     0                    148198.85580 146169.810  1.37%     -    0s
     0     0 146303.421    0    9 148198.856 146303.421  1.28%     -    0s
     0     0 146309.071    0    7 148198.856 146309.071  1.28%     -    0s
     0     0 146310.024    0    7 148198.856 146310.024  1.27%     -    0s
     0     0 146347.750    0    4 148198.856 146347.750  1.25%     -    0s
     0     0 146347.756    0    4 148198.856 146347.756  1.25%     -    0s
H    0     0                    147995.65683 146347.756  1.11%     -    0s
     0     0 146357.906    0    8 147995.657 146357.906  1.11%     -    0s
     0     0 146357.906    0    8 147995.657 146357.906  1.11%     -    0s
     0     2 146357.906    0    8 147995.657 146357.906  1.11%     -    0s

Cutting planes:
  Implied bound: 149
  MIR: 9
  Flow cover: 8
  Relax-and-lift: 5

Explored 4558 nodes (92668 simplex iterations) in 0.35 seconds (0.78 work units)
Thread count was 8 (of 8 available processors)

Solution count 10: 147996 148199 148572 ... 6.5521e+06

Optimal solution found (tolerance 1.00e-04)
Best objective 1.479956568274e+05, best bound 1.479956568274e+05, gap 0.0000%

User-callback calls 9465, time in user-callback 0.00 sec

Gurobi 12.0.3 (mac64[arm]) logging started Tue Sep 23 15:45:35 2025

Set parameter LogFile to value "Logs/Facility Location Logs/L50/phase1/scenario_generation.log"
Set parameter LogToConsole to value 0

Gurobi 12.0.3 (mac64[arm]) logging started Tue Sep 23 15:45:35 2025

Set parameter LogFile to value "Logs/Facility Location Logs/L50/phase1/scenario_generation.log"
Gurobi Optimizer version 12.0.3 build v12.0.3rc0 (mac64[arm] - Darwin 24.6.0 24G222)

CPU model: Apple M3
Thread count: 8 physical cores, 8 logical processors, using up to 8 threads

Non-default parameters:
LogToConsole  0

Optimize a model with 75 rows, 1325 columns and 2575 nonzeros
Model fingerprint: 0x871f895d
Variable types: 1300 continuous, 25 integer (25 binary)
Coefficient statistics:
  Matrix range     [1e+00, 2e+04]
  Objective range  [8e-03, 8e+03]
  Bounds range     [0e+00, 0e+00]
  RHS range        [1e+03, 2e+04]
Found heuristic solution: objective 6085200.0000
Presolve removed 0 rows and 1 columns
Presolve time: 0.00s
Presolved: 75 rows, 1324 columns, 2574 nonzeros
Variable types: 1300 continuous, 24 integer (24 binary)

Root relaxation: objective 1.144879e+05, 134 iterations, 0.00 seconds (0.00 work units)

    Nodes    |    Current Node    |     Objective Bounds      |     Work
 Expl Unexpl |  Obj  Depth IntInf | Incumbent    BestBd   Gap | It/Node Time

     0     0 114487.901    0   23 6085200.00 114487.901  98.1%     -    0s
H    0     0                    241135.90098 114487.901  52.5%     -    0s
H    0     0                    211825.86939 114487.901  46.0%     -    0s
H    0     0                    205378.33281 114487.901  44.3%     -    0s
H    0     0                    198335.99643 114487.901  42.3%     -    0s
H    0     0                    198074.22164 114487.901  42.2%     -    0s
H    0     0                    163026.48889 114487.901  29.8%     -    0s
H    0     0                    127821.53844 114487.901  10.4%     -    0s
     0     0 118896.250    0   11 127821.538 118896.250  6.98%     -    0s
H    0     0                    126193.25633 118981.407  5.71%     -    0s
     0     0 118981.407    0   10 126193.256 118981.407  5.71%     -    0s
H    0     0                    125751.80410 118981.407  5.38%     -    0s
     0     0 119359.899    0   10 125751.804 119359.899  5.08%     -    0s
H    0     0                    125747.40760 119410.687  5.04%     -    0s
H    0     0                    125733.67052 119410.687  5.03%     -    0s
     0     0 119410.687    0   10 125733.671 119410.687  5.03%     -    0s
     0     0 119606.441    0   13 125733.671 119606.441  4.87%     -    0s
     0     0 119617.080    0   12 125733.671 119617.080  4.86%     -    0s
     0     0 119619.118    0   12 125733.671 119619.118  4.86%     -    0s
     0     0 119754.368    0   10 125733.671 119754.368  4.76%     -    0s
     0     0 119756.098    0    8 125733.671 119756.098  4.75%     -    0s
     0     0 119789.659    0    4 125733.671 119789.659  4.73%     -    0s
     0     0 119795.743    0    6 125733.671 119795.743  4.72%     -    0s
     0     0 119795.895    0    8 125733.671 119795.895  4.72%     -    0s
H    0     0                    125719.10962 119817.585  4.69%     -    0s
     0     0 119817.585    0    8 125719.110 119817.585  4.69%     -    0s
     0     0 119817.585    0    8 125719.110 119817.585  4.69%     -    0s
H    0     0                    125452.00593 119817.585  4.49%     -    0s
H    0     0                    125424.40175 119817.593  4.47%     -    0s
     0     2 119817.593    0    8 125424.402 119817.593  4.47%     -    0s
H  123   136                    125410.18077 119863.113  4.42%  12.0    0s
H 3372   854                    125406.21351 120763.675  3.70%  25.2    0s

Cutting planes:
  Implied bound: 200
  MIR: 15
  Flow cover: 3
  Inf proof: 13
  Relax-and-lift: 6

Explored 5617 nodes (147665 simplex iterations) in 0.53 seconds (1.12 work units)
Thread count was 8 (of 8 available processors)

Solution count 10: 125406 125719 126193 ... 241136

Optimal solution found (tolerance 1.00e-04)
Best objective 1.254062135057e+05, best bound 1.254062135057e+05, gap 0.0000%

User-callback calls 11648, time in user-callback 0.00 sec

Gurobi 12.0.3 (mac64[arm]) logging started Tue Sep 23 15:45:36 2025

Set parameter LogFile to value "Logs/Facility Location Logs/L50/phase1/scenario_generation.log"
Set parameter LogToConsole to value 0

Gurobi 12.0.3 (mac64[arm]) logging started Tue Sep 23 15:45:36 2025

Set parameter LogFile to value "Logs/Facility Location Logs/L50/phase1/scenario_generation.log"
Gurobi Optimizer version 12.0.3 build v12.0.3rc0 (mac64[arm] - Darwin 24.6.0 24G222)

CPU model: Apple M3
Thread count: 8 physical cores, 8 logical processors, using up to 8 threads

Non-default parameters:
LogToConsole  0

Optimize a model with 75 rows, 1325 columns and 2575 nonzeros
Model fingerprint: 0x7e29c0d0
Variable types: 1300 continuous, 25 integer (25 binary)
Coefficient statistics:
  Matrix range     [1e+00, 2e+04]
  Objective range  [8e-03, 8e+03]
  Bounds range     [0e+00, 0e+00]
  RHS range        [2e+02, 2e+04]
Found heuristic solution: objective 3610700.0000
Presolve removed 0 rows and 1 columns
Presolve time: 0.00s
Presolved: 75 rows, 1324 columns, 2574 nonzeros
Variable types: 1300 continuous, 24 integer (24 binary)

Root relaxation: objective 7.946017e+04, 122 iterations, 0.00 seconds (0.00 work units)

    Nodes    |    Current Node    |     Objective Bounds      |     Work
 Expl Unexpl |  Obj  Depth IntInf | Incumbent    BestBd   Gap | It/Node Time

     0     0 79460.1744    0   20 3610700.00 79460.1744  97.8%     -    0s
H    0     0                    208353.17436 79460.1744  61.9%     -    0s
H    0     0                    181896.33740 79460.1744  56.3%     -    0s
H    0     0                    181873.93231 79460.1744  56.3%     -    0s
H    0     0                    143310.11026 79460.1744  44.6%     -    0s
     0     0 84724.3637    0    7 143310.110 84724.3637  40.9%     -    0s
H    0     0                    116117.36370 84777.7301  27.0%     -    0s
H    0     0                    107749.27154 84777.7301  21.3%     -    0s
H    0     0                    99960.400404 84777.7301  15.2%     -    0s
H    0     0                    85471.418103 84777.7301  0.81%     -    0s
     0     0 84894.5912    0    7 85471.4181 84894.5912  0.67%     -    0s
     0     0 85117.8397    0    2 85471.4181 85117.8397  0.41%     -    0s
     0     0 85471.4181    0    1 85471.4181 85471.4181  0.00%     -    0s

Cutting planes:
  Implied bound: 53
  Flow cover: 11
  Relax-and-lift: 2

Explored 1 nodes (273 simplex iterations) in 0.01 seconds (0.02 work units)
Thread count was 8 (of 8 available processors)

Solution count 8: 85471.4 99960.4 107749 ... 3.6107e+06

Optimal solution found (tolerance 1.00e-04)
Best objective 8.547141810281e+04, best bound 8.547141810281e+04, gap 0.0000%

User-callback calls 212, time in user-callback 0.00 sec

Gurobi 12.0.3 (mac64[arm]) logging started Tue Sep 23 15:45:36 2025

Set parameter LogFile to value "Logs/Facility Location Logs/L50/phase1/scenario_generation.log"
Set parameter LogToConsole to value 0

Gurobi 12.0.3 (mac64[arm]) logging started Tue Sep 23 15:45:36 2025

Set parameter LogFile to value "Logs/Facility Location Logs/L50/phase1/scenario_generation.log"
Gurobi Optimizer version 12.0.3 build v12.0.3rc0 (mac64[arm] - Darwin 24.6.0 24G222)

CPU model: Apple M3
Thread count: 8 physical cores, 8 logical processors, using up to 8 threads

Non-default parameters:
LogToConsole  0

Optimize a model with 75 rows, 1325 columns and 2575 nonzeros
Model fingerprint: 0xc64f4d08
Variable types: 1300 continuous, 25 integer (25 binary)
Coefficient statistics:
  Matrix range     [1e+00, 2e+04]
  Objective range  [8e-03, 8e+03]
  Bounds range     [0e+00, 0e+00]
  RHS range        [5e+02, 2e+04]
Found heuristic solution: objective 4386050.0000
Presolve removed 0 rows and 1 columns
Presolve time: 0.00s
Presolved: 75 rows, 1324 columns, 2574 nonzeros
Variable types: 1300 continuous, 24 integer (24 binary)

Root relaxation: objective 9.733589e+04, 124 iterations, 0.00 seconds (0.00 work units)

    Nodes    |    Current Node    |     Objective Bounds      |     Work
 Expl Unexpl |  Obj  Depth IntInf | Incumbent    BestBd   Gap | It/Node Time

     0     0 97335.8874    0   22 4386050.00 97335.8874  97.8%     -    0s
H    0     0                    233475.38743 97335.8874  58.3%     -    0s
H    0     0                    189448.37590 97335.8874  48.6%     -    0s
H    0     0                    189399.24774 97335.8874  48.6%     -    0s
H    0     0                    132867.55748 97335.8874  26.7%     -    0s
     0     0 101735.475    0    9 132867.557 101735.475  23.4%     -    0s
H    0     0                    126972.81089 101819.670  19.8%     -    0s
H    0     0                    121421.59986 101819.670  16.1%     -    0s
     0     0 101819.670    0    9 121421.600 101819.670  16.1%     -    0s
H    0     0                    115024.20160 101819.670  11.5%     -    0s
     0     0 102013.924    0    7 115024.202 102013.924  11.3%     -    0s
     0     0 102062.975    0    7 115024.202 102062.975  11.3%     -    0s
H    0     0                    112120.43543 102062.975  8.97%     -    0s
H    0     0                    105160.05098 102062.975  2.95%     -    0s
H    0     0                    105151.45094 102062.975  2.94%     -    0s
H    0     0                    103764.06395 102084.553  1.62%     -    0s
     0     0 102084.553    0    8 103764.064 102084.553  1.62%     -    0s
H    0     0                    103330.89432 102155.914  1.14%     -    0s
     0     0 102155.914    0   10 103330.894 102155.914  1.14%     -    0s
     0     0 102158.322    0   11 103330.894 102158.322  1.13%     -    0s
     0     0 102158.473    0   10 103330.894 102158.473  1.13%     -    0s
     0     0 102277.210    0    4 103330.894 102277.210  1.02%     -    0s
H    0     0                    103307.68863 102277.210  1.00%     -    0s
     0     0 102384.975    0    3 103307.689 102384.975  0.89%     -    0s
H    0     0                    103290.15595 102385.686  0.88%     -    0s
     0     0 102385.686    0    3 103290.156 102385.686  0.88%     -    0s
     0     0 102389.495    0    3 103290.156 102389.495  0.87%     -    0s
     0     0 102389.495    0    3 103290.156 102389.495  0.87%     -    0s
     0     2 102389.523    0    3 103290.156 102389.523  0.87%     -    0s

Cutting planes:
  Implied bound: 87
  MIR: 5
  Flow cover: 5
  Relax-and-lift: 5

Explored 41 nodes (1343 simplex iterations) in 0.06 seconds (0.08 work units)
Thread count was 8 (of 8 available processors)

Solution count 10: 103290 103308 103331 ... 132868

Optimal solution found (tolerance 1.00e-04)
Best objective 1.032901559537e+05, best bound 1.032901559537e+05, gap 0.0000%

User-callback calls 366, time in user-callback 0.00 sec

Gurobi 12.0.3 (mac64[arm]) logging started Tue Sep 23 15:45:36 2025

Set parameter LogFile to value "Logs/Facility Location Logs/L50/phase1/scenario_generation.log"
Set parameter LogToConsole to value 0

Gurobi 12.0.3 (mac64[arm]) logging started Tue Sep 23 15:45:36 2025

Set parameter LogFile to value "Logs/Facility Location Logs/L50/phase1/scenario_generation.log"
Gurobi Optimizer version 12.0.3 build v12.0.3rc0 (mac64[arm] - Darwin 24.6.0 24G222)

CPU model: Apple M3
Thread count: 8 physical cores, 8 logical processors, using up to 8 threads

Non-default parameters:
LogToConsole  0

Optimize a model with 75 rows, 1325 columns and 2575 nonzeros
Model fingerprint: 0x6cabf23e
Variable types: 1300 continuous, 25 integer (25 binary)
Coefficient statistics:
  Matrix range     [1e+00, 2e+04]
  Objective range  [8e-03, 8e+03]
  Bounds range     [0e+00, 0e+00]
  RHS range        [1e+03, 2e+04]
Found heuristic solution: objective 6090950.0000
Presolve removed 0 rows and 1 columns
Presolve time: 0.00s
Presolved: 75 rows, 1324 columns, 2574 nonzeros
Variable types: 1300 continuous, 24 integer (24 binary)

Root relaxation: objective 1.227150e+05, 131 iterations, 0.00 seconds (0.00 work units)

    Nodes    |    Current Node    |     Objective Bounds      |     Work
 Expl Unexpl |  Obj  Depth IntInf | Incumbent    BestBd   Gap | It/Node Time

     0     0 122715.000    0   23 6090950.00 122715.000  98.0%     -    0s
H    0     0                    249305.50022 122715.000  50.8%     -    0s
H    0     0                    212771.57021 122715.000  42.3%     -    0s
H    0     0                    205316.30491 122715.000  40.2%     -    0s
H    0     0                    202832.31218 122715.000  39.5%     -    0s
H    0     0                    168416.55866 127514.414  24.3%     -    0s
H    0     0                    134962.73818 127514.414  5.52%     -    0s
     0     0 127514.414    0   13 134962.738 127514.414  5.52%     -    0s
H    0     0                    134735.83421 127558.727  5.33%     -    0s
     0     0 127558.727    0   10 134735.834 127558.727  5.33%     -    0s
H    0     0                    134392.76990 127558.727  5.09%     -    0s
     0     0 128060.653    0   11 134392.770 128060.653  4.71%     -    0s
     0     0 128063.391    0   12 134392.770 128063.391  4.71%     -    0s
     0     0 128245.115    0   12 134392.770 128245.115  4.57%     -    0s
     0     0 128250.964    0   12 134392.770 128250.964  4.57%     -    0s
H    0     0                    134195.79406 128250.964  4.43%     -    0s
     0     0 128398.460    0    7 134195.794 128398.460  4.32%     -    0s
     0     0 128399.972    0    6 134195.794 128399.972  4.32%     -    0s
     0     0 128438.049    0    4 134195.794 128438.049  4.29%     -    0s
     0     0 128439.455    0    5 134195.794 128439.455  4.29%     -    0s
     0     0 128452.825    0    6 134195.794 128452.825  4.28%     -    0s
     0     0 128452.825    0    6 134195.794 128452.825  4.28%     -    0s
H    0     0                    134079.03658 128452.838  4.20%     -    0s
     0     2 128452.838    0    6 134079.037 128452.838  4.20%     -    0s
H  135   146                    134078.75764 128581.810  4.10%  12.6    0s
H  170   146                    133917.72156 128581.810  3.98%  16.8    0s
H  681   411                    133876.94844 128712.738  3.86%  23.4    0s
* 1448   542               6    133820.20396 128904.622  3.67%  24.9    0s

Cutting planes:
  Implied bound: 137
  MIR: 9
  Flow cover: 4
  Inf proof: 9
  Relax-and-lift: 9

Explored 2030 nodes (52826 simplex iterations) in 0.21 seconds (0.41 work units)
Thread count was 8 (of 8 available processors)

Solution count 10: 133820 133877 134079 ... 249306

Optimal solution found (tolerance 1.00e-04)
Best objective 1.338202039648e+05, best bound 1.338202039648e+05, gap 0.0000%

User-callback calls 4390, time in user-callback 0.00 sec

Gurobi 12.0.3 (mac64[arm]) logging started Tue Sep 23 15:45:36 2025

Set parameter LogFile to value "Logs/Facility Location Logs/L50/phase1/scenario_generation.log"
Set parameter LogToConsole to value 0

Gurobi 12.0.3 (mac64[arm]) logging started Tue Sep 23 15:45:36 2025

Set parameter LogFile to value "Logs/Facility Location Logs/L50/phase1/scenario_generation.log"
Gurobi Optimizer version 12.0.3 build v12.0.3rc0 (mac64[arm] - Darwin 24.6.0 24G222)

CPU model: Apple M3
Thread count: 8 physical cores, 8 logical processors, using up to 8 threads

Non-default parameters:
LogToConsole  0

Optimize a model with 75 rows, 1325 columns and 2575 nonzeros
Model fingerprint: 0x771b874e
Variable types: 1300 continuous, 25 integer (25 binary)
Coefficient statistics:
  Matrix range     [1e+00, 2e+04]
  Objective range  [8e-03, 8e+03]
  Bounds range     [0e+00, 0e+00]
  RHS range        [1e+03, 8e+03]
Found heuristic solution: objective 5022600.0000
Presolve removed 0 rows and 1 columns
Presolve time: 0.00s
Presolved: 75 rows, 1324 columns, 2574 nonzeros
Variable types: 1300 continuous, 24 integer (24 binary)

Root relaxation: objective 7.895480e+04, 111 iterations, 0.00 seconds (0.00 work units)

    Nodes    |    Current Node    |     Objective Bounds      |     Work
 Expl Unexpl |  Obj  Depth IntInf | Incumbent    BestBd   Gap | It/Node Time

     0     0 78954.7981    0   24 5022600.00 78954.7981  98.4%     -    0s
H    0     0                    216228.79809 78954.7981  63.5%     -    0s
H    0     0                    186860.71132 78954.7981  57.7%     -    0s
H    0     0                    158700.14962 78954.7981  50.2%     -    0s
H    0     0                    156263.77437 78954.7981  49.5%     -    0s
H    0     0                    135998.36849 78954.7981  41.9%     -    0s
H    0     0                    101519.75861 84086.7024  17.2%     -    0s
H    0     0                    101374.84070 84086.7024  17.1%     -    0s
     0     0 84086.7024    0   11 101374.841 84086.7024  17.1%     -    0s
H    0     0                    87703.743864 84157.9605  4.04%     -    0s
     0     0 84157.9605    0   10 87703.7439 84157.9605  4.04%     -    0s
     0     0 84616.2434    0   11 87703.7439 84616.2434  3.52%     -    0s
     0     0 84671.8614    0   10 87703.7439 84671.8614  3.46%     -    0s
H    0     0                    87048.693537 84706.2698  2.69%     -    0s
     0     0 84706.2698    0    9 87048.6935 84706.2698  2.69%     -    0s
     0     0 84708.8694    0   10 87048.6935 84708.8694  2.69%     -    0s
     0     0 84708.9385    0   10 87048.6935 84708.9385  2.69%     -    0s
     0     0 84953.8909    0   12 87048.6935 84953.8909  2.41%     -    0s
H    0     0                    86906.621228 84961.2597  2.24%     -    0s
     0     0 84961.2597    0   11 86906.6212 84961.2597  2.24%     -    0s
     0     0 85062.0232    0    8 86906.6212 85062.0232  2.12%     -    0s
     0     0 85066.3594    0    7 86906.6212 85066.3594  2.12%     -    0s
     0     0 85098.8477    0    7 86906.6212 85098.8477  2.08%     -    0s
     0     0 85122.3286    0    8 86906.6212 85122.3286  2.05%     -    0s
     0     0 85128.6277    0    4 86906.6212 85128.6277  2.05%     -    0s
     0     0 85131.6295    0    4 86906.6212 85131.6295  2.04%     -    0s
     0     0 85164.4671    0    4 86906.6212 85164.4671  2.00%     -    0s
     0     0 85166.0298    0    3 86906.6212 85166.0298  2.00%     -    0s
     0     0 85203.5650    0    4 86906.6212 85203.5650  1.96%     -    0s
     0     0 85203.7561    0    4 86906.6212 85203.7561  1.96%     -    0s
     0     2 85203.7580    0    4 86906.6212 85203.7580  1.96%     -    0s

Cutting planes:
  Implied bound: 154
  MIR: 10
  Flow cover: 4
  Relax-and-lift: 7

Explored 3378 nodes (77533 simplex iterations) in 0.37 seconds (0.78 work units)
Thread count was 8 (of 8 available processors)

Solution count 10: 86906.6 87048.7 87703.7 ... 216229

Optimal solution found (tolerance 1.00e-04)
Best objective 8.690662122788e+04, best bound 8.690662122788e+04, gap 0.0000%

User-callback calls 7179, time in user-callback 0.00 sec

Gurobi 12.0.3 (mac64[arm]) logging started Tue Sep 23 15:45:36 2025

Set parameter LogFile to value "Logs/Facility Location Logs/L50/phase1/scenario_generation.log"
Set parameter LogToConsole to value 0

Gurobi 12.0.3 (mac64[arm]) logging started Tue Sep 23 15:45:36 2025

Set parameter LogFile to value "Logs/Facility Location Logs/L50/phase1/scenario_generation.log"
Gurobi Optimizer version 12.0.3 build v12.0.3rc0 (mac64[arm] - Darwin 24.6.0 24G222)

CPU model: Apple M3
Thread count: 8 physical cores, 8 logical processors, using up to 8 threads

Non-default parameters:
LogToConsole  0

Optimize a model with 75 rows, 1325 columns and 2575 nonzeros
Model fingerprint: 0x8e8a2547
Variable types: 1300 continuous, 25 integer (25 binary)
Coefficient statistics:
  Matrix range     [1e+00, 2e+04]
  Objective range  [8e-03, 8e+03]
  Bounds range     [0e+00, 0e+00]
  RHS range        [1e+03, 2e+04]
Found heuristic solution: objective 6240100.0000
Presolve removed 0 rows and 1 columns
Presolve time: 0.00s
Presolved: 75 rows, 1324 columns, 2574 nonzeros
Variable types: 1300 continuous, 24 integer (24 binary)

Root relaxation: objective 1.197580e+05, 122 iterations, 0.00 seconds (0.00 work units)

    Nodes    |    Current Node    |     Objective Bounds      |     Work
 Expl Unexpl |  Obj  Depth IntInf | Incumbent    BestBd   Gap | It/Node Time

     0     0 119757.962    0   23 6240100.00 119757.962  98.1%     -    0s
H    0     0                    244856.96159 119757.962  51.1%     -    0s
H    0     0                    215728.58544 119757.962  44.5%     -    0s
H    0     0                    208457.38447 119757.962  42.6%     -    0s
H    0     0                    194209.85948 119757.962  38.3%     -    0s
H    0     0                    164012.31379 124490.114  24.1%     -    0s
H    0     0                    138363.27885 124490.114  10.0%     -    0s
     0     0 124490.114    0   10 138363.279 124490.114  10.0%     -    0s
H    0     0                    129995.77191 124550.363  4.19%     -    0s
     0     0 124550.363    0   10 129995.772 124550.363  4.19%     -    0s
     0     0 124959.618    0    9 129995.772 124959.618  3.87%     -    0s
     0     0 125007.740    0   10 129995.772 125007.740  3.84%     -    0s
     0     0 125171.310    0    7 129995.772 125171.310  3.71%     -    0s
     0     0 125190.564    0    9 129995.772 125190.564  3.70%     -    0s
     0     0 125196.089    0    8 129995.772 125196.089  3.69%     -    0s
     0     0 125196.102    0    8 129995.772 125196.102  3.69%     -    0s
     0     0 125283.079    0    8 129995.772 125283.079  3.63%     -    0s
     0     0 125286.472    0    7 129995.772 125286.472  3.62%     -    0s
     0     0 125325.215    0    9 129995.772 125325.215  3.59%     -    0s
     0     0 125327.516    0    7 129995.772 125327.516  3.59%     -    0s
H    0     0                    129580.06304 125327.516  3.28%     -    0s
     0     0 125348.499    0    7 129580.063 125348.499  3.27%     -    0s
     0     0 125351.465    0    6 129580.063 125351.465  3.26%     -    0s
     0     0 125354.109    0    5 129580.063 125354.109  3.26%     -    0s
     0     0 125356.135    0    5 129580.063 125356.135  3.26%     -    0s
     0     0 125362.893    0    6 129580.063 125362.893  3.25%     -    0s
     0     0 125362.990    0    6 129580.063 125362.990  3.25%     -    0s
     0     2 125362.990    0    6 129580.063 125362.990  3.25%     -    0s
*  740   385               9    129568.66607 125547.202  3.10%  26.4    0s
* 1224   453               9    129533.09595 125746.710  2.92%  26.7    0s

Cutting planes:
  Implied bound: 171
  MIR: 23
  Flow cover: 4
  Inf proof: 11
  Relax-and-lift: 5

Explored 3524 nodes (106208 simplex iterations) in 0.41 seconds (0.89 work units)
Thread count was 8 (of 8 available processors)

Solution count 10: 129533 129569 129580 ... 244857

Optimal solution found (tolerance 1.00e-04)
Best objective 1.295330959545e+05, best bound 1.295330959545e+05, gap 0.0000%

User-callback calls 7426, time in user-callback 0.00 sec

Gurobi 12.0.3 (mac64[arm]) logging started Tue Sep 23 15:45:37 2025

Set parameter LogFile to value "Logs/Facility Location Logs/L50/phase1/scenario_generation.log"
Set parameter LogToConsole to value 0

Gurobi 12.0.3 (mac64[arm]) logging started Tue Sep 23 15:45:37 2025

Set parameter LogFile to value "Logs/Facility Location Logs/L50/phase1/scenario_generation.log"
Gurobi Optimizer version 12.0.3 build v12.0.3rc0 (mac64[arm] - Darwin 24.6.0 24G222)

CPU model: Apple M3
Thread count: 8 physical cores, 8 logical processors, using up to 8 threads

Non-default parameters:
LogToConsole  0

Optimize a model with 75 rows, 1325 columns and 2575 nonzeros
Model fingerprint: 0xef48da34
Variable types: 1300 continuous, 25 integer (25 binary)
Coefficient statistics:
  Matrix range     [1e+00, 2e+04]
  Objective range  [8e-03, 8e+03]
  Bounds range     [0e+00, 0e+00]
  RHS range        [1e+03, 2e+04]
Found heuristic solution: objective 5689800.0000
Presolve removed 0 rows and 1 columns
Presolve time: 0.00s
Presolved: 75 rows, 1324 columns, 2574 nonzeros
Variable types: 1300 continuous, 24 integer (24 binary)

Root relaxation: objective 1.077852e+05, 118 iterations, 0.00 seconds (0.00 work units)

    Nodes    |    Current Node    |     Objective Bounds      |     Work
 Expl Unexpl |  Obj  Depth IntInf | Incumbent    BestBd   Gap | It/Node Time

     0     0 107785.186    0   23 5689800.00 107785.186  98.1%     -    0s
H    0     0                    238387.18629 107785.186  54.8%     -    0s
H    0     0                    223634.12725 107785.186  51.8%     -    0s
H    0     0                    220720.93675 107785.186  51.2%     -    0s
H    0     0                    189039.69713 107785.186  43.0%     -    0s
H    0     0                    174524.94000 107785.186  38.2%     -    0s
     0     0 112658.175    0   11 174524.940 112658.175  35.4%     -    0s
H    0     0                    165555.34024 112680.541  31.9%     -    0s
H    0     0                    158245.76177 112680.541  28.8%     -    0s
H    0     0                    123915.67058 112680.541  9.07%     -    0s
H    0     0                    118475.14865 112680.541  4.89%     -    0s
H    0     0                    116777.59814 112680.541  3.51%     -    0s
     0     0 112680.541    0   11 116777.598 112680.541  3.51%     -    0s
     0     0 113106.411    0    9 116777.598 113106.411  3.14%     -    0s
     0     0 113169.837    0   10 116777.598 113169.837  3.09%     -    0s
     0     0 113169.837    0    9 116777.598 113169.837  3.09%     -    0s
     0     0 113358.338    0   10 116777.598 113358.338  2.93%     -    0s
H    0     0                    116571.15105 113373.634  2.74%     -    0s
     0     0 113373.634    0   10 116571.151 113373.634  2.74%     -    0s
H    0     0                    116431.17111 113473.859  2.54%     -    0s
H    0     0                    116043.73976 113473.859  2.21%     -    0s
     0     0 113473.859    0   10 116043.740 113473.859  2.21%     -    0s
     0     0 113484.055    0   10 116043.740 113484.055  2.21%     -    0s
     0     0 113486.294    0    8 116043.740 113486.294  2.20%     -    0s
     0     0 113516.321    0    5 116043.740 113516.321  2.18%     -    0s
H    0     0                    116013.05746 113516.461  2.15%     -    0s
     0     0 113516.547    0    3 116013.057 113516.547  2.15%     -    0s
     0     0 113527.739    0    4 116013.057 113527.739  2.14%     -    0s
     0     0 113541.564    0    4 116013.057 113541.564  2.13%     -    0s
     0     0 113546.986    0    7 116013.057 113546.986  2.13%     -    0s
     0     0 113546.986    0    7 116013.057 113546.986  2.13%     -    0s
     0     2 113546.986    0    7 116013.057 113546.986  2.13%     -    0s

Cutting planes:
  Implied bound: 162
  MIR: 14
  Flow cover: 2
  Relax-and-lift: 7

Explored 7257 nodes (166997 simplex iterations) in 0.64 seconds (1.36 work units)
Thread count was 8 (of 8 available processors)

Solution count 10: 116013 116044 116571 ... 220721

Optimal solution found (tolerance 1.00e-04)
Best objective 1.160130574581e+05, best bound 1.160130574581e+05, gap 0.0000%

User-callback calls 14950, time in user-callback 0.00 sec

Gurobi 12.0.3 (mac64[arm]) logging started Tue Sep 23 15:45:37 2025

Set parameter LogFile to value "Logs/Facility Location Logs/L50/phase1/scenario_generation.log"
Set parameter LogToConsole to value 0

Gurobi 12.0.3 (mac64[arm]) logging started Tue Sep 23 15:45:37 2025

Set parameter LogFile to value "Logs/Facility Location Logs/L50/phase1/scenario_generation.log"
Gurobi Optimizer version 12.0.3 build v12.0.3rc0 (mac64[arm] - Darwin 24.6.0 24G222)

CPU model: Apple M3
Thread count: 8 physical cores, 8 logical processors, using up to 8 threads

Non-default parameters:
LogToConsole  0

Optimize a model with 75 rows, 1325 columns and 2575 nonzeros
Model fingerprint: 0xeb74af80
Variable types: 1300 continuous, 25 integer (25 binary)
Coefficient statistics:
  Matrix range     [1e+00, 2e+04]
  Objective range  [8e-03, 8e+03]
  Bounds range     [0e+00, 0e+00]
  RHS range        [9e+02, 2e+04]
Found heuristic solution: objective 5480700.0000
Presolve removed 0 rows and 1 columns
Presolve time: 0.00s
Presolved: 75 rows, 1324 columns, 2574 nonzeros
Variable types: 1300 continuous, 24 integer (24 binary)

Root relaxation: objective 1.043087e+05, 171 iterations, 0.00 seconds (0.00 work units)

    Nodes    |    Current Node    |     Objective Bounds      |     Work
 Expl Unexpl |  Obj  Depth IntInf | Incumbent    BestBd   Gap | It/Node Time

     0     0 104308.661    0   23 5480700.00 104308.661  98.1%     -    0s
H    0     0                    237001.66076 104308.661  56.0%     -    0s
H    0     0                    200665.65007 104308.661  48.0%     -    0s
H    0     0                    172751.53125 104308.661  39.6%     -    0s
H    0     0                    158472.97385 109330.056  31.0%     -    0s
H    0     0                    124804.91632 109330.056  12.4%     -    0s
     0     0 109330.056    0   11 124804.916 109330.056  12.4%     -    0s
H    0     0                    115321.53379 109433.537  5.11%     -    0s
     0     0 109433.537    0   11 115321.534 109433.537  5.11%     -    0s
     0     0 109766.588    0    9 115321.534 109766.588  4.82%     -    0s
H    0     0                    115257.59207 109808.504  4.73%     -    0s
     0     0 109837.701    0    8 115257.592 109837.701  4.70%     -    0s
     0     0 109947.316    0    9 115257.592 109947.316  4.61%     -    0s
     0     0 109982.390    0    8 115257.592 109982.390  4.58%     -    0s
     0     0 109982.390    0    8 115257.592 109982.390  4.58%     -    0s
     0     0 109982.390    0    7 115257.592 109982.390  4.58%     -    0s
     0     0 110070.932    0    6 115257.592 110070.932  4.50%     -    0s
H    0     0                    115172.53901 110070.932  4.43%     -    0s
     0     0 110101.365    0    6 115172.539 110101.365  4.40%     -    0s
     0     0 110101.365    0    6 115172.539 110101.365  4.40%     -    0s
H    0     0                    114326.29705 110101.365  3.70%     -    0s
H    0     0                    114254.16908 110101.365  3.63%     -    0s
     0     2 110101.384    0    6 114254.169 110101.384  3.63%     -    0s
H 1554   483                    114252.40849 111397.564  2.50%  20.9    0s
* 1705   496               8    114252.24400 111503.888  2.41%  20.9    0s

Cutting planes:
  Implied bound: 129
  MIR: 5
  Flow cover: 2
  Inf proof: 12
  Relax-and-lift: 9

Explored 3692 nodes (81357 simplex iterations) in 0.34 seconds (0.73 work units)
Thread count was 8 (of 8 available processors)

Solution count 9: 114252 114326 115322 ... 5.4807e+06

Optimal solution found (tolerance 1.00e-04)
Best objective 1.142522440009e+05, best bound 1.142522440009e+05, gap 0.0000%

User-callback calls 7727, time in user-callback 0.00 sec

Gurobi 12.0.3 (mac64[arm]) logging started Tue Sep 23 15:45:38 2025

Set parameter LogFile to value "Logs/Facility Location Logs/L50/phase1/scenario_generation.log"
Set parameter LogToConsole to value 0

Gurobi 12.0.3 (mac64[arm]) logging started Tue Sep 23 15:45:38 2025

Set parameter LogFile to value "Logs/Facility Location Logs/L50/phase1/scenario_generation.log"
Gurobi Optimizer version 12.0.3 build v12.0.3rc0 (mac64[arm] - Darwin 24.6.0 24G222)

CPU model: Apple M3
Thread count: 8 physical cores, 8 logical processors, using up to 8 threads

Non-default parameters:
LogToConsole  0

Optimize a model with 75 rows, 1325 columns and 2575 nonzeros
Model fingerprint: 0x03b8afd2
Variable types: 1300 continuous, 25 integer (25 binary)
Coefficient statistics:
  Matrix range     [1e+00, 2e+04]
  Objective range  [8e-03, 8e+03]
  Bounds range     [0e+00, 0e+00]
  RHS range        [1e+03, 8e+03]
Found heuristic solution: objective 5787150.0000
Presolve removed 0 rows and 1 columns
Presolve time: 0.00s
Presolved: 75 rows, 1324 columns, 2574 nonzeros
Variable types: 1300 continuous, 24 integer (24 binary)

Root relaxation: objective 8.208594e+04, 99 iterations, 0.00 seconds (0.00 work units)

    Nodes    |    Current Node    |     Objective Bounds      |     Work
 Expl Unexpl |  Obj  Depth IntInf | Incumbent    BestBd   Gap | It/Node Time

     0     0 82085.9357    0   24 5787150.00 82085.9357  98.6%     -    0s
H    0     0                    211714.43570 82085.9357  61.2%     -    0s
H    0     0                    189642.27642 82085.9357  56.7%     -    0s
H    0     0                    175568.53405 82085.9357  53.2%     -    0s
H    0     0                    173084.50937 82085.9357  52.6%     -    0s
H    0     0                    168448.83274 82735.4815  50.9%     -    0s
H    0     0                    168065.25458 86910.5123  48.3%     -    0s
H    0     0                    131497.44516 86910.5123  33.9%     -    0s
H    0     0                    96944.758386 86910.5123  10.4%     -    0s
H    0     0                    90210.708262 86910.5123  3.66%     -    0s
     0     0 86910.5123    0   12 90210.7083 86910.5123  3.66%     -    0s
     0     0 87009.4911    0   11 90210.7083 87009.4911  3.55%     -    0s
H    0     0                    90190.857945 87009.4911  3.53%     -    0s
     0     0 87446.7864    0   12 90190.8579 87446.7864  3.04%     -    0s
     0     0 87501.0488    0   12 90190.8579 87501.0488  2.98%     -    0s
     0     0 87645.6739    0   13 90190.8579 87645.6739  2.82%     -    0s
     0     0 87660.7635    0   11 90190.8579 87660.7635  2.81%     -    0s
     0     0 87685.7020    0   10 90190.8579 87685.7020  2.78%     -    0s
     0     0 87686.1166    0   10 90190.8579 87686.1166  2.78%     -    0s
H    0     0                    90027.004933 87686.1166  2.60%     -    0s
     0     0 87744.0374    0   10 90027.0049 87744.0374  2.54%     -    0s
H    0     0                    89488.816445 87745.8089  1.95%     -    0s
     0     0 87745.8089    0    8 89488.8164 87745.8089  1.95%     -    0s
     0     0 87786.6274    0    8 89488.8164 87786.6274  1.90%     -    0s
     0     0 87787.8349    0    7 89488.8164 87787.8349  1.90%     -    0s
     0     0 87800.8072    0    9 89488.8164 87800.8072  1.89%     -    0s
     0     0 87801.0026    0    9 89488.8164 87801.0026  1.89%     -    0s
     0     2 87801.0027    0    9 89488.8164 87801.0027  1.89%     -    0s

Cutting planes:
  Implied bound: 185
  MIR: 14
  Flow cover: 12
  Relax-and-lift: 8

Explored 7673 nodes (164925 simplex iterations) in 0.76 seconds (1.62 work units)
Thread count was 8 (of 8 available processors)

Solution count 10: 89488.8 90027 90190.9 ... 175569

Optimal solution found (tolerance 1.00e-04)
Best objective 8.948881644469e+04, best bound 8.948881644469e+04, gap 0.0000%

User-callback calls 15810, time in user-callback 0.00 sec

Gurobi 12.0.3 (mac64[arm]) logging started Tue Sep 23 15:45:38 2025

Set parameter LogFile to value "Logs/Facility Location Logs/L50/phase1/scenario_generation.log"
Set parameter LogToConsole to value 0

Gurobi 12.0.3 (mac64[arm]) logging started Tue Sep 23 15:45:38 2025

Set parameter LogFile to value "Logs/Facility Location Logs/L50/phase1/scenario_generation.log"
Gurobi Optimizer version 12.0.3 build v12.0.3rc0 (mac64[arm] - Darwin 24.6.0 24G222)

CPU model: Apple M3
Thread count: 8 physical cores, 8 logical processors, using up to 8 threads

Non-default parameters:
LogToConsole  0

Optimize a model with 75 rows, 1325 columns and 2575 nonzeros
Model fingerprint: 0x246239d3
Variable types: 1300 continuous, 25 integer (25 binary)
Coefficient statistics:
  Matrix range     [1e+00, 2e+04]
  Objective range  [8e-03, 8e+03]
  Bounds range     [0e+00, 0e+00]
  RHS range        [7e+02, 1e+04]
Found heuristic solution: objective 4889550.0000
Presolve removed 0 rows and 1 columns
Presolve time: 0.00s
Presolved: 75 rows, 1324 columns, 2574 nonzeros
Variable types: 1300 continuous, 24 integer (24 binary)

Root relaxation: objective 9.459477e+04, 174 iterations, 0.00 seconds (0.00 work units)

    Nodes    |    Current Node    |     Objective Bounds      |     Work
 Expl Unexpl |  Obj  Depth IntInf | Incumbent    BestBd   Gap | It/Node Time

     0     0 94594.7724    0   23 4889550.00 94594.7724  98.1%     -    0s
H    0     0                    225699.27245 94594.7724  58.1%     -    0s
H    0     0                    203606.14120 94594.7724  53.5%     -    0s
H    0     0                    182109.87130 94594.7724  48.1%     -    0s
H    0     0                    178610.46786 94594.7724  47.0%     -    0s
H    0     0                    148035.17408 94672.5529  36.0%     -    0s
H    0     0                    117632.49941 99129.4709  15.7%     -    0s
     0     0 99129.4709    0   12 117632.499 99129.4709  15.7%     -    0s
H    0     0                    117631.16259 99231.5659  15.6%     -    0s
H    0     0                    110600.31593 99231.5659  10.3%     -    0s
     0     0 99231.5659    0   12 110600.316 99231.5659  10.3%     -    0s
     0     0 99633.5739    0    7 110600.316 99633.5739  9.92%     -    0s
H    0     0                    110576.40321 99663.9619  9.87%     -    0s
H    0     0                    103794.06509 99663.9619  3.98%     -    0s
H    0     0                    103769.22003 99663.9619  3.96%     -    0s
H    0     0                    103744.74483 99663.9619  3.93%     -    0s
     0     0 99665.5993    0    7 103744.745 99665.5993  3.93%     -    0s
H    0     0                    103273.28273 99665.5993  3.49%     -    0s
     0     0 99900.1633    0    9 103273.283 99900.1633  3.27%     -    0s
     0     0 99929.0161    0    9 103273.283 99929.0161  3.24%     -    0s
     0     0 100034.025    0    5 103273.283 100034.025  3.14%     -    0s
     0     0 100034.052    0    4 103273.283 100034.052  3.14%     -    0s
     0     0 100094.173    0    4 103273.283 100094.173  3.08%     -    0s
     0     0 100099.277    0    5 103273.283 100099.277  3.07%     -    0s
     0     0 100101.801    0    5 103273.283 100101.801  3.07%     -    0s
     0     0 100105.214    0    5 103273.283 100105.214  3.07%     -    0s
     0     0 100105.214    0    5 103273.283 100105.214  3.07%     -    0s
H    0     0                    103256.43430 100105.214  3.05%     -    0s
     0     2 100105.221    0    5 103256.434 100105.221  3.05%     -    0s
H   36    64                    103195.85022 100147.424  2.95%  19.9    0s

Cutting planes:
  Implied bound: 121
  MIR: 6
  Flow cover: 1
  Relax-and-lift: 2

Explored 3603 nodes (78075 simplex iterations) in 0.30 seconds (0.64 work units)
Thread count was 8 (of 8 available processors)

Solution count 10: 103196 103273 103745 ... 203606

Optimal solution found (tolerance 1.00e-04)
Best objective 1.031958502204e+05, best bound 1.031958502204e+05, gap 0.0000%

User-callback calls 7565, time in user-callback 0.00 sec

Gurobi 12.0.3 (mac64[arm]) logging started Tue Sep 23 15:45:39 2025

Set parameter LogFile to value "Logs/Facility Location Logs/L50/phase1/scenario_generation.log"
Set parameter LogToConsole to value 0

Gurobi 12.0.3 (mac64[arm]) logging started Tue Sep 23 15:45:39 2025

Set parameter LogFile to value "Logs/Facility Location Logs/L50/phase1/scenario_generation.log"
Gurobi Optimizer version 12.0.3 build v12.0.3rc0 (mac64[arm] - Darwin 24.6.0 24G222)

CPU model: Apple M3
Thread count: 8 physical cores, 8 logical processors, using up to 8 threads

Non-default parameters:
LogToConsole  0

Optimize a model with 75 rows, 1325 columns and 2575 nonzeros
Model fingerprint: 0xe5c92498
Variable types: 1300 continuous, 25 integer (25 binary)
Coefficient statistics:
  Matrix range     [1e+00, 2e+04]
  Objective range  [8e-03, 8e+03]
  Bounds range     [0e+00, 0e+00]
  RHS range        [1e+03, 6e+03]
Found heuristic solution: objective 5202750.0000
Presolve removed 0 rows and 1 columns
Presolve time: 0.00s
Presolved: 75 rows, 1324 columns, 2574 nonzeros
Variable types: 1300 continuous, 24 integer (24 binary)

Root relaxation: objective 7.359737e+04, 144 iterations, 0.00 seconds (0.00 work units)

    Nodes    |    Current Node    |     Objective Bounds      |     Work
 Expl Unexpl |  Obj  Depth IntInf | Incumbent    BestBd   Gap | It/Node Time

     0     0 73597.3683    0   24 5202750.00 73597.3683  98.6%     -    0s
H    0     0                    209069.86825 73597.3683  64.8%     -    0s
H    0     0                    187053.40500 73597.3683  60.7%     -    0s
H    0     0                    180557.40307 73597.3683  59.2%     -    0s
H    0     0                    174217.99328 73597.3683  57.8%     -    0s
H    0     0                    153155.79865 73597.3683  51.9%     -    0s
H    0     0                    149703.77179 73645.3091  50.8%     -    0s
H    0     0                    128261.58795 78542.4760  38.8%     -    0s
H    0     0                    94658.059772 78542.4760  17.0%     -    0s
     0     0 78542.4760    0   11 94658.0598 78542.4760  17.0%     -    0s
H    0     0                    82669.084881 78638.3151  4.88%     -    0s
H    0     0                    82625.036414 78638.3151  4.83%     -    0s
H    0     0                    80174.675588 78638.3151  1.92%     -    0s
     0     0 78638.3151    0   11 80174.6756 78638.3151  1.92%     -    0s
     0     0 79104.7415    0    8 80174.6756 79104.7415  1.33%     -    0s
     0     0 79144.2582    0    8 80174.6756 79144.2582  1.29%     -    0s
     0     0 79306.5216    0   11 80174.6756 79306.5216  1.08%     -    0s
     0     0 79326.5397    0   11 80174.6756 79326.5397  1.06%     -    0s
     0     0 79326.7294    0   12 80174.6756 79326.7294  1.06%     -    0s
     0     0 79442.8610    0   10 80174.6756 79442.8610  0.91%     -    0s
     0     0 79451.7606    0   10 80174.6756 79451.7606  0.90%     -    0s
     0     0 79452.4729    0   11 80174.6756 79452.4729  0.90%     -    0s
     0     0 79516.9934    0    6 80174.6756 79516.9934  0.82%     -    0s
     0     0 79518.8775    0    6 80174.6756 79518.8775  0.82%     -    0s
     0     0 79543.5278    0    9 80174.6756 79543.5278  0.79%     -    0s
     0     0 79543.8134    0    9 80174.6756 79543.8134  0.79%     -    0s
     0     2 79543.8178    0    9 80174.6756 79543.8178  0.79%     -    0s
H   37    40                    80152.766301 79587.7665  0.70%  20.3    0s
H   52    40                    80116.058806 79587.7665  0.66%  18.7    0s
*   92    64               6    80093.547438 79629.2248  0.58%  19.8    0s
H  158    68                    80078.571941 79629.2248  0.56%  22.1    0s

Cutting planes:
  Implied bound: 90
  MIR: 9
  Flow cover: 5
  Relax-and-lift: 10

Explored 423 nodes (10769 simplex iterations) in 0.10 seconds (0.18 work units)
Thread count was 8 (of 8 available processors)

Solution count 10: 80078.6 80093.5 80116.1 ... 153156

Optimal solution found (tolerance 1.00e-04)
Best objective 8.007857194144e+04, best bound 8.007857194144e+04, gap 0.0000%

User-callback calls 1155, time in user-callback 0.00 sec

Gurobi 12.0.3 (mac64[arm]) logging started Tue Sep 23 15:45:39 2025

Set parameter LogFile to value "Logs/Facility Location Logs/L50/phase1/scenario_generation.log"
Set parameter LogToConsole to value 0

Gurobi 12.0.3 (mac64[arm]) logging started Tue Sep 23 15:45:39 2025

Set parameter LogFile to value "Logs/Facility Location Logs/L50/phase1/scenario_generation.log"
Gurobi Optimizer version 12.0.3 build v12.0.3rc0 (mac64[arm] - Darwin 24.6.0 24G222)

CPU model: Apple M3
Thread count: 8 physical cores, 8 logical processors, using up to 8 threads

Non-default parameters:
LogToConsole  0

Optimize a model with 75 rows, 1325 columns and 2575 nonzeros
Model fingerprint: 0x834aac3b
Variable types: 1300 continuous, 25 integer (25 binary)
Coefficient statistics:
  Matrix range     [1e+00, 2e+04]
  Objective range  [8e-03, 8e+03]
  Bounds range     [0e+00, 0e+00]
  RHS range        [1e+03, 8e+03]
Found heuristic solution: objective 4980950.0000
Presolve removed 0 rows and 1 columns
Presolve time: 0.00s
Presolved: 75 rows, 1324 columns, 2574 nonzeros
Variable types: 1300 continuous, 24 integer (24 binary)

Root relaxation: objective 8.232810e+04, 142 iterations, 0.00 seconds (0.00 work units)

    Nodes    |    Current Node    |     Objective Bounds      |     Work
 Expl Unexpl |  Obj  Depth IntInf | Incumbent    BestBd   Gap | It/Node Time

     0     0 82328.0978    0   24 4980950.00 82328.0978  98.3%     -    0s
H    0     0                    220018.59776 82328.0978  62.6%     -    0s
H    0     0                    197820.97390 82328.0978  58.4%     -    0s
H    0     0                    197812.27555 82328.0978  58.4%     -    0s
H    0     0                    191207.30901 82328.0978  56.9%     -    0s
H    0     0                    183889.96453 82328.0978  55.2%     -    0s
H    0     0                    177529.28413 83368.3223  53.0%     -    0s
H    0     0                    170135.95036 83368.3223  51.0%     -    0s
H    0     0                    139554.49147 87143.2260  37.6%     -    0s
H    0     0                    104957.97425 87143.2260  17.0%     -    0s
     0     0 87143.2260    0   11 104957.974 87143.2260  17.0%     -    0s
H    0     0                    98555.388903 87248.6988  11.5%     -    0s
H    0     0                    91955.118344 87248.6988  5.12%     -    0s
H    0     0                    91696.242183 87248.6988  4.85%     -    0s
     0     0 87248.6988    0   11 91696.2422 87248.6988  4.85%     -    0s
H    0     0                    91422.123643 87248.6988  4.57%     -    0s
H    0     0                    91391.813083 87711.0042  4.03%     -    0s
     0     0 87732.0315    0   10 91391.8131 87732.0315  4.00%     -    0s
H    0     0                    91267.378503 87784.8930  3.82%     -    0s
H    0     0                    90815.371904 87784.8930  3.34%     -    0s
     0     0 87784.8930    0    9 90815.3719 87784.8930  3.34%     -    0s
     0     0 88006.6637    0   10 90815.3719 88006.6637  3.09%     -    0s
H    0     0                    90592.971809 88040.2403  2.82%     -    0s
     0     0 88040.2403    0   10 90592.9718 88040.2403  2.82%     -    0s
     0     0 88040.2403    0   10 90592.9718 88040.2403  2.82%     -    0s
H    0     0                    90489.275523 88149.6739  2.59%     -    0s
     0     0 88149.6739    0   10 90489.2755 88149.6739  2.59%     -    0s
     0     0 88162.0593    0   10 90489.2755 88162.0593  2.57%     -    0s
     0     0 88163.7564    0    9 90489.2755 88163.7564  2.57%     -    0s
     0     0 88206.6135    0    7 90489.2755 88206.6135  2.52%     -    0s
H    0     0                    90485.431111 88206.6135  2.52%     -    0s
     0     0 88206.6224    0    7 90485.4311 88206.6224  2.52%     -    0s
     0     0 88208.0052    0    5 90485.4311 88208.0052  2.52%     -    0s
     0     0 88210.5743    0    6 90485.4311 88210.5743  2.51%     -    0s
     0     0 88212.3452    0    8 90485.4311 88212.3452  2.51%     -    0s
     0     0 88212.3452    0    8 90485.4311 88212.3452  2.51%     -    0s
     0     2 88212.3452    0    8 90485.4311 88212.3452  2.51%     -    0s

Cutting planes:
  Implied bound: 80
  MIR: 19
  Flow cover: 7
  Relax-and-lift: 10

Explored 12420 nodes (256509 simplex iterations) in 1.23 seconds (2.58 work units)
Thread count was 8 (of 8 available processors)

Solution count 10: 90485.4 90489.3 90593 ... 139554

Optimal solution found (tolerance 1.00e-04)
Best objective 9.048543111094e+04, best bound 9.048543111094e+04, gap 0.0000%

User-callback calls 25602, time in user-callback 0.00 sec

============================================================
SUMMARY STATISTICS - PHASE 1: SCENARIO GENERATION (L50)
============================================================
Parameters:
  bernoulli_case: false
  nloc: 25
  ncust: 50
  nscen: 50

Results:
  total_scenarios: 50
  unique_solutions: 45
============================================================
