
Gurobi 12.0.3 (mac64[arm]) logging started Tue Sep 23 18:40:34 2025

Set parameter LogFile to value "Logs/PowerFlow Logs/L20/phase1/scenario_generation.log"
Set parameter LogToConsole to value 0

Gurobi 12.0.3 (mac64[arm]) logging started Tue Sep 23 18:40:34 2025

Set parameter LogFile to value "Logs/PowerFlow Logs/L20/phase1/scenario_generation.log"
Gurobi Optimizer version 12.0.3 build v12.0.3rc0 (mac64[arm] - Darwin 24.6.0 24G222)

CPU model: Apple M3
Thread count: 8 physical cores, 8 logical processors, using up to 8 threads

Non-default parameters:
TimeLimit  60
LogToConsole  0

Optimize a model with 980 rows, 726 columns and 3212 nonzeros
Model fingerprint: 0x42fc3e36
Variable types: 540 continuous, 186 integer (186 binary)
Coefficient statistics:
  Matrix range     [1e+00, 3e+03]
  Objective range  [6e-02, 1e+04]
  Bounds range     [0e+00, 0e+00]
  RHS range        [6e-02, 3e+03]
Found heuristic solution: objective 437359.33551
Found heuristic solution: objective 437359.33368
Presolve removed 181 rows and 40 columns
Presolve time: 0.00s
Presolved: 799 rows, 686 columns, 2644 nonzeros
Found heuristic solution: objective 416921.79885
Variable types: 513 continuous, 173 integer (173 binary)

Root relaxation: objective 2.220434e+03, 1148 iterations, 0.01 seconds (0.01 work units)

    Nodes    |    Current Node    |     Objective Bounds      |     Work
 Expl Unexpl |  Obj  Depth IntInf | Incumbent    BestBd   Gap | It/Node Time

     0     0 2220.43391    0   20 416921.799 2220.43391  99.5%     -    0s
H    0     0                    76330.240974 2220.43391  97.1%     -    0s
H    0     0                    62523.173395 2220.43391  96.4%     -    0s
     0     0 2220.43391    0   13 62523.1734 2220.43391  96.4%     -    0s
H    0     0                    11067.709211 2220.43391  79.9%     -    0s
     0     0 2220.43391    0   13 11067.7092 2220.43391  79.9%     -    0s
     0     0 2226.71550    0   12 11067.7092 2226.71550  79.9%     -    0s
H    0     0                    9382.5037385 2234.19005  76.2%     -    0s
     0     0 2259.60688    0   13 9382.50374 2259.60688  75.9%     -    0s
     0     0 2259.60688    0   18 9382.50374 2259.60688  75.9%     -    0s
H    0     0                    4652.3303190 2259.60688  51.4%     -    0s
     0     0 2259.69701    0   17 4652.33032 2259.69701  51.4%     -    0s
     0     0 2260.81364    0   16 4652.33032 2260.81364  51.4%     -    0s
     0     0 2261.70605    0   15 4652.33032 2261.70605  51.4%     -    0s
     0     0 2261.70605    0   16 4652.33032 2261.70605  51.4%     -    0s
     0     0 2261.70605    0   15 4652.33032 2261.70605  51.4%     -    0s
     0     0 2261.70605    0   11 4652.33032 2261.70605  51.4%     -    0s
     0     2 2261.70605    0   10 4652.33032 2261.70605  51.4%     -    0s
H  213   192                    4652.3303180 2502.86767  46.2%  15.9    0s
H  649   607                    4652.3303174 2502.86767  46.2%  18.0    0s
H  974  1020                    4544.5738255 2502.86767  44.9%  16.9    0s
H 1046   962                    3861.5630078 2502.86767  35.2%  16.1    0s
H 1465  1255                    3861.5630071 2617.85836  32.2%  14.2    0s
H 1600  1369                    3689.3407920 2617.85836  29.0%  13.8    0s
H 1737   937                    3532.6179277 2617.85836  25.9%  13.5    0s
H 1737   888                    3477.8441171 2617.85836  24.7%  13.5    0s
H 1737   400                    3293.8365551 2617.85836  20.5%  13.5    0s
H 1737   379                    3270.8618889 2617.85836  20.0%  13.5    0s
H 1737   379                    3270.7513024 2617.85836  20.0%  13.5    0s
H 1797   314                    3270.7513019 2617.85836  20.0%  14.4    0s
H 2037   423                    3270.7513015 2617.85836  20.0%  13.9    0s
H 2077   395                    3270.7512974 2617.85836  20.0%  14.0    0s
H 2341   502                    3270.7512967 2617.85836  20.0%  14.0    0s
H 3418   936                    3234.1074842 2625.77675  18.8%  14.8    0s
H 3596   924                    3224.7582949 2625.77675  18.6%  14.8    0s
H 4778  1596                    3213.6273561 2879.93895  10.4%  14.5    0s
H 5547  2030                    3213.6273548 2879.93895  10.4%  14.3    0s
H 7335  3050                    3213.3652399 2879.93895  10.4%  13.9    1s
H 7416  1858                    3116.6678440 2879.93895  7.60%  13.9    1s
H 9955  1940                    3080.2577815 2879.93895  6.50%  13.6    1s
H 9960  1860                    3065.0301479 2879.93895  6.04%  13.6    1s
H10255  1736                    3003.1430396 2879.93895  4.10%  13.6    1s
H11838  2369                    3003.1430393 2879.93895  4.10%  13.8    1s
H11926  2369                    3003.1430381 2879.93895  4.10%  13.8    1s
H15072  3200                    2992.7466216 2879.93895  3.77%  14.7    2s
H15075  3091                    2989.8307485 2879.93895  3.68%  14.7    2s
*15441  3261             102    2983.3412200 2879.93895  3.47%  14.7    2s
*15520  3217             103    2981.0124930 2879.93895  3.39%  14.7    2s
*15521  3130             102    2977.2733674 2879.93895  3.27%  14.7    2s
*15811  2764              99    2951.1657363 2879.93895  2.41%  14.7    2s
*16781  2981             112    2944.6619742 2879.93895  2.20%  14.7    2s
*17100  2734              99    2935.7479382 2879.93895  1.90%  14.8    2s
*17605  2621              94    2926.9781584 2879.93895  1.61%  14.9    2s
*17833  2335              90    2908.4443758 2879.93895  0.98%  14.9    2s
H18157  2359                    2908.4443754 2879.93895  0.98%  15.0    2s
*18648  2267             120    2890.7250033 2879.93895  0.37%  15.2    2s
*18649  2241             120    2888.7883585 2879.93895  0.31%  15.2    2s
*18662  2241             120    2888.7847659 2879.93895  0.31%  15.2    2s
H20200  3083                    2887.1734188 2879.93895  0.25%  16.5    2s
*20548  3320              93    2880.9225058 2879.93895  0.03%  16.7    2s
*20966  3320             117    2880.8851204 2879.93895  0.03%  16.8    2s
*20967  3281             118    2879.9507795 2879.93895  0.00%  16.8    2s

Cutting planes:
  Gomory: 1
  MIR: 2
  Relax-and-lift: 1

Explored 21180 nodes (359786 simplex iterations) in 2.70 seconds (4.68 work units)
Thread count was 8 (of 8 available processors)

Solution count 10: 2879.95 2880.89 2880.92 ... 2935.75

Optimal solution found (tolerance 1.00e-04)
Best objective 2.879950779516e+03, best bound 2.879938949878e+03, gap 0.0004%

User-callback calls 44381, time in user-callback 0.00 sec

Gurobi 12.0.3 (mac64[arm]) logging started Tue Sep 23 18:40:37 2025

Set parameter LogFile to value "Logs/PowerFlow Logs/L20/phase1/scenario_generation.log"
Set parameter LogToConsole to value 0

Gurobi 12.0.3 (mac64[arm]) logging started Tue Sep 23 18:40:37 2025

Set parameter LogFile to value "Logs/PowerFlow Logs/L20/phase1/scenario_generation.log"
Gurobi Optimizer version 12.0.3 build v12.0.3rc0 (mac64[arm] - Darwin 24.6.0 24G222)

CPU model: Apple M3
Thread count: 8 physical cores, 8 logical processors, using up to 8 threads

Non-default parameters:
TimeLimit  60
LogToConsole  0

Optimize a model with 980 rows, 726 columns and 3212 nonzeros
Model fingerprint: 0xddc2a13e
Variable types: 540 continuous, 186 integer (186 binary)
Coefficient statistics:
  Matrix range     [1e+00, 3e+03]
  Objective range  [6e-02, 1e+04]
  Bounds range     [0e+00, 0e+00]
  RHS range        [6e-02, 3e+03]
Found heuristic solution: objective 441507.66070
Found heuristic solution: objective 441507.65921
Presolve removed 181 rows and 40 columns
Presolve time: 0.00s
Presolved: 799 rows, 686 columns, 2644 nonzeros
Found heuristic solution: objective 421685.09549
Variable types: 513 continuous, 173 integer (173 binary)

Root relaxation: objective 2.289570e+03, 958 iterations, 0.01 seconds (0.01 work units)

    Nodes    |    Current Node    |     Objective Bounds      |     Work
 Expl Unexpl |  Obj  Depth IntInf | Incumbent    BestBd   Gap | It/Node Time

     0     0 2289.56980    0   20 421685.095 2289.56980  99.5%     -    0s
H    0     0                    46125.621087 2289.56980  95.0%     -    0s
H    0     0                    40364.155698 2289.56980  94.3%     -    0s
     0     0 2289.56980    0   22 40364.1557 2289.56980  94.3%     -    0s
H    0     0                    13456.926112 2289.56980  83.0%     -    0s
H    0     0                    13105.202887 2289.56980  82.5%     -    0s
     0     0 2289.56980    0   21 13105.2029 2289.56980  82.5%     -    0s
     0     0 2301.21397    0   16 13105.2029 2301.21397  82.4%     -    0s
H    0     0                    8566.3821450 2307.66816  73.1%     -    0s
     0     0 2307.66816    0   17 8566.38214 2307.66816  73.1%     -    0s
     0     0 2315.30212    0   14 8566.38214 2315.30212  73.0%     -    0s
     0     0 2315.30212    0   13 8566.38214 2315.30212  73.0%     -    0s
     0     0 2317.76085    0   15 8566.38214 2317.76085  72.9%     -    0s
     0     0 2319.53095    0   15 8566.38214 2319.53095  72.9%     -    0s
     0     0 2322.84787    0   14 8566.38214 2322.84787  72.9%     -    0s
     0     0 2322.84787    0   14 8566.38214 2322.84787  72.9%     -    0s
     0     0 2323.39092    0   14 8566.38214 2323.39092  72.9%     -    0s
H    0     0                    8558.6426009 2323.39092  72.9%     -    0s
     0     0 2323.39092    0   11 8558.64260 2323.39092  72.9%     -    0s
     0     2 2323.39092    0   11 8558.64260 2323.39092  72.9%     -    0s
H  180   212                    8394.6402206 2325.24124  72.3%  12.5    0s
H 1313  1157                    8305.4907273 2325.24124  72.0%  10.4    0s
H 1314   989                    6681.0910346 2325.24124  65.2%  10.4    0s
H 1315   987                    6544.0606607 2325.24124  64.5%  10.4    0s
H 1318   967                    6318.3354694 2325.24124  63.2%  10.4    0s
H 1568  1125                    5752.6103821 2325.24124  59.6%  10.5    0s
H 1640   976                    4123.7461758 2325.24124  43.6%  10.5    0s
H 1640   879                    3906.0970878 2325.24124  40.5%  10.5    0s
H 1647   830                    3906.0970873 2332.77163  40.3%  10.5    0s
H 1666   800                    3522.8251912 2334.91583  33.7%  10.3    0s
H 1910   860                    3522.8251895 2756.44634  21.8%  13.6    1s
H 1915   819                    3522.8251871 2756.44634  21.8%  13.6    1s
H 2130   884                    3522.8251862 2756.44634  21.8%  13.6    1s
H 2167   836                    3522.8251846 2756.44634  21.8%  13.6    1s
H 2493   965                    3522.8251818 2756.44634  21.8%  13.7    1s
H 2516   924                    3522.8251801 2756.44634  21.8%  13.7    1s
H 2696   896                    3514.8741448 2756.44634  21.6%  13.6    1s
H 2803   933                    3514.8741442 2756.44634  21.6%  13.8    1s
H 3095   986                    3509.4669983 2756.44634  21.5%  14.2    1s
H 3209   979                    3502.9546667 2756.44634  21.3%  14.3    1s
* 3315  1034             140    3502.1456384 2756.44634  21.3%  14.5    1s
* 3316  1032             138    3500.5382305 2756.44634  21.3%  14.5    1s
H 3747  1077                    3458.1742523 2756.44634  20.3%  15.4    1s
H 4826  1301                    3437.3135064 2764.65005  19.6%  16.1    1s
H 5125  1513                    3437.3135060 2764.65005  19.6%  16.0    1s
H 5175  1513                    3432.2025270 2764.65005  19.4%  15.9    1s
H 5298  1591                    3432.2025265 2764.65005  19.4%  15.9    2s
H 8055   873                    3360.8424252 2778.87714  17.3%  15.5    2s
* 8199   729             107    3246.9920681 2778.87714  14.4%  15.5    2s
* 8209   727             110    3239.6050603 2778.87714  14.2%  15.5    2s
* 9775   995             139    3211.0881809 2996.29800  6.69%  15.6    2s
* 9776   995             139    3211.0794371 2996.29800  6.69%  15.6    2s
* 9779   995             140    3211.0222282 2996.29800  6.69%  15.6    2s
* 9785   995             138    3211.0094234 2996.29800  6.69%  15.6    2s
* 9839   959             114    3183.0505783 2996.29800  5.87%  15.5    2s
*10077   859             101    3142.1154200 2996.29800  4.64%  15.5    2s
*10415   804              94    3127.5805014 2996.29800  4.20%  15.5    2s
*10726   940             149    3114.3971242 2996.29800  3.79%  15.5    2s
*10732   922             150    3111.1273860 2996.29800  3.69%  15.5    2s
*11385   746             155    3051.2795652 2996.29800  1.80%  15.7    2s
*11387   746             156    3050.6463383 2996.29800  1.78%  15.7    2s
*11812   745             154    3050.1826822 3022.37297  0.91%  15.7    2s
*11814   745             153    3050.0155557 3022.37297  0.91%  15.7    2s
*11815   647             152    3049.6768277 3022.37297  0.90%  15.7    2s
*11822   647             152    3049.5558366 3022.37297  0.89%  15.7    2s
H12594   658                    3049.5558355 3022.37297  0.89%  16.1    2s
*13060   673             148    3048.5972535 3022.37297  0.86%  16.4    2s
H13175   707                    3048.2303473 3022.37297  0.85%  16.3    2s
*13182   707             155    3048.2219664 3022.37297  0.85%  16.3    2s
H13900   672                    3045.9271155 3022.37297  0.77%  16.8    2s
*13925   583             150    3039.4618399 3022.37297  0.56%  16.8    2s
*13926   583             150    3039.3398721 3022.37297  0.56%  16.8    2s
*13928   583             150    3039.1591194 3022.37297  0.55%  16.8    2s
*13929   583             150    3039.0724132 3022.37297  0.55%  16.8    2s
*13932   583             150    3038.9230502 3022.37297  0.54%  16.8    2s
*14027   583             149    3038.9211841 3022.37297  0.54%  16.9    2s
*15286   716             150    3038.9031344 3022.37297  0.54%  18.0    3s
*15289   716             150    3038.8971003 3022.37297  0.54%  18.0    3s
*18600  1328             105    3038.7667474 3022.37297  0.54%  19.0    3s
*21624  2182             131    3037.0396645 3035.46249  0.05%  19.6    4s
*23672  2899             127    3036.8717707 3035.46249  0.05%  20.2    4s
H24407  2904                    3036.7387472 3035.46249  0.04%  20.3    4s
*25011  2877             123    3036.3085234 3035.46249  0.03%  20.3    4s
 27705  3669 infeasible   94      3036.30852 3035.46249  0.03%  20.1    5s
*30474  3675             123    3035.7964093 3035.46249  0.01%  20.0    5s
H38656  5420                    3035.6828027 3035.46249  0.01%  21.3    6s

Cutting planes:
  Gomory: 7
  Implied bound: 2
  MIR: 4
  Flow cover: 25
  Inf proof: 7

Explored 39132 nodes (835231 simplex iterations) in 6.41 seconds (10.91 work units)
Thread count was 8 (of 8 available processors)

Solution count 10: 3035.68 3035.68 3035.8 ... 3038.9

Optimal solution found (tolerance 1.00e-04)
Best objective 3.035682802716e+03, best bound 3.035462487382e+03, gap 0.0073%

User-callback calls 82610, time in user-callback 0.01 sec

Gurobi 12.0.3 (mac64[arm]) logging started Tue Sep 23 18:40:43 2025

Set parameter LogFile to value "Logs/PowerFlow Logs/L20/phase1/scenario_generation.log"
Set parameter LogToConsole to value 0

Gurobi 12.0.3 (mac64[arm]) logging started Tue Sep 23 18:40:43 2025

Set parameter LogFile to value "Logs/PowerFlow Logs/L20/phase1/scenario_generation.log"
Gurobi Optimizer version 12.0.3 build v12.0.3rc0 (mac64[arm] - Darwin 24.6.0 24G222)

CPU model: Apple M3
Thread count: 8 physical cores, 8 logical processors, using up to 8 threads

Non-default parameters:
TimeLimit  60
LogToConsole  0

Optimize a model with 980 rows, 726 columns and 3212 nonzeros
Model fingerprint: 0xf140bd4f
Variable types: 540 continuous, 186 integer (186 binary)
Coefficient statistics:
  Matrix range     [1e+00, 3e+03]
  Objective range  [6e-02, 1e+04]
  Bounds range     [0e+00, 0e+00]
  RHS range        [6e-02, 3e+03]
Found heuristic solution: objective 443773.98093
Found heuristic solution: objective 443773.97919
Presolve removed 181 rows and 40 columns
Presolve time: 0.00s
Presolved: 799 rows, 686 columns, 2644 nonzeros
Found heuristic solution: objective 424034.37616
Variable types: 513 continuous, 173 integer (173 binary)

Root relaxation: objective 2.467313e+03, 877 iterations, 0.01 seconds (0.01 work units)

    Nodes    |    Current Node    |     Objective Bounds      |     Work
 Expl Unexpl |  Obj  Depth IntInf | Incumbent    BestBd   Gap | It/Node Time

     0     0 2467.31276    0   18 424034.376 2467.31276  99.4%     -    0s
H    0     0                    62396.008838 2467.31276  96.0%     -    0s
H    0     0                    46891.204921 2467.31276  94.7%     -    0s
     0     0 2467.31276    0   18 46891.2049 2467.31276  94.7%     -    0s
H    0     0                    8614.9427212 2467.31276  71.4%     -    0s
     0     0 2467.31276    0   15 8614.94272 2467.31276  71.4%     -    0s
     0     0 2477.51729    0   14 8614.94272 2477.51729  71.2%     -    0s
     0     0 2499.65274    0   15 8614.94272 2499.65274  71.0%     -    0s
     0     0 2499.65274    0   14 8614.94272 2499.65274  71.0%     -    0s
     0     0 2499.65274    0   17 8614.94272 2499.65274  71.0%     -    0s
     0     0 2499.65274    0   16 8614.94272 2499.65274  71.0%     -    0s
     0     0 2499.65274    0   17 8614.94272 2499.65274  71.0%     -    0s
     0     0 2499.65274    0   17 8614.94272 2499.65274  71.0%     -    0s
H    0     0                    5308.6890557 2499.65274  52.9%     -    0s
     0     0 2499.65274    0   20 5308.68906 2499.65274  52.9%     -    0s
     0     0 2499.65274    0   20 5308.68906 2499.65274  52.9%     -    0s
     0     0 2499.65274    0   22 5308.68906 2499.65274  52.9%     -    0s
     0     0 2499.65274    0   22 5308.68906 2499.65274  52.9%     -    0s
     0     0 2499.65274    0   22 5308.68906 2499.65274  52.9%     -    0s
H    0     0                    4027.4329489 2499.65274  37.9%     -    0s
     0     0 2499.65274    0   15 4027.43295 2499.65274  37.9%     -    0s
     0     2 2499.65274    0   15 4027.43295 2499.65274  37.9%     -    0s
H   49    46                    4014.1448485 2505.30218  37.6%  12.0    0s
H  463   395                    4014.1448449 2848.59409  29.0%  15.7    0s
H  518   395                    4008.6809132 2848.59409  28.9%  16.9    0s
H 1707  1229                    3971.7838659 2973.41870  25.1%  15.6    0s
H 1707  1141                    3868.4538574 2973.41870  23.1%  15.6    0s
H 1707  1062                    3860.4128798 2973.41870  23.0%  15.6    0s
H 1839  1047                    3860.4128790 2973.41870  23.0%  16.4    0s
H 2900  1213                    3839.4919262 2973.41870  22.6%  15.7    0s
* 3464  1359              98    3835.5821093 2973.41870  22.5%  15.6    0s
H 3963  1440                    3814.8270339 3336.76349  12.5%  15.5    0s
H 3965   512                    3580.3023576 3336.76349  6.80%  15.5    0s
H 4411   698                    3580.3023573 3336.76349  6.80%  15.4    0s
H 6875  1890                    3580.3023565 3336.76349  6.80%  15.2    1s
H 7994  2318                    3579.6810242 3336.76349  6.79%  15.6    1s
H 9636  3082                    3579.6810228 3336.76349  6.79%  15.8    1s
*10321  2359              76    3554.3884881 3336.76349  6.12%  16.0    1s
H12721  3109                    3552.2920068 3336.76349  6.07%  16.2    1s
H17747  4827                    3545.0298568 3436.09263  3.07%  14.8    2s
H22615  6276                    3539.0530325 3478.82803  1.70%  15.2    2s
H28292  8443                    3539.0530319 3478.82803  1.70%  16.3    3s
H34028  8337                    3527.5409116 3478.82803  1.38%  17.0    4s
H35830  6904                    3520.1138705 3478.82803  1.17%  17.3    4s
 40518  8272 3478.82803   49   11 3520.11387 3478.82803  1.17%  18.1    5s
H42463  8471                    3519.0851041 3478.82803  1.14%  18.1    5s
H53182 10948                    3518.9862590 3478.82803  1.14%  19.1    7s
H66982 15099                    3518.9691511 3478.82803  1.14%  19.3    9s
 69126 16144 3508.83092   96    8 3518.96915 3478.82803  1.14%  19.4   10s
H74124 13113                    3512.1987851 3478.82803  0.95%  19.3   10s
H111307 22035                    3512.1854233 3478.82803  0.95%  18.8   14s
H111412 22016                    3512.1133950 3478.82803  0.95%  18.8   14s
H111812 22017                    3512.1133939 3478.82803  0.95%  18.8   14s
 114287 22459 infeasible   74      3512.11339 3478.82803  0.95%  18.8   15s
 158761 32490 3478.82803   77   15 3512.11339 3478.82803  0.95%  18.7   20s
H169706 35676                    3512.1133922 3478.82803  0.95%  18.7   21s
H170371 35996                    3512.1133906 3478.82803  0.95%  18.6   21s
 204047 46158 3496.31246   66    8 3512.11339 3478.82803  0.95%  18.3   25s
H233732 55845                    3512.1133900 3478.82803  0.95%  18.3   28s
 249840 60696 infeasible   63      3512.11339 3478.82803  0.95%  18.4   30s
*272136 40220             111    3508.4307255 3478.82803  0.84%  18.3   32s
*272145 40215             113    3508.3637732 3478.82803  0.84%  18.3   32s
H273360 40143                    3508.3432711 3478.82803  0.84%  18.2   32s
H273530 31762                    3503.8089654 3478.82803  0.71%  18.2   32s
*277992 31884             111    3503.5894243 3478.82803  0.71%  18.2   32s
 295723 35203 3478.82803   49   26 3503.58942 3478.82803  0.71%  18.1   35s
*311449 37451             117    3503.5170837 3478.82803  0.70%  18.1   36s
 338867 35338 3483.45972   67   11 3503.51708 3483.45972  0.57%  17.9   40s
H372313 33518                    3503.5170827 3484.15415  0.55%  17.6   43s
 382121 31757 3484.18708   57   21 3503.51708 3484.18708  0.55%  17.5   45s
H410876 35990                    3503.5170698 3489.74979  0.39%  17.7   48s
H411713 36098                    3503.5170612 3489.74979  0.39%  17.8   48s
H413365 36581                    3503.5170594 3489.74979  0.39%  17.8   49s
H413458 36580                    3503.5164280 3489.74979  0.39%  17.8   49s
 419278 38209 infeasible   64      3503.51643 3489.74979  0.39%  17.9   50s
H453091 42056                    3502.8243229 3489.74979  0.37%  18.4   54s
H453623 41241                    3501.8323815 3489.74979  0.35%  18.4   55s
 488577 49130 infeasible   57      3501.83238 3496.31246  0.16%  18.7   60s

Cutting planes:
  Learned: 1
  Gomory: 2
  Cover: 1
  MIR: 9
  Flow cover: 12
  Relax-and-lift: 2

Explored 489398 nodes (9148226 simplex iterations) in 60.00 seconds (101.91 work units)
Thread count was 8 (of 8 available processors)

Solution count 10: 3501.83 3502.82 3503.52 ... 3512.11

Time limit reached
Best objective 3.501832381521e+03, best bound 3.496312459769e+03, gap 0.1576%

User-callback calls 1010912, time in user-callback 0.10 sec

Gurobi 12.0.3 (mac64[arm]) logging started Tue Sep 23 18:41:43 2025

Set parameter LogFile to value "Logs/PowerFlow Logs/L20/phase1/scenario_generation.log"
Set parameter LogToConsole to value 0

Gurobi 12.0.3 (mac64[arm]) logging started Tue Sep 23 18:41:43 2025

Set parameter LogFile to value "Logs/PowerFlow Logs/L20/phase1/scenario_generation.log"
Gurobi Optimizer version 12.0.3 build v12.0.3rc0 (mac64[arm] - Darwin 24.6.0 24G222)

CPU model: Apple M3
Thread count: 8 physical cores, 8 logical processors, using up to 8 threads

Non-default parameters:
TimeLimit  60
LogToConsole  0

Optimize a model with 980 rows, 726 columns and 3212 nonzeros
Model fingerprint: 0x60b10104
Variable types: 540 continuous, 186 integer (186 binary)
Coefficient statistics:
  Matrix range     [1e+00, 3e+03]
  Objective range  [6e-02, 1e+04]
  Bounds range     [0e+00, 0e+00]
  RHS range        [6e-02, 3e+03]
Found heuristic solution: objective 431648.49178
Found heuristic solution: objective 431648.49007
Presolve removed 181 rows and 40 columns
Presolve time: 0.01s
Presolved: 799 rows, 686 columns, 2644 nonzeros
Found heuristic solution: objective 411688.32591
Variable types: 513 continuous, 173 integer (173 binary)

Root relaxation: objective 2.111833e+03, 1046 iterations, 0.01 seconds (0.01 work units)

    Nodes    |    Current Node    |     Objective Bounds      |     Work
 Expl Unexpl |  Obj  Depth IntInf | Incumbent    BestBd   Gap | It/Node Time

     0     0 2111.83336    0   16 411688.326 2111.83336  99.5%     -    0s
H    0     0                    19720.493969 2111.83336  89.3%     -    0s
H    0     0                    12807.825849 2111.83336  83.5%     -    0s
     0     0 2132.09104    0   14 12807.8258 2132.09104  83.4%     -    0s
H    0     0                    3583.9304201 2138.05151  40.3%     -    0s
     0     0 2138.05151    0   13 3583.93042 2138.05151  40.3%     -    0s
     0     0 2140.57017    0   13 3583.93042 2140.57017  40.3%     -    0s
H    0     0                    3570.6220112 2140.86171  40.0%     -    0s
     0     0 2140.86171    0   13 3570.62201 2140.86171  40.0%     -    0s
     0     0 2156.80556    0   11 3570.62201 2156.80556  39.6%     -    0s
     0     0 2157.82467    0   11 3570.62201 2157.82467  39.6%     -    0s
     0     0 2157.82467    0   11 3570.62201 2157.82467  39.6%     -    0s
     0     0 2157.82467    0   11 3570.62201 2157.82467  39.6%     -    0s
     0     0 2157.82467    0   11 3570.62201 2157.82467  39.6%     -    0s
     0     0 2157.82467    0   11 3570.62201 2157.82467  39.6%     -    0s
     0     0 2157.82467    0   11 3570.62201 2157.82467  39.6%     -    0s
     0     2 2157.82467    0    8 3570.62201 2157.82467  39.6%     -    0s
H   27    58                    3537.5692013 2157.82467  39.0%  25.2    0s
H   32    58                    3478.1448828 2157.82467  38.0%  22.0    0s
H  128   117                    3465.2827617 2157.82467  37.7%  11.3    0s
H  393   417                    3465.2827597 2157.82467  37.7%  11.7    0s
H  550   582                    3461.8996529 2157.82467  37.7%  14.0    0s
H  578   580                    3407.7718748 2157.82467  36.7%  14.0    0s
H  645   621                    3325.8784128 2157.82467  35.1%  14.1    0s
H  651   620                    3311.4617312 2157.82467  34.8%  14.0    0s
H 1073   617                    3116.6604851 2157.82467  30.8%  14.5    0s
H 1494   813                    3067.5769594 2157.82467  29.7%  14.5    0s
H 1658   621                    2930.2861625 2157.82467  26.4%  14.4    0s
H 1658   621                    2930.0611813 2157.82467  26.4%  14.4    0s
H 1658   621                    2930.0470090 2157.82467  26.4%  14.4    0s
H 1658   402                    2905.9592132 2157.82467  25.7%  14.4    0s
H 1668   360                    2905.9592127 2311.71728  20.4%  14.4    0s
H 1681   351                    2905.9592118 2434.85198  16.2%  14.2    0s
H 1687   336                    2905.9592114 2434.85198  16.2%  14.2    0s
H 1736   338                    2905.9592111 2434.85198  16.2%  16.7    0s
H 1968   412                    2905.9592104 2532.53796  12.9%  16.5    0s
H 3363  1143                    2905.5343894 2690.75809  7.39%  15.6    1s
H 3365  1036                    2884.8167145 2690.75809  6.73%  15.6    1s
H 3366  1028                    2872.9621306 2690.75809  6.34%  15.6    1s
H 3368   679                    2773.7006953 2690.75809  2.99%  15.6    1s
H 3394  1022                    2773.7006948 2690.75809  2.99%  15.7    1s
H 4349  1374                    2773.7006913 2690.75809  2.99%  15.3    1s
H 5084  1984                    2773.7006900 2690.75809  2.99%  15.0    1s
H 6646  2644                    2773.7006895 2690.75809  2.99%  14.8    1s
H 6754  2705                    2773.6534156 2690.75809  2.99%  14.8    1s
H 6841  3013                    2773.6534152 2690.75809  2.99%  14.8    1s
H 8756  4132                    2773.0286242 2690.75809  2.97%  14.9    1s
H10043  4602                    2771.6572991 2690.75809  2.92%  14.5    2s
H10049  4256                    2756.1251181 2690.75809  2.37%  14.5    2s
H18178  8557                    2755.7609095 2690.75809  2.36%  13.7    2s
H27848 13827                    2755.7609091 2690.75809  2.36%  13.5    3s
H28012 13827                    2755.7609086 2690.75809  2.36%  13.5    3s
 29483 14674 2755.70415  111    2 2755.76091 2690.75809  2.36%  13.4    5s
H30355  4535                    2691.1587342 2690.75809  0.01%  13.3    5s
H35247  5334                    2691.1587340 2690.75809  0.01%  14.7    6s
H40181  5649                    2690.7875110 2690.75809  0.00%  15.8    6s

Cutting planes:
  Gomory: 16
  Cover: 2
  MIR: 5
  Flow cover: 16
  Inf proof: 4

Explored 40272 nodes (638153 simplex iterations) in 6.86 seconds (10.02 work units)
Thread count was 8 (of 8 available processors)

Solution count 10: 2690.79 2690.79 2691.16 ... 2773.7

Optimal solution found (tolerance 1.00e-04)
Best objective 2.690787511049e+03, best bound 2.690758094068e+03, gap 0.0011%

User-callback calls 85184, time in user-callback 0.01 sec

Gurobi 12.0.3 (mac64[arm]) logging started Tue Sep 23 18:41:50 2025

Set parameter LogFile to value "Logs/PowerFlow Logs/L20/phase1/scenario_generation.log"
Set parameter LogToConsole to value 0

Gurobi 12.0.3 (mac64[arm]) logging started Tue Sep 23 18:41:50 2025

Set parameter LogFile to value "Logs/PowerFlow Logs/L20/phase1/scenario_generation.log"
Gurobi Optimizer version 12.0.3 build v12.0.3rc0 (mac64[arm] - Darwin 24.6.0 24G222)

CPU model: Apple M3
Thread count: 8 physical cores, 8 logical processors, using up to 8 threads

Non-default parameters:
TimeLimit  60
LogToConsole  0

Optimize a model with 980 rows, 726 columns and 3212 nonzeros
Model fingerprint: 0x2f525422
Variable types: 540 continuous, 186 integer (186 binary)
Coefficient statistics:
  Matrix range     [1e+00, 3e+03]
  Objective range  [6e-02, 1e+04]
  Bounds range     [0e+00, 0e+00]
  RHS range        [5e-02, 3e+03]
Found heuristic solution: objective 443309.94022
Found heuristic solution: objective 443309.93879
Presolve removed 181 rows and 40 columns
Presolve time: 0.00s
Presolved: 799 rows, 686 columns, 2644 nonzeros
Found heuristic solution: objective 423032.19651
Variable types: 513 continuous, 173 integer (173 binary)

Root relaxation: objective 2.363989e+03, 1020 iterations, 0.01 seconds (0.01 work units)

    Nodes    |    Current Node    |     Objective Bounds      |     Work
 Expl Unexpl |  Obj  Depth IntInf | Incumbent    BestBd   Gap | It/Node Time

     0     0 2363.98862    0   19 423032.197 2363.98862  99.4%     -    0s
H    0     0                    43803.284536 2363.98862  94.6%     -    0s
H    0     0                    29339.072824 2363.98862  91.9%     -    0s
     0     0 2363.98862    0   16 29339.0728 2363.98862  91.9%     -    0s
H    0     0                    15020.025510 2363.98862  84.3%     -    0s
     0     0 2363.98862    0   13 15020.0255 2363.98862  84.3%     -    0s
     0     0 2363.98862    0   14 15020.0255 2363.98862  84.3%     -    0s
     0     0 2363.98862    0   12 15020.0255 2363.98862  84.3%     -    0s
H    0     0                    8910.4281770 2363.98862  73.5%     -    0s
     0     0 2363.98862    0   11 8910.42818 2363.98862  73.5%     -    0s
H    0     0                    8860.0302181 2363.98862  73.3%     -    0s
     0     0 2363.98862    0   13 8860.03022 2363.98862  73.3%     -    0s
     0     0 2363.98862    0   12 8860.03022 2363.98862  73.3%     -    0s
     0     0 2363.98862    0   12 8860.03022 2363.98862  73.3%     -    0s
     0     2 2363.98862    0   12 8860.03022 2363.98862  73.3%     -    0s
H   91   119                    5884.5808959 2363.98862  59.8%  15.5    0s
H  715   766                    5001.4791061 2363.98862  52.7%  17.0    0s
H 1011  1045                    4147.1640303 2363.98862  43.0%  15.5    0s
* 1297  1268             137    4012.7757965 2363.98862  41.1%  14.3    0s
H 1335  1266                    3997.3407134 2363.98862  40.9%  14.4    0s
H 1496  1338                    3952.7994050 2363.98862  40.2%  14.1    0s
* 1645  1483             141    3950.1029773 2363.98862  40.2%  13.9    0s
* 1646  1480             142    3947.2979272 2363.98862  40.1%  13.9    0s
* 1647  1479             142    3945.8236150 2363.98862  40.1%  13.9    0s
H 1763  1162                    3743.8476304 2363.98862  36.9%  13.7    0s
H 1763  1160                    3727.6599522 2363.98862  36.6%  13.7    0s
H 1903  1169                    3727.6599506 2363.98862  36.6%  15.1    0s
H 2068  1203                    3727.6599485 2363.98862  36.6%  15.1    0s
H 2204  1208                    3547.8611017 2363.98862  33.4%  15.2    0s
H 2378  1180                    3543.2139704 2363.98862  33.3%  15.2    0s
H 2691  1177                    3543.2139699 2363.98862  33.3%  15.3    0s
H 2866  1163                    3507.4402017 2373.88677  32.3%  15.2    0s
H 2867   958                    3438.2619348 2373.88677  31.0%  15.2    0s
H 2934   917                    3432.2471917 2373.88677  30.8%  15.2    0s
H 2995   853                    3405.4004978 2373.88677  30.3%  15.5    0s
H 2996   814                    3392.1676486 2373.88677  30.0%  15.5    0s
H 2997   779                    3390.7743381 2373.88677  30.0%  15.5    0s
H 3214   794                    3389.4448114 2379.56269  29.8%  16.2    0s
H 3228   758                    3389.4448106 2379.56269  29.8%  16.2    0s
H 4316  1350                    3389.4448101 2625.15081  22.5%  16.6    1s
H 5404  1914                    3388.9891033 2710.24226  20.0%  16.4    1s
H 6215  2046                    3338.1432307 2710.24226  18.8%  15.7    1s
* 6989  1074             100    3219.6278436 2710.24226  15.8%  15.5    1s
* 7767   937              85    3176.7719551 2760.98764  13.1%  15.2    1s
H 8425  1138                    3176.7719545 2760.98764  13.1%  15.0    1s
H 9513  1208                    3171.3339692 2762.42046  12.9%  15.0    1s
*14171  3338              88    3168.9427915 2948.94325  6.94%  15.7    2s
H14651  1682                    3042.5045026 2948.94325  3.08%  15.8    2s
*15523  1282             136    2996.7087589 2948.94325  1.59%  16.0    2s
*15526  1278             136    2993.7763042 2948.94325  1.50%  16.0    2s
*15972  1231             135    2993.4452840 2948.94325  1.49%  16.2    2s
H16729  1509                    2993.4452836 2948.94325  1.49%  16.7    2s
H17855  1187                    2949.8259468 2948.94325  0.03%  17.1    2s
H17858  1187                    2949.1616615 2948.94325  0.01%  17.1    2s
H17870  1183                    2948.9854097 2948.94325  0.00%  17.1    2s

Cutting planes:
  Gomory: 9
  Implied bound: 2
  MIR: 2
  Flow cover: 6
  Inf proof: 1

Explored 17877 nodes (308335 simplex iterations) in 2.98 seconds (4.32 work units)
Thread count was 8 (of 8 available processors)

Solution count 10: 2948.99 2949.16 2949.83 ... 3176.77

Optimal solution found (tolerance 1.00e-04)
Best objective 2.948985409670e+03, best bound 2.948943249421e+03, gap 0.0014%

User-callback calls 37973, time in user-callback 0.01 sec

Gurobi 12.0.3 (mac64[arm]) logging started Tue Sep 23 18:41:53 2025

Set parameter LogFile to value "Logs/PowerFlow Logs/L20/phase1/scenario_generation.log"
Set parameter LogToConsole to value 0

Gurobi 12.0.3 (mac64[arm]) logging started Tue Sep 23 18:41:53 2025

Set parameter LogFile to value "Logs/PowerFlow Logs/L20/phase1/scenario_generation.log"
Gurobi Optimizer version 12.0.3 build v12.0.3rc0 (mac64[arm] - Darwin 24.6.0 24G222)

CPU model: Apple M3
Thread count: 8 physical cores, 8 logical processors, using up to 8 threads

Non-default parameters:
TimeLimit  60
LogToConsole  0

Optimize a model with 980 rows, 726 columns and 3212 nonzeros
Model fingerprint: 0x8d8f1b99
Variable types: 540 continuous, 186 integer (186 binary)
Coefficient statistics:
  Matrix range     [1e+00, 3e+03]
  Objective range  [6e-02, 1e+04]
  Bounds range     [0e+00, 0e+00]
  RHS range        [6e-02, 3e+03]
Found heuristic solution: objective 445715.26189
Found heuristic solution: objective 445715.26049
Presolve removed 181 rows and 40 columns
Presolve time: 0.01s
Presolved: 799 rows, 686 columns, 2644 nonzeros
Found heuristic solution: objective 425180.24805
Variable types: 513 continuous, 173 integer (173 binary)

Root relaxation: objective 2.428363e+03, 1101 iterations, 0.01 seconds (0.01 work units)

    Nodes    |    Current Node    |     Objective Bounds      |     Work
 Expl Unexpl |  Obj  Depth IntInf | Incumbent    BestBd   Gap | It/Node Time

     0     0 2428.36313    0   17 425180.248 2428.36313  99.4%     -    0s
H    0     0                    49995.317791 2428.36313  95.1%     -    0s
     0     0 2428.36313    0   12 49995.3178 2428.36313  95.1%     -    0s
H    0     0                    18071.988563 2428.36313  86.6%     -    0s
     0     0 2428.36313    0   11 18071.9886 2428.36313  86.6%     -    0s
     0     0 2428.36313    0    8 18071.9886 2428.36313  86.6%     -    0s
H    0     0                    18055.860473 2428.36313  86.6%     -    0s
     0     0 2428.36313    0    8 18055.8605 2428.36313  86.6%     -    0s
     0     0 2428.36313    0    8 18055.8605 2428.36313  86.6%     -    0s
     0     0 2428.36313    0    8 18055.8605 2428.36313  86.6%     -    0s
     0     0 2428.36313    0    8 18055.8605 2428.36313  86.6%     -    0s
     0     2 2428.36313    0    8 18055.8605 2428.36313  86.6%     -    0s
H   41    58                    18043.974758 2428.36313  86.5%  20.2    0s
H  113   110                    9689.2075326 2428.36313  74.9%  18.2    0s
H  157   142                    8675.2471814 2428.36313  72.0%  15.7    0s
H  285   268                    5798.1934013 2428.36313  58.1%  13.0    0s
H  439   360                    4526.8837258 2428.36313  46.4%  12.3    0s
H  586   517                    4526.8837249 2428.36313  46.4%  12.7    0s
H  641   517                    4505.2838156 2428.36313  46.1%  14.1    0s
H  829   534                    3961.6336425 2428.36313  38.7%  16.4    0s
H 1664   583                    3619.2370061 2760.79826  23.7%  14.5    0s
H 1664   521                    3563.6604071 2760.79826  22.5%  14.5    0s
H 1664   285                    3275.1739295 2760.79826  15.7%  14.5    0s
H 1664   269                    3244.9406225 2760.79826  14.9%  14.5    0s
H 1666   201                    3244.9406219 2760.79826  14.9%  14.5    0s
H 3034   559                    3129.8774521 2760.79826  11.8%  13.6    0s
H 3074   548                    3129.8774514 2760.79826  11.8%  13.6    0s
H 3819   678                    3128.8100066 2760.79826  11.8%  13.5    0s
H 4252   773                    3128.8100061 2768.38093  11.5%  13.8    0s
H 8228  1281                    3110.5836720 2950.60362  5.14%  14.9    1s
H 8229  1195                    3046.0345955 2950.60362  3.13%  14.9    1s
H16184  2323                    3037.8451385 2950.60362  2.87%  20.0    2s
H16218  2302                    3033.5726484 2950.60362  2.74%  20.0    2s
H16243  2286                    3030.6663795 2950.60362  2.64%  20.1    2s
H17261  2237                    3030.6663789 2950.60362  2.64%  20.7    2s
*22813  2087             118    3030.6442856 2950.60362  2.64%  22.3    3s
*22815  2087             118    3030.6246333 2950.60362  2.64%  22.3    3s
H23402  1857                    3003.6860218 2950.60362  1.77%  22.3    3s
H25470  1622                    3003.6860208 2950.60362  1.77%  22.6    4s
*25529  1622             111    3003.6762588 2950.60362  1.77%  22.5    4s
*25538  1622             110    3003.6215667 2950.60362  1.77%  22.5    4s
H25801  1336                    2985.3901728 2950.60362  1.17%  22.5    4s
H25950  1021                    2960.7840954 2950.60362  0.34%  22.5    4s
*26618  1175             119    2960.6719784 2950.60362  0.34%  22.5    4s
*26623  1167             118    2960.4188448 2950.60362  0.33%  22.5    4s
*26625  1167             119    2960.3680715 2950.60362  0.33%  22.5    4s
*26627  1167             120    2960.3624808 2950.60362  0.33%  22.5    4s
*26628  1167             120    2960.2076724 2950.60362  0.32%  22.5    4s
H26868  1152                    2957.3989343 2950.60362  0.23%  22.5    4s
 29751  1891 2950.60362   35    8 2957.39893 2950.60362  0.23%  22.9    5s
*35079  1063              91    2951.3253037 2950.60362  0.02%  22.9    6s
*35569  1375             108    2951.1311943 2950.60362  0.02%  23.0    6s
H35688  1372                    2950.7752367 2950.60362  0.01%  23.1    6s
*35695  1372             115    2950.6734615 2950.60362  0.00%  23.1    6s
*35699  1372             116    2950.6732110 2950.60362  0.00%  23.1    6s
*35709  1372             118    2950.6571428 2950.60362  0.00%  23.1    6s

Cutting planes:
  Gomory: 5
  Cover: 2
  Implied bound: 2
  MIR: 8
  Flow cover: 22
  Relax-and-lift: 1

Explored 36081 nodes (840581 simplex iterations) in 6.32 seconds (9.94 work units)
Thread count was 8 (of 8 available processors)

Solution count 10: 2950.66 2950.66 2950.67 ... 2960.36

Optimal solution found (tolerance 1.00e-04)
Best objective 2.950657142845e+03, best bound 2.950603619932e+03, gap 0.0018%

User-callback calls 76423, time in user-callback 0.01 sec

Gurobi 12.0.3 (mac64[arm]) logging started Tue Sep 23 18:41:59 2025

Set parameter LogFile to value "Logs/PowerFlow Logs/L20/phase1/scenario_generation.log"
Set parameter LogToConsole to value 0

Gurobi 12.0.3 (mac64[arm]) logging started Tue Sep 23 18:41:59 2025

Set parameter LogFile to value "Logs/PowerFlow Logs/L20/phase1/scenario_generation.log"
Gurobi Optimizer version 12.0.3 build v12.0.3rc0 (mac64[arm] - Darwin 24.6.0 24G222)

CPU model: Apple M3
Thread count: 8 physical cores, 8 logical processors, using up to 8 threads

Non-default parameters:
TimeLimit  60
LogToConsole  0

Optimize a model with 980 rows, 726 columns and 3212 nonzeros
Model fingerprint: 0x0f6b5805
Variable types: 540 continuous, 186 integer (186 binary)
Coefficient statistics:
  Matrix range     [1e+00, 3e+03]
  Objective range  [6e-02, 1e+04]
  Bounds range     [0e+00, 0e+00]
  RHS range        [6e-02, 3e+03]
Found heuristic solution: objective 436232.77682
Found heuristic solution: objective 436232.77471
Presolve removed 181 rows and 40 columns
Presolve time: 0.01s
Presolved: 799 rows, 686 columns, 2644 nonzeros
Found heuristic solution: objective 416859.01574
Variable types: 513 continuous, 173 integer (173 binary)

Root relaxation: objective 2.181154e+03, 1105 iterations, 0.01 seconds (0.01 work units)

    Nodes    |    Current Node    |     Objective Bounds      |     Work
 Expl Unexpl |  Obj  Depth IntInf | Incumbent    BestBd   Gap | It/Node Time

     0     0 2181.15441    0   17 416859.016 2181.15441  99.5%     -    0s
H    0     0                    53278.086721 2181.15441  95.9%     -    0s
H    0     0                    41573.379712 2181.15441  94.8%     -    0s
H    0     0                    39381.320509 2181.15441  94.5%     -    0s
     0     0 2183.00340    0   18 39381.3205 2183.00340  94.5%     -    0s
H    0     0                    13752.518554 2193.43415  84.1%     -    0s
H    0     0                    4152.9054574 2193.43415  47.2%     -    0s
     0     0 2193.43415    0   18 4152.90546 2193.43415  47.2%     -    0s
     0     0 2201.20924    0   15 4152.90546 2201.20924  47.0%     -    0s
     0     0 2201.20924    0   15 4152.90546 2201.20924  47.0%     -    0s
H    0     0                    3869.0690395 2201.20924  43.1%     -    0s
     0     0 2207.78991    0   16 3869.06904 2207.78991  42.9%     -    0s
H    0     0                    3829.3569264 2207.78991  42.3%     -    0s
     0     0 2209.52658    0   16 3829.35693 2209.52658  42.3%     -    0s
     0     0 2209.52658    0   15 3829.35693 2209.52658  42.3%     -    0s
     0     0 2209.52658    0   15 3829.35693 2209.52658  42.3%     -    0s
     0     0 2209.52658    0   10 3829.35693 2209.52658  42.3%     -    0s
H    0     0                    3804.4149519 2209.52658  41.9%     -    0s
     0     2 2209.52658    0   10 3804.41495 2209.52658  41.9%     -    0s
H   37    60                    3775.6899400 2226.76049  41.0%  14.3    0s
H  199   183                    3703.3269689 2241.46239  39.5%  15.6    0s
H  359   331                    3296.1711129 2241.46239  32.0%  15.2    0s
H  586   473                    3296.1711124 2253.57914  31.6%  14.7    0s
H  629   473                    3296.1711103 2253.57914  31.6%  14.5    0s
H 1555   859                    3184.5227137 2460.19471  22.7%  15.5    0s
* 1741   923             102    3182.9895156 2460.19471  22.7%  15.2    0s
H 2049   848                    3070.5378801 2460.19471  19.9%  15.1    0s
H 2397   916                    3070.5378795 2460.19471  19.9%  15.6    0s
H 2413   871                    3070.5378790 2460.19471  19.9%  15.6    0s
H 3458   947                    3058.3744188 2460.19471  19.6%  16.7    0s
H 3623   915                    3058.3744176 2460.19471  19.6%  16.7    0s
H 4445  1073                    3057.3144088 2689.22755  12.0%  16.1    1s
H 6291  1150                    2945.3920220 2721.50909  7.60%  16.0    1s
H 6663  1177                    2900.4455459 2721.50909  6.17%  15.9    1s
* 7093  1365             124    2889.6117689 2721.50909  5.82%  15.7    1s
* 7100  1324             126    2882.2048471 2721.50909  5.58%  15.7    1s
H 7573  1125                    2833.1927990 2721.50909  3.94%  15.6    1s
* 7965  1062             140    2796.1975696 2721.50909  2.67%  15.6    1s
* 7968  1062             138    2796.1553193 2721.50909  2.67%  15.6    1s
* 7969  1062             137    2796.1171819 2721.50909  2.67%  15.6    1s
H 8438  1172                    2795.0381843 2721.50909  2.63%  15.8    1s
H 8448   840                    2771.4117238 2721.50909  1.80%  15.8    1s
*11167  2021              94    2766.1929408 2721.50909  1.62%  16.1    1s
*11171  1807              96    2759.6582649 2721.50909  1.38%  16.1    1s
*11173  1620              93    2753.1169600 2721.50909  1.15%  16.1    1s
*16520  2227              96    2746.1877675 2721.50909  0.90%  15.6    2s
*16521  2227              96    2746.1809400 2721.50909  0.90%  15.6    2s
*16526  2227              95    2746.1148755 2721.50909  0.90%  15.6    2s
*16533  2144              97    2742.5078995 2721.50909  0.77%  15.6    2s
*16536  2144              97    2742.5046995 2721.50909  0.77%  15.6    2s
*16547  2144              96    2742.4386350 2721.50909  0.76%  15.6    2s
H17839  2301                    2739.7004714 2721.50909  0.66%  15.9    2s
H17951  2100                    2731.6893683 2721.50909  0.37%  15.9    2s
H18078  1416                    2722.9193227 2721.50909  0.05%  15.9    2s
H19390  1192                    2721.7671153 2721.50909  0.01%  16.2    2s
H19412  1155                    2721.6029229 2721.50909  0.00%  16.2    2s

Cutting planes:
  Gomory: 2
  Implied bound: 1
  MIR: 7

Explored 19413 nodes (315675 simplex iterations) in 2.77 seconds (4.14 work units)
Thread count was 8 (of 8 available processors)

Solution count 10: 2721.6 2721.77 2722.92 ... 2746.18

Optimal solution found (tolerance 1.00e-04)
Best objective 2.721602922922e+03, best bound 2.721509093707e+03, gap 0.0034%

User-callback calls 40925, time in user-callback 0.01 sec

Gurobi 12.0.3 (mac64[arm]) logging started Tue Sep 23 18:42:02 2025

Set parameter LogFile to value "Logs/PowerFlow Logs/L20/phase1/scenario_generation.log"
Set parameter LogToConsole to value 0

Gurobi 12.0.3 (mac64[arm]) logging started Tue Sep 23 18:42:02 2025

Set parameter LogFile to value "Logs/PowerFlow Logs/L20/phase1/scenario_generation.log"
Gurobi Optimizer version 12.0.3 build v12.0.3rc0 (mac64[arm] - Darwin 24.6.0 24G222)

CPU model: Apple M3
Thread count: 8 physical cores, 8 logical processors, using up to 8 threads

Non-default parameters:
TimeLimit  60
LogToConsole  0

Optimize a model with 980 rows, 726 columns and 3212 nonzeros
Model fingerprint: 0x99620af4
Variable types: 540 continuous, 186 integer (186 binary)
Coefficient statistics:
  Matrix range     [1e+00, 3e+03]
  Objective range  [6e-02, 1e+04]
  Bounds range     [0e+00, 0e+00]
  RHS range        [6e-02, 3e+03]
Found heuristic solution: objective 443038.17688
Found heuristic solution: objective 443038.17476
Presolve removed 181 rows and 40 columns
Presolve time: 0.01s
Presolved: 799 rows, 686 columns, 2644 nonzeros
Found heuristic solution: objective 423696.79859
Variable types: 513 continuous, 173 integer (173 binary)

Root relaxation: objective 2.349986e+03, 1081 iterations, 0.01 seconds (0.01 work units)

    Nodes    |    Current Node    |     Objective Bounds      |     Work
 Expl Unexpl |  Obj  Depth IntInf | Incumbent    BestBd   Gap | It/Node Time

     0     0 2349.98642    0   18 423696.799 2349.98642  99.4%     -    0s
H    0     0                    66013.076311 2349.98642  96.4%     -    0s
H    0     0                    51883.600117 2349.98642  95.5%     -    0s
     0     0 2349.98642    0   15 51883.6001 2349.98642  95.5%     -    0s
H    0     0                    19796.048099 2349.98642  88.1%     -    0s
     0     0 2349.98642    0   12 19796.0481 2349.98642  88.1%     -    0s
H    0     0                    8372.9265629 2349.98642  71.9%     -    0s
     0     0 2349.98642    0    8 8372.92656 2349.98642  71.9%     -    0s
     0     0 2349.98642    0   13 8372.92656 2349.98642  71.9%     -    0s
     0     0 2349.98642    0    9 8372.92656 2349.98642  71.9%     -    0s
     0     0 2349.98642    0   10 8372.92656 2349.98642  71.9%     -    0s
     0     0 2349.98642    0   10 8372.92656 2349.98642  71.9%     -    0s
     0     2 2349.98642    0   10 8372.92656 2349.98642  71.9%     -    0s
H   32    64                    3818.7579164 2349.98642  38.5%  40.4    0s
H   42    64                    3750.3008330 2349.98642  37.3%  34.2    0s
H  113   138                    3680.5348790 2349.98642  36.2%  26.2    0s
H  286   219                    3680.5348780 2349.98642  36.2%  24.0    0s
H  323   260                    3668.0781134 2349.98642  35.9%  22.7    0s
H  582   475                    3668.0781128 2349.98642  35.9%  20.6    0s
H  864   672                    3668.0781119 2349.98642  35.9%  21.0    0s
H 1016   833                    3668.0781111 2349.98642  35.9%  20.4    0s
H 1095   833                    3668.0781100 2349.98642  35.9%  19.9    0s
H 1402   995                    3640.2178266 2349.98642  35.4%  19.1    0s
H 1531  1105                    3640.2178258 2349.98642  35.4%  18.5    0s
H 1968  1259                    3621.2279511 2367.69351  34.6%  17.3    0s
H 2272  1391                    3621.2279501 2370.87824  34.5%  16.9    0s
H 2679  1548                    3621.2279493 2521.56058  30.4%  16.0    0s
H 2755  1466                    3621.2279473 2521.56058  30.4%  15.9    0s
H 3337  1767                    3621.2279415 2658.98635  26.6%  16.5    0s
H 4199   769                    3397.7933884 2790.37843  17.9%  16.4    0s
H 4661   561                    3397.7933878 2790.37843  17.9%  15.4    0s
H 5988   634                    3397.7933871 2790.37843  17.9%  13.4    0s
H 6084   626                    3390.5367609 2790.37843  17.7%  13.3    1s
H 9543  1682                    3390.5367597 2790.91805  17.7%  12.4    1s
*12145  3284             140    3365.3397790 2790.91805  17.1%  12.1    1s
*12147  3283             141    3365.0233910 2790.91805  17.1%  12.1    1s
H14465  5080                    3365.0233903 2790.91805  17.1%  12.2    1s
H14559  4995                    3360.3701499 2790.91805  16.9%  12.2    1s
H14749  6081                    3299.1655426 2790.91805  15.4%  12.2    2s
H15069  5843                    3275.2450729 2790.91805  14.8%  12.2    2s
H15391  5804                    3271.8434162 2790.91805  14.7%  12.3    2s
H15709  5735                    3269.6767871 2790.91805  14.6%  12.3    2s
H16990  4174                    3103.0255332 2790.91805  10.1%  12.4    2s
H29374 10440                    3103.0255327 2790.91805  10.1%  13.3    4s
 29832 10544 3031.03033   52    6 3103.02553 2790.91805  10.1%  13.5    5s
H30876  9796                    3103.0255317 2790.91805  10.1%  13.7    5s
H32997  8799                    3047.4515358 3031.03033  0.54%  14.1    5s
H33375  8309                    3047.4515352 3031.03033  0.54%  14.2    5s
H34694  7687                    3047.4515347 3031.03033  0.54%  14.6    5s
H36395  6795                    3045.4279010 3031.03033  0.47%  15.4    6s
H36409  6342                    3042.5532656 3031.03033  0.38%  15.4    6s
H36588  5916                    3042.5532637 3031.03033  0.38%  15.5    6s
H42081  3959                    3041.9991856 3031.03033  0.36%  17.8    7s
H42082  3613                    3041.9269187 3031.03033  0.36%  17.8    7s
H42090  3255                    3038.5014810 3031.03033  0.25%  17.8    7s
H51068  1486                    3038.5014805 3031.03033  0.25%  19.9    9s
 52096  1640 3031.03033   61    8 3038.50148 3031.03033  0.25%  20.3   10s
H55217  1741                    3038.2332738 3031.03033  0.24%  21.3   10s
H55520  1468                    3032.7905244 3031.03033  0.06%  21.4   10s
H58532  1601                    3032.3249888 3031.03033  0.04%  21.9   11s
H66155  2027                    3032.3249883 3031.03033  0.04%  22.8   12s
H72832  2203                    3032.1476212 3031.03033  0.04%  23.3   13s
H74385  2272                    3032.0472811 3031.03033  0.03%  23.5   14s
 78462  2435 infeasible   81      3032.04728 3031.03033  0.03%  23.8   15s
H87268  2882                    3032.0395859 3031.03033  0.03%  24.8   16s
 103655  3470 3031.03033   72   12 3032.03959 3031.03033  0.03%  25.7   20s
H123017  3748                    3032.0395853 3031.03033  0.03%  27.1   23s
H123161  3772                    3032.0395741 3031.03033  0.03%  27.1   24s
H125421  3736                    3032.0300851 3031.03033  0.03%  27.1   24s
 125531  3752 3031.03033   70   11 3032.03009 3031.03033  0.03%  27.1   25s
 150869  4440 3031.03033   73    8 3032.03009 3031.03033  0.03%  28.4   30s
 178107  4758 3031.03033   79    8 3032.03009 3031.03033  0.03%  28.9   35s
 201437  5064 infeasible   71      3032.03009 3031.03033  0.03%  29.7   40s
 225837  5534 3031.03033   82   14 3032.03009 3031.03033  0.03%  30.1   45s
 251247  5466 3031.03033   85    8 3032.03009 3031.03033  0.03%  30.5   50s
 277754  5263 infeasible   76      3032.03009 3031.03033  0.03%  30.7   55s
H301913  6720                    3031.9150789 3031.03033  0.03%  31.0   59s
H302124  6705                    3031.8741036 3031.03033  0.03%  31.0   59s
H303201  6222                    3031.2172882 3031.03033  0.01%  31.0   59s
H303446  6129                    3031.0791477 3031.03033  0.00%  31.0   59s

Cutting planes:
  Gomory: 22
  Cover: 1
  Implied bound: 3
  Flow cover: 9

Explored 303813 nodes (9422297 simplex iterations) in 59.82 seconds (100.33 work units)
Thread count was 8 (of 8 available processors)

Solution count 10: 3031.08 3031.08 3031.22 ... 3032.32

Optimal solution found (tolerance 1.00e-04)
Best objective 3.031079147655e+03, best bound 3.031030334964e+03, gap 0.0016%

User-callback calls 644133, time in user-callback 0.08 sec

Gurobi 12.0.3 (mac64[arm]) logging started Tue Sep 23 18:43:02 2025

Set parameter LogFile to value "Logs/PowerFlow Logs/L20/phase1/scenario_generation.log"
Set parameter LogToConsole to value 0

Gurobi 12.0.3 (mac64[arm]) logging started Tue Sep 23 18:43:02 2025

Set parameter LogFile to value "Logs/PowerFlow Logs/L20/phase1/scenario_generation.log"
Gurobi Optimizer version 12.0.3 build v12.0.3rc0 (mac64[arm] - Darwin 24.6.0 24G222)

CPU model: Apple M3
Thread count: 8 physical cores, 8 logical processors, using up to 8 threads

Non-default parameters:
TimeLimit  60
LogToConsole  0

Optimize a model with 980 rows, 726 columns and 3212 nonzeros
Model fingerprint: 0xd965ccba
Variable types: 540 continuous, 186 integer (186 binary)
Coefficient statistics:
  Matrix range     [1e+00, 3e+03]
  Objective range  [6e-02, 1e+04]
  Bounds range     [0e+00, 0e+00]
  RHS range        [6e-02, 3e+03]
Found heuristic solution: objective 445254.35743
Found heuristic solution: objective 445254.35562
Presolve removed 181 rows and 40 columns
Presolve time: 0.01s
Presolved: 799 rows, 686 columns, 2644 nonzeros
Found heuristic solution: objective 426085.59415
Variable types: 513 continuous, 173 integer (173 binary)

Root relaxation: objective 2.527844e+03, 1013 iterations, 0.01 seconds (0.01 work units)

    Nodes    |    Current Node    |     Objective Bounds      |     Work
 Expl Unexpl |  Obj  Depth IntInf | Incumbent    BestBd   Gap | It/Node Time

     0     0 2527.84439    0   23 426085.594 2527.84439  99.4%     -    0s
H    0     0                    33097.887300 2527.84439  92.4%     -    0s
     0     0 2527.84439    0   20 33097.8873 2527.84439  92.4%     -    0s
H    0     0                    17235.394549 2527.84439  85.3%     -    0s
H    0     0                    17102.339573 2527.84439  85.2%     -    0s
     0     0 2527.84439    0   19 17102.3396 2527.84439  85.2%     -    0s
     0     0 2527.84439    0   14 17102.3396 2527.84439  85.2%     -    0s
H    0     0                    16900.339164 2527.84439  85.0%     -    0s
     0     0 2527.84439    0   14 16900.3392 2527.84439  85.0%     -    0s
     0     0 2527.84439    0   12 16900.3392 2527.84439  85.0%     -    0s
H    0     0                    9111.6239929 2527.84439  72.3%     -    0s
     0     0 2527.84439    0   12 9111.62399 2527.84439  72.3%     -    0s
     0     0 2527.84439    0    9 9111.62399 2527.84439  72.3%     -    0s
     0     0 2527.84439    0   10 9111.62399 2527.84439  72.3%     -    0s
     0     0 2527.84439    0   10 9111.62399 2527.84439  72.3%     -    0s
     0     0 2527.84439    0   10 9111.62399 2527.84439  72.3%     -    0s
     0     2 2527.84439    0   10 9111.62399 2527.84439  72.3%     -    0s
H  239   254                    7981.8444319 2527.84439  68.3%  15.4    0s
H  603   523                    7980.8170712 2527.84439  68.3%  15.9    0s
H 1028   706                    7150.1365300 2527.84439  64.6%  16.8    0s
H 1391   936                    7127.4575274 2527.84439  64.5%  16.0    0s
H 1721  1198                    7126.9657705 2527.84439  64.5%  15.2    0s
H 1721  1197                    7122.9013189 2527.84439  64.5%  15.2    0s
H 1740  1149                    7122.9013180 2746.80198  61.4%  15.0    0s
H 1741  1092                    6544.4289912 2777.19686  57.6%  15.0    0s
H 1745  1039                    6544.4289902 2777.19686  57.6%  15.0    0s
H 1920  1026                    6544.4289886 3113.98261  52.4%  17.4    0s
H 2005   988                    6544.4289873 3281.04962  49.9%  17.2    0s
H 2873  1167                    6544.4289857 3303.89530  49.5%  16.8    0s
* 3619  1005             112    5334.4492126 3604.87866  32.4%  15.7    1s
H 4188   835                    5054.9914938 3604.87866  28.7%  15.1    1s
H 4194   693                    4111.5942165 3604.87866  12.3%  15.1    1s
H 5500  1391                    4107.6728439 3604.87866  12.2%  14.8    1s
H 8762  3310                    4074.5442728 3604.87866  11.5%  14.4    1s
* 9046  2583              95    3911.0507702 3604.87866  7.83%  14.3    1s
*11216  3038              93    3897.8395291 3604.87866  7.52%  14.1    1s
*11415  2946             109    3895.5758031 3604.87866  7.46%  14.1    1s
*13129  2949             129    3879.9354838 3604.87866  7.09%  14.3    2s
H13319  1270                    3685.0276267 3604.87866  2.17%  14.4    2s
H14448  1307                    3681.4833319 3604.87866  2.08%  15.0    2s
*18203  1137             101    3661.4222351 3604.87866  1.54%  16.5    3s
*20489  1032             111    3660.5314123 3629.20508  0.86%  17.1    3s
H24825  2277                    3659.3058158 3646.95127  0.34%  18.1    4s
H25189  2486                    3659.3058150 3646.95127  0.34%  18.2    4s
H26023  1557                    3657.9798804 3646.95127  0.30%  18.3    4s
*26318  1556             115    3656.7690146 3646.95127  0.27%  18.3    4s
*26331  1543             117    3656.0359249 3646.95127  0.25%  18.3    4s
*26337  1492             119    3655.6300730 3646.95127  0.24%  18.3    4s
*26344  1492             122    3655.3186555 3646.95127  0.23%  18.3    4s
*26345  1484             121    3654.8396201 3646.95127  0.22%  18.3    4s
*27447  1661             117    3653.3242183 3646.95127  0.17%  18.6    4s
*27476  1483             117    3649.9991551 3646.95127  0.08%  18.6    4s
*27494  1434             124    3648.6455341 3646.95127  0.05%  18.6    4s
*28409  1575             125    3647.6421783 3646.95127  0.02%  18.8    4s
*29654  1638             124    3647.6344873 3646.95127  0.02%  19.3    4s
 29767  1744 3646.95127  114    3 3647.63449 3646.95127  0.02%  19.4    5s
*30939  1751             127    3647.4499383 3646.95127  0.01%  19.7    5s
*31680  1769             125    3647.3307129 3646.95127  0.01%  20.0    5s
H35487  1870                    3647.3307123 3646.95127  0.01%  21.0    6s
*37431  1942             124    3647.2004609 3646.95127  0.01%  21.3    6s

Cutting planes:
  Gomory: 20
  Implied bound: 2
  MIR: 4
  Flow cover: 15
  Inf proof: 13
  Relax-and-lift: 2

Explored 37654 nodes (805854 simplex iterations) in 6.40 seconds (10.08 work units)
Thread count was 8 (of 8 available processors)

Solution count 10: 3647.2 3647.2 3647.33 ... 3654.84

Optimal solution found (tolerance 1.00e-04)
Best objective 3.647200460868e+03, best bound 3.646951268958e+03, gap 0.0068%

User-callback calls 79033, time in user-callback 0.01 sec

Gurobi 12.0.3 (mac64[arm]) logging started Tue Sep 23 18:43:08 2025

Set parameter LogFile to value "Logs/PowerFlow Logs/L20/phase1/scenario_generation.log"
Set parameter LogToConsole to value 0

Gurobi 12.0.3 (mac64[arm]) logging started Tue Sep 23 18:43:08 2025

Set parameter LogFile to value "Logs/PowerFlow Logs/L20/phase1/scenario_generation.log"
Gurobi Optimizer version 12.0.3 build v12.0.3rc0 (mac64[arm] - Darwin 24.6.0 24G222)

CPU model: Apple M3
Thread count: 8 physical cores, 8 logical processors, using up to 8 threads

Non-default parameters:
TimeLimit  60
LogToConsole  0

Optimize a model with 980 rows, 726 columns and 3212 nonzeros
Model fingerprint: 0x710cd03d
Variable types: 540 continuous, 186 integer (186 binary)
Coefficient statistics:
  Matrix range     [1e+00, 3e+03]
  Objective range  [6e-02, 1e+04]
  Bounds range     [0e+00, 0e+00]
  RHS range        [6e-02, 3e+03]
Found heuristic solution: objective 434641.32620
Found heuristic solution: objective 434641.32474
Presolve removed 181 rows and 40 columns
Presolve time: 0.01s
Presolved: 799 rows, 686 columns, 2644 nonzeros
Found heuristic solution: objective 414280.25704
Variable types: 513 continuous, 173 integer (173 binary)

Root relaxation: objective 2.203624e+03, 1000 iterations, 0.01 seconds (0.01 work units)

    Nodes    |    Current Node    |     Objective Bounds      |     Work
 Expl Unexpl |  Obj  Depth IntInf | Incumbent    BestBd   Gap | It/Node Time

     0     0 2203.62387    0   17 414280.257 2203.62387  99.5%     -    0s
H    0     0                    37671.002026 2203.62387  94.2%     -    0s
H    0     0                    36876.633858 2203.62387  94.0%     -    0s
H    0     0                    28222.374674 2203.62387  92.2%     -    0s
     0     0 2203.62387    0   13 28222.3747 2203.62387  92.2%     -    0s
H    0     0                    8192.3200635 2203.62387  73.1%     -    0s
     0     0 2203.62387    0   12 8192.32006 2203.62387  73.1%     -    0s
     0     0 2212.63020    0   12 8192.32006 2212.63020  73.0%     -    0s
H    0     0                    8152.3138670 2228.07129  72.7%     -    0s
     0     0 2228.07129    0   12 8152.31387 2228.07129  72.7%     -    0s
     0     0 2228.16089    0   14 8152.31387 2228.16089  72.7%     -    0s
     0     0 2228.28245    0   14 8152.31387 2228.28245  72.7%     -    0s
H    0     0                    3804.4736988 2228.81272  41.4%     -    0s
     0     0 2228.81272    0   13 3804.47370 2228.81272  41.4%     -    0s
     0     0 2228.81375    0   14 3804.47370 2228.81375  41.4%     -    0s
     0     0 2228.86353    0   15 3804.47370 2228.86353  41.4%     -    0s
H    0     0                    3804.4736983 2228.86353  41.4%     -    0s
     0     0 2228.86353    0   15 3804.47370 2228.86353  41.4%     -    0s
H    0     0                    3789.7948506 2228.86353  41.2%     -    0s
     0     0 2228.86588    0   15 3789.79485 2228.86588  41.2%     -    0s
     0     0 2228.86588    0   11 3789.79485 2228.86588  41.2%     -    0s
     0     2 2228.86588    0   11 3789.79485 2228.86588  41.2%     -    0s
* 1090   907             138    3782.7869744 2559.28231  32.3%  18.9    0s
* 1489  1159             127    3584.6219248 2559.28231  28.6%  17.4    0s
* 1492  1158             127    3578.3824713 2559.28231  28.5%  17.3    0s
* 1495  1158             126    3576.1459379 2559.28231  28.4%  17.3    0s
H 1845  1268                    3576.1459375 2559.28231  28.4%  17.2    0s
H 1889  1269                    3576.1459371 2559.28231  28.4%  17.1    0s
H 2725  1543                    3538.6897405 2559.28231  27.7%  16.3    0s
H 3258  1707                    3515.9033979 2559.28231  27.2%  16.5    0s
H 3369  1681                    3505.4789056 2559.28231  27.0%  16.4    0s
H 3473  1697                    3505.4789044 2559.28231  27.0%  16.3    0s
* 4320  1932             153    3500.6993063 2559.28231  26.9%  15.8    0s
* 4324  1820             153    3467.4721037 2559.28231  26.2%  15.8    0s
* 4325  1820             153    3467.2862113 2559.28231  26.2%  15.8    0s
H 4607   846                    3325.8283796 2559.28231  23.0%  15.5    0s
H 5193  1126                    3325.8283781 2614.29725  21.4%  15.1    0s
* 6203  1794             151    3313.9318539 2777.52665  16.2%  14.9    1s
* 7157  1714             150    3188.5873359 2777.52665  12.9%  14.4    1s
* 7966  1979             140    3157.0273469 2777.52665  12.0%  14.0    1s
H 8804  2564                    3156.2118199 2777.52665  12.0%  13.8    1s
* 8972  2490             125    3143.2471542 2777.52665  11.6%  13.8    1s
H10368  2977                    3100.1019861 2777.52665  10.4%  13.4    1s
H10376  2977                    3099.0482063 2777.52665  10.4%  13.4    1s
H10378  2915                    3069.4344568 2777.52665  9.51%  13.4    1s
H10386  2814                    3045.5857860 2777.52665  8.80%  13.4    1s
H18110  4703                    2861.8478532 2777.52665  2.95%  12.6    2s
H25163  5390                    2832.1695318 2777.52665  1.93%  15.7    3s
H25179  5351                    2831.2310701 2777.52665  1.90%  15.7    3s
 31440  7164 2777.52665   70   10 2831.23107 2777.52665  1.90%  17.3    5s
H39200  8934                    2825.3049142 2777.52665  1.69%  19.2    6s
H48547 10615                    2820.1434972 2777.52665  1.51%  20.7    8s
H48628 10199                    2817.6346216 2777.52665  1.42%  20.7    8s
 57119 11949 2777.56061   79   10 2817.63462 2777.52665  1.42%  22.2   10s
 85070 14133     cutoff   60      2817.63462 2777.52665  1.42%  24.8   15s
*98227 14925             120    2817.5817829 2777.52665  1.42%  25.8   17s
H98408 14928                    2817.5774229 2777.52665  1.42%  25.8   17s
H98412 14723                    2816.3644652 2777.52665  1.38%  25.8   17s
H98467 14682                    2815.3090483 2777.52665  1.34%  25.8   18s
 109859 16173 2777.52665   53    9 2815.30905 2777.52665  1.34%  26.2   20s
 143067 18636 2812.37463   57   13 2815.30905 2812.37463  0.10%  26.2   25s
 167182 26492 2812.37463   58   11 2815.30905 2812.37463  0.10%  27.5   30s
 194857 34057     cutoff   91      2815.30905 2812.37463  0.10%  28.3   35s
H202999 36515                    2815.3090477 2812.37463  0.10%  28.5   36s
H203365 36511                    2815.2969056 2812.37463  0.10%  28.5   36s
 222490 42080     cutoff   85      2815.29691 2812.37463  0.10%  29.0   40s
H229365 43761                    2815.2917499 2812.37463  0.10%  29.2   41s
H229431 43755                    2815.2853493 2812.37463  0.10%  29.2   41s
H230781 44061                    2815.2853489 2812.37463  0.10%  29.3   41s
 246890 48429 infeasible   67      2815.28535 2812.37463  0.10%  29.8   45s
 269419 53802 infeasible   96      2815.28535 2812.37463  0.10%  30.9   50s
H283100 56525                    2815.2853479 2812.37463  0.10%  31.3   53s
H284498 56831                    2815.2840164 2812.37463  0.10%  31.4   53s
 292748 58445 2812.37463   92    9 2815.28402 2812.37463  0.10%  31.4   55s
 318708 63115 2812.37463   88    6 2815.28402 2812.37463  0.10%  31.6   60s

Cutting planes:
  Gomory: 3
  Implied bound: 5
  MIR: 9
  Flow cover: 17
  Relax-and-lift: 3

Explored 319049 nodes (10092910 simplex iterations) in 60.00 seconds (96.92 work units)
Thread count was 8 (of 8 available processors)

Solution count 10: 2815.28 2815.29 2815.29 ... 2820.14

Time limit reached
Best objective 2.815284016417e+03, best bound 2.812374630133e+03, gap 0.1033%

User-callback calls 670018, time in user-callback 0.09 sec

Gurobi 12.0.3 (mac64[arm]) logging started Tue Sep 23 18:44:08 2025

Set parameter LogFile to value "Logs/PowerFlow Logs/L20/phase1/scenario_generation.log"
Set parameter LogToConsole to value 0

Gurobi 12.0.3 (mac64[arm]) logging started Tue Sep 23 18:44:08 2025

Set parameter LogFile to value "Logs/PowerFlow Logs/L20/phase1/scenario_generation.log"
Gurobi Optimizer version 12.0.3 build v12.0.3rc0 (mac64[arm] - Darwin 24.6.0 24G222)

CPU model: Apple M3
Thread count: 8 physical cores, 8 logical processors, using up to 8 threads

Non-default parameters:
TimeLimit  60
LogToConsole  0

Optimize a model with 980 rows, 726 columns and 3212 nonzeros
Model fingerprint: 0xfe852e92
Variable types: 540 continuous, 186 integer (186 binary)
Coefficient statistics:
  Matrix range     [1e+00, 3e+03]
  Objective range  [6e-02, 1e+04]
  Bounds range     [0e+00, 0e+00]
  RHS range        [6e-02, 3e+03]
Found heuristic solution: objective 438655.81877
Found heuristic solution: objective 438655.81739
Presolve removed 181 rows and 40 columns
Presolve time: 0.01s
Presolved: 799 rows, 686 columns, 2644 nonzeros
Found heuristic solution: objective 418871.48224
Variable types: 513 continuous, 173 integer (173 binary)

Root relaxation: objective 2.232908e+03, 1012 iterations, 0.01 seconds (0.01 work units)

    Nodes    |    Current Node    |     Objective Bounds      |     Work
 Expl Unexpl |  Obj  Depth IntInf | Incumbent    BestBd   Gap | It/Node Time

     0     0 2232.90812    0   21 418871.482 2232.90812  99.5%     -    0s
H    0     0                    39830.939721 2232.90812  94.4%     -    0s
H    0     0                    38480.758823 2232.90812  94.2%     -    0s
H    0     0                    38139.725723 2232.90812  94.1%     -    0s
     0     0 2232.90812    0   15 38139.7257 2232.90812  94.1%     -    0s
H    0     0                    12513.243107 2232.90812  82.2%     -    0s
     0     0 2232.90812    0   16 12513.2431 2232.90812  82.2%     -    0s
     0     0 2232.90812    0   13 12513.2431 2232.90812  82.2%     -    0s
     0     0 2232.90812    0   13 12513.2431 2232.90812  82.2%     -    0s
     0     0 2232.90812    0   13 12513.2431 2232.90812  82.2%     -    0s
H    0     0                    5599.9161348 2232.90812  60.1%     -    0s
     0     0 2232.90812    0   13 5599.91613 2232.90812  60.1%     -    0s
     0     0 2232.90812    0   13 5599.91613 2232.90812  60.1%     -    0s
     0     0 2232.90812    0   12 5599.91613 2232.90812  60.1%     -    0s
     0     2 2232.90812    0   10 5599.91613 2232.90812  60.1%     -    0s
H  299   291                    4042.3355953 2344.45542  42.0%  11.9    0s
H 1038   540                    3413.2056997 2524.13682  26.0%  13.2    0s
H 1488   834                    3403.4476787 2524.13682  25.8%  13.2    0s
H 1531   592                    3232.0581517 2524.13682  21.9%  13.2    0s
H 2364   677                    3232.0581509 2670.49079  17.4%  14.2    0s
H 2948   750                    3207.1697164 2670.49079  16.7%  15.1    0s
H 2956   637                    3117.1736580 2670.49079  14.3%  15.1    0s
H 3243   582                    3117.1736569 2948.08475  5.42%  15.3    0s
* 3978   679             129    3067.4912857 2948.08475  3.89%  15.0    0s
* 3979   679             129    3067.4867505 2948.08475  3.89%  14.9    0s
* 3985   679             129    3067.4822915 2948.08475  3.89%  14.9    0s
* 3986   679             129    3067.4810897 2948.08475  3.89%  14.9    0s
* 3988   679             127    3067.4806460 2948.08475  3.89%  14.9    0s
H 4228   430                    2977.1567930 2948.08475  0.98%  14.7    0s
H 5588   856                    2970.5660430 2948.08475  0.76%  15.5    1s
H 5592   847                    2969.9553924 2948.08475  0.74%  15.5    1s
H 8181  1181                    2965.8832853 2948.08475  0.60%  18.5    1s
* 9634  1286              95    2965.2412732 2948.08475  0.58%  20.7    1s
H10157  1327                    2963.5545768 2948.08475  0.52%  21.3    2s
H10158  1142                    2953.8838368 2948.08475  0.20%  21.3    2s
H12604  1773                    2948.0986707 2948.08475  0.00%  23.1    2s

Cutting planes:
  Gomory: 3
  MIR: 3

Explored 12633 nodes (294168 simplex iterations) in 2.62 seconds (3.75 work units)
Thread count was 8 (of 8 available processors)

Solution count 10: 2948.1 2953.88 2963.55 ... 3067.48

Optimal solution found (tolerance 1.00e-04)
Best objective 2.948098670689e+03, best bound 2.948084745244e+03, gap 0.0005%

User-callback calls 27304, time in user-callback 0.01 sec

Gurobi 12.0.3 (mac64[arm]) logging started Tue Sep 23 18:44:11 2025

Set parameter LogFile to value "Logs/PowerFlow Logs/L20/phase1/scenario_generation.log"
Set parameter LogToConsole to value 0

Gurobi 12.0.3 (mac64[arm]) logging started Tue Sep 23 18:44:11 2025

Set parameter LogFile to value "Logs/PowerFlow Logs/L20/phase1/scenario_generation.log"
Gurobi Optimizer version 12.0.3 build v12.0.3rc0 (mac64[arm] - Darwin 24.6.0 24G222)

CPU model: Apple M3
Thread count: 8 physical cores, 8 logical processors, using up to 8 threads

Non-default parameters:
TimeLimit  60
LogToConsole  0

Optimize a model with 980 rows, 726 columns and 3212 nonzeros
Model fingerprint: 0x9199ff44
Variable types: 540 continuous, 186 integer (186 binary)
Coefficient statistics:
  Matrix range     [1e+00, 3e+03]
  Objective range  [6e-02, 1e+04]
  Bounds range     [0e+00, 0e+00]
  RHS range        [6e-02, 3e+03]
Found heuristic solution: objective 438043.94453
Found heuristic solution: objective 438043.94273
Presolve removed 181 rows and 40 columns
Presolve time: 0.01s
Presolved: 799 rows, 686 columns, 2644 nonzeros
Found heuristic solution: objective 417982.38771
Variable types: 513 continuous, 173 integer (173 binary)

Root relaxation: objective 2.279635e+03, 1106 iterations, 0.01 seconds (0.02 work units)

    Nodes    |    Current Node    |     Objective Bounds      |     Work
 Expl Unexpl |  Obj  Depth IntInf | Incumbent    BestBd   Gap | It/Node Time

     0     0 2279.63517    0   23 417982.388 2279.63517  99.5%     -    0s
H    0     0                    95355.411534 2279.63517  97.6%     -    0s
H    0     0                    71739.507701 2279.63517  96.8%     -    0s
H    0     0                    69686.524767 2279.63517  96.7%     -    0s
H    0     0                    64030.586337 2279.63517  96.4%     -    0s
     0     0 2279.63517    0   18 64030.5863 2279.63517  96.4%     -    0s
H    0     0                    12048.139173 2279.63517  81.1%     -    0s
     0     0 2279.63517    0   16 12048.1392 2279.63517  81.1%     -    0s
     0     0 2279.63517    0   15 12048.1392 2279.63517  81.1%     -    0s
     0     0 2279.63517    0   16 12048.1392 2279.63517  81.1%     -    0s
     0     0 2279.63517    0   15 12048.1392 2279.63517  81.1%     -    0s
     0     0 2279.63517    0   16 12048.1392 2279.63517  81.1%     -    0s
     0     0 2279.63517    0   16 12048.1392 2279.63517  81.1%     -    0s
     0     0 2279.63517    0   16 12048.1392 2279.63517  81.1%     -    0s
     0     2 2279.63517    0   16 12048.1392 2279.63517  81.1%     -    0s
H   37    64                    12001.912392 2279.63517  81.0%  24.6    0s
H  103   138                    12001.104704 2279.63517  81.0%  18.4    0s
H  123   138                    5770.1279171 2279.63517  60.5%  17.5    0s
H  183   194                    3888.1556029 2279.63517  41.4%  15.3    0s
H  193   194                    3873.1210837 2279.63517  41.1%  15.4    0s
H  344   349                    3698.4421295 2279.63517  38.4%  15.6    0s
H  418   427                    3597.5426809 2279.63517  36.6%  14.4    0s
H  825   702                    3561.3657838 2279.63517  36.0%  15.4    0s
H 1100   865                    3521.0107444 2279.63517  35.3%  15.8    0s
H 1325   989                    3519.6040385 2279.63517  35.2%  16.4    0s
* 1356  1050             146    3486.1720636 2279.63517  34.6%  16.8    0s
H 1596  1202                    3486.1720632 2279.63517  34.6%  17.4    0s
H 1599  1192                    3484.9608930 2279.63517  34.6%  17.5    0s
H 1864  1144                    3429.3178058 2279.63517  33.5%  17.0    0s
H 1864  1069                    3392.4136017 2279.63517  32.8%  17.0    0s
H 1864   930                    3353.5095070 2279.63517  32.0%  17.0    0s
H 1880   869                    3353.5095065 2307.86879  31.2%  16.8    0s
H 1889   831                    3353.5095059 2309.21658  31.1%  16.7    0s
H 2066   862                    3353.5095053 2490.50515  25.7%  18.6    0s
H 2133   870                    3353.5095046 2490.50515  25.7%  18.4    0s
H 2853  1202                    3353.5095041 2490.50515  25.7%  18.2    1s
H 3193   741                    3286.4725963 2490.50515  24.2%  18.6    1s
H 3289   693                    3264.9063792 2490.50515  23.7%  18.6    1s
H 3388   628                    3264.9063778 2621.08735  19.7%  18.3    1s
* 4403   726             134    3119.6690736 2784.97043  10.7%  17.8    1s
* 4407   726             134    3119.3886909 2784.97043  10.7%  17.8    1s
H 4656   741                    3119.3886901 2827.62284  9.35%  17.4    1s
H 5722  1045                    3113.7747382 2907.56334  6.62%  16.6    1s
* 5960  1001             140    3068.8673561 2907.56334  5.26%  16.6    1s
* 5961  1001             140    3064.8108248 2907.56334  5.13%  16.6    1s
* 5974  1001             138    3062.8912699 2907.56334  5.07%  16.5    1s
H 8361  1888                    3057.2741455 2907.56334  4.90%  16.1    1s
* 8734  2009             148    3054.3596993 2907.56334  4.81%  15.9    1s
H10080  2196                    3046.4391896 2907.56334  4.56%  15.7    2s
H10122  2285                    3046.4391891 2907.56334  4.56%  15.7    2s
H10247  1677                    2979.7567051 2907.56334  2.42%  15.7    2s
*11950  2041             140    2971.0091269 2907.56334  2.14%  15.8    2s
H13296  2517                    2963.7154510 2907.56334  1.89%  16.1    2s
H13446  2253                    2944.4438183 2907.56334  1.25%  16.2    2s
*13460  2253             135    2944.4376717 2907.56334  1.25%  16.1    2s
*14190  1835             135    2917.3112691 2907.56334  0.33%  16.3    2s
*14192  1835             134    2917.3047428 2907.56334  0.33%  16.3    2s
*14195  1812             135    2914.9618262 2907.56334  0.25%  16.3    2s
*14197  1812             134    2914.9584435 2907.56334  0.25%  16.3    2s
*14200  1812             133    2914.9007467 2907.56334  0.25%  16.3    2s
H14407  1704                    2913.5158544 2907.56334  0.20%  16.4    2s
H14416  1686                    2911.1990967 2907.56334  0.12%  16.4    2s
H14419  1638                    2908.1687223 2907.56334  0.02%  16.4    2s
*16128  2481             112    2907.6180883 2907.56334  0.00%  17.7    3s
*16131  2481             114    2907.6159159 2907.56334  0.00%  17.7    3s
*16133  2478             113    2907.5998177 2907.56334  0.00%  17.7    3s

Cutting planes:
  Gomory: 21
  Cover: 1
  Implied bound: 3
  MIR: 2
  Flow cover: 25
  Inf proof: 6
  RLT: 1

Explored 16570 nodes (299858 simplex iterations) in 3.12 seconds (4.31 work units)
Thread count was 8 (of 8 available processors)

Solution count 10: 2907.6 2907.62 2907.62 ... 2917.3

Optimal solution found (tolerance 1.00e-04)
Best objective 2.907599817741e+03, best bound 2.907563340758e+03, gap 0.0013%

User-callback calls 35316, time in user-callback 0.00 sec

Gurobi 12.0.3 (mac64[arm]) logging started Tue Sep 23 18:44:14 2025

Set parameter LogFile to value "Logs/PowerFlow Logs/L20/phase1/scenario_generation.log"
Set parameter LogToConsole to value 0

Gurobi 12.0.3 (mac64[arm]) logging started Tue Sep 23 18:44:14 2025

Set parameter LogFile to value "Logs/PowerFlow Logs/L20/phase1/scenario_generation.log"
Gurobi Optimizer version 12.0.3 build v12.0.3rc0 (mac64[arm] - Darwin 24.6.0 24G222)

CPU model: Apple M3
Thread count: 8 physical cores, 8 logical processors, using up to 8 threads

Non-default parameters:
TimeLimit  60
LogToConsole  0

Optimize a model with 980 rows, 726 columns and 3212 nonzeros
Model fingerprint: 0x11599ba8
Variable types: 540 continuous, 186 integer (186 binary)
Coefficient statistics:
  Matrix range     [1e+00, 3e+03]
  Objective range  [6e-02, 1e+04]
  Bounds range     [0e+00, 0e+00]
  RHS range        [6e-02, 3e+03]
Found heuristic solution: objective 448044.88166
Found heuristic solution: objective 448044.88026
Presolve removed 181 rows and 40 columns
Presolve time: 0.01s
Presolved: 799 rows, 686 columns, 2644 nonzeros
Found heuristic solution: objective 427829.65095
Variable types: 513 continuous, 173 integer (173 binary)

Root relaxation: objective 2.496721e+03, 911 iterations, 0.01 seconds (0.01 work units)

    Nodes    |    Current Node    |     Objective Bounds      |     Work
 Expl Unexpl |  Obj  Depth IntInf | Incumbent    BestBd   Gap | It/Node Time

     0     0 2496.72052    0   21 427829.651 2496.72052  99.4%     -    0s
H    0     0                    62777.587656 2496.72052  96.0%     -    0s
H    0     0                    62754.444754 2496.72052  96.0%     -    0s
H    0     0                    55965.158091 2496.72052  95.5%     -    0s
H    0     0                    44922.264799 2496.72052  94.4%     -    0s
     0     0 2496.72052    0   18 44922.2648 2496.72052  94.4%     -    0s
H    0     0                    27483.484640 2496.72052  90.9%     -    0s
     0     0 2496.72052    0   14 27483.4846 2496.72052  90.9%     -    0s
H    0     0                    26756.617696 2496.72052  90.7%     -    0s
     0     0 2496.72052    0   11 26756.6177 2496.72052  90.7%     -    0s
H    0     0                    15641.022196 2496.72052  84.0%     -    0s
     0     0 2496.72052    0   11 15641.0222 2496.72052  84.0%     -    0s
     0     0 2496.72052    0   12 15641.0222 2496.72052  84.0%     -    0s
     0     0 2496.72052    0   14 15641.0222 2496.72052  84.0%     -    0s
     0     0 2496.72052    0   13 15641.0222 2496.72052  84.0%     -    0s
     0     0 2496.72052    0   13 15641.0222 2496.72052  84.0%     -    0s
H    0     0                    14001.049553 2496.72052  82.2%     -    0s
H    0     0                    13964.560808 2496.72052  82.1%     -    0s
     0     2 2496.72052    0   13 13964.5608 2496.72052  82.1%     -    0s
H   27    59                    11714.399887 2496.72052  78.7%  43.1    0s
H   62    59                    11053.336445 2496.72052  77.4%  31.1    0s
H  108   118                    10970.373353 2496.72052  77.2%  22.1    0s
H  399   427                    9386.9178332 2496.72052  73.4%  19.1    0s
H  572   505                    9061.8748153 2496.72052  72.4%  18.7    0s
H  599   505                    8737.9246154 2496.72052  71.4%  19.0    0s
H  651   505                    7926.8389164 2496.72052  68.5%  18.7    0s
H  827   524                    7480.2097891 2496.72052  66.6%  19.4    0s
H 1009   636                    7306.1108636 2496.72052  65.8%  18.9    0s
H 1198   614                    5446.1528044 2496.72052  54.2%  18.5    0s
H 1408   606                    4957.5800697 2496.72052  49.6%  17.7    0s
H 1686   804                    4862.6884508 2496.72052  48.7%  17.5    0s
H 1686   750                    4607.4835973 2496.72052  45.8%  17.5    0s
H 1686   608                    4221.9963010 2496.72052  40.9%  17.5    0s
H 1686   592                    3962.5048475 2496.72052  37.0%  17.5    0s
H 1699   566                    3962.5048470 2496.72052  37.0%  17.4    0s
H 1699   538                    3962.5048462 2496.72052  37.0%  17.4    0s
H 1730   533                    3962.5048449 2813.23625  29.0%  19.7    0s
H 2758   659                    3822.1062103 2813.23625  26.4%  19.6    1s
H 2803   654                    3822.1062080 2813.23625  26.4%  19.6    1s
H 3730   505                    3677.5731438 3031.22529  17.6%  19.6    1s
H 4819  1021                    3664.4621275 3309.32665  9.69%  18.8    1s
* 7126  2228              96    3641.6724588 3393.57038  6.81%  19.0    1s
* 9809  2826              99    3633.1527787 3393.57038  6.59%  18.5    2s
H10472  2581                    3531.4959994 3393.57038  3.91%  18.6    2s
H11794  2340                    3482.1327451 3393.57038  2.54%  18.5    2s
*12335  2115             104    3447.8791225 3393.57038  1.58%  18.5    2s
*12338  1784             104    3423.2218626 3393.57038  0.87%  18.5    2s
*13400  1492             106    3400.6824890 3393.57038  0.21%  19.1    2s
H14564  1640                    3400.5050647 3393.57038  0.20%  19.7    3s
*15050  2473             114    3399.4470726 3393.57038  0.17%  20.5    4s
H17208  2407                    3399.0812331 3393.57038  0.16%  23.5    4s
*17263  2407             117    3399.0624013 3393.57038  0.16%  23.5    4s
 18605  2614 3393.57038  101   13 3399.06240 3393.57038  0.16%  25.8    5s
H18613  2254                    3393.6772436 3393.57038  0.00%  25.8    5s

Cutting planes:
  Gomory: 11
  Implied bound: 3
  MIR: 5
  Flow cover: 19

Explored 18695 nodes (487651 simplex iterations) in 5.12 seconds (6.22 work units)
Thread count was 8 (of 8 available processors)

Solution count 10: 3393.68 3399.06 3399.08 ... 3531.5

Optimal solution found (tolerance 1.00e-04)
Best objective 3.393677243607e+03, best bound 3.393570381898e+03, gap 0.0031%

User-callback calls 40175, time in user-callback 0.01 sec

Gurobi 12.0.3 (mac64[arm]) logging started Tue Sep 23 18:44:19 2025

Set parameter LogFile to value "Logs/PowerFlow Logs/L20/phase1/scenario_generation.log"
Set parameter LogToConsole to value 0

Gurobi 12.0.3 (mac64[arm]) logging started Tue Sep 23 18:44:19 2025

Set parameter LogFile to value "Logs/PowerFlow Logs/L20/phase1/scenario_generation.log"
Gurobi Optimizer version 12.0.3 build v12.0.3rc0 (mac64[arm] - Darwin 24.6.0 24G222)

CPU model: Apple M3
Thread count: 8 physical cores, 8 logical processors, using up to 8 threads

Non-default parameters:
TimeLimit  60
LogToConsole  0

Optimize a model with 980 rows, 726 columns and 3212 nonzeros
Model fingerprint: 0x937ec612
Variable types: 540 continuous, 186 integer (186 binary)
Coefficient statistics:
  Matrix range     [1e+00, 3e+03]
  Objective range  [6e-02, 1e+04]
  Bounds range     [0e+00, 0e+00]
  RHS range        [3e-02, 3e+03]
Found heuristic solution: objective 439393.81976
Found heuristic solution: objective 439393.81837
Presolve removed 181 rows and 40 columns
Presolve time: 0.01s
Presolved: 799 rows, 686 columns, 2644 nonzeros
Found heuristic solution: objective 418963.59690
Variable types: 513 continuous, 173 integer (173 binary)

Root relaxation: objective 2.226691e+03, 1049 iterations, 0.01 seconds (0.01 work units)

    Nodes    |    Current Node    |     Objective Bounds      |     Work
 Expl Unexpl |  Obj  Depth IntInf | Incumbent    BestBd   Gap | It/Node Time

     0     0 2226.69128    0   20 418963.597 2226.69128  99.5%     -    0s
H    0     0                    75588.395180 2226.69128  97.1%     -    0s
H    0     0                    52675.107878 2226.69128  95.8%     -    0s
     0     0 2228.13985    0   18 52675.1079 2228.13985  95.8%     -    0s
H    0     0                    16884.825947 2245.09985  86.7%     -    0s
H    0     0                    11475.404696 2245.09985  80.4%     -    0s
     0     0 2245.09985    0   18 11475.4047 2245.09985  80.4%     -    0s
     0     0 2245.09985    0   18 11475.4047 2245.09985  80.4%     -    0s
     0     0 2245.39349    0   17 11475.4047 2245.39349  80.4%     -    0s
     0     0 2245.57184    0   17 11475.4047 2245.57184  80.4%     -    0s
H    0     0                    11443.308056 2245.57184  80.4%     -    0s
     0     0 2252.69753    0   16 11443.3081 2252.69753  80.3%     -    0s
H    0     0                    10899.166689 2252.69753  79.3%     -    0s
     0     0 2252.69753    0   16 10899.1667 2252.69753  79.3%     -    0s
     0     0 2252.69753    0   17 10899.1667 2252.69753  79.3%     -    0s
     0     0 2252.69753    0   17 10899.1667 2252.69753  79.3%     -    0s
     0     0 2252.69753    0   10 10899.1667 2252.69753  79.3%     -    0s
H    0     0                    5005.1752066 2252.69753  55.0%     -    0s
     0     0 2252.69753    0   12 5005.17521 2252.69753  55.0%     -    0s
     0     0 2252.80675    0   13 5005.17521 2252.80675  55.0%     -    0s
     0     0 2252.80675    0   15 5005.17521 2252.80675  55.0%     -    0s
     0     0 2252.80675    0   15 5005.17521 2252.80675  55.0%     -    0s
H    0     0                    4939.7348058 2252.80675  54.4%     -    0s
     0     0 2252.80675    0   13 4939.73481 2252.80675  54.4%     -    0s
     0     0 2252.80675    0   13 4939.73481 2252.80675  54.4%     -    0s
     0     0 2252.80675    0   13 4939.73481 2252.80675  54.4%     -    0s
     0     0 2252.80675    0   13 4939.73481 2252.80675  54.4%     -    0s
H    0     0                    4020.7290270 2252.80675  44.0%     -    0s
     0     2 2252.80675    0   12 4020.72903 2252.80675  44.0%     -    0s
H   56    58                    4020.7290257 2265.63891  43.7%  11.0    0s
H  469   503                    3768.4385643 2274.97537  39.6%  14.6    0s
H  774   668                    3660.8017864 2459.07718  32.8%  15.1    0s
H 1676   892                    3519.9626462 2503.03031  28.9%  12.8    0s
H 2107  1016                    3519.9626435 2503.03031  28.9%  13.2    0s
H 2361  1100                    3479.8927459 2503.03031  28.1%  13.3    0s
H 2927  1022                    3442.5609327 2503.03031  27.3%  13.0    0s
H 3050  1043                    3442.5609315 2503.03031  27.3%  13.0    0s
H 3646  1268                    3442.5609293 2597.70088  24.5%  13.4    0s
H 4756   786                    3339.9187381 2597.70088  22.2%  13.1    1s
H 5105   877                    3275.3046153 2597.70088  20.7%  12.8    1s
H 5129   532                    3120.8779058 2597.70088  16.8%  12.8    1s
H 6409  1060                    3101.3620835 2597.70088  16.2%  12.4    1s
H 7232  1095                    3005.3372580 2597.70088  13.6%  12.3    1s
* 7564  1249              63    2996.0040598 2770.98313  7.51%  12.2    1s
* 7738  1160              87    2967.1192350 2786.04403  6.10%  12.1    1s
* 7739  1137              87    2957.5021359 2786.04403  5.80%  12.1    1s
H 7911  1241                    2957.5021349 2786.04403  5.80%  12.1    1s
* 8720  1907              66    2956.1272770 2817.95566  4.67%  12.0    1s
* 8721  1904              66    2953.7092769 2817.95566  4.60%  12.0    1s
H10078  2182                    2931.2190059 2817.95566  3.86%  12.1    1s
*11492  2510             100    2924.5720723 2817.95566  3.65%  12.7    2s
*13151  2934             118    2919.8432023 2817.95566  3.49%  13.3    2s
*13157  2186             120    2892.6053589 2817.95566  2.58%  13.3    2s
H13589  1766                    2871.8989154 2817.95566  1.88%  13.4    2s
H14916  1854                    2871.8989138 2817.95566  1.88%  14.0    2s
H14917  1822                    2869.5270968 2817.95566  1.80%  14.0    2s
H14919  1333                    2829.8035916 2817.95566  0.42%  14.0    2s
H15408  1191                    2820.2739864 2817.95566  0.08%  14.4    3s
H15415  1191                    2818.0146174 2817.95566  0.00%  14.4    3s

Cutting planes:
  Gomory: 1
  MIR: 4
  Inf proof: 2
  Relax-and-lift: 1

Explored 15453 nodes (225704 simplex iterations) in 3.01 seconds (3.21 work units)
Thread count was 8 (of 8 available processors)

Solution count 10: 2818.01 2820.27 2829.8 ... 2953.71

Optimal solution found (tolerance 1.00e-04)
Best objective 2.818014617447e+03, best bound 2.817955664055e+03, gap 0.0021%

User-callback calls 32959, time in user-callback 0.01 sec

Gurobi 12.0.3 (mac64[arm]) logging started Tue Sep 23 18:44:22 2025

Set parameter LogFile to value "Logs/PowerFlow Logs/L20/phase1/scenario_generation.log"
Set parameter LogToConsole to value 0

Gurobi 12.0.3 (mac64[arm]) logging started Tue Sep 23 18:44:22 2025

Set parameter LogFile to value "Logs/PowerFlow Logs/L20/phase1/scenario_generation.log"
Gurobi Optimizer version 12.0.3 build v12.0.3rc0 (mac64[arm] - Darwin 24.6.0 24G222)

CPU model: Apple M3
Thread count: 8 physical cores, 8 logical processors, using up to 8 threads

Non-default parameters:
TimeLimit  60
LogToConsole  0

Optimize a model with 980 rows, 726 columns and 3212 nonzeros
Model fingerprint: 0x0a294189
Variable types: 540 continuous, 186 integer (186 binary)
Coefficient statistics:
  Matrix range     [1e+00, 3e+03]
  Objective range  [6e-02, 1e+04]
  Bounds range     [0e+00, 0e+00]
  RHS range        [5e-02, 3e+03]
Found heuristic solution: objective 435623.27227
Found heuristic solution: objective 435623.27051
Presolve removed 181 rows and 40 columns
Presolve time: 0.01s
Presolved: 799 rows, 686 columns, 2644 nonzeros
Found heuristic solution: objective 416406.60921
Variable types: 513 continuous, 173 integer (173 binary)

Root relaxation: objective 2.166939e+03, 1032 iterations, 0.01 seconds (0.01 work units)

    Nodes    |    Current Node    |     Objective Bounds      |     Work
 Expl Unexpl |  Obj  Depth IntInf | Incumbent    BestBd   Gap | It/Node Time

     0     0 2166.93941    0   15 416406.609 2166.93941  99.5%     -    0s
H    0     0                    53482.352209 2166.93941  95.9%     -    0s
H    0     0                    20787.481762 2166.93941  89.6%     -    0s
     0     0 2166.93941    0   21 20787.4818 2166.93941  89.6%     -    0s
H    0     0                    10929.334823 2166.93941  80.2%     -    0s
     0     0 2166.93941    0   22 10929.3348 2166.93941  80.2%     -    0s
     0     0 2166.93941    0   13 10929.3348 2166.93941  80.2%     -    0s
H    0     0                    8219.8417317 2166.93941  73.6%     -    0s
     0     0 2166.93941    0   14 8219.84173 2166.93941  73.6%     -    0s
     0     0 2166.93941    0   13 8219.84173 2166.93941  73.6%     -    0s
H    0     0                    3842.2801664 2166.93941  43.6%     -    0s
     0     0 2166.93941    0   15 3842.28017 2166.93941  43.6%     -    0s
     0     0 2166.93941    0   16 3842.28017 2166.93941  43.6%     -    0s
     0     0 2166.93941    0   17 3842.28017 2166.93941  43.6%     -    0s
     0     0 2166.93941    0   10 3842.28017 2166.93941  43.6%     -    0s
     0     0 2166.93941    0   16 3842.28017 2166.93941  43.6%     -    0s
     0     0 2166.93941    0   14 3842.28017 2166.93941  43.6%     -    0s
     0     0 2166.93941    0   15 3842.28017 2166.93941  43.6%     -    0s
     0     0 2166.93941    0   14 3842.28017 2166.93941  43.6%     -    0s
     0     0 2166.93941    0   12 3842.28017 2166.93941  43.6%     -    0s
     0     2 2166.93941    0   12 3842.28017 2166.93941  43.6%     -    0s
H  193   194                    3842.2801656 2208.90375  42.5%  15.0    0s
H  336   364                    3738.0169888 2209.08332  40.9%  15.7    0s
H  687   656                    3551.7231619 2209.85787  37.8%  16.4    0s
H  736   510                    3294.0130476 2209.85787  32.9%  16.9    0s
H  742   510                    2965.6721193 2209.85787  25.5%  17.0    0s
H 1488   681                    2926.4168441 2518.76860  13.9%  14.1    0s
H 2206   926                    2926.4168427 2518.76860  13.9%  15.5    0s
H 2504   910                    2926.4168420 2518.76860  13.9%  15.8    0s
H 3093   984                    2926.4168414 2518.76860  13.9%  16.3    0s
* 3832  1123             124    2923.4057634 2577.87951  11.8%  17.0    0s
H 3921   852                    2880.6086606 2623.23173  8.93%  17.0    0s
H 3922   756                    2832.4885477 2623.23173  7.39%  17.0    0s
* 4442   934              72    2808.3629928 2795.43996  0.46%  17.0    1s
* 5323  1054             115    2806.3961413 2795.43996  0.39%  16.4    1s
H 5694  1200                    2805.5444884 2795.43996  0.36%  16.5    1s
H 6036  1314                    2805.5444878 2795.43996  0.36%  17.0    1s
* 6051  1076              88    2798.8975299 2795.43996  0.12%  17.0    1s
* 6582  1352              81    2797.6427330 2795.43996  0.08%  17.6    1s
* 7405  1488              87    2797.6402446 2795.43996  0.08%  18.9    1s
* 7628  1494              87    2796.4700190 2795.43996  0.04%  19.2    1s
H 8908  1662                    2795.5887825 2795.43996  0.01%  20.0    1s

Cutting planes:
  Gomory: 1
  MIR: 2

Explored 8953 nodes (182206 simplex iterations) in 1.70 seconds (2.43 work units)
Thread count was 8 (of 8 available processors)

Solution count 10: 2795.59 2796.47 2797.64 ... 2880.61

Optimal solution found (tolerance 1.00e-04)
Best objective 2.795588782509e+03, best bound 2.795439956421e+03, gap 0.0053%

User-callback calls 19430, time in user-callback 0.00 sec

Gurobi 12.0.3 (mac64[arm]) logging started Tue Sep 23 18:44:24 2025

Set parameter LogFile to value "Logs/PowerFlow Logs/L20/phase1/scenario_generation.log"
Set parameter LogToConsole to value 0

Gurobi 12.0.3 (mac64[arm]) logging started Tue Sep 23 18:44:24 2025

Set parameter LogFile to value "Logs/PowerFlow Logs/L20/phase1/scenario_generation.log"
Gurobi Optimizer version 12.0.3 build v12.0.3rc0 (mac64[arm] - Darwin 24.6.0 24G222)

CPU model: Apple M3
Thread count: 8 physical cores, 8 logical processors, using up to 8 threads

Non-default parameters:
TimeLimit  60
LogToConsole  0

Optimize a model with 980 rows, 726 columns and 3212 nonzeros
Model fingerprint: 0x529d886c
Variable types: 540 continuous, 186 integer (186 binary)
Coefficient statistics:
  Matrix range     [1e+00, 3e+03]
  Objective range  [6e-02, 1e+04]
  Bounds range     [0e+00, 0e+00]
  RHS range        [4e-02, 3e+03]
Found heuristic solution: objective 442711.79616
Found heuristic solution: objective 442711.79437
Presolve removed 181 rows and 40 columns
Presolve time: 0.01s
Presolved: 799 rows, 686 columns, 2644 nonzeros
Found heuristic solution: objective 423053.75744
Variable types: 513 continuous, 173 integer (173 binary)

Root relaxation: objective 2.423914e+03, 927 iterations, 0.01 seconds (0.01 work units)

    Nodes    |    Current Node    |     Objective Bounds      |     Work
 Expl Unexpl |  Obj  Depth IntInf | Incumbent    BestBd   Gap | It/Node Time

     0     0 2423.91413    0   28 423053.757 2423.91413  99.4%     -    0s
H    0     0                    124029.05325 2423.91413  98.0%     -    0s
H    0     0                    94068.193868 2423.91413  97.4%     -    0s
H    0     0                    87826.807602 2423.91413  97.2%     -    0s
     0     0 2442.15905    0   21 87826.8076 2442.15905  97.2%     -    0s
H    0     0                    18701.216648 2458.91295  86.9%     -    0s
H    0     0                    9226.5888551 2458.91295  73.3%     -    0s
     0     0 2458.91295    0   21 9226.58886 2458.91295  73.3%     -    0s
     0     0 2459.36759    0   22 9226.58886 2459.36759  73.3%     -    0s
     0     0 2462.33415    0   21 9226.58886 2462.33415  73.3%     -    0s
     0     0 2462.33415    0   23 9226.58886 2462.33415  73.3%     -    0s
H    0     0                    7343.4423437 2462.33415  66.5%     -    0s
     0     0 2469.42936    0   23 7343.44234 2469.42936  66.4%     -    0s
     0     0 2469.60692    0   20 7343.44234 2469.60692  66.4%     -    0s
     0     0 2469.60692    0   20 7343.44234 2469.60692  66.4%     -    0s
H    0     0                    7038.5370830 2469.60692  64.9%     -    0s
     0     0 2471.29831    0   17 7038.53708 2471.29831  64.9%     -    0s
     0     0 2471.31331    0   16 7038.53708 2471.31331  64.9%     -    0s
     0     0 2471.32922    0   16 7038.53708 2471.32922  64.9%     -    0s
     0     0 2471.95344    0   17 7038.53708 2471.95344  64.9%     -    0s
     0     0 2472.01216    0   18 7038.53708 2472.01216  64.9%     -    0s
     0     0 2478.96409    0   15 7038.53708 2478.96409  64.8%     -    0s
     0     2 2478.96409    0   15 7038.53708 2478.96409  64.8%     -    0s
H   36    40                    7038.5370818 2480.74050  64.8%  16.1    0s
H  193   194                    7024.5114221 2480.74050  64.7%  12.8    0s
H  544   478                    7022.9777217 2490.34708  64.5%  14.9    0s
H  767   638                    6339.2438871 2734.98146  56.9%  15.7    0s
H 1780  1318                    6339.2438860 2898.32659  54.3%  14.5    0s
H 2096  1405                    6339.2438849 2898.32659  54.3%  14.2    0s
H 3249  1889                    6084.4350581 2898.32659  52.4%  14.7    0s
H 3416  2057                    6074.2194287 2898.32659  52.3%  14.8    0s
H 3478  1981                    6072.2285061 2898.32659  52.3%  14.9    0s
* 3544  1395             116    4793.1281604 2898.32659  39.5%  14.7    0s
* 3556  1341             115    4791.3579017 2898.32659  39.5%  14.7    0s
* 3677  1044             115    3933.0687740 2898.32659  26.3%  14.6    0s
H 4785  1292                    3874.7659009 3052.85075  21.2%  14.1    0s
H 5136  1451                    3874.7659005 3052.85075  21.2%  13.9    0s
H 6306  2071                    3874.7658999 3052.85075  21.2%  13.6    1s
H 6709  1929                    3813.3980957 3052.85075  19.9%  13.7    1s
H10047  2967                    3787.1275909 3479.93951  8.11%  13.7    1s
H11341  1990                    3694.1864877 3479.93951  5.80%  13.5    1s
*11368  1984             103    3693.1382333 3479.93951  5.77%  13.4    1s
H15600  3307                    3675.1258866 3509.92119  4.50%  13.0    1s
H17112  2493                    3639.0174233 3509.92119  3.55%  12.9    2s
H17226  1845                    3613.2952910 3509.92119  2.86%  12.9    2s
H20054  2655                    3600.4470137 3509.92119  2.51%  12.9    2s
*24922  4717              73    3595.2704565 3509.92119  2.37%  13.2    2s
*25866  4981              73    3591.7707774 3509.92119  2.28%  13.3    3s
*28777  6084             102    3589.2190856 3509.92119  2.21%  13.4    3s
*28996  5507              73    3583.9426198 3509.92119  2.07%  13.4    3s
H29508  5204                    3583.9426191 3509.92119  2.07%  13.4    4s
H29509  4945                    3583.9426183 3509.92119  2.07%  13.4    4s
H29510  4698                    3583.9426177 3509.92119  2.07%  13.4    4s
H29564  4475                    3583.9426162 3509.92119  2.07%  13.5    5s
H29905  4236                    3583.9426151 3509.92119  2.07%  13.5    5s
H29918  4020                    3583.9426139 3509.92119  2.07%  13.5    5s
H30183  3851                    3582.7586572 3509.92119  2.03%  13.6    5s
H30555  3604                    3582.2802768 3509.92119  2.02%  13.7    5s
H31748  3568                    3581.1437912 3509.92119  1.99%  13.7    5s
H33278  3591                    3581.1437905 3509.92119  1.99%  13.8    5s
*34500  3229              96    3573.3932557 3509.92119  1.78%  13.7    5s
H34673  2982                    3572.9622752 3509.92119  1.76%  13.7    5s
*38741  3057             128    3571.1065206 3509.92119  1.71%  13.7    6s
*38743  2949             127    3568.5517081 3509.92119  1.64%  13.7    6s
H40252  3642                    3565.6424994 3510.07913  1.56%  13.8    6s
H40259  3344                    3563.6379141 3510.07913  1.50%  13.8    6s
H43414  4983                    3563.5695192 3515.00103  1.36%  14.0    6s
*44075  4668             103    3560.9586755 3515.00103  1.29%  14.1    7s
*44980  4290             103    3554.9627866 3515.00103  1.12%  14.3    7s
*45170  3215              87    3538.2368867 3515.00103  0.66%  14.3    7s
H47049  3682                    3536.3564072 3515.00103  0.60%  14.5    7s
H47071  3677                    3535.4141330 3515.00103  0.58%  14.5    7s
H47074  3677                    3535.2355399 3515.00103  0.57%  14.5    7s
H60985  8730                    3535.1041369 3515.00103  0.57%  15.8    9s
H62637  9199                    3535.1041365 3515.00103  0.57%  16.1    9s
 66433 10196 3515.00103   90    4 3535.10414 3515.00103  0.57%  16.6   10s
H76735 12247                    3535.0648032 3515.00103  0.57%  17.9   11s
H82303 13548                    3534.9986486 3515.00103  0.57%  18.7   12s
 96757 16464 3515.00103   84    6 3534.99865 3515.00103  0.57%  20.1   15s
H111848 18877                    3534.9870349 3515.00103  0.57%  21.6   17s
H113236 19138                    3534.9357294 3515.00103  0.56%  21.7   18s
H114503 19548                    3534.9357288 3515.00103  0.56%  21.8   18s
 123779 20825 3515.00103   87    8 3534.93573 3515.00103  0.56%  22.6   20s
H134448 22704                    3534.9357281 3515.00103  0.56%  23.2   22s
H135644 22783                    3534.9357275 3515.00103  0.56%  23.3   22s
H138343 23096                    3534.9321196 3515.00103  0.56%  23.5   22s
H147114 17376                    3534.9313591 3515.00103  0.56%  24.0   24s
 151691 17880 3515.00103   94    7 3534.93136 3515.00103  0.56%  24.3   25s
*167144 17438             106    3528.0325237 3515.00103  0.37%  25.3   28s
H167428 16966                    3524.4590429 3515.00103  0.27%  25.3   28s
H168796 15249                    3518.0694769 3515.00103  0.09%  25.4   28s
H169407 15198                    3517.8620183 3515.00103  0.08%  25.4   28s
 176422 15284 infeasible   98      3517.86202 3515.00103  0.08%  25.9   30s
 199107 15232 infeasible   83      3517.86202 3515.00103  0.08%  27.7   35s
H216965 17137                    3517.7859813 3515.00103  0.08%  28.6   38s
 223693 18960 infeasible   91      3517.78598 3515.00103  0.08%  28.7   40s
*237703 20725             118    3516.6338947 3515.00103  0.05%  28.8   42s
H238028 20493                    3516.3606656 3515.00103  0.04%  28.8   42s
H239132 20754                    3516.3606555 3515.00103  0.04%  28.8   42s
H239301 20550                    3515.9874959 3515.00103  0.03%  28.8   42s
H241633 21007                    3515.6666717 3515.00103  0.02%  28.8   43s
*242224 21133             117    3515.5742304 3515.00103  0.02%  28.8   43s
H244189 21343                    3515.4958617 3515.00103  0.01%  28.9   43s
*245314 21632             118    3515.4942163 3515.00103  0.01%  28.9   43s
*245318 21534             120    3515.2330914 3515.00103  0.01%  28.9   43s

Cutting planes:
  Gomory: 14
  Implied bound: 2
  MIR: 7
  Flow cover: 7

Explored 245343 nodes (7083731 simplex iterations) in 43.88 seconds (69.42 work units)
Thread count was 8 (of 8 available processors)

Solution count 10: 3515.23 3515.23 3515.49 ... 3516.63

Optimal solution found (tolerance 1.00e-04)
Best objective 3.515233091412e+03, best bound 3.515001031121e+03, gap 0.0066%

User-callback calls 516065, time in user-callback 0.07 sec

Gurobi 12.0.3 (mac64[arm]) logging started Tue Sep 23 18:45:08 2025

Set parameter LogFile to value "Logs/PowerFlow Logs/L20/phase1/scenario_generation.log"
Set parameter LogToConsole to value 0

Gurobi 12.0.3 (mac64[arm]) logging started Tue Sep 23 18:45:08 2025

Set parameter LogFile to value "Logs/PowerFlow Logs/L20/phase1/scenario_generation.log"
Gurobi Optimizer version 12.0.3 build v12.0.3rc0 (mac64[arm] - Darwin 24.6.0 24G222)

CPU model: Apple M3
Thread count: 8 physical cores, 8 logical processors, using up to 8 threads

Non-default parameters:
TimeLimit  60
LogToConsole  0

Optimize a model with 980 rows, 726 columns and 3212 nonzeros
Model fingerprint: 0x9d0584b9
Variable types: 540 continuous, 186 integer (186 binary)
Coefficient statistics:
  Matrix range     [1e+00, 3e+03]
  Objective range  [6e-02, 1e+04]
  Bounds range     [0e+00, 0e+00]
  RHS range        [2e-02, 3e+03]
Found heuristic solution: objective 443221.89234
Found heuristic solution: objective 443221.89051
Presolve removed 181 rows and 40 columns
Presolve time: 0.01s
Presolved: 799 rows, 686 columns, 2644 nonzeros
Found heuristic solution: objective 422772.73801
Variable types: 513 continuous, 173 integer (173 binary)

Root relaxation: objective 2.377279e+03, 920 iterations, 0.01 seconds (0.01 work units)

    Nodes    |    Current Node    |     Objective Bounds      |     Work
 Expl Unexpl |  Obj  Depth IntInf | Incumbent    BestBd   Gap | It/Node Time

     0     0 2377.27933    0   20 422772.738 2377.27933  99.4%     -    0s
H    0     0                    36297.511072 2377.27933  93.5%     -    0s
H    0     0                    35148.673461 2377.27933  93.2%     -    0s
H    0     0                    29742.466706 2377.27933  92.0%     -    0s
     0     0 2377.27933    0   15 29742.4667 2377.27933  92.0%     -    0s
H    0     0                    4984.9017973 2377.27933  52.3%     -    0s
     0     0 2377.27933    0   12 4984.90180 2377.27933  52.3%     -    0s
     0     0 2377.27933    0    8 4984.90180 2377.27933  52.3%     -    0s
     0     0 2377.27933    0   11 4984.90180 2377.27933  52.3%     -    0s
     0     0 2377.27933    0   10 4984.90180 2377.27933  52.3%     -    0s
     0     0 2377.27933    0   10 4984.90180 2377.27933  52.3%     -    0s
     0     0 2377.27933    0    9 4984.90180 2377.27933  52.3%     -    0s
     0     0 2377.30135    0   10 4984.90180 2377.30135  52.3%     -    0s
     0     2 2377.31524    0    9 4984.90180 2377.31524  52.3%     -    0s
H  224   137                    4945.7038816 2854.58973  42.3%  15.4    0s
H  519   371                    3783.0086336 2854.58973  24.5%  16.3    0s
H  616   410                    3772.0696171 2854.58973  24.3%  16.1    0s
H  660   464                    3772.0696165 2933.62868  22.2%  16.1    0s
H 1654   772                    3725.7901060 2933.62868  21.3%  14.7    0s
* 1948   592             107    3577.0057058 2933.62868  18.0%  14.4    0s
H 2249   543                    3577.0057051 2933.62868  18.0%  15.2    0s
H 2906   485                    3577.0057032 2933.62868  18.0%  15.1    0s
H 3788   652                    3526.8373477 2933.62868  16.8%  16.0    0s
H 4829   794                    3501.8495109 3184.96788  9.05%  16.0    1s
* 4976   802             138    3426.3934866 3184.96788  7.05%  15.9    1s
H 5015   744                    3415.0674816 3229.89181  5.42%  15.9    1s
* 5368   891              84    3296.9162354 3288.26249  0.26%  16.1    1s
* 5969   931              71    3290.9724064 3288.26249  0.08%  16.6    1s
* 7460  1818              79    3290.7778074 3288.26249  0.08%  18.7    1s
* 7931  1959             111    3289.6512991 3288.26249  0.04%  19.7    1s
* 7932  1959             111    3289.6372972 3288.26249  0.04%  19.7    1s
H 8419  2321                    3289.3123901 3288.26249  0.03%  20.7    1s
H 8422  2296                    3288.5148636 3288.26249  0.01%  20.6    1s

Cutting planes:
  Gomory: 3
  MIR: 4
  Inf proof: 1

Explored 8639 nodes (183396 simplex iterations) in 1.80 seconds (2.59 work units)
Thread count was 8 (of 8 available processors)

Solution count 10: 3288.51 3289.31 3289.64 ... 3501.85

Optimal solution found (tolerance 1.00e-04)
Best objective 3.288514863570e+03, best bound 3.288262491610e+03, gap 0.0077%

User-callback calls 18822, time in user-callback 0.00 sec

Gurobi 12.0.3 (mac64[arm]) logging started Tue Sep 23 18:45:10 2025

Set parameter LogFile to value "Logs/PowerFlow Logs/L20/phase1/scenario_generation.log"
Set parameter LogToConsole to value 0

Gurobi 12.0.3 (mac64[arm]) logging started Tue Sep 23 18:45:10 2025

Set parameter LogFile to value "Logs/PowerFlow Logs/L20/phase1/scenario_generation.log"
Gurobi Optimizer version 12.0.3 build v12.0.3rc0 (mac64[arm] - Darwin 24.6.0 24G222)

CPU model: Apple M3
Thread count: 8 physical cores, 8 logical processors, using up to 8 threads

Non-default parameters:
TimeLimit  60
LogToConsole  0

Optimize a model with 980 rows, 726 columns and 3212 nonzeros
Model fingerprint: 0xbe9e09ec
Variable types: 540 continuous, 186 integer (186 binary)
Coefficient statistics:
  Matrix range     [1e+00, 3e+03]
  Objective range  [6e-02, 1e+04]
  Bounds range     [0e+00, 0e+00]
  RHS range        [6e-02, 3e+03]
Found heuristic solution: objective 442920.43109
Found heuristic solution: objective 442920.42957
Presolve removed 181 rows and 40 columns
Presolve time: 0.01s
Presolved: 799 rows, 686 columns, 2644 nonzeros
Found heuristic solution: objective 424126.17840
Variable types: 513 continuous, 173 integer (173 binary)

Root relaxation: objective 2.429288e+03, 955 iterations, 0.01 seconds (0.01 work units)

    Nodes    |    Current Node    |     Objective Bounds      |     Work
 Expl Unexpl |  Obj  Depth IntInf | Incumbent    BestBd   Gap | It/Node Time

     0     0 2429.28803    0   15 424126.178 2429.28803  99.4%     -    0s
H    0     0                    59830.378048 2429.28803  95.9%     -    0s
H    0     0                    53342.098637 2429.28803  95.4%     -    0s
H    0     0                    41044.993825 2429.28803  94.1%     -    0s
     0     0 2444.92442    0   14 41044.9938 2444.92442  94.0%     -    0s
H    0     0                    21228.485390 2460.66559  88.4%     -    0s
     0     0 2460.66559    0   14 21228.4854 2460.66559  88.4%     -    0s
     0     0 2465.69034    0   20 21228.4854 2465.69034  88.4%     -    0s
H    0     0                    12952.009195 2466.82767  81.0%     -    0s
     0     0 2477.62788    0   17 12952.0092 2477.62788  80.9%     -    0s
H    0     0                    12516.721431 2477.62788  80.2%     -    0s
     0     0 2548.59673    0   14 12516.7214 2548.59673  79.6%     -    0s
     0     0 2548.79267    0   16 12516.7214 2548.79267  79.6%     -    0s
     0     0 2548.94882    0   18 12516.7214 2548.94882  79.6%     -    0s
     0     0 2548.94882    0   18 12516.7214 2548.94882  79.6%     -    0s
     0     0 2548.94882    0   13 12516.7214 2548.94882  79.6%     -    0s
     0     2 2548.94882    0   13 12516.7214 2548.94882  79.6%     -    0s
H  125   113                    12458.993000 2754.06106  77.9%  11.1    0s
H  277   295                    10994.063037 2754.06106  74.9%  13.9    0s
*  940   679              42    6254.3125216 3182.19139  49.1%  17.0    0s
H 1067   683                    6254.3125205 3182.19139  49.1%  16.7    0s
H 1942   503                    4871.2042446 3182.19139  34.7%  15.5    0s
H 1942   501                    4853.6898102 3182.19139  34.4%  15.5    0s
H 1942   450                    4785.5659179 3182.19139  33.5%  15.5    0s
H 1942   450                    4779.4963665 3182.19139  33.4%  15.5    0s
H 2113   463                    4779.4963658 3182.19139  33.4%  16.0    0s
H 2307   506                    4779.4963645 3182.19139  33.4%  15.5    0s
H 2636   545                    4779.4963621 3182.19139  33.4%  15.4    0s
H 3569   887                    4779.4963613 3595.14971  24.8%  14.5    0s
H 3812   586                    3866.2131846 3595.14971  7.01%  14.3    0s
H 5033  1096                    3841.8411320 3595.14971  6.42%  13.4    0s
H 6619  2204                    3841.8411309 3595.14971  6.42%  13.5    1s
H 6891  1056                    3755.8717634 3595.14971  4.28%  13.4    1s
* 7373  1259             138    3755.5406251 3595.14971  4.27%  13.3    1s
* 7376  1251             137    3755.3352431 3595.14971  4.27%  13.3    1s
H 7392  1170                    3746.3929381 3595.14971  4.04%  13.3    1s
* 7643  1432             143    3739.7416019 3595.14971  3.87%  13.2    1s
* 7650  1432             143    3738.4798451 3595.14971  3.83%  13.2    1s
H 7988  1505                    3731.1107611 3595.14971  3.64%  13.1    1s
* 9848  2493             140    3725.4068003 3595.14971  3.50%  13.5    1s
H14104  4176                    3725.4067999 3595.14971  3.50%  15.2    1s
*18665  6117             130    3720.2695633 3595.14971  3.36%  15.7    2s
H27853  7071                    3702.9520927 3595.14971  2.91%  16.8    3s
H28054  7057                    3702.8294150 3595.14971  2.91%  16.8    3s
*28783  6912             117    3695.6263067 3595.14971  2.72%  16.8    3s
H30914  7200                    3695.6263063 3595.14971  2.72%  16.7    4s
*31299  6965             137    3695.6057516 3595.14971  2.72%  16.7    4s
*31300  6638             136    3695.2820584 3595.14971  2.71%  16.7    4s
*31301  6328             135    3694.6430509 3595.14971  2.69%  16.7    4s
H31927  5941                    3694.6430505 3595.14971  2.69%  16.7    4s
H33139  5780                    3694.6430494 3595.14971  2.69%  16.9    4s
H33237  5259                    3687.0778386 3595.14971  2.49%  16.9    4s
H34248  5244                    3687.0778378 3595.14971  2.49%  16.9    4s
H35402  5159                    3686.8277977 3595.14971  2.49%  17.0    4s
H35467  4909                    3686.6684392 3595.14971  2.48%  17.0    4s
 35476  5035 3640.03109   61    8 3686.66844 3595.14971  2.48%  17.0    5s
*42305  5814             106    3683.1825210 3595.14971  2.39%  16.9    5s
H43490  6447                    3682.3691787 3595.14971  2.37%  16.8    5s
*43498  6414             108    3682.1541734 3595.14971  2.36%  16.8    5s
*44768  7057             114    3682.0771167 3595.14971  2.36%  16.8    5s
H46246  7163                    3678.9443652 3595.14971  2.28%  16.8    6s
*46258  7087             121    3678.0129349 3595.14971  2.25%  16.8    6s
*46259  7087             121    3677.9416939 3595.14971  2.25%  16.8    6s
*46260  7083             120    3677.7189731 3595.14971  2.25%  16.8    6s
*46261  7065             119    3676.9928751 3595.14971  2.23%  16.8    6s
*46265  7043             121    3676.6374847 3595.14971  2.22%  16.8    6s
*46266  7039             121    3676.5462955 3595.14971  2.21%  16.8    6s
*46267  7039             120    3676.2409156 3595.14971  2.21%  16.8    6s
*46268  6993             119    3675.0548427 3595.14971  2.17%  16.8    6s
H47750  4991                    3669.3379774 3595.14971  2.02%  16.8    6s
*49267  3738             131    3662.3684308 3640.03109  0.61%  16.7    6s
*49268  3622             131    3661.8015238 3640.03109  0.59%  16.7    6s
H63245  5838                    3658.8007517 3640.03109  0.51%  16.6    8s
H63247  5824                    3658.5777730 3640.03109  0.51%  16.6    8s
H63263  5826                    3658.4296584 3640.03109  0.50%  16.7    8s
H63264  4959                    3656.6092339 3640.03109  0.45%  16.7    8s
*67198  6021             118    3656.0682261 3640.03109  0.44%  16.6    8s
H67747  3538                    3653.0755544 3640.03109  0.36%  16.5    9s
*69196  3548             113    3652.2219144 3640.03109  0.33%  16.5    9s
H70426  3861                    3652.2118971 3640.03109  0.33%  16.5    9s
*70915  3061             128    3652.1720687 3640.03109  0.33%  16.4    9s
 74929  4292 3648.56489   73   16 3652.17207 3640.03109  0.33%  16.4   11s
*75210  4148             123    3651.8074236 3640.03109  0.32%  16.4   11s
*75220  4148             125    3651.7961826 3640.03109  0.32%  16.4   11s
*75222  4148             124    3651.7662455 3640.03109  0.32%  16.4   11s
*102595 15646             127    3651.1912934 3646.52560  0.13%  17.1   14s
*102599 15643             128    3651.1674202 3646.52560  0.13%  17.1   14s
 103603 15528 3649.17722   59   10 3651.16742 3646.52560  0.13%  17.1   15s
H103672 15527                    3651.1555635 3646.52560  0.13%  17.1   15s
*104285 16282             128    3651.1497716 3646.52560  0.13%  17.1   15s
H106214 16902                    3651.1497697 3646.52560  0.13%  17.1   15s
H106273 15375                    3651.1487446 3646.52560  0.13%  17.1   15s
 138689 30087 3649.17722   73   12 3651.14874 3646.52560  0.13%  18.2   20s
 168497 37181 infeasible   72      3651.14874 3646.52560  0.13%  19.6   25s
*177743 38005             117    3651.1367137 3646.52560  0.13%  20.0   26s
H179057 38136                    3651.1367131 3646.52560  0.13%  20.0   26s
*186785 38858             114    3650.1197009 3646.52560  0.10%  20.2   28s
H188411 38804                    3649.8121269 3646.52560  0.09%  20.2   28s
 196479 39854 3646.52560   68   12 3649.81213 3646.52560  0.09%  20.5   30s
*201422 21157             114    3649.1445299 3646.52560  0.07%  20.8   30s
*206046 21467             117    3649.1091778 3646.52560  0.07%  20.9   31s
*206542 21376             115    3648.9046568 3646.52560  0.07%  20.9   31s
*207381 21376             115    3648.9046273 3646.52560  0.07%  20.9   32s
H208917 21484                    3648.8902193 3646.52560  0.06%  21.0   32s
 222754 21755 3646.52560   84   17 3648.89022 3646.52560  0.06%  21.5   35s
*242616 24384             112    3648.7522551 3646.52560  0.06%  21.6   37s
H243066 24273                    3648.7213018 3646.52560  0.06%  21.6   37s
H243376 24227                    3648.7092183 3646.52560  0.06%  21.6   37s
*246552 24094             115    3648.6170673 3646.52560  0.06%  21.5   38s
 261074 25305 3646.52560   94    7 3648.61707 3646.52560  0.06%  21.1   40s
*282681 26767             123    3648.6020433 3646.52560  0.06%  20.5   42s
H283179 26444                    3648.5885160 3646.52560  0.06%  20.5   42s
 302499 27956 infeasible  100      3648.58852 3646.52560  0.06%  20.2   45s
 348067 30421 3646.52560   95    6 3648.58852 3646.52560  0.06%  19.3   50s
 388377 32629 3646.52560   86   11 3648.58852 3646.52560  0.06%  18.8   55s
 428290 35095 3647.95800  107   10 3648.58852 3646.52560  0.06%  18.8   60s

Cutting planes:
  Gomory: 1
  MIR: 6
  Flow cover: 4
  Relax-and-lift: 1

Explored 428291 nodes (8048317 simplex iterations) in 60.00 seconds (88.72 work units)
Thread count was 8 (of 8 available processors)

Solution count 10: 3648.59 3648.6 3648.62 ... 3649.14

Time limit reached
Best objective 3.648588516014e+03, best bound 3.646525598477e+03, gap 0.0565%

User-callback calls 888456, time in user-callback 0.16 sec

Gurobi 12.0.3 (mac64[arm]) logging started Tue Sep 23 18:46:10 2025

Set parameter LogFile to value "Logs/PowerFlow Logs/L20/phase1/scenario_generation.log"
Set parameter LogToConsole to value 0

Gurobi 12.0.3 (mac64[arm]) logging started Tue Sep 23 18:46:10 2025

Set parameter LogFile to value "Logs/PowerFlow Logs/L20/phase1/scenario_generation.log"
Gurobi Optimizer version 12.0.3 build v12.0.3rc0 (mac64[arm] - Darwin 24.6.0 24G222)

CPU model: Apple M3
Thread count: 8 physical cores, 8 logical processors, using up to 8 threads

Non-default parameters:
TimeLimit  60
LogToConsole  0

Optimize a model with 980 rows, 726 columns and 3212 nonzeros
Model fingerprint: 0x5eccb9c2
Variable types: 540 continuous, 186 integer (186 binary)
Coefficient statistics:
  Matrix range     [1e+00, 3e+03]
  Objective range  [6e-02, 1e+04]
  Bounds range     [0e+00, 0e+00]
  RHS range        [6e-02, 3e+03]
Found heuristic solution: objective 446771.80032
Found heuristic solution: objective 446771.79878
Presolve removed 181 rows and 40 columns
Presolve time: 0.01s
Presolved: 799 rows, 686 columns, 2644 nonzeros
Found heuristic solution: objective 427471.03327
Variable types: 513 continuous, 173 integer (173 binary)

Root relaxation: objective 2.417119e+03, 890 iterations, 0.01 seconds (0.01 work units)

    Nodes    |    Current Node    |     Objective Bounds      |     Work
 Expl Unexpl |  Obj  Depth IntInf | Incumbent    BestBd   Gap | It/Node Time

     0     0 2417.11880    0   22 427471.033 2417.11880  99.4%     -    0s
H    0     0                    86841.870985 2417.11880  97.2%     -    0s
H    0     0                    62714.225453 2417.11880  96.1%     -    0s
     0     0 2417.11880    0   19 62714.2255 2417.11880  96.1%     -    0s
H    0     0                    15750.620349 2417.11880  84.7%     -    0s
H    0     0                    10426.026240 2417.11880  76.8%     -    0s
     0     0 2417.11880    0   15 10426.0262 2417.11880  76.8%     -    0s
     0     0 2417.11880    0   11 10426.0262 2417.11880  76.8%     -    0s
     0     0 2417.11880    0   12 10426.0262 2417.11880  76.8%     -    0s
     0     0 2417.11880    0   14 10426.0262 2417.11880  76.8%     -    0s
     0     0 2417.11880    0   15 10426.0262 2417.11880  76.8%     -    0s
     0     0 2417.11880    0   13 10426.0262 2417.11880  76.8%     -    0s
     0     2 2417.11880    0   12 10426.0262 2417.11880  76.8%     -    0s
H  206   152                    9430.3051275 2440.74631  74.1%  13.6    0s
* 1018   798             114    9014.7188189 2952.44086  67.2%  14.5    0s
* 1020   798             113    9012.4882578 2952.44086  67.2%  14.5    0s
H 1608   878                    6218.5518935 2960.18139  52.4%  14.6    0s
H 1759   529                    5180.9747550 2960.18139  42.9%  14.7    0s
H 1759   526                    5080.9148960 2960.18139  41.7%  14.7    0s
H 2833   861                    4774.8033778 2960.18139  38.0%  14.2    0s
H 2837   738                    3924.6869529 2960.18139  24.6%  14.2    0s
H 2967   841                    3924.6869516 2960.18139  24.6%  14.3    0s
H 3221   941                    3839.9730197 2960.18139  22.9%  14.4    0s
H 3311  1005                    3836.6824943 2960.18139  22.8%  14.4    0s
H 4322  1646                    3836.2178522 2960.18139  22.8%  14.5    0s
H 5379  2304                    3836.2178517 2961.01998  22.8%  14.4    0s
H 5483  1947                    3789.1273192 2961.01998  21.9%  14.3    1s
H 6855  2771                    3789.1273187 2961.01998  21.9%  14.5    1s
H 9043  3652                    3768.6178938 2961.01998  21.4%  14.4    1s
*11342  4623             123    3719.3595576 2978.19039  19.9%  14.2    1s
*13757   995             150    3421.8956101 2978.19039  13.0%  14.1    2s
*13759   994             151    3417.3283722 2978.19039  12.9%  14.1    2s
*13767   994             151    3417.2039331 2978.19039  12.8%  14.1    2s
*18099  2541             109    3379.3655194 3353.97877  0.75%  13.8    2s
*18301  2440             109    3366.0952119 3353.97877  0.36%  13.8    2s
*18608  2344              83    3356.7852497 3353.97877  0.08%  13.8    2s
H20085  2705                    3354.7537290 3353.97877  0.02%  14.0    2s
H21472  3187                    3354.0578220 3353.97877  0.00%  14.9    2s

Cutting planes:
  Gomory: 1
  MIR: 3

Explored 21560 nodes (325781 simplex iterations) in 2.80 seconds (4.12 work units)
Thread count was 8 (of 8 available processors)

Solution count 10: 3354.06 3354.75 3356.79 ... 3768.62

Optimal solution found (tolerance 1.00e-04)
Best objective 3.354057821998e+03, best bound 3.353978765537e+03, gap 0.0024%

User-callback calls 44958, time in user-callback 0.01 sec

Gurobi 12.0.3 (mac64[arm]) logging started Tue Sep 23 18:46:12 2025

Set parameter LogFile to value "Logs/PowerFlow Logs/L20/phase1/scenario_generation.log"
Set parameter LogToConsole to value 0

Gurobi 12.0.3 (mac64[arm]) logging started Tue Sep 23 18:46:12 2025

Set parameter LogFile to value "Logs/PowerFlow Logs/L20/phase1/scenario_generation.log"
Gurobi Optimizer version 12.0.3 build v12.0.3rc0 (mac64[arm] - Darwin 24.6.0 24G222)

CPU model: Apple M3
Thread count: 8 physical cores, 8 logical processors, using up to 8 threads

Non-default parameters:
TimeLimit  60
LogToConsole  0

Optimize a model with 980 rows, 726 columns and 3212 nonzeros
Model fingerprint: 0xf78542b8
Variable types: 540 continuous, 186 integer (186 binary)
Coefficient statistics:
  Matrix range     [1e+00, 3e+03]
  Objective range  [6e-02, 1e+04]
  Bounds range     [0e+00, 0e+00]
  RHS range        [6e-02, 3e+03]
Found heuristic solution: objective 438397.19147
Found heuristic solution: objective 438397.18980
Presolve removed 181 rows and 40 columns
Presolve time: 0.01s
Presolved: 799 rows, 686 columns, 2644 nonzeros
Found heuristic solution: objective 418901.09205
Variable types: 513 continuous, 173 integer (173 binary)

Root relaxation: objective 2.261671e+03, 1094 iterations, 0.01 seconds (0.01 work units)

    Nodes    |    Current Node    |     Objective Bounds      |     Work
 Expl Unexpl |  Obj  Depth IntInf | Incumbent    BestBd   Gap | It/Node Time

     0     0 2261.67107    0   18 418901.092 2261.67107  99.5%     -    0s
H    0     0                    35127.959597 2261.67107  93.6%     -    0s
H    0     0                    33942.407374 2261.67107  93.3%     -    0s
     0     0 2261.67107    0   18 33942.4074 2261.67107  93.3%     -    0s
H    0     0                    7663.9914544 2261.67107  70.5%     -    0s
H    0     0                    4473.5409806 2261.67107  49.4%     -    0s
     0     0 2261.67107    0   14 4473.54098 2261.67107  49.4%     -    0s
     0     0 2261.67107    0   11 4473.54098 2261.67107  49.4%     -    0s
H    0     0                    4454.6253845 2261.67107  49.2%     -    0s
     0     0 2261.67107    0   10 4454.62538 2261.67107  49.2%     -    0s
     0     0 2261.67107    0   10 4454.62538 2261.67107  49.2%     -    0s
     0     0 2261.67107    0    9 4454.62538 2261.67107  49.2%     -    0s
     0     0 2261.67107    0   11 4454.62538 2261.67107  49.2%     -    0s
     0     0 2261.67107    0   10 4454.62538 2261.67107  49.2%     -    0s
     0     0 2261.67107    0   10 4454.62538 2261.67107  49.2%     -    0s
     0     0 2261.67107    0    9 4454.62538 2261.67107  49.2%     -    0s
     0     0 2261.67107    0    9 4454.62538 2261.67107  49.2%     -    0s
     0     2 2261.67107    0    9 4454.62538 2261.67107  49.2%     -    0s
H   26    54                    4454.6253832 2261.67107  49.2%  50.8    0s
H   32    54                    4454.6253801 2261.67107  49.2%  45.3    0s
H 1180  1085                    3794.2535575 2261.67107  40.4%  16.0    0s
H 1181  1062                    3753.4495239 2261.67107  39.7%  16.0    0s
H 1240   730                    3537.0926945 2261.67107  36.1%  15.9    0s
H 1640  1006                    3527.8020512 2261.67107  35.9%  14.6    0s
H 1640   874                    3505.5992538 2261.67107  35.5%  14.6    0s
H 1653   828                    3505.5992529 2293.27007  34.6%  14.5    0s
H 1656   788                    3505.5992516 2293.27007  34.6%  14.5    0s
H 1806   795                    3505.5992501 2313.14639  34.0%  16.7    1s
H 2905  1285                    3485.5301648 2653.68711  23.9%  16.8    1s
* 4302  1792             129    3482.0560352 2844.92031  18.3%  15.3    1s
H 4662  2047                    3482.0560341 2857.73770  17.9%  14.9    1s
H 5137  2212                    3479.5044420 2857.73770  17.9%  14.7    1s
H 5143  1510                    3390.2527399 2857.73770  15.7%  14.7    1s
H 5144  1169                    3341.3553034 2857.73770  14.5%  14.7    1s
H 5178  1278                    3341.3553030 2857.73770  14.5%  14.7    1s
H 6154  1670                    3311.6079580 2857.73770  13.7%  14.3    1s
* 7442  1602             123    3251.8678545 2857.73770  12.1%  14.1    1s
* 7444  1602             122    3251.8656384 2857.73770  12.1%  14.1    1s
* 7480  1602             137    3251.8350973 2857.73770  12.1%  14.1    1s
* 7481  1602             137    3251.8318980 2857.73770  12.1%  14.1    1s
* 7482  1602             136    3251.8312704 2857.73770  12.1%  14.1    1s
H 7861  1754                    3251.3594771 2857.73770  12.1%  14.0    1s
H 8001  1114                    3192.5584943 2857.73770  10.5%  14.0    1s
* 8086  1028             136    3169.3567643 2857.73770  9.83%  14.0    1s
* 8088  1028             137    3169.3445970 2857.73770  9.83%  14.0    1s
* 8558  1084             123    3168.2354463 2857.73770  9.80%  13.9    1s
* 8569  1084             126    3168.0949329 2857.73770  9.80%  13.9    1s
* 8576  1084             125    3168.0715333 2857.73770  9.80%  13.9    1s
H 8639   826                    3127.2357370 2857.73770  8.62%  13.9    1s
* 8658   825              99    3126.7078395 2857.73770  8.60%  13.8    1s
* 8932   862             104    3125.9922035 2857.73770  8.58%  13.9    1s
* 9526  1225             107    3122.9810918 2857.73770  8.49%  13.9    2s
* 9539  1175             106    3120.6949809 2857.73770  8.43%  13.9    2s
*10424  1372             162    3113.3044461 2857.73770  8.21%  14.0    2s
*10430  1248             161    3101.7004759 2857.73770  7.87%  14.0    2s
*10431  1248             161    3101.6473159 2857.73770  7.86%  14.0    2s
*10443  1217             162    3093.5885034 2857.73770  7.62%  14.0    2s
H11580  1403                    3088.5374162 2857.73770  7.47%  14.2    2s
H12402  1056                    3020.8469050 2857.73770  5.40%  14.5    2s
H13767  1136                    3020.8469035 2857.73770  5.40%  15.2    2s
H16264  1357                    2984.9046300 2857.73770  4.26%  16.0    3s
H16494  1391                    2945.6133503 2862.59716  2.82%  16.0    3s
*17823  1505             125    2936.4061154 2862.59716  2.51%  16.1    3s
*21494  1284             116    2883.6589840 2862.59716  0.73%  16.8    3s
*21502  1283             117    2883.3827524 2862.59716  0.72%  16.8    3s
*21503  1283             117    2883.0246480 2862.59716  0.71%  16.8    3s
*23729  2265             134    2881.0050123 2862.59716  0.64%  17.5    4s
*24198  2634              81    2876.9114207 2862.59716  0.50%  17.5    4s
*24394  2536              93    2874.6222159 2862.59716  0.42%  17.5    4s
*24475  2293             113    2867.9471445 2862.59716  0.19%  17.6    4s
*25647  2201             114    2864.5715152 2862.59716  0.07%  17.8    4s
*25651  2201             116    2864.5087341 2862.59716  0.07%  17.8    4s
*26476  2615             130    2863.3607264 2862.59716  0.03%  18.2    4s
*27251  2862             116    2863.1220992 2862.59716  0.02%  18.5    4s
*27253  2849             117    2862.9211443 2862.59716  0.01%  18.5    4s
*27260  2846             118    2862.8655010 2862.59716  0.01%  18.5    4s
*27365  2839             124    2862.7137403 2862.59716  0.00%  18.6    4s
*27367  2839             123    2862.7037728 2862.59716  0.00%  18.6    4s
*27666  2833             120    2862.6278453 2862.59716  0.00%  18.7    4s

Cutting planes:
  Gomory: 16
  Cover: 3
  Implied bound: 2
  MIR: 1
  Flow cover: 20
  Inf proof: 5

Explored 27709 nodes (521106 simplex iterations) in 4.68 seconds (6.67 work units)
Thread count was 8 (of 8 available processors)

Solution count 10: 2862.63 2862.7 2862.71 ... 2867.95

Optimal solution found (tolerance 1.00e-04)
Best objective 2.862627845316e+03, best bound 2.862597160807e+03, gap 0.0011%

User-callback calls 58332, time in user-callback 0.02 sec

Gurobi 12.0.3 (mac64[arm]) logging started Tue Sep 23 18:46:17 2025

Set parameter LogFile to value "Logs/PowerFlow Logs/L20/phase1/scenario_generation.log"
Set parameter LogToConsole to value 0

Gurobi 12.0.3 (mac64[arm]) logging started Tue Sep 23 18:46:17 2025

Set parameter LogFile to value "Logs/PowerFlow Logs/L20/phase1/scenario_generation.log"
Gurobi Optimizer version 12.0.3 build v12.0.3rc0 (mac64[arm] - Darwin 24.6.0 24G222)

CPU model: Apple M3
Thread count: 8 physical cores, 8 logical processors, using up to 8 threads

Non-default parameters:
TimeLimit  60
LogToConsole  0

Optimize a model with 980 rows, 726 columns and 3212 nonzeros
Model fingerprint: 0xa22a128a
Variable types: 540 continuous, 186 integer (186 binary)
Coefficient statistics:
  Matrix range     [1e+00, 3e+03]
  Objective range  [6e-02, 1e+04]
  Bounds range     [0e+00, 0e+00]
  RHS range        [6e-02, 3e+03]
Found heuristic solution: objective 447215.14830
Found heuristic solution: objective 447215.14643
Presolve removed 181 rows and 40 columns
Presolve time: 0.01s
Presolved: 799 rows, 686 columns, 2644 nonzeros
Found heuristic solution: objective 427979.08759
Variable types: 513 continuous, 173 integer (173 binary)

Root relaxation: objective 2.471318e+03, 972 iterations, 0.01 seconds (0.01 work units)

    Nodes    |    Current Node    |     Objective Bounds      |     Work
 Expl Unexpl |  Obj  Depth IntInf | Incumbent    BestBd   Gap | It/Node Time

     0     0 2471.31831    0   14 427979.088 2471.31831  99.4%     -    0s
H    0     0                    38434.653771 2471.31831  93.6%     -    0s
     0     0 2471.31831    0   16 38434.6538 2471.31831  93.6%     -    0s
H    0     0                    8509.6322571 2471.31831  71.0%     -    0s
H    0     0                    7432.4219991 2471.31831  66.7%     -    0s
     0     0 2471.31831    0   12 7432.42200 2471.31831  66.7%     -    0s
     0     0 2471.31831    0   12 7432.42200 2471.31831  66.7%     -    0s
     0     0 2471.31831    0    9 7432.42200 2471.31831  66.7%     -    0s
H    0     0                    6503.4140223 2471.31831  62.0%     -    0s
     0     0 2471.31831    0   11 6503.41402 2471.31831  62.0%     -    0s
     0     0 2471.31831    0    9 6503.41402 2471.31831  62.0%     -    0s
     0     0 2471.31831    0    9 6503.41402 2471.31831  62.0%     -    0s
     0     0 2471.71651    0   11 6503.41402 2471.71651  62.0%     -    0s
     0     0 2473.13395    0   13 6503.41402 2473.13395  62.0%     -    0s
     0     0 2473.13395    0   13 6503.41402 2473.13395  62.0%     -    0s
     0     0 2473.13395    0   13 6503.41402 2473.13395  62.0%     -    0s
     0     0 2473.13395    0   13 6503.41402 2473.13395  62.0%     -    0s
     0     0 2473.13395    0   13 6503.41402 2473.13395  62.0%     -    0s
     0     2 2473.13395    0   13 6503.41402 2473.13395  62.0%     -    0s
H  221   248                    4704.2639999 2898.18637  38.4%  15.2    0s
H  730   526                    4015.9502649 2898.86537  27.8%  12.4    0s
H  885   568                    3995.5419140 2898.86537  27.4%  12.4    0s
H 1984  1119                    3995.5419136 3016.89317  24.5%  12.1    0s
H 2194  1065                    3893.7231902 3016.89317  22.5%  12.1    0s
H 2595  1054                    3830.3950147 3016.89317  21.2%  11.8    0s
H 2595  1020                    3797.5803088 3016.89317  20.6%  11.8    0s
H 2817  1039                    3797.5803073 3016.89317  20.6%  12.4    0s
H 3120  1082                    3797.5803068 3016.89317  20.6%  12.6    0s
H 3393  1155                    3797.5803064 3016.89317  20.6%  12.6    0s
H 3493  1037                    3702.5145861 3016.89317  18.5%  12.7    0s
H 3642   901                    3678.7536606 3016.89317  18.0%  12.6    0s
H 3687   846                    3646.2628168 3016.89317  17.3%  12.6    0s
H 4021   757                    3593.3152812 3016.89317  16.0%  12.7    0s
H 4527   773                    3593.3152806 3326.13982  7.44%  12.5    0s
* 5055   974             140    3590.3952374 3339.76677  6.98%  12.4    0s
* 5056   973             138    3590.0330018 3339.76677  6.97%  12.4    0s
* 5070   971             141    3586.9056239 3339.76677  6.89%  12.4    0s
* 5169   698             153    3485.9622138 3339.76677  4.19%  12.3    0s
* 5176   698             153    3485.9024480 3339.76677  4.19%  12.3    0s
H 5835   726                    3485.9024455 3339.76677  4.19%  12.5    0s
H 6756   678                    3450.5892579 3339.76677  3.21%  12.8    1s
H 6985   662                    3450.5892575 3339.76677  3.21%  12.9    1s
H 7109   662                    3450.5892566 3339.76677  3.21%  13.0    1s
H 7573   770                    3447.5886556 3339.76677  3.13%  13.2    1s
* 8212   970              69    3447.4770132 3339.76677  3.12%  13.3    1s
H 8415   961                    3403.0007380 3339.76677  1.86%  13.3    1s
* 8713   817             141    3399.4384540 3339.76677  1.76%  13.5    1s
H 9795   847                    3382.6267017 3339.76677  1.27%  14.0    1s
H11253   721                    3363.4038145 3339.76677  0.70%  14.8    1s
H14074  1142                    3360.6573912 3339.76677  0.62%  16.0    2s
*14286  1136             143    3355.1171163 3339.76677  0.46%  16.1    2s
*14512  1128             101    3343.3858311 3339.76677  0.11%  16.1    2s
*15589  1318             146    3342.8625823 3339.76677  0.09%  16.5    2s
*16079  1519              79    3340.1285980 3339.76677  0.01%  16.6    2s
*16548  1593             105    3339.7811286 3339.76677  0.00%  16.9    2s

Cutting planes:
  Gomory: 2
  Implied bound: 1
  MIR: 7
  Inf proof: 1
  Relax-and-lift: 1

Explored 16841 nodes (291353 simplex iterations) in 2.63 seconds (3.77 work units)
Thread count was 8 (of 8 available processors)

Solution count 10: 3339.78 3340.13 3342.86 ... 3403

Optimal solution found (tolerance 1.00e-04)
Best objective 3.339781128650e+03, best bound 3.339766769607e+03, gap 0.0004%

User-callback calls 35592, time in user-callback 0.00 sec

Gurobi 12.0.3 (mac64[arm]) logging started Tue Sep 23 18:46:20 2025

Set parameter LogFile to value "Logs/PowerFlow Logs/L20/phase1/scenario_generation.log"
Set parameter LogToConsole to value 0

Gurobi 12.0.3 (mac64[arm]) logging started Tue Sep 23 18:46:20 2025

Set parameter LogFile to value "Logs/PowerFlow Logs/L20/phase1/scenario_generation.log"
Gurobi Optimizer version 12.0.3 build v12.0.3rc0 (mac64[arm] - Darwin 24.6.0 24G222)

CPU model: Apple M3
Thread count: 8 physical cores, 8 logical processors, using up to 8 threads

Non-default parameters:
TimeLimit  60
LogToConsole  0

Optimize a model with 980 rows, 726 columns and 3212 nonzeros
Model fingerprint: 0x0df71dea
Variable types: 540 continuous, 186 integer (186 binary)
Coefficient statistics:
  Matrix range     [1e+00, 3e+03]
  Objective range  [6e-02, 1e+04]
  Bounds range     [0e+00, 0e+00]
  RHS range        [6e-02, 3e+03]
Found heuristic solution: objective 444606.88332
Found heuristic solution: objective 444606.88159
Presolve removed 181 rows and 40 columns
Presolve time: 0.01s
Presolved: 799 rows, 686 columns, 2644 nonzeros
Found heuristic solution: objective 424980.42750
Variable types: 513 continuous, 173 integer (173 binary)

Root relaxation: objective 2.442743e+03, 931 iterations, 0.01 seconds (0.01 work units)

    Nodes    |    Current Node    |     Objective Bounds      |     Work
 Expl Unexpl |  Obj  Depth IntInf | Incumbent    BestBd   Gap | It/Node Time

     0     0 2442.74318    0   22 424980.427 2442.74318  99.4%     -    0s
H    0     0                    70569.647577 2442.74318  96.5%     -    0s
H    0     0                    64052.839005 2442.74318  96.2%     -    0s
     0     0 2442.74318    0   18 64052.8390 2442.74318  96.2%     -    0s
H    0     0                    13768.293248 2442.74318  82.3%     -    0s
     0     0 2442.74318    0   17 13768.2932 2442.74318  82.3%     -    0s
     0     0 2442.74318    0   14 13768.2932 2442.74318  82.3%     -    0s
H    0     0                    9556.4542075 2442.74318  74.4%     -    0s
     0     0 2448.76732    0   11 9556.45421 2448.76732  74.4%     -    0s
     0     0 2451.99224    0   13 9556.45421 2451.99224  74.3%     -    0s
     0     0 2460.74245    0   14 9556.45421 2460.74245  74.3%     -    0s
H    0     0                    8384.7642980 2460.74245  70.7%     -    0s
     0     0 2467.85745    0   15 8384.76430 2467.85745  70.6%     -    0s
     0     0 2467.85745    0   17 8384.76430 2467.85745  70.6%     -    0s
     0     0 2467.94201    0   21 8384.76430 2467.94201  70.6%     -    0s
     0     0 2468.14868    0   21 8384.76430 2468.14868  70.6%     -    0s
     0     0 2468.14868    0   19 8384.76430 2468.14868  70.6%     -    0s
     0     0 2468.14868    0   19 8384.76430 2468.14868  70.6%     -    0s
     0     0 2468.14868    0   18 8384.76430 2468.14868  70.6%     -    0s
     0     0 2468.14868    0   19 8384.76430 2468.14868  70.6%     -    0s
     0     0 2468.14868    0   15 8384.76430 2468.14868  70.6%     -    0s
     0     2 2468.14868    0   15 8384.76430 2468.14868  70.6%     -    0s
H  454   428                    6806.8716610 2539.76105  62.7%  13.8    0s
H 1187   975                    6633.9198476 2987.08947  55.0%  14.1    0s
H 1268   880                    6118.2903978 2987.08947  51.2%  13.9    0s
H 1891  1002                    5376.1464289 2987.08947  44.4%  13.5    0s
H 1898   938                    5336.4313866 2987.08947  44.0%  13.5    0s
H 1932   918                    5336.4313854 2987.08947  44.0%  14.5    0s
H 2171   969                    5336.4313842 2987.08947  44.0%  14.4    0s
H 2298   993                    5336.4313830 2987.08947  44.0%  14.2    0s
H 2625  1055                    5336.4313788 2987.08947  44.0%  14.0    0s
H 3407  1210                    5336.4313776 2987.08947  44.0%  14.0    0s
H 3702   711                    3887.2463085 2987.08947  23.2%  13.9    0s
H 4918   888                    3803.7899610 2987.08947  21.5%  13.4    1s
H 4919   485                    3669.5055524 2987.08947  18.6%  13.4    1s
H 4935   492                    3669.5055512 2987.08947  18.6%  13.4    1s
H 6465   648                    3669.5055507 3214.28154  12.4%  13.7    1s
H 7389  1057                    3669.5055486 3394.05489  7.51%  14.2    1s
H 7457  1057                    3669.5055482 3394.05489  7.51%  14.2    1s
H 8906  1455                    3638.2019869 3394.05489  6.71%  14.3    1s
H 9035  1481                    3638.2019865 3394.05489  6.71%  14.3    1s
*11342  2478             131    3623.1704182 3394.05489  6.32%  14.1    1s
H12580  1528                    3569.7371152 3398.28969  4.80%  13.8    2s
H12584  1455                    3568.4426306 3398.28969  4.77%  13.8    2s
H12586  1131                    3540.1733134 3398.28969  4.01%  13.8    2s
H12617  1129                    3540.0560922 3398.28969  4.00%  13.8    2s
H12870  1129                    3539.9638499 3398.28969  4.00%  13.9    2s
*13833  1063              88    3499.8637735 3433.57703  1.89%  13.6    2s
*14398  1229              91    3495.3863752 3443.35469  1.49%  13.5    2s
*14873  1544              90    3494.9978321 3443.35469  1.48%  13.4    2s
H15291  1416                    3486.7978153 3443.35469  1.25%  13.3    2s
*17361  2013              74    3483.3922932 3443.35469  1.15%  13.4    2s
*18296  2509              89    3482.1671129 3446.68347  1.02%  13.4    2s
*20780  2993              95    3478.9260058 3449.79367  0.84%  13.7    2s
*20995  2934             104    3476.9265534 3449.79367  0.78%  13.7    3s
*22381  3365             114    3476.6190328 3449.79367  0.77%  13.9    3s
*22383  3360             115    3476.2079387 3449.79367  0.76%  13.9    3s
*22463  3390             117    3472.7541055 3449.79367  0.66%  13.9    3s
*22467  3353             119    3471.9556917 3449.79367  0.64%  13.9    3s
*22535  3118             116    3468.5782640 3449.79367  0.54%  13.9    3s
*22537  3020             115    3467.7798502 3449.79367  0.52%  13.9    3s
*25600  3592             115    3467.5587698 3449.79367  0.51%  14.2    3s
*25711  3565             114    3467.3104339 3449.79367  0.51%  14.2    3s
*25813  3476             116    3466.9721122 3449.79367  0.50%  14.2    3s
*26002  3422             115    3466.5399213 3449.79367  0.48%  14.2    3s
*26003  3352             114    3466.0590231 3449.79367  0.47%  14.2    3s
*26940  3450             107    3465.8352717 3449.79367  0.46%  14.3    3s
 38566  5138 3455.42125  109    5 3465.83527 3449.79367  0.46%  15.7    5s
*39825  5027             111    3465.1325550 3449.79367  0.44%  15.9    5s
H40166  4041                    3457.0944712 3449.79367  0.21%  15.9    5s
H40167  3817                    3455.4509266 3449.79367  0.16%  15.9    5s
H40171  3817                    3455.4423201 3449.79367  0.16%  15.9    5s
H41689  3913                    3455.4423133 3449.79367  0.16%  16.1    5s
H41849  3444                    3454.1502609 3449.79367  0.13%  16.2    5s
H42494  3413                    3453.9941528 3449.79367  0.12%  16.3    5s
H42626  3365                    3453.6782033 3449.79367  0.11%  16.3    5s
H42687  2683                    3450.6522055 3449.79367  0.02%  16.3    5s
H52172  2970                    3450.4313933 3449.79367  0.02%  18.3    7s
H52287  2878                    3450.1726134 3449.79367  0.01%  18.3    7s
H52613  2843                    3450.0318698 3449.79367  0.01%  18.3    7s

Cutting planes:
  MIR: 6
  Relax-and-lift: 2

Explored 52978 nodes (974862 simplex iterations) in 7.21 seconds (11.33 work units)
Thread count was 8 (of 8 available processors)

Solution count 10: 3450.03 3450.03 3450.17 ... 3455.44

Optimal solution found (tolerance 1.00e-04)
Best objective 3.450031869794e+03, best bound 3.449793666693e+03, gap 0.0069%

User-callback calls 110315, time in user-callback 0.01 sec

Gurobi 12.0.3 (mac64[arm]) logging started Tue Sep 23 18:46:27 2025

Set parameter LogFile to value "Logs/PowerFlow Logs/L20/phase1/scenario_generation.log"
Set parameter LogToConsole to value 0

Gurobi 12.0.3 (mac64[arm]) logging started Tue Sep 23 18:46:27 2025

Set parameter LogFile to value "Logs/PowerFlow Logs/L20/phase1/scenario_generation.log"
Gurobi Optimizer version 12.0.3 build v12.0.3rc0 (mac64[arm] - Darwin 24.6.0 24G222)

CPU model: Apple M3
Thread count: 8 physical cores, 8 logical processors, using up to 8 threads

Non-default parameters:
TimeLimit  60
LogToConsole  0

Optimize a model with 980 rows, 726 columns and 3212 nonzeros
Model fingerprint: 0x678094dd
Variable types: 540 continuous, 186 integer (186 binary)
Coefficient statistics:
  Matrix range     [1e+00, 3e+03]
  Objective range  [6e-02, 1e+04]
  Bounds range     [0e+00, 0e+00]
  RHS range        [6e-02, 3e+03]
Found heuristic solution: objective 439222.54482
Found heuristic solution: objective 439222.54322
Presolve removed 181 rows and 40 columns
Presolve time: 0.01s
Presolved: 799 rows, 686 columns, 2644 nonzeros
Found heuristic solution: objective 419141.79313
Variable types: 513 continuous, 173 integer (173 binary)

Root relaxation: objective 2.216767e+03, 1026 iterations, 0.01 seconds (0.01 work units)

    Nodes    |    Current Node    |     Objective Bounds      |     Work
 Expl Unexpl |  Obj  Depth IntInf | Incumbent    BestBd   Gap | It/Node Time

     0     0 2216.76709    0   22 419141.793 2216.76709  99.5%     -    0s
H    0     0                    60575.317949 2216.76709  96.3%     -    0s
     0     0 2216.76709    0   19 60575.3179 2216.76709  96.3%     -    0s
H    0     0                    23255.042017 2216.76709  90.5%     -    0s
H    0     0                    23186.972282 2216.76709  90.4%     -    0s
     0     0 2216.76709    0   17 23186.9723 2216.76709  90.4%     -    0s
     0     0 2216.76709    0   14 23186.9723 2216.76709  90.4%     -    0s
H    0     0                    13990.127374 2216.76709  84.2%     -    0s
     0     0 2216.76709    0   15 13990.1274 2216.76709  84.2%     -    0s
     0     0 2216.76709    0   10 13990.1274 2216.76709  84.2%     -    0s
H    0     0                    9955.3129238 2216.76709  77.7%     -    0s
     0     0 2216.76709    0   11 9955.31292 2216.76709  77.7%     -    0s
     0     0 2216.76709    0   11 9955.31292 2216.76709  77.7%     -    0s
     0     0 2216.76709    0   12 9955.31292 2216.76709  77.7%     -    0s
     0     0 2216.76709    0   12 9955.31292 2216.76709  77.7%     -    0s
     0     0 2216.76709    0   12 9955.31292 2216.76709  77.7%     -    0s
H    0     0                    9558.5836082 2216.76709  76.8%     -    0s
H    0     0                    9548.0293898 2216.76709  76.8%     -    0s
H    0     0                    9547.8449888 2216.76709  76.8%     -    0s
     0     2 2216.76709    0   12 9547.84499 2216.76709  76.8%     -    0s
H  198   218                    3680.2617947 2216.76709  39.8%  17.4    0s
H  293   291                    3680.2617937 2216.76709  39.8%  17.9    0s
H  307   291                    3680.2617923 2216.76709  39.8%  18.3    0s
H  533   512                    3677.7840507 2216.76709  39.7%  20.4    0s
H  589   512                    3677.7840484 2216.76709  39.7%  19.8    0s
H  632   510                    3560.3264549 2216.76709  37.7%  20.8    0s
H  700   532                    3560.3264545 2216.76709  37.7%  21.2    0s
H  768   605                    3486.3772418 2216.76709  36.4%  21.3    0s
H  774   597                    3464.6166201 2216.76709  36.0%  21.4    0s
H  807   546                    3411.4383168 2216.76709  35.0%  21.0    0s
H 1581   575                    3201.8753474 2254.82495  29.6%  20.5    0s
H 1713   507                    3201.8753467 2254.82495  29.6%  21.2    0s
H 1737   476                    3201.8753461 2254.82495  29.6%  21.2    0s
H 1995   566                    3201.8753455 2254.82495  29.6%  20.6    0s
H 2003   543                    3201.8753450 2254.82495  29.6%  20.5    0s
H 2019   517                    3201.8753443 2254.82495  29.6%  20.5    0s
H 2104   596                    3180.4470082 2254.82495  29.1%  20.3    0s
H 2169   556                    3180.4470059 2254.82495  29.1%  20.1    0s
H 2354   611                    3180.4470055 2254.82495  29.1%  19.9    0s
H 2555   649                    3136.6368823 2254.82495  28.1%  19.4    0s
H 2583   647                    3136.6368808 2254.82495  28.1%  19.4    0s
* 2632   699              94    3124.0739436 2254.82495  27.8%  19.3    0s
H 2862   758                    3076.4615219 2263.33033  26.4%  19.4    0s
H 2887   452                    2993.1881346 2263.33033  24.4%  19.3    0s
H 2889   452                    2922.3439013 2263.33033  22.6%  19.3    0s
H 3393   672                    2922.3438998 2507.84130  14.2%  18.5    0s
H 4511  1346                    2913.6488572 2507.84130  13.9%  18.0    1s
H 4514   699                    2864.4354384 2507.84130  12.4%  18.0    1s
* 6297  1542             120    2832.3745087 2507.84130  11.5%  17.5    1s
* 8130  2185             118    2824.9980469 2507.84130  11.2%  16.9    1s
* 8136  2013             117    2817.1432558 2507.84130  11.0%  16.9    1s
H 8723  1988                    2771.0199076 2515.83026  9.21%  16.6    1s
H 9987  2511                    2768.7077713 2574.61142  7.01%  16.5    1s
H10784  2659                    2759.5778803 2759.24878  0.01%  16.2    1s
H14241  4647                    2759.5524234 2759.24878  0.01%  16.8    2s
H14242  4582                    2759.3022489 2759.24878  0.00%  16.8    2s

Cutting planes:
  MIR: 1

Explored 14321 nodes (242769 simplex iterations) in 2.25 seconds (3.29 work units)
Thread count was 8 (of 8 available processors)

Solution count 10: 2759.3 2759.55 2759.58 ... 2913.65

Optimal solution found (tolerance 1.00e-04)
Best objective 2.759302248885e+03, best bound 2.759248776200e+03, gap 0.0019%

User-callback calls 30516, time in user-callback 0.00 sec

============================================================
SUMMARY STATISTICS - Phase 1 - Scenario Generation
============================================================
Parameters:
  nscen: 20
  capacity_factor: 1.2

Results:
  scenarios_generated: 20
  execution_time: See timing files for details
============================================================

Gurobi 12.0.3 (mac64[arm]) logging started Tue Sep 23 19:03:07 2025

Set parameter LogFile to value "Logs/PowerFlow Logs/L20/phase1/scenario_generation.log"
Set parameter LogToConsole to value 0

Gurobi 12.0.3 (mac64[arm]) logging started Tue Sep 23 19:03:07 2025

Set parameter LogFile to value "Logs/PowerFlow Logs/L20/phase1/scenario_generation.log"
Gurobi Optimizer version 12.0.3 build v12.0.3rc0 (mac64[arm] - Darwin 24.6.0 24G222)

CPU model: Apple M3
Thread count: 8 physical cores, 8 logical processors, using up to 8 threads

Non-default parameters:
TimeLimit  60
LogToConsole  0

Optimize a model with 980 rows, 726 columns and 3212 nonzeros
Model fingerprint: 0xd9d2df0a
Variable types: 540 continuous, 186 integer (186 binary)
Coefficient statistics:
  Matrix range     [1e+00, 3e+03]
  Objective range  [6e-02, 1e+04]
  Bounds range     [0e+00, 0e+00]
  RHS range        [6e-02, 3e+03]
Found heuristic solution: objective 442521.63573
Found heuristic solution: objective 442521.63393
Presolve removed 181 rows and 40 columns
Presolve time: 0.00s
Presolved: 799 rows, 686 columns, 2644 nonzeros
Found heuristic solution: objective 421468.28580
Variable types: 513 continuous, 173 integer (173 binary)

Root relaxation: objective 2.316141e+03, 1035 iterations, 0.01 seconds (0.01 work units)

    Nodes    |    Current Node    |     Objective Bounds      |     Work
 Expl Unexpl |  Obj  Depth IntInf | Incumbent    BestBd   Gap | It/Node Time

     0     0 2316.14106    0   23 421468.286 2316.14106  99.5%     -    0s
H    0     0                    65655.095095 2316.14106  96.5%     -    0s
H    0     0                    47476.595557 2316.14106  95.1%     -    0s
     0     0 2316.14106    0   21 47476.5956 2316.14106  95.1%     -    0s
H    0     0                    22828.461144 2316.14106  89.9%     -    0s
H    0     0                    22827.452891 2316.14106  89.9%     -    0s
     0     0 2316.14106    0   20 22827.4529 2316.14106  89.9%     -    0s
     0     0 2316.14106    0   11 22827.4529 2316.14106  89.9%     -    0s
H    0     0                    14734.417022 2316.14106  84.3%     -    0s
H    0     0                    13970.788803 2316.14106  83.4%     -    0s
     0     0 2316.14106    0   11 13970.7888 2316.14106  83.4%     -    0s
     0     0 2316.14106    0    7 13970.7888 2316.14106  83.4%     -    0s
H    0     0                    5129.7401658 2316.14106  54.8%     -    0s
     0     0 2316.14106    0   10 5129.74017 2316.14106  54.8%     -    0s
     0     0 2316.14106    0   11 5129.74017 2316.14106  54.8%     -    0s
     0     0 2316.14106    0   10 5129.74017 2316.14106  54.8%     -    0s
     0     0 2316.14106    0   11 5129.74017 2316.14106  54.8%     -    0s
     0     0 2316.14106    0    8 5129.74017 2316.14106  54.8%     -    0s
     0     0 2316.14106    0    8 5129.74017 2316.14106  54.8%     -    0s
     0     2 2316.14106    0    8 5129.74017 2316.14106  54.8%     -    0s
H   56    64                    5129.7401648 2316.14106  54.8%  16.5    0s
H   57    64                    4903.7000721 2316.14106  52.8%  16.2    0s
H  108   144                    4903.7000713 2316.14106  52.8%  14.1    0s
H  133   144                    4734.8388667 2316.14106  51.1%  13.4    0s
H  313   318                    4354.1932259 2316.14106  46.8%  14.7    0s
H  458   449                    4210.3241241 2316.14106  45.0%  16.1    0s
H  552   537                    4210.3241231 2316.14106  45.0%  16.3    0s
H  851   821                    3992.3990220 2316.14106  42.0%  17.8    0s
H 1175  1104                    3992.3990209 2316.14106  42.0%  17.6    0s
H 1426  1000                    3460.9749283 2316.14106  33.1%  16.8    0s
H 1774   727                    3326.4919021 2316.14106  30.4%  15.3    0s
H 1781   676                    3326.4919009 2343.21905  29.6%  15.2    0s
H 1851   686                    3326.4919002 2795.52601  16.0%  18.7    1s
H 1998   641                    3326.4918980 2807.83180  15.6%  18.4    1s
H 2366   616                    3326.4918958 3029.19216  8.94%  18.2    1s
H 2817   685                    3264.8754853 3029.19216  7.22%  18.0    1s
H 3016   589                    3240.7658994 3097.33858  4.43%  18.1    1s
H 3017   562                    3214.4100221 3097.33858  3.64%  18.1    1s
H 3019   535                    3154.2152356 3097.33858  1.80%  18.1    1s
H 4222   429                    3121.6324129 3097.33858  0.78%  18.2    1s
H 4595   591                    3121.6324120 3097.33858  0.78%  18.7    1s
H 6426   974                    3121.6162452 3097.33858  0.78%  20.8    2s
H 6934   782                    3099.8241916 3097.33858  0.08%  21.4    2s
H 7769  1156                    3099.8241911 3097.33858  0.08%  22.2    2s
*10784  2218             134    3097.7572231 3097.33858  0.01%  28.3    3s
*10787  2218             136    3097.7441400 3097.33858  0.01%  28.3    3s
*10789  2213             135    3097.6364494 3097.33858  0.01%  28.3    3s

Cutting planes:
  Gomory: 12
  Implied bound: 2
  MIR: 3
  Flow cover: 13
  RLT: 1

Explored 11037 nodes (316875 simplex iterations) in 3.13 seconds (4.38 work units)
Thread count was 8 (of 8 available processors)

Solution count 10: 3097.64 3097.74 3097.76 ... 3264.88

Optimal solution found (tolerance 1.00e-04)
Best objective 3.097636449397e+03, best bound 3.097338584551e+03, gap 0.0096%

User-callback calls 24331, time in user-callback 0.00 sec

Gurobi 12.0.3 (mac64[arm]) logging started Tue Sep 23 19:03:10 2025

Set parameter LogFile to value "Logs/PowerFlow Logs/L20/phase1/scenario_generation.log"
Set parameter LogToConsole to value 0

Gurobi 12.0.3 (mac64[arm]) logging started Tue Sep 23 19:03:10 2025

Set parameter LogFile to value "Logs/PowerFlow Logs/L20/phase1/scenario_generation.log"
Gurobi Optimizer version 12.0.3 build v12.0.3rc0 (mac64[arm] - Darwin 24.6.0 24G222)

CPU model: Apple M3
Thread count: 8 physical cores, 8 logical processors, using up to 8 threads

Non-default parameters:
TimeLimit  60
LogToConsole  0

Optimize a model with 980 rows, 726 columns and 3212 nonzeros
Model fingerprint: 0x0c8cc3ae
Variable types: 540 continuous, 186 integer (186 binary)
Coefficient statistics:
  Matrix range     [1e+00, 3e+03]
  Objective range  [6e-02, 1e+04]
  Bounds range     [0e+00, 0e+00]
  RHS range        [6e-02, 3e+03]
Found heuristic solution: objective 436888.29801
Found heuristic solution: objective 436888.29633
Presolve removed 181 rows and 40 columns
Presolve time: 0.01s
Presolved: 799 rows, 686 columns, 2644 nonzeros
Found heuristic solution: objective 416169.97816
Variable types: 513 continuous, 173 integer (173 binary)

Root relaxation: objective 2.196887e+03, 1097 iterations, 0.01 seconds (0.02 work units)

    Nodes    |    Current Node    |     Objective Bounds      |     Work
 Expl Unexpl |  Obj  Depth IntInf | Incumbent    BestBd   Gap | It/Node Time

     0     0 2196.88679    0   16 416169.978 2196.88679  99.5%     -    0s
H    0     0                    58068.273637 2196.88679  96.2%     -    0s
H    0     0                    27596.349563 2196.88679  92.0%     -    0s
     0     0 2196.88679    0   18 27596.3496 2196.88679  92.0%     -    0s
H    0     0                    12260.990760 2196.88679  82.1%     -    0s
     0     0 2197.57626    0   21 12260.9908 2197.57626  82.1%     -    0s
     0     0 2197.57626    0   22 12260.9908 2197.57626  82.1%     -    0s
     0     0 2197.60127    0   14 12260.9908 2197.60127  82.1%     -    0s
H    0     0                    5700.5883806 2197.60204  61.4%     -    0s
     0     0 2204.42089    0   15 5700.58838 2204.42089  61.3%     -    0s
     0     0 2205.30956    0   13 5700.58838 2205.30956  61.3%     -    0s
     0     0 2205.30956    0   13 5700.58838 2205.30956  61.3%     -    0s
     0     0 2223.20964    0   11 5700.58838 2223.20964  61.0%     -    0s
     0     0 2223.46224    0   11 5700.58838 2223.46224  61.0%     -    0s
     0     0 2223.46224    0   10 5700.58838 2223.46224  61.0%     -    0s
     0     0 2223.46224    0    9 5700.58838 2223.46224  61.0%     -    0s
     0     2 2223.46224    0    9 5700.58838 2223.46224  61.0%     -    0s
H   37    62                    3568.8777218 2246.17368  37.1%  16.7    0s
H  235   225                    3568.8777207 2247.99196  37.0%  13.6    0s
H  501   429                    3568.8777199 2247.99196  37.0%  15.5    0s
H 1259   965                    3568.8777171 2690.56381  24.6%  15.0    0s
H 1825   898                    3483.8371512 2690.56381  22.8%  13.9    0s
H 1825   462                    3388.7768486 2690.56381  20.6%  13.9    0s
H 2197   531                    3388.7768481 2690.56381  20.6%  14.6    0s
H 2449   577                    3388.7768469 2690.56381  20.6%  14.6    0s
H 2466   552                    3388.7768462 2690.56381  20.6%  14.6    0s
H 2498   523                    3388.7768454 2690.56381  20.6%  14.6    0s
H 3195   881                    3388.7768451 2690.56381  20.6%  15.0    0s
H 3419  1074                    3387.5972214 2690.56381  20.6%  15.2    0s
H 3434  1064                    3372.2563078 2690.56381  20.2%  15.2    0s
* 3534  1018             111    3295.0617340 2690.56381  18.3%  15.3    0s
* 3668  1044             112    3264.5550786 2690.56381  17.6%  15.3    0s
* 4411  1535             114    3262.6992594 2690.56381  17.5%  15.1    0s
* 4507  1588             114    3255.5601607 2690.56381  17.4%  15.3    0s
H 4556  1677                    3255.5601596 2690.56381  17.4%  15.3    0s
H 5133  1470                    3244.0098372 2690.56381  17.1%  15.5    1s
* 5965  2133             117    3243.9390456 2690.56381  17.1%  16.1    1s
* 6451  2376             118    3243.8111236 2690.56381  17.1%  16.1    1s
H 7547  2908                    3243.5351414 2690.56381  17.0%  16.3    1s
H 9678  3838                    3233.8993413 2690.56381  16.8%  16.2    1s
H11022  4120                    3229.8414663 2925.44293  9.42%  16.5    1s
*12802  1979             119    3110.2949789 2953.78363  5.03%  16.4    2s
*12809  1967             122    3109.5413324 2953.78363  5.01%  16.4    2s
H13320  1486                    3033.2219354 3027.13237  0.20%  16.4    2s
*15148  2396              90    3031.9531907 3027.13237  0.16%  17.5    2s
*15386  2438              88    3028.2463382 3027.13237  0.04%  17.8    2s
*15724  2434              95    3027.2130888 3027.13237  0.00%  18.2    2s

Cutting planes:
  Gomory: 1
  MIR: 6

Explored 15836 nodes (292717 simplex iterations) in 2.57 seconds (3.51 work units)
Thread count was 8 (of 8 available processors)

Solution count 10: 3027.21 3028.25 3031.95 ... 3243.81

Optimal solution found (tolerance 1.00e-04)
Best objective 3.027213088828e+03, best bound 3.027132369577e+03, gap 0.0027%

User-callback calls 33423, time in user-callback 0.00 sec

Gurobi 12.0.3 (mac64[arm]) logging started Tue Sep 23 19:03:13 2025

Set parameter LogFile to value "Logs/PowerFlow Logs/L20/phase1/scenario_generation.log"
Set parameter LogToConsole to value 0

Gurobi 12.0.3 (mac64[arm]) logging started Tue Sep 23 19:03:13 2025

Set parameter LogFile to value "Logs/PowerFlow Logs/L20/phase1/scenario_generation.log"
Gurobi Optimizer version 12.0.3 build v12.0.3rc0 (mac64[arm] - Darwin 24.6.0 24G222)

CPU model: Apple M3
Thread count: 8 physical cores, 8 logical processors, using up to 8 threads

Non-default parameters:
TimeLimit  60
LogToConsole  0

Optimize a model with 980 rows, 726 columns and 3212 nonzeros
Model fingerprint: 0xad7bc49e
Variable types: 540 continuous, 186 integer (186 binary)
Coefficient statistics:
  Matrix range     [1e+00, 3e+03]
  Objective range  [6e-02, 1e+04]
  Bounds range     [0e+00, 0e+00]
  RHS range        [2e-02, 3e+03]
Found heuristic solution: objective 439367.56280
Found heuristic solution: objective 439367.56081
Presolve removed 181 rows and 40 columns
Presolve time: 0.01s
Presolved: 799 rows, 686 columns, 2644 nonzeros
Found heuristic solution: objective 420052.89186
Variable types: 513 continuous, 173 integer (173 binary)

Root relaxation: objective 2.283685e+03, 989 iterations, 0.01 seconds (0.01 work units)

    Nodes    |    Current Node    |     Objective Bounds      |     Work
 Expl Unexpl |  Obj  Depth IntInf | Incumbent    BestBd   Gap | It/Node Time

     0     0 2283.68526    0   21 420052.892 2283.68526  99.5%     -    0s
H    0     0                    36897.323223 2283.68526  93.8%     -    0s
     0     0 2283.68526    0   18 36897.3232 2283.68526  93.8%     -    0s
H    0     0                    13351.925336 2283.68526  82.9%     -    0s
     0     0 2283.68526    0   17 13351.9253 2283.68526  82.9%     -    0s
     0     0 2283.68526    0   13 13351.9253 2283.68526  82.9%     -    0s
     0     0 2283.68526    0   14 13351.9253 2283.68526  82.9%     -    0s
     0     0 2283.68526    0   12 13351.9253 2283.68526  82.9%     -    0s
     0     0 2283.68526    0   12 13351.9253 2283.68526  82.9%     -    0s
     0     0 2283.68526    0   12 13351.9253 2283.68526  82.9%     -    0s
     0     2 2283.68526    0   12 13351.9253 2283.68526  82.9%     -    0s
H   31    62                    13351.925334 2283.68526  82.9%  14.7    0s
H   37    62                    9053.4005391 2283.68526  74.8%  15.0    0s
H  128   110                    8934.6207780 2283.68526  74.4%  14.3    0s
H  138   110                    4867.6787706 2283.68526  53.1%  15.1    0s
H  260   255                    4773.4460163 2283.68526  52.2%  17.8    0s
H  316   312                    4718.2578726 2283.68526  51.6%  16.3    0s
H  324   312                    3844.3575104 2283.68526  40.6%  16.3    0s
H  506   448                    3844.3575093 2283.68526  40.6%  16.0    0s
H  788   706                    3844.3575084 2283.68526  40.6%  16.7    0s
H  911   706                    3844.3575073 2283.68526  40.6%  16.1    0s
H  987   851                    3843.7965960 2283.68526  40.6%  15.9    0s
H 1097   921                    3776.9479173 2283.68526  39.5%  16.0    0s
* 1246  1023              98    3775.5812280 2283.68526  39.5%  15.8    0s
H 1547  1042                    3672.2206150 2283.68526  37.8%  15.6    0s
H 1554   948                    3650.6061630 2283.68526  37.4%  15.6    0s
H 1894   891                    3583.5521577 2283.68526  36.3%  15.0    0s
H 1894   770                    3506.5232105 2283.68526  34.9%  15.0    0s
H 1894   765                    3478.5124234 2283.68526  34.3%  15.0    0s
H 2562   949                    3454.4190577 2723.12035  21.2%  16.7    0s
H 2999  1122                    3454.4190564 2723.12035  21.2%  17.4    1s
H 3567  1019                    3441.1470183 2723.12035  20.9%  18.0    1s
H 3569   942                    3417.4730313 2723.12035  20.3%  18.1    1s
H 3574   772                    3369.6432023 2723.12035  19.2%  18.1    1s
H 4275  1052                    3369.6432017 2723.12035  19.2%  18.5    1s
H 5370   722                    3318.5514032 2816.39272  15.1%  19.3    1s
H 6116  1165                    3318.5514028 2948.47034  11.2%  19.0    1s
* 6762  1223              85    3200.1380078 2949.68604  7.83%  18.5    1s
* 8321  1627              85    3188.6252061 2949.68604  7.49%  17.0    1s
* 8515  1598              98    3172.9040920 2949.68604  7.04%  16.8    1s
* 8854  1650              77    3169.9863469 2949.68604  6.95%  16.6    1s
* 8951  1517              83    3151.8221857 2949.68604  6.41%  16.6    1s
* 9871  1430             104    3144.5019736 2949.68604  6.20%  16.2    2s
*10043  1481             114    3144.3591077 2949.68604  6.19%  16.1    2s
*10044  1478             114    3143.1418651 2949.68604  6.15%  16.1    2s
*10487  1420              95    3136.0572589 2949.68604  5.94%  16.1    2s
*11220  1393              94    3129.1912360 2949.68604  5.74%  16.1    2s
*11481  1484              77    3125.9495160 2949.68604  5.64%  16.1    2s
*11582  1463              74    3115.2202593 2949.68604  5.31%  16.1    2s
H12807  1411                    3107.7940724 2949.68604  5.09%  16.0    2s
H12949  1482                    3107.7940719 2949.68604  5.09%  16.0    2s
*13277  1159             151    3033.8817238 2949.68604  2.78%  16.0    2s
H14698  1482                    3033.8517745 2949.68604  2.77%  16.3    2s
H14701  1379                    3022.1827615 2949.68604  2.40%  16.3    2s
*15187  1458             138    3018.1426856 2949.68604  2.27%  16.4    2s
*15501  1380             127    3007.1260375 2949.68604  1.91%  16.4    2s
*16002  1401             102    2997.9501469 2949.68604  1.61%  16.7    2s
*16676  1512             124    2988.1688090 2949.68604  1.29%  16.7    2s
H16780   955                    2962.0758169 2949.68604  0.42%  16.7    3s
H17121  1078                    2962.0758165 2949.68604  0.42%  16.9    3s
*17679  1205             107    2958.6106342 2949.68604  0.30%  17.1    3s
*19285  1582             109    2957.0707989 2949.68604  0.25%  17.4    3s
*19561  1765             109    2956.9245828 2949.68604  0.24%  17.5    3s
*19605  1757             108    2956.7091939 2949.68604  0.24%  17.5    3s
*19665  1700             111    2953.9717976 2949.68604  0.15%  17.6    3s
*19668  1680             113    2952.9580919 2949.68604  0.11%  17.6    3s
H20143  1683                    2952.9580916 2949.68604  0.11%  17.8    3s
*20349  1567             126    2951.6923780 2949.68604  0.07%  17.9    3s
*21325  1610             119    2950.9533686 2949.68604  0.04%  18.8    3s
*21478  1609             118    2950.9042207 2949.68604  0.04%  18.9    3s
H22662  1397                    2949.9070118 2949.68604  0.01%  19.8    4s

Cutting planes:
  Gomory: 11
  Implied bound: 2
  MIR: 7
  Flow cover: 16
  Inf proof: 5

Explored 22664 nodes (449628 simplex iterations) in 4.01 seconds (5.99 work units)
Thread count was 8 (of 8 available processors)

Solution count 10: 2949.91 2950.9 2950.95 ... 2958.61

Optimal solution found (tolerance 1.00e-04)
Best objective 2.949907011774e+03, best bound 2.949686044300e+03, gap 0.0075%

User-callback calls 48062, time in user-callback 0.01 sec

Gurobi 12.0.3 (mac64[arm]) logging started Tue Sep 23 19:03:17 2025

Set parameter LogFile to value "Logs/PowerFlow Logs/L20/phase1/scenario_generation.log"
Set parameter LogToConsole to value 0

Gurobi 12.0.3 (mac64[arm]) logging started Tue Sep 23 19:03:17 2025

Set parameter LogFile to value "Logs/PowerFlow Logs/L20/phase1/scenario_generation.log"
Gurobi Optimizer version 12.0.3 build v12.0.3rc0 (mac64[arm] - Darwin 24.6.0 24G222)

CPU model: Apple M3
Thread count: 8 physical cores, 8 logical processors, using up to 8 threads

Non-default parameters:
TimeLimit  60
LogToConsole  0

Optimize a model with 980 rows, 726 columns and 3212 nonzeros
Model fingerprint: 0x8f4c0241
Variable types: 540 continuous, 186 integer (186 binary)
Coefficient statistics:
  Matrix range     [1e+00, 3e+03]
  Objective range  [6e-02, 1e+04]
  Bounds range     [0e+00, 0e+00]
  RHS range        [6e-02, 3e+03]
Found heuristic solution: objective 438981.85669
Found heuristic solution: objective 438981.85528
Presolve removed 181 rows and 40 columns
Presolve time: 0.01s
Presolved: 799 rows, 686 columns, 2644 nonzeros
Found heuristic solution: objective 418613.41828
Variable types: 513 continuous, 173 integer (173 binary)

Root relaxation: objective 2.397648e+03, 1153 iterations, 0.01 seconds (0.02 work units)

    Nodes    |    Current Node    |     Objective Bounds      |     Work
 Expl Unexpl |  Obj  Depth IntInf | Incumbent    BestBd   Gap | It/Node Time

     0     0 2397.64810    0   30 418613.418 2397.64810  99.4%     -    0s
H    0     0                    97576.806841 2397.64810  97.5%     -    0s
     0     0 2414.11746    0   30 97576.8068 2414.11746  97.5%     -    0s
H    0     0                    42478.002441 2431.20968  94.3%     -    0s
     0     0 2431.20968    0   28 42478.0024 2431.20968  94.3%     -    0s
     0     0 2433.67282    0   23 42478.0024 2433.67282  94.3%     -    0s
H    0     0                    11911.638953 2434.06893  79.6%     -    0s
     0     0 2436.34384    0   21 11911.6390 2436.34384  79.5%     -    0s
H    0     0                    11887.071625 2436.34384  79.5%     -    0s
     0     0 2447.26177    0   19 11887.0716 2447.26177  79.4%     -    0s
H    0     0                    11725.330538 2447.26177  79.1%     -    0s
     0     0 2448.75047    0   20 11725.3305 2448.75047  79.1%     -    0s
     0     0 2449.55727    0   19 11725.3305 2449.55727  79.1%     -    0s
     0     0 2449.55727    0   19 11725.3305 2449.55727  79.1%     -    0s
     0     0 2450.39634    0   18 11725.3305 2450.39634  79.1%     -    0s
H    0     0                    11602.008458 2450.88476  78.9%     -    0s
     0     0 2450.88476    0   20 11602.0085 2450.88476  78.9%     -    0s
     0     0 2450.88476    0   20 11602.0085 2450.88476  78.9%     -    0s
     0     0 2450.88476    0   14 11602.0085 2450.88476  78.9%     -    0s
     0     0 2450.88476    0   16 11602.0085 2450.88476  78.9%     -    0s
     0     0 2450.88751    0   16 11602.0085 2450.88751  78.9%     -    0s
     0     0 2450.88751    0   16 11602.0085 2450.88751  78.9%     -    0s
     0     0 2450.88751    0   16 11602.0085 2450.88751  78.9%     -    0s
     0     2 2450.88751    0   16 11602.0085 2450.88751  78.9%     -    0s
H  116   116                    6377.4379069 2632.29257  58.7%  17.0    0s
H  814   700                    6377.4379062 2632.59223  58.7%  16.1    0s
H  876   698                    6342.2821229 2632.59223  58.5%  16.5    0s
* 1248   788             121    5832.7767193 2646.26286  54.6%  16.4    0s
* 1612   890             101    5645.1711134 2646.26286  53.1%  15.7    0s
* 1624   869             103    5472.8066002 2646.26286  51.6%  15.6    0s
* 1626   869             104    5468.9021219 2646.26286  51.6%  15.6    0s
H 1914   530                    4349.1476061 2653.49551  39.0%  15.2    0s
H 1914   479                    3985.3429994 2653.49551  33.4%  15.2    0s
H 1914   471                    3905.2067524 2653.49551  32.1%  15.2    0s
H 2672   740                    3905.2067517 2653.49551  32.1%  14.7    0s
H 3078   917                    3876.0377358 2653.49551  31.5%  14.8    0s
H 3451   670                    3732.8700927 2684.14200  28.1%  15.0    0s
* 4071   564             128    3573.7877018 3053.16906  14.6%  14.8    0s
H 4711   486                    3563.0914527 3293.77960  7.56%  14.6    0s
H 5648   917                    3563.0914507 3293.77960  7.56%  14.5    0s
H 6561  1533                    3563.0914502 3428.00470  3.79%  15.1    1s
H 6610  1533                    3563.0914488 3428.00470  3.79%  15.1    1s
H 6773  1266                    3541.6575633 3470.32384  2.01%  15.1    1s
H 7539  1835                    3541.6575629 3470.32384  2.01%  15.0    1s
H 7560  1835                    3541.6575613 3470.32384  2.01%  15.0    1s
H 8638  2323                    3541.6575602 3470.32384  2.01%  15.0    1s
* 9527  2549             131    3525.3638032 3470.32384  1.56%  14.8    1s
H10763  2861                    3519.9893745 3470.32384  1.41%  14.4    1s
H11955  3490                    3519.9893738 3470.32384  1.41%  14.8    1s
H11994  3490                    3519.9893735 3470.32384  1.41%  14.8    1s
*13505  2920             130    3502.6414779 3470.32384  0.92%  15.0    1s
*13511  2919             129    3502.6226906 3470.32384  0.92%  15.0    1s
H15802  3874                    3502.6226892 3470.32384  0.92%  15.7    2s
H18083  4169                    3495.0397925 3470.32384  0.71%  16.4    2s
*21265  4228             104    3490.3726090 3470.32384  0.57%  16.9    2s
*21267  4214             103    3490.2356728 3470.32384  0.57%  16.9    2s
*21268  4213             102    3490.0805734 3470.32384  0.57%  16.9    2s
H24027  1915                    3487.9674263 3470.32384  0.51%  17.1    3s
*26112  1839              96    3481.0698715 3470.32384  0.31%  17.5    3s
*28515  2681             111    3480.2083197 3470.32384  0.28%  17.7    3s
*29212  2903              90    3480.0786244 3470.32384  0.28%  17.8    3s
*29416  2880             104    3479.8942340 3470.32384  0.28%  17.8    3s
*29748  2238              99    3479.4061295 3470.32384  0.26%  17.9    3s
*31173  2452             108    3479.4018297 3470.32384  0.26%  18.1    4s
H33159  2895                    3479.3821618 3470.32384  0.26%  18.5    4s
 37649  3932     cutoff   59      3479.38216 3470.32384  0.26%  19.2    5s
*47696  5419              97    3479.3679150 3470.32384  0.26%  20.9    7s
*56792  6833             100    3479.3293917 3470.32384  0.26%  21.9    9s
*58978  6581              98    3479.1986403 3470.32384  0.26%  22.1    9s
 61857  7412 infeasible   65      3479.19864 3470.32384  0.26%  22.3   10s
*64793  8021              99    3479.1415886 3470.32384  0.25%  22.5   10s
*86295 13723              95    3479.1415842 3470.32384  0.25%  24.4   13s
 92618 14448 3470.32384   62   17 3479.14158 3470.32384  0.25%  24.7   15s
 122314 20427 3470.32384   51   10 3479.14158 3470.32384  0.25%  25.8   20s
 148311 24856 infeasible   53      3479.14158 3470.32384  0.25%  26.4   25s
*152189 25839              94    3479.1308474 3470.32384  0.25%  26.4   25s
H153772 26046                    3479.1292416 3470.32384  0.25%  26.4   25s
 177846 32317 3474.33133   56   10 3479.12924 3470.32384  0.25%  26.6   30s
 208333 38351 3470.32384   61   21 3479.12924 3470.32384  0.25%  26.8   35s
H225144 29304                    3479.1258540 3470.32384  0.25%  26.9   38s
 232703 30624 infeasible   53      3479.12585 3470.32384  0.25%  27.1   40s
*252410 33000             105    3478.5049176 3470.32384  0.24%  27.2   43s
 261849 33833     cutoff   69      3478.50492 3470.32384  0.24%  27.2   45s
H282749 31712                    3477.8214093 3470.32384  0.22%  27.4   48s
H283302 28780                    3477.1086566 3470.32384  0.20%  27.5   48s
H283369 28697                    3476.9494255 3470.32384  0.19%  27.5   48s
H286870 28869                    3476.1942351 3470.32384  0.17%  27.7   49s
 287437 28967 3470.32384   57   26 3476.19424 3470.32384  0.17%  27.7   50s
 312989 30538 3470.32384   51   15 3476.19424 3470.32384  0.17%  28.4   55s
 336581 31199     cutoff   62      3476.19424 3470.32384  0.17%  29.0   60s

Cutting planes:
  Gomory: 4
  Implied bound: 2
  MIR: 11
  Flow cover: 10
  Relax-and-lift: 2

Explored 337051 nodes (9773778 simplex iterations) in 60.00 seconds (93.37 work units)
Thread count was 8 (of 8 available processors)

Solution count 10: 3476.19 3476.95 3477.11 ... 3479.14

Time limit reached
Best objective 3.476194235078e+03, best bound 3.470323841914e+03, gap 0.1689%

User-callback calls 706576, time in user-callback 0.09 sec

Gurobi 12.0.3 (mac64[arm]) logging started Tue Sep 23 19:04:17 2025

Set parameter LogFile to value "Logs/PowerFlow Logs/L20/phase1/scenario_generation.log"
Set parameter LogToConsole to value 0

Gurobi 12.0.3 (mac64[arm]) logging started Tue Sep 23 19:04:17 2025

Set parameter LogFile to value "Logs/PowerFlow Logs/L20/phase1/scenario_generation.log"
Gurobi Optimizer version 12.0.3 build v12.0.3rc0 (mac64[arm] - Darwin 24.6.0 24G222)

CPU model: Apple M3
Thread count: 8 physical cores, 8 logical processors, using up to 8 threads

Non-default parameters:
TimeLimit  60
LogToConsole  0

Optimize a model with 980 rows, 726 columns and 3212 nonzeros
Model fingerprint: 0xc0cb7ab2
Variable types: 540 continuous, 186 integer (186 binary)
Coefficient statistics:
  Matrix range     [1e+00, 3e+03]
  Objective range  [6e-02, 1e+04]
  Bounds range     [0e+00, 0e+00]
  RHS range        [6e-02, 3e+03]
Found heuristic solution: objective 446721.80615
Found heuristic solution: objective 446721.80480
Presolve removed 181 rows and 40 columns
Presolve time: 0.01s
Presolved: 799 rows, 686 columns, 2644 nonzeros
Found heuristic solution: objective 427320.93037
Variable types: 513 continuous, 173 integer (173 binary)

Root relaxation: objective 2.407733e+03, 983 iterations, 0.01 seconds (0.01 work units)

    Nodes    |    Current Node    |     Objective Bounds      |     Work
 Expl Unexpl |  Obj  Depth IntInf | Incumbent    BestBd   Gap | It/Node Time

     0     0 2407.73320    0   18 427320.930 2407.73320  99.4%     -    0s
H    0     0                    49621.461781 2407.73320  95.1%     -    0s
H    0     0                    47922.504429 2407.73320  95.0%     -    0s
     0     0 2407.73320    0   16 47922.5044 2407.73320  95.0%     -    0s
H    0     0                    10649.829934 2407.73320  77.4%     -    0s
     0     0 2407.73320    0   15 10649.8299 2407.73320  77.4%     -    0s
     0     0 2407.73320    0   15 10649.8299 2407.73320  77.4%     -    0s
H    0     0                    9088.8466228 2407.73320  73.5%     -    0s
     0     0 2407.73320    0   15 9088.84662 2407.73320  73.5%     -    0s
     0     0 2407.73320    0   12 9088.84662 2407.73320  73.5%     -    0s
     0     0 2407.73320    0   11 9088.84662 2407.73320  73.5%     -    0s
     0     0 2407.73320    0   12 9088.84662 2407.73320  73.5%     -    0s
     0     0 2407.73320    0   12 9088.84662 2407.73320  73.5%     -    0s
H    0     0                    8501.8684865 2407.73320  71.7%     -    0s
     0     2 2407.73320    0   12 8501.86849 2407.73320  71.7%     -    0s
H   62    59                    3647.7587738 2407.73320  34.0%  28.3    0s
H  138   105                    3647.7587709 2407.73320  34.0%  22.1    0s
H  271   238                    3647.7587704 2407.73320  34.0%  19.9    0s
H  278   238                    3647.7587628 2407.73320  34.0%  19.5    0s
H  621   495                    3635.9188898 2407.73320  33.8%  18.5    0s
H  849   641                    3635.9188893 2407.73320  33.8%  18.4    0s
H 1428  1015                    3550.0985064 2407.73320  32.2%  17.6    0s
H 2325  1383                    3550.0985057 2425.26727  31.7%  16.7    0s
H 2343  1313                    3550.0985047 2425.26727  31.7%  16.7    0s
H 2710  1456                    3550.0985042 2425.26727  31.7%  16.2    0s
H 2786  1381                    3241.7669448 2425.26727  25.2%  16.2    0s
H 2999  1193                    3241.7669433 2425.26727  25.2%  15.9    0s
H 3361  1011                    3227.5194400 2832.78748  12.2%  15.4    0s
H 3379   956                    3210.9842844 2832.78748  11.8%  15.5    0s
H 3380   909                    3209.9379678 2832.78748  11.7%  15.5    0s
* 4426   862             140    3185.0441920 2840.08504  10.8%  16.2    0s
H 4760   935                    3185.0441905 2840.08504  10.8%  16.4    0s
* 5234  1213             131    3175.9147157 2840.08504  10.6%  16.9    1s
* 5235  1209             131    3174.1805357 2840.08504  10.5%  16.9    1s
* 5760  1198             129    3127.3746256 2840.08504  9.19%  16.6    1s
* 5761  1197             129    3126.8324395 2840.08504  9.17%  16.6    1s
H 6814  1300                    3125.7199994 2970.54056  4.96%  16.9    1s
H 6890  1391                    3125.2037475 2986.85373  4.43%  17.0    1s
H 7697  1555                    3125.2037471 3104.67193  0.66%  17.5    1s
H 8302  1663                    3122.3566491 3110.74618  0.37%  17.8    1s
* 9051  1968              74    3117.0128414 3114.32353  0.09%  18.5    1s
H 9813  2134                    3114.8939927 3114.32353  0.02%  19.4    1s
*10769  2754             112    3114.6446405 3114.32353  0.01%  21.0    2s
*10834  2754              86    3114.6250293 3114.32353  0.01%  21.0    2s

Cutting planes:
  Gomory: 1
  Relax-and-lift: 1

Explored 11089 nodes (238431 simplex iterations) in 2.07 seconds (3.05 work units)
Thread count was 8 (of 8 available processors)

Solution count 10: 3114.63 3114.64 3114.89 ... 3174.18

Optimal solution found (tolerance 1.00e-04)
Best objective 3.114625029263e+03, best bound 3.114323529781e+03, gap 0.0097%

User-callback calls 23946, time in user-callback 0.00 sec

Gurobi 12.0.3 (mac64[arm]) logging started Tue Sep 23 19:04:19 2025

Set parameter LogFile to value "Logs/PowerFlow Logs/L20/phase1/scenario_generation.log"
Set parameter LogToConsole to value 0

Gurobi 12.0.3 (mac64[arm]) logging started Tue Sep 23 19:04:19 2025

Set parameter LogFile to value "Logs/PowerFlow Logs/L20/phase1/scenario_generation.log"
Gurobi Optimizer version 12.0.3 build v12.0.3rc0 (mac64[arm] - Darwin 24.6.0 24G222)

CPU model: Apple M3
Thread count: 8 physical cores, 8 logical processors, using up to 8 threads

Non-default parameters:
TimeLimit  60
LogToConsole  0

Optimize a model with 980 rows, 726 columns and 3212 nonzeros
Model fingerprint: 0xef0c7594
Variable types: 540 continuous, 186 integer (186 binary)
Coefficient statistics:
  Matrix range     [1e+00, 3e+03]
  Objective range  [6e-02, 1e+04]
  Bounds range     [0e+00, 0e+00]
  RHS range        [7e-02, 3e+03]
Found heuristic solution: objective 442016.26149
Found heuristic solution: objective 442016.25928
Presolve removed 181 rows and 40 columns
Presolve time: 0.01s
Presolved: 799 rows, 686 columns, 2644 nonzeros
Found heuristic solution: objective 421374.32109
Variable types: 513 continuous, 173 integer (173 binary)

Root relaxation: objective 2.317109e+03, 961 iterations, 0.01 seconds (0.01 work units)

    Nodes    |    Current Node    |     Objective Bounds      |     Work
 Expl Unexpl |  Obj  Depth IntInf | Incumbent    BestBd   Gap | It/Node Time

     0     0 2317.10946    0   29 421374.321 2317.10946  99.5%     -    0s
H    0     0                    112468.10544 2317.10946  97.9%     -    0s
H    0     0                    99353.178944 2317.10946  97.7%     -    0s
     0     0 2317.10946    0   27 99353.1789 2317.10946  97.7%     -    0s
H    0     0                    29355.930228 2317.10946  92.1%     -    0s
H    0     0                    13321.241546 2317.10946  82.6%     -    0s
     0     0 2317.10946    0   25 13321.2415 2317.10946  82.6%     -    0s
     0     0 2317.10946    0   12 13321.2415 2317.10946  82.6%     -    0s
H    0     0                    9507.0663114 2317.10946  75.6%     -    0s
     0     0 2317.10946    0   12 9507.06631 2317.10946  75.6%     -    0s
     0     0 2317.10946    0   11 9507.06631 2317.10946  75.6%     -    0s
H    0     0                    9355.6369409 2317.10946  75.2%     -    0s
     0     0 2317.10946    0   11 9355.63694 2317.10946  75.2%     -    0s
     0     0 2317.10946    0   11 9355.63694 2317.10946  75.2%     -    0s
H    0     0                    8902.3076566 2317.10946  74.0%     -    0s
H    0     0                    5858.4214318 2317.10946  60.4%     -    0s
     0     2 2317.10946    0   11 5858.42143 2317.10946  60.4%     -    0s
H   32    58                    5462.3110948 2353.69605  56.9%  18.7    0s
H  103   124                    5462.3110936 2353.69605  56.9%  14.0    0s
H  123   124                    4927.2094295 2353.69605  52.2%  15.1    0s
H  246   247                    4854.6411012 2353.69605  51.5%  14.4    0s
H  252   247                    4356.7699838 2353.69605  46.0%  14.5    0s
H  600   612                    4356.7699830 2388.32629  45.2%  17.4    0s
H 1600  1216                    3918.7288299 2741.76329  30.0%  15.5    0s
H 1600  1111                    3844.7675988 2741.76329  28.7%  15.5    0s
H 1877  1188                    3844.7675977 2741.76329  28.7%  16.1    0s
H 1891  1130                    3844.7675958 2741.76329  28.7%  16.1    0s
H 2125  1218                    3814.4067957 2741.76329  28.1%  15.7    0s
H 2434  1277                    3814.4067900 2741.76329  28.1%  15.8    0s
H 2630  1334                    3800.7513381 2741.76329  27.9%  15.7    0s
H 3126  1546                    3800.7513374 2741.76329  27.9%  15.6    0s
H 3151  1497                    3800.7513354 2741.76329  27.9%  15.6    0s
H 3395  1461                    3785.3981089 2741.76329  27.6%  15.9    0s
H 3909   583                    3546.5780461 2741.76329  22.7%  15.9    0s
H 5086  1235                    3525.9557296 3133.23253  11.1%  15.5    0s
* 7735  2525             121    3478.7544792 3232.13793  7.09%  14.3    1s
* 7738  2524             121    3476.7777002 3232.13793  7.04%  14.3    1s
* 7741  2229             120    3473.5769829 3232.13793  6.95%  14.3    1s
* 8431  2385             118    3425.2794675 3232.13793  5.64%  14.2    1s
* 8434  2385             116    3425.1899316 3232.13793  5.64%  14.2    1s
* 9234  2883             121    3424.9123354 3232.13793  5.63%  14.2    1s
* 9755  3226             101    3423.2319449 3232.13793  5.58%  14.1    1s
*10270  3357             120    3412.1897617 3232.13793  5.28%  14.1    1s
*10279  3281             120    3408.5458613 3232.13793  5.18%  14.1    1s
*10700  3290              84    3396.4373294 3232.13793  4.84%  14.1    1s
*11206  3463              92    3395.0151261 3232.13793  4.80%  14.1    1s
*11212  3363              92    3392.1975726 3232.13793  4.72%  14.1    1s
H11670  3573                    3390.8147743 3232.13793  4.68%  14.1    1s
*11680  3568             133    3389.3422021 3232.13793  4.64%  14.1    1s
*11686  3563             132    3388.7046307 3232.13793  4.62%  14.1    1s
H11784  3500                    3385.4232503 3232.13793  4.53%  14.1    1s
*11868  2911             129    3334.4685517 3232.13793  3.07%  14.0    1s
H12429  2977                    3324.3698131 3232.13793  2.77%  13.9    1s
H12434  2073                    3234.6640138 3232.13793  0.08%  13.9    1s
H13603  2484                    3232.1850448 3232.13793  0.00%  14.3    1s

Cutting planes:
  Gomory: 2
  MIR: 2
  Relax-and-lift: 1

Explored 13618 nodes (196506 simplex iterations) in 1.84 seconds (2.72 work units)
Thread count was 8 (of 8 available processors)

Solution count 10: 3232.19 3234.66 3324.37 ... 3395.02

Optimal solution found (tolerance 1.00e-04)
Best objective 3.232185044806e+03, best bound 3.232137934157e+03, gap 0.0015%

User-callback calls 28903, time in user-callback 0.00 sec

Gurobi 12.0.3 (mac64[arm]) logging started Tue Sep 23 19:04:21 2025

Set parameter LogFile to value "Logs/PowerFlow Logs/L20/phase1/scenario_generation.log"
Set parameter LogToConsole to value 0

Gurobi 12.0.3 (mac64[arm]) logging started Tue Sep 23 19:04:21 2025

Set parameter LogFile to value "Logs/PowerFlow Logs/L20/phase1/scenario_generation.log"
Gurobi Optimizer version 12.0.3 build v12.0.3rc0 (mac64[arm] - Darwin 24.6.0 24G222)

CPU model: Apple M3
Thread count: 8 physical cores, 8 logical processors, using up to 8 threads

Non-default parameters:
TimeLimit  60
LogToConsole  0

Optimize a model with 980 rows, 726 columns and 3212 nonzeros
Model fingerprint: 0x2485935c
Variable types: 540 continuous, 186 integer (186 binary)
Coefficient statistics:
  Matrix range     [1e+00, 3e+03]
  Objective range  [6e-02, 1e+04]
  Bounds range     [0e+00, 0e+00]
  RHS range        [6e-03, 3e+03]
Found heuristic solution: objective 446368.06374
Found heuristic solution: objective 446368.06217
Presolve removed 181 rows and 40 columns
Presolve time: 0.01s
Presolved: 799 rows, 686 columns, 2644 nonzeros
Found heuristic solution: objective 427563.17702
Variable types: 513 continuous, 173 integer (173 binary)

Root relaxation: objective 2.553554e+03, 914 iterations, 0.01 seconds (0.01 work units)

    Nodes    |    Current Node    |     Objective Bounds      |     Work
 Expl Unexpl |  Obj  Depth IntInf | Incumbent    BestBd   Gap | It/Node Time

     0     0 2553.55405    0   22 427563.177 2553.55405  99.4%     -    0s
H    0     0                    76147.866865 2553.55405  96.6%     -    0s
H    0     0                    59233.099001 2553.55405  95.7%     -    0s
     0     0 2553.55405    0   17 59233.0990 2553.55405  95.7%     -    0s
H    0     0                    17899.682301 2553.55405  85.7%     -    0s
H    0     0                    8483.1451074 2562.67603  69.8%     -    0s
     0     0 2563.03534    0   13 8483.14511 2563.03534  69.8%     -    0s
     0     0 2586.43382    0   13 8483.14511 2586.43382  69.5%     -    0s
     0     0 2630.95396    0   14 8483.14511 2630.95396  69.0%     -    0s
     0     0 2630.95396    0   15 8483.14511 2630.95396  69.0%     -    0s
     0     0 2630.95396    0   12 8483.14511 2630.95396  69.0%     -    0s
     0     0 2630.95396    0   13 8483.14511 2630.95396  69.0%     -    0s
     0     0 2630.95396    0   13 8483.14511 2630.95396  69.0%     -    0s
     0     0 2630.95396    0   11 8483.14511 2630.95396  69.0%     -    0s
H    0     0                    8347.8116532 2630.95396  68.5%     -    0s
     0     2 2630.95396    0   11 8347.81165 2630.95396  68.5%     -    0s
H  193   146                    8347.8116523 2630.95396  68.5%  16.5    0s
H  213   146                    7755.1356698 2630.95396  66.1%  16.5    0s
H  285   235                    7732.5476432 2630.95396  66.0%  15.1    0s
H  399   369                    6098.8741854 2630.95396  56.9%  15.1    0s
H  465   369                    5799.4127579 2630.95396  54.6%  15.6    0s
H  677   510                    5780.5531960 2718.49144  53.0%  15.5    0s
H 2552  1499                    4707.5087970 3205.89046  31.9%  15.4    0s
* 2944  1313              91    4701.2665410 3205.89046  31.8%  14.9    0s
H 3487  1480                    4679.4226187 3205.89046  31.5%  14.6    0s
H 3526  1411                    4663.1002629 3205.89046  31.2%  14.6    0s
H 3529  1356                    4656.9304042 3205.89046  31.2%  14.6    0s
* 3647  1279             130    4543.1588480 3205.89046  29.4%  14.6    0s
H 3965   789                    3951.7575672 3213.97926  18.7%  14.5    0s
* 5035  1306             141    3931.6297414 3503.32533  10.9%  13.7    0s
H 6058  1616                    3882.1896712 3503.32533  9.76%  13.7    0s
H 8510  2392                    3852.2768169 3503.32533  9.06%  14.0    1s
* 9187  2567              95    3823.2805813 3503.32533  8.37%  14.1    1s
* 9198  2567             101    3822.8294442 3503.32533  8.36%  14.1    1s
*10870  2662             113    3814.1343320 3503.32533  8.15%  14.3    1s
*10873  2662             114    3814.1133549 3503.32533  8.15%  14.3    1s
*10874  2653             114    3809.4555771 3503.32533  8.04%  14.3    1s
*11265  2731             116    3806.7466882 3503.32533  7.97%  14.4    1s
*11268  2727             117    3805.8649745 3503.32533  7.95%  14.4    1s
H13514  3232                    3805.6862256 3503.32533  7.94%  14.8    1s
*15043  3388             120    3801.1228882 3503.32533  7.83%  15.0    2s
*16235  3415             103    3798.8602796 3503.32533  7.78%  14.9    2s
*16239  3415             106    3798.6427204 3503.32533  7.77%  14.9    2s
H22317  5996                    3797.6221403 3586.97679  5.55%  14.4    2s
*22321  5924             111    3797.4045811 3586.97679  5.54%  14.4    2s
*22323  5827             110    3796.1557089 3586.97679  5.51%  14.4    2s
*22327  5813             110    3795.9561412 3586.97679  5.51%  14.4    2s
H24931  3316                    3751.4829620 3586.97679  4.39%  14.2    2s
H25785  3746                    3751.4829612 3586.97679  4.39%  14.2    3s
*38368  3287             110    3748.3548277 3724.88955  0.63%  15.4    4s
*38898  2476             120    3733.1782610 3724.88955  0.22%  15.4    4s
H40105  2657                    3731.3637358 3724.88955  0.17%  15.8    4s
H40279  2580                    3729.8561737 3724.88955  0.13%  15.9    4s
H40463  2578                    3729.8282969 3724.88955  0.13%  16.0    4s
 41896  3215     cutoff   81      3729.82830 3724.88955  0.13%  16.6    5s
H43130  3571                    3729.5009000 3724.88955  0.12%  17.2    5s
*45660  4497             123    3729.4336404 3724.88955  0.12%  18.1    5s
H47783  5342                    3729.3612797 3724.88955  0.12%  18.8    6s
H48497  5342                    3729.3388272 3724.88955  0.12%  19.0    6s
*50248  5799             116    3729.3350478 3724.88955  0.12%  19.6    6s
*58637  8374             126    3729.3176186 3724.88955  0.12%  21.0    7s
 68551 11784 3729.29875  102    3 3729.31762 3724.88955  0.12%  22.6   10s
*73627 13270             126    3729.3064926 3724.88955  0.12%  23.2   10s
H76951 14839                    3729.3063432 3724.88955  0.12%  23.6   11s
*77125 14839             123    3729.3033297 3724.88955  0.12%  23.7   11s
 99693 25515 3729.29875   97    5 3729.30333 3724.88955  0.12%  25.1   15s
*106716  8314             106    3729.2987528 3724.88955  0.12%  25.3   15s
H113262  5009                    3725.1743139 3724.88955  0.01%  25.5   17s

Cutting planes:
  Gomory: 1
  MIR: 8
  StrongCG: 1

Explored 115262 nodes (2962859 simplex iterations) in 17.77 seconds (30.74 work units)
Thread count was 8 (of 8 available processors)

Solution count 10: 3725.17 3725.17 3729.3 ... 3729.36

Optimal solution found (tolerance 1.00e-04)
Best objective 3.725174313901e+03, best bound 3.724889550948e+03, gap 0.0076%

User-callback calls 240273, time in user-callback 0.03 sec

Gurobi 12.0.3 (mac64[arm]) logging started Tue Sep 23 19:04:39 2025

Set parameter LogFile to value "Logs/PowerFlow Logs/L20/phase1/scenario_generation.log"
Set parameter LogToConsole to value 0

Gurobi 12.0.3 (mac64[arm]) logging started Tue Sep 23 19:04:39 2025

Set parameter LogFile to value "Logs/PowerFlow Logs/L20/phase1/scenario_generation.log"
Gurobi Optimizer version 12.0.3 build v12.0.3rc0 (mac64[arm] - Darwin 24.6.0 24G222)

CPU model: Apple M3
Thread count: 8 physical cores, 8 logical processors, using up to 8 threads

Non-default parameters:
TimeLimit  60
LogToConsole  0

Optimize a model with 980 rows, 726 columns and 3212 nonzeros
Model fingerprint: 0xc8b1b93e
Variable types: 540 continuous, 186 integer (186 binary)
Coefficient statistics:
  Matrix range     [1e+00, 3e+03]
  Objective range  [6e-02, 1e+04]
  Bounds range     [0e+00, 0e+00]
  RHS range        [6e-02, 3e+03]
Found heuristic solution: objective 445203.01548
Found heuristic solution: objective 445203.01402
Presolve removed 181 rows and 40 columns
Presolve time: 0.01s
Presolved: 799 rows, 686 columns, 2644 nonzeros
Found heuristic solution: objective 425970.41613
Variable types: 513 continuous, 173 integer (173 binary)

Root relaxation: objective 2.336916e+03, 1046 iterations, 0.01 seconds (0.01 work units)

    Nodes    |    Current Node    |     Objective Bounds      |     Work
 Expl Unexpl |  Obj  Depth IntInf | Incumbent    BestBd   Gap | It/Node Time

     0     0 2336.91626    0   15 425970.416 2336.91626  99.5%     -    0s
H    0     0                    85408.774670 2336.91626  97.3%     -    0s
H    0     0                    25549.811169 2336.91626  90.9%     -    0s
     0     0 2336.91626    0   15 25549.8112 2336.91626  90.9%     -    0s
H    0     0                    13097.750661 2336.91626  82.2%     -    0s
     0     0 2336.91626    0   14 13097.7507 2336.91626  82.2%     -    0s
H    0     0                    12937.104100 2336.91626  81.9%     -    0s
     0     0 2336.91626    0   12 12937.1041 2336.91626  81.9%     -    0s
H    0     0                    12696.977050 2336.91626  81.6%     -    0s
     0     0 2336.91626    0   13 12696.9771 2336.91626  81.6%     -    0s
     0     0 2336.91626    0   11 12696.9771 2336.91626  81.6%     -    0s
     0     0 2336.91626    0   12 12696.9771 2336.91626  81.6%     -    0s
     0     0 2336.91626    0   12 12696.9771 2336.91626  81.6%     -    0s
     0     2 2336.91626    0   11 12696.9771 2336.91626  81.6%     -    0s
H   27    57                    12120.558690 2336.91626  80.7%  18.8    0s
H   32    57                    9081.7646087 2336.91626  74.3%  17.7    0s
H   62    57                    8876.9522608 2336.91626  73.7%  16.6    0s
H  235   283                    7192.9300569 2336.91626  67.5%  14.3    0s
H  241   283                    6676.0096781 2336.91626  65.0%  14.5    0s
H  243   283                    3801.3542093 2336.91626  38.5%  14.6    0s
H  249   283                    3789.2385871 2336.91626  38.3%  14.8    0s
H 1487  1018                    3652.5565246 2336.91626  36.0%  16.4    0s
H 1514   988                    3628.6185112 2336.91626  35.6%  16.4    0s
H 1589   966                    3628.2185826 2336.91626  35.6%  16.1    0s
H 1961  1075                    3578.0994959 2336.91626  34.7%  15.4    0s
H 1961   905                    3482.3547993 2336.91626  32.9%  15.4    0s
H 1961   905                    3482.3226426 2336.91626  32.9%  15.4    0s
H 1961   886                    3465.0143592 2336.91626  32.6%  15.4    0s
H 1961   886                    3464.9793060 2336.91626  32.6%  15.4    0s
H 1961   719                    3454.7077568 2336.91626  32.4%  15.4    0s
H 1961   719                    3454.6844148 2336.91626  32.4%  15.4    0s
H 1961   719                    3454.6318188 2336.91626  32.4%  15.4    0s
H 1961   716                    3444.5581497 2336.91626  32.2%  15.4    0s
H 1961   716                    3444.4850366 2336.91626  32.2%  15.4    0s
H 1967   665                    3444.4850352 2336.91626  32.2%  15.4    0s
H 2010   654                    3444.4850340 2678.46574  22.2%  16.5    0s
H 3046   958                    3444.4416451 2808.51607  18.5%  16.7    0s
H 3242   590                    3310.5991259 2808.51607  15.2%  16.7    0s
H 4612   913                    3310.5991247 3049.05589  7.90%  16.1    1s
* 5904  1597             113    3267.5891083 3118.06182  4.58%  16.2    1s
* 6242  1700             128    3258.9840022 3118.06182  4.32%  16.1    1s
H 6535  1303                    3201.7903943 3118.06182  2.62%  16.3    1s
H 6541  1125                    3150.5103527 3118.06182  1.03%  16.3    1s
* 7587  1567             128    3138.1759645 3118.06182  0.64%  17.3    1s
* 7589  1565             127    3137.1794864 3118.06182  0.61%  17.3    1s
* 7594  1524             127    3136.8219317 3118.06182  0.60%  17.3    1s
* 7597  1675             130    3131.5403140 3118.06182  0.43%  17.3    1s
* 7600  1661             130    3127.7339240 3118.06182  0.31%  17.3    1s
* 7610  1659             133    3125.4993673 3118.06182  0.24%  17.3    1s
* 7620  1659             135    3123.8772514 3118.06182  0.19%  17.3    1s
* 7680  1630             133    3121.5381218 3118.06182  0.11%  17.3    1s
* 7682  1630             133    3121.2898800 3118.06182  0.10%  17.3    1s
* 7694  1579             135    3119.8907642 3118.06182  0.06%  17.4    1s
* 8047  1726             134    3119.6212677 3118.06182  0.05%  17.5    1s
* 8121  1699             126    3118.6307381 3118.06182  0.02%  17.6    1s
H 9548  2389                    3118.0755248 3118.06182  0.00%  18.8    1s

Cutting planes:
  Gomory: 8
  Cover: 1
  Implied bound: 1
  Flow cover: 3

Explored 9725 nodes (187191 simplex iterations) in 1.90 seconds (2.77 work units)
Thread count was 8 (of 8 available processors)

Solution count 10: 3118.08 3118.63 3119.62 ... 3131.54

Optimal solution found (tolerance 1.00e-04)
Best objective 3.118075524816e+03, best bound 3.118061818252e+03, gap 0.0004%

User-callback calls 21194, time in user-callback 0.00 sec

Gurobi 12.0.3 (mac64[arm]) logging started Tue Sep 23 19:04:41 2025

Set parameter LogFile to value "Logs/PowerFlow Logs/L20/phase1/scenario_generation.log"
Set parameter LogToConsole to value 0

Gurobi 12.0.3 (mac64[arm]) logging started Tue Sep 23 19:04:41 2025

Set parameter LogFile to value "Logs/PowerFlow Logs/L20/phase1/scenario_generation.log"
Gurobi Optimizer version 12.0.3 build v12.0.3rc0 (mac64[arm] - Darwin 24.6.0 24G222)

CPU model: Apple M3
Thread count: 8 physical cores, 8 logical processors, using up to 8 threads

Non-default parameters:
TimeLimit  60
LogToConsole  0

Optimize a model with 980 rows, 726 columns and 3212 nonzeros
Model fingerprint: 0x6d0a4685
Variable types: 540 continuous, 186 integer (186 binary)
Coefficient statistics:
  Matrix range     [1e+00, 3e+03]
  Objective range  [6e-02, 1e+04]
  Bounds range     [0e+00, 0e+00]
  RHS range        [1e-02, 3e+03]
Found heuristic solution: objective 439277.16535
Found heuristic solution: objective 439277.16344
Presolve removed 181 rows and 40 columns
Presolve time: 0.01s
Presolved: 799 rows, 686 columns, 2644 nonzeros
Found heuristic solution: objective 419234.52602
Variable types: 513 continuous, 173 integer (173 binary)

Root relaxation: objective 2.224567e+03, 999 iterations, 0.01 seconds (0.01 work units)

    Nodes    |    Current Node    |     Objective Bounds      |     Work
 Expl Unexpl |  Obj  Depth IntInf | Incumbent    BestBd   Gap | It/Node Time

     0     0 2224.56666    0   22 419234.526 2224.56666  99.5%     -    0s
H    0     0                    75765.699514 2224.56666  97.1%     -    0s
H    0     0                    49883.461650 2224.56666  95.5%     -    0s
H    0     0                    48423.958799 2224.56666  95.4%     -    0s
     0     0 2242.66327    0   25 48423.9588 2242.66327  95.4%     -    0s
H    0     0                    20967.837585 2259.54509  89.2%     -    0s
H    0     0                    20952.599790 2259.54509  89.2%     -    0s
     0     0 2259.54509    0   22 20952.5998 2259.54509  89.2%     -    0s
     0     0 2259.96432    0   25 20952.5998 2259.96432  89.2%     -    0s
H    0     0                    10785.140118 2260.72128  79.0%     -    0s
     0     0 2276.07216    0   24 10785.1401 2276.07216  78.9%     -    0s
     0     0 2276.07216    0   25 10785.1401 2276.07216  78.9%     -    0s
     0     0 2276.07216    0   24 10785.1401 2276.07216  78.9%     -    0s
     0     0 2276.07216    0   24 10785.1401 2276.07216  78.9%     -    0s
     0     0 2276.07216    0   24 10785.1401 2276.07216  78.9%     -    0s
     0     0 2276.07216    0   25 10785.1401 2276.07216  78.9%     -    0s
     0     0 2277.09513    0   25 10785.1401 2277.09513  78.9%     -    0s
     0     0 2277.09513    0   24 10785.1401 2277.09513  78.9%     -    0s
     0     0 2277.09513    0   18 10785.1401 2277.09513  78.9%     -    0s
     0     2 2277.09513    0   18 10785.1401 2277.09513  78.9%     -    0s
H  364   378                    10782.340117 2314.25825  78.5%  15.5    0s
H  805   794                    9910.8748566 2314.25825  76.6%  14.7    0s
H  961   930                    9778.9524275 2314.25825  76.3%  13.9    0s
H 1074  1091                    9746.7601755 2314.25825  76.3%  13.4    0s
H 1141  1077                    8999.4396054 2314.25825  74.3%  13.1    0s
H 1232   588                    3940.7173083 2314.25825  41.3%  13.1    0s
H 1777   693                    3940.7173078 2314.25825  41.3%  12.6    0s
H 1782   661                    3940.7173068 2715.12307  31.1%  12.6    0s
H 1969   731                    3933.7942124 2817.88334  28.4%  14.6    0s
H 1979   696                    3915.7869144 2817.88334  28.0%  14.7    0s
H 2195   801                    3647.0242276 2817.88334  22.7%  15.2    0s
H 2296   752                    3647.0242273 2817.88334  22.7%  15.2    0s
H 2364   771                    3601.0625003 2817.88334  21.7%  15.2    0s
H 2597   722                    3276.1741266 2845.27184  13.2%  15.2    0s
H 2876   625                    3266.9637485 3079.73517  5.73%  15.0    0s
H 3259   565                    3266.1387885 3079.73517  5.71%  15.2    0s
H 3447   705                    3257.2004936 3158.61789  3.03%  15.2    0s
H 3450   703                    3252.1843712 3158.61789  2.88%  15.2    0s
H 3486   678                    3239.7053350 3158.61789  2.50%  15.2    0s
H 3495   597                    3233.3970891 3158.61789  2.31%  15.2    0s
H 4042   641                    3202.6085965 3158.61789  1.37%  15.5    0s
H 5229   650                    3202.6085960 3158.61789  1.37%  16.4    1s
H 6237   640                    3180.9877705 3158.61789  0.70%  16.9    1s
H 6252   506                    3162.6814592 3158.61789  0.13%  16.9    1s
H 6253   506                    3161.8907919 3158.61789  0.10%  16.9    1s
H 8672   401                    3158.8305890 3158.61789  0.01%  18.7    1s
H 8707   401                    3158.6401141 3158.61789  0.00%  18.7    1s

Cutting planes:
  Gomory: 10
  Implied bound: 2
  MIR: 9
  Flow cover: 22
  RLT: 1
  Relax-and-lift: 1

Explored 8714 nodes (164846 simplex iterations) in 1.89 seconds (2.62 work units)
Thread count was 8 (of 8 available processors)

Solution count 10: 3158.64 3158.83 3161.89 ... 3257.2

Optimal solution found (tolerance 1.00e-04)
Best objective 3.158640114075e+03, best bound 3.158617893096e+03, gap 0.0007%

User-callback calls 19113, time in user-callback 0.00 sec

Gurobi 12.0.3 (mac64[arm]) logging started Tue Sep 23 19:04:43 2025

Set parameter LogFile to value "Logs/PowerFlow Logs/L20/phase1/scenario_generation.log"
Set parameter LogToConsole to value 0

Gurobi 12.0.3 (mac64[arm]) logging started Tue Sep 23 19:04:43 2025

Set parameter LogFile to value "Logs/PowerFlow Logs/L20/phase1/scenario_generation.log"
Gurobi Optimizer version 12.0.3 build v12.0.3rc0 (mac64[arm] - Darwin 24.6.0 24G222)

CPU model: Apple M3
Thread count: 8 physical cores, 8 logical processors, using up to 8 threads

Non-default parameters:
TimeLimit  60
LogToConsole  0

Optimize a model with 980 rows, 726 columns and 3212 nonzeros
Model fingerprint: 0x7e7773a7
Variable types: 540 continuous, 186 integer (186 binary)
Coefficient statistics:
  Matrix range     [1e+00, 3e+03]
  Objective range  [6e-02, 1e+04]
  Bounds range     [0e+00, 0e+00]
  RHS range        [6e-02, 3e+03]
Found heuristic solution: objective 439339.76080
Found heuristic solution: objective 439339.75893
Presolve removed 181 rows and 40 columns
Presolve time: 0.01s
Presolved: 799 rows, 686 columns, 2644 nonzeros
Found heuristic solution: objective 420187.86393
Variable types: 513 continuous, 173 integer (173 binary)

Root relaxation: objective 2.228623e+03, 1048 iterations, 0.01 seconds (0.01 work units)

    Nodes    |    Current Node    |     Objective Bounds      |     Work
 Expl Unexpl |  Obj  Depth IntInf | Incumbent    BestBd   Gap | It/Node Time

     0     0 2228.62285    0   14 420187.864 2228.62285  99.5%     -    0s
H    0     0                    60239.365248 2228.62285  96.3%     -    0s
H    0     0                    53754.894601 2228.62285  95.9%     -    0s
H    0     0                    51471.709975 2228.62285  95.7%     -    0s
     0     0 2228.62285    0   13 51471.7100 2228.62285  95.7%     -    0s
H    0     0                    9238.5009452 2228.62285  75.9%     -    0s
     0     0 2228.62285    0   12 9238.50095 2228.62285  75.9%     -    0s
     0     0 2228.62285    0   14 9238.50095 2228.62285  75.9%     -    0s
     0     0 2228.62285    0   12 9238.50095 2228.62285  75.9%     -    0s
H    0     0                    6133.0787939 2228.62285  63.7%     -    0s
     0     0 2228.62285    0   11 6133.07879 2228.62285  63.7%     -    0s
     0     0 2228.62285    0   10 6133.07879 2228.62285  63.7%     -    0s
     0     0 2228.62285    0   10 6133.07879 2228.62285  63.7%     -    0s
     0     0 2228.62285    0   12 6133.07879 2228.62285  63.7%     -    0s
H    0     0                    5869.6752992 2228.62285  62.0%     -    0s
     0     0 2238.83557    0   13 5869.67530 2238.83557  61.9%     -    0s
     0     0 2238.83557    0   16 5869.67530 2238.83557  61.9%     -    0s
     0     0 2242.58285    0   14 5869.67530 2242.58285  61.8%     -    0s
     0     0 2242.58285    0   14 5869.67530 2242.58285  61.8%     -    0s
     0     0 2260.55710    0   14 5869.67530 2260.55710  61.5%     -    0s
H    0     0                    3837.1237691 2260.55806  41.1%     -    0s
     0     0 2260.56220    0   16 3837.12377 2260.56220  41.1%     -    0s
     0     0 2260.56223    0   16 3837.12377 2260.56223  41.1%     -    0s
     0     0 2260.56675    0   16 3837.12377 2260.56675  41.1%     -    0s
     0     0 2260.56675    0   16 3837.12377 2260.56675  41.1%     -    0s
     0     0 2260.56675    0   14 3837.12377 2260.56675  41.1%     -    0s
     0     2 2260.56675    0   14 3837.12377 2260.56675  41.1%     -    0s
H   31    47                    3837.1237671 2269.75783  40.8%  16.0    0s
H   98   105                    3837.1237654 2269.75783  40.8%  16.3    0s
H  268   279                    3837.1237603 2269.75783  40.8%  14.3    0s
H  289   279                    3603.4793198 2269.75783  37.0%  14.2    0s
H  386   400                    3603.4793190 2269.75783  37.0%  15.4    0s
H  406   400                    3596.2744135 2269.75783  36.9%  15.4    0s
H  443   400                    3489.3764435 2269.75783  35.0%  16.0    0s
H  540   536                    3441.5479760 2269.75783  34.0%  17.9    0s
H  612   536                    3353.1035741 2269.75783  32.3%  18.4    0s
H  726   507                    3313.2414551 2560.71364  22.7%  18.7    0s
H 1705   729                    3296.6106101 2574.72745  21.9%  18.0    0s
H 1705   654                    3280.9134168 2574.72745  21.5%  18.0    0s
H 1851   665                    3280.9134161 2574.72745  21.5%  18.9    0s
H 1953   654                    3280.9134157 2574.72745  21.5%  18.8    0s
H 2102   732                    3280.9134143 2574.72745  21.5%  18.8    0s
H 2383   811                    2869.9354980 2574.72745  10.3%  19.0    0s
H 2561   662                    2869.9354976 2574.72745  10.3%  18.5    0s
H 3110   564                    2869.9354972 2854.02296  0.55%  19.1    0s
H 4198   865                    2861.4286221 2854.02296  0.26%  19.6    1s
H 4204   844                    2855.0410119 2854.02296  0.04%  19.7    1s
H 4235   976                    2855.0410116 2854.02296  0.04%  19.8    1s
H 4641  1197                    2855.0410076 2854.02296  0.04%  20.0    1s
H 5079  1410                    2855.0410073 2854.02296  0.04%  20.7    1s
H 5288  1594                    2855.0410063 2854.02296  0.04%  20.9    1s
H 6322  2060                    2854.9063762 2854.02296  0.03%  23.9    1s
H 6361  2053                    2854.2705756 2854.02296  0.01%  24.0    1s
H 6453  2049                    2854.0811111 2854.02296  0.00%  24.2    1s

Cutting planes:
  Learned: 1
  Gomory: 2
  MIR: 5
  Relax-and-lift: 1

Explored 6540 nodes (161734 simplex iterations) in 1.75 seconds (2.39 work units)
Thread count was 8 (of 8 available processors)

Solution count 10: 2854.08 2854.27 2854.91 ... 3313.24

Optimal solution found (tolerance 1.00e-04)
Best objective 2.854081111149e+03, best bound 2.854022955627e+03, gap 0.0020%

User-callback calls 14589, time in user-callback 0.00 sec

Gurobi 12.0.3 (mac64[arm]) logging started Tue Sep 23 19:04:44 2025

Set parameter LogFile to value "Logs/PowerFlow Logs/L20/phase1/scenario_generation.log"
Set parameter LogToConsole to value 0

Gurobi 12.0.3 (mac64[arm]) logging started Tue Sep 23 19:04:44 2025

Set parameter LogFile to value "Logs/PowerFlow Logs/L20/phase1/scenario_generation.log"
Gurobi Optimizer version 12.0.3 build v12.0.3rc0 (mac64[arm] - Darwin 24.6.0 24G222)

CPU model: Apple M3
Thread count: 8 physical cores, 8 logical processors, using up to 8 threads

Non-default parameters:
TimeLimit  60
LogToConsole  0

Optimize a model with 980 rows, 726 columns and 3212 nonzeros
Model fingerprint: 0xa8fad980
Variable types: 540 continuous, 186 integer (186 binary)
Coefficient statistics:
  Matrix range     [1e+00, 3e+03]
  Objective range  [6e-02, 1e+04]
  Bounds range     [0e+00, 0e+00]
  RHS range        [4e-02, 3e+03]
Found heuristic solution: objective 440363.45665
Found heuristic solution: objective 440363.45477
Presolve removed 181 rows and 40 columns
Presolve time: 0.01s
Presolved: 799 rows, 686 columns, 2644 nonzeros
Found heuristic solution: objective 421289.38208
Variable types: 513 continuous, 173 integer (173 binary)

Root relaxation: objective 2.292550e+03, 1009 iterations, 0.01 seconds (0.01 work units)

    Nodes    |    Current Node    |     Objective Bounds      |     Work
 Expl Unexpl |  Obj  Depth IntInf | Incumbent    BestBd   Gap | It/Node Time

     0     0 2292.54997    0   22 421289.382 2292.54997  99.5%     -    0s
H    0     0                    86905.628015 2292.54997  97.4%     -    0s
H    0     0                    71853.909147 2292.54997  96.8%     -    0s
     0     0 2292.54997    0   17 71853.9091 2292.54997  96.8%     -    0s
H    0     0                    22694.149002 2292.54997  89.9%     -    0s
     0     0 2292.54997    0   15 22694.1490 2292.54997  89.9%     -    0s
     0     0 2300.79710    0   10 22694.1490 2300.79710  89.9%     -    0s
H    0     0                    20854.453395 2302.64352  89.0%     -    0s
     0     0 2326.06585    0   12 20854.4534 2326.06585  88.8%     -    0s
     0     0 2326.06585    0   11 20854.4534 2326.06585  88.8%     -    0s
     0     0 2326.06585    0   11 20854.4534 2326.06585  88.8%     -    0s
     0     0 2326.06585    0   11 20854.4534 2326.06585  88.8%     -    0s
     0     0 2326.06585    0   13 20854.4534 2326.06585  88.8%     -    0s
     0     0 2326.06585    0   12 20854.4534 2326.06585  88.8%     -    0s
H    0     0                    20226.075898 2326.06585  88.5%     -    0s
     0     0 2326.06585    0   12 20226.0759 2326.06585  88.5%     -    0s
H    0     0                    19665.301476 2326.06585  88.2%     -    0s
H    0     0                    16124.088564 2326.06585  85.6%     -    0s
H    0     0                    15726.896993 2326.06585  85.2%     -    0s
H    0     0                    13262.219496 2326.06585  82.5%     -    0s
     0     2 2326.06585    0   12 13262.2195 2326.06585  82.5%     -    0s
H   41    60                    13217.281115 2333.67333  82.3%  24.1    0s
H   46    60                    13178.602360 2333.67333  82.3%  23.8    0s
H  108   124                    13153.488250 2333.67333  82.3%  18.2    0s
H  113   124                    8287.1984388 2333.67333  71.8%  17.5    0s
H  271   269                    8231.5321718 2333.67333  71.6%  14.7    0s
H  639   563                    8079.1591655 2333.67333  71.1%  15.3    0s
H  921   876                    8073.7945346 2333.67333  71.1%  16.8    0s
H 1012   698                    6911.3352529 2333.67333  66.2%  17.0    0s
H 1119   754                    6390.5185771 2333.67333  63.5%  16.9    0s
H 1586  1056                    6292.7410404 2333.67333  62.9%  15.4    0s
H 1586  1054                    6247.4238071 2333.67333  62.6%  15.4    0s
H 1598  1008                    6059.5877573 2535.53370  58.2%  15.3    0s
H 1598   958                    5983.5746461 2535.53370  57.6%  15.3    0s
H 1600   911                    5950.2762602 2535.53370  57.4%  15.3    0s
H 1680   913                    4766.2921156 2723.05761  42.9%  16.6    0s
H 1738   905                    4766.2921147 2723.05761  42.9%  16.6    0s
H 1743   862                    4766.2921136 2723.05761  42.9%  16.6    0s
H 1755   818                    3860.7314061 2723.05761  29.5%  16.6    0s
H 1817   828                    3860.7314046 2723.05761  29.5%  16.6    0s
H 2132   982                    3860.7314040 2723.05761  29.5%  16.5    0s
H 2586  1116                    3725.3988659 2727.37991  26.8%  17.0    0s
H 3301  1373                    3725.3988655 2849.37589  23.5%  17.2    0s
H 3343  1336                    3725.3988649 2849.37589  23.5%  17.1    0s
H 4392  1967                    3722.3554101 2849.37589  23.5%  17.1    1s
H 4414  2016                    3722.3554092 2849.37589  23.5%  17.0    1s
H 4828  2309                    3721.7497177 2849.37589  23.4%  17.0    1s
* 7222  3958              74    3721.5980485 2849.37589  23.4%  17.2    1s
*10733  2495              78    3693.2007464 2883.21968  21.9%  18.1    1s
*11704  1678             101    3625.5284561 3186.17468  12.1%  17.8    2s
*11964  1677             148    3623.8185148 3186.17468  12.1%  17.7    2s
*11965  1663             148    3618.4786970 3186.17468  11.9%  17.7    2s
*11972  1651             149    3609.3433480 3186.17468  11.7%  17.7    2s
*12681   900             129    3430.3076021 3186.17468  7.12%  17.4    2s
*12921  1352             135    3430.2667377 3186.17468  7.12%  17.3    2s
*13136  1329             127    3427.7177140 3186.17468  7.05%  17.2    2s
*13548  1317             129    3421.2198415 3186.17468  6.87%  17.0    2s
H16005  2097                    3364.6518518 3186.17468  5.30%  16.2    2s
H16814  2081                    3354.0188564 3186.17468  5.00%  16.2    2s
H16816  1379                    3249.6456880 3186.17468  1.95%  16.2    2s
H16820  1278                    3217.1124797 3186.17468  0.96%  16.2    2s
*19685  2999             119    3215.8536610 3186.17468  0.92%  16.9    2s
H21098  3175                    3213.3973447 3186.17468  0.85%  17.0    3s
H21099  2879                    3205.4196348 3186.17468  0.60%  17.0    3s
*24575  4197              96    3204.7346774 3186.17468  0.58%  18.2    3s
 31118  5980 3187.87549   64   10 3204.73468 3186.17468  0.58%  19.9    5s
H31961  5124                    3189.6106050 3186.17468  0.11%  20.1    5s
H31963  4916                    3186.3206716 3186.17468  0.00%  20.1    5s

Cutting planes:
  Gomory: 14
  Cover: 1
  Implied bound: 2
  MIR: 14
  Flow cover: 30
  Inf proof: 11
  Relax-and-lift: 4

Explored 32112 nodes (646767 simplex iterations) in 5.26 seconds (8.43 work units)
Thread count was 8 (of 8 available processors)

Solution count 10: 3186.32 3186.32 3189.61 ... 3354.02

Optimal solution found (tolerance 1.00e-04)
Best objective 3.186320671578e+03, best bound 3.186174677439e+03, gap 0.0046%

User-callback calls 67097, time in user-callback 0.01 sec

Gurobi 12.0.3 (mac64[arm]) logging started Tue Sep 23 19:04:50 2025

Set parameter LogFile to value "Logs/PowerFlow Logs/L20/phase1/scenario_generation.log"
Set parameter LogToConsole to value 0

Gurobi 12.0.3 (mac64[arm]) logging started Tue Sep 23 19:04:50 2025

Set parameter LogFile to value "Logs/PowerFlow Logs/L20/phase1/scenario_generation.log"
Gurobi Optimizer version 12.0.3 build v12.0.3rc0 (mac64[arm] - Darwin 24.6.0 24G222)

CPU model: Apple M3
Thread count: 8 physical cores, 8 logical processors, using up to 8 threads

Non-default parameters:
TimeLimit  60
LogToConsole  0

Optimize a model with 980 rows, 726 columns and 3212 nonzeros
Model fingerprint: 0x4a6648cd
Variable types: 540 continuous, 186 integer (186 binary)
Coefficient statistics:
  Matrix range     [1e+00, 3e+03]
  Objective range  [6e-02, 1e+04]
  Bounds range     [0e+00, 0e+00]
  RHS range        [7e-02, 3e+03]
Found heuristic solution: objective 440441.79871
Found heuristic solution: objective 440441.79734
Presolve removed 181 rows and 40 columns
Presolve time: 0.01s
Presolved: 799 rows, 686 columns, 2644 nonzeros
Found heuristic solution: objective 420331.96143
Variable types: 513 continuous, 173 integer (173 binary)

Root relaxation: objective 2.411378e+03, 1039 iterations, 0.01 seconds (0.02 work units)

    Nodes    |    Current Node    |     Objective Bounds      |     Work
 Expl Unexpl |  Obj  Depth IntInf | Incumbent    BestBd   Gap | It/Node Time

     0     0 2411.37802    0   13 420331.961 2411.37802  99.4%     -    0s
H    0     0                    24226.822466 2411.37802  90.0%     -    0s
H    0     0                    23982.087490 2411.37802  89.9%     -    0s
     0     0 2411.37802    0   15 23982.0875 2411.37802  89.9%     -    0s
H    0     0                    12249.540864 2411.37802  80.3%     -    0s
     0     0 2450.36508    0   15 12249.5409 2450.36508  80.0%     -    0s
     0     0 2450.36508    0   11 12249.5409 2450.36508  80.0%     -    0s
     0     0 2450.36508    0   13 12249.5409 2450.36508  80.0%     -    0s
     0     0 2450.36508    0   12 12249.5409 2450.36508  80.0%     -    0s
H    0     0                    6751.0765884 2450.36508  63.7%     -    0s
     0     0 2450.36508    0   11 6751.07659 2450.36508  63.7%     -    0s
     0     0 2450.36508    0   12 6751.07659 2450.36508  63.7%     -    0s
     0     0 2450.36508    0   13 6751.07659 2450.36508  63.7%     -    0s
     0     0 2450.36508    0   12 6751.07659 2450.36508  63.7%     -    0s
     0     0 2450.36508    0   12 6751.07659 2450.36508  63.7%     -    0s
     0     2 2450.36508    0   11 6751.07659 2450.36508  63.7%     -    0s
H   26    43                    6751.0765876 2450.36508  63.7%  24.3    0s
H  103   107                    5352.7990864 2450.36508  54.2%  14.6    0s
H  541   389                    4453.3961777 2450.36508  45.0%  14.8    0s
H  808   533                    4361.7528135 2450.36508  43.8%  13.9    0s
*  855   522              57    4254.5424672 2450.36508  42.4%  13.8    0s
H 1082   635                    4073.3867327 2450.52771  39.8%  14.0    0s
H 1959  1211                    4073.3867316 2759.15849  32.3%  14.3    0s
H 2044  1185                    4073.3867246 2759.15849  32.3%  14.3    0s
H 2401  1296                    4073.3867235 2759.15849  32.3%  14.5    0s
H 2985  1185                    3753.3191804 2759.15849  26.5%  14.4    0s
H 3038  1170                    3753.3191791 2759.15849  26.5%  14.3    0s
H 3522   867                    3600.0452856 2759.15849  23.4%  14.9    0s
H 3681   763                    3600.0452851 2759.15849  23.4%  14.8    0s
H 4471   984                    3600.0452837 2848.84494  20.9%  15.4    0s
H 5654  1355                    3557.0027835 2870.83652  19.3%  15.9    1s
H 6237  1566                    3557.0027830 2870.83652  19.3%  16.1    1s
H 6589  1468                    3554.8080026 2870.83652  19.2%  16.4    1s
* 7862  1877             105    3550.6011934 2870.83652  19.1%  17.2    1s
*13168  2196             120    3527.8209919 3191.13287  9.54%  18.6    2s
*14120  2189              98    3521.1623177 3223.21145  8.46%  18.3    2s
H15562  3005                    3519.2698928 3387.74680  3.74%  18.6    2s
*16529  2752             115    3510.4801805 3387.74680  3.50%  18.4    2s
*16530  2070             114    3476.1994883 3387.74680  2.54%  18.4    2s
*16766  1954             115    3467.0705602 3387.74680  2.29%  18.3    2s
*16767  1953             115    3466.8809205 3387.74680  2.28%  18.3    2s
*16768  1953             114    3466.8347133 3387.74680  2.28%  18.3    2s
*16981  2081             102    3464.3131654 3387.74680  2.21%  18.3    2s
*17674  1561             105    3440.9761828 3387.74680  1.55%  18.2    2s
*18673  1936             108    3437.1839234 3387.74680  1.44%  18.3    2s
*19295  2132             102    3434.9180095 3387.74680  1.37%  18.3    2s
*19299  2131             101    3434.7852750 3387.74680  1.37%  18.3    2s
*19302  1995             100    3434.1222418 3387.74680  1.35%  18.3    2s
*21102  2307             111    3427.7933468 3387.74680  1.17%  18.7    3s
*21293  2238              98    3425.9015174 3387.74680  1.11%  18.8    3s
*22224  2235             104    3422.1838018 3387.74680  1.01%  19.0    3s
*22503  2588             107    3419.7883348 3387.74680  0.94%  19.0    3s
*22513  2580             108    3419.6746724 3387.74680  0.93%  19.0    3s
*22589  2209              98    3407.4518489 3387.74680  0.58%  18.9    3s
*22592  2179              98    3406.8963410 3387.74680  0.56%  18.9    3s
H22756  2091                    3404.6741763 3387.74680  0.50%  18.9    3s
*23229  1859             108    3399.4938300 3387.74680  0.35%  18.9    3s
*23556  1313             107    3395.3716224 3387.74680  0.22%  18.9    3s
*23719   873             102    3388.5414389 3387.74680  0.02%  19.0    3s
H25626   714                    3387.7604990 3387.74680  0.00%  20.5    3s

Cutting planes:
  Gomory: 3
  MIR: 5

Explored 25677 nodes (528441 simplex iterations) in 3.92 seconds (6.10 work units)
Thread count was 8 (of 8 available processors)

Solution count 10: 3387.76 3388.54 3395.37 ... 3422.18

Optimal solution found (tolerance 1.00e-04)
Best objective 3.387760499029e+03, best bound 3.387746801411e+03, gap 0.0004%

User-callback calls 54048, time in user-callback 0.01 sec

Gurobi 12.0.3 (mac64[arm]) logging started Tue Sep 23 19:04:54 2025

Set parameter LogFile to value "Logs/PowerFlow Logs/L20/phase1/scenario_generation.log"
Set parameter LogToConsole to value 0

Gurobi 12.0.3 (mac64[arm]) logging started Tue Sep 23 19:04:54 2025

Set parameter LogFile to value "Logs/PowerFlow Logs/L20/phase1/scenario_generation.log"
Gurobi Optimizer version 12.0.3 build v12.0.3rc0 (mac64[arm] - Darwin 24.6.0 24G222)

CPU model: Apple M3
Thread count: 8 physical cores, 8 logical processors, using up to 8 threads

Non-default parameters:
TimeLimit  60
LogToConsole  0

Optimize a model with 980 rows, 726 columns and 3212 nonzeros
Model fingerprint: 0x43f0aaee
Variable types: 540 continuous, 186 integer (186 binary)
Coefficient statistics:
  Matrix range     [1e+00, 3e+03]
  Objective range  [6e-02, 1e+04]
  Bounds range     [0e+00, 0e+00]
  RHS range        [6e-02, 3e+03]
Found heuristic solution: objective 442940.03464
Found heuristic solution: objective 442940.03323
Presolve removed 181 rows and 40 columns
Presolve time: 0.01s
Presolved: 799 rows, 686 columns, 2644 nonzeros
Found heuristic solution: objective 422708.64254
Variable types: 513 continuous, 173 integer (173 binary)

Root relaxation: objective 2.382098e+03, 969 iterations, 0.01 seconds (0.01 work units)

    Nodes    |    Current Node    |     Objective Bounds      |     Work
 Expl Unexpl |  Obj  Depth IntInf | Incumbent    BestBd   Gap | It/Node Time

     0     0 2382.09789    0   18 422708.643 2382.09789  99.4%     -    0s
H    0     0                    65349.229806 2382.09789  96.4%     -    0s
H    0     0                    36799.192850 2382.09789  93.5%     -    0s
     0     0 2382.09789    0   18 36799.1929 2382.09789  93.5%     -    0s
H    0     0                    15591.718297 2382.09789  84.7%     -    0s
     0     0 2382.09789    0   16 15591.7183 2382.09789  84.7%     -    0s
H    0     0                    14293.691743 2394.33542  83.2%     -    0s
     0     0 2397.02126    0   12 14293.6917 2397.02126  83.2%     -    0s
H    0     0                    5602.8641939 2400.91581  57.1%     -    0s
     0     0 2400.91581    0   14 5602.86419 2400.91581  57.1%     -    0s
     0     0 2410.92559    0   12 5602.86419 2410.92559  57.0%     -    0s
     0     0 2412.94250    0   13 5602.86419 2412.94250  56.9%     -    0s
     0     0 2413.30660    0   13 5602.86419 2413.30660  56.9%     -    0s
     0     0 2414.36736    0   12 5602.86419 2414.36736  56.9%     -    0s
H    0     0                    5602.8641922 2414.36736  56.9%     -    0s
     0     0 2414.36736    0   12 5602.86419 2414.36736  56.9%     -    0s
     0     0 2414.36736    0   13 5602.86419 2414.36736  56.9%     -    0s
H    0     0                    5514.5081756 2414.36736  56.2%     -    0s
     0     0 2414.36736    0   11 5514.50818 2414.36736  56.2%     -    0s
     0     0 2414.36736    0   12 5514.50818 2414.36736  56.2%     -    0s
     0     0 2414.36736    0   12 5514.50818 2414.36736  56.2%     -    0s
     0     0 2414.36736    0   12 5514.50818 2414.36736  56.2%     -    0s
     0     2 2414.36736    0   12 5514.50818 2414.36736  56.2%     -    0s
H   97   104                    4520.1168149 2414.36736  46.6%  20.3    0s
H  473   431                    4520.1168137 2414.36736  46.6%  19.2    0s
H 1277  1008                    4120.1426320 2414.36736  41.4%  17.9    0s
H 1469  1090                    3900.1048388 2414.36736  38.1%  17.7    0s
H 1472   878                    3759.1431049 2414.36736  35.8%  17.7    0s
H 1684  1078                    3759.1431036 2414.36736  35.8%  17.2    0s
H 1780   867                    3659.0946795 2414.36736  34.0%  17.0    0s
H 1780   864                    3648.6509585 2414.36736  33.8%  17.0    0s
H 1780   864                    3647.8932916 2414.36736  33.8%  17.0    0s
H 1780   863                    3645.8866089 2414.36736  33.8%  17.0    0s
H 1793   813                    3645.8866085 2517.80618  30.9%  16.9    0s
H 1809   783                    3645.8866072 2584.53600  29.1%  16.7    0s
H 2914   807                    3624.1744191 2922.94139  19.3%  18.4    1s
H 3264   788                    3624.1744186 3101.98817  14.4%  18.4    1s
H 3264   752                    3624.1744181 3101.98817  14.4%  18.4    1s
* 3424   761             111    3605.9647094 3134.73818  13.1%  18.4    1s
* 4299  1100             137    3586.5439398 3240.15828  9.66%  18.0    1s
H 4959  1256                    3573.4626271 3240.15828  9.33%  17.5    1s
* 5154  1265             131    3569.1413833 3240.15828  9.22%  17.4    1s
* 5157  1229             131    3564.5949770 3240.15828  9.10%  17.4    1s
H 5590  1301                    3524.6151364 3240.15828  8.07%  17.3    1s
H 5593  1289                    3521.6272543 3240.15828  7.99%  17.3    1s
* 5807  1266             133    3519.8944958 3240.15828  7.95%  17.3    1s
* 5808  1266             133    3518.9148673 3240.15828  7.92%  17.3    1s
* 5956  1215             133    3494.0333242 3240.15828  7.27%  17.1    1s
* 5969  1215             138    3493.7275019 3240.15828  7.26%  17.1    1s
H 6989  1057                    3457.4291570 3240.15828  6.28%  17.5    1s
H 7000   971                    3457.0753799 3240.15828  6.27%  17.6    1s
H 7952   959                    3440.0831180 3240.15828  5.81%  18.0    2s
H 8443   873                    3435.3640930 3240.15828  5.68%  18.3    2s
* 9774  1013             117    3381.1457384 3240.15828  4.17%  17.8    2s
* 9808   682             117    3278.4707295 3240.15828  1.17%  17.8    2s
H10440   536                    3277.7730065 3240.15828  1.15%  18.0    2s
*10952   669              71    3249.6207971 3240.15828  0.29%  18.2    2s
*11239   669              71    3242.4290092 3240.15828  0.07%  18.3    2s
*11352   711             126    3240.1606008 3240.15828  0.00%  18.3    2s

Cutting planes:
  Gomory: 8
  Cover: 1
  MIR: 9
  Flow cover: 30
  Inf proof: 7
  Relax-and-lift: 3

Explored 11683 nodes (218598 simplex iterations) in 2.57 seconds (3.51 work units)
Thread count was 8 (of 8 available processors)

Solution count 10: 3240.16 3242.43 3249.62 ... 3457.43

Optimal solution found (tolerance 1.00e-04)
Warning: max constraint violation (9.5065e-06) exceeds tolerance
Best objective 3.240160600764e+03, best bound 3.240158284814e+03, gap 0.0001%

User-callback calls 25445, time in user-callback 0.00 sec

Gurobi 12.0.3 (mac64[arm]) logging started Tue Sep 23 19:04:56 2025

Set parameter LogFile to value "Logs/PowerFlow Logs/L20/phase1/scenario_generation.log"
Set parameter LogToConsole to value 0

Gurobi 12.0.3 (mac64[arm]) logging started Tue Sep 23 19:04:56 2025

Set parameter LogFile to value "Logs/PowerFlow Logs/L20/phase1/scenario_generation.log"
Gurobi Optimizer version 12.0.3 build v12.0.3rc0 (mac64[arm] - Darwin 24.6.0 24G222)

CPU model: Apple M3
Thread count: 8 physical cores, 8 logical processors, using up to 8 threads

Non-default parameters:
TimeLimit  60
LogToConsole  0

Optimize a model with 980 rows, 726 columns and 3212 nonzeros
Model fingerprint: 0x6fb41fbe
Variable types: 540 continuous, 186 integer (186 binary)
Coefficient statistics:
  Matrix range     [1e+00, 3e+03]
  Objective range  [6e-02, 1e+04]
  Bounds range     [0e+00, 0e+00]
  RHS range        [6e-02, 3e+03]
Found heuristic solution: objective 445849.75129
Found heuristic solution: objective 445849.74962
Presolve removed 181 rows and 40 columns
Presolve time: 0.01s
Presolved: 799 rows, 686 columns, 2644 nonzeros
Found heuristic solution: objective 425968.77408
Variable types: 513 continuous, 173 integer (173 binary)

Root relaxation: objective 2.401771e+03, 1058 iterations, 0.01 seconds (0.02 work units)

    Nodes    |    Current Node    |     Objective Bounds      |     Work
 Expl Unexpl |  Obj  Depth IntInf | Incumbent    BestBd   Gap | It/Node Time

     0     0 2401.77126    0   18 425968.774 2401.77126  99.4%     -    0s
H    0     0                    79921.202584 2401.77126  97.0%     -    0s
H    0     0                    58924.830650 2401.77126  95.9%     -    0s
     0     0 2401.77126    0   16 58924.8307 2401.77126  95.9%     -    0s
H    0     0                    17550.123693 2401.77126  86.3%     -    0s
H    0     0                    8555.3037254 2401.77126  71.9%     -    0s
     0     0 2401.77126    0   15 8555.30373 2401.77126  71.9%     -    0s
     0     0 2408.57404    0   13 8555.30373 2408.57404  71.8%     -    0s
H    0     0                    7547.5573327 2414.74005  68.0%     -    0s
     0     0 2414.74005    0   13 7547.55733 2414.74005  68.0%     -    0s
     0     0 2419.42841    0   17 7547.55733 2419.42841  67.9%     -    0s
H    0     0                    6796.6808021 2419.58891  64.4%     -    0s
     0     0 2505.32894    0   14 6796.68080 2505.32894  63.1%     -    0s
     0     0 2505.32894    0   14 6796.68080 2505.32894  63.1%     -    0s
     0     0 2536.37545    0   14 6796.68080 2536.37545  62.7%     -    0s
     0     0 2536.37545    0   13 6796.68080 2536.37545  62.7%     -    0s
     0     0 2536.37545    0   11 6796.68080 2536.37545  62.7%     -    0s
     0     2 2536.37545    0   10 6796.68080 2536.37545  62.7%     -    0s
H   27    50                    5001.0016054 2576.65301  48.5%  18.9    0s
H  614   496                    4936.9095668 2962.86541  40.0%  17.5    0s
H 1018   788                    4801.6536061 2962.86541  38.3%  15.7    0s
H 1887  1005                    4098.2043136 3130.90823  23.6%  12.9    0s
H 1887   848                    3933.8412133 3130.90823  20.4%  12.9    0s
H 2044   836                    3933.8412102 3130.90823  20.4%  13.5    0s
H 3057  1062                    3922.7039181 3130.90823  20.2%  13.0    0s
H 3147   811                    3531.5197730 3130.90823  11.3%  13.1    0s
H 3331   664                    3531.5197721 3130.90823  11.3%  12.9    0s
H 4112   695                    3531.5197708 3130.90823  11.3%  13.4    0s
* 4993  1272             132    3530.5130424 3288.36283  6.86%  14.4    0s
H 5323  1433                    3525.6887815 3288.36283  6.73%  14.7    1s
H 6491  1790                    3524.2065171 3507.93045  0.46%  16.0    1s
H14940  2563                    3520.1657741 3519.31855  0.02%  20.1    3s
H15762  3165                    3519.5531823 3519.31855  0.01%  20.9    3s
H16016  3136                    3519.3786777 3519.31855  0.00%  21.2    3s

Cutting planes:
  MIR: 5

Explored 16309 nodes (351612 simplex iterations) in 3.30 seconds (4.22 work units)
Thread count was 8 (of 8 available processors)

Solution count 10: 3519.38 3519.55 3520.17 ... 4098.2

Optimal solution found (tolerance 1.00e-04)
Best objective 3.519378677674e+03, best bound 3.519318553654e+03, gap 0.0017%

User-callback calls 34883, time in user-callback 0.00 sec

Gurobi 12.0.3 (mac64[arm]) logging started Tue Sep 23 19:04:59 2025

Set parameter LogFile to value "Logs/PowerFlow Logs/L20/phase1/scenario_generation.log"
Set parameter LogToConsole to value 0

Gurobi 12.0.3 (mac64[arm]) logging started Tue Sep 23 19:04:59 2025

Set parameter LogFile to value "Logs/PowerFlow Logs/L20/phase1/scenario_generation.log"
Gurobi Optimizer version 12.0.3 build v12.0.3rc0 (mac64[arm] - Darwin 24.6.0 24G222)

CPU model: Apple M3
Thread count: 8 physical cores, 8 logical processors, using up to 8 threads

Non-default parameters:
TimeLimit  60
LogToConsole  0

Optimize a model with 980 rows, 726 columns and 3212 nonzeros
Model fingerprint: 0x15ac26d5
Variable types: 540 continuous, 186 integer (186 binary)
Coefficient statistics:
  Matrix range     [1e+00, 3e+03]
  Objective range  [6e-02, 1e+04]
  Bounds range     [0e+00, 0e+00]
  RHS range        [3e-02, 3e+03]
Found heuristic solution: objective 437580.34155
Found heuristic solution: objective 437580.34001
Presolve removed 181 rows and 40 columns
Presolve time: 0.01s
Presolved: 799 rows, 686 columns, 2644 nonzeros
Found heuristic solution: objective 417925.10850
Variable types: 513 continuous, 173 integer (173 binary)

Root relaxation: objective 2.241436e+03, 1057 iterations, 0.01 seconds (0.01 work units)

    Nodes    |    Current Node    |     Objective Bounds      |     Work
 Expl Unexpl |  Obj  Depth IntInf | Incumbent    BestBd   Gap | It/Node Time

     0     0 2241.43568    0   25 417925.109 2241.43568  99.5%     -    0s
H    0     0                    72883.247566 2241.43568  96.9%     -    0s
H    0     0                    72803.919178 2241.43568  96.9%     -    0s
     0     0 2255.23631    0   19 72803.9192 2255.23631  96.9%     -    0s
H    0     0                    14421.490312 2271.99246  84.2%     -    0s
H    0     0                    4178.2131118 2271.99246  45.6%     -    0s
     0     0 2271.99246    0   19 4178.21311 2271.99246  45.6%     -    0s
     0     0 2271.99246    0   21 4178.21311 2271.99246  45.6%     -    0s
     0     0 2271.99246    0   21 4178.21311 2271.99246  45.6%     -    0s
     0     0 2271.99246    0   21 4178.21311 2271.99246  45.6%     -    0s
H    0     0                    4100.6916123 2280.97109  44.4%     -    0s
     0     0 2280.97109    0   19 4100.69161 2280.97109  44.4%     -    0s
     0     0 2288.55021    0   19 4100.69161 2288.55021  44.2%     -    0s
     0     0 2288.76286    0   20 4100.69161 2288.76286  44.2%     -    0s
     0     0 2289.78199    0   19 4100.69161 2289.78199  44.2%     -    0s
     0     0 2289.91496    0   18 4100.69161 2289.91496  44.2%     -    0s
     0     0 2289.91496    0   17 4100.69161 2289.91496  44.2%     -    0s
     0     0 2289.91496    0   11 4100.69161 2289.91496  44.2%     -    0s
     0     2 2289.91496    0   10 4100.69161 2289.91496  44.2%     -    0s
H   26    54                    4100.6916111 2290.69674  44.1%  18.5    0s
H  123   123                    4100.6916083 2290.69674  44.1%  15.1    0s
H 1257   982                    3813.6230619 2502.34042  34.4%  16.7    0s
H 1814  1455                    3802.5551095 2502.34042  34.2%  15.5    0s
H 1814  1450                    3799.6684492 2502.34042  34.1%  15.5    0s
H 2010  1472                    3799.6684485 2502.34042  34.1%  16.2    0s
H 2331  1595                    3799.6684479 2502.34042  34.1%  15.9    0s
H 3999  2005                    3788.7158849 2793.62938  26.3%  15.6    1s
H 4000  1731                    3740.1312450 2793.62938  25.3%  15.6    1s
H 5793  2272                    3732.2387990 2877.50586  22.9%  15.1    1s
H 5799  1733                    3702.8602837 2877.50586  22.3%  15.1    1s
H 5801  1512                    3675.0002759 2877.50586  21.7%  15.1    1s
H 6125  1024                    3626.4299168 2987.51521  17.6%  15.0    1s
H 6136   994                    3620.4450562 2987.51521  17.5%  15.0    1s
* 7873  2038             131    3619.0752055 3126.12635  13.6%  14.6    1s
* 7875  1856             129    3608.5541471 3126.12635  13.4%  14.6    1s
*11265  4211             123    3541.1133904 3126.12635  11.7%  14.1    2s
*11524  4211             138    3541.1114093 3126.12635  11.7%  14.1    2s
*14775  6300             118    3488.9347279 3126.12635  10.4%  14.3    2s
H15220  6574                    3485.4171856 3126.12635  10.3%  14.2    2s
H17145  7418                    3483.1212054 3126.12635  10.2%  14.2    2s
*19011  8401             122    3482.6928903 3126.12635  10.2%  14.2    2s
*19016  8391             120    3469.9093319 3126.12635  9.91%  14.2    2s
*19825  8748             129    3467.9811043 3126.12635  9.86%  14.2    2s
*19908  8745             118    3467.4452326 3126.12635  9.84%  14.2    2s
H21238  8397                    3321.9539077 3126.12635  5.89%  14.1    3s
H21240  6706                    3183.3700848 3126.12635  1.80%  14.1    3s
 29238 10547 3126.12635   84    7 3183.37008 3126.12635  1.80%  14.7    5s
H31865 11484                    3182.7552318 3126.12635  1.78%  14.6    5s
H32758 11690                    3180.0502638 3126.12635  1.70%  14.7    5s
H32763 11463                    3174.9641806 3126.12635  1.54%  14.7    5s
H32766 11429                    3174.4433924 3126.12635  1.52%  14.7    5s
H32767 11366                    3173.2583798 3126.12635  1.49%  14.7    5s
H32769 11313                    3172.8824525 3126.12635  1.47%  14.7    5s
H46981 16620                    3172.7817560 3126.12635  1.47%  16.0    7s
 57247 18608 3126.12635  102   10 3172.78176 3126.12635  1.47%  17.9   10s
H70061 17613                    3172.7766442 3126.12635  1.47%  20.1   12s
H71718 17208                    3172.7766434 3126.12635  1.47%  20.3   13s
H73027 16938                    3172.7765936 3126.12635  1.47%  20.4   13s
H76166 17099                    3172.7692722 3126.12635  1.47%  20.8   14s
H78049 17112                    3170.9634423 3126.12635  1.41%  21.0   15s
H79265 13129                    3149.3176604 3126.12635  0.74%  21.1   15s
H82353  8175                    3133.1322782 3126.12635  0.22%  21.4   16s
*82370  7115             117    3130.3992793 3126.12635  0.14%  21.4   16s
*82373  7115             117    3130.3888364 3126.12635  0.14%  21.4   16s
H83117  6790                    3128.3927720 3126.12635  0.07%  21.5   16s
H83123  6264                    3127.0898083 3126.12635  0.03%  21.5   16s
*83787  6371             124    3126.1623465 3126.12635  0.00%  21.6   16s
*83788  6356             124    3126.1542084 3126.12635  0.00%  21.6   16s
*83797  6349             123    3126.1302235 3126.12635  0.00%  21.6   16s
*83802  6348             123    3126.1268401 3126.12635  0.00%  21.6   16s

Cutting planes:
  Gomory: 2
  MIR: 10
  Flow cover: 5
  Inf proof: 1

Explored 84443 nodes (1834816 simplex iterations) in 16.57 seconds (22.19 work units)
Thread count was 8 (of 8 available processors)

Solution count 10: 3126.13 3126.13 3126.15 ... 3149.32

Optimal solution found (tolerance 1.00e-04)
Best objective 3.126126840072e+03, best bound 3.126126351970e+03, gap 0.0000%

User-callback calls 177314, time in user-callback 0.02 sec

Gurobi 12.0.3 (mac64[arm]) logging started Tue Sep 23 19:05:16 2025

Set parameter LogFile to value "Logs/PowerFlow Logs/L20/phase1/scenario_generation.log"
Set parameter LogToConsole to value 0

Gurobi 12.0.3 (mac64[arm]) logging started Tue Sep 23 19:05:16 2025

Set parameter LogFile to value "Logs/PowerFlow Logs/L20/phase1/scenario_generation.log"
Gurobi Optimizer version 12.0.3 build v12.0.3rc0 (mac64[arm] - Darwin 24.6.0 24G222)

CPU model: Apple M3
Thread count: 8 physical cores, 8 logical processors, using up to 8 threads

Non-default parameters:
TimeLimit  60
LogToConsole  0

Optimize a model with 980 rows, 726 columns and 3212 nonzeros
Model fingerprint: 0x21d8eaee
Variable types: 540 continuous, 186 integer (186 binary)
Coefficient statistics:
  Matrix range     [1e+00, 3e+03]
  Objective range  [6e-02, 1e+04]
  Bounds range     [0e+00, 0e+00]
  RHS range        [5e-02, 3e+03]
Found heuristic solution: objective 436502.10009
Found heuristic solution: objective 436502.09838
Presolve removed 181 rows and 40 columns
Presolve time: 0.01s
Presolved: 799 rows, 686 columns, 2644 nonzeros
Found heuristic solution: objective 417065.64007
Variable types: 513 continuous, 173 integer (173 binary)

Root relaxation: objective 2.225027e+03, 992 iterations, 0.01 seconds (0.01 work units)

    Nodes    |    Current Node    |     Objective Bounds      |     Work
 Expl Unexpl |  Obj  Depth IntInf | Incumbent    BestBd   Gap | It/Node Time

     0     0 2225.02693    0   30 417065.640 2225.02693  99.5%     -    0s
H    0     0                    40419.837392 2225.02693  94.5%     -    0s
     0     0 2225.02693    0   31 40419.8374 2225.02693  94.5%     -    0s
H    0     0                    16619.339358 2225.02693  86.6%     -    0s
H    0     0                    15941.514800 2225.02693  86.0%     -    0s
     0     0 2225.02693    0   30 15941.5148 2225.02693  86.0%     -    0s
H    0     0                    11490.783381 2225.02693  80.6%     -    0s
H    0     0                    3672.5039757 2225.02693  39.4%     -    0s
     0     0 2225.02693    0   11 3672.50398 2225.02693  39.4%     -    0s
     0     0 2225.02693    0   12 3672.50398 2225.02693  39.4%     -    0s
     0     0 2225.02693    0   14 3672.50398 2225.02693  39.4%     -    0s
     0     0 2243.04371    0   12 3672.50398 2243.04371  38.9%     -    0s
     0     0 2243.06389    0   14 3672.50398 2243.06389  38.9%     -    0s
     0     0 2243.50692    0   11 3672.50398 2243.50692  38.9%     -    0s
H    0     0                    3263.8733935 2243.50692  31.3%     -    0s
     0     0 2245.04864    0   13 3263.87339 2245.04864  31.2%     -    0s
     0     0 2245.13594    0   14 3263.87339 2245.13594  31.2%     -    0s
     0     0 2246.59061    0   14 3263.87339 2246.59061  31.2%     -    0s
     0     0 2246.59061    0   10 3263.87339 2246.59061  31.2%     -    0s
     0     2 2246.59061    0   10 3263.87339 2246.59061  31.2%     -    0s
H  113   128                    3263.8733927 2280.89468  30.1%  16.2    0s
H  477   507                    3263.8733919 2281.79054  30.1%  18.5    0s
H  515   507                    3262.4558437 2281.79054  30.1%  19.4    0s
H 1092   843                    3131.6793003 2288.70112  26.9%  19.0    0s
H 1629   943                    3075.8511140 2288.70112  25.6%  17.1    0s
H 1629   827                    3038.5518964 2288.70112  24.7%  17.1    0s
H 1629   821                    3037.8174767 2288.70112  24.7%  17.1    0s
H 1738   854                    3037.8174756 2288.70112  24.7%  17.5    0s
H 2295  1000                    3012.7092451 2288.70112  24.0%  15.7    0s
H 2511  1017                    3012.7092446 2288.70112  24.0%  15.3    0s
H 3836  1106                    2955.1131340 2364.62964  20.0%  14.0    0s
H 3981  1051                    2906.1122010 2364.62964  18.6%  13.9    0s
H 4025  1014                    2906.1122001 2364.62964  18.6%  13.8    0s
H 4197   954                    2870.4762648 2364.62964  17.6%  13.7    0s
H 4611  1217                    2870.4762643 2364.62964  17.6%  13.6    1s
H 5732  1671                    2869.9186157 2364.62964  17.6%  13.7    1s
H 5734  1543                    2867.7192519 2364.62964  17.5%  13.7    1s
H 5772  1293                    2846.8157286 2364.62964  16.9%  13.7    1s
* 8522  2454             126    2844.3946622 2578.30186  9.35%  13.9    1s
* 8528  2454             129    2844.3504202 2578.30186  9.35%  13.9    1s
*10289  3133              95    2843.1498454 2589.50980  8.92%  14.7    1s
*10299  3133              99    2842.8906183 2589.50980  8.91%  14.7    1s
*10634  3182             100    2842.5729977 2589.50980  8.90%  14.8    1s
*15190  4459             140    2832.4495135 2589.50980  8.58%  15.2    2s
*20838  4455             141    2827.7184565 2589.50980  8.42%  15.5    3s
*21563  4102             147    2789.6259670 2589.50980  7.17%  15.5    3s
H22450  3254                    2706.4353882 2589.50980  4.32%  15.6    3s
*24810  4576             128    2706.4353837 2589.50980  4.32%  15.4    3s
H26602  5086                    2706.4353491 2589.50980  4.32%  15.5    3s
*27162  4918             126    2692.8995473 2589.50980  3.84%  15.5    3s
*27167  4899             126    2691.0984015 2589.50980  3.77%  15.5    3s
H28292  5115                    2687.8940498 2589.50980  3.66%  15.5    3s
H28307  4976                    2677.0877317 2589.50980  3.27%  15.5    3s
H28340  4789                    2666.2848936 2589.50980  2.88%  15.5    3s
*31411  5975             116    2664.6660176 2589.50980  2.82%  15.6    4s
*32216  5668             117    2650.4520118 2589.50980  2.30%  15.7    4s
*32234  5635             118    2648.8560361 2589.50980  2.24%  15.7    4s
 32548  5696 infeasible   30      2648.85604 2589.50980  2.24%  15.7    5s
H32803  5688                    2648.3881670 2589.50980  2.22%  15.8    5s
*33703  5862             120    2639.0664244 2589.50980  1.88%  15.8    5s
*33704  5858             120    2637.5779674 2589.50980  1.82%  15.8    5s
*33705  5855             119    2637.4496626 2589.50980  1.82%  15.8    5s
*33708  5853             120    2636.9555350 2589.50980  1.80%  15.8    5s
*37236  6092              94    2620.2041425 2589.50980  1.17%  16.2    5s
*39462  6394              93    2619.0980825 2606.71420  0.47%  16.5    5s
*39725  6532             112    2617.8366671 2606.71420  0.42%  16.5    5s
*39728  6462             114    2615.5569625 2606.71420  0.34%  16.6    5s
*41135  7111             121    2614.7892701 2606.71420  0.31%  16.7    6s
*41141  7111             120    2614.7806449 2606.71420  0.31%  16.7    6s
*41889  7500             134    2614.7442525 2606.71420  0.31%  16.9    6s
H41909  6880                    2608.8107457 2606.71420  0.08%  16.9    6s
*41990  6836              81    2607.5312271 2606.71420  0.03%  16.9    6s
*42137  6831             100    2607.5016448 2606.71420  0.03%  17.0    6s
*42139  6831              98    2607.4754901 2606.71420  0.03%  17.0    6s
*42141   841              97    2606.7141975 2606.71420  0.00%  17.0    6s

Cutting planes:
  MIR: 8
  Flow cover: 1

Explored 42278 nodes (723218 simplex iterations) in 6.22 seconds (8.81 work units)
Thread count was 8 (of 8 available processors)

Solution count 10: 2606.71 2606.71 2607.48 ... 2615.56
No other solutions better than 2606.71

Optimal solution found (tolerance 1.00e-04)
Best objective 2.606714019096e+03, best bound 2.606714019096e+03, gap 0.0000%

User-callback calls 88446, time in user-callback 0.02 sec

Gurobi 12.0.3 (mac64[arm]) logging started Tue Sep 23 19:05:22 2025

Set parameter LogFile to value "Logs/PowerFlow Logs/L20/phase1/scenario_generation.log"
Set parameter LogToConsole to value 0

Gurobi 12.0.3 (mac64[arm]) logging started Tue Sep 23 19:05:22 2025

Set parameter LogFile to value "Logs/PowerFlow Logs/L20/phase1/scenario_generation.log"
Gurobi Optimizer version 12.0.3 build v12.0.3rc0 (mac64[arm] - Darwin 24.6.0 24G222)

CPU model: Apple M3
Thread count: 8 physical cores, 8 logical processors, using up to 8 threads

Non-default parameters:
TimeLimit  60
LogToConsole  0

Optimize a model with 980 rows, 726 columns and 3212 nonzeros
Model fingerprint: 0x506bf77b
Variable types: 540 continuous, 186 integer (186 binary)
Coefficient statistics:
  Matrix range     [1e+00, 3e+03]
  Objective range  [6e-02, 1e+04]
  Bounds range     [0e+00, 0e+00]
  RHS range        [6e-02, 3e+03]
Found heuristic solution: objective 443953.58443
Found heuristic solution: objective 443953.58290
Presolve removed 181 rows and 40 columns
Presolve time: 0.01s
Presolved: 799 rows, 686 columns, 2644 nonzeros
Found heuristic solution: objective 423992.27388
Variable types: 513 continuous, 173 integer (173 binary)

Root relaxation: objective 2.374327e+03, 1056 iterations, 0.01 seconds (0.01 work units)

    Nodes    |    Current Node    |     Objective Bounds      |     Work
 Expl Unexpl |  Obj  Depth IntInf | Incumbent    BestBd   Gap | It/Node Time

     0     0 2374.32651    0   16 423992.274 2374.32651  99.4%     -    0s
H    0     0                    43706.087036 2374.32651  94.6%     -    0s
H    0     0                    41090.094540 2374.32651  94.2%     -    0s
H    0     0                    36413.976715 2374.32651  93.5%     -    0s
     0     0 2378.21144    0   16 36413.9767 2378.21144  93.5%     -    0s
H    0     0                    15900.157498 2394.98930  84.9%     -    0s
H    0     0                    7084.8084830 2394.98930  66.2%     -    0s
     0     0 2394.98930    0   20 7084.80848 2394.98930  66.2%     -    0s
     0     0 2397.30375    0   21 7084.80848 2397.30375  66.2%     -    0s
H    0     0                    6246.1592297 2400.49895  61.6%     -    0s
     0     0 2400.49895    0   20 6246.15923 2400.49895  61.6%     -    0s
     0     0 2414.94152    0   18 6246.15923 2414.94152  61.3%     -    0s
     0     0 2414.94152    0   18 6246.15923 2414.94152  61.3%     -    0s
     0     0 2414.94152    0   11 6246.15923 2414.94152  61.3%     -    0s
     0     0 2414.94152    0   12 6246.15923 2414.94152  61.3%     -    0s
     0     0 2414.98748    0   15 6246.15923 2414.98748  61.3%     -    0s
     0     0 2414.98748    0   15 6246.15923 2414.98748  61.3%     -    0s
H    0     0                    5177.4507812 2414.98748  53.4%     -    0s
H    0     0                    5146.5467655 2414.98748  53.1%     -    0s
H    0     0                    5103.1897472 2414.99582  52.7%     -    0s
     0     0 2414.99582    0   13 5103.18975 2414.99582  52.7%     -    0s
     0     0 2414.99582    0   12 5103.18975 2414.99582  52.7%     -    0s
     0     0 2414.99582    0   12 5103.18975 2414.99582  52.7%     -    0s
     0     0 2415.39838    0   13 5103.18975 2415.39838  52.7%     -    0s
     0     2 2415.39838    0   13 5103.18975 2415.39838  52.7%     -    0s
H   51    56                    5086.5990519 2505.00933  50.8%  16.5    0s
H  285   283                    3862.9079665 2505.00933  35.2%  13.9    0s
H  719   570                    3860.8623462 2887.93662  25.2%  14.7    0s
H  742   528                    3708.0241514 2887.93662  22.1%  14.8    0s
H  961   682                    3701.2869334 2887.93662  22.0%  16.0    0s
H 1516  1017                    3701.2869325 2892.16980  21.9%  15.5    0s
* 2538  1294             106    3694.8390531 2892.16980  21.7%  13.7    0s
H 2616  1249                    3662.6626884 2892.16980  21.0%  13.6    0s
H 2616   888                    3575.3682643 2892.16980  19.1%  13.6    0s
H 2616   868                    3573.4219810 2892.16980  19.1%  13.6    0s
H 2760   867                    3573.4219804 2892.16980  19.1%  14.2    0s
H 2840   829                    3573.4219796 2892.16980  19.1%  14.2    0s
H 3316   956                    3573.4219790 2892.16980  19.1%  14.3    0s
H 3337   912                    3573.4219784 2892.16980  19.1%  14.2    0s
H 3743   979                    3573.4219775 2892.16980  19.1%  14.4    0s
H 3899   954                    3566.6228335 2892.16980  18.9%  14.6    0s
H 4514  1018                    3566.6228329 2892.16980  18.9%  14.6    0s
H 4517  1018                    3566.6228320 2892.16980  18.9%  14.6    0s
H 5529   952                    3540.1423672 3256.62434  8.01%  14.4    1s
H 5584   453                    3268.5489846 3256.62434  0.36%  14.3    1s
H 5770   485                    3268.5489842 3256.62434  0.36%  14.2    1s
H 6329   698                    3268.5489838 3256.62434  0.36%  13.9    1s
H 7437  1109                    3268.1439851 3266.92282  0.04%  13.5    1s
H12424  1948                    3268.1439846 3266.92282  0.04%  15.1    1s
H12874  2220                    3267.8903946 3266.92282  0.03%  15.7    2s
*13350  2556             108    3267.1924376 3266.92282  0.01%  16.3    2s

Cutting planes:
  Gomory: 2
  MIR: 9
  Relax-and-lift: 1

Explored 13594 nodes (226297 simplex iterations) in 2.14 seconds (3.04 work units)
Thread count was 8 (of 8 available processors)

Solution count 10: 3267.19 3267.89 3268.14 ... 3694.84

Optimal solution found (tolerance 1.00e-04)
Best objective 3.267192437551e+03, best bound 3.266922820797e+03, gap 0.0083%

User-callback calls 28962, time in user-callback 0.00 sec

Gurobi 12.0.3 (mac64[arm]) logging started Tue Sep 23 19:05:24 2025

Set parameter LogFile to value "Logs/PowerFlow Logs/L20/phase1/scenario_generation.log"
Set parameter LogToConsole to value 0

Gurobi 12.0.3 (mac64[arm]) logging started Tue Sep 23 19:05:24 2025

Set parameter LogFile to value "Logs/PowerFlow Logs/L20/phase1/scenario_generation.log"
Gurobi Optimizer version 12.0.3 build v12.0.3rc0 (mac64[arm] - Darwin 24.6.0 24G222)

CPU model: Apple M3
Thread count: 8 physical cores, 8 logical processors, using up to 8 threads

Non-default parameters:
TimeLimit  60
LogToConsole  0

Optimize a model with 980 rows, 726 columns and 3212 nonzeros
Model fingerprint: 0x24b3ca0a
Variable types: 540 continuous, 186 integer (186 binary)
Coefficient statistics:
  Matrix range     [1e+00, 3e+03]
  Objective range  [6e-02, 1e+04]
  Bounds range     [0e+00, 0e+00]
  RHS range        [7e-02, 3e+03]
Found heuristic solution: objective 443346.12613
Found heuristic solution: objective 443346.12460
Presolve removed 181 rows and 40 columns
Presolve time: 0.01s
Presolved: 799 rows, 686 columns, 2644 nonzeros
Found heuristic solution: objective 423469.48199
Variable types: 513 continuous, 173 integer (173 binary)

Root relaxation: objective 2.500909e+03, 931 iterations, 0.01 seconds (0.01 work units)

    Nodes    |    Current Node    |     Objective Bounds      |     Work
 Expl Unexpl |  Obj  Depth IntInf | Incumbent    BestBd   Gap | It/Node Time

     0     0 2500.90858    0   18 423469.482 2500.90858  99.4%     -    0s
H    0     0                    61293.698052 2500.90858  95.9%     -    0s
     0     0 2500.90858    0   14 61293.6981 2500.90858  95.9%     -    0s
H    0     0                    8075.0495170 2500.90858  69.0%     -    0s
     0     0 2500.90858    0   13 8075.04952 2500.90858  69.0%     -    0s
H    0     0                    8002.4030971 2500.90858  68.7%     -    0s
     0     0 2500.90858    0   11 8002.40310 2500.90858  68.7%     -    0s
     0     0 2500.90858    0   10 8002.40310 2500.90858  68.7%     -    0s
     0     0 2500.90858    0    9 8002.40310 2500.90858  68.7%     -    0s
     0     0 2500.90858    0   10 8002.40310 2500.90858  68.7%     -    0s
     0     0 2500.90858    0   10 8002.40310 2500.90858  68.7%     -    0s
     0     0 2500.90858    0   10 8002.40310 2500.90858  68.7%     -    0s
     0     2 2500.90858    0    8 8002.40310 2500.90858  68.7%     -    0s
H 1468  1206                    7946.8818794 3097.82749  61.0%  16.5    0s
H 1694  1369                    7946.6906059 3097.82749  61.0%  15.7    0s
H 1773  1307                    7363.4166976 3097.82749  57.9%  15.3    0s
H 2448  1482                    6136.0392557 3097.82749  49.5%  14.6    0s
H 2576  1441                    5064.4872565 3097.82749  38.8%  14.3    0s
H 3005  1284                    4703.3235691 3097.82749  34.1%  13.8    0s
H 3442  1352                    4703.3235685 3097.82749  34.1%  13.2    0s
* 3736  1406              98    4602.9070436 3097.82749  32.7%  12.9    0s
H 4582  1383                    4547.1181508 3097.82749  31.9%  12.7    0s
* 5177  1554             149    4416.0829878 3097.82749  29.9%  12.7    0s
* 6811  1654             101    3967.0685740 3097.82749  21.9%  13.0    1s
* 6816  1650             105    3964.9142664 3097.82749  21.9%  13.0    1s
H 7333  1251                    3841.4749073 3097.82749  19.4%  12.9    1s
H 8617  1513                    3841.4749062 3098.00607  19.4%  12.5    1s
H 8620  1513                    3841.4749049 3098.00607  19.4%  12.5    1s
H 8672  1638                    3841.4749039 3098.00607  19.4%  12.5    1s
H13126  2515                    3832.3148793 3387.92817  11.6%  12.0    1s
H15240  1472                    3777.4036222 3435.93724  9.04%  11.8    1s
H17901  2039                    3777.4036216 3435.93724  9.04%  11.9    2s
H18032  2037                    3776.7974726 3435.93724  9.03%  11.9    2s
*18268  1492             121    3733.8421981 3435.93724  7.98%  11.8    2s
*20064  1503             129    3677.4150238 3435.93724  6.57%  11.9    2s
*21343  1832             123    3676.5264854 3435.93724  6.54%  11.9    2s
*21737  1786             111    3668.3877930 3435.93724  6.34%  11.9    2s
*23106  2161              98    3666.4211191 3435.93724  6.29%  11.8    2s
H24382  2151                    3663.8673149 3435.93724  6.22%  11.7    2s
H25773  1489                    3645.5407202 3485.74073  4.38%  11.8    2s
*27293  1626             130    3644.7579696 3504.03628  3.86%  11.8    3s
*28609  1885             116    3642.1234360 3556.36288  2.35%  11.8    3s
*28616  1881             120    3641.9167911 3556.36288  2.35%  11.8    3s
*28620  1861             118    3637.1628036 3556.36288  2.22%  11.8    3s
H31238  2729                    3632.7260475 3598.70659  0.94%  11.8    3s
*32539  2489             116    3624.8445722 3598.70659  0.72%  11.8    3s
*34292  1915             121    3612.1805180 3598.70659  0.37%  11.9    3s
H36261  2713                    3611.5743682 3602.00083  0.27%  12.0    3s
*36790  2401              86    3607.7781510 3602.00083  0.16%  12.1    3s
*37577  2312              90    3605.8237278 3602.11798  0.10%  12.2    3s
H38729  1975                    3603.6095063 3602.11798  0.04%  12.4    4s
*40597  2529              93    3603.5532380 3602.11798  0.04%  12.9    4s
*42388  2910             117    3603.4142054 3602.11798  0.04%  13.3    4s
*44363  2897             110    3602.7938950 3602.11798  0.02%  13.3    4s
*45727  2985             109    3602.6599795 3602.11798  0.02%  13.4    4s
H47308  3065                    3602.6213481 3602.11798  0.01%  13.5    4s
 47508  3192 3602.11798   78    3 3602.62135 3602.11798  0.01%  13.6    5s
H60704  4916                    3602.5676960 3602.11798  0.01%  16.1    7s
H60872  4861                    3602.5489636 3602.11798  0.01%  16.1    7s
*64155  5068             111    3602.2796397 3602.11798  0.00%  16.5    7s

Cutting planes:
  Gomory: 1
  Implied bound: 6
  MIR: 4
  Flow cover: 8
  Relax-and-lift: 1

Explored 64594 nodes (1069711 simplex iterations) in 7.90 seconds (11.76 work units)
Thread count was 8 (of 8 available processors)

Solution count 10: 3602.28 3602.28 3602.55 ... 3603.61

Optimal solution found (tolerance 1.00e-04)
Best objective 3.602279639731e+03, best bound 3.602117979915e+03, gap 0.0045%

User-callback calls 134050, time in user-callback 0.02 sec

Gurobi 12.0.3 (mac64[arm]) logging started Tue Sep 23 19:05:32 2025

Set parameter LogFile to value "Logs/PowerFlow Logs/L20/phase1/scenario_generation.log"
Set parameter LogToConsole to value 0

Gurobi 12.0.3 (mac64[arm]) logging started Tue Sep 23 19:05:32 2025

Set parameter LogFile to value "Logs/PowerFlow Logs/L20/phase1/scenario_generation.log"
Gurobi Optimizer version 12.0.3 build v12.0.3rc0 (mac64[arm] - Darwin 24.6.0 24G222)

CPU model: Apple M3
Thread count: 8 physical cores, 8 logical processors, using up to 8 threads

Non-default parameters:
TimeLimit  60
LogToConsole  0

Optimize a model with 980 rows, 726 columns and 3212 nonzeros
Model fingerprint: 0x8707c44d
Variable types: 540 continuous, 186 integer (186 binary)
Coefficient statistics:
  Matrix range     [1e+00, 3e+03]
  Objective range  [6e-02, 1e+04]
  Bounds range     [0e+00, 0e+00]
  RHS range        [6e-02, 3e+03]
Found heuristic solution: objective 439992.54934
Found heuristic solution: objective 439992.54788
Presolve removed 181 rows and 40 columns
Presolve time: 0.01s
Presolved: 799 rows, 686 columns, 2644 nonzeros
Found heuristic solution: objective 419735.20631
Variable types: 513 continuous, 173 integer (173 binary)

Root relaxation: objective 2.248346e+03, 1033 iterations, 0.01 seconds (0.01 work units)

    Nodes    |    Current Node    |     Objective Bounds      |     Work
 Expl Unexpl |  Obj  Depth IntInf | Incumbent    BestBd   Gap | It/Node Time

     0     0 2248.34646    0   27 419735.206 2248.34646  99.5%     -    0s
H    0     0                    93155.179745 2248.34646  97.6%     -    0s
     0     0 2248.34646    0   18 93155.1797 2248.34646  97.6%     -    0s
H    0     0                    35267.598934 2248.34646  93.6%     -    0s
     0     0 2248.34646    0   21 35267.5989 2248.34646  93.6%     -    0s
     0     0 2248.34646    0   17 35267.5989 2248.34646  93.6%     -    0s
H    0     0                    9241.8564164 2248.34646  75.7%     -    0s
     0     0 2248.34646    0   16 9241.85642 2248.34646  75.7%     -    0s
     0     0 2248.34646    0   13 9241.85642 2248.34646  75.7%     -    0s
     0     0 2248.34646    0   13 9241.85642 2248.34646  75.7%     -    0s
     0     0 2248.34646    0   13 9241.85642 2248.34646  75.7%     -    0s
     0     0 2248.34646    0   13 9241.85642 2248.34646  75.7%     -    0s
     0     2 2248.34646    0   13 9241.85642 2248.34646  75.7%     -    0s
H   42    64                    7735.6857850 2248.34646  70.9%  20.7    0s
H  252   288                    5443.6288217 2248.34646  58.7%  16.5    0s
H  381   419                    5401.7363560 2248.34646  58.4%  18.8    0s
H  396   419                    3999.0805326 2248.34646  43.8%  19.2    0s
H  738   770                    3973.0935600 2248.34646  43.4%  20.7    0s
H 1289  1127                    3725.0352492 2248.34646  39.6%  17.0    0s
H 1410  1168                    3553.0722573 2248.34646  36.7%  16.6    0s
H 1744  1118                    3396.0220467 2248.34646  33.8%  15.3    0s
H 1744  1074                    3330.0822679 2248.34646  32.5%  15.3    0s
H 1758  1021                    3330.0822671 2248.34646  32.5%  15.1    0s
H 1761   971                    3330.0822663 2248.34646  32.5%  15.1    0s
H 1898   965                    3330.0822646 2270.34916  31.8%  16.7    0s
H 1973   947                    3330.0822631 2270.34916  31.8%  16.5    0s
H 1987   898                    3330.0822626 2270.34916  31.8%  16.5    0s
H 2247   956                    3270.0797418 2270.34916  30.6%  15.9    0s
H 2384   999                    3252.8476613 2270.34916  30.2%  15.6    0s
H 2448   940                    3213.1996583 2270.34916  29.3%  15.3    0s
H 2499   936                    3213.1996573 2270.34916  29.3%  15.2    0s
H 2539   887                    3213.1996537 2270.59844  29.3%  15.2    0s
H 2917   881                    3107.7337787 2360.61093  24.0%  15.0    0s
H 3149   946                    3004.7489950 2360.61093  21.4%  14.8    0s
H 3176   702                    2889.8511615 2360.61093  18.3%  14.7    0s
H 4317   665                    2880.7794731 2477.74119  14.0%  14.2    1s
H 4638   850                    2880.7794726 2477.74119  14.0%  14.1    1s
H 4765   593                    2771.6806669 2477.74119  10.6%  14.1    1s
* 7135  1202              86    2768.7955468 2560.33851  7.53%  14.5    1s
* 7877  1252             126    2755.6063039 2722.63650  1.20%  15.4    1s
* 8368  1530             114    2754.4122046 2722.63650  1.15%  15.7    1s
H 8823  1602                    2754.4122042 2722.63650  1.15%  16.1    1s
H 9611  1133                    2730.1245818 2722.63650  0.27%  16.8    1s
H 9614  1104                    2726.2666729 2722.63650  0.13%  16.8    1s
H 9616  1238                    2726.2666720 2722.63650  0.13%  16.8    1s
*10368  1377              86    2724.5225216 2722.63650  0.07%  17.4    2s
*10983  1630             122    2724.0042041 2722.63650  0.05%  17.9    2s
*10986  1630             120    2723.8802142 2722.63650  0.05%  17.9    2s
*11557  2046             110    2723.5625275 2722.63650  0.03%  18.4    2s
*11714  2032             110    2723.0294254 2722.63650  0.01%  18.5    2s
H12854  2567                    2722.6740056 2722.63650  0.00%  19.5    2s

Cutting planes:
  Gomory: 11
  Implied bound: 3
  Flow cover: 5
  Inf proof: 6

Explored 12874 nodes (253341 simplex iterations) in 2.46 seconds (3.48 work units)
Thread count was 8 (of 8 available processors)

Solution count 10: 2722.67 2723.03 2723.56 ... 2754.41

Optimal solution found (tolerance 1.00e-04)
Best objective 2.722674005606e+03, best bound 2.722636497541e+03, gap 0.0014%

User-callback calls 27703, time in user-callback 0.00 sec

Gurobi 12.0.3 (mac64[arm]) logging started Tue Sep 23 19:05:35 2025

Set parameter LogFile to value "Logs/PowerFlow Logs/L20/phase1/scenario_generation.log"
Set parameter LogToConsole to value 0

Gurobi 12.0.3 (mac64[arm]) logging started Tue Sep 23 19:05:35 2025

Set parameter LogFile to value "Logs/PowerFlow Logs/L20/phase1/scenario_generation.log"
Gurobi Optimizer version 12.0.3 build v12.0.3rc0 (mac64[arm] - Darwin 24.6.0 24G222)

CPU model: Apple M3
Thread count: 8 physical cores, 8 logical processors, using up to 8 threads

Non-default parameters:
TimeLimit  60
LogToConsole  0

Optimize a model with 980 rows, 726 columns and 3212 nonzeros
Model fingerprint: 0x2cb528af
Variable types: 540 continuous, 186 integer (186 binary)
Coefficient statistics:
  Matrix range     [1e+00, 3e+03]
  Objective range  [6e-02, 1e+04]
  Bounds range     [0e+00, 0e+00]
  RHS range        [6e-02, 3e+03]
Found heuristic solution: objective 439133.16386
Found heuristic solution: objective 439133.16244
Presolve removed 181 rows and 40 columns
Presolve time: 0.01s
Presolved: 799 rows, 686 columns, 2644 nonzeros
Found heuristic solution: objective 419388.99439
Variable types: 513 continuous, 173 integer (173 binary)

Root relaxation: objective 2.294889e+03, 1071 iterations, 0.01 seconds (0.01 work units)

    Nodes    |    Current Node    |     Objective Bounds      |     Work
 Expl Unexpl |  Obj  Depth IntInf | Incumbent    BestBd   Gap | It/Node Time

     0     0 2294.88889    0   21 419388.994 2294.88889  99.5%     -    0s
H    0     0                    71837.310492 2294.88889  96.8%     -    0s
H    0     0                    44630.802759 2294.88889  94.9%     -    0s
     0     0 2294.88889    0   23 44630.8028 2294.88889  94.9%     -    0s
     0     0 2294.88889    0   22 44630.8028 2294.88889  94.9%     -    0s
H    0     0                    37619.986081 2294.88889  93.9%     -    0s
H    0     0                    37611.271618 2294.88889  93.9%     -    0s
H    0     0                    17539.921621 2294.88889  86.9%     -    0s
     0     0 2294.88889    0   13 17539.9216 2294.88889  86.9%     -    0s
     0     0 2300.47242    0   15 17539.9216 2300.47242  86.9%     -    0s
H    0     0                    13742.341274 2306.59488  83.2%     -    0s
H    0     0                    11318.963649 2306.59488  79.6%     -    0s
     0     0 2307.16638    0   14 11318.9636 2307.16638  79.6%     -    0s
     0     0 2307.16638    0   14 11318.9636 2307.16638  79.6%     -    0s
     0     0 2307.16638    0   11 11318.9636 2307.16638  79.6%     -    0s
     0     2 2307.16638    0   11 11318.9636 2307.16638  79.6%     -    0s
H  143   152                    10597.904816 2337.27059  77.9%  13.0    0s
H  294   333                    10575.803539 2337.27059  77.9%  12.9    0s
H  310   333                    6971.8215751 2337.27059  66.5%  13.6    0s
H  434   474                    6218.3671230 2337.27059  62.4%  16.0    0s
H  597   580                    4887.4482709 2337.27059  52.2%  17.0    0s
H 1227   999                    3921.9889035 2337.27059  40.4%  16.6    0s
H 1680  1338                    3855.4904607 2337.27059  39.4%  15.3    0s
H 1680  1165                    3735.8124392 2337.27059  37.4%  15.3    0s
H 1680   910                    3623.3476432 2337.27059  35.5%  15.3    0s
H 2194  1131                    3623.3476412 2417.72954  33.3%  15.6    0s
H 2206  1084                    3623.3476397 2417.72954  33.3%  15.6    0s
H 2712   958                    3381.2423576 2417.72954  28.5%  15.4    0s
H 2863   829                    3380.9715959 2466.08835  27.1%  15.1    0s
H 3114   716                    3292.3605686 2608.06928  20.8%  15.0    0s
H 3192   731                    3292.3605673 2608.06928  20.8%  14.9    0s
H 3710   986                    3292.3605670 2711.90041  17.6%  14.7    0s
* 4598  1523             139    3288.7368560 2721.43324  17.2%  14.4    0s
H 4678  1612                    3288.7368557 2721.43324  17.2%  14.4    0s
* 5415  1815             133    3248.4336297 2948.32397  9.24%  14.1    0s
H 5539  1603                    3210.2107797 2948.32397  8.16%  14.0    0s
H 5541  1246                    3105.5461153 2948.32397  5.06%  14.0    0s
H 6892  1852                    3096.9842475 2948.32397  4.80%  14.2    1s
H 9338  2439                    3054.4653343 2948.32397  3.47%  14.7    1s
H10437  2395                    3024.7377116 2948.32397  2.53%  15.2    1s
H11229  2691                    3024.1636736 2948.32397  2.51%  15.7    1s
H16013  3811                    3018.5407374 2948.32397  2.33%  17.1    2s
H16023  3590                    3005.4660780 2948.32397  1.90%  17.1    2s
H22471  4501                    3005.4660777 2948.32397  1.90%  18.8    3s
H26882  4951                    2989.9537863 2948.32397  1.39%  18.3    3s
H26936  4478                    2985.4975502 2948.32397  1.25%  18.3    3s
H28224  4190                    2975.5738854 2948.32397  0.92%  18.0    3s
 31152  4284 2948.32397   68    7 2975.57389 2948.32397  0.92%  17.8    5s
H39244  4918                    2974.1551261 2948.32397  0.87%  19.1    6s
H47886  5513                    2974.1551254 2948.32397  0.87%  19.8    7s
H51637  5650                    2973.9994842 2948.32397  0.86%  20.1    7s
H51776  5588                    2972.0507706 2948.32397  0.80%  20.1    7s
H65102  6131                    2971.9142284 2948.32397  0.79%  20.9    9s
H65122  6107                    2971.0599723 2948.32397  0.77%  20.9    9s
H65132  6090                    2970.4713268 2948.32397  0.75%  20.9    9s
 65979  6136     cutoff   65      2970.47133 2948.32397  0.75%  21.0   10s
H103069  7697                    2970.1470785 2948.32397  0.73%  21.7   14s
H103120  7628                    2969.4239885 2948.32397  0.71%  21.7   14s
 104258  7660 2963.75063   61   17 2969.42399 2948.32397  0.71%  21.7   15s
H104275  7886                    2969.2783990 2948.32397  0.71%  21.7   16s
H112451  7888                    2968.5989934 2948.32397  0.68%  21.7   16s
 135346  9353     cutoff   60      2968.59899 2948.32397  0.68%  22.8   20s
 169392 10761 2948.32397   56    9 2968.59899 2948.32397  0.68%  23.8   25s
 202084 11675 2948.32397   62   10 2968.59899 2948.32397  0.68%  24.3   30s
H229882 11417                    2964.0405112 2948.32397  0.53%  24.3   33s
H231369 11319                    2962.5807973 2948.32397  0.48%  24.3   34s
H231398  9906                    2955.1219063 2948.32397  0.23%  24.3   34s
H232645  9151                    2950.7006319 2948.32397  0.08%  24.3   34s
H233925  8991                    2949.0667630 2948.32397  0.03%  24.3   34s
H233964  8948                    2948.7569375 2948.32397  0.01%  24.3   34s
H234125  8945                    2948.6820250 2948.32397  0.01%  24.3   34s
H234327  8920                    2948.5289844 2948.32397  0.01%  24.3   34s

Cutting planes:
  Implied bound: 1
  MIR: 6
  Flow cover: 2

Explored 234380 nodes (5696481 simplex iterations) in 34.70 seconds (54.68 work units)
Thread count was 8 (of 8 available processors)

Solution count 10: 2948.53 2948.53 2948.68 ... 2968.6

Optimal solution found (tolerance 1.00e-04)
Best objective 2.948528984391e+03, best bound 2.948323966754e+03, gap 0.0070%

User-callback calls 486091, time in user-callback 0.05 sec

Gurobi 12.0.3 (mac64[arm]) logging started Tue Sep 23 19:06:09 2025

Set parameter LogFile to value "Logs/PowerFlow Logs/L20/phase1/scenario_generation.log"
Set parameter LogToConsole to value 0

Gurobi 12.0.3 (mac64[arm]) logging started Tue Sep 23 19:06:09 2025

Set parameter LogFile to value "Logs/PowerFlow Logs/L20/phase1/scenario_generation.log"
Gurobi Optimizer version 12.0.3 build v12.0.3rc0 (mac64[arm] - Darwin 24.6.0 24G222)

CPU model: Apple M3
Thread count: 8 physical cores, 8 logical processors, using up to 8 threads

Non-default parameters:
TimeLimit  60
LogToConsole  0

Optimize a model with 980 rows, 726 columns and 3212 nonzeros
Model fingerprint: 0xdbc9c222
Variable types: 540 continuous, 186 integer (186 binary)
Coefficient statistics:
  Matrix range     [1e+00, 3e+03]
  Objective range  [6e-02, 1e+04]
  Bounds range     [0e+00, 0e+00]
  RHS range        [3e-03, 3e+03]
Found heuristic solution: objective 439455.07523
Found heuristic solution: objective 439455.07355
Presolve removed 181 rows and 40 columns
Presolve time: 0.01s
Presolved: 799 rows, 686 columns, 2644 nonzeros
Found heuristic solution: objective 419667.93974
Variable types: 513 continuous, 173 integer (173 binary)

Root relaxation: objective 2.382579e+03, 1039 iterations, 0.01 seconds (0.01 work units)

    Nodes    |    Current Node    |     Objective Bounds      |     Work
 Expl Unexpl |  Obj  Depth IntInf | Incumbent    BestBd   Gap | It/Node Time

     0     0 2382.57890    0   20 419667.940 2382.57890  99.4%     -    0s
H    0     0                    61922.654235 2382.57890  96.2%     -    0s
     0     0 2382.57890    0   17 61922.6542 2382.57890  96.2%     -    0s
H    0     0                    9518.7536928 2382.57890  75.0%     -    0s
H    0     0                    6201.0949598 2382.57890  61.6%     -    0s
     0     0 2382.57890    0   17 6201.09496 2382.57890  61.6%     -    0s
     0     0 2383.44984    0   15 6201.09496 2383.44984  61.6%     -    0s
H    0     0                    5578.6370264 2383.80023  57.3%     -    0s
     0     0 2431.49609    0   17 5578.63703 2431.49609  56.4%     -    0s
     0     0 2431.49609    0   19 5578.63703 2431.49609  56.4%     -    0s
     0     0 2431.49609    0   19 5578.63703 2431.49609  56.4%     -    0s
     0     0 2431.49609    0   19 5578.63703 2431.49609  56.4%     -    0s
     0     0 2431.49609    0   17 5578.63703 2431.49609  56.4%     -    0s
H    0     0                    5578.6370257 2431.49609  56.4%     -    0s
     0     0 2432.02666    0   16 5578.63703 2432.02666  56.4%     -    0s
     0     0 2432.02666    0   16 5578.63703 2432.02666  56.4%     -    0s
     0     0 2432.02722    0   22 5578.63703 2432.02722  56.4%     -    0s
     0     0 2432.02735    0   20 5578.63703 2432.02735  56.4%     -    0s
     0     0 2432.02735    0   20 5578.63703 2432.02735  56.4%     -    0s
     0     0 2432.02735    0   16 5578.63703 2432.02735  56.4%     -    0s
     0     2 2432.02735    0   16 5578.63703 2432.02735  56.4%     -    0s
H  148   141                    5578.6370241 2556.11777  54.2%  16.8    0s
H  669   575                    5578.6370236 2560.98075  54.1%  19.8    0s
H 1298  1173                    5578.6370207 2561.33806  54.1%  17.7    0s
H 1396  1173                    5578.6370068 2561.33806  54.1%  17.1    0s
H 1565  1165                    5183.6602191 2593.53012  50.0%  16.6    0s
* 1572  1144             155    5090.8153061 2597.29802  49.0%  16.6    0s
* 1573  1064             155    4887.4665596 2597.29802  46.9%  16.6    0s
H 1900  1149                    4738.8886206 2789.03409  41.1%  15.5    0s
H 2014  1144                    4738.8886181 2789.03409  41.1%  16.3    0s
H 2174  1164                    4738.8886171 2789.03409  41.1%  16.0    0s
H 2773  1231                    4439.3055586 2789.03409  37.2%  15.3    0s
H 3135  1233                    4434.8437391 2789.03409  37.1%  14.9    0s
H 3473  1265                    4267.4100074 2789.03409  34.6%  14.5    0s
H 4176  1279                    3977.2654677 2789.03409  29.9%  14.3    0s
H 4178  1128                    3890.2426845 2789.03409  28.3%  14.3    0s
H 4199  1171                    3888.2147741 2789.03409  28.3%  14.3    0s
* 4415  1091              83    3783.8002371 2789.03409  26.3%  14.1    0s
* 5279  1220              84    3767.9527775 2909.34466  22.8%  13.7    0s
* 5291  1139              85    3763.3576380 2909.34466  22.7%  13.6    0s
* 5477  1164              84    3761.4709370 2909.34466  22.7%  13.5    0s
H 5914  1287                    3761.4709365 3173.16819  15.6%  13.5    0s
H 7137  1676                    3747.5263103 3246.37952  13.4%  13.2    1s
H 7139  1252                    3677.7791193 3246.37952  11.7%  13.2    1s
H 7411  1378                    3677.7791187 3246.37952  11.7%  13.2    1s
* 8180  1757             112    3676.5916199 3246.37952  11.7%  13.2    1s
H 8907  2070                    3676.5916190 3246.37952  11.7%  13.3    1s
H 9180  1525                    3620.8930632 3246.37952  10.3%  13.3    1s
H10390  1514                    3570.5625366 3246.37952  9.08%  13.3    1s
H10397  1186                    3480.0794443 3246.37952  6.72%  13.3    1s
H11019  1275                    3480.0794439 3246.37952  6.72%  13.4    1s
H16398  1921                    3479.5029185 3331.75187  4.25%  15.0    2s
H17388  1889                    3477.4845997 3331.75187  4.19%  15.5    2s
H17830  1807                    3477.4845991 3331.75187  4.19%  15.7    2s
H22222  2948                    3474.3957831 3450.87843  0.68%  15.5    2s
H26745  4422                    3474.1012075 3450.87843  0.67%  15.7    3s
*27348  4959             101    3473.5165849 3450.87843  0.65%  15.7    3s
*28337  4204              97    3467.9095969 3450.87843  0.49%  15.8    3s
H34124  6244                    3467.9095954 3450.87843  0.49%  16.0    4s
*36004  5130              86    3464.7862249 3450.87843  0.40%  16.0    4s
H37775  5530                    3464.7862228 3450.87843  0.40%  16.0    4s
H37789  5204                    3461.4726438 3450.87843  0.31%  16.0    4s
*38522  5182              87    3460.8585647 3450.87843  0.29%  16.1    4s
*38526  5177              88    3460.6029018 3450.87843  0.28%  16.1    4s
*39114  5260              99    3459.3583324 3450.87843  0.25%  16.0    4s
*40476  5436             109    3459.2215090 3450.87843  0.24%  16.0    4s
 44014  6636 3458.84777   75    8 3459.22151 3450.87843  0.24%  16.0    5s
*48028  7091              94    3457.9369580 3450.87843  0.20%  16.1    6s
*50044  7546             100    3456.8743679 3450.87843  0.17%  16.3    6s
*50059  7476             102    3456.4782253 3450.87843  0.16%  16.3    6s
H51202  5876                    3454.5783290 3450.87843  0.11%  16.4    6s
H51232  5862                    3454.2153554 3450.87843  0.10%  16.4    6s
 76070  9149 3450.87843   54    4 3454.21536 3450.87843  0.10%  18.5   10s
*77122  9286              97    3454.1220162 3450.87843  0.09%  18.6   10s
H78736  9352                    3454.0925871 3450.87843  0.09%  18.6   10s
*93607 11193             100    3454.0906203 3450.87843  0.09%  19.0   12s
*93616 11177             101    3454.0593791 3450.87843  0.09%  19.0   12s
*93617 11111             101    3453.9700772 3450.87843  0.09%  19.0   12s
 112037 14139 3450.87843   76    9 3453.97008 3450.87843  0.09%  19.7   15s
*127293 16207              96    3453.9670917 3450.87843  0.09%  20.9   17s
 145254 17715     cutoff   78      3453.96709 3450.87843  0.09%  21.8   20s
 181754 22537 3453.94339   71    8 3453.96709 3450.87843  0.09%  22.5   25s
H187321 23500                    3453.9662533 3450.87843  0.09%  22.5   25s
 215854 27531 3453.94339   75    5 3453.96625 3450.87843  0.09%  22.8   30s
 244043 30906 3453.94339   89    5 3453.96625 3450.87843  0.09%  23.2   35s
 278806 34016 infeasible   94      3453.96625 3450.87843  0.09%  23.6   40s
 311246 36378 3450.87843   78    8 3453.96625 3450.87843  0.09%  23.9   45s
H332415 36868                    3453.9661157 3450.87843  0.09%  24.1   48s
 340228 36469 infeasible   77      3453.96612 3450.87843  0.09%  24.3   50s

Cutting planes:
  Gomory: 3
  Implied bound: 5
  MIR: 5
  Flow cover: 4
  Relax-and-lift: 2

Explored 353960 nodes (8511166 simplex iterations) in 51.76 seconds (82.29 work units)
Thread count was 8 (of 8 available processors)

Solution count 10: 3453.97 3453.97 3453.97 ... 3454.22

Optimal solution found (tolerance 1.00e-04)
Best objective 3.453966115700e+03, best bound 3.453943385967e+03, gap 0.0007%

User-callback calls 736661, time in user-callback 0.09 sec

============================================================
SUMMARY STATISTICS - Phase 1 - Scenario Generation
============================================================
Parameters:
  nscen: 20
  capacity_factor: 1.2

Results:
  scenarios_generated: 20
  execution_time: See timing files for details
============================================================
