
Gurobi 12.0.3 (mac64[arm]) logging started Thu Oct 16 16:45:51 2025

Set parameter LogFile to value "Logs/Facility Location Logs/bernoulli_false/L50/phase1/scenario_generation.log"
Set parameter LogToConsole to value 0

Gurobi 12.0.3 (mac64[arm]) logging started Thu Oct 16 16:45:51 2025

Set parameter LogFile to value "Logs/Facility Location Logs/bernoulli_false/L50/phase1/scenario_generation.log"
Gurobi Optimizer version 12.0.3 build v12.0.3rc0 (mac64[arm] - Darwin 24.6.0 24G84)

CPU model: Apple M4
Thread count: 10 physical cores, 10 logical processors, using up to 10 threads

Non-default parameters:
LogToConsole  0

Optimize a model with 75 rows, 1325 columns and 2575 nonzeros
Model fingerprint: 0x5dd90edf
Variable types: 1300 continuous, 25 integer (25 binary)
Coefficient statistics:
  Matrix range     [1e+00, 2e+04]
  Objective range  [8e-03, 8e+03]
  Bounds range     [0e+00, 0e+00]
  RHS range        [3e+02, 2e+04]
Found heuristic solution: objective 3814350.0000
Presolve removed 0 rows and 1 columns
Presolve time: 0.00s
Presolved: 75 rows, 1324 columns, 2574 nonzeros
Variable types: 1300 continuous, 24 integer (24 binary)

Root relaxation: objective 9.174269e+04, 165 iterations, 0.00 seconds (0.00 work units)

    Nodes    |    Current Node    |     Objective Bounds      |     Work
 Expl Unexpl |  Obj  Depth IntInf | Incumbent    BestBd   Gap | It/Node Time

     0     0 91742.6934    0   20 3814350.00 91742.6934  97.6%     -    0s
H    0     0                    218599.19343 91742.6934  58.0%     -    0s
H    0     0                    187084.15481 91742.6934  51.0%     -    0s
H    0     0                    179898.99217 91742.6934  49.0%     -    0s
H    0     0                    170600.37733 92358.3290  45.9%     -    0s
     0     0 96195.7713    0    8 170600.377 96195.7713  43.6%     -    0s
H    0     0                    140552.27131 96264.7451  31.5%     -    0s
H    0     0                    137454.39283 96264.7451  30.0%     -    0s
H    0     0                    122832.51474 96264.7451  21.6%     -    0s
     0     0 96264.7451    0    8 122832.515 96264.7451  21.6%     -    0s
H    0     0                    120776.17822 96264.7451  20.3%     -    0s
H    0     0                    118156.81556 96400.2350  18.4%     -    0s
     0     0 96400.2350    0    4 118156.816 96400.2350  18.4%     -    0s
H    0     0                    104010.72736 96427.0613  7.29%     -    0s
H    0     0                    103910.06054 96427.0613  7.20%     -    0s
H    0     0                    103338.86231 96427.0613  6.69%     -    0s
     0     0 96484.4834    0    2 103338.862 96484.4834  6.63%     -    0s
H    0     0                    103197.84327 96484.4834  6.51%     -    0s
     0     0 96492.4734    0    1 103197.843 96492.4734  6.50%     -    0s
H    0     0                    102333.18900 96492.4734  5.71%     -    0s
     0     0 96508.9849    0    2 102333.189 96508.9849  5.69%     -    0s
     0     0 96605.7023    0    1 102333.189 96605.7023  5.60%     -    0s
     0     0 96758.3173    0    1 102333.189 96758.3173  5.45%     -    0s
     0     0 96795.1873    0    1 102333.189 96795.1873  5.41%     -    0s
H    0     0                    102310.70249 96795.1873  5.39%     -    0s
H    0     2                    102269.90929 96795.1873  5.35%     -    0s
     0     2 96795.1873    0    1 102269.909 96795.1873  5.35%     -    0s
*   17    17               4    102219.10573 96795.1873  5.31%  38.9    0s
*   61    41               6    102114.33536 96795.1873  5.21%  23.9    0s

Cutting planes:
  Implied bound: 125
  MIR: 4
  Inf proof: 1
  Relax-and-lift: 4

Explored 646 nodes (15355 simplex iterations) in 0.15 seconds (0.18 work units)
Thread count was 10 (of 10 available processors)

Solution count 10: 102114 102219 103198 ... 137454

Optimal solution found (tolerance 1.00e-04)
Best objective 1.021143353565e+05, best bound 1.021143353565e+05, gap 0.0000%

User-callback calls 1609, time in user-callback 0.00 sec

Gurobi 12.0.3 (mac64[arm]) logging started Thu Oct 16 16:45:51 2025

Set parameter LogFile to value "Logs/Facility Location Logs/bernoulli_false/L50/phase1/scenario_generation.log"
Set parameter LogToConsole to value 0

Gurobi 12.0.3 (mac64[arm]) logging started Thu Oct 16 16:45:51 2025

Set parameter LogFile to value "Logs/Facility Location Logs/bernoulli_false/L50/phase1/scenario_generation.log"
Gurobi Optimizer version 12.0.3 build v12.0.3rc0 (mac64[arm] - Darwin 24.6.0 24G84)

CPU model: Apple M4
Thread count: 10 physical cores, 10 logical processors, using up to 10 threads

Non-default parameters:
LogToConsole  0

Optimize a model with 75 rows, 1325 columns and 2575 nonzeros
Model fingerprint: 0xa00b0596
Variable types: 1300 continuous, 25 integer (25 binary)
Coefficient statistics:
  Matrix range     [1e+00, 2e+04]
  Objective range  [8e-03, 8e+03]
  Bounds range     [0e+00, 0e+00]
  RHS range        [1e+03, 3e+04]
Found heuristic solution: objective 6709850.0000
Presolve removed 0 rows and 1 columns
Presolve time: 0.00s
Presolved: 75 rows, 1324 columns, 2574 nonzeros
Variable types: 1300 continuous, 24 integer (24 binary)

Root relaxation: objective 1.432347e+05, 145 iterations, 0.00 seconds (0.00 work units)

    Nodes    |    Current Node    |     Objective Bounds      |     Work
 Expl Unexpl |  Obj  Depth IntInf | Incumbent    BestBd   Gap | It/Node Time

     0     0 143234.660    0   22 6709850.00 143234.660  97.9%     -    0s
H    0     0                    263636.15997 143234.660  45.7%     -    0s
H    0     0                    235411.24024 143234.660  39.2%     -    0s
H    0     0                    227878.70739 143234.660  37.1%     -    0s
H    0     0                    213117.03402 143234.660  32.8%     -    0s
H    0     0                    183195.17548 143234.660  21.8%     -    0s
H    0     0                    150243.14804 148048.478  1.46%     -    0s
H    0     0                    150236.84815 148048.478  1.46%     -    0s
     0     0 148048.478    0   13 150236.848 148048.478  1.46%     -    0s
     0     0 148078.667    0   13 150236.848 148078.667  1.44%     -    0s
     0     0 148581.802    0    9 150236.848 148581.802  1.10%     -    0s
     0     0 148621.798    0   10 150236.848 148621.798  1.08%     -    0s
     0     0 148627.533    0   10 150236.848 148627.533  1.07%     -    0s
H    0     0                    150075.53309 148627.533  0.96%     -    0s
H    0     0                    149842.38486 148822.832  0.68%     -    0s
     0     0 148822.832    0   14 149842.385 148822.832  0.68%     -    0s
     0     0 148863.222    0    9 149842.385 148863.222  0.65%     -    0s
     0     0 148966.495    0    4 149842.385 148966.495  0.58%     -    0s
H    0     0                    149564.86601 148966.495  0.40%     -    0s
     0     0 148966.902    0    3 149564.866 148966.902  0.40%     -    0s
     0     0 148988.613    0    4 149564.866 148988.613  0.39%     -    0s
     0     0 148988.631    0    4 149564.866 148988.631  0.39%     -    0s
     0     2 148988.631    0    4 149564.866 148988.631  0.39%     -    0s
*   31    42               6    149408.87496 149108.237  0.20%  23.9    0s

Cutting planes:
  Implied bound: 83
  MIR: 9
  Flow cover: 4
  Relax-and-lift: 13

Explored 261 nodes (5181 simplex iterations) in 0.08 seconds (0.10 work units)
Thread count was 10 (of 10 available processors)

Solution count 10: 149409 149565 149842 ... 6.70985e+06

Optimal solution found (tolerance 1.00e-04)
Best objective 1.494088749623e+05, best bound 1.494088749623e+05, gap 0.0000%

User-callback calls 808, time in user-callback 0.00 sec

Gurobi 12.0.3 (mac64[arm]) logging started Thu Oct 16 16:45:51 2025

Set parameter LogFile to value "Logs/Facility Location Logs/bernoulli_false/L50/phase1/scenario_generation.log"
Set parameter LogToConsole to value 0

Gurobi 12.0.3 (mac64[arm]) logging started Thu Oct 16 16:45:51 2025

Set parameter LogFile to value "Logs/Facility Location Logs/bernoulli_false/L50/phase1/scenario_generation.log"
Gurobi Optimizer version 12.0.3 build v12.0.3rc0 (mac64[arm] - Darwin 24.6.0 24G84)

CPU model: Apple M4
Thread count: 10 physical cores, 10 logical processors, using up to 10 threads

Non-default parameters:
LogToConsole  0

Optimize a model with 75 rows, 1325 columns and 2575 nonzeros
Model fingerprint: 0xaaf59d37
Variable types: 1300 continuous, 25 integer (25 binary)
Coefficient statistics:
  Matrix range     [1e+00, 2e+04]
  Objective range  [8e-03, 8e+03]
  Bounds range     [0e+00, 0e+00]
  RHS range        [8e+02, 8e+03]
Found heuristic solution: objective 4564350.0000
Presolve removed 0 rows and 1 columns
Presolve time: 0.00s
Presolved: 75 rows, 1324 columns, 2574 nonzeros
Variable types: 1300 continuous, 24 integer (24 binary)

Root relaxation: objective 6.556076e+04, 114 iterations, 0.00 seconds (0.00 work units)

    Nodes    |    Current Node    |     Objective Bounds      |     Work
 Expl Unexpl |  Obj  Depth IntInf | Incumbent    BestBd   Gap | It/Node Time

     0     0 65560.7594    0   24 4564350.00 65560.7594  98.6%     -    0s
H    0     0                    207417.25939 65560.7594  68.4%     -    0s
H    0     0                    185247.78609 65560.7594  64.6%     -    0s
H    0     0                    164983.92015 65560.7594  60.3%     -    0s
H    0     0                    157923.61176 66860.6213  57.7%     -    0s
H    0     0                    151618.28135 66860.6213  55.9%     -    0s
H    0     0                    146588.83438 66860.6213  54.4%     -    0s
H    0     0                    128569.68963 70475.1757  45.2%     -    0s
H    0     0                    93190.574937 70475.1757  24.4%     -    0s
H    0     0                    78876.688077 70475.1757  10.7%     -    0s
     0     0 70475.1757    0   15 78876.6881 70475.1757  10.7%     -    0s
H    0     0                    77782.338594 70568.5589  9.27%     -    0s
     0     0 70568.5589    0   14 77782.3386 70568.5589  9.27%     -    0s
     0     0 70568.5589    0   15 77782.3386 70568.5589  9.27%     -    0s
     0     0 70980.9765    0    6 77782.3386 70980.9765  8.74%     -    0s
     0     0 70998.6899    0    6 77782.3386 70998.6899  8.72%     -    0s
H    0     0                    77482.486151 70998.6899  8.37%     -    0s
     0     0 71154.3728    0    7 77482.4862 71154.3728  8.17%     -    0s
     0     0 71296.5290    0    6 77482.4862 71296.5290  7.98%     -    0s
H    0     0                    77448.430232 71296.5290  7.94%     -    0s
     0     0 71311.4119    0    6 77448.4302 71311.4119  7.92%     -    0s
     0     0 71311.8633    0    6 77448.4302 71311.8633  7.92%     -    0s
     0     0 71373.1744    0    3 77448.4302 71373.1744  7.84%     -    0s
     0     0 71375.1241    0    4 77448.4302 71375.1241  7.84%     -    0s
     0     0 71376.7242    0    3 77448.4302 71376.7242  7.84%     -    0s
     0     0 71376.7242    0    3 77448.4302 71376.7242  7.84%     -    0s
H    0     0                    77164.515675 71376.7242  7.50%     -    0s
     0     2 71376.7404    0    3 77164.5157 71376.7404  7.50%     -    0s

Cutting planes:
  Implied bound: 190
  MIR: 6
  Flow cover: 4
  Inf proof: 12
  Relax-and-lift: 5

Explored 6750 nodes (169925 simplex iterations) in 0.62 seconds (1.02 work units)
Thread count was 10 (of 10 available processors)

Solution count 10: 77164.5 77448.4 77782.3 ... 164984

Optimal solution found (tolerance 1.00e-04)
Best objective 7.716451567481e+04, best bound 7.716451567481e+04, gap 0.0000%

User-callback calls 13912, time in user-callback 0.00 sec

Gurobi 12.0.3 (mac64[arm]) logging started Thu Oct 16 16:45:52 2025

Set parameter LogFile to value "Logs/Facility Location Logs/bernoulli_false/L50/phase1/scenario_generation.log"
Set parameter LogToConsole to value 0

Gurobi 12.0.3 (mac64[arm]) logging started Thu Oct 16 16:45:52 2025

Set parameter LogFile to value "Logs/Facility Location Logs/bernoulli_false/L50/phase1/scenario_generation.log"
Gurobi Optimizer version 12.0.3 build v12.0.3rc0 (mac64[arm] - Darwin 24.6.0 24G84)

CPU model: Apple M4
Thread count: 10 physical cores, 10 logical processors, using up to 10 threads

Non-default parameters:
LogToConsole  0

Optimize a model with 75 rows, 1325 columns and 2575 nonzeros
Model fingerprint: 0xa79c9657
Variable types: 1300 continuous, 25 integer (25 binary)
Coefficient statistics:
  Matrix range     [1e+00, 2e+04]
  Objective range  [8e-03, 8e+03]
  Bounds range     [0e+00, 0e+00]
  RHS range        [1e+03, 2e+04]
Found heuristic solution: objective 6632950.0000
Presolve removed 0 rows and 1 columns
Presolve time: 0.00s
Presolved: 75 rows, 1324 columns, 2574 nonzeros
Variable types: 1300 continuous, 24 integer (24 binary)

Root relaxation: objective 1.298566e+05, 117 iterations, 0.00 seconds (0.00 work units)

    Nodes    |    Current Node    |     Objective Bounds      |     Work
 Expl Unexpl |  Obj  Depth IntInf | Incumbent    BestBd   Gap | It/Node Time

     0     0 129856.592    0   23 6632950.00 129856.592  98.0%     -    0s
H    0     0                    251027.09240 129856.592  48.3%     -    0s
H    0     0                    221747.32034 129856.592  41.4%     -    0s
H    0     0                    206619.81654 134552.742  34.9%     -    0s
H    0     0                    171191.46701 134552.742  21.4%     -    0s
H    0     0                    137827.76398 134552.742  2.38%     -    0s
H    0     0                    137800.66498 134552.742  2.36%     -    0s
     0     0 134552.742    0   13 137800.665 134552.742  2.36%     -    0s
H    0     0                    137035.20958 134592.965  1.78%     -    0s
     0     0 134592.965    0   11 137035.210 134592.965  1.78%     -    0s
H    0     0                    137033.80163 134592.965  1.78%     -    0s
     0     0 135021.928    0    9 137033.802 135021.928  1.47%     -    0s
H    0     0                    136765.01598 135097.221  1.22%     -    0s
     0     0 135097.221    0    9 136765.016 135097.221  1.22%     -    0s
H    0     0                    136585.59969 135097.221  1.09%     -    0s
     0     0 135313.779    0   13 136585.600 135313.779  0.93%     -    0s
     0     0 135366.195    0   10 136585.600 135366.195  0.89%     -    0s
     0     0 135366.195    0   10 136585.600 135366.195  0.89%     -    0s
     0     0 135469.644    0   11 136585.600 135469.644  0.82%     -    0s
H    0     0                    136538.43810 135474.479  0.78%     -    0s
     0     0 135478.421    0    9 136538.438 135478.421  0.78%     -    0s
     0     0 135478.981    0   10 136538.438 135478.981  0.78%     -    0s
     0     0 135519.836    0    9 136538.438 135519.836  0.75%     -    0s
     0     0 135522.587    0   11 136538.438 135522.587  0.74%     -    0s
     0     0 135525.969    0   10 136538.438 135525.969  0.74%     -    0s
     0     0 135525.969    0   10 136538.438 135525.969  0.74%     -    0s
     0     2 135525.978    0   10 136538.438 135525.978  0.74%     -    0s

Cutting planes:
  Implied bound: 118
  MIR: 9
  Flow cover: 9
  Relax-and-lift: 18

Explored 2014 nodes (42170 simplex iterations) in 0.37 seconds (0.41 work units)
Thread count was 10 (of 10 available processors)

Solution count 9: 136538 136586 137034 ... 6.63295e+06

Optimal solution found (tolerance 1.00e-04)
Best objective 1.365384381024e+05, best bound 1.365384381024e+05, gap 0.0000%

User-callback calls 4399, time in user-callback 0.00 sec

Gurobi 12.0.3 (mac64[arm]) logging started Thu Oct 16 16:45:52 2025

Set parameter LogFile to value "Logs/Facility Location Logs/bernoulli_false/L50/phase1/scenario_generation.log"
Set parameter LogToConsole to value 0

Gurobi 12.0.3 (mac64[arm]) logging started Thu Oct 16 16:45:52 2025

Set parameter LogFile to value "Logs/Facility Location Logs/bernoulli_false/L50/phase1/scenario_generation.log"
Gurobi Optimizer version 12.0.3 build v12.0.3rc0 (mac64[arm] - Darwin 24.6.0 24G84)

CPU model: Apple M4
Thread count: 10 physical cores, 10 logical processors, using up to 10 threads

Non-default parameters:
LogToConsole  0

Optimize a model with 75 rows, 1325 columns and 2575 nonzeros
Model fingerprint: 0xde33eed7
Variable types: 1300 continuous, 25 integer (25 binary)
Coefficient statistics:
  Matrix range     [1e+00, 2e+04]
  Objective range  [8e-03, 8e+03]
  Bounds range     [0e+00, 0e+00]
  RHS range        [1e+03, 6e+03]
Found heuristic solution: objective 5464150.0000
Presolve removed 0 rows and 1 columns
Presolve time: 0.00s
Presolved: 75 rows, 1324 columns, 2574 nonzeros
Variable types: 1300 continuous, 24 integer (24 binary)

Root relaxation: objective 8.316048e+04, 108 iterations, 0.00 seconds (0.00 work units)

    Nodes    |    Current Node    |     Objective Bounds      |     Work
 Expl Unexpl |  Obj  Depth IntInf | Incumbent    BestBd   Gap | It/Node Time

     0     0 83160.4767    0   24 5464150.00 83160.4767  98.5%     -    0s
H    0     0                    216018.97672 83160.4767  61.5%     -    0s
H    0     0                    193952.08265 83160.4767  57.1%     -    0s
H    0     0                    147348.66775 83160.4767  43.6%     -    0s
H    0     0                    135573.51410 83160.4767  38.7%     -    0s
H    0     0                    104965.86348 83160.4767  20.8%     -    0s
H    0     0                    104955.21357 83160.4767  20.8%     -    0s
     0     0 88446.0012    0   11 104955.214 88446.0012  15.7%     -    0s
H    0     0                    103555.62412 88470.1409  14.6%     -    0s
H    0     0                    101483.39275 88470.1409  12.8%     -    0s
H    0     0                    94982.610027 88470.1409  6.86%     -    0s
     0     0 88470.1409    0   11 94982.6100 88470.1409  6.86%     -    0s
     0     0 88997.9761    0    9 94982.6100 88997.9761  6.30%     -    0s
H    0     0                    94692.089159 89034.6199  5.97%     -    0s
H    0     0                    94650.654635 89034.6199  5.93%     -    0s
     0     0 89034.6199    0    9 94650.6546 89034.6199  5.93%     -    0s
     0     0 89258.2528    0   14 94650.6546 89258.2528  5.70%     -    0s
     0     0 89280.9978    0   13 94650.6546 89280.9978  5.67%     -    0s
     0     0 89280.9978    0   13 94650.6546 89280.9978  5.67%     -    0s
     0     0 89411.8125    0    8 94650.6546 89411.8125  5.53%     -    0s
     0     0 89414.6095    0    9 94650.6546 89414.6095  5.53%     -    0s
     0     0 89438.2799    0    8 94650.6546 89438.2799  5.51%     -    0s
     0     0 89438.2799    0    8 94650.6546 89438.2799  5.51%     -    0s
H    0     0                    93797.530207 89438.2884  4.65%     -    0s
     0     2 89438.2884    0    8 93797.5302 89438.2884  4.65%     -    0s

Cutting planes:
  Implied bound: 213
  MIR: 5
  Flow cover: 2
  Inf proof: 14
  Relax-and-lift: 19

Explored 7372 nodes (201946 simplex iterations) in 1.18 seconds (1.31 work units)
Thread count was 10 (of 10 available processors)

Solution count 10: 93797.5 94650.7 94982.6 ... 216019

Optimal solution found (tolerance 1.00e-04)
Best objective 9.379753020675e+04, best bound 9.379753020675e+04, gap 0.0000%

User-callback calls 15209, time in user-callback 0.00 sec

Gurobi 12.0.3 (mac64[arm]) logging started Thu Oct 16 16:45:54 2025

Set parameter LogFile to value "Logs/Facility Location Logs/bernoulli_false/L50/phase1/scenario_generation.log"
Set parameter LogToConsole to value 0

Gurobi 12.0.3 (mac64[arm]) logging started Thu Oct 16 16:45:54 2025

Set parameter LogFile to value "Logs/Facility Location Logs/bernoulli_false/L50/phase1/scenario_generation.log"
Gurobi Optimizer version 12.0.3 build v12.0.3rc0 (mac64[arm] - Darwin 24.6.0 24G84)

CPU model: Apple M4
Thread count: 10 physical cores, 10 logical processors, using up to 10 threads

Non-default parameters:
LogToConsole  0

Optimize a model with 75 rows, 1325 columns and 2575 nonzeros
Model fingerprint: 0x238c64f3
Variable types: 1300 continuous, 25 integer (25 binary)
Coefficient statistics:
  Matrix range     [1e+00, 2e+04]
  Objective range  [8e-03, 8e+03]
  Bounds range     [0e+00, 0e+00]
  RHS range        [1e+03, 2e+04]
Found heuristic solution: objective 5881700.0000
Presolve removed 0 rows and 1 columns
Presolve time: 0.00s
Presolved: 75 rows, 1324 columns, 2574 nonzeros
Variable types: 1300 continuous, 24 integer (24 binary)

Root relaxation: objective 1.176199e+05, 144 iterations, 0.00 seconds (0.00 work units)

    Nodes    |    Current Node    |     Objective Bounds      |     Work
 Expl Unexpl |  Obj  Depth IntInf | Incumbent    BestBd   Gap | It/Node Time

     0     0 117619.946    0   23 5881700.00 117619.946  98.0%     -    0s
H    0     0                    246302.94550 117619.946  52.2%     -    0s
H    0     0                    224035.00792 117619.946  47.5%     -    0s
H    0     0                    209770.70778 117619.946  43.9%     -    0s
H    0     0                    203128.56459 121510.641  40.2%     -    0s
H    0     0                    166482.59032 121510.641  27.0%     -    0s
     0     0 121510.641    0   11 166482.590 121510.641  27.0%     -    0s
H    0     0                    131653.08427 121574.383  7.66%     -    0s
H    0     0                    125366.71901 121574.383  3.02%     -    0s
H    0     0                    124710.61066 121574.383  2.51%     -    0s
     0     0 121574.383    0   10 124710.611 121574.383  2.51%     -    0s
H    0     0                    124121.14283 121574.383  2.05%     -    0s
     0     0 121574.383    0   10 124121.143 121574.383  2.05%     -    0s
     0     0 122056.012    0   10 124121.143 122056.012  1.66%     -    0s
H    0     0                    123815.61738 122093.286  1.39%     -    0s
H    0     0                    123796.28296 122093.286  1.38%     -    0s
     0     0 122093.286    0   10 123796.283 122093.286  1.38%     -    0s
H    0     0                    123528.67709 122094.470  1.16%     -    0s
     0     0 122094.470    0   11 123528.677 122094.470  1.16%     -    0s
     0     0 122234.444    0    7 123528.677 122234.444  1.05%     -    0s
H    0     0                    123440.09208 122246.158  0.97%     -    0s
     0     0 122246.158    0    9 123440.092 122246.158  0.97%     -    0s
     0     0 122370.073    0    9 123440.092 122370.073  0.87%     -    0s
     0     0 122382.265    0    6 123440.092 122382.265  0.86%     -    0s
     0     0 122382.907    0    6 123440.092 122382.907  0.86%     -    0s
     0     0 122426.458    0    3 123440.092 122426.458  0.82%     -    0s
     0     0 122427.845    0    7 123440.092 122427.845  0.82%     -    0s
     0     0 122427.845    0    7 123440.092 122427.845  0.82%     -    0s
     0     2 122427.855    0    7 123440.092 122427.855  0.82%     -    0s

Cutting planes:
  Implied bound: 108
  MIR: 9
  Flow cover: 2
  Relax-and-lift: 5

Explored 644 nodes (16011 simplex iterations) in 0.16 seconds (0.18 work units)
Thread count was 10 (of 10 available processors)

Solution count 10: 123440 123529 123796 ... 224035

Optimal solution found (tolerance 1.00e-04)
Best objective 1.234400920822e+05, best bound 1.234400920822e+05, gap 0.0000%

User-callback calls 1625, time in user-callback 0.00 sec

Gurobi 12.0.3 (mac64[arm]) logging started Thu Oct 16 16:45:54 2025

Set parameter LogFile to value "Logs/Facility Location Logs/bernoulli_false/L50/phase1/scenario_generation.log"
Set parameter LogToConsole to value 0

Gurobi 12.0.3 (mac64[arm]) logging started Thu Oct 16 16:45:54 2025

Set parameter LogFile to value "Logs/Facility Location Logs/bernoulli_false/L50/phase1/scenario_generation.log"
Gurobi Optimizer version 12.0.3 build v12.0.3rc0 (mac64[arm] - Darwin 24.6.0 24G84)

CPU model: Apple M4
Thread count: 10 physical cores, 10 logical processors, using up to 10 threads

Non-default parameters:
LogToConsole  0

Optimize a model with 75 rows, 1325 columns and 2575 nonzeros
Model fingerprint: 0x82206cc4
Variable types: 1300 continuous, 25 integer (25 binary)
Coefficient statistics:
  Matrix range     [1e+00, 2e+04]
  Objective range  [8e-03, 8e+03]
  Bounds range     [0e+00, 0e+00]
  RHS range        [1e+03, 1e+04]
Found heuristic solution: objective 5239650.0000
Presolve removed 0 rows and 1 columns
Presolve time: 0.00s
Presolved: 75 rows, 1324 columns, 2574 nonzeros
Variable types: 1300 continuous, 24 integer (24 binary)

Root relaxation: objective 9.640612e+04, 127 iterations, 0.00 seconds (0.00 work units)

    Nodes    |    Current Node    |     Objective Bounds      |     Work
 Expl Unexpl |  Obj  Depth IntInf | Incumbent    BestBd   Gap | It/Node Time

     0     0 96406.1186    0   24 5239650.00 96406.1186  98.2%     -    0s
H    0     0                    231509.61857 96406.1186  58.4%     -    0s
H    0     0                    216649.22709 96406.1186  55.5%     -    0s
H    0     0                    188363.23961 96406.1186  48.8%     -    0s
H    0     0                    181516.74045 96406.1186  46.9%     -    0s
H    0     0                    174110.83135 96406.1186  44.6%     -    0s
H    0     0                    166678.23569 97453.5204  41.5%     -    0s
H    0     0                    161533.43030 97453.5204  39.7%     -    0s
H    0     0                    151117.13999 101432.903  32.9%     -    0s
H    0     0                    117312.62879 101432.903  13.5%     -    0s
H    0     0                    103628.37711 101432.903  2.12%     -    0s
H    0     0                    103619.55316 101432.903  2.11%     -    0s
     0     0 101432.903    0   12 103619.553 101432.903  2.11%     -    0s
H    0     0                    103585.07942 101533.251  1.98%     -    0s
     0     0 101533.251    0   12 103585.079 101533.251  1.98%     -    0s
     0     0 101866.685    0    6 103585.079 101866.685  1.66%     -    0s
     0     0 101899.920    0    8 103585.079 101899.920  1.63%     -    0s
H    0     0                    103380.41615 101899.920  1.43%     -    0s
H    0     0                    103097.88504 102082.607  0.98%     -    0s
     0     0 102082.607    0    7 103097.885 102082.607  0.98%     -    0s
H    0     0                    102476.61997 102107.149  0.36%     -    0s
H    0     0                    102466.39174 102107.149  0.35%     -    0s
     0     0 102107.149    0    6 102466.392 102107.149  0.35%     -    0s
     0     0 102220.888    0    3 102466.392 102220.888  0.24%     -    0s
     0     0 102235.024    0    3 102466.392 102235.024  0.23%     -    0s
     0     0 102235.028    0    3 102466.392 102235.028  0.23%     -    0s
     0     0 102286.065    0    2 102466.392 102286.065  0.18%     -    0s
     0     0 102287.392    0    2 102466.392 102287.392  0.17%     -    0s
     0     0 102302.982    0    4 102466.392 102302.982  0.16%     -    0s
     0     0 102303.074    0    4 102466.392 102303.074  0.16%     -    0s
     0     0 102303.074    0   14 102466.392 102303.074  0.16%     -    0s
     0     0 102303.074    0    7 102466.392 102303.074  0.16%     -    0s
     0     0 102303.074    0    7 102466.392 102303.074  0.16%     -    0s
     0     0 102303.074    0    4 102466.392 102303.074  0.16%     -    0s
     0     0 102303.074    0    6 102466.392 102303.074  0.16%     -    0s
     0     0 102303.074    0    5 102466.392 102303.074  0.16%     -    0s
     0     0 102303.074    0    3 102466.392 102303.074  0.16%     -    0s
     0     0 102303.074    0    3 102466.392 102303.074  0.16%     -    0s
     0     0 102303.074    0    4 102466.392 102303.074  0.16%     -    0s
     0     0 102303.074    0    4 102466.392 102303.074  0.16%     -    0s
     0     0 102303.074    0    4 102466.392 102303.074  0.16%     -    0s
     0     0 102308.051    0    3 102466.392 102308.051  0.15%     -    0s
     0     0 102316.841    0    4 102466.392 102316.841  0.15%     -    0s
     0     0 102318.795    0    3 102466.392 102318.795  0.14%     -    0s
     0     0 102323.964    0    3 102466.392 102323.964  0.14%     -    0s
     0     0 102323.964    0    3 102466.392 102323.964  0.14%     -    0s
     0     2 102323.964    0    3 102466.392 102323.964  0.14%     -    0s

Cutting planes:
  Implied bound: 66
  MIR: 8
  Relax-and-lift: 4

Explored 22 nodes (1123 simplex iterations) in 0.13 seconds (0.08 work units)
Thread count was 10 (of 10 available processors)

Solution count 10: 102466 103098 103380 ... 161533

Optimal solution found (tolerance 1.00e-04)
Best objective 1.024663917386e+05, best bound 1.024663917386e+05, gap 0.0000%

User-callback calls 437, time in user-callback 0.00 sec

Gurobi 12.0.3 (mac64[arm]) logging started Thu Oct 16 16:45:54 2025

Set parameter LogFile to value "Logs/Facility Location Logs/bernoulli_false/L50/phase1/scenario_generation.log"
Set parameter LogToConsole to value 0

Gurobi 12.0.3 (mac64[arm]) logging started Thu Oct 16 16:45:54 2025

Set parameter LogFile to value "Logs/Facility Location Logs/bernoulli_false/L50/phase1/scenario_generation.log"
Gurobi Optimizer version 12.0.3 build v12.0.3rc0 (mac64[arm] - Darwin 24.6.0 24G84)

CPU model: Apple M4
Thread count: 10 physical cores, 10 logical processors, using up to 10 threads

Non-default parameters:
LogToConsole  0

Optimize a model with 75 rows, 1325 columns and 2575 nonzeros
Model fingerprint: 0x81e8a4f1
Variable types: 1300 continuous, 25 integer (25 binary)
Coefficient statistics:
  Matrix range     [1e+00, 2e+04]
  Objective range  [8e-03, 8e+03]
  Bounds range     [0e+00, 0e+00]
  RHS range        [2e+03, 8e+03]
Found heuristic solution: objective 6309700.0000
Presolve removed 0 rows and 1 columns
Presolve time: 0.00s
Presolved: 75 rows, 1324 columns, 2574 nonzeros
Variable types: 1300 continuous, 24 integer (24 binary)

Root relaxation: objective 9.205525e+04, 122 iterations, 0.00 seconds (0.00 work units)

    Nodes    |    Current Node    |     Objective Bounds      |     Work
 Expl Unexpl |  Obj  Depth IntInf | Incumbent    BestBd   Gap | It/Node Time

     0     0 92055.2539    0   24 6309700.00 92055.2539  98.5%     -    0s
H    0     0                    216458.25392 92055.2539  57.5%     -    0s
H    0     0                    202149.42493 92055.2539  54.5%     -    0s
H    0     0                    187518.36505 92055.2539  50.9%     -    0s
H    0     0                    172268.09535 92055.2539  46.6%     -    0s
H    0     0                    136554.75679 97166.1935  28.8%     -    0s
H    0     0                    102854.34626 97166.1935  5.53%     -    0s
H    0     0                    102833.97808 97166.1935  5.51%     -    0s
     0     0 97166.1935    0   10 102833.978 97166.1935  5.51%     -    0s
     0     0 97269.7830    0   10 102833.978 97269.7830  5.41%     -    0s
     0     0 97743.7245    0    9 102833.978 97743.7245  4.95%     -    0s
     0     0 97783.7374    0    8 102833.978 97783.7374  4.91%     -    0s
H    0     0                    102682.64248 97784.2604  4.77%     -    0s
     0     0 97784.2604    0    8 102682.642 97784.2604  4.77%     -    0s
     0     0 97867.2255    0    9 102682.642 97867.2255  4.69%     -    0s
     0     0 97882.5602    0   10 102682.642 97882.5602  4.67%     -    0s
     0     0 97884.4673    0   10 102682.642 97884.4673  4.67%     -    0s
     0     0 97981.1758    0    9 102682.642 97981.1758  4.58%     -    0s
     0     0 97981.2910    0    9 102682.642 97981.2910  4.58%     -    0s
     0     0 97994.7629    0    8 102682.642 97994.7629  4.57%     -    0s
     0     0 98008.1486    0    6 102682.642 98008.1486  4.55%     -    0s
     0     0 98010.0008    0    8 102682.642 98010.0008  4.55%     -    0s
     0     0 98024.9792    0    9 102682.642 98024.9792  4.54%     -    0s
     0     0 98026.6923    0    9 102682.642 98026.6923  4.53%     -    0s
H    0     0                    102637.85922 98026.6923  4.49%     -    0s
H    0     0                    102482.51605 98026.7045  4.35%     -    0s
H    0     2                    102329.34279 98026.7045  4.20%     -    0s
     0     2 98026.7045    0    9 102329.343 98026.7045  4.20%     -    0s
H   26    76                    102170.02494 98093.2323  3.99%  21.0    0s
H   47    76                    101791.71625 98104.5550  3.62%  18.5    0s
H 3516  1215                    101729.90364 98535.8660  3.14%  24.8    0s

Cutting planes:
  Implied bound: 166
  MIR: 19
  Flow cover: 5
  Inf proof: 13
  Relax-and-lift: 6

Explored 5320 nodes (133892 simplex iterations) in 0.87 seconds (0.96 work units)
Thread count was 10 (of 10 available processors)

Solution count 10: 101730 101792 102170 ... 216458

Optimal solution found (tolerance 1.00e-04)
Best objective 1.017299036443e+05, best bound 1.017299036443e+05, gap 0.0000%

User-callback calls 11108, time in user-callback 0.00 sec

Gurobi 12.0.3 (mac64[arm]) logging started Thu Oct 16 16:45:55 2025

Set parameter LogFile to value "Logs/Facility Location Logs/bernoulli_false/L50/phase1/scenario_generation.log"
Set parameter LogToConsole to value 0

Gurobi 12.0.3 (mac64[arm]) logging started Thu Oct 16 16:45:55 2025

Set parameter LogFile to value "Logs/Facility Location Logs/bernoulli_false/L50/phase1/scenario_generation.log"
Gurobi Optimizer version 12.0.3 build v12.0.3rc0 (mac64[arm] - Darwin 24.6.0 24G84)

CPU model: Apple M4
Thread count: 10 physical cores, 10 logical processors, using up to 10 threads

Non-default parameters:
LogToConsole  0

Optimize a model with 75 rows, 1325 columns and 2575 nonzeros
Model fingerprint: 0x57441445
Variable types: 1300 continuous, 25 integer (25 binary)
Coefficient statistics:
  Matrix range     [1e+00, 2e+04]
  Objective range  [8e-03, 8e+03]
  Bounds range     [0e+00, 0e+00]
  RHS range        [1e+03, 6e+03]
Found heuristic solution: objective 5851600.0000
Presolve removed 0 rows and 1 columns
Presolve time: 0.00s
Presolved: 75 rows, 1324 columns, 2574 nonzeros
Variable types: 1300 continuous, 24 integer (24 binary)

Root relaxation: objective 8.406961e+04, 110 iterations, 0.00 seconds (0.00 work units)

    Nodes    |    Current Node    |     Objective Bounds      |     Work
 Expl Unexpl |  Obj  Depth IntInf | Incumbent    BestBd   Gap | It/Node Time

     0     0 84069.6077    0   24 5851600.00 84069.6077  98.6%     -    0s
H    0     0                    213053.60767 84069.6077  60.5%     -    0s
H    0     0                    198340.62029 84069.6077  57.6%     -    0s
H    0     0                    157110.43056 84069.6077  46.5%     -    0s
H    0     0                    142567.48036 84069.6077  41.0%     -    0s
H    0     0                    132988.10374 89326.2374  32.8%     -    0s
H    0     0                    99072.293891 89326.2374  9.84%     -    0s
     0     0 89326.2374    0   12 99072.2939 89326.2374  9.84%     -    0s
H    0     0                    92427.881668 89446.8710  3.23%     -    0s
     0     0 89446.8710    0   12 92427.8817 89446.8710  3.23%     -    0s
     0     0 90034.4386    0    8 92427.8817 90034.4386  2.59%     -    0s
     0     0 90066.1817    0   10 92427.8817 90066.1817  2.56%     -    0s
     0     0 90216.3020    0   11 92427.8817 90216.3020  2.39%     -    0s
H    0     0                    92188.888525 90269.4537  2.08%     -    0s
H    0     0                    92050.331512 90269.4537  1.93%     -    0s
     0     0 90269.4537    0   12 92050.3315 90269.4537  1.93%     -    0s
H    0     0                    91949.595233 90269.4657  1.83%     -    0s
     0     0 90269.4657    0   12 91949.5952 90269.4657  1.83%     -    0s
     0     0 90374.1998    0    8 91949.5952 90374.1998  1.71%     -    0s
H    0     0                    91843.442880 90374.6766  1.60%     -    0s
     0     0 90388.3362    0    6 91843.4429 90388.3362  1.58%     -    0s
     0     0 90388.5559    0    5 91843.4429 90388.5559  1.58%     -    0s
H    0     0                    91826.370645 90388.5559  1.57%     -    0s
     0     0 90423.2109    0    8 91826.3706 90423.2109  1.53%     -    0s
     0     0 90425.5411    0    8 91826.3706 90425.5411  1.53%     -    0s
     0     0 90451.6549    0    8 91826.3706 90451.6549  1.50%     -    0s
     0     0 90451.6549    0    8 91826.3706 90451.6549  1.50%     -    0s
     0     2 90451.6549    0    8 91826.3706 90451.6549  1.50%     -    0s
H  240   206                    91782.902000 90519.7921  1.38%  20.7    0s
H  895   398                    91716.622727 90723.4161  1.08%  19.3    0s

Cutting planes:
  Implied bound: 179
  MIR: 19
  Flow cover: 6
  Relax-and-lift: 5

Explored 8194 nodes (154024 simplex iterations) in 1.08 seconds (1.14 work units)
Thread count was 10 (of 10 available processors)

Solution count 10: 91716.6 91782.9 91826.4 ... 142567

Optimal solution found (tolerance 1.00e-04)
Best objective 9.171662272725e+04, best bound 9.171662272725e+04, gap 0.0000%

User-callback calls 16899, time in user-callback 0.00 sec

Gurobi 12.0.3 (mac64[arm]) logging started Thu Oct 16 16:45:56 2025

Set parameter LogFile to value "Logs/Facility Location Logs/bernoulli_false/L50/phase1/scenario_generation.log"
Set parameter LogToConsole to value 0

Gurobi 12.0.3 (mac64[arm]) logging started Thu Oct 16 16:45:56 2025

Set parameter LogFile to value "Logs/Facility Location Logs/bernoulli_false/L50/phase1/scenario_generation.log"
Gurobi Optimizer version 12.0.3 build v12.0.3rc0 (mac64[arm] - Darwin 24.6.0 24G84)

CPU model: Apple M4
Thread count: 10 physical cores, 10 logical processors, using up to 10 threads

Non-default parameters:
LogToConsole  0

Optimize a model with 75 rows, 1325 columns and 2575 nonzeros
Model fingerprint: 0xe6bedca9
Variable types: 1300 continuous, 25 integer (25 binary)
Coefficient statistics:
  Matrix range     [1e+00, 2e+04]
  Objective range  [8e-03, 8e+03]
  Bounds range     [0e+00, 0e+00]
  RHS range        [1e+03, 2e+04]
Found heuristic solution: objective 6160050.0000
Presolve removed 0 rows and 1 columns
Presolve time: 0.00s
Presolved: 75 rows, 1324 columns, 2574 nonzeros
Variable types: 1300 continuous, 24 integer (24 binary)

Root relaxation: objective 1.308617e+05, 140 iterations, 0.00 seconds (0.00 work units)

    Nodes    |    Current Node    |     Objective Bounds      |     Work
 Expl Unexpl |  Obj  Depth IntInf | Incumbent    BestBd   Gap | It/Node Time

     0     0 130861.675    0   23 6160050.00 130861.675  97.9%     -    0s
H    0     0                    256761.17534 130861.675  49.0%     -    0s
H    0     0                    227790.64937 130861.675  42.6%     -    0s
H    0     0                    227781.51026 130861.675  42.5%     -    0s
H    0     0                    206130.98190 130861.675  36.5%     -    0s
H    0     0                    175956.21492 135584.384  22.9%     -    0s
H    0     0                    142987.21570 135584.384  5.18%     -    0s
     0     0 135584.384    0   11 142987.216 135584.384  5.18%     -    0s
     0     0 135623.442    0   11 142987.216 135623.442  5.15%     -    0s
     0     0 136158.832    0   10 142987.216 136158.832  4.78%     -    0s
H    0     0                    142982.92817 136210.218  4.74%     -    0s
     0     0 136210.218    0   12 142982.928 136210.218  4.74%     -    0s
     0     0 136210.238    0   11 142982.928 136210.238  4.74%     -    0s
H    0     0                    142233.28262 136413.339  4.09%     -    0s
     0     0 136413.339    0   11 142233.283 136413.339  4.09%     -    0s
H    0     0                    141582.65769 136430.513  3.64%     -    0s
     0     0 136430.513    0   11 141582.658 136430.513  3.64%     -    0s
     0     0 136541.572    0    7 141582.658 136541.572  3.56%     -    0s
H    0     0                    141338.12461 136541.572  3.39%     -    0s
     0     0 136541.639    0    7 141338.125 136541.639  3.39%     -    0s
     0     0 136562.577    0    6 141338.125 136562.577  3.38%     -    0s
     0     0 136565.740    0    7 141338.125 136565.740  3.38%     -    0s
     0     0 136585.641    0    7 141338.125 136585.641  3.36%     -    0s
     0     0 136585.641    0    7 141338.125 136585.641  3.36%     -    0s
     0     2 136585.653    0    7 141338.125 136585.653  3.36%     -    0s

Cutting planes:
  Implied bound: 180
  MIR: 16
  Flow cover: 3
  Inf proof: 10
  Relax-and-lift: 5

Explored 3443 nodes (104336 simplex iterations) in 0.66 seconds (0.67 work units)
Thread count was 10 (of 10 available processors)

Solution count 9: 141338 141583 142233 ... 6.16005e+06

Optimal solution found (tolerance 1.00e-04)
Best objective 1.413381246090e+05, best bound 1.413381246090e+05, gap 0.0000%

User-callback calls 7287, time in user-callback 0.00 sec

Gurobi 12.0.3 (mac64[arm]) logging started Thu Oct 16 16:45:56 2025

Set parameter LogFile to value "Logs/Facility Location Logs/bernoulli_false/L50/phase1/scenario_generation.log"
Set parameter LogToConsole to value 0

Gurobi 12.0.3 (mac64[arm]) logging started Thu Oct 16 16:45:56 2025

Set parameter LogFile to value "Logs/Facility Location Logs/bernoulli_false/L50/phase1/scenario_generation.log"
Gurobi Optimizer version 12.0.3 build v12.0.3rc0 (mac64[arm] - Darwin 24.6.0 24G84)

CPU model: Apple M4
Thread count: 10 physical cores, 10 logical processors, using up to 10 threads

Non-default parameters:
LogToConsole  0

Optimize a model with 75 rows, 1325 columns and 2575 nonzeros
Model fingerprint: 0x54f7e648
Variable types: 1300 continuous, 25 integer (25 binary)
Coefficient statistics:
  Matrix range     [1e+00, 2e+04]
  Objective range  [8e-03, 8e+03]
  Bounds range     [0e+00, 0e+00]
  RHS range        [1e+03, 1e+04]
Found heuristic solution: objective 5440150.0000
Presolve removed 0 rows and 1 columns
Presolve time: 0.00s
Presolved: 75 rows, 1324 columns, 2574 nonzeros
Variable types: 1300 continuous, 24 integer (24 binary)

Root relaxation: objective 9.860065e+04, 112 iterations, 0.00 seconds (0.00 work units)

    Nodes    |    Current Node    |     Objective Bounds      |     Work
 Expl Unexpl |  Obj  Depth IntInf | Incumbent    BestBd   Gap | It/Node Time

     0     0 98600.6451    0   24 5440150.00 98600.6451  98.2%     -    0s
H    0     0                    231699.14508 98600.6451  57.4%     -    0s
H    0     0                    209516.30053 98600.6451  52.9%     -    0s
H    0     0                    209500.55693 98600.6451  52.9%     -    0s
H    0     0                    202239.51932 98600.6451  51.2%     -    0s
H    0     0                    164647.34751 98600.6451  40.1%     -    0s
     0     0 103235.207    0   10 164647.348 103235.207  37.3%     -    0s
H    0     0                    161333.70732 103333.888  36.0%     -    0s
H    0     0                    151074.27111 103333.888  31.6%     -    0s
H    0     0                    116654.93847 103333.888  11.4%     -    0s
     0     0 103333.888    0   10 116654.938 103333.888  11.4%     -    0s
H    0     0                    116323.61319 103333.888  11.2%     -    0s
     0     0 103689.636    0   11 116323.613 103689.636  10.9%     -    0s
H    0     0                    116143.80841 103742.205  10.7%     -    0s
     0     0 103742.205    0   11 116143.808 103742.205  10.7%     -    0s
H    0     0                    110069.39555 103742.205  5.75%     -    0s
H    0     0                    110065.60580 103742.205  5.75%     -    0s
H    0     0                    109678.83345 103742.205  5.41%     -    0s
     0     0 103966.754    0    9 109678.833 103966.754  5.21%     -    0s
     0     0 104002.691    0    9 109678.833 104002.691  5.18%     -    0s
     0     0 104002.691    0    7 109678.833 104002.691  5.18%     -    0s
     0     0 104111.765    0    7 109678.833 104111.765  5.08%     -    0s
H    0     0                    109605.27282 104111.765  5.01%     -    0s
     0     0 104114.451    0    9 109605.273 104114.451  5.01%     -    0s
     0     0 104160.816    0    3 109605.273 104160.816  4.97%     -    0s
     0     0 104164.119    0    5 109605.273 104164.119  4.96%     -    0s
     0     0 104169.157    0    7 109605.273 104169.157  4.96%     -    0s
     0     0 104169.157    0    7 109605.273 104169.157  4.96%     -    0s
H    0     0                    109065.48825 104169.168  4.49%     -    0s
H    0     2                    108973.32443 104169.168  4.41%     -    0s
     0     2 104169.168    0    7 108973.324 104169.168  4.41%     -    0s
H   26    76                    108957.69848 104222.770  4.35%  29.8    0s
H   31    76                    108880.20343 104222.770  4.28%  26.0    0s
H   66    76                    108868.42104 104234.394  4.26%  18.5    0s
H  495   333                    108840.08488 104265.021  4.20%  21.0    0s
H  515   333                    108758.59505 104265.021  4.13%  20.9    0s
* 2732   564               5    108754.29878 105174.683  3.29%  25.3    0s
* 2831   548               5    108748.77816 105257.836  3.21%  25.6    0s

Cutting planes:
  Implied bound: 156
  MIR: 9
  Flow cover: 1
  Inf proof: 17
  Relax-and-lift: 2

Explored 3768 nodes (101926 simplex iterations) in 0.64 seconds (0.66 work units)
Thread count was 10 (of 10 available processors)

Solution count 10: 108749 108754 108759 ... 161334

Optimal solution found (tolerance 1.00e-04)
Best objective 1.087487781639e+05, best bound 1.087487781639e+05, gap 0.0000%

User-callback calls 7983, time in user-callback 0.00 sec

Gurobi 12.0.3 (mac64[arm]) logging started Thu Oct 16 16:45:57 2025

Set parameter LogFile to value "Logs/Facility Location Logs/bernoulli_false/L50/phase1/scenario_generation.log"
Set parameter LogToConsole to value 0

Gurobi 12.0.3 (mac64[arm]) logging started Thu Oct 16 16:45:57 2025

Set parameter LogFile to value "Logs/Facility Location Logs/bernoulli_false/L50/phase1/scenario_generation.log"
Gurobi Optimizer version 12.0.3 build v12.0.3rc0 (mac64[arm] - Darwin 24.6.0 24G84)

CPU model: Apple M4
Thread count: 10 physical cores, 10 logical processors, using up to 10 threads

Non-default parameters:
LogToConsole  0

Optimize a model with 75 rows, 1325 columns and 2575 nonzeros
Model fingerprint: 0x7ffb9d8f
Variable types: 1300 continuous, 25 integer (25 binary)
Coefficient statistics:
  Matrix range     [1e+00, 2e+04]
  Objective range  [8e-03, 8e+03]
  Bounds range     [0e+00, 0e+00]
  RHS range        [9e+02, 8e+03]
Found heuristic solution: objective 4858450.0000
Presolve removed 0 rows and 1 columns
Presolve time: 0.00s
Presolved: 75 rows, 1324 columns, 2574 nonzeros
Variable types: 1300 continuous, 24 integer (24 binary)

Root relaxation: objective 8.147627e+04, 120 iterations, 0.00 seconds (0.00 work units)

    Nodes    |    Current Node    |     Objective Bounds      |     Work
 Expl Unexpl |  Obj  Depth IntInf | Incumbent    BestBd   Gap | It/Node Time

     0     0 81476.2676    0   24 4858450.00 81476.2676  98.3%     -    0s
H    0     0                    220391.76757 81476.2676  63.0%     -    0s
H    0     0                    191094.45769 81476.2676  57.4%     -    0s
H    0     0                    184205.99459 81476.2676  55.8%     -    0s
H    0     0                    177398.69331 81476.2676  54.1%     -    0s
H    0     0                    176279.47442 86569.0600  50.9%     -    0s
H    0     0                    139516.61008 86569.0600  38.0%     -    0s
H    0     0                    105471.74144 86569.0600  17.9%     -    0s
H    0     0                    91220.548131 86569.0600  5.10%     -    0s
     0     0 86569.0600    0   10 91220.5481 86569.0600  5.10%     -    0s
     0     0 86666.0542    0   10 91220.5481 86666.0542  4.99%     -    0s
     0     0 87183.4979    0   12 91220.5481 87183.4979  4.43%     -    0s
     0     0 87264.9943    0   11 91220.5481 87264.9943  4.34%     -    0s
     0     0 87264.9943    0   11 91220.5481 87264.9943  4.34%     -    0s
     0     0 87394.2917    0   13 91220.5481 87394.2917  4.19%     -    0s
     0     0 87409.3189    0   13 91220.5481 87409.3189  4.18%     -    0s
     0     0 87420.3989    0   11 91220.5481 87420.3989  4.17%     -    0s
     0     0 87421.0123    0   11 91220.5481 87421.0123  4.17%     -    0s
     0     0 87580.6645    0    8 91220.5481 87580.6645  3.99%     -    0s
     0     0 87636.6751    0    7 91220.5481 87636.6751  3.93%     -    0s
     0     0 87660.7562    0    7 91220.5481 87660.7562  3.90%     -    0s
     0     0 87661.0514    0    7 91220.5481 87661.0514  3.90%     -    0s
     0     0 87663.4768    0    5 91220.5481 87663.4768  3.90%     -    0s
     0     0 87663.5853    0    5 91220.5481 87663.5853  3.90%     -    0s
     0     0 87674.8143    0    7 91220.5481 87674.8143  3.89%     -    0s
     0     0 87674.8143    0    7 91220.5481 87674.8143  3.89%     -    0s
H    0     0                    90941.253883 87674.8143  3.59%     -    0s
     0     2 87674.8210    0    7 90941.2539 87674.8210  3.59%     -    0s
H   31    71                    90928.126959 87718.7225  3.53%  29.6    0s
H   56    71                    90927.907342 87718.7225  3.53%  26.8    0s
H   66    71                    90926.492017 87718.7225  3.53%  28.9    0s
H  515   273                    90926.246038 87855.3761  3.38%  25.3    0s
* 5544     0               9    90925.933940 90332.9514  0.65%  22.8    0s

Cutting planes:
  Implied bound: 139
  MIR: 18
  Flow cover: 3
  Inf proof: 2
  Relax-and-lift: 14

Explored 5561 nodes (127399 simplex iterations) in 0.82 seconds (0.84 work units)
Thread count was 10 (of 10 available processors)

Solution count 10: 90925.9 90926.2 91220.5 ... 220392

Optimal solution found (tolerance 1.00e-04)
Best objective 9.092593393969e+04, best bound 9.092593393969e+04, gap 0.0000%

User-callback calls 11601, time in user-callback 0.00 sec

Gurobi 12.0.3 (mac64[arm]) logging started Thu Oct 16 16:45:58 2025

Set parameter LogFile to value "Logs/Facility Location Logs/bernoulli_false/L50/phase1/scenario_generation.log"
Set parameter LogToConsole to value 0

Gurobi 12.0.3 (mac64[arm]) logging started Thu Oct 16 16:45:58 2025

Set parameter LogFile to value "Logs/Facility Location Logs/bernoulli_false/L50/phase1/scenario_generation.log"
Gurobi Optimizer version 12.0.3 build v12.0.3rc0 (mac64[arm] - Darwin 24.6.0 24G84)

CPU model: Apple M4
Thread count: 10 physical cores, 10 logical processors, using up to 10 threads

Non-default parameters:
LogToConsole  0

Optimize a model with 75 rows, 1325 columns and 2575 nonzeros
Model fingerprint: 0x442f74e6
Variable types: 1300 continuous, 25 integer (25 binary)
Coefficient statistics:
  Matrix range     [1e+00, 2e+04]
  Objective range  [8e-03, 8e+03]
  Bounds range     [0e+00, 0e+00]
  RHS range        [8e+02, 2e+04]
Found heuristic solution: objective 5194350.0000
Presolve removed 0 rows and 1 columns
Presolve time: 0.00s
Presolved: 75 rows, 1324 columns, 2574 nonzeros
Variable types: 1300 continuous, 24 integer (24 binary)

Root relaxation: objective 1.118074e+05, 143 iterations, 0.00 seconds (0.00 work units)

    Nodes    |    Current Node    |     Objective Bounds      |     Work
 Expl Unexpl |  Obj  Depth IntInf | Incumbent    BestBd   Gap | It/Node Time

     0     0 111807.386    0   23 5194350.00 111807.386  97.8%     -    0s
H    0     0                    247363.88563 111807.386  54.8%     -    0s
H    0     0                    210526.81984 111807.386  46.9%     -    0s
H    0     0                    203522.43052 111807.386  45.1%     -    0s
H    0     0                    181207.55819 111807.386  38.3%     -    0s
H    0     0                    156910.68977 111807.386  28.7%     -    0s
     0     0 116418.466    0   13 156910.690 116418.466  25.8%     -    0s
H    0     0                    131620.51059 116476.478  11.5%     -    0s
H    0     0                    127534.60754 116476.478  8.67%     -    0s
H    0     0                    125127.85676 116476.478  6.91%     -    0s
     0     0 116476.478    0   13 125127.857 116476.478  6.91%     -    0s
     0     0 116894.402    0    9 125127.857 116894.402  6.58%     -    0s
H    0     0                    123712.29306 116943.519  5.47%     -    0s
H    0     0                    123655.88632 116943.519  5.43%     -    0s
     0     0 116943.519    0   10 123655.886 116943.519  5.43%     -    0s
H    0     0                    118784.77863 116943.519  1.55%     -    0s
H    0     0                    118313.25259 116943.519  1.16%     -    0s
H    0     0                    118170.46373 116943.519  1.04%     -    0s
H    0     0                    118043.61224 116943.519  0.93%     -    0s
H    0     0                    117994.67265 117102.996  0.76%     -    0s
     0     0 117102.996    0   13 117994.673 117102.996  0.76%     -    0s
H    0     0                    117926.93543 117123.697  0.68%     -    0s
     0     0 117123.697    0   13 117926.935 117123.697  0.68%     -    0s
     0     0 117227.722    0    8 117926.935 117227.722  0.59%     -    0s
     0     0 117227.773    0    7 117926.935 117227.773  0.59%     -    0s
H    0     0                    117869.76943 117296.305  0.49%     -    0s
     0     0 117296.305    0    5 117869.769 117296.305  0.49%     -    0s
H    0     0                    117788.01282 117296.305  0.42%     -    0s
     0     0 117311.004    0    9 117788.013 117311.004  0.40%     -    0s
     0     0 117311.004    0    9 117788.013 117311.004  0.40%     -    0s
     0     2 117311.004    0    9 117788.013 117311.004  0.40%     -    0s

Cutting planes:
  Implied bound: 103
  MIR: 6
  Flow cover: 1
  Relax-and-lift: 5

Explored 126 nodes (3037 simplex iterations) in 0.10 seconds (0.09 work units)
Thread count was 10 (of 10 available processors)

Solution count 10: 117788 117870 117927 ... 156911

Optimal solution found (tolerance 1.00e-04)
Best objective 1.177880128234e+05, best bound 1.177880128234e+05, gap 0.0000%

User-callback calls 563, time in user-callback 0.00 sec

Gurobi 12.0.3 (mac64[arm]) logging started Thu Oct 16 16:45:58 2025

Set parameter LogFile to value "Logs/Facility Location Logs/bernoulli_false/L50/phase1/scenario_generation.log"
Set parameter LogToConsole to value 0

Gurobi 12.0.3 (mac64[arm]) logging started Thu Oct 16 16:45:58 2025

Set parameter LogFile to value "Logs/Facility Location Logs/bernoulli_false/L50/phase1/scenario_generation.log"
Gurobi Optimizer version 12.0.3 build v12.0.3rc0 (mac64[arm] - Darwin 24.6.0 24G84)

CPU model: Apple M4
Thread count: 10 physical cores, 10 logical processors, using up to 10 threads

Non-default parameters:
LogToConsole  0

Optimize a model with 75 rows, 1325 columns and 2575 nonzeros
Model fingerprint: 0xfb209cbb
Variable types: 1300 continuous, 25 integer (25 binary)
Coefficient statistics:
  Matrix range     [1e+00, 2e+04]
  Objective range  [8e-03, 8e+03]
  Bounds range     [0e+00, 0e+00]
  RHS range        [9e+02, 7e+03]
Found heuristic solution: objective 4773700.0000
Presolve removed 0 rows and 1 columns
Presolve time: 0.00s
Presolved: 75 rows, 1324 columns, 2574 nonzeros
Variable types: 1300 continuous, 24 integer (24 binary)

Root relaxation: objective 7.806107e+04, 131 iterations, 0.00 seconds (0.00 work units)

    Nodes    |    Current Node    |     Objective Bounds      |     Work
 Expl Unexpl |  Obj  Depth IntInf | Incumbent    BestBd   Gap | It/Node Time

     0     0 78061.0710    0   24 4773700.00 78061.0710  98.4%     -    0s
H    0     0                    217824.07100 78061.0710  64.2%     -    0s
H    0     0                    188639.99015 78061.0710  58.6%     -    0s
H    0     0                    182563.07107 78061.0710  57.2%     -    0s
H    0     0                    181145.51487 79508.5143  56.1%     -    0s
H    0     0                    166881.40571 79508.5143  52.4%     -    0s
H    0     0                    138043.81270 83163.0304  39.8%     -    0s
H    0     0                    103661.48313 83163.0304  19.8%     -    0s
H    0     0                    90624.826852 83163.0304  8.23%     -    0s
     0     0 83163.0304    0   11 90624.8269 83163.0304  8.23%     -    0s
     0     0 83301.4389    0   11 90624.8269 83301.4389  8.08%     -    0s
     0     0 83669.2538    0    9 90624.8269 83669.2538  7.68%     -    0s
H    0     0                    90492.148683 83704.6945  7.50%     -    0s
H    0     0                    89862.532373 83704.6945  6.85%     -    0s
     0     0 83704.6945    0    9 89862.5324 83704.6945  6.85%     -    0s
H    0     0                    89043.897365 83704.6945  6.00%     -    0s
H    0     0                    88844.093533 83908.1410  5.56%     -    0s
     0     0 83908.1410    0    9 88844.0935 83908.1410  5.56%     -    0s
H    0     0                    88826.300951 83945.0160  5.50%     -    0s
     0     0 83945.0160    0    8 88826.3010 83945.0160  5.50%     -    0s
H    0     0                    88500.709219 83945.0160  5.15%     -    0s
H    0     0                    88319.379286 83945.0160  4.95%     -    0s
     0     0 84052.7956    0    6 88319.3793 84052.7956  4.83%     -    0s
     0     0 84058.2680    0    6 88319.3793 84058.2680  4.82%     -    0s
     0     0 84111.8029    0    2 88319.3793 84111.8029  4.76%     -    0s
     0     0 84115.3506    0    5 88319.3793 84115.3506  4.76%     -    0s
     0     0 84115.3506    0    5 88319.3793 84115.3506  4.76%     -    0s
H    0     0                    88109.123926 84115.3506  4.53%     -    0s
     0     2 84115.3615    0    5 88109.1239 84115.3615  4.53%     -    0s

Cutting planes:
  Implied bound: 167
  MIR: 8
  Flow cover: 1
  Inf proof: 8
  Relax-and-lift: 4

Explored 4203 nodes (104787 simplex iterations) in 0.69 seconds (0.71 work units)
Thread count was 10 (of 10 available processors)

Solution count 10: 88109.1 88500.7 89043.9 ... 188640

Optimal solution found (tolerance 1.00e-04)
Best objective 8.810912392556e+04, best bound 8.810912392556e+04, gap 0.0000%

User-callback calls 8809, time in user-callback 0.00 sec

Gurobi 12.0.3 (mac64[arm]) logging started Thu Oct 16 16:45:59 2025

Set parameter LogFile to value "Logs/Facility Location Logs/bernoulli_false/L50/phase1/scenario_generation.log"
Set parameter LogToConsole to value 0

Gurobi 12.0.3 (mac64[arm]) logging started Thu Oct 16 16:45:59 2025

Set parameter LogFile to value "Logs/Facility Location Logs/bernoulli_false/L50/phase1/scenario_generation.log"
Gurobi Optimizer version 12.0.3 build v12.0.3rc0 (mac64[arm] - Darwin 24.6.0 24G84)

CPU model: Apple M4
Thread count: 10 physical cores, 10 logical processors, using up to 10 threads

Non-default parameters:
LogToConsole  0

Optimize a model with 75 rows, 1325 columns and 2575 nonzeros
Model fingerprint: 0xdff970a5
Variable types: 1300 continuous, 25 integer (25 binary)
Coefficient statistics:
  Matrix range     [1e+00, 2e+04]
  Objective range  [8e-03, 8e+03]
  Bounds range     [0e+00, 0e+00]
  RHS range        [1e+03, 2e+04]
Found heuristic solution: objective 5396050.0000
Presolve removed 0 rows and 1 columns
Presolve time: 0.00s
Presolved: 75 rows, 1324 columns, 2574 nonzeros
Variable types: 1300 continuous, 24 integer (24 binary)

Root relaxation: objective 1.015552e+05, 115 iterations, 0.00 seconds (0.00 work units)

    Nodes    |    Current Node    |     Objective Bounds      |     Work
 Expl Unexpl |  Obj  Depth IntInf | Incumbent    BestBd   Gap | It/Node Time

     0     0 101555.195    0   23 5396050.00 101555.195  98.1%     -    0s
H    0     0                    235094.69453 101555.195  56.8%     -    0s
H    0     0                    198836.40690 101555.195  48.9%     -    0s
H    0     0                    192007.48728 101555.195  47.1%     -    0s
H    0     0                    127697.91511 101555.195  20.5%     -    0s
     0     0 106219.803    0   11 127697.915 106219.803  16.8%     -    0s
H    0     0                    120003.80634 106326.904  11.4%     -    0s
H    0     0                    116394.27104 106326.904  8.65%     -    0s
     0     0 106326.904    0   10 116394.271 106326.904  8.65%     -    0s
     0     0 106651.928    0    9 116394.271 106651.928  8.37%     -    0s
H    0     0                    114815.08979 106690.414  7.08%     -    0s
H    0     0                    113133.72741 106690.414  5.70%     -    0s
     0     0 106690.414    0   10 113133.727 106690.414  5.70%     -    0s
     0     0 106690.489    0   10 113133.727 106690.489  5.70%     -    0s
     0     0 106879.117    0    9 113133.727 106879.117  5.53%     -    0s
     0     0 106910.784    0    8 113133.727 106910.784  5.50%     -    0s
     0     0 106910.784    0    8 113133.727 106910.784  5.50%     -    0s
H    0     0                    113127.34118 106910.784  5.50%     -    0s
     0     0 107010.709    0    6 113127.341 107010.709  5.41%     -    0s
H    0     0                    113083.49462 107010.709  5.37%     -    0s
     0     0 107011.385    0    7 113083.495 107011.385  5.37%     -    0s
     0     0 107043.971    0    4 113083.495 107043.971  5.34%     -    0s
     0     0 107052.499    0    6 113083.495 107052.499  5.33%     -    0s
     0     0 107057.654    0    1 113083.495 107057.654  5.33%     -    0s
     0     0 107059.340    0    1 113083.495 107059.340  5.33%     -    0s
     0     0 107059.340    0    1 113083.495 107059.340  5.33%     -    0s
H    0     0                    112038.15082 107059.340  4.44%     -    0s
     0     2 107059.363    0    1 112038.151 107059.363  4.44%     -    0s

Cutting planes:
  Implied bound: 148
  MIR: 10
  Flow cover: 5
  Inf proof: 18
  Relax-and-lift: 6

Explored 3689 nodes (101691 simplex iterations) in 0.64 seconds (0.66 work units)
Thread count was 10 (of 10 available processors)

Solution count 10: 112038 113083 114815 ... 5.39605e+06

Optimal solution found (tolerance 1.00e-04)
Best objective 1.120381508239e+05, best bound 1.120381508239e+05, gap 0.0000%

User-callback calls 7791, time in user-callback 0.00 sec

Gurobi 12.0.3 (mac64[arm]) logging started Thu Oct 16 16:45:59 2025

Set parameter LogFile to value "Logs/Facility Location Logs/bernoulli_false/L50/phase1/scenario_generation.log"
Set parameter LogToConsole to value 0

Gurobi 12.0.3 (mac64[arm]) logging started Thu Oct 16 16:45:59 2025

Set parameter LogFile to value "Logs/Facility Location Logs/bernoulli_false/L50/phase1/scenario_generation.log"
Gurobi Optimizer version 12.0.3 build v12.0.3rc0 (mac64[arm] - Darwin 24.6.0 24G84)

CPU model: Apple M4
Thread count: 10 physical cores, 10 logical processors, using up to 10 threads

Non-default parameters:
LogToConsole  0

Optimize a model with 75 rows, 1325 columns and 2575 nonzeros
Model fingerprint: 0x16a79c60
Variable types: 1300 continuous, 25 integer (25 binary)
Coefficient statistics:
  Matrix range     [1e+00, 2e+04]
  Objective range  [8e-03, 8e+03]
  Bounds range     [0e+00, 0e+00]
  RHS range        [1e+03, 2e+04]
Found heuristic solution: objective 5662700.0000
Presolve removed 0 rows and 1 columns
Presolve time: 0.00s
Presolved: 75 rows, 1324 columns, 2574 nonzeros
Variable types: 1300 continuous, 24 integer (24 binary)

Root relaxation: objective 1.047459e+05, 114 iterations, 0.00 seconds (0.00 work units)

    Nodes    |    Current Node    |     Objective Bounds      |     Work
 Expl Unexpl |  Obj  Depth IntInf | Incumbent    BestBd   Gap | It/Node Time

     0     0 104745.870    0   23 5662700.00 104745.870  98.2%     -    0s
H    0     0                    235618.87000 104745.870  55.5%     -    0s
H    0     0                    213623.89955 104745.870  51.0%     -    0s
H    0     0                    207370.46533 104745.870  49.5%     -    0s
H    0     0                    193373.34744 104745.870  45.8%     -    0s
H    0     0                    170725.69263 104887.665  38.6%     -    0s
H    0     0                    155526.83824 109564.025  29.6%     -    0s
H    0     0                    121799.73092 109564.025  10.0%     -    0s
H    0     0                    115729.65393 109564.025  5.33%     -    0s
     0     0 109564.025    0   11 115729.654 109564.025  5.33%     -    0s
H    0     0                    114736.68250 109666.670  4.42%     -    0s
     0     0 109666.670    0   11 114736.682 109666.670  4.42%     -    0s
H    0     0                    113760.58042 110074.333  3.24%     -    0s
     0     0 110074.333    0   11 113760.580 110074.333  3.24%     -    0s
H    0     0                    113750.87386 110130.764  3.18%     -    0s
     0     0 110130.764    0   11 113750.874 110130.764  3.18%     -    0s
H    0     0                    113600.06192 110338.570  2.87%     -    0s
     0     0 110338.570    0    7 113600.062 110338.570  2.87%     -    0s
     0     0 110347.351    0    7 113600.062 110347.351  2.86%     -    0s
     0     0 110418.771    0    7 113600.062 110418.771  2.80%     -    0s
H    0     0                    113226.56341 110434.287  2.47%     -    0s
     0     0 110434.287    0    6 113226.563 110434.287  2.47%     -    0s
     0     0 110461.984    0    1 113226.563 110461.984  2.44%     -    0s
H    0     0                    113206.95953 110461.984  2.42%     -    0s
     0     0 110464.313    0    3 113206.960 110464.313  2.42%     -    0s
     0     0 110473.921    0    6 113206.960 110473.921  2.41%     -    0s
     0     0 110473.921    0    6 113206.960 110473.921  2.41%     -    0s
     0     2 110473.921    0    6 113206.960 110473.921  2.41%     -    0s
H  133   171                    113201.20527 110524.835  2.36%  15.9    0s
H  538   331                    113184.24564 110612.045  2.27%  22.1    0s

Cutting planes:
  Implied bound: 147
  MIR: 9
  Flow cover: 3
  Inf proof: 5
  Relax-and-lift: 4

Explored 4257 nodes (94880 simplex iterations) in 0.64 seconds (0.65 work units)
Thread count was 10 (of 10 available processors)

Solution count 10: 113184 113207 113227 ... 170726

Optimal solution found (tolerance 1.00e-04)
Best objective 1.131842456424e+05, best bound 1.131842456424e+05, gap 0.0000%

User-callback calls 8930, time in user-callback 0.01 sec

Gurobi 12.0.3 (mac64[arm]) logging started Thu Oct 16 16:46:00 2025

Set parameter LogFile to value "Logs/Facility Location Logs/bernoulli_false/L50/phase1/scenario_generation.log"
Set parameter LogToConsole to value 0

Gurobi 12.0.3 (mac64[arm]) logging started Thu Oct 16 16:46:00 2025

Set parameter LogFile to value "Logs/Facility Location Logs/bernoulli_false/L50/phase1/scenario_generation.log"
Gurobi Optimizer version 12.0.3 build v12.0.3rc0 (mac64[arm] - Darwin 24.6.0 24G84)

CPU model: Apple M4
Thread count: 10 physical cores, 10 logical processors, using up to 10 threads

Non-default parameters:
LogToConsole  0

Optimize a model with 75 rows, 1325 columns and 2575 nonzeros
Model fingerprint: 0xffa35074
Variable types: 1300 continuous, 25 integer (25 binary)
Coefficient statistics:
  Matrix range     [1e+00, 2e+04]
  Objective range  [8e-03, 8e+03]
  Bounds range     [0e+00, 0e+00]
  RHS range        [5e+02, 6e+03]
Found heuristic solution: objective 3578200.0000
Presolve removed 0 rows and 1 columns
Presolve time: 0.00s
Presolved: 75 rows, 1324 columns, 2574 nonzeros
Variable types: 1300 continuous, 24 integer (24 binary)

Root relaxation: objective 6.025817e+04, 164 iterations, 0.00 seconds (0.00 work units)

    Nodes    |    Current Node    |     Objective Bounds      |     Work
 Expl Unexpl |  Obj  Depth IntInf | Incumbent    BestBd   Gap | It/Node Time

     0     0 60258.1738    0   23 3578200.00 60258.1738  98.3%     -    0s
H    0     0                    204476.17379 60258.1738  70.5%     -    0s
H    0     0                    167459.03455 60258.1738  64.0%     -    0s
H    0     0                    124576.17144 60258.1738  51.6%     -    0s
H    0     0                    117239.74444 61574.8831  47.5%     -    0s
     0     0 65253.0423    0    9 117239.744 65253.0423  44.3%     -    0s
H    0     0                    109942.11255 65337.1400  40.6%     -    0s
H    0     0                    96186.294999 65337.1400  32.1%     -    0s
     0     0 65337.1400    0    9 96186.2950 65337.1400  32.1%     -    0s
H    0     0                    89479.591470 65337.1400  27.0%     -    0s
     0     0 65555.9845    0    8 89479.5915 65555.9845  26.7%     -    0s
H    0     0                    82820.221790 65623.5993  20.8%     -    0s
H    0     0                    75607.641532 65623.5993  13.2%     -    0s
H    0     0                    68558.155858 65623.5993  4.28%     -    0s
H    0     0                    68544.533170 65623.5993  4.26%     -    0s
     0     0 65669.0182    0    9 68544.5332 65669.0182  4.20%     -    0s
     0     0 65695.0625    0    8 68544.5332 65695.0625  4.16%     -    0s
     0     0 65719.8454    0    6 68544.5332 65719.8454  4.12%     -    0s
H    0     0                    68170.649323 65719.8454  3.60%     -    0s
H    0     0                    68007.248251 65840.4705  3.19%     -    0s
     0     0 65840.4705    0    6 68007.2483 65840.4705  3.19%     -    0s
H    0     0                    67982.720821 65845.9220  3.14%     -    0s
H    0     0                    67973.873200 65845.9220  3.13%     -    0s
     0     0 65957.8756    0    2 67973.8732 65957.8756  2.97%     -    0s
H    0     0                    67369.097011 65957.8756  2.09%     -    0s
     0     0 65958.2533    0    2 67369.0970 65958.2533  2.09%     -    0s
     0     0 65966.2186    0    2 67369.0970 65966.2186  2.08%     -    0s
     0     0 65966.2186    0    2 67369.0970 65966.2186  2.08%     -    0s
     0     2 65966.2186    0    2 67369.0970 65966.2186  2.08%     -    0s

Cutting planes:
  Implied bound: 120
  MIR: 6
  Flow cover: 1
  Relax-and-lift: 1

Explored 244 nodes (6764 simplex iterations) in 0.11 seconds (0.11 work units)
Thread count was 10 (of 10 available processors)

Solution count 10: 67369.1 67973.9 68544.5 ... 124576

Optimal solution found (tolerance 1.00e-04)
Best objective 6.736909701075e+04, best bound 6.736909701075e+04, gap 0.0000%

User-callback calls 795, time in user-callback 0.00 sec

Gurobi 12.0.3 (mac64[arm]) logging started Thu Oct 16 16:46:00 2025

Set parameter LogFile to value "Logs/Facility Location Logs/bernoulli_false/L50/phase1/scenario_generation.log"
Set parameter LogToConsole to value 0

Gurobi 12.0.3 (mac64[arm]) logging started Thu Oct 16 16:46:00 2025

Set parameter LogFile to value "Logs/Facility Location Logs/bernoulli_false/L50/phase1/scenario_generation.log"
Gurobi Optimizer version 12.0.3 build v12.0.3rc0 (mac64[arm] - Darwin 24.6.0 24G84)

CPU model: Apple M4
Thread count: 10 physical cores, 10 logical processors, using up to 10 threads

Non-default parameters:
LogToConsole  0

Optimize a model with 75 rows, 1325 columns and 2575 nonzeros
Model fingerprint: 0xf3b462b4
Variable types: 1300 continuous, 25 integer (25 binary)
Coefficient statistics:
  Matrix range     [1e+00, 2e+04]
  Objective range  [8e-03, 8e+03]
  Bounds range     [0e+00, 0e+00]
  RHS range        [1e+03, 2e+04]
Found heuristic solution: objective 5662600.0000
Presolve removed 0 rows and 1 columns
Presolve time: 0.00s
Presolved: 75 rows, 1324 columns, 2574 nonzeros
Variable types: 1300 continuous, 24 integer (24 binary)

Root relaxation: objective 1.063704e+05, 129 iterations, 0.00 seconds (0.00 work units)

    Nodes    |    Current Node    |     Objective Bounds      |     Work
 Expl Unexpl |  Obj  Depth IntInf | Incumbent    BestBd   Gap | It/Node Time

     0     0 106370.374    0   23 5662600.00 106370.374  98.1%     -    0s
H    0     0                    237244.37409 106370.374  55.2%     -    0s
H    0     0                    200683.81464 106370.374  47.0%     -    0s
H    0     0                    200495.36480 106370.374  46.9%     -    0s
H    0     0                    194572.16289 107126.140  44.9%     -    0s
H    0     0                    185486.27745 107126.140  42.2%     -    0s
H    0     0                    157884.01262 110913.101  29.8%     -    0s
H    0     0                    123008.95633 110913.101  9.83%     -    0s
     0     0 110913.101    0   11 123008.956 110913.101  9.83%     -    0s
H    0     0                    117054.62142 111035.900  5.14%     -    0s
H    0     0                    116729.24050 111035.900  4.88%     -    0s
     0     0 111035.900    0   10 116729.241 111035.900  4.88%     -    0s
     0     0 111358.088    0    8 116729.241 111358.088  4.60%     -    0s
H    0     0                    116654.37070 111405.004  4.50%     -    0s
     0     0 111405.004    0    5 116654.371 111405.004  4.50%     -    0s
H    0     0                    115988.74047 111405.004  3.95%     -    0s
H    0     0                    115234.77539 111405.004  3.32%     -    0s
     0     0 111540.566    0   11 115234.775 111540.566  3.21%     -    0s
H    0     0                    115174.09088 111546.893  3.15%     -    0s
     0     0 111546.893    0    9 115174.091 111546.893  3.15%     -    0s
H    0     0                    115087.59487 111549.564  3.07%     -    0s
     0     0 111549.564    0    9 115087.595 111549.564  3.07%     -    0s
     0     0 111694.699    0    6 115087.595 111694.699  2.95%     -    0s
H    0     0                    115050.09976 111699.523  2.91%     -    0s
     0     0 111699.523    0    5 115050.100 111699.523  2.91%     -    0s
     0     0 111699.551    0    8 115050.100 111699.551  2.91%     -    0s
     0     0 111778.811    0    4 115050.100 111778.811  2.84%     -    0s
     0     0 111788.469    0    4 115050.100 111788.469  2.83%     -    0s
     0     0 111788.469    0    4 115050.100 111788.469  2.83%     -    0s
H    0     0                    114942.47488 111788.469  2.74%     -    0s
H    0     0                    114929.23701 111788.490  2.73%     -    0s
     0     2 111788.490    0    4 114929.237 111788.490  2.73%     -    0s
H  125   168                    114906.11067 111825.839  2.68%  19.7    0s
H  165   168                    114903.93346 111825.839  2.68%  18.2    0s
H  236   199                    114593.11910 111844.372  2.40%  20.3    0s
H  245   199                    114539.96241 111844.372  2.35%  20.5    0s

Cutting planes:
  Implied bound: 128
  MIR: 10
  Flow cover: 1
  Inf proof: 1
  Relax-and-lift: 5

Explored 3227 nodes (69797 simplex iterations) in 0.50 seconds (0.49 work units)
Thread count was 10 (of 10 available processors)

Solution count 10: 114540 114593 114904 ... 157884

Optimal solution found (tolerance 1.00e-04)
Best objective 1.145399624119e+05, best bound 1.145399624119e+05, gap 0.0000%

User-callback calls 6847, time in user-callback 0.00 sec

Gurobi 12.0.3 (mac64[arm]) logging started Thu Oct 16 16:46:01 2025

Set parameter LogFile to value "Logs/Facility Location Logs/bernoulli_false/L50/phase1/scenario_generation.log"
Set parameter LogToConsole to value 0

Gurobi 12.0.3 (mac64[arm]) logging started Thu Oct 16 16:46:01 2025

Set parameter LogFile to value "Logs/Facility Location Logs/bernoulli_false/L50/phase1/scenario_generation.log"
Gurobi Optimizer version 12.0.3 build v12.0.3rc0 (mac64[arm] - Darwin 24.6.0 24G84)

CPU model: Apple M4
Thread count: 10 physical cores, 10 logical processors, using up to 10 threads

Non-default parameters:
LogToConsole  0

Optimize a model with 75 rows, 1325 columns and 2575 nonzeros
Model fingerprint: 0x1005288d
Variable types: 1300 continuous, 25 integer (25 binary)
Coefficient statistics:
  Matrix range     [1e+00, 2e+04]
  Objective range  [8e-03, 8e+03]
  Bounds range     [0e+00, 0e+00]
  RHS range        [9e+02, 1e+04]
Found heuristic solution: objective 4960100.0000
Presolve removed 0 rows and 1 columns
Presolve time: 0.00s
Presolved: 75 rows, 1324 columns, 2574 nonzeros
Variable types: 1300 continuous, 24 integer (24 binary)

Root relaxation: objective 9.060754e+04, 106 iterations, 0.00 seconds (0.00 work units)

    Nodes    |    Current Node    |     Objective Bounds      |     Work
 Expl Unexpl |  Obj  Depth IntInf | Incumbent    BestBd   Gap | It/Node Time

     0     0 90607.5369    0   24 4960100.00 90607.5369  98.2%     -    0s
H    0     0                    228506.53694 90607.5369  60.3%     -    0s
H    0     0                    206279.55692 90607.5369  56.1%     -    0s
H    0     0                    198867.74227 90607.5369  54.4%     -    0s
H    0     0                    191505.62764 90607.5369  52.7%     -    0s
H    0     0                    184976.87117 95274.2815  48.5%     -    0s
H    0     0                    147942.78176 95274.2815  35.6%     -    0s
H    0     0                    113090.90875 95274.2815  15.8%     -    0s
     0     0 95274.2815    0   12 113090.909 95274.2815  15.8%     -    0s
H    0     0                    99489.051471 95374.7445  4.14%     -    0s
     0     0 95374.7445    0   12 99489.0515 95374.7445  4.14%     -    0s
H    0     0                    98813.786552 95374.7445  3.48%     -    0s
     0     0 95798.6330    0    8 98813.7866 95798.6330  3.05%     -    0s
     0     0 95869.9362    0    7 98813.7866 95869.9362  2.98%     -    0s
H    0     0                    98750.042599 96029.3310  2.76%     -    0s
     0     0 96029.3310    0   10 98750.0426 96029.3310  2.76%     -    0s
     0     0 96061.2318    0   10 98750.0426 96061.2318  2.72%     -    0s
     0     0 96191.4041    0    3 98750.0426 96191.4041  2.59%     -    0s
     0     0 96198.6315    0    2 98750.0426 96198.6315  2.58%     -    0s
     0     0 96247.1758    0    1 98750.0426 96247.1758  2.53%     -    0s
H    0     0                    98663.525685 96247.1758  2.45%     -    0s
     0     0 96249.2081    0    4 98663.5257 96249.2081  2.45%     -    0s
     0     0 96249.2081    0    4 98663.5257 96249.2081  2.45%     -    0s
     0     2 96249.2168    0    4 98663.5257 96249.2168  2.45%     -    0s

Cutting planes:
  Implied bound: 176
  MIR: 7
  Flow cover: 3
  Relax-and-lift: 6

Explored 5598 nodes (114352 simplex iterations) in 0.77 seconds (0.77 work units)
Thread count was 10 (of 10 available processors)

Solution count 10: 98663.5 98750 98813.8 ... 206280

Optimal solution found (tolerance 1.00e-04)
Best objective 9.866352568537e+04, best bound 9.866352568537e+04, gap 0.0000%

User-callback calls 11601, time in user-callback 0.00 sec

Gurobi 12.0.3 (mac64[arm]) logging started Thu Oct 16 16:46:01 2025

Set parameter LogFile to value "Logs/Facility Location Logs/bernoulli_false/L50/phase1/scenario_generation.log"
Set parameter LogToConsole to value 0

Gurobi 12.0.3 (mac64[arm]) logging started Thu Oct 16 16:46:01 2025

Set parameter LogFile to value "Logs/Facility Location Logs/bernoulli_false/L50/phase1/scenario_generation.log"
Gurobi Optimizer version 12.0.3 build v12.0.3rc0 (mac64[arm] - Darwin 24.6.0 24G84)

CPU model: Apple M4
Thread count: 10 physical cores, 10 logical processors, using up to 10 threads

Non-default parameters:
LogToConsole  0

Optimize a model with 75 rows, 1325 columns and 2575 nonzeros
Model fingerprint: 0x5cff19e1
Variable types: 1300 continuous, 25 integer (25 binary)
Coefficient statistics:
  Matrix range     [1e+00, 2e+04]
  Objective range  [8e-03, 8e+03]
  Bounds range     [0e+00, 0e+00]
  RHS range        [2e+03, 1e+04]
Found heuristic solution: objective 6902250.0000
Presolve removed 0 rows and 1 columns
Presolve time: 0.00s
Presolved: 75 rows, 1324 columns, 2574 nonzeros
Variable types: 1300 continuous, 24 integer (24 binary)

Root relaxation: objective 1.140660e+05, 130 iterations, 0.00 seconds (0.00 work units)

    Nodes    |    Current Node    |     Objective Bounds      |     Work
 Expl Unexpl |  Obj  Depth IntInf | Incumbent    BestBd   Gap | It/Node Time

     0     0 114066.034    0   24 6902250.00 114066.034  98.3%     -    0s
H    0     0                    232543.53351 114066.034  50.9%     -    0s
H    0     0                    225110.46677 114066.034  49.3%     -    0s
H    0     0                    211052.56689 114066.034  46.0%     -    0s
H    0     0                    208097.09797 114066.034  45.2%     -    0s
H    0     0                    196498.44299 114286.126  41.8%     -    0s
H    0     0                    192559.35768 114286.126  40.6%     -    0s
H    0     0                    190392.44486 114286.126  40.0%     -    0s
H    0     0                    189726.27561 119099.703  37.2%     -    0s
H    0     0                    155441.56130 119099.703  23.4%     -    0s
     0     0 119099.703    0    8 155441.561 119099.703  23.4%     -    0s
H    0     0                    154312.40082 119203.807  22.8%     -    0s
H    0     0                    126323.20781 119203.807  5.64%     -    0s
     0     0 119203.807    0    8 126323.208 119203.807  5.64%     -    0s
H    0     0                    125153.64325 119203.807  4.75%     -    0s
     0     0 119592.253    0    6 125153.643 119592.253  4.44%     -    0s
     0     0 119624.757    0    8 125153.643 119624.757  4.42%     -    0s
     0     0 119630.577    0    8 125153.643 119630.577  4.41%     -    0s
     0     0 119694.933    0    7 125153.643 119694.933  4.36%     -    0s
     0     0 119697.159    0    6 125153.643 119697.159  4.36%     -    0s
     0     0 119736.893    0    5 125153.643 119736.893  4.33%     -    0s
H    0     0                    124917.00666 119736.916  4.15%     -    0s
     0     0 119737.806    0    6 124917.007 119737.806  4.15%     -    0s
     0     0 119748.904    0    7 124917.007 119748.904  4.14%     -    0s
     0     0 119748.904    0    7 124917.007 119748.904  4.14%     -    0s
     0     2 119748.920    0    7 124917.007 119748.920  4.14%     -    0s
* 2737   914              12    124870.79762 120445.315  3.54%  24.6    0s

Cutting planes:
  Implied bound: 224
  MIR: 11
  Flow cover: 3
  Inf proof: 37
  Relax-and-lift: 5

Explored 8818 nodes (229887 simplex iterations) in 1.59 seconds (1.82 work units)
Thread count was 10 (of 10 available processors)

Solution count 10: 124871 124917 125154 ... 196498

Optimal solution found (tolerance 1.00e-04)
Best objective 1.248707976186e+05, best bound 1.248707976186e+05, gap 0.0000%

User-callback calls 18157, time in user-callback 0.00 sec

Gurobi 12.0.3 (mac64[arm]) logging started Thu Oct 16 16:46:03 2025

Set parameter LogFile to value "Logs/Facility Location Logs/bernoulli_false/L50/phase1/scenario_generation.log"
Set parameter LogToConsole to value 0

Gurobi 12.0.3 (mac64[arm]) logging started Thu Oct 16 16:46:03 2025

Set parameter LogFile to value "Logs/Facility Location Logs/bernoulli_false/L50/phase1/scenario_generation.log"
Gurobi Optimizer version 12.0.3 build v12.0.3rc0 (mac64[arm] - Darwin 24.6.0 24G84)

CPU model: Apple M4
Thread count: 10 physical cores, 10 logical processors, using up to 10 threads

Non-default parameters:
LogToConsole  0

Optimize a model with 75 rows, 1325 columns and 2575 nonzeros
Model fingerprint: 0xe9d5d69f
Variable types: 1300 continuous, 25 integer (25 binary)
Coefficient statistics:
  Matrix range     [1e+00, 2e+04]
  Objective range  [8e-03, 8e+03]
  Bounds range     [0e+00, 0e+00]
  RHS range        [8e+02, 1e+04]
Found heuristic solution: objective 5063250.0000
Presolve removed 0 rows and 1 columns
Presolve time: 0.00s
Presolved: 75 rows, 1324 columns, 2574 nonzeros
Variable types: 1300 continuous, 24 integer (24 binary)

Root relaxation: objective 9.778935e+04, 142 iterations, 0.00 seconds (0.00 work units)

    Nodes    |    Current Node    |     Objective Bounds      |     Work
 Expl Unexpl |  Obj  Depth IntInf | Incumbent    BestBd   Gap | It/Node Time

     0     0 97789.3525    0   24 5063250.00 97789.3525  98.1%     -    0s
H    0     0                    234656.85254 97789.3525  58.3%     -    0s
H    0     0                    212449.42033 97789.3525  54.0%     -    0s
H    0     0                    205034.85927 97789.3525  52.3%     -    0s
H    0     0                    202329.84957 97789.3525  51.7%     -    0s
H    0     0                    177956.40637 98793.0369  44.5%     -    0s
H    0     0                    170636.01118 98793.0369  42.1%     -    0s
H    0     0                    154791.57587 102547.678  33.8%     -    0s
H    0     0                    128092.28115 102547.678  19.9%     -    0s
H    0     0                    115157.46761 102547.678  11.0%     -    0s
     0     0 102547.678    0   10 115157.468 102547.678  11.0%     -    0s
H    0     0                    106083.99245 102676.570  3.21%     -    0s
     0     0 102676.570    0   10 106083.992 102676.570  3.21%     -    0s
     0     0 103029.464    0    8 106083.992 103029.464  2.88%     -    0s
H    0     0                    105658.84749 103077.597  2.44%     -    0s
     0     0 103149.869    0    8 105658.847 103149.869  2.37%     -    0s
H    0     0                    105273.56074 103289.145  1.89%     -    0s
     0     0 103289.145    0    9 105273.561 103289.145  1.89%     -    0s
     0     0 103435.825    0    6 105273.561 103435.825  1.75%     -    0s
     0     0 103437.030    0    7 105273.561 103437.030  1.74%     -    0s
     0     0 103478.646    0    6 105273.561 103478.646  1.71%     -    0s
     0     0 103488.138    0    7 105273.561 103488.138  1.70%     -    0s
     0     0 103488.537    0    6 105273.561 103488.537  1.70%     -    0s
     0     0 103509.621    0    7 105273.561 103509.621  1.68%     -    0s
     0     0 103509.621    0    7 105273.561 103509.621  1.68%     -    0s
     0     2 103509.621    0    7 105273.561 103509.621  1.68%     -    0s
*  322   181               5    105231.61881 103758.291  1.40%  21.2    0s

Cutting planes:
  Implied bound: 105
  MIR: 12
  Flow cover: 9
  Relax-and-lift: 9

Explored 1032 nodes (25010 simplex iterations) in 0.24 seconds (0.24 work units)
Thread count was 10 (of 10 available processors)

Solution count 10: 105232 105274 106084 ... 205035

Optimal solution found (tolerance 1.00e-04)
Best objective 1.052316188094e+05, best bound 1.052316188094e+05, gap 0.0000%

User-callback calls 2412, time in user-callback 0.00 sec

Gurobi 12.0.3 (mac64[arm]) logging started Thu Oct 16 16:46:03 2025

Set parameter LogFile to value "Logs/Facility Location Logs/bernoulli_false/L50/phase1/scenario_generation.log"
Set parameter LogToConsole to value 0

Gurobi 12.0.3 (mac64[arm]) logging started Thu Oct 16 16:46:03 2025

Set parameter LogFile to value "Logs/Facility Location Logs/bernoulli_false/L50/phase1/scenario_generation.log"
Gurobi Optimizer version 12.0.3 build v12.0.3rc0 (mac64[arm] - Darwin 24.6.0 24G84)

CPU model: Apple M4
Thread count: 10 physical cores, 10 logical processors, using up to 10 threads

Non-default parameters:
LogToConsole  0

Optimize a model with 75 rows, 1325 columns and 2575 nonzeros
Model fingerprint: 0x76f3763e
Variable types: 1300 continuous, 25 integer (25 binary)
Coefficient statistics:
  Matrix range     [1e+00, 2e+04]
  Objective range  [8e-03, 8e+03]
  Bounds range     [0e+00, 0e+00]
  RHS range        [1e+03, 2e+04]
Found heuristic solution: objective 5650100.0000
Presolve removed 0 rows and 1 columns
Presolve time: 0.00s
Presolved: 75 rows, 1324 columns, 2574 nonzeros
Variable types: 1300 continuous, 24 integer (24 binary)

Root relaxation: objective 1.113819e+05, 136 iterations, 0.00 seconds (0.00 work units)

    Nodes    |    Current Node    |     Objective Bounds      |     Work
 Expl Unexpl |  Obj  Depth IntInf | Incumbent    BestBd   Gap | It/Node Time

     0     0 111381.893    0   23 5650100.00 111381.893  98.0%     -    0s
H    0     0                    242380.89288 111381.893  54.0%     -    0s
H    0     0                    213344.97981 111381.893  47.8%     -    0s
H    0     0                    206004.51944 111381.893  45.9%     -    0s
H    0     0                    184590.19239 111707.857  39.5%     -    0s
H    0     0                    163042.85732 115809.819  29.0%     -    0s
H    0     0                    128758.81805 115809.819  10.1%     -    0s
     0     0 115809.819    0   11 128758.818 115809.819  10.1%     -    0s
H    0     0                    124421.54193 115865.196  6.88%     -    0s
H    0     0                    121611.95420 115865.196  4.73%     -    0s
     0     0 115865.196    0   11 121611.954 115865.196  4.73%     -    0s
H    0     0                    120306.18299 115865.196  3.69%     -    0s
     0     0 116300.618    0   10 120306.183 116300.618  3.33%     -    0s
H    0     0                    119893.59530 116343.473  2.96%     -    0s
     0     0 116343.473    0   10 119893.595 116343.473  2.96%     -    0s
     0     0 116516.496    0   10 119893.595 116516.496  2.82%     -    0s
     0     0 116535.571    0   10 119893.595 116535.571  2.80%     -    0s
H    0     0                    119416.86048 116621.078  2.34%     -    0s
     0     0 116621.078    0    8 119416.860 116621.078  2.34%     -    0s
H    0     0                    119400.35477 116621.894  2.33%     -    0s
     0     0 116622.969    0    5 119400.355 116622.969  2.33%     -    0s
     0     0 116639.025    0    2 119400.355 116639.025  2.31%     -    0s
H    0     0                    119394.81426 116639.025  2.31%     -    0s
     0     0 116676.159    0    3 119394.814 116676.159  2.28%     -    0s
     0     0 116676.283    0    3 119394.814 116676.283  2.28%     -    0s
     0     0 116702.744    0    5 119394.814 116702.744  2.25%     -    0s
     0     0 116707.983    0    3 119394.814 116707.983  2.25%     -    0s
     0     0 116708.001    0    3 119394.814 116708.001  2.25%     -    0s
     0     0 116734.614    0    5 119394.814 116734.614  2.23%     -    0s
     0     0 116734.614    0    5 119394.814 116734.614  2.23%     -    0s
     0     2 116734.629    0    5 119394.814 116734.629  2.23%     -    0s

Cutting planes:
  Implied bound: 127
  MIR: 8
  Flow cover: 3
  Relax-and-lift: 4

Explored 4938 nodes (111103 simplex iterations) in 0.69 seconds (0.71 work units)
Thread count was 10 (of 10 available processors)

Solution count 10: 119395 119400 119417 ... 206005

Optimal solution found (tolerance 1.00e-04)
Best objective 1.193948142591e+05, best bound 1.193948142591e+05, gap 0.0000%

User-callback calls 10308, time in user-callback 0.00 sec

Gurobi 12.0.3 (mac64[arm]) logging started Thu Oct 16 16:46:04 2025

Set parameter LogFile to value "Logs/Facility Location Logs/bernoulli_false/L50/phase1/scenario_generation.log"
Set parameter LogToConsole to value 0

Gurobi 12.0.3 (mac64[arm]) logging started Thu Oct 16 16:46:04 2025

Set parameter LogFile to value "Logs/Facility Location Logs/bernoulli_false/L50/phase1/scenario_generation.log"
Gurobi Optimizer version 12.0.3 build v12.0.3rc0 (mac64[arm] - Darwin 24.6.0 24G84)

CPU model: Apple M4
Thread count: 10 physical cores, 10 logical processors, using up to 10 threads

Non-default parameters:
LogToConsole  0

Optimize a model with 75 rows, 1325 columns and 2575 nonzeros
Model fingerprint: 0x10df4f7e
Variable types: 1300 continuous, 25 integer (25 binary)
Coefficient statistics:
  Matrix range     [1e+00, 2e+04]
  Objective range  [8e-03, 8e+03]
  Bounds range     [0e+00, 0e+00]
  RHS range        [8e+02, 2e+04]
Found heuristic solution: objective 5030750.0000
Presolve removed 0 rows and 1 columns
Presolve time: 0.00s
Presolved: 75 rows, 1324 columns, 2574 nonzeros
Variable types: 1300 continuous, 24 integer (24 binary)

Root relaxation: objective 9.912324e+04, 146 iterations, 0.00 seconds (0.00 work units)

    Nodes    |    Current Node    |     Objective Bounds      |     Work
 Expl Unexpl |  Obj  Depth IntInf | Incumbent    BestBd   Gap | It/Node Time

     0     0 99123.2423    0   22 5030750.00 99123.2423  98.0%     -    0s
H    0     0                    228815.74234 99123.2423  56.7%     -    0s
H    0     0                    192234.15240 99123.2423  48.4%     -    0s
H    0     0                    185048.46536 99123.2423  46.4%     -    0s
H    0     0                    184629.76614 99509.8161  46.1%     -    0s
H    0     0                    155300.09103 103556.685  33.3%     -    0s
H    0     0                    127579.98212 103556.685  18.8%     -    0s
H    0     0                    114351.69118 103556.685  9.44%     -    0s
H    0     0                    114145.77706 103556.685  9.28%     -    0s
     0     0 103556.685    0    9 114145.777 103556.685  9.28%     -    0s
     0     0 103648.097    0    9 114145.777 103648.097  9.20%     -    0s
H    0     0                    108675.67046 103648.097  4.63%     -    0s
     0     0 104002.421    0    6 108675.670 104002.421  4.30%     -    0s
H    0     0                    106848.40011 104009.995  2.66%     -    0s
     0     0 104037.668    0    5 106848.400 104037.668  2.63%     -    0s
H    0     0                    106185.02806 104037.668  2.02%     -    0s
     0     0 104130.666    0    7 106185.028 104130.666  1.93%     -    0s
     0     0 104156.343    0    7 106185.028 104156.343  1.91%     -    0s
     0     0 104156.343    0    6 106185.028 104156.343  1.91%     -    0s
     0     0 104272.381    0    3 106185.028 104272.381  1.80%     -    0s
     0     0 104273.352    0    3 106185.028 104273.352  1.80%     -    0s
     0     0 104308.464    0    1 106185.028 104308.464  1.77%     -    0s
     0     0 104311.231    0    5 106185.028 104311.231  1.76%     -    0s
     0     0 104311.231    0    5 106185.028 104311.231  1.76%     -    0s
     0     2 104311.257    0    5 106185.028 104311.257  1.76%     -    0s

Cutting planes:
  Implied bound: 73
  MIR: 2
  Flow cover: 1
  Relax-and-lift: 3

Explored 519 nodes (11405 simplex iterations) in 0.15 seconds (0.14 work units)
Thread count was 10 (of 10 available processors)

Solution count 10: 106185 108676 114146 ... 5.03075e+06

Optimal solution found (tolerance 1.00e-04)
Best objective 1.061850280614e+05, best bound 1.061850280614e+05, gap 0.0000%

User-callback calls 1351, time in user-callback 0.00 sec

Gurobi 12.0.3 (mac64[arm]) logging started Thu Oct 16 16:46:04 2025

Set parameter LogFile to value "Logs/Facility Location Logs/bernoulli_false/L50/phase1/scenario_generation.log"
Set parameter LogToConsole to value 0

Gurobi 12.0.3 (mac64[arm]) logging started Thu Oct 16 16:46:04 2025

Set parameter LogFile to value "Logs/Facility Location Logs/bernoulli_false/L50/phase1/scenario_generation.log"
Gurobi Optimizer version 12.0.3 build v12.0.3rc0 (mac64[arm] - Darwin 24.6.0 24G84)

CPU model: Apple M4
Thread count: 10 physical cores, 10 logical processors, using up to 10 threads

Non-default parameters:
LogToConsole  0

Optimize a model with 75 rows, 1325 columns and 2575 nonzeros
Model fingerprint: 0xf7242712
Variable types: 1300 continuous, 25 integer (25 binary)
Coefficient statistics:
  Matrix range     [1e+00, 2e+04]
  Objective range  [8e-03, 8e+03]
  Bounds range     [0e+00, 0e+00]
  RHS range        [1e+03, 8e+03]
Found heuristic solution: objective 5655950.0000
Presolve removed 0 rows and 1 columns
Presolve time: 0.00s
Presolved: 75 rows, 1324 columns, 2574 nonzeros
Variable types: 1300 continuous, 24 integer (24 binary)

Root relaxation: objective 9.099212e+04, 142 iterations, 0.00 seconds (0.00 work units)

    Nodes    |    Current Node    |     Objective Bounds      |     Work
 Expl Unexpl |  Obj  Depth IntInf | Incumbent    BestBd   Gap | It/Node Time

     0     0 90992.1224    0   24 5655950.00 90992.1224  98.4%     -    0s
H    0     0                    221932.62238 90992.1224  59.0%     -    0s
H    0     0                    193889.33387 90992.1224  53.1%     -    0s
H    0     0                    166414.74261 90992.1224  45.3%     -    0s
H    0     0                    141356.03598 96154.2374  32.0%     -    0s
H    0     0                    107581.61950 96154.2374  10.6%     -    0s
H    0     0                    100735.49365 96154.2374  4.55%     -    0s
     0     0 96154.2374    0   12 100735.494 96154.2374  4.55%     -    0s
     0     0 96205.2263    0   12 100735.494 96205.2263  4.50%     -    0s
     0     0 96678.6714    0   11 100735.494 96678.6714  4.03%     -    0s
     0     0 96727.3630    0   11 100735.494 96727.3630  3.98%     -    0s
     0     0 96729.7280    0   12 100735.494 96729.7280  3.98%     -    0s
     0     0 96729.9667    0   11 100735.494 96729.9667  3.98%     -    0s
H    0     0                    99892.042529 96943.5648  2.95%     -    0s
     0     0 96943.5648    0    9 99892.0425 96943.5648  2.95%     -    0s
     0     0 96957.7039    0   11 99892.0425 96957.7039  2.94%     -    0s
     0     0 96957.9697    0   11 99892.0425 96957.9697  2.94%     -    0s
     0     0 97053.3441    0    7 99892.0425 97053.3441  2.84%     -    0s
     0     0 97057.4279    0    7 99892.0425 97057.4279  2.84%     -    0s
     0     0 97096.3658    0    9 99892.0425 97096.3658  2.80%     -    0s
     0     0 97098.4792    0    9 99892.0425 97098.4792  2.80%     -    0s
     0     0 97102.7500    0   11 99892.0425 97102.7500  2.79%     -    0s
     0     0 97103.3636    0   11 99892.0425 97103.3636  2.79%     -    0s
H    0     0                    99854.227015 97103.3636  2.75%     -    0s
     0     2 97103.3653    0   11 99854.2270 97103.3653  2.75%     -    0s
H 3400  1328                    99842.789447 97733.3537  2.11%  20.0    0s

Cutting planes:
  Gomory: 1
  Implied bound: 80
  MIR: 36
  Flow cover: 2
  Inf proof: 1
  Relax-and-lift: 5

Explored 23881 nodes (478858 simplex iterations) in 3.02 seconds (3.27 work units)
Thread count was 10 (of 10 available processors)

Solution count 10: 99842.8 99854.2 99892 ... 5.65595e+06

Optimal solution found (tolerance 1.00e-04)
Best objective 9.984278944669e+04, best bound 9.984278944669e+04, gap 0.0000%

User-callback calls 48691, time in user-callback 0.01 sec

Gurobi 12.0.3 (mac64[arm]) logging started Thu Oct 16 16:46:07 2025

Set parameter LogFile to value "Logs/Facility Location Logs/bernoulli_false/L50/phase1/scenario_generation.log"
Set parameter LogToConsole to value 0

Gurobi 12.0.3 (mac64[arm]) logging started Thu Oct 16 16:46:07 2025

Set parameter LogFile to value "Logs/Facility Location Logs/bernoulli_false/L50/phase1/scenario_generation.log"
Gurobi Optimizer version 12.0.3 build v12.0.3rc0 (mac64[arm] - Darwin 24.6.0 24G84)

CPU model: Apple M4
Thread count: 10 physical cores, 10 logical processors, using up to 10 threads

Non-default parameters:
LogToConsole  0

Optimize a model with 75 rows, 1325 columns and 2575 nonzeros
Model fingerprint: 0xba6fba76
Variable types: 1300 continuous, 25 integer (25 binary)
Coefficient statistics:
  Matrix range     [1e+00, 2e+04]
  Objective range  [8e-03, 8e+03]
  Bounds range     [0e+00, 0e+00]
  RHS range        [7e+02, 2e+04]
Found heuristic solution: objective 4800700.0000
Presolve removed 0 rows and 1 columns
Presolve time: 0.00s
Presolved: 75 rows, 1324 columns, 2574 nonzeros
Variable types: 1300 continuous, 24 integer (24 binary)

Root relaxation: objective 9.811702e+04, 176 iterations, 0.00 seconds (0.00 work units)

    Nodes    |    Current Node    |     Objective Bounds      |     Work
 Expl Unexpl |  Obj  Depth IntInf | Incumbent    BestBd   Gap | It/Node Time

     0     0 98117.0172    0   22 4800700.00 98117.0172  98.0%     -    0s
H    0     0                    230110.01723 98117.0172  57.4%     -    0s
H    0     0                    207988.17783 98117.0172  52.8%     -    0s
H    0     0                    166236.90077 98117.0172  41.0%     -    0s
H    0     0                    157621.65618 102764.065  34.8%     -    0s
H    0     0                    122807.83297 102764.065  16.3%     -    0s
H    0     0                    110945.36602 102764.065  7.37%     -    0s
     0     0 102764.065    0   10 110945.366 102764.065  7.37%     -    0s
H    0     0                    108835.90595 102869.811  5.48%     -    0s
     0     0 102869.811    0   10 108835.906 102869.811  5.48%     -    0s
     0     0 103100.748    0    8 108835.906 103100.748  5.27%     -    0s
H    0     0                    108657.21118 103110.004  5.11%     -    0s
     0     0 103110.004    0    7 108657.211 103110.004  5.11%     -    0s
H    0     0                    108206.11422 103350.267  4.49%     -    0s
     0     0 103350.267    0    6 108206.114 103350.267  4.49%     -    0s
     0     0 103378.185    0    6 108206.114 103378.185  4.46%     -    0s
     0     0 103481.583    0    5 108206.114 103481.583  4.37%     -    0s
H    0     0                    108138.73598 103495.518  4.29%     -    0s
H    0     0                    107644.15953 103495.518  3.85%     -    0s
     0     0 103495.518    0    4 107644.160 103495.518  3.85%     -    0s
     0     0 103495.518    0    4 107644.160 103495.518  3.85%     -    0s
     0     0 103544.751    0    1 107644.160 103544.751  3.81%     -    0s
     0     0 103555.530    0    3 107644.160 103555.530  3.80%     -    0s
     0     0 103555.589    0    3 107644.160 103555.589  3.80%     -    0s
H    0     2                    107618.97232 103555.589  3.78%     -    0s
     0     2 103555.589    0    3 107618.972 103555.589  3.78%     -    0s
H   26    74                    107594.15419 103594.327  3.72%  27.0    0s
H   31    74                    107580.72131 103624.153  3.68%  23.4    0s
H  377   285                    107554.79115 103740.221  3.55%  21.0    0s
*  509   318               7    107533.28381 103867.635  3.41%  21.1    0s
* 2193    13              14    107505.73640 105663.870  1.71%  24.9    0s

Cutting planes:
  Implied bound: 106
  MIR: 8
  Flow cover: 5
  Inf proof: 4
  Relax-and-lift: 5

Explored 2261 nodes (56507 simplex iterations) in 0.40 seconds (0.40 work units)
Thread count was 10 (of 10 available processors)

Solution count 10: 107506 107533 107555 ... 230110

Optimal solution found (tolerance 1.00e-04)
Best objective 1.075057364018e+05, best bound 1.075057364018e+05, gap 0.0000%

User-callback calls 4915, time in user-callback 0.00 sec

Gurobi 12.0.3 (mac64[arm]) logging started Thu Oct 16 16:46:08 2025

Set parameter LogFile to value "Logs/Facility Location Logs/bernoulli_false/L50/phase1/scenario_generation.log"
Set parameter LogToConsole to value 0

Gurobi 12.0.3 (mac64[arm]) logging started Thu Oct 16 16:46:08 2025

Set parameter LogFile to value "Logs/Facility Location Logs/bernoulli_false/L50/phase1/scenario_generation.log"
Gurobi Optimizer version 12.0.3 build v12.0.3rc0 (mac64[arm] - Darwin 24.6.0 24G84)

CPU model: Apple M4
Thread count: 10 physical cores, 10 logical processors, using up to 10 threads

Non-default parameters:
LogToConsole  0

Optimize a model with 75 rows, 1325 columns and 2575 nonzeros
Model fingerprint: 0x8bddf3dc
Variable types: 1300 continuous, 25 integer (25 binary)
Coefficient statistics:
  Matrix range     [1e+00, 2e+04]
  Objective range  [8e-03, 8e+03]
  Bounds range     [0e+00, 0e+00]
  RHS range        [3e+02, 1e+04]
Found heuristic solution: objective 3774400.0000
Presolve removed 0 rows and 1 columns
Presolve time: 0.00s
Presolved: 75 rows, 1324 columns, 2574 nonzeros
Variable types: 1300 continuous, 24 integer (24 binary)

Root relaxation: objective 7.714126e+04, 164 iterations, 0.00 seconds (0.00 work units)

    Nodes    |    Current Node    |     Objective Bounds      |     Work
 Expl Unexpl |  Obj  Depth IntInf | Incumbent    BestBd   Gap | It/Node Time

     0     0 77141.2584    0   22 3774400.00 77141.2584  98.0%     -    0s
H    0     0                    211897.25845 77141.2584  63.6%     -    0s
H    0     0                    167460.05970 77141.2584  53.9%     -    0s
H    0     0                    118370.07164 77141.2584  34.8%     -    0s
H    0     0                    111565.64465 77141.2584  30.9%     -    0s
H    0     0                    111275.07751 81900.5020  26.4%     -    0s
     0     0 81900.5020    0    5 111275.078 81900.5020  26.4%     -    0s
     0     0 81965.9504    0    5 111275.078 81965.9504  26.3%     -    0s
H    0     0                    110721.11833 81965.9504  26.0%     -    0s
H    0     0                    106092.21175 81965.9504  22.7%     -    0s
H    0     0                    104765.02918 81965.9504  21.8%     -    0s
H    0     0                    96624.655165 82108.8937  15.0%     -    0s
     0     0 82108.8937    0    7 96624.6552 82108.8937  15.0%     -    0s
H    0     0                    89318.371012 82204.9042  7.96%     -    0s
H    0     0                    89290.184025 82204.9042  7.94%     -    0s
H    0     0                    89185.249284 82204.9042  7.83%     -    0s
     0     0 82204.9042    0    5 89185.2493 82204.9042  7.83%     -    0s
     0     0 82222.5050    0    6 89185.2493 82222.5050  7.81%     -    0s
     0     0 82313.7529    0    4 89185.2493 82313.7529  7.70%     -    0s
     0     0 82330.3579    0    4 89185.2493 82330.3579  7.69%     -    0s
     0     0 82338.7550    0    4 89185.2493 82338.7550  7.68%     -    0s
     0     0 82418.5446    0    4 89185.2493 82418.5446  7.59%     -    0s
     0     0 82423.6013    0    4 89185.2493 82423.6013  7.58%     -    0s
H    0     0                    88677.988568 82468.9879  7.00%     -    0s
H    0     0                    88626.745380 82478.0442  6.94%     -    0s
     0     0 82636.6690    0    1 88626.7454 82636.6690  6.76%     -    0s
     0     0 82805.7037    0    2 88626.7454 82805.7037  6.57%     -    0s
     0     0 82817.6549    0    2 88626.7454 82817.6549  6.55%     -    0s
     0     2 82817.6549    0    2 88626.7454 82817.6549  6.55%     -    0s
H  335   281                    88608.286965 83005.4308  6.32%  16.1    0s
*  577   307               6    88530.686777 83508.8139  5.67%  17.9    0s
*  600   307               7    88437.168104 83514.1852  5.57%  18.0    0s

Cutting planes:
  Implied bound: 131
  MIR: 4
  Flow cover: 2
  Inf proof: 7
  Relax-and-lift: 3

Explored 3180 nodes (56924 simplex iterations) in 0.41 seconds (0.41 work units)
Thread count was 10 (of 10 available processors)

Solution count 10: 88437.2 88530.7 88608.3 ... 110721

Optimal solution found (tolerance 1.00e-04)
Best objective 8.843716810425e+04, best bound 8.843716810425e+04, gap 0.0000%

User-callback calls 6726, time in user-callback 0.00 sec

Gurobi 12.0.3 (mac64[arm]) logging started Thu Oct 16 16:46:08 2025

Set parameter LogFile to value "Logs/Facility Location Logs/bernoulli_false/L50/phase1/scenario_generation.log"
Set parameter LogToConsole to value 0

Gurobi 12.0.3 (mac64[arm]) logging started Thu Oct 16 16:46:08 2025

Set parameter LogFile to value "Logs/Facility Location Logs/bernoulli_false/L50/phase1/scenario_generation.log"
Gurobi Optimizer version 12.0.3 build v12.0.3rc0 (mac64[arm] - Darwin 24.6.0 24G84)

CPU model: Apple M4
Thread count: 10 physical cores, 10 logical processors, using up to 10 threads

Non-default parameters:
LogToConsole  0

Optimize a model with 75 rows, 1325 columns and 2575 nonzeros
Model fingerprint: 0x0dc17694
Variable types: 1300 continuous, 25 integer (25 binary)
Coefficient statistics:
  Matrix range     [1e+00, 2e+04]
  Objective range  [8e-03, 8e+03]
  Bounds range     [0e+00, 0e+00]
  RHS range        [6e+02, 1e+04]
Found heuristic solution: objective 4283450.0000
Presolve removed 0 rows and 1 columns
Presolve time: 0.00s
Presolved: 75 rows, 1324 columns, 2574 nonzeros
Variable types: 1300 continuous, 24 integer (24 binary)

Root relaxation: objective 8.387755e+04, 107 iterations, 0.00 seconds (0.00 work units)

    Nodes    |    Current Node    |     Objective Bounds      |     Work
 Expl Unexpl |  Obj  Depth IntInf | Incumbent    BestBd   Gap | It/Node Time

     0     0 83877.5529    0   23 4283450.00 83877.5529  98.0%     -    0s
H    0     0                    221043.05290 83877.5529  62.1%     -    0s
H    0     0                    191427.26824 83877.5529  56.2%     -    0s
H    0     0                    177673.28704 83877.5529  52.8%     -    0s
H    0     0                    156914.66654 83877.5529  46.5%     -    0s
     0     0 88668.8088    0   12 156914.667 88668.8088  43.5%     -    0s
H    0     0                    141107.02598 88690.1383  37.1%     -    0s
H    0     0                    105698.64122 88690.1383  16.1%     -    0s
H    0     0                    92214.074249 88690.1383  3.82%     -    0s
H    0     0                    91984.658978 88690.1383  3.58%     -    0s
     0     0 88690.1383    0   12 91984.6590 88690.1383  3.58%     -    0s
H    0     0                    91228.085065 89124.5022  2.31%     -    0s
     0     0 89152.1769    0    7 91228.0851 89152.1769  2.28%     -    0s
     0     0 89200.1574    0    6 91228.0851 89200.1574  2.22%     -    0s
     0     0 89294.8018    0    6 91228.0851 89294.8018  2.12%     -    0s
     0     0 89351.0021    0   11 91228.0851 89351.0021  2.06%     -    0s
     0     0 89351.1490    0   10 91228.0851 89351.1490  2.06%     -    0s
     0     0 89464.7103    0    4 91228.0851 89464.7103  1.93%     -    0s
     0     0 89496.2548    0    2 91228.0851 89496.2548  1.90%     -    0s
     0     0 89505.0053    0    4 91228.0851 89505.0053  1.89%     -    0s
     0     0 89505.0053    0    4 91228.0851 89505.0053  1.89%     -    0s
     0     2 89505.0365    0    4 91228.0851 89505.0365  1.89%     -    0s

Cutting planes:
  Implied bound: 83
  MIR: 6
  Flow cover: 3
  Relax-and-lift: 2

Explored 583 nodes (13719 simplex iterations) in 0.19 seconds (0.20 work units)
Thread count was 10 (of 10 available processors)

Solution count 9: 91228.1 91984.7 105699 ... 4.28345e+06

Optimal solution found (tolerance 1.00e-04)
Best objective 9.122808506456e+04, best bound 9.122808506456e+04, gap 0.0000%

User-callback calls 1504, time in user-callback 0.00 sec

Gurobi 12.0.3 (mac64[arm]) logging started Thu Oct 16 16:46:08 2025

Set parameter LogFile to value "Logs/Facility Location Logs/bernoulli_false/L50/phase1/scenario_generation.log"
Set parameter LogToConsole to value 0

Gurobi 12.0.3 (mac64[arm]) logging started Thu Oct 16 16:46:08 2025

Set parameter LogFile to value "Logs/Facility Location Logs/bernoulli_false/L50/phase1/scenario_generation.log"
Gurobi Optimizer version 12.0.3 build v12.0.3rc0 (mac64[arm] - Darwin 24.6.0 24G84)

CPU model: Apple M4
Thread count: 10 physical cores, 10 logical processors, using up to 10 threads

Non-default parameters:
LogToConsole  0

Optimize a model with 75 rows, 1325 columns and 2575 nonzeros
Model fingerprint: 0xec863638
Variable types: 1300 continuous, 25 integer (25 binary)
Coefficient statistics:
  Matrix range     [1e+00, 2e+04]
  Objective range  [8e-03, 8e+03]
  Bounds range     [0e+00, 0e+00]
  RHS range        [1e+03, 1e+04]
Found heuristic solution: objective 6276650.0000
Presolve removed 0 rows and 1 columns
Presolve time: 0.00s
Presolved: 75 rows, 1324 columns, 2574 nonzeros
Variable types: 1300 continuous, 24 integer (24 binary)

Root relaxation: objective 1.100087e+05, 101 iterations, 0.00 seconds (0.00 work units)

    Nodes    |    Current Node    |     Objective Bounds      |     Work
 Expl Unexpl |  Obj  Depth IntInf | Incumbent    BestBd   Gap | It/Node Time

     0     0 110008.700    0   24 6276650.00 110008.700  98.2%     -    0s
H    0     0                    234742.20017 110008.700  53.1%     -    0s
H    0     0                    213283.86015 110008.700  48.4%     -    0s
H    0     0                    206549.42648 110008.700  46.7%     -    0s
H    0     0                    193476.96559 110008.700  43.1%     -    0s
H    0     0                    190485.59564 114500.857  39.9%     -    0s
H    0     0                    153984.78806 114500.857  25.6%     -    0s
     0     0 114500.857    0    9 153984.788 114500.857  25.6%     -    0s
H    0     0                    129327.61535 114573.477  11.4%     -    0s
H    0     0                    128814.34844 114573.477  11.1%     -    0s
     0     0 115014.506    0    9 128814.348 115014.506  10.7%     -    0s
H    0     0                    128020.80679 115014.506  10.2%     -    0s
     0     0 115063.983    0    8 128020.807 115063.983  10.1%     -    0s
H    0     0                    125452.78514 115097.596  8.25%     -    0s
H    0     0                    125447.98970 115097.596  8.25%     -    0s
     0     0 115097.596    0    8 125447.990 115097.596  8.25%     -    0s
H    0     0                    119847.89538 115097.596  3.96%     -    0s
     0     0 115192.523    0    9 119847.895 115192.523  3.88%     -    0s
     0     0 115204.654    0    8 119847.895 115204.654  3.87%     -    0s
     0     0 115207.627    0    8 119847.895 115207.627  3.87%     -    0s
     0     0 115283.160    0    7 119847.895 115283.160  3.81%     -    0s
     0     0 115291.660    0    5 119847.895 115291.660  3.80%     -    0s
     0     0 115291.689    0    5 119847.895 115291.689  3.80%     -    0s
     0     0 115295.232    0    3 119847.895 115295.232  3.80%     -    0s
H    0     0                    119231.09692 115295.232  3.30%     -    0s
     0     0 115295.713    0    3 119231.097 115295.713  3.30%     -    0s
     0     0 115296.189    0    4 119231.097 115296.189  3.30%     -    0s
     0     0 115296.189    0    4 119231.097 115296.189  3.30%     -    0s
     0     2 115296.189    0    4 119231.097 115296.189  3.30%     -    0s
H  522   329                    119207.90089 115607.224  3.02%  21.8    0s
* 1151   549              14    119203.62179 115773.007  2.88%  21.1    0s

Cutting planes:
  Implied bound: 132
  MIR: 11
  Flow cover: 5
  Inf proof: 8
  Relax-and-lift: 8

Explored 7278 nodes (159238 simplex iterations) in 0.93 seconds (0.96 work units)
Thread count was 10 (of 10 available processors)

Solution count 10: 119204 119208 119231 ... 190486

Optimal solution found (tolerance 1.00e-04)
Best objective 1.192036217850e+05, best bound 1.192036217850e+05, gap 0.0000%

User-callback calls 14993, time in user-callback 0.00 sec

Gurobi 12.0.3 (mac64[arm]) logging started Thu Oct 16 16:46:09 2025

Set parameter LogFile to value "Logs/Facility Location Logs/bernoulli_false/L50/phase1/scenario_generation.log"
Set parameter LogToConsole to value 0

Gurobi 12.0.3 (mac64[arm]) logging started Thu Oct 16 16:46:09 2025

Set parameter LogFile to value "Logs/Facility Location Logs/bernoulli_false/L50/phase1/scenario_generation.log"
Gurobi Optimizer version 12.0.3 build v12.0.3rc0 (mac64[arm] - Darwin 24.6.0 24G84)

CPU model: Apple M4
Thread count: 10 physical cores, 10 logical processors, using up to 10 threads

Non-default parameters:
LogToConsole  0

Optimize a model with 75 rows, 1325 columns and 2575 nonzeros
Model fingerprint: 0xf8696658
Variable types: 1300 continuous, 25 integer (25 binary)
Coefficient statistics:
  Matrix range     [1e+00, 2e+04]
  Objective range  [8e-03, 8e+03]
  Bounds range     [0e+00, 0e+00]
  RHS range        [9e+02, 1e+04]
Found heuristic solution: objective 4988750.0000
Presolve removed 0 rows and 1 columns
Presolve time: 0.00s
Presolved: 75 rows, 1324 columns, 2574 nonzeros
Variable types: 1300 continuous, 24 integer (24 binary)

Root relaxation: objective 9.149825e+04, 159 iterations, 0.00 seconds (0.00 work units)

    Nodes    |    Current Node    |     Objective Bounds      |     Work
 Expl Unexpl |  Obj  Depth IntInf | Incumbent    BestBd   Gap | It/Node Time

     0     0 91498.2547    0   24 4988750.00 91498.2547  98.2%     -    0s
H    0     0                    229110.75467 91498.2547  60.1%     -    0s
H    0     0                    214217.91350 91498.2547  57.3%     -    0s
H    0     0                    195277.15788 91498.2547  53.1%     -    0s
H    0     0                    191717.71810 91498.2547  52.3%     -    0s
H    0     0                    189674.67928 91498.2547  51.8%     -    0s
H    0     0                    186052.64065 91498.2547  50.8%     -    0s
H    0     0                    185077.09190 96226.6701  48.0%     -    0s
H    0     0                    148087.64382 96226.6701  35.0%     -    0s
H    0     0                    113236.72527 96226.6701  15.0%     -    0s
     0     0 96226.6701    0   13 113236.725 96226.6701  15.0%     -    0s
H    0     0                    99805.806567 96352.9917  3.46%     -    0s
     0     0 96352.9917    0   12 99805.8066 96352.9917  3.46%     -    0s
     0     0 96778.4366    0   11 99805.8066 96778.4366  3.03%     -    0s
     0     0 96780.4691    0   10 99805.8066 96780.4691  3.03%     -    0s
H    0     0                    99406.769846 96958.5195  2.46%     -    0s
     0     0 96958.5195    0   11 99406.7698 96958.5195  2.46%     -    0s
     0     0 96998.8886    0   10 99406.7698 96998.8886  2.42%     -    0s
     0     0 97122.0935    0    4 99406.7698 97122.0935  2.30%     -    0s
     0     0 97123.6239    0    4 99406.7698 97123.6239  2.30%     -    0s
     0     0 97159.4326    0    1 99406.7698 97159.4326  2.26%     -    0s
     0     0 97159.8565    0    2 99406.7698 97159.8565  2.26%     -    0s
     0     0 97160.9517    0    2 99406.7698 97160.9517  2.26%     -    0s
     0     0 97160.9517    0    2 99406.7698 97160.9517  2.26%     -    0s
     0     2 97160.9517    0    2 99406.7698 97160.9517  2.26%     -    0s
*  802   376               6    99406.506531 97634.6810  1.78%  20.8    0s

Cutting planes:
  Implied bound: 115
  MIR: 6
  Flow cover: 7
  Relax-and-lift: 11

Explored 2311 nodes (49388 simplex iterations) in 0.37 seconds (0.39 work units)
Thread count was 10 (of 10 available processors)

Solution count 10: 99406.5 99406.8 99805.8 ... 195277

Optimal solution found (tolerance 1.00e-04)
Best objective 9.940650653100e+04, best bound 9.940650653100e+04, gap 0.0000%

User-callback calls 4986, time in user-callback 0.00 sec

Gurobi 12.0.3 (mac64[arm]) logging started Thu Oct 16 16:46:09 2025

Set parameter LogFile to value "Logs/Facility Location Logs/bernoulli_false/L50/phase1/scenario_generation.log"
Set parameter LogToConsole to value 0

Gurobi 12.0.3 (mac64[arm]) logging started Thu Oct 16 16:46:09 2025

Set parameter LogFile to value "Logs/Facility Location Logs/bernoulli_false/L50/phase1/scenario_generation.log"
Gurobi Optimizer version 12.0.3 build v12.0.3rc0 (mac64[arm] - Darwin 24.6.0 24G84)

CPU model: Apple M4
Thread count: 10 physical cores, 10 logical processors, using up to 10 threads

Non-default parameters:
LogToConsole  0

Optimize a model with 75 rows, 1325 columns and 2575 nonzeros
Model fingerprint: 0x27f985a8
Variable types: 1300 continuous, 25 integer (25 binary)
Coefficient statistics:
  Matrix range     [1e+00, 2e+04]
  Objective range  [8e-03, 8e+03]
  Bounds range     [0e+00, 0e+00]
  RHS range        [1e+03, 1e+04]
Found heuristic solution: objective 5060000.0000
Presolve removed 0 rows and 1 columns
Presolve time: 0.00s
Presolved: 75 rows, 1324 columns, 2574 nonzeros
Variable types: 1300 continuous, 24 integer (24 binary)

Root relaxation: objective 8.867281e+04, 139 iterations, 0.00 seconds (0.00 work units)

    Nodes    |    Current Node    |     Objective Bounds      |     Work
 Expl Unexpl |  Obj  Depth IntInf | Incumbent    BestBd   Gap | It/Node Time

     0     0 88672.8116    0   24 5060000.00 88672.8116  98.2%     -    0s
H    0     0                    225572.81161 88672.8116  60.7%     -    0s
H    0     0                    196699.48876 88672.8116  54.9%     -    0s
H    0     0                    189716.78996 88672.8116  53.3%     -    0s
H    0     0                    182316.54434 88672.8116  51.4%     -    0s
H    0     0                    175150.88029 89448.5265  48.9%     -    0s
H    0     0                    145323.29926 93460.4457  35.7%     -    0s
H    0     0                    110917.46351 93460.4457  15.7%     -    0s
H    0     0                    103526.16641 93460.4457  9.72%     -    0s
     0     0 93460.4457    0   11 103526.166 93460.4457  9.72%     -    0s
H    0     0                    96190.583426 93569.0630  2.73%     -    0s
     0     0 93569.0630    0   11 96190.5834 93569.0630  2.73%     -    0s
     0     0 93942.1883    0    6 96190.5834 93942.1883  2.34%     -    0s
     0     0 93987.9908    0    9 96190.5834 93987.9908  2.29%     -    0s
     0     0 93987.9908    0    8 96190.5834 93987.9908  2.29%     -    0s
     0     0 94204.6187    0    9 96190.5834 94204.6187  2.06%     -    0s
     0     0 94226.8098    0    9 96190.5834 94226.8098  2.04%     -    0s
     0     0 94226.8098    0    8 96190.5834 94226.8098  2.04%     -    0s
     0     0 94360.0813    0    7 96190.5834 94360.0813  1.90%     -    0s
H    0     0                    96073.319518 94364.7819  1.78%     -    0s
     0     0 94419.8678    0    4 96073.3195 94419.8678  1.72%     -    0s
     0     0 94422.7289    0    5 96073.3195 94422.7289  1.72%     -    0s
     0     0 94430.5468    0    5 96073.3195 94430.5468  1.71%     -    0s
     0     0 94430.5468    0    5 96073.3195 94430.5468  1.71%     -    0s
H    0     0                    96021.517146 94430.5468  1.66%     -    0s
     0     2 94430.5549    0    5 96021.5171 94430.5549  1.66%     -    0s

Cutting planes:
  Implied bound: 102
  MIR: 7
  Flow cover: 6
  Relax-and-lift: 13

Explored 1541 nodes (35376 simplex iterations) in 0.30 seconds (0.32 work units)
Thread count was 10 (of 10 available processors)

Solution count 10: 96021.5 96073.3 96190.6 ... 196699

Optimal solution found (tolerance 1.00e-04)
Best objective 9.602151714619e+04, best bound 9.602151714619e+04, gap 0.0000%

User-callback calls 3433, time in user-callback 0.00 sec

Gurobi 12.0.3 (mac64[arm]) logging started Thu Oct 16 16:46:10 2025

Set parameter LogFile to value "Logs/Facility Location Logs/bernoulli_false/L50/phase1/scenario_generation.log"
Set parameter LogToConsole to value 0

Gurobi 12.0.3 (mac64[arm]) logging started Thu Oct 16 16:46:10 2025

Set parameter LogFile to value "Logs/Facility Location Logs/bernoulli_false/L50/phase1/scenario_generation.log"
Gurobi Optimizer version 12.0.3 build v12.0.3rc0 (mac64[arm] - Darwin 24.6.0 24G84)

CPU model: Apple M4
Thread count: 10 physical cores, 10 logical processors, using up to 10 threads

Non-default parameters:
LogToConsole  0

Optimize a model with 75 rows, 1325 columns and 2575 nonzeros
Model fingerprint: 0xe3c8dd23
Variable types: 1300 continuous, 25 integer (25 binary)
Coefficient statistics:
  Matrix range     [1e+00, 2e+04]
  Objective range  [8e-03, 8e+03]
  Bounds range     [0e+00, 0e+00]
  RHS range        [2e+03, 9e+03]
Found heuristic solution: objective 6547950.0000
Presolve removed 0 rows and 1 columns
Presolve time: 0.00s
Presolved: 75 rows, 1324 columns, 2574 nonzeros
Variable types: 1300 continuous, 24 integer (24 binary)

Root relaxation: objective 9.451512e+04, 108 iterations, 0.00 seconds (0.00 work units)

    Nodes    |    Current Node    |     Objective Bounds      |     Work
 Expl Unexpl |  Obj  Depth IntInf | Incumbent    BestBd   Gap | It/Node Time

     0     0 94515.1243    0   24 6547950.00 94515.1243  98.6%     -    0s
H    0     0                    216535.62426 94515.1243  56.4%     -    0s
H    0     0                    201831.02379 94515.1243  53.2%     -    0s
H    0     0                    175474.18615 94515.1243  46.1%     -    0s
H    0     0                    172846.12429 99423.3848  42.5%     -    0s
H    0     0                    136608.49936 99423.3848  27.2%     -    0s
H    0     0                    102979.23355 99423.3848  3.45%     -    0s
     0     0 99423.3848    0   10 102979.234 99423.3848  3.45%     -    0s
     0     0 99939.9547    0    7 102979.234 99939.9547  2.95%     -    0s
H    0     0                    101987.72402 99974.2081  1.97%     -    0s
     0     0 99980.5476    0    8 101987.724 99980.5476  1.97%     -    0s
     0     0 99984.3196    0    8 101987.724 99984.3196  1.96%     -    0s
     0     0 99984.4034    0    9 101987.724 99984.4034  1.96%     -    0s
H    0     0                    101979.77426 99984.4034  1.96%     -    0s
     0     0 100119.327    0   10 101979.774 100119.327  1.82%     -    0s
     0     0 100121.045    0    9 101979.774 100121.045  1.82%     -    0s
     0     0 100191.211    0    8 101979.774 100191.211  1.75%     -    0s
     0     0 100191.353    0    9 101979.774 100191.353  1.75%     -    0s
     0     0 100213.642    0    4 101979.774 100213.642  1.73%     -    0s
H    0     0                    101927.00387 100213.642  1.68%     -    0s
     0     0 100214.874    0    4 101927.004 100214.874  1.68%     -    0s
     0     0 100215.727    0    8 101927.004 100215.727  1.68%     -    0s
     0     0 100215.727    0    8 101927.004 100215.727  1.68%     -    0s
     0     2 100215.743    0    8 101927.004 100215.743  1.68%     -    0s
H   47    76                    101897.80083 100265.606  1.60%  20.9    0s
H  331   305                    101873.63455 100332.829  1.51%  21.2    0s

Cutting planes:
  Gomory: 1
  Implied bound: 71
  MIR: 21
  Flow cover: 1
  Relax-and-lift: 4

Explored 19181 nodes (388762 simplex iterations) in 2.69 seconds (2.84 work units)
Thread count was 10 (of 10 available processors)

Solution count 10: 101874 101898 101927 ... 201831

Optimal solution found (tolerance 1.00e-04)
Best objective 1.018736345479e+05, best bound 1.018736345479e+05, gap 0.0000%

User-callback calls 39339, time in user-callback 0.01 sec

Gurobi 12.0.3 (mac64[arm]) logging started Thu Oct 16 16:46:12 2025

Set parameter LogFile to value "Logs/Facility Location Logs/bernoulli_false/L50/phase1/scenario_generation.log"
Set parameter LogToConsole to value 0

Gurobi 12.0.3 (mac64[arm]) logging started Thu Oct 16 16:46:12 2025

Set parameter LogFile to value "Logs/Facility Location Logs/bernoulli_false/L50/phase1/scenario_generation.log"
Gurobi Optimizer version 12.0.3 build v12.0.3rc0 (mac64[arm] - Darwin 24.6.0 24G84)

CPU model: Apple M4
Thread count: 10 physical cores, 10 logical processors, using up to 10 threads

Non-default parameters:
LogToConsole  0

Optimize a model with 75 rows, 1325 columns and 2575 nonzeros
Model fingerprint: 0x998ac52d
Variable types: 1300 continuous, 25 integer (25 binary)
Coefficient statistics:
  Matrix range     [1e+00, 2e+04]
  Objective range  [8e-03, 8e+03]
  Bounds range     [0e+00, 0e+00]
  RHS range        [7e+02, 1e+04]
Found heuristic solution: objective 4333950.0000
Presolve removed 0 rows and 1 columns
Presolve time: 0.00s
Presolved: 75 rows, 1324 columns, 2574 nonzeros
Variable types: 1300 continuous, 24 integer (24 binary)

Root relaxation: objective 8.004419e+04, 127 iterations, 0.00 seconds (0.00 work units)

    Nodes    |    Current Node    |     Objective Bounds      |     Work
 Expl Unexpl |  Obj  Depth IntInf | Incumbent    BestBd   Gap | It/Node Time

     0     0 80044.1927    0   23 4333950.00 80044.1927  98.2%     -    0s
H    0     0                    216704.69271 80044.1927  63.1%     -    0s
H    0     0                    194572.51324 80044.1927  58.9%     -    0s
H    0     0                    168066.12531 80044.1927  52.4%     -    0s
H    0     0                    155797.72334 80044.1927  48.6%     -    0s
H    0     0                    148463.62408 80044.1927  46.1%     -    0s
H    0     0                    143796.59116 80044.1927  44.3%     -    0s
H    0     0                    108178.43040 84484.0081  21.9%     -    0s
     0     0 84484.0081    0   10 108178.430 84484.0081  21.9%     -    0s
H    0     0                    107951.05948 84580.4575  21.6%     -    0s
H    0     0                    87067.773129 84580.4575  2.86%     -    0s
     0     0 84580.4575    0   10 87067.7731 84580.4575  2.86%     -    0s
     0     0 85052.1328    0    9 87067.7731 85052.1328  2.32%     -    0s
     0     0 85090.2487    0    8 87067.7731 85090.2487  2.27%     -    0s
     0     0 85090.2487    0    7 87067.7731 85090.2487  2.27%     -    0s
H    0     0                    86813.640916 85090.2487  1.99%     -    0s
     0     0 85186.6209    0   11 86813.6409 85186.6209  1.87%     -    0s
     0     0 85201.9864    0    9 86813.6409 85201.9864  1.86%     -    0s
     0     0 85318.8935    0    6 86813.6409 85318.8935  1.72%     -    0s
     0     0 85320.4667    0    5 86813.6409 85320.4667  1.72%     -    0s
H    0     0                    86728.023546 85320.4667  1.62%     -    0s
     0     0 85393.5628    0    2 86728.0235 85393.5628  1.54%     -    0s
     0     0 85400.6959    0    5 86728.0235 85400.6959  1.53%     -    0s
     0     0 85400.6959    0    5 86728.0235 85400.6959  1.53%     -    0s
     0     2 85400.6959    0    5 86728.0235 85400.6959  1.53%     -    0s

Cutting planes:
  Implied bound: 81
  MIR: 5
  Flow cover: 5
  Relax-and-lift: 6

Explored 430 nodes (9834 simplex iterations) in 0.18 seconds (0.16 work units)
Thread count was 10 (of 10 available processors)

Solution count 10: 86728 86813.6 87067.8 ... 194573

Optimal solution found (tolerance 1.00e-04)
Best objective 8.672802354581e+04, best bound 8.672802354581e+04, gap 0.0000%

User-callback calls 1184, time in user-callback 0.00 sec

Gurobi 12.0.3 (mac64[arm]) logging started Thu Oct 16 16:46:13 2025

Set parameter LogFile to value "Logs/Facility Location Logs/bernoulli_false/L50/phase1/scenario_generation.log"
Set parameter LogToConsole to value 0

Gurobi 12.0.3 (mac64[arm]) logging started Thu Oct 16 16:46:13 2025

Set parameter LogFile to value "Logs/Facility Location Logs/bernoulli_false/L50/phase1/scenario_generation.log"
Gurobi Optimizer version 12.0.3 build v12.0.3rc0 (mac64[arm] - Darwin 24.6.0 24G84)

CPU model: Apple M4
Thread count: 10 physical cores, 10 logical processors, using up to 10 threads

Non-default parameters:
LogToConsole  0

Optimize a model with 75 rows, 1325 columns and 2575 nonzeros
Model fingerprint: 0x6c8c4c26
Variable types: 1300 continuous, 25 integer (25 binary)
Coefficient statistics:
  Matrix range     [1e+00, 2e+04]
  Objective range  [8e-03, 8e+03]
  Bounds range     [0e+00, 0e+00]
  RHS range        [8e+02, 1e+04]
Found heuristic solution: objective 4847550.0000
Presolve removed 0 rows and 1 columns
Presolve time: 0.00s
Presolved: 75 rows, 1324 columns, 2574 nonzeros
Variable types: 1300 continuous, 24 integer (24 binary)

Root relaxation: objective 8.842675e+04, 127 iterations, 0.00 seconds (0.00 work units)

    Nodes    |    Current Node    |     Objective Bounds      |     Work
 Expl Unexpl |  Obj  Depth IntInf | Incumbent    BestBd   Gap | It/Node Time

     0     0 88426.7538    0   24 4847550.00 88426.7538  98.2%     -    0s
H    0     0                    227451.25379 88426.7538  61.1%     -    0s
H    0     0                    190652.34934 88426.7538  53.6%     -    0s
H    0     0                    184199.57803 88426.7538  52.0%     -    0s
H    0     0                    170982.66125 88426.7538  48.3%     -    0s
H    0     0                    130901.69535 88489.5863  32.4%     -    0s
     0     0 93299.2563    0   13 130901.695 93299.2563  28.7%     -    0s
H    0     0                    112125.50836 93455.8658  16.7%     -    0s
     0     0 93455.8658    0   13 112125.508 93455.8658  16.7%     -    0s
H    0     0                    106003.61995 93455.8658  11.8%     -    0s
H    0     0                    106001.82703 93455.8658  11.8%     -    0s
H    0     0                    99912.748755 93834.7958  6.08%     -    0s
     0     0 93834.7958    0    9 99912.7488 93834.7958  6.08%     -    0s
H    0     0                    98756.928353 93867.9923  4.95%     -    0s
     0     0 93867.9923    0    9 98756.9284 93867.9923  4.95%     -    0s
H    0     0                    98662.809145 94104.0064  4.62%     -    0s
     0     0 94104.0064    0   12 98662.8091 94104.0064  4.62%     -    0s
     0     0 94121.1894    0   12 98662.8091 94121.1894  4.60%     -    0s
     0     0 94121.1894    0   10 98662.8091 94121.1894  4.60%     -    0s
     0     0 94273.3878    0    5 98662.8091 94273.3878  4.45%     -    0s
     0     0 94273.8675    0    6 98662.8091 94273.8675  4.45%     -    0s
     0     0 94314.2803    0    2 98662.8091 94314.2803  4.41%     -    0s
H    0     0                    97812.901682 94314.2803  3.58%     -    0s
     0     0 94314.3934    0    1 97812.9017 94314.3934  3.58%     -    0s
     0     0 94322.4152    0    4 97812.9017 94322.4152  3.57%     -    0s
     0     0 94322.4152    0    4 97812.9017 94322.4152  3.57%     -    0s
H    0     0                    97790.205896 94322.4152  3.55%     -    0s
H    0     0                    97770.606517 94322.4300  3.53%     -    0s
     0     2 94322.4300    0    4 97770.6065 94322.4300  3.53%     -    0s
H  549   378                    97764.134837 94477.5395  3.36%  21.1    0s

Cutting planes:
  Implied bound: 194
  MIR: 5
  Flow cover: 3
  Relax-and-lift: 3

Explored 8788 nodes (183536 simplex iterations) in 1.06 seconds (1.12 work units)
Thread count was 10 (of 10 available processors)

Solution count 10: 97764.1 97812.9 98662.8 ... 170983

Optimal solution found (tolerance 1.00e-04)
Best objective 9.776413483688e+04, best bound 9.776413483688e+04, gap 0.0000%

User-callback calls 18054, time in user-callback 0.00 sec

Gurobi 12.0.3 (mac64[arm]) logging started Thu Oct 16 16:46:14 2025

Set parameter LogFile to value "Logs/Facility Location Logs/bernoulli_false/L50/phase1/scenario_generation.log"
Set parameter LogToConsole to value 0

Gurobi 12.0.3 (mac64[arm]) logging started Thu Oct 16 16:46:14 2025

Set parameter LogFile to value "Logs/Facility Location Logs/bernoulli_false/L50/phase1/scenario_generation.log"
Gurobi Optimizer version 12.0.3 build v12.0.3rc0 (mac64[arm] - Darwin 24.6.0 24G84)

CPU model: Apple M4
Thread count: 10 physical cores, 10 logical processors, using up to 10 threads

Non-default parameters:
LogToConsole  0

Optimize a model with 75 rows, 1325 columns and 2575 nonzeros
Model fingerprint: 0x939ab7a5
Variable types: 1300 continuous, 25 integer (25 binary)
Coefficient statistics:
  Matrix range     [1e+00, 2e+04]
  Objective range  [8e-03, 8e+03]
  Bounds range     [0e+00, 0e+00]
  RHS range        [9e+02, 2e+04]
Found heuristic solution: objective 5206450.0000
Presolve removed 0 rows and 1 columns
Presolve time: 0.00s
Presolved: 75 rows, 1324 columns, 2574 nonzeros
Variable types: 1300 continuous, 24 integer (24 binary)

Root relaxation: objective 1.047128e+05, 153 iterations, 0.00 seconds (0.00 work units)

    Nodes    |    Current Node    |     Objective Bounds      |     Work
 Expl Unexpl |  Obj  Depth IntInf | Incumbent    BestBd   Gap | It/Node Time

     0     0 104712.808    0   23 5206450.00 104712.808  98.0%     -    0s
H    0     0                    240148.30773 104712.808  56.4%     -    0s
H    0     0                    210732.51753 104712.808  50.3%     -    0s
H    0     0                    158748.67593 104712.808  34.0%     -    0s
H    0     0                    151343.52164 104712.808  30.8%     -    0s
H    0     0                    124949.23196 109465.241  12.4%     -    0s
H    0     0                    111859.28284 109465.241  2.14%     -    0s
H    0     0                    111554.21176 109465.241  1.87%     -    0s
     0     0 109465.241    0   11 111554.212 109465.241  1.87%     -    0s
     0     0 109545.618    0   11 111554.212 109545.618  1.80%     -    0s
     0     0 109931.839    0    9 111554.212 109931.839  1.45%     -    0s
H    0     0                    111223.71944 109936.979  1.16%     -    0s
H    0     0                    111062.90576 109936.979  1.01%     -    0s
H    0     0                    110989.43865 109936.979  0.95%     -    0s
     0     0 110109.022    0   10 110989.439 110109.022  0.79%     -    0s
     0     0 110146.451    0    8 110989.439 110146.451  0.76%     -    0s
     0     0 110271.031    0    4 110989.439 110271.031  0.65%     -    0s
     0     0 110272.518    0    4 110989.439 110272.518  0.65%     -    0s
     0     0 110346.936    0    3 110989.439 110346.936  0.58%     -    0s
     0     0 110350.925    0    6 110989.439 110350.925  0.58%     -    0s
     0     0 110361.388    0    6 110989.439 110361.388  0.57%     -    0s
     0     0 110361.388    0    6 110989.439 110361.388  0.57%     -    0s
H    0     0                    110918.12168 110361.388  0.50%     -    0s
H    0     0                    110849.46310 110361.388  0.44%     -    0s
     0     2 110361.406    0    6 110849.463 110361.406  0.44%     -    0s
*   32    18               7    110835.57072 110435.341  0.36%  17.8    0s

Cutting planes:
  Implied bound: 100
  MIR: 7
  Flow cover: 2
  Relax-and-lift: 5

Explored 146 nodes (2965 simplex iterations) in 0.09 seconds (0.08 work units)
Thread count was 10 (of 10 available processors)

Solution count 10: 110836 110849 110989 ... 240148

Optimal solution found (tolerance 1.00e-04)
Best objective 1.108355707196e+05, best bound 1.108355707196e+05, gap 0.0000%

User-callback calls 587, time in user-callback 0.00 sec

Gurobi 12.0.3 (mac64[arm]) logging started Thu Oct 16 16:46:14 2025

Set parameter LogFile to value "Logs/Facility Location Logs/bernoulli_false/L50/phase1/scenario_generation.log"
Set parameter LogToConsole to value 0

Gurobi 12.0.3 (mac64[arm]) logging started Thu Oct 16 16:46:14 2025

Set parameter LogFile to value "Logs/Facility Location Logs/bernoulli_false/L50/phase1/scenario_generation.log"
Gurobi Optimizer version 12.0.3 build v12.0.3rc0 (mac64[arm] - Darwin 24.6.0 24G84)

CPU model: Apple M4
Thread count: 10 physical cores, 10 logical processors, using up to 10 threads

Non-default parameters:
LogToConsole  0

Optimize a model with 75 rows, 1325 columns and 2575 nonzeros
Model fingerprint: 0x66a93b07
Variable types: 1300 continuous, 25 integer (25 binary)
Coefficient statistics:
  Matrix range     [1e+00, 2e+04]
  Objective range  [8e-03, 8e+03]
  Bounds range     [0e+00, 0e+00]
  RHS range        [7e+02, 1e+04]
Found heuristic solution: objective 4821150.0000
Presolve removed 0 rows and 1 columns
Presolve time: 0.00s
Presolved: 75 rows, 1324 columns, 2574 nonzeros
Variable types: 1300 continuous, 24 integer (24 binary)

Root relaxation: objective 9.112561e+04, 144 iterations, 0.00 seconds (0.00 work units)

    Nodes    |    Current Node    |     Objective Bounds      |     Work
 Expl Unexpl |  Obj  Depth IntInf | Incumbent    BestBd   Gap | It/Node Time

     0     0 91125.6088    0   24 4821150.00 91125.6088  98.1%     -    0s
H    0     0                    230414.10877 91125.6088  60.5%     -    0s
H    0     0                    193547.99828 91125.6088  52.9%     -    0s
H    0     0                    173426.05238 91125.6088  47.5%     -    0s
H    0     0                    151950.10740 92415.0876  39.2%     -    0s
H    0     0                    149995.87478 95927.7860  36.0%     -    0s
H    0     0                    114730.35236 95927.7860  16.4%     -    0s
H    0     0                    101083.23090 95927.7860  5.10%     -    0s
     0     0 95927.7860    0   11 101083.231 95927.7860  5.10%     -    0s
     0     0 96028.9160    0   11 101083.231 96028.9160  5.00%     -    0s
     0     0 96414.8296    0    5 101083.231 96414.8296  4.62%     -    0s
     0     0 96534.4387    0    6 101083.231 96534.4387  4.50%     -    0s
     0     0 96619.3609    0    6 101083.231 96619.3609  4.42%     -    0s
H    0     0                    101046.44825 96649.4307  4.35%     -    0s
     0     0 96649.4307    0    7 101046.448 96649.4307  4.35%     -    0s
H    0     0                    101028.29007 96743.4907  4.24%     -    0s
     0     0 96743.4907    0    6 101028.290 96743.4907  4.24%     -    0s
     0     0 96746.8144    0    5 101028.290 96746.8144  4.24%     -    0s
     0     0 96799.4974    0    3 101028.290 96799.4974  4.19%     -    0s
     0     0 96804.6654    0    4 101028.290 96804.6654  4.18%     -    0s
     0     0 96804.6654    0    4 101028.290 96804.6654  4.18%     -    0s
H    0     0                    100573.59599 96804.6654  3.75%     -    0s
     0     2 96804.6894    0    4 100573.596 96804.6894  3.75%     -    0s
H   31    72                    100559.42389 96821.5470  3.72%  30.7    0s
H   66    72                    100556.39473 96850.8844  3.69%  25.3    0s
H  256   188                    100478.78305 96942.8301  3.52%  20.4    0s

Cutting planes:
  Implied bound: 154
  MIR: 6
  Flow cover: 4
  Inf proof: 1
  Relax-and-lift: 3

Explored 6209 nodes (136783 simplex iterations) in 0.80 seconds (0.85 work units)
Thread count was 10 (of 10 available processors)

Solution count 10: 100479 100556 101028 ... 230414

Optimal solution found (tolerance 1.00e-04)
Best objective 1.004787830539e+05, best bound 1.004787830539e+05, gap 0.0000%

User-callback calls 12828, time in user-callback 0.00 sec

Gurobi 12.0.3 (mac64[arm]) logging started Thu Oct 16 16:46:15 2025

Set parameter LogFile to value "Logs/Facility Location Logs/bernoulli_false/L50/phase1/scenario_generation.log"
Set parameter LogToConsole to value 0

Gurobi 12.0.3 (mac64[arm]) logging started Thu Oct 16 16:46:15 2025

Set parameter LogFile to value "Logs/Facility Location Logs/bernoulli_false/L50/phase1/scenario_generation.log"
Gurobi Optimizer version 12.0.3 build v12.0.3rc0 (mac64[arm] - Darwin 24.6.0 24G84)

CPU model: Apple M4
Thread count: 10 physical cores, 10 logical processors, using up to 10 threads

Non-default parameters:
LogToConsole  0

Optimize a model with 75 rows, 1325 columns and 2575 nonzeros
Model fingerprint: 0x137b2475
Variable types: 1300 continuous, 25 integer (25 binary)
Coefficient statistics:
  Matrix range     [1e+00, 2e+04]
  Objective range  [8e-03, 8e+03]
  Bounds range     [0e+00, 0e+00]
  RHS range        [6e+02, 2e+04]
Found heuristic solution: objective 4568000.0000
Presolve removed 0 rows and 1 columns
Presolve time: 0.00s
Presolved: 75 rows, 1324 columns, 2574 nonzeros
Variable types: 1300 continuous, 24 integer (24 binary)

Root relaxation: objective 9.684884e+04, 125 iterations, 0.00 seconds (0.00 work units)

    Nodes    |    Current Node    |     Objective Bounds      |     Work
 Expl Unexpl |  Obj  Depth IntInf | Incumbent    BestBd   Gap | It/Node Time

     0     0 96848.8436    0   22 4568000.00 96848.8436  97.9%     -    0s
H    0     0                    231168.84357 96848.8436  58.1%     -    0s
H    0     0                    194470.06994 96848.8436  50.2%     -    0s
H    0     0                    194443.46465 96848.8436  50.2%     -    0s
H    0     0                    188397.61287 97031.4069  48.5%     -    0s
H    0     0                    173174.53874 101260.572  41.5%     -    0s
     0     0 101260.572    0    9 173174.539 101260.572  41.5%     -    0s
H    0     0                    160580.57154 101350.315  36.9%     -    0s
H    0     0                    158275.32550 101350.315  36.0%     -    0s
H    0     0                    122399.07020 101350.315  17.2%     -    0s
     0     0 101350.315    0    9 122399.070 101350.315  17.2%     -    0s
H    0     0                    116787.53559 101350.315  13.2%     -    0s
H    0     0                    111649.71386 101350.315  9.22%     -    0s
     0     0 101603.691    0    8 111649.714 101603.691  9.00%     -    0s
     0     0 101661.770    0    7 111649.714 101661.770  8.95%     -    0s
H    0     0                    108557.79878 101661.770  6.35%     -    0s
H    0     0                    108242.82150 101661.770  6.08%     -    0s
H    0     0                    108216.39525 101661.770  6.06%     -    0s
     0     0 101763.481    0    8 108216.395 101763.481  5.96%     -    0s
     0     0 101786.685    0    7 108216.395 101786.685  5.94%     -    0s
     0     0 101912.100    0    4 108216.395 101912.100  5.83%     -    0s
H    0     0                    108084.75419 101966.382  5.66%     -    0s
     0     0 101966.382    0    3 108084.754 101966.382  5.66%     -    0s
     0     0 101967.734    0    1 108084.754 101967.734  5.66%     -    0s
     0     0 101967.828    0    1 108084.754 101967.828  5.66%     -    0s
     0     0 101967.828    0    1 108084.754 101967.828  5.66%     -    0s
H    0     0                    108060.43803 101967.828  5.64%     -    0s
     0     2 101967.853    0    1 108060.438 101967.853  5.64%     -    0s
H   31    73                    108006.80832 101980.384  5.58%  27.6    0s
H  226   191                    107942.89960 102008.442  5.50%  15.5    0s
H  872   395                    107910.26978 102221.205  5.27%  18.9    0s
* 3187   228              15    107790.64119 105209.294  2.39%  23.1    0s

Cutting planes:
  Implied bound: 103
  MIR: 9
  Flow cover: 6
  Inf proof: 30
  Relax-and-lift: 5

Explored 3706 nodes (83158 simplex iterations) in 0.51 seconds (0.50 work units)
Thread count was 10 (of 10 available processors)

Solution count 10: 107791 107910 107943 ... 160581

Optimal solution found (tolerance 1.00e-04)
Best objective 1.077906411894e+05, best bound 1.077906411894e+05, gap 0.0000%

User-callback calls 7798, time in user-callback 0.00 sec

Gurobi 12.0.3 (mac64[arm]) logging started Thu Oct 16 16:46:15 2025

Set parameter LogFile to value "Logs/Facility Location Logs/bernoulli_false/L50/phase1/scenario_generation.log"
Set parameter LogToConsole to value 0

Gurobi 12.0.3 (mac64[arm]) logging started Thu Oct 16 16:46:15 2025

Set parameter LogFile to value "Logs/Facility Location Logs/bernoulli_false/L50/phase1/scenario_generation.log"
Gurobi Optimizer version 12.0.3 build v12.0.3rc0 (mac64[arm] - Darwin 24.6.0 24G84)

CPU model: Apple M4
Thread count: 10 physical cores, 10 logical processors, using up to 10 threads

Non-default parameters:
LogToConsole  0

Optimize a model with 75 rows, 1325 columns and 2575 nonzeros
Model fingerprint: 0x7a755366
Variable types: 1300 continuous, 25 integer (25 binary)
Coefficient statistics:
  Matrix range     [1e+00, 2e+04]
  Objective range  [8e-03, 8e+03]
  Bounds range     [0e+00, 0e+00]
  RHS range        [8e+02, 8e+03]
Found heuristic solution: objective 4954900.0000
Presolve removed 0 rows and 1 columns
Presolve time: 0.00s
Presolved: 75 rows, 1324 columns, 2574 nonzeros
Variable types: 1300 continuous, 24 integer (24 binary)

Root relaxation: objective 8.417893e+04, 133 iterations, 0.00 seconds (0.00 work units)

    Nodes    |    Current Node    |     Objective Bounds      |     Work
 Expl Unexpl |  Obj  Depth IntInf | Incumbent    BestBd   Gap | It/Node Time

     0     0 84178.9343    0   24 4954900.00 84178.9343  98.3%     -    0s
H    0     0                    222129.93433 84178.9343  62.1%     -    0s
H    0     0                    192573.32365 84178.9343  56.3%     -    0s
H    0     0                    177743.33311 84178.9343  52.6%     -    0s
H    0     0                    170406.81356 84178.9343  50.6%     -    0s
     0     0 89069.6378    0   11 170406.814 89069.6378  47.7%     -    0s
H    0     0                    152020.63784 89157.1873  41.4%     -    0s
H    0     0                    141019.84664 89157.1873  36.8%     -    0s
H    0     0                    106556.48841 89157.1873  16.3%     -    0s
H    0     0                    92991.794874 89157.1873  4.12%     -    0s
     0     0 89157.1873    0   11 92991.7949 89157.1873  4.12%     -    0s
     0     0 89571.6072    0    8 92991.7949 89571.6072  3.68%     -    0s
     0     0 89619.8776    0    7 92991.7949 89619.8776  3.63%     -    0s
     0     0 89619.8776    0    7 92991.7949 89619.8776  3.63%     -    0s
H    0     0                    92984.707635 89843.7136  3.38%     -    0s
     0     0 89843.7136    0   10 92984.7076 89843.7136  3.38%     -    0s
H    0     0                    92609.263721 89885.2732  2.94%     -    0s
     0     0 89885.2732    0   10 92609.2637 89885.2732  2.94%     -    0s
     0     0 89998.1389    0    8 92609.2637 89998.1389  2.82%     -    0s
     0     0 89999.9866    0    8 92609.2637 89999.9866  2.82%     -    0s
     0     0 90036.4001    0    4 92609.2637 90036.4001  2.78%     -    0s
     0     0 90037.1856    0    4 92609.2637 90037.1856  2.78%     -    0s
     0     0 90043.4412    0    5 92609.2637 90043.4412  2.77%     -    0s
     0     0 90043.4481    0    5 92609.2637 90043.4481  2.77%     -    0s
H    0     0                    92518.620773 90043.4481  2.68%     -    0s
     0     2 90043.4481    0    5 92518.6208 90043.4481  2.68%     -    0s

Cutting planes:
  Implied bound: 128
  MIR: 10
  Flow cover: 3
  Relax-and-lift: 3

Explored 3446 nodes (74348 simplex iterations) in 0.61 seconds (0.62 work units)
Thread count was 10 (of 10 available processors)

Solution count 10: 92518.6 92609.3 92991.8 ... 222130

Optimal solution found (tolerance 1.00e-04)
Best objective 9.251862077288e+04, best bound 9.251862077288e+04, gap 0.0000%

User-callback calls 7307, time in user-callback 0.00 sec

Gurobi 12.0.3 (mac64[arm]) logging started Thu Oct 16 16:46:16 2025

Set parameter LogFile to value "Logs/Facility Location Logs/bernoulli_false/L50/phase1/scenario_generation.log"
Set parameter LogToConsole to value 0

Gurobi 12.0.3 (mac64[arm]) logging started Thu Oct 16 16:46:16 2025

Set parameter LogFile to value "Logs/Facility Location Logs/bernoulli_false/L50/phase1/scenario_generation.log"
Gurobi Optimizer version 12.0.3 build v12.0.3rc0 (mac64[arm] - Darwin 24.6.0 24G84)

CPU model: Apple M4
Thread count: 10 physical cores, 10 logical processors, using up to 10 threads

Non-default parameters:
LogToConsole  0

Optimize a model with 75 rows, 1325 columns and 2575 nonzeros
Model fingerprint: 0xfd7aa9c8
Variable types: 1300 continuous, 25 integer (25 binary)
Coefficient statistics:
  Matrix range     [1e+00, 2e+04]
  Objective range  [8e-03, 8e+03]
  Bounds range     [0e+00, 0e+00]
  RHS range        [1e+03, 3e+04]
Found heuristic solution: objective 6552100.0000
Presolve removed 0 rows and 1 columns
Presolve time: 0.00s
Presolved: 75 rows, 1324 columns, 2574 nonzeros
Variable types: 1300 continuous, 24 integer (24 binary)

Root relaxation: objective 1.408234e+05, 128 iterations, 0.00 seconds (0.00 work units)

    Nodes    |    Current Node    |     Objective Bounds      |     Work
 Expl Unexpl |  Obj  Depth IntInf | Incumbent    BestBd   Gap | It/Node Time

     0     0 140823.356    0   22 6552100.00 140823.356  97.9%     -    0s
H    0     0                    262802.35596 140823.356  46.4%     -    0s
H    0     0                    226559.93734 140823.356  37.8%     -    0s
H    0     0                    219310.93348 140823.356  35.8%     -    0s
H    0     0                    218781.64236 145442.292  33.5%     -    0s
H    0     0                    182666.95055 145442.292  20.4%     -    0s
H    0     0                    149068.74424 145442.292  2.43%     -    0s
H    0     0                    149039.49569 145442.292  2.41%     -    0s
     0     0 145442.292    0   14 149039.496 145442.292  2.41%     -    0s
     0     0 145548.848    0   13 149039.496 145548.848  2.34%     -    0s
     0     0 145548.848    0   13 149039.496 145548.848  2.34%     -    0s
H    0     0                    148572.04371 145889.247  1.81%     -    0s
     0     0 145889.247    0   12 148572.044 145889.247  1.81%     -    0s
     0     0 145932.549    0   13 148572.044 145932.549  1.78%     -    0s
     0     0 146159.937    0   11 148572.044 146159.937  1.62%     -    0s
H    0     0                    148198.85580 146169.810  1.37%     -    0s
     0     0 146303.421    0    9 148198.856 146303.421  1.28%     -    0s
     0     0 146309.071    0    7 148198.856 146309.071  1.28%     -    0s
     0     0 146310.024    0    7 148198.856 146310.024  1.27%     -    0s
     0     0 146347.750    0    4 148198.856 146347.750  1.25%     -    0s
     0     0 146347.756    0    4 148198.856 146347.756  1.25%     -    0s
H    0     0                    147995.65683 146347.756  1.11%     -    0s
     0     0 146357.906    0    8 147995.657 146357.906  1.11%     -    0s
     0     0 146357.906    0    8 147995.657 146357.906  1.11%     -    0s
     0     2 146357.906    0    8 147995.657 146357.906  1.11%     -    0s

Cutting planes:
  Implied bound: 143
  MIR: 9
  Flow cover: 8
  Relax-and-lift: 5

Explored 4513 nodes (92263 simplex iterations) in 0.62 seconds (0.65 work units)
Thread count was 10 (of 10 available processors)

Solution count 10: 147996 148199 148572 ... 6.5521e+06

Optimal solution found (tolerance 1.00e-04)
Best objective 1.479956568274e+05, best bound 1.479956568274e+05, gap 0.0000%

User-callback calls 9420, time in user-callback 0.00 sec

Gurobi 12.0.3 (mac64[arm]) logging started Thu Oct 16 16:46:16 2025

Set parameter LogFile to value "Logs/Facility Location Logs/bernoulli_false/L50/phase1/scenario_generation.log"
Set parameter LogToConsole to value 0

Gurobi 12.0.3 (mac64[arm]) logging started Thu Oct 16 16:46:16 2025

Set parameter LogFile to value "Logs/Facility Location Logs/bernoulli_false/L50/phase1/scenario_generation.log"
Gurobi Optimizer version 12.0.3 build v12.0.3rc0 (mac64[arm] - Darwin 24.6.0 24G84)

CPU model: Apple M4
Thread count: 10 physical cores, 10 logical processors, using up to 10 threads

Non-default parameters:
LogToConsole  0

Optimize a model with 75 rows, 1325 columns and 2575 nonzeros
Model fingerprint: 0x871f895d
Variable types: 1300 continuous, 25 integer (25 binary)
Coefficient statistics:
  Matrix range     [1e+00, 2e+04]
  Objective range  [8e-03, 8e+03]
  Bounds range     [0e+00, 0e+00]
  RHS range        [1e+03, 2e+04]
Found heuristic solution: objective 6085200.0000
Presolve removed 0 rows and 1 columns
Presolve time: 0.00s
Presolved: 75 rows, 1324 columns, 2574 nonzeros
Variable types: 1300 continuous, 24 integer (24 binary)

Root relaxation: objective 1.144879e+05, 134 iterations, 0.00 seconds (0.00 work units)

    Nodes    |    Current Node    |     Objective Bounds      |     Work
 Expl Unexpl |  Obj  Depth IntInf | Incumbent    BestBd   Gap | It/Node Time

     0     0 114487.901    0   23 6085200.00 114487.901  98.1%     -    0s
H    0     0                    241135.90098 114487.901  52.5%     -    0s
H    0     0                    211825.86939 114487.901  46.0%     -    0s
H    0     0                    205378.33281 114487.901  44.3%     -    0s
H    0     0                    198335.99643 114487.901  42.3%     -    0s
H    0     0                    198074.22164 114487.901  42.2%     -    0s
H    0     0                    163026.48889 114487.901  29.8%     -    0s
H    0     0                    127821.53844 114487.901  10.4%     -    0s
     0     0 118896.250    0   11 127821.538 118896.250  6.98%     -    0s
H    0     0                    126193.25633 118981.407  5.71%     -    0s
     0     0 118981.407    0   10 126193.256 118981.407  5.71%     -    0s
H    0     0                    125751.80410 118981.407  5.38%     -    0s
     0     0 119359.899    0   10 125751.804 119359.899  5.08%     -    0s
H    0     0                    125747.40760 119410.687  5.04%     -    0s
H    0     0                    125733.67052 119410.687  5.03%     -    0s
     0     0 119410.687    0   10 125733.671 119410.687  5.03%     -    0s
     0     0 119606.441    0   13 125733.671 119606.441  4.87%     -    0s
     0     0 119617.080    0   12 125733.671 119617.080  4.86%     -    0s
     0     0 119619.118    0   12 125733.671 119619.118  4.86%     -    0s
     0     0 119754.368    0   10 125733.671 119754.368  4.76%     -    0s
     0     0 119756.098    0    8 125733.671 119756.098  4.75%     -    0s
     0     0 119789.659    0    4 125733.671 119789.659  4.73%     -    0s
     0     0 119795.743    0    6 125733.671 119795.743  4.72%     -    0s
     0     0 119795.895    0    8 125733.671 119795.895  4.72%     -    0s
H    0     0                    125719.10962 119817.585  4.69%     -    0s
     0     0 119817.585    0    8 125719.110 119817.585  4.69%     -    0s
     0     0 119817.585    0    8 125719.110 119817.585  4.69%     -    0s
H    0     0                    125452.00593 119817.585  4.49%     -    0s
H    0     0                    125424.40175 119817.593  4.47%     -    0s
     0     2 119817.593    0    8 125424.402 119817.593  4.47%     -    0s
H  145   170                    125410.18077 119902.699  4.39%  11.8    0s
H 1487   429                    125406.21351 120395.032  4.00%  25.9    0s

Cutting planes:
  Implied bound: 184
  MIR: 15
  Flow cover: 5
  Inf proof: 8
  Relax-and-lift: 6

Explored 2739 nodes (74171 simplex iterations) in 0.51 seconds (0.51 work units)
Thread count was 10 (of 10 available processors)

Solution count 10: 125406 125719 126193 ... 241136

Optimal solution found (tolerance 1.00e-04)
Best objective 1.254062135057e+05, best bound 1.254062135057e+05, gap 0.0000%

User-callback calls 5872, time in user-callback 0.00 sec

Gurobi 12.0.3 (mac64[arm]) logging started Thu Oct 16 16:46:17 2025

Set parameter LogFile to value "Logs/Facility Location Logs/bernoulli_false/L50/phase1/scenario_generation.log"
Set parameter LogToConsole to value 0

Gurobi 12.0.3 (mac64[arm]) logging started Thu Oct 16 16:46:17 2025

Set parameter LogFile to value "Logs/Facility Location Logs/bernoulli_false/L50/phase1/scenario_generation.log"
Gurobi Optimizer version 12.0.3 build v12.0.3rc0 (mac64[arm] - Darwin 24.6.0 24G84)

CPU model: Apple M4
Thread count: 10 physical cores, 10 logical processors, using up to 10 threads

Non-default parameters:
LogToConsole  0

Optimize a model with 75 rows, 1325 columns and 2575 nonzeros
Model fingerprint: 0x7e29c0d0
Variable types: 1300 continuous, 25 integer (25 binary)
Coefficient statistics:
  Matrix range     [1e+00, 2e+04]
  Objective range  [8e-03, 8e+03]
  Bounds range     [0e+00, 0e+00]
  RHS range        [2e+02, 2e+04]
Found heuristic solution: objective 3610700.0000
Presolve removed 0 rows and 1 columns
Presolve time: 0.00s
Presolved: 75 rows, 1324 columns, 2574 nonzeros
Variable types: 1300 continuous, 24 integer (24 binary)

Root relaxation: objective 7.946017e+04, 122 iterations, 0.00 seconds (0.00 work units)

    Nodes    |    Current Node    |     Objective Bounds      |     Work
 Expl Unexpl |  Obj  Depth IntInf | Incumbent    BestBd   Gap | It/Node Time

     0     0 79460.1744    0   20 3610700.00 79460.1744  97.8%     -    0s
H    0     0                    208353.17436 79460.1744  61.9%     -    0s
H    0     0                    181896.33740 79460.1744  56.3%     -    0s
H    0     0                    181873.93231 79460.1744  56.3%     -    0s
H    0     0                    143310.11026 79460.1744  44.6%     -    0s
     0     0 84724.3637    0    7 143310.110 84724.3637  40.9%     -    0s
H    0     0                    116117.36370 84777.7301  27.0%     -    0s
H    0     0                    107749.27154 84777.7301  21.3%     -    0s
H    0     0                    99960.400404 84777.7301  15.2%     -    0s
H    0     0                    85471.418103 84777.7301  0.81%     -    0s
     0     0 84894.5912    0    7 85471.4181 84894.5912  0.67%     -    0s
     0     0 85117.8397    0    2 85471.4181 85117.8397  0.41%     -    0s
     0     0 85471.4181    0    1 85471.4181 85471.4181  0.00%     -    0s

Cutting planes:
  Implied bound: 53
  Flow cover: 11
  Relax-and-lift: 2

Explored 1 nodes (273 simplex iterations) in 0.03 seconds (0.02 work units)
Thread count was 10 (of 10 available processors)

Solution count 8: 85471.4 99960.4 107749 ... 3.6107e+06

Optimal solution found (tolerance 1.00e-04)
Best objective 8.547141810281e+04, best bound 8.547141810281e+04, gap 0.0000%

User-callback calls 220, time in user-callback 0.00 sec

Gurobi 12.0.3 (mac64[arm]) logging started Thu Oct 16 16:46:17 2025

Set parameter LogFile to value "Logs/Facility Location Logs/bernoulli_false/L50/phase1/scenario_generation.log"
Set parameter LogToConsole to value 0

Gurobi 12.0.3 (mac64[arm]) logging started Thu Oct 16 16:46:17 2025

Set parameter LogFile to value "Logs/Facility Location Logs/bernoulli_false/L50/phase1/scenario_generation.log"
Gurobi Optimizer version 12.0.3 build v12.0.3rc0 (mac64[arm] - Darwin 24.6.0 24G84)

CPU model: Apple M4
Thread count: 10 physical cores, 10 logical processors, using up to 10 threads

Non-default parameters:
LogToConsole  0

Optimize a model with 75 rows, 1325 columns and 2575 nonzeros
Model fingerprint: 0xc64f4d08
Variable types: 1300 continuous, 25 integer (25 binary)
Coefficient statistics:
  Matrix range     [1e+00, 2e+04]
  Objective range  [8e-03, 8e+03]
  Bounds range     [0e+00, 0e+00]
  RHS range        [5e+02, 2e+04]
Found heuristic solution: objective 4386050.0000
Presolve removed 0 rows and 1 columns
Presolve time: 0.00s
Presolved: 75 rows, 1324 columns, 2574 nonzeros
Variable types: 1300 continuous, 24 integer (24 binary)

Root relaxation: objective 9.733589e+04, 124 iterations, 0.00 seconds (0.00 work units)

    Nodes    |    Current Node    |     Objective Bounds      |     Work
 Expl Unexpl |  Obj  Depth IntInf | Incumbent    BestBd   Gap | It/Node Time

     0     0 97335.8874    0   22 4386050.00 97335.8874  97.8%     -    0s
H    0     0                    233475.38743 97335.8874  58.3%     -    0s
H    0     0                    189448.37590 97335.8874  48.6%     -    0s
H    0     0                    189399.24774 97335.8874  48.6%     -    0s
H    0     0                    132867.55748 97335.8874  26.7%     -    0s
     0     0 101735.475    0    9 132867.557 101735.475  23.4%     -    0s
H    0     0                    126972.81089 101819.670  19.8%     -    0s
H    0     0                    121421.59986 101819.670  16.1%     -    0s
     0     0 101819.670    0    9 121421.600 101819.670  16.1%     -    0s
H    0     0                    115024.20160 101819.670  11.5%     -    0s
     0     0 102013.924    0    7 115024.202 102013.924  11.3%     -    0s
     0     0 102062.975    0    7 115024.202 102062.975  11.3%     -    0s
H    0     0                    112120.43543 102062.975  8.97%     -    0s
H    0     0                    105160.05098 102062.975  2.95%     -    0s
H    0     0                    105151.45094 102062.975  2.94%     -    0s
H    0     0                    103764.06395 102084.553  1.62%     -    0s
     0     0 102084.553    0    8 103764.064 102084.553  1.62%     -    0s
H    0     0                    103330.89432 102155.914  1.14%     -    0s
     0     0 102155.914    0   10 103330.894 102155.914  1.14%     -    0s
     0     0 102158.322    0   11 103330.894 102158.322  1.13%     -    0s
     0     0 102158.473    0   10 103330.894 102158.473  1.13%     -    0s
     0     0 102277.210    0    4 103330.894 102277.210  1.02%     -    0s
H    0     0                    103307.68863 102277.210  1.00%     -    0s
     0     0 102384.975    0    3 103307.689 102384.975  0.89%     -    0s
H    0     0                    103290.15595 102385.686  0.88%     -    0s
     0     0 102385.686    0    3 103290.156 102385.686  0.88%     -    0s
     0     0 102389.495    0    3 103290.156 102389.495  0.87%     -    0s
     0     0 102389.495    0    3 103290.156 102389.495  0.87%     -    0s
     0     2 102389.523    0    3 103290.156 102389.523  0.87%     -    0s

Cutting planes:
  Implied bound: 86
  MIR: 4
  Flow cover: 5
  Relax-and-lift: 5

Explored 41 nodes (1376 simplex iterations) in 0.09 seconds (0.07 work units)
Thread count was 10 (of 10 available processors)

Solution count 10: 103290 103308 103331 ... 132868

Optimal solution found (tolerance 1.00e-04)
Best objective 1.032901559537e+05, best bound 1.032901559537e+05, gap 0.0000%

User-callback calls 380, time in user-callback 0.00 sec

Gurobi 12.0.3 (mac64[arm]) logging started Thu Oct 16 16:46:17 2025

Set parameter LogFile to value "Logs/Facility Location Logs/bernoulli_false/L50/phase1/scenario_generation.log"
Set parameter LogToConsole to value 0

Gurobi 12.0.3 (mac64[arm]) logging started Thu Oct 16 16:46:17 2025

Set parameter LogFile to value "Logs/Facility Location Logs/bernoulli_false/L50/phase1/scenario_generation.log"
Gurobi Optimizer version 12.0.3 build v12.0.3rc0 (mac64[arm] - Darwin 24.6.0 24G84)

CPU model: Apple M4
Thread count: 10 physical cores, 10 logical processors, using up to 10 threads

Non-default parameters:
LogToConsole  0

Optimize a model with 75 rows, 1325 columns and 2575 nonzeros
Model fingerprint: 0x6cabf23e
Variable types: 1300 continuous, 25 integer (25 binary)
Coefficient statistics:
  Matrix range     [1e+00, 2e+04]
  Objective range  [8e-03, 8e+03]
  Bounds range     [0e+00, 0e+00]
  RHS range        [1e+03, 2e+04]
Found heuristic solution: objective 6090950.0000
Presolve removed 0 rows and 1 columns
Presolve time: 0.00s
Presolved: 75 rows, 1324 columns, 2574 nonzeros
Variable types: 1300 continuous, 24 integer (24 binary)

Root relaxation: objective 1.227150e+05, 131 iterations, 0.00 seconds (0.00 work units)

    Nodes    |    Current Node    |     Objective Bounds      |     Work
 Expl Unexpl |  Obj  Depth IntInf | Incumbent    BestBd   Gap | It/Node Time

     0     0 122715.000    0   23 6090950.00 122715.000  98.0%     -    0s
H    0     0                    249305.50022 122715.000  50.8%     -    0s
H    0     0                    212771.57021 122715.000  42.3%     -    0s
H    0     0                    205316.30491 122715.000  40.2%     -    0s
H    0     0                    202832.31218 122715.000  39.5%     -    0s
H    0     0                    168416.55866 127514.414  24.3%     -    0s
H    0     0                    134962.73818 127514.414  5.52%     -    0s
     0     0 127514.414    0   13 134962.738 127514.414  5.52%     -    0s
H    0     0                    134735.83421 127558.727  5.33%     -    0s
     0     0 127558.727    0   10 134735.834 127558.727  5.33%     -    0s
H    0     0                    134392.76990 127558.727  5.09%     -    0s
     0     0 128060.653    0   11 134392.770 128060.653  4.71%     -    0s
     0     0 128063.391    0   12 134392.770 128063.391  4.71%     -    0s
     0     0 128245.115    0   12 134392.770 128245.115  4.57%     -    0s
     0     0 128250.964    0   12 134392.770 128250.964  4.57%     -    0s
H    0     0                    134195.79406 128250.964  4.43%     -    0s
     0     0 128398.460    0    7 134195.794 128398.460  4.32%     -    0s
     0     0 128399.972    0    6 134195.794 128399.972  4.32%     -    0s
     0     0 128438.049    0    4 134195.794 128438.049  4.29%     -    0s
     0     0 128439.455    0    5 134195.794 128439.455  4.29%     -    0s
     0     0 128452.825    0    6 134195.794 128452.825  4.28%     -    0s
     0     0 128452.825    0    6 134195.794 128452.825  4.28%     -    0s
H    0     0                    134079.03658 128452.838  4.20%     -    0s
     0     2 128452.838    0    6 134079.037 128452.838  4.20%     -    0s
H  167   186                    134078.75764 128581.810  4.10%  12.5    0s
H  202   186                    133917.72156 128581.810  3.98%  15.8    0s
H  634   392                    133826.76720 128693.265  3.84%  22.7    0s
* 1508   545               7    133820.20396 128930.526  3.65%  23.8    0s

Cutting planes:
  Implied bound: 155
  MIR: 17
  Flow cover: 7
  Inf proof: 10
  Relax-and-lift: 11

Explored 2666 nodes (69492 simplex iterations) in 0.49 seconds (0.52 work units)
Thread count was 10 (of 10 available processors)

Solution count 10: 133820 133827 133918 ... 212772

Optimal solution found (tolerance 1.00e-04)
Best objective 1.338202039648e+05, best bound 1.338202039648e+05, gap 0.0000%

User-callback calls 5731, time in user-callback 0.00 sec

Gurobi 12.0.3 (mac64[arm]) logging started Thu Oct 16 16:46:18 2025

Set parameter LogFile to value "Logs/Facility Location Logs/bernoulli_false/L50/phase1/scenario_generation.log"
Set parameter LogToConsole to value 0

Gurobi 12.0.3 (mac64[arm]) logging started Thu Oct 16 16:46:18 2025

Set parameter LogFile to value "Logs/Facility Location Logs/bernoulli_false/L50/phase1/scenario_generation.log"
Gurobi Optimizer version 12.0.3 build v12.0.3rc0 (mac64[arm] - Darwin 24.6.0 24G84)

CPU model: Apple M4
Thread count: 10 physical cores, 10 logical processors, using up to 10 threads

Non-default parameters:
LogToConsole  0

Optimize a model with 75 rows, 1325 columns and 2575 nonzeros
Model fingerprint: 0x771b874e
Variable types: 1300 continuous, 25 integer (25 binary)
Coefficient statistics:
  Matrix range     [1e+00, 2e+04]
  Objective range  [8e-03, 8e+03]
  Bounds range     [0e+00, 0e+00]
  RHS range        [1e+03, 8e+03]
Found heuristic solution: objective 5022600.0000
Presolve removed 0 rows and 1 columns
Presolve time: 0.00s
Presolved: 75 rows, 1324 columns, 2574 nonzeros
Variable types: 1300 continuous, 24 integer (24 binary)

Root relaxation: objective 7.895480e+04, 111 iterations, 0.00 seconds (0.00 work units)

    Nodes    |    Current Node    |     Objective Bounds      |     Work
 Expl Unexpl |  Obj  Depth IntInf | Incumbent    BestBd   Gap | It/Node Time

     0     0 78954.7981    0   24 5022600.00 78954.7981  98.4%     -    0s
H    0     0                    216228.79809 78954.7981  63.5%     -    0s
H    0     0                    186860.71132 78954.7981  57.7%     -    0s
H    0     0                    158700.14962 78954.7981  50.2%     -    0s
H    0     0                    156263.77437 78954.7981  49.5%     -    0s
H    0     0                    135998.36849 78954.7981  41.9%     -    0s
H    0     0                    101519.75861 84086.7024  17.2%     -    0s
H    0     0                    101374.84070 84086.7024  17.1%     -    0s
     0     0 84086.7024    0   11 101374.841 84086.7024  17.1%     -    0s
H    0     0                    87703.743864 84157.9605  4.04%     -    0s
     0     0 84157.9605    0   10 87703.7439 84157.9605  4.04%     -    0s
     0     0 84616.2434    0   11 87703.7439 84616.2434  3.52%     -    0s
     0     0 84671.8614    0   10 87703.7439 84671.8614  3.46%     -    0s
H    0     0                    87048.693537 84706.2698  2.69%     -    0s
     0     0 84706.2698    0    9 87048.6935 84706.2698  2.69%     -    0s
     0     0 84708.8694    0   10 87048.6935 84708.8694  2.69%     -    0s
     0     0 84708.9385    0   10 87048.6935 84708.9385  2.69%     -    0s
     0     0 84953.8909    0   12 87048.6935 84953.8909  2.41%     -    0s
H    0     0                    86906.621228 84961.2597  2.24%     -    0s
     0     0 84961.2597    0   11 86906.6212 84961.2597  2.24%     -    0s
     0     0 85062.0232    0    8 86906.6212 85062.0232  2.12%     -    0s
     0     0 85066.3594    0    7 86906.6212 85066.3594  2.12%     -    0s
     0     0 85098.8477    0    7 86906.6212 85098.8477  2.08%     -    0s
     0     0 85122.3286    0    8 86906.6212 85122.3286  2.05%     -    0s
     0     0 85128.6277    0    4 86906.6212 85128.6277  2.05%     -    0s
     0     0 85131.6295    0    4 86906.6212 85131.6295  2.04%     -    0s
     0     0 85164.4671    0    4 86906.6212 85164.4671  2.00%     -    0s
     0     0 85166.0298    0    3 86906.6212 85166.0298  2.00%     -    0s
     0     0 85203.5650    0    4 86906.6212 85203.5650  1.96%     -    0s
     0     0 85203.7561    0    4 86906.6212 85203.7561  1.96%     -    0s
     0     2 85203.7580    0    4 86906.6212 85203.7580  1.96%     -    0s

Cutting planes:
  Implied bound: 155
  MIR: 11
  Flow cover: 4
  Relax-and-lift: 7

Explored 3410 nodes (78556 simplex iterations) in 0.59 seconds (0.61 work units)
Thread count was 10 (of 10 available processors)

Solution count 10: 86906.6 87048.7 87703.7 ... 216229

Optimal solution found (tolerance 1.00e-04)
Best objective 8.690662122788e+04, best bound 8.690662122788e+04, gap 0.0000%

User-callback calls 7242, time in user-callback 0.00 sec

Gurobi 12.0.3 (mac64[arm]) logging started Thu Oct 16 16:46:18 2025

Set parameter LogFile to value "Logs/Facility Location Logs/bernoulli_false/L50/phase1/scenario_generation.log"
Set parameter LogToConsole to value 0

Gurobi 12.0.3 (mac64[arm]) logging started Thu Oct 16 16:46:18 2025

Set parameter LogFile to value "Logs/Facility Location Logs/bernoulli_false/L50/phase1/scenario_generation.log"
Gurobi Optimizer version 12.0.3 build v12.0.3rc0 (mac64[arm] - Darwin 24.6.0 24G84)

CPU model: Apple M4
Thread count: 10 physical cores, 10 logical processors, using up to 10 threads

Non-default parameters:
LogToConsole  0

Optimize a model with 75 rows, 1325 columns and 2575 nonzeros
Model fingerprint: 0x8e8a2547
Variable types: 1300 continuous, 25 integer (25 binary)
Coefficient statistics:
  Matrix range     [1e+00, 2e+04]
  Objective range  [8e-03, 8e+03]
  Bounds range     [0e+00, 0e+00]
  RHS range        [1e+03, 2e+04]
Found heuristic solution: objective 6240100.0000
Presolve removed 0 rows and 1 columns
Presolve time: 0.00s
Presolved: 75 rows, 1324 columns, 2574 nonzeros
Variable types: 1300 continuous, 24 integer (24 binary)

Root relaxation: objective 1.197580e+05, 122 iterations, 0.00 seconds (0.00 work units)

    Nodes    |    Current Node    |     Objective Bounds      |     Work
 Expl Unexpl |  Obj  Depth IntInf | Incumbent    BestBd   Gap | It/Node Time

     0     0 119757.962    0   23 6240100.00 119757.962  98.1%     -    0s
H    0     0                    244856.96159 119757.962  51.1%     -    0s
H    0     0                    215728.58544 119757.962  44.5%     -    0s
H    0     0                    208457.38447 119757.962  42.6%     -    0s
H    0     0                    194209.85948 119757.962  38.3%     -    0s
H    0     0                    164012.31379 124490.114  24.1%     -    0s
H    0     0                    138363.27885 124490.114  10.0%     -    0s
     0     0 124490.114    0   10 138363.279 124490.114  10.0%     -    0s
H    0     0                    129995.77191 124550.363  4.19%     -    0s
     0     0 124550.363    0   10 129995.772 124550.363  4.19%     -    0s
     0     0 124959.618    0    9 129995.772 124959.618  3.87%     -    0s
     0     0 125007.740    0   10 129995.772 125007.740  3.84%     -    0s
     0     0 125171.310    0    7 129995.772 125171.310  3.71%     -    0s
     0     0 125190.564    0    9 129995.772 125190.564  3.70%     -    0s
     0     0 125196.089    0    8 129995.772 125196.089  3.69%     -    0s
     0     0 125196.102    0    8 129995.772 125196.102  3.69%     -    0s
     0     0 125283.079    0    8 129995.772 125283.079  3.63%     -    0s
     0     0 125286.472    0    7 129995.772 125286.472  3.62%     -    0s
     0     0 125325.215    0    9 129995.772 125325.215  3.59%     -    0s
     0     0 125327.516    0    7 129995.772 125327.516  3.59%     -    0s
H    0     0                    129580.06304 125327.516  3.28%     -    0s
     0     0 125348.499    0    7 129580.063 125348.499  3.27%     -    0s
     0     0 125351.465    0    6 129580.063 125351.465  3.26%     -    0s
     0     0 125354.109    0    5 129580.063 125354.109  3.26%     -    0s
     0     0 125356.135    0    5 129580.063 125356.135  3.26%     -    0s
     0     0 125362.893    0    6 129580.063 125362.893  3.25%     -    0s
     0     0 125362.990    0    6 129580.063 125362.990  3.25%     -    0s
     0     2 125362.990    0    6 129580.063 125362.990  3.25%     -    0s
*  567   404               9    129533.09595 125547.716  3.08%  25.6    0s

Cutting planes:
  Implied bound: 153
  MIR: 23
  Flow cover: 3
  Inf proof: 9
  Relax-and-lift: 6

Explored 3895 nodes (121939 simplex iterations) in 0.76 seconds (0.78 work units)
Thread count was 10 (of 10 available processors)

Solution count 10: 129533 129580 129996 ... 6.2401e+06

Optimal solution found (tolerance 1.00e-04)
Best objective 1.295330959545e+05, best bound 1.295330959545e+05, gap 0.0000%

User-callback calls 8195, time in user-callback 0.00 sec

Gurobi 12.0.3 (mac64[arm]) logging started Thu Oct 16 16:46:19 2025

Set parameter LogFile to value "Logs/Facility Location Logs/bernoulli_false/L50/phase1/scenario_generation.log"
Set parameter LogToConsole to value 0

Gurobi 12.0.3 (mac64[arm]) logging started Thu Oct 16 16:46:19 2025

Set parameter LogFile to value "Logs/Facility Location Logs/bernoulli_false/L50/phase1/scenario_generation.log"
Gurobi Optimizer version 12.0.3 build v12.0.3rc0 (mac64[arm] - Darwin 24.6.0 24G84)

CPU model: Apple M4
Thread count: 10 physical cores, 10 logical processors, using up to 10 threads

Non-default parameters:
LogToConsole  0

Optimize a model with 75 rows, 1325 columns and 2575 nonzeros
Model fingerprint: 0xef48da34
Variable types: 1300 continuous, 25 integer (25 binary)
Coefficient statistics:
  Matrix range     [1e+00, 2e+04]
  Objective range  [8e-03, 8e+03]
  Bounds range     [0e+00, 0e+00]
  RHS range        [1e+03, 2e+04]
Found heuristic solution: objective 5689800.0000
Presolve removed 0 rows and 1 columns
Presolve time: 0.00s
Presolved: 75 rows, 1324 columns, 2574 nonzeros
Variable types: 1300 continuous, 24 integer (24 binary)

Root relaxation: objective 1.077852e+05, 118 iterations, 0.00 seconds (0.00 work units)

    Nodes    |    Current Node    |     Objective Bounds      |     Work
 Expl Unexpl |  Obj  Depth IntInf | Incumbent    BestBd   Gap | It/Node Time

     0     0 107785.186    0   23 5689800.00 107785.186  98.1%     -    0s
H    0     0                    238387.18629 107785.186  54.8%     -    0s
H    0     0                    223634.12725 107785.186  51.8%     -    0s
H    0     0                    220720.93675 107785.186  51.2%     -    0s
H    0     0                    189039.69713 107785.186  43.0%     -    0s
H    0     0                    174524.94000 107785.186  38.2%     -    0s
     0     0 112658.175    0   11 174524.940 112658.175  35.4%     -    0s
H    0     0                    165555.34024 112680.541  31.9%     -    0s
H    0     0                    158245.76177 112680.541  28.8%     -    0s
H    0     0                    123915.67058 112680.541  9.07%     -    0s
H    0     0                    118475.14865 112680.541  4.89%     -    0s
H    0     0                    116777.59814 112680.541  3.51%     -    0s
     0     0 112680.541    0   11 116777.598 112680.541  3.51%     -    0s
     0     0 113106.411    0    9 116777.598 113106.411  3.14%     -    0s
     0     0 113169.837    0   10 116777.598 113169.837  3.09%     -    0s
     0     0 113169.837    0    9 116777.598 113169.837  3.09%     -    0s
     0     0 113358.338    0   10 116777.598 113358.338  2.93%     -    0s
H    0     0                    116571.15105 113373.634  2.74%     -    0s
     0     0 113373.634    0   10 116571.151 113373.634  2.74%     -    0s
H    0     0                    116431.17111 113473.859  2.54%     -    0s
H    0     0                    116043.73976 113473.859  2.21%     -    0s
     0     0 113473.859    0   10 116043.740 113473.859  2.21%     -    0s
     0     0 113484.055    0   10 116043.740 113484.055  2.21%     -    0s
     0     0 113486.294    0    8 116043.740 113486.294  2.20%     -    0s
     0     0 113516.321    0    5 116043.740 113516.321  2.18%     -    0s
H    0     0                    116013.05746 113516.461  2.15%     -    0s
     0     0 113516.547    0    3 116013.057 113516.547  2.15%     -    0s
     0     0 113527.739    0    4 116013.057 113527.739  2.14%     -    0s
     0     0 113541.564    0    4 116013.057 113541.564  2.13%     -    0s
     0     0 113546.986    0    7 116013.057 113546.986  2.13%     -    0s
     0     0 113546.986    0    7 116013.057 113546.986  2.13%     -    0s
     0     2 113546.986    0    7 116013.057 113546.986  2.13%     -    0s

Cutting planes:
  Implied bound: 129
  MIR: 14
  Flow cover: 3
  Inf proof: 2
  Relax-and-lift: 6

Explored 4119 nodes (104396 simplex iterations) in 0.76 seconds (0.78 work units)
Thread count was 10 (of 10 available processors)

Solution count 10: 116013 116044 116571 ... 220721

Optimal solution found (tolerance 1.00e-04)
Best objective 1.160130574581e+05, best bound 1.160130574581e+05, gap 0.0000%

User-callback calls 8737, time in user-callback 0.00 sec

Gurobi 12.0.3 (mac64[arm]) logging started Thu Oct 16 16:46:20 2025

Set parameter LogFile to value "Logs/Facility Location Logs/bernoulli_false/L50/phase1/scenario_generation.log"
Set parameter LogToConsole to value 0

Gurobi 12.0.3 (mac64[arm]) logging started Thu Oct 16 16:46:20 2025

Set parameter LogFile to value "Logs/Facility Location Logs/bernoulli_false/L50/phase1/scenario_generation.log"
Gurobi Optimizer version 12.0.3 build v12.0.3rc0 (mac64[arm] - Darwin 24.6.0 24G84)

CPU model: Apple M4
Thread count: 10 physical cores, 10 logical processors, using up to 10 threads

Non-default parameters:
LogToConsole  0

Optimize a model with 75 rows, 1325 columns and 2575 nonzeros
Model fingerprint: 0xeb74af80
Variable types: 1300 continuous, 25 integer (25 binary)
Coefficient statistics:
  Matrix range     [1e+00, 2e+04]
  Objective range  [8e-03, 8e+03]
  Bounds range     [0e+00, 0e+00]
  RHS range        [9e+02, 2e+04]
Found heuristic solution: objective 5480700.0000
Presolve removed 0 rows and 1 columns
Presolve time: 0.00s
Presolved: 75 rows, 1324 columns, 2574 nonzeros
Variable types: 1300 continuous, 24 integer (24 binary)

Root relaxation: objective 1.043087e+05, 171 iterations, 0.00 seconds (0.00 work units)

    Nodes    |    Current Node    |     Objective Bounds      |     Work
 Expl Unexpl |  Obj  Depth IntInf | Incumbent    BestBd   Gap | It/Node Time

     0     0 104308.661    0   23 5480700.00 104308.661  98.1%     -    0s
H    0     0                    237001.66076 104308.661  56.0%     -    0s
H    0     0                    200665.65007 104308.661  48.0%     -    0s
H    0     0                    172751.53125 104308.661  39.6%     -    0s
H    0     0                    158472.97385 109330.056  31.0%     -    0s
H    0     0                    124804.91632 109330.056  12.4%     -    0s
     0     0 109330.056    0   11 124804.916 109330.056  12.4%     -    0s
H    0     0                    115321.53379 109433.537  5.11%     -    0s
     0     0 109433.537    0   11 115321.534 109433.537  5.11%     -    0s
     0     0 109766.588    0    9 115321.534 109766.588  4.82%     -    0s
H    0     0                    115257.59207 109808.504  4.73%     -    0s
     0     0 109837.701    0    8 115257.592 109837.701  4.70%     -    0s
     0     0 109947.316    0    9 115257.592 109947.316  4.61%     -    0s
     0     0 109982.390    0    8 115257.592 109982.390  4.58%     -    0s
     0     0 109982.390    0    8 115257.592 109982.390  4.58%     -    0s
     0     0 109982.390    0    7 115257.592 109982.390  4.58%     -    0s
     0     0 110070.932    0    6 115257.592 110070.932  4.50%     -    0s
H    0     0                    115172.53901 110070.932  4.43%     -    0s
     0     0 110101.365    0    6 115172.539 110101.365  4.40%     -    0s
     0     0 110101.365    0    6 115172.539 110101.365  4.40%     -    0s
H    0     0                    114326.29705 110101.365  3.70%     -    0s
H    0     0                    114254.16908 110101.365  3.63%     -    0s
     0     2 110101.384    0    6 114254.169 110101.384  3.63%     -    0s
H  537   320                    114252.24400 110345.358  3.42%  22.2    0s

Cutting planes:
  Implied bound: 144
  MIR: 5
  Flow cover: 2
  Inf proof: 9
  Relax-and-lift: 9

Explored 3902 nodes (99247 simplex iterations) in 0.69 seconds (0.70 work units)
Thread count was 10 (of 10 available processors)

Solution count 9: 114252 114326 115322 ... 5.4807e+06

Optimal solution found (tolerance 1.00e-04)
Best objective 1.142522440009e+05, best bound 1.142522440009e+05, gap 0.0000%

User-callback calls 8186, time in user-callback 0.00 sec

Gurobi 12.0.3 (mac64[arm]) logging started Thu Oct 16 16:46:20 2025

Set parameter LogFile to value "Logs/Facility Location Logs/bernoulli_false/L50/phase1/scenario_generation.log"
Set parameter LogToConsole to value 0

Gurobi 12.0.3 (mac64[arm]) logging started Thu Oct 16 16:46:20 2025

Set parameter LogFile to value "Logs/Facility Location Logs/bernoulli_false/L50/phase1/scenario_generation.log"
Gurobi Optimizer version 12.0.3 build v12.0.3rc0 (mac64[arm] - Darwin 24.6.0 24G84)

CPU model: Apple M4
Thread count: 10 physical cores, 10 logical processors, using up to 10 threads

Non-default parameters:
LogToConsole  0

Optimize a model with 75 rows, 1325 columns and 2575 nonzeros
Model fingerprint: 0x03b8afd2
Variable types: 1300 continuous, 25 integer (25 binary)
Coefficient statistics:
  Matrix range     [1e+00, 2e+04]
  Objective range  [8e-03, 8e+03]
  Bounds range     [0e+00, 0e+00]
  RHS range        [1e+03, 8e+03]
Found heuristic solution: objective 5787150.0000
Presolve removed 0 rows and 1 columns
Presolve time: 0.00s
Presolved: 75 rows, 1324 columns, 2574 nonzeros
Variable types: 1300 continuous, 24 integer (24 binary)

Root relaxation: objective 8.208594e+04, 99 iterations, 0.00 seconds (0.00 work units)

    Nodes    |    Current Node    |     Objective Bounds      |     Work
 Expl Unexpl |  Obj  Depth IntInf | Incumbent    BestBd   Gap | It/Node Time

     0     0 82085.9357    0   24 5787150.00 82085.9357  98.6%     -    0s
H    0     0                    211714.43570 82085.9357  61.2%     -    0s
H    0     0                    189642.27642 82085.9357  56.7%     -    0s
H    0     0                    175568.53405 82085.9357  53.2%     -    0s
H    0     0                    173084.50937 82085.9357  52.6%     -    0s
H    0     0                    168448.83274 82735.4815  50.9%     -    0s
H    0     0                    168065.25458 86910.5123  48.3%     -    0s
H    0     0                    131497.44516 86910.5123  33.9%     -    0s
H    0     0                    96944.758386 86910.5123  10.4%     -    0s
H    0     0                    90210.708262 86910.5123  3.66%     -    0s
     0     0 86910.5123    0   12 90210.7083 86910.5123  3.66%     -    0s
     0     0 87009.4911    0   11 90210.7083 87009.4911  3.55%     -    0s
H    0     0                    90190.857945 87009.4911  3.53%     -    0s
     0     0 87446.7864    0   12 90190.8579 87446.7864  3.04%     -    0s
     0     0 87501.0488    0   12 90190.8579 87501.0488  2.98%     -    0s
     0     0 87645.6739    0   13 90190.8579 87645.6739  2.82%     -    0s
     0     0 87660.7635    0   11 90190.8579 87660.7635  2.81%     -    0s
     0     0 87685.7020    0   10 90190.8579 87685.7020  2.78%     -    0s
     0     0 87686.1166    0   10 90190.8579 87686.1166  2.78%     -    0s
H    0     0                    90027.004933 87686.1166  2.60%     -    0s
     0     0 87744.0374    0   10 90027.0049 87744.0374  2.54%     -    0s
H    0     0                    89488.816445 87745.8089  1.95%     -    0s
     0     0 87745.8089    0    8 89488.8164 87745.8089  1.95%     -    0s
     0     0 87786.6274    0    8 89488.8164 87786.6274  1.90%     -    0s
     0     0 87787.8349    0    7 89488.8164 87787.8349  1.90%     -    0s
     0     0 87800.8072    0    9 89488.8164 87800.8072  1.89%     -    0s
     0     0 87801.0026    0    9 89488.8164 87801.0026  1.89%     -    0s
     0     2 87801.0027    0    9 89488.8164 87801.0027  1.89%     -    0s

Cutting planes:
  Implied bound: 184
  MIR: 14
  Flow cover: 10
  Relax-and-lift: 8

Explored 7725 nodes (166883 simplex iterations) in 1.23 seconds (1.28 work units)
Thread count was 10 (of 10 available processors)

Solution count 10: 89488.8 90027 90190.9 ... 175569

Optimal solution found (tolerance 1.00e-04)
Best objective 8.948881644469e+04, best bound 8.948881644469e+04, gap 0.0000%

User-callback calls 16072, time in user-callback 0.01 sec

Gurobi 12.0.3 (mac64[arm]) logging started Thu Oct 16 16:46:22 2025

Set parameter LogFile to value "Logs/Facility Location Logs/bernoulli_false/L50/phase1/scenario_generation.log"
Set parameter LogToConsole to value 0

Gurobi 12.0.3 (mac64[arm]) logging started Thu Oct 16 16:46:22 2025

Set parameter LogFile to value "Logs/Facility Location Logs/bernoulli_false/L50/phase1/scenario_generation.log"
Gurobi Optimizer version 12.0.3 build v12.0.3rc0 (mac64[arm] - Darwin 24.6.0 24G84)

CPU model: Apple M4
Thread count: 10 physical cores, 10 logical processors, using up to 10 threads

Non-default parameters:
LogToConsole  0

Optimize a model with 75 rows, 1325 columns and 2575 nonzeros
Model fingerprint: 0x246239d3
Variable types: 1300 continuous, 25 integer (25 binary)
Coefficient statistics:
  Matrix range     [1e+00, 2e+04]
  Objective range  [8e-03, 8e+03]
  Bounds range     [0e+00, 0e+00]
  RHS range        [7e+02, 1e+04]
Found heuristic solution: objective 4889550.0000
Presolve removed 0 rows and 1 columns
Presolve time: 0.00s
Presolved: 75 rows, 1324 columns, 2574 nonzeros
Variable types: 1300 continuous, 24 integer (24 binary)

Root relaxation: objective 9.459477e+04, 174 iterations, 0.00 seconds (0.00 work units)

    Nodes    |    Current Node    |     Objective Bounds      |     Work
 Expl Unexpl |  Obj  Depth IntInf | Incumbent    BestBd   Gap | It/Node Time

     0     0 94594.7724    0   23 4889550.00 94594.7724  98.1%     -    0s
H    0     0                    225699.27245 94594.7724  58.1%     -    0s
H    0     0                    203606.14120 94594.7724  53.5%     -    0s
H    0     0                    182109.87130 94594.7724  48.1%     -    0s
H    0     0                    178610.46786 94594.7724  47.0%     -    0s
H    0     0                    148035.17408 94672.5529  36.0%     -    0s
H    0     0                    117632.49941 99129.4709  15.7%     -    0s
     0     0 99129.4709    0   12 117632.499 99129.4709  15.7%     -    0s
H    0     0                    117631.16259 99231.5659  15.6%     -    0s
H    0     0                    110600.31593 99231.5659  10.3%     -    0s
     0     0 99231.5659    0   12 110600.316 99231.5659  10.3%     -    0s
     0     0 99633.5739    0    7 110600.316 99633.5739  9.92%     -    0s
H    0     0                    110576.40321 99663.9619  9.87%     -    0s
H    0     0                    103794.06509 99663.9619  3.98%     -    0s
H    0     0                    103769.22003 99663.9619  3.96%     -    0s
H    0     0                    103744.74483 99663.9619  3.93%     -    0s
     0     0 99665.5993    0    7 103744.745 99665.5993  3.93%     -    0s
H    0     0                    103273.28273 99665.5993  3.49%     -    0s
     0     0 99900.1633    0    9 103273.283 99900.1633  3.27%     -    0s
     0     0 99929.0161    0    9 103273.283 99929.0161  3.24%     -    0s
     0     0 100034.025    0    5 103273.283 100034.025  3.14%     -    0s
     0     0 100034.052    0    4 103273.283 100034.052  3.14%     -    0s
     0     0 100094.173    0    4 103273.283 100094.173  3.08%     -    0s
     0     0 100099.277    0    5 103273.283 100099.277  3.07%     -    0s
     0     0 100101.801    0    5 103273.283 100101.801  3.07%     -    0s
     0     0 100105.214    0    5 103273.283 100105.214  3.07%     -    0s
     0     0 100105.214    0    5 103273.283 100105.214  3.07%     -    0s
H    0     0                    103256.43430 100105.214  3.05%     -    0s
     0     2 100105.221    0    5 103256.434 100105.221  3.05%     -    0s
H   36    76                    103195.85022 100159.009  2.94%  23.2    0s

Cutting planes:
  Implied bound: 125
  MIR: 4
  Flow cover: 1
  Relax-and-lift: 2

Explored 3575 nodes (77216 simplex iterations) in 0.54 seconds (0.54 work units)
Thread count was 10 (of 10 available processors)

Solution count 10: 103196 103273 103745 ... 203606

Optimal solution found (tolerance 1.00e-04)
Best objective 1.031958502204e+05, best bound 1.031958502204e+05, gap 0.0000%

User-callback calls 7555, time in user-callback 0.00 sec

Gurobi 12.0.3 (mac64[arm]) logging started Thu Oct 16 16:46:22 2025

Set parameter LogFile to value "Logs/Facility Location Logs/bernoulli_false/L50/phase1/scenario_generation.log"
Set parameter LogToConsole to value 0

Gurobi 12.0.3 (mac64[arm]) logging started Thu Oct 16 16:46:22 2025

Set parameter LogFile to value "Logs/Facility Location Logs/bernoulli_false/L50/phase1/scenario_generation.log"
Gurobi Optimizer version 12.0.3 build v12.0.3rc0 (mac64[arm] - Darwin 24.6.0 24G84)

CPU model: Apple M4
Thread count: 10 physical cores, 10 logical processors, using up to 10 threads

Non-default parameters:
LogToConsole  0

Optimize a model with 75 rows, 1325 columns and 2575 nonzeros
Model fingerprint: 0xe5c92498
Variable types: 1300 continuous, 25 integer (25 binary)
Coefficient statistics:
  Matrix range     [1e+00, 2e+04]
  Objective range  [8e-03, 8e+03]
  Bounds range     [0e+00, 0e+00]
  RHS range        [1e+03, 6e+03]
Found heuristic solution: objective 5202750.0000
Presolve removed 0 rows and 1 columns
Presolve time: 0.00s
Presolved: 75 rows, 1324 columns, 2574 nonzeros
Variable types: 1300 continuous, 24 integer (24 binary)

Root relaxation: objective 7.359737e+04, 144 iterations, 0.00 seconds (0.00 work units)

    Nodes    |    Current Node    |     Objective Bounds      |     Work
 Expl Unexpl |  Obj  Depth IntInf | Incumbent    BestBd   Gap | It/Node Time

     0     0 73597.3683    0   24 5202750.00 73597.3683  98.6%     -    0s
H    0     0                    209069.86825 73597.3683  64.8%     -    0s
H    0     0                    187053.40500 73597.3683  60.7%     -    0s
H    0     0                    180557.40307 73597.3683  59.2%     -    0s
H    0     0                    174217.99328 73597.3683  57.8%     -    0s
H    0     0                    153155.79865 73597.3683  51.9%     -    0s
H    0     0                    149703.77179 73645.3091  50.8%     -    0s
H    0     0                    128261.58795 78542.4760  38.8%     -    0s
H    0     0                    94658.059772 78542.4760  17.0%     -    0s
     0     0 78542.4760    0   11 94658.0598 78542.4760  17.0%     -    0s
H    0     0                    82669.084881 78638.3151  4.88%     -    0s
H    0     0                    82625.036414 78638.3151  4.83%     -    0s
H    0     0                    80174.675588 78638.3151  1.92%     -    0s
     0     0 78638.3151    0   11 80174.6756 78638.3151  1.92%     -    0s
     0     0 79104.7415    0    8 80174.6756 79104.7415  1.33%     -    0s
     0     0 79144.2582    0    8 80174.6756 79144.2582  1.29%     -    0s
     0     0 79306.5216    0   11 80174.6756 79306.5216  1.08%     -    0s
     0     0 79326.5397    0   11 80174.6756 79326.5397  1.06%     -    0s
     0     0 79326.7294    0   12 80174.6756 79326.7294  1.06%     -    0s
     0     0 79442.8610    0   10 80174.6756 79442.8610  0.91%     -    0s
     0     0 79451.7606    0   10 80174.6756 79451.7606  0.90%     -    0s
     0     0 79452.4729    0   11 80174.6756 79452.4729  0.90%     -    0s
     0     0 79516.9934    0    6 80174.6756 79516.9934  0.82%     -    0s
     0     0 79518.8775    0    6 80174.6756 79518.8775  0.82%     -    0s
     0     0 79543.5278    0    9 80174.6756 79543.5278  0.79%     -    0s
     0     0 79543.8134    0    9 80174.6756 79543.8134  0.79%     -    0s
     0     2 79543.8178    0    9 80174.6756 79543.8178  0.79%     -    0s
H   27    51                    80166.527600 79587.7665  0.72%  25.9    0s
H   49    51                    80116.058806 79587.7665  0.66%  19.5    0s
*  142    72               6    80093.547438 79633.7533  0.57%  22.9    0s
*  153    72               8    80078.571941 79634.1713  0.55%  23.2    0s

Cutting planes:
  Implied bound: 91
  MIR: 12
  Flow cover: 5
  Relax-and-lift: 10

Explored 436 nodes (10985 simplex iterations) in 0.15 seconds (0.14 work units)
Thread count was 10 (of 10 available processors)

Solution count 10: 80078.6 80093.5 80116.1 ... 153156

Optimal solution found (tolerance 1.00e-04)
Best objective 8.007857194144e+04, best bound 8.007857194144e+04, gap 0.0000%

User-callback calls 1206, time in user-callback 0.00 sec

Gurobi 12.0.3 (mac64[arm]) logging started Thu Oct 16 16:46:22 2025

Set parameter LogFile to value "Logs/Facility Location Logs/bernoulli_false/L50/phase1/scenario_generation.log"
Set parameter LogToConsole to value 0

Gurobi 12.0.3 (mac64[arm]) logging started Thu Oct 16 16:46:22 2025

Set parameter LogFile to value "Logs/Facility Location Logs/bernoulli_false/L50/phase1/scenario_generation.log"
Gurobi Optimizer version 12.0.3 build v12.0.3rc0 (mac64[arm] - Darwin 24.6.0 24G84)

CPU model: Apple M4
Thread count: 10 physical cores, 10 logical processors, using up to 10 threads

Non-default parameters:
LogToConsole  0

Optimize a model with 75 rows, 1325 columns and 2575 nonzeros
Model fingerprint: 0x834aac3b
Variable types: 1300 continuous, 25 integer (25 binary)
Coefficient statistics:
  Matrix range     [1e+00, 2e+04]
  Objective range  [8e-03, 8e+03]
  Bounds range     [0e+00, 0e+00]
  RHS range        [1e+03, 8e+03]
Found heuristic solution: objective 4980950.0000
Presolve removed 0 rows and 1 columns
Presolve time: 0.00s
Presolved: 75 rows, 1324 columns, 2574 nonzeros
Variable types: 1300 continuous, 24 integer (24 binary)

Root relaxation: objective 8.232810e+04, 142 iterations, 0.00 seconds (0.00 work units)

    Nodes    |    Current Node    |     Objective Bounds      |     Work
 Expl Unexpl |  Obj  Depth IntInf | Incumbent    BestBd   Gap | It/Node Time

     0     0 82328.0978    0   24 4980950.00 82328.0978  98.3%     -    0s
H    0     0                    220018.59776 82328.0978  62.6%     -    0s
H    0     0                    197820.97390 82328.0978  58.4%     -    0s
H    0     0                    197812.27555 82328.0978  58.4%     -    0s
H    0     0                    191207.30901 82328.0978  56.9%     -    0s
H    0     0                    183889.96453 82328.0978  55.2%     -    0s
H    0     0                    177529.28413 83368.3223  53.0%     -    0s
H    0     0                    170135.95036 83368.3223  51.0%     -    0s
H    0     0                    139554.49147 87143.2260  37.6%     -    0s
H    0     0                    104957.97425 87143.2260  17.0%     -    0s
     0     0 87143.2260    0   11 104957.974 87143.2260  17.0%     -    0s
H    0     0                    98555.388903 87248.6988  11.5%     -    0s
H    0     0                    91955.118344 87248.6988  5.12%     -    0s
H    0     0                    91696.242183 87248.6988  4.85%     -    0s
     0     0 87248.6988    0   11 91696.2422 87248.6988  4.85%     -    0s
H    0     0                    91422.123643 87248.6988  4.57%     -    0s
H    0     0                    91391.813083 87711.0042  4.03%     -    0s
     0     0 87732.0315    0   10 91391.8131 87732.0315  4.00%     -    0s
H    0     0                    91267.378503 87784.8930  3.82%     -    0s
H    0     0                    90815.371904 87784.8930  3.34%     -    0s
     0     0 87784.8930    0    9 90815.3719 87784.8930  3.34%     -    0s
     0     0 88006.6637    0   10 90815.3719 88006.6637  3.09%     -    0s
H    0     0                    90592.971809 88040.2403  2.82%     -    0s
     0     0 88040.2403    0   10 90592.9718 88040.2403  2.82%     -    0s
     0     0 88040.2403    0   10 90592.9718 88040.2403  2.82%     -    0s
H    0     0                    90489.275523 88149.6739  2.59%     -    0s
     0     0 88149.6739    0   10 90489.2755 88149.6739  2.59%     -    0s
     0     0 88162.0593    0   10 90489.2755 88162.0593  2.57%     -    0s
     0     0 88163.7564    0    9 90489.2755 88163.7564  2.57%     -    0s
     0     0 88206.6135    0    7 90489.2755 88206.6135  2.52%     -    0s
H    0     0                    90485.431111 88206.6135  2.52%     -    0s
     0     0 88206.6224    0    7 90485.4311 88206.6224  2.52%     -    0s
     0     0 88208.0052    0    5 90485.4311 88208.0052  2.52%     -    0s
     0     0 88210.5743    0    6 90485.4311 88210.5743  2.51%     -    0s
     0     0 88212.3452    0    8 90485.4311 88212.3452  2.51%     -    0s
     0     0 88212.3452    0    8 90485.4311 88212.3452  2.51%     -    0s
     0     2 88212.3452    0    8 90485.4311 88212.3452  2.51%     -    0s

Cutting planes:
  Implied bound: 170
  MIR: 18
  Flow cover: 7
  Inf proof: 1
  Relax-and-lift: 11

Explored 6896 nodes (155163 simplex iterations) in 1.04 seconds (1.06 work units)
Thread count was 10 (of 10 available processors)

Solution count 10: 90485.4 90489.3 90593 ... 139554

Optimal solution found (tolerance 1.00e-04)
Best objective 9.048543111094e+04, best bound 9.048543111094e+04, gap 0.0000%

User-callback calls 14295, time in user-callback 0.00 sec

============================================================
SUMMARY STATISTICS - PHASE 1: SCENARIO GENERATION (L50)
============================================================
Parameters:
  bernoulli_case: false
  nloc: 25
  ncust: 50
  nscen: 50

Results:
  total_scenarios: 50
  unique_solutions: 46
============================================================
