
Gurobi 12.0.3 (mac64[arm]) logging started Tue Sep 23 13:34:01 2025

Set parameter LogFile to value "Logs/Facility Location Logs/L30/phase1/scenario_generation.log"
Set parameter LogToConsole to value 0

Gurobi 12.0.3 (mac64[arm]) logging started Tue Sep 23 13:34:01 2025

Set parameter LogFile to value "Logs/Facility Location Logs/L30/phase1/scenario_generation.log"
Gurobi Optimizer version 12.0.3 build v12.0.3rc0 (mac64[arm] - Darwin 24.6.0 24G222)

CPU model: Apple M3
Thread count: 8 physical cores, 8 logical processors, using up to 8 threads

Non-default parameters:
LogToConsole  0

Optimize a model with 75 rows, 1325 columns and 2575 nonzeros
Model fingerprint: 0x2dfaf614
Variable types: 1300 continuous, 25 integer (25 binary)
Coefficient statistics:
  Matrix range     [1e+00, 2e+04]
  Objective range  [8e-03, 8e+03]
  Bounds range     [0e+00, 0e+00]
  RHS range        [7e+02, 2e+04]
Found heuristic solution: objective 4588000.0000
Presolve removed 0 rows and 1 columns
Presolve time: 0.00s
Presolved: 75 rows, 1324 columns, 2574 nonzeros
Variable types: 1300 continuous, 24 integer (24 binary)

Root relaxation: objective 9.036545e+04, 146 iterations, 0.00 seconds (0.00 work units)

    Nodes    |    Current Node    |     Objective Bounds      |     Work
 Expl Unexpl |  Obj  Depth IntInf | Incumbent    BestBd   Gap | It/Node Time

     0     0 90365.4496    0   22 4588000.00 90365.4496  98.0%     -    0s
H    0     0                    224485.44959 90365.4496  59.7%     -    0s
H    0     0                    202394.37709 90365.4496  55.4%     -    0s
H    0     0                    198188.67355 90365.4496  54.4%     -    0s
H    0     0                    150308.03289 90365.4496  39.9%     -    0s
     0     0 94887.2977    0   10 150308.033 94887.2977  36.9%     -    0s
H    0     0                    144724.05285 95020.5531  34.3%     -    0s
H    0     0                    115815.83021 95020.5531  18.0%     -    0s
H    0     0                    115615.65677 95020.5531  17.8%     -    0s
     0     0 95020.5531    0   10 115615.657 95020.5531  17.8%     -    0s
H    0     0                    109838.78971 95020.5531  13.5%     -    0s
     0     0 95323.8374    0    6 109838.790 95323.8374  13.2%     -    0s
H    0     0                    109639.47728 95323.8374  13.1%     -    0s
H    0     0                    102544.44524 95323.8374  7.04%     -    0s
H    0     0                    102472.97177 95323.8374  6.98%     -    0s
H    0     0                    102389.78661 95448.8676  6.78%     -    0s
     0     0 95448.8676    0    7 102389.787 95448.8676  6.78%     -    0s
     0     0 95466.6337    0    6 102389.787 95466.6337  6.76%     -    0s
     0     0 95472.4920    0    6 102389.787 95472.4920  6.76%     -    0s
H    0     0                    102328.99455 95472.4920  6.70%     -    0s
H    0     0                    102248.38753 95597.0174  6.51%     -    0s
H    0     0                    102152.02000 95597.0174  6.42%     -    0s
     0     0 95597.0174    0    4 102152.020 95597.0174  6.42%     -    0s
     0     0 95606.1602    0    4 102152.020 95606.1602  6.41%     -    0s
     0     0 95643.7840    0    1 102152.020 95643.7840  6.37%     -    0s
     0     0 95644.7416    0    2 102152.020 95644.7416  6.37%     -    0s
     0     0 95644.7416    0    2 102152.020 95644.7416  6.37%     -    0s
H    0     0                    101741.01504 95644.7416  5.99%     -    0s
H    0     0                    101722.98176 95644.7866  5.98%     -    0s
     0     2 95644.7866    0    2 101722.982 95644.7866  5.98%     -    0s
*  289   218              14    101712.84912 95795.6584  5.82%  19.9    0s
*  379   227              10    101499.97917 95801.8511  5.61%  21.5    0s
H 1027   367                    101402.72723 96349.5977  4.98%  21.6    0s
* 1044   367              10    101223.29030 96459.7187  4.71%  21.8    0s

Cutting planes:
  Implied bound: 98
  MIR: 6
  Flow cover: 8
  Inf proof: 18
  Relax-and-lift: 10

Explored 2877 nodes (62828 simplex iterations) in 0.25 seconds (0.54 work units)
Thread count was 8 (of 8 available processors)

Solution count 10: 101223 101403 101500 ... 109839

Optimal solution found (tolerance 1.00e-04)
Best objective 1.012232902958e+05, best bound 1.012232902958e+05, gap 0.0000%

User-callback calls 6088, time in user-callback 0.00 sec

Gurobi 12.0.3 (mac64[arm]) logging started Tue Sep 23 13:34:01 2025

Set parameter LogFile to value "Logs/Facility Location Logs/L30/phase1/scenario_generation.log"
Set parameter LogToConsole to value 0

Gurobi 12.0.3 (mac64[arm]) logging started Tue Sep 23 13:34:01 2025

Set parameter LogFile to value "Logs/Facility Location Logs/L30/phase1/scenario_generation.log"
Gurobi Optimizer version 12.0.3 build v12.0.3rc0 (mac64[arm] - Darwin 24.6.0 24G222)

CPU model: Apple M3
Thread count: 8 physical cores, 8 logical processors, using up to 8 threads

Non-default parameters:
LogToConsole  0

Optimize a model with 75 rows, 1325 columns and 2575 nonzeros
Model fingerprint: 0xc52d609e
Variable types: 1300 continuous, 25 integer (25 binary)
Coefficient statistics:
  Matrix range     [1e+00, 2e+04]
  Objective range  [8e-03, 8e+03]
  Bounds range     [0e+00, 0e+00]
  RHS range        [1e+03, 2e+04]
Found heuristic solution: objective 5937550.0000
Presolve removed 0 rows and 1 columns
Presolve time: 0.00s
Presolved: 75 rows, 1324 columns, 2574 nonzeros
Variable types: 1300 continuous, 24 integer (24 binary)

Root relaxation: objective 1.128812e+05, 116 iterations, 0.00 seconds (0.00 work units)

    Nodes    |    Current Node    |     Objective Bounds      |     Work
 Expl Unexpl |  Obj  Depth IntInf | Incumbent    BestBd   Gap | It/Node Time

     0     0 112881.207    0   23 5937550.00 112881.207  98.1%     -    0s
H    0     0                    241005.70655 112881.207  53.2%     -    0s
H    0     0                    211726.44827 112881.207  46.7%     -    0s
H    0     0                    201353.61216 112881.207  43.9%     -    0s
H    0     0                    165895.63691 112965.958  31.9%     -    0s
H    0     0                    162781.13187 117569.093  27.8%     -    0s
H    0     0                    127984.94026 117569.093  8.14%     -    0s
     0     0 117569.093    0   10 127984.940 117569.093  8.14%     -    0s
H    0     0                    121754.53049 117650.569  3.37%     -    0s
H    0     0                    121246.10775 117650.569  2.97%     -    0s
     0     0 117650.569    0   10 121246.108 117650.569  2.97%     -    0s
H    0     0                    121057.49932 117650.569  2.81%     -    0s
H    0     0                    120933.79702 118064.061  2.37%     -    0s
     0     0 118064.061    0    8 120933.797 118064.061  2.37%     -    0s
H    0     0                    119658.79473 118129.997  1.28%     -    0s
     0     0 118129.997    0    8 119658.795 118129.997  1.28%     -    0s
H    0     0                    119523.24053 118129.997  1.17%     -    0s
     0     0 118332.295    0   10 119523.241 118332.295  1.00%     -    0s
     0     0 118344.975    0   11 119523.241 118344.975  0.99%     -    0s
H    0     0                    119363.51134 118344.975  0.85%     -    0s
     0     0 118453.521    0    8 119363.511 118453.521  0.76%     -    0s
H    0     0                    119319.81355 118456.458  0.72%     -    0s
     0     0 118456.458    0    6 119319.814 118456.458  0.72%     -    0s
     0     0 118506.345    0    9 119319.814 118506.345  0.68%     -    0s
     0     0 118514.828    0    8 119319.814 118514.828  0.67%     -    0s
     0     0 118520.418    0    7 119319.814 118520.418  0.67%     -    0s
     0     0 118547.605    0    8 119319.814 118547.605  0.65%     -    0s
     0     0 118577.353    0    7 119319.814 118577.353  0.62%     -    0s
     0     0 118585.232    0    9 119319.814 118585.232  0.62%     -    0s
     0     0 118590.517    0    8 119319.814 118590.517  0.61%     -    0s
     0     0 118591.577    0    9 119319.814 118591.577  0.61%     -    0s
     0     0 118597.164    0    5 119319.814 118597.164  0.61%     -    0s
     0     0 118597.902    0    6 119319.814 118597.902  0.61%     -    0s
     0     0 118603.664    0    8 119319.814 118603.664  0.60%     -    0s
     0     0 118603.664    0    8 119319.814 118603.664  0.60%     -    0s
     0     2 118603.664    0    8 119319.814 118603.664  0.60%     -    0s
*   30    33               8    119318.11485 118695.358  0.52%  32.9    0s
*  329    69              10    119300.62379 118821.536  0.40%  23.6    0s

Cutting planes:
  Implied bound: 122
  MIR: 21
  Flow cover: 8
  Relax-and-lift: 2

Explored 537 nodes (13811 simplex iterations) in 0.13 seconds (0.22 work units)
Thread count was 8 (of 8 available processors)

Solution count 10: 119301 119318 119320 ... 162781

Optimal solution found (tolerance 1.00e-04)
Best objective 1.193006237903e+05, best bound 1.193006237903e+05, gap 0.0000%

User-callback calls 1420, time in user-callback 0.00 sec

Gurobi 12.0.3 (mac64[arm]) logging started Tue Sep 23 13:34:02 2025

Set parameter LogFile to value "Logs/Facility Location Logs/L30/phase1/scenario_generation.log"
Set parameter LogToConsole to value 0

Gurobi 12.0.3 (mac64[arm]) logging started Tue Sep 23 13:34:02 2025

Set parameter LogFile to value "Logs/Facility Location Logs/L30/phase1/scenario_generation.log"
Gurobi Optimizer version 12.0.3 build v12.0.3rc0 (mac64[arm] - Darwin 24.6.0 24G222)

CPU model: Apple M3
Thread count: 8 physical cores, 8 logical processors, using up to 8 threads

Non-default parameters:
LogToConsole  0

Optimize a model with 75 rows, 1325 columns and 2575 nonzeros
Model fingerprint: 0xb4cbf1b5
Variable types: 1300 continuous, 25 integer (25 binary)
Coefficient statistics:
  Matrix range     [1e+00, 2e+04]
  Objective range  [8e-03, 8e+03]
  Bounds range     [0e+00, 0e+00]
  RHS range        [1e+03, 1e+04]
Found heuristic solution: objective 5976000.0000
Presolve removed 0 rows and 1 columns
Presolve time: 0.00s
Presolved: 75 rows, 1324 columns, 2574 nonzeros
Variable types: 1300 continuous, 24 integer (24 binary)

Root relaxation: objective 1.097180e+05, 130 iterations, 0.00 seconds (0.00 work units)

    Nodes    |    Current Node    |     Objective Bounds      |     Work
 Expl Unexpl |  Obj  Depth IntInf | Incumbent    BestBd   Gap | It/Node Time

     0     0 109718.036    0   24 5976000.00 109718.036  98.2%     -    0s
H    0     0                    237458.03641 109718.036  53.8%     -    0s
H    0     0                    215384.23561 109718.036  49.1%     -    0s
H    0     0                    206943.66676 109718.036  47.0%     -    0s
H    0     0                    192758.66252 109718.036  43.1%     -    0s
H    0     0                    189240.45205 109718.036  42.0%     -    0s
H    0     0                    157620.40194 109718.036  30.4%     -    0s
H    0     0                    123508.79551 114251.028  7.50%     -    0s
H    0     0                    116711.71126 114251.028  2.11%     -    0s
     0     0 114251.028    0   11 116711.711 114251.028  2.11%     -    0s
     0     0 114335.767    0   11 116711.711 114335.767  2.04%     -    0s
H    0     0                    116082.42732 114335.767  1.50%     -    0s
H    0     0                    116067.81123 114335.767  1.49%     -    0s
     0     0 114712.144    0   11 116067.811 114712.144  1.17%     -    0s
H    0     0                    115617.45260 114746.762  0.75%     -    0s
H    0     0                    115525.53281 114746.762  0.67%     -    0s
     0     0 114746.762    0   10 115525.533 114746.762  0.67%     -    0s
H    0     0                    115523.33276 114746.762  0.67%     -    0s
H    0     0                    115418.14008 114904.436  0.45%     -    0s
H    0     0                    115414.17383 114904.436  0.44%     -    0s
     0     0 114904.436    0   11 115414.174 114904.436  0.44%     -    0s
     0     0 114908.460    0    9 115414.174 114908.460  0.44%     -    0s
     0     0 114993.259    0    7 115414.174 114993.259  0.36%     -    0s
     0     0 114996.110    0    7 115414.174 114996.110  0.36%     -    0s
     0     0 115028.236    0    4 115414.174 115028.236  0.33%     -    0s
     0     0 115032.074    0    5 115414.174 115032.074  0.33%     -    0s
     0     0 115032.074    0    5 115414.174 115032.074  0.33%     -    0s
     0     2 115032.074    0    5 115414.174 115032.074  0.33%     -    0s

Cutting planes:
  Implied bound: 88
  MIR: 6
  Relax-and-lift: 4

Explored 136 nodes (2997 simplex iterations) in 0.05 seconds (0.08 work units)
Thread count was 8 (of 8 available processors)

Solution count 10: 115414 115523 115617 ... 206944

Optimal solution found (tolerance 1.00e-04)
Best objective 1.154141738332e+05, best bound 1.154141738332e+05, gap 0.0000%

User-callback calls 551, time in user-callback 0.00 sec

Gurobi 12.0.3 (mac64[arm]) logging started Tue Sep 23 13:34:02 2025

Set parameter LogFile to value "Logs/Facility Location Logs/L30/phase1/scenario_generation.log"
Set parameter LogToConsole to value 0

Gurobi 12.0.3 (mac64[arm]) logging started Tue Sep 23 13:34:02 2025

Set parameter LogFile to value "Logs/Facility Location Logs/L30/phase1/scenario_generation.log"
Gurobi Optimizer version 12.0.3 build v12.0.3rc0 (mac64[arm] - Darwin 24.6.0 24G222)

CPU model: Apple M3
Thread count: 8 physical cores, 8 logical processors, using up to 8 threads

Non-default parameters:
LogToConsole  0

Optimize a model with 75 rows, 1325 columns and 2575 nonzeros
Model fingerprint: 0x1a68f8f3
Variable types: 1300 continuous, 25 integer (25 binary)
Coefficient statistics:
  Matrix range     [1e+00, 2e+04]
  Objective range  [8e-03, 8e+03]
  Bounds range     [0e+00, 0e+00]
  RHS range        [1e+03, 1e+04]
Found heuristic solution: objective 6273850.0000
Presolve removed 0 rows and 1 columns
Presolve time: 0.00s
Presolved: 75 rows, 1324 columns, 2574 nonzeros
Variable types: 1300 continuous, 24 integer (24 binary)

Root relaxation: objective 1.048731e+05, 125 iterations, 0.00 seconds (0.00 work units)

    Nodes    |    Current Node    |     Objective Bounds      |     Work
 Expl Unexpl |  Obj  Depth IntInf | Incumbent    BestBd   Gap | It/Node Time

     0     0 104873.060    0   24 6273850.00 104873.060  98.3%     -    0s
H    0     0                    229634.56037 104873.060  54.3%     -    0s
H    0     0                    215098.13066 104873.060  51.2%     -    0s
H    0     0                    194725.56934 104873.060  46.1%     -    0s
H    0     0                    193128.28963 104873.060  45.7%     -    0s
H    0     0                    188016.75805 104873.060  44.2%     -    0s
H    0     0                    185435.49313 109715.214  40.8%     -    0s
H    0     0                    149764.59501 109715.214  26.7%     -    0s
     0     0 109715.214    0    9 149764.595 109715.214  26.7%     -    0s
H    0     0                    115627.26686 109831.595  5.01%     -    0s
H    0     0                    115609.33377 109831.595  5.00%     -    0s
H    0     0                    115330.16465 109831.595  4.77%     -    0s
     0     0 109831.595    0    9 115330.165 109831.595  4.77%     -    0s
     0     0 110281.785    0    8 115330.165 110281.785  4.38%     -    0s
     0     0 110309.979    0    9 115330.165 110309.979  4.35%     -    0s
     0     0 110426.465    0   10 115330.165 110426.465  4.25%     -    0s
     0     0 110446.173    0   10 115330.165 110446.173  4.23%     -    0s
     0     0 110537.036    0    7 115330.165 110537.036  4.16%     -    0s
     0     0 110541.401    0    7 115330.165 110541.401  4.15%     -    0s
     0     0 110541.458    0    7 115330.165 110541.458  4.15%     -    0s
     0     0 110555.066    0    4 115330.165 110555.066  4.14%     -    0s
H    0     0                    114558.23126 110555.066  3.49%     -    0s
     0     0 110556.888    0    5 114558.231 110556.888  3.49%     -    0s
     0     0 110563.820    0    5 114558.231 110563.820  3.49%     -    0s
     0     0 110563.820    0    5 114558.231 110563.820  3.49%     -    0s
     0     2 110563.834    0    5 114558.231 110563.834  3.49%     -    0s
* 2917   984               9    114501.48205 111209.264  2.88%  25.0    0s
* 4150  1060               9    114451.26716 111419.039  2.65%  25.7    0s

Cutting planes:
  Implied bound: 162
  MIR: 12
  Flow cover: 4
  Inf proof: 17
  Relax-and-lift: 6

Explored 7767 nodes (202623 simplex iterations) in 0.75 seconds (1.60 work units)
Thread count was 8 (of 8 available processors)

Solution count 10: 114451 114501 114558 ... 194726

Optimal solution found (tolerance 1.00e-04)
Best objective 1.144512671580e+05, best bound 1.144512671580e+05, gap 0.0000%

User-callback calls 15986, time in user-callback 0.00 sec

Gurobi 12.0.3 (mac64[arm]) logging started Tue Sep 23 13:34:02 2025

Set parameter LogFile to value "Logs/Facility Location Logs/L30/phase1/scenario_generation.log"
Set parameter LogToConsole to value 0

Gurobi 12.0.3 (mac64[arm]) logging started Tue Sep 23 13:34:02 2025

Set parameter LogFile to value "Logs/Facility Location Logs/L30/phase1/scenario_generation.log"
Gurobi Optimizer version 12.0.3 build v12.0.3rc0 (mac64[arm] - Darwin 24.6.0 24G222)

CPU model: Apple M3
Thread count: 8 physical cores, 8 logical processors, using up to 8 threads

Non-default parameters:
LogToConsole  0

Optimize a model with 75 rows, 1325 columns and 2575 nonzeros
Model fingerprint: 0x8180e39e
Variable types: 1300 continuous, 25 integer (25 binary)
Coefficient statistics:
  Matrix range     [1e+00, 2e+04]
  Objective range  [8e-03, 8e+03]
  Bounds range     [0e+00, 0e+00]
  RHS range        [1e+03, 1e+04]
Found heuristic solution: objective 5158450.0000
Presolve removed 0 rows and 1 columns
Presolve time: 0.00s
Presolved: 75 rows, 1324 columns, 2574 nonzeros
Variable types: 1300 continuous, 24 integer (24 binary)

Root relaxation: objective 9.186285e+04, 136 iterations, 0.00 seconds (0.00 work units)

    Nodes    |    Current Node    |     Objective Bounds      |     Work
 Expl Unexpl |  Obj  Depth IntInf | Incumbent    BestBd   Gap | It/Node Time

     0     0 91862.8510    0   24 5158450.00 91862.8510  98.2%     -    0s
H    0     0                    227778.35103 91862.8510  59.7%     -    0s
H    0     0                    191156.63690 91862.8510  51.9%     -    0s
H    0     0                    155480.32829 91862.8510  40.9%     -    0s
H    0     0                    149347.09965 91862.8510  38.5%     -    0s
H    0     0                    143754.04204 91862.8510  36.1%     -    0s
H    0     0                    112651.39396 91862.8510  18.5%     -    0s
H    0     0                    99185.876438 91862.8510  7.38%     -    0s
     0     0 96642.5816    0   11 99185.8764 96642.5816  2.56%     -    0s
     0     0 96743.3057    0   11 99185.8764 96743.3057  2.46%     -    0s
     0     0 97103.2523    0    7 99185.8764 97103.2523  2.10%     -    0s
H    0     0                    98598.360154 97139.8362  1.48%     -    0s
     0     0 97139.8362    0    8 98598.3602 97139.8362  1.48%     -    0s
     0     0 97140.5678    0    8 98598.3602 97140.5678  1.48%     -    0s
H    0     0                    98424.789555 97140.5678  1.30%     -    0s
     0     0 97394.4128    0    9 98424.7896 97394.4128  1.05%     -    0s
     0     0 97418.5486    0    9 98424.7896 97418.5486  1.02%     -    0s
     0     0 97553.2342    0    8 98424.7896 97553.2342  0.89%     -    0s
     0     0 97561.4535    0    6 98424.7896 97561.4535  0.88%     -    0s
     0     0 97563.3187    0    6 98424.7896 97563.3187  0.88%     -    0s
     0     0 97613.0941    0    4 98424.7896 97613.0941  0.82%     -    0s
     0     0 97616.8048    0    4 98424.7896 97616.8048  0.82%     -    0s
     0     0 97625.5778    0   10 98424.7896 97625.5778  0.81%     -    0s
     0     0 97626.2229    0   10 98424.7896 97626.2229  0.81%     -    0s
     0     2 97626.2244    0   10 98424.7896 97626.2244  0.81%     -    0s

Cutting planes:
  Implied bound: 93
  MIR: 6
  Flow cover: 8
  Relax-and-lift: 11

Explored 464 nodes (10400 simplex iterations) in 0.09 seconds (0.17 work units)
Thread count was 8 (of 8 available processors)

Solution count 9: 98424.8 99185.9 112651 ... 5.15845e+06

Optimal solution found (tolerance 1.00e-04)
Best objective 9.842478955463e+04, best bound 9.842478955463e+04, gap 0.0000%

User-callback calls 1219, time in user-callback 0.00 sec

Gurobi 12.0.3 (mac64[arm]) logging started Tue Sep 23 13:34:02 2025

Set parameter LogFile to value "Logs/Facility Location Logs/L30/phase1/scenario_generation.log"
Set parameter LogToConsole to value 0

Gurobi 12.0.3 (mac64[arm]) logging started Tue Sep 23 13:34:02 2025

Set parameter LogFile to value "Logs/Facility Location Logs/L30/phase1/scenario_generation.log"
Gurobi Optimizer version 12.0.3 build v12.0.3rc0 (mac64[arm] - Darwin 24.6.0 24G222)

CPU model: Apple M3
Thread count: 8 physical cores, 8 logical processors, using up to 8 threads

Non-default parameters:
LogToConsole  0

Optimize a model with 75 rows, 1325 columns and 2575 nonzeros
Model fingerprint: 0xbb6a27c4
Variable types: 1300 continuous, 25 integer (25 binary)
Coefficient statistics:
  Matrix range     [1e+00, 2e+04]
  Objective range  [8e-03, 8e+03]
  Bounds range     [0e+00, 0e+00]
  RHS range        [1e+03, 2e+04]
Found heuristic solution: objective 5971100.0000
Presolve removed 0 rows and 1 columns
Presolve time: 0.00s
Presolved: 75 rows, 1324 columns, 2574 nonzeros
Variable types: 1300 continuous, 24 integer (24 binary)

Root relaxation: objective 1.097907e+05, 127 iterations, 0.00 seconds (0.00 work units)

    Nodes    |    Current Node    |     Objective Bounds      |     Work
 Expl Unexpl |  Obj  Depth IntInf | Incumbent    BestBd   Gap | It/Node Time

     0     0 109790.709    0   23 5971100.00 109790.709  98.2%     -    0s
H    0     0                    237579.70936 109790.709  53.8%     -    0s
H    0     0                    222871.17070 109790.709  50.7%     -    0s
H    0     0                    201901.60702 109790.709  45.6%     -    0s
H    0     0                    201887.30004 109790.709  45.6%     -    0s
H    0     0                    201596.54345 109790.709  45.5%     -    0s
H    0     0                    186162.91284 109790.709  41.0%     -    0s
H    0     0                    151367.97602 109790.709  27.5%     -    0s
H    0     0                    116750.75033 114613.726  1.83%     -    0s
H    0     0                    116584.04540 114613.726  1.69%     -    0s
     0     0 114613.726    0   12 116584.045 114613.726  1.69%     -    0s
     0     0 114820.011    0   12 116584.045 114820.011  1.51%     -    0s
     0     0 114820.011    0   12 116584.045 114820.011  1.51%     -    0s
     0     0 115300.563    0    9 116584.045 115300.563  1.10%     -    0s
H    0     0                    116420.57681 115325.288  0.94%     -    0s
     0     0 115325.288    0    9 116420.577 115325.288  0.94%     -    0s
H    0     0                    116378.79451 115325.288  0.91%     -    0s
     0     0 115475.816    0   10 116378.795 115475.816  0.78%     -    0s
H    0     0                    116230.01990 115499.716  0.63%     -    0s
     0     0 115499.716    0   10 116230.020 115499.716  0.63%     -    0s
     0     0 115499.716    0   10 116230.020 115499.716  0.63%     -    0s
     0     0 115587.694    0    9 116230.020 115587.694  0.55%     -    0s
     0     0 115597.880    0    8 116230.020 115597.880  0.54%     -    0s
H    0     0                    116213.93812 115598.686  0.53%     -    0s
     0     0 115598.686    0    9 116213.938 115598.686  0.53%     -    0s
     0     0 115608.574    0    4 116213.938 115608.574  0.52%     -    0s
     0     0 115631.550    0    4 116213.938 115631.550  0.50%     -    0s
     0     0 115631.551    0    4 116213.938 115631.551  0.50%     -    0s
H    0     0                    116203.39241 115631.551  0.49%     -    0s
     0     0 115637.395    0    5 116203.392 115637.395  0.49%     -    0s
     0     0 115637.395    0    5 116203.392 115637.395  0.49%     -    0s
H    0     0                    116167.83321 115637.395  0.46%     -    0s
     0     2 115637.395    0    5 116167.833 115637.395  0.46%     -    0s
H   76    36                    116110.23810 115842.821  0.23%  20.1    0s

Cutting planes:
  Implied bound: 95
  MIR: 10
  Flow cover: 1
  Relax-and-lift: 7

Explored 225 nodes (4570 simplex iterations) in 0.06 seconds (0.10 work units)
Thread count was 8 (of 8 available processors)

Solution count 10: 116110 116168 116203 ... 201597

Optimal solution found (tolerance 1.00e-04)
Best objective 1.161102381026e+05, best bound 1.161102381026e+05, gap 0.0000%

User-callback calls 751, time in user-callback 0.00 sec

Gurobi 12.0.3 (mac64[arm]) logging started Tue Sep 23 13:34:03 2025

Set parameter LogFile to value "Logs/Facility Location Logs/L30/phase1/scenario_generation.log"
Set parameter LogToConsole to value 0

Gurobi 12.0.3 (mac64[arm]) logging started Tue Sep 23 13:34:03 2025

Set parameter LogFile to value "Logs/Facility Location Logs/L30/phase1/scenario_generation.log"
Gurobi Optimizer version 12.0.3 build v12.0.3rc0 (mac64[arm] - Darwin 24.6.0 24G222)

CPU model: Apple M3
Thread count: 8 physical cores, 8 logical processors, using up to 8 threads

Non-default parameters:
LogToConsole  0

Optimize a model with 75 rows, 1325 columns and 2575 nonzeros
Model fingerprint: 0x31460c6a
Variable types: 1300 continuous, 25 integer (25 binary)
Coefficient statistics:
  Matrix range     [1e+00, 2e+04]
  Objective range  [8e-03, 8e+03]
  Bounds range     [0e+00, 0e+00]
  RHS range        [7e+02, 2e+04]
Found heuristic solution: objective 4915000.0000
Presolve removed 0 rows and 1 columns
Presolve time: 0.00s
Presolved: 75 rows, 1324 columns, 2574 nonzeros
Variable types: 1300 continuous, 24 integer (24 binary)

Root relaxation: objective 1.004631e+05, 156 iterations, 0.00 seconds (0.00 work units)

    Nodes    |    Current Node    |     Objective Bounds      |     Work
 Expl Unexpl |  Obj  Depth IntInf | Incumbent    BestBd   Gap | It/Node Time

     0     0 100463.116    0   22 4915000.00 100463.116  98.0%     -    0s
H    0     0                    231313.11620 100463.116  56.6%     -    0s
H    0     0                    223849.81107 100463.116  55.1%     -    0s
H    0     0                    216485.52931 100463.116  53.6%     -    0s
H    0     0                    178302.41804 100463.116  43.7%     -    0s
     0     0 104604.306    0   10 178302.418 104604.306  41.3%     -    0s
H    0     0                    167954.30580 104699.448  37.7%     -    0s
H    0     0                    158160.19677 104699.448  33.8%     -    0s
H    0     0                    122762.46451 104699.448  14.7%     -    0s
H    0     0                    119374.12414 104699.448  12.3%     -    0s
H    0     0                    113839.99899 104699.448  8.03%     -    0s
     0     0 104699.448    0   10 113839.999 104699.448  8.03%     -    0s
     0     0 104981.736    0    7 113839.999 104981.736  7.78%     -    0s
     0     0 105050.214    0    7 113839.999 105050.214  7.72%     -    0s
H    0     0                    109135.78128 105050.214  3.74%     -    0s
H    0     0                    108778.60446 105250.578  3.24%     -    0s
     0     0 105250.578    0   10 108778.604 105250.578  3.24%     -    0s
     0     0 105269.711    0   10 108778.604 105269.711  3.23%     -    0s
     0     0 105269.711    0   10 108778.604 105269.711  3.23%     -    0s
H    0     0                    108452.34873 105269.711  2.93%     -    0s
     0     0 105411.675    0    2 108452.349 105411.675  2.80%     -    0s
     0     0 105465.985    0    1 108452.349 105465.985  2.75%     -    0s
H    0     0                    108449.58940 105465.985  2.75%     -    0s
     0     0 105473.508    0    5 108449.589 105473.508  2.74%     -    0s
     0     0 105473.508    0    5 108449.589 105473.508  2.74%     -    0s
     0     2 105473.508    0    5 108449.589 105473.508  2.74%     -    0s
H  182   160                    108427.93142 105560.117  2.64%  17.4    0s

Cutting planes:
  Implied bound: 98
  MIR: 4
  Flow cover: 3
  Inf proof: 1
  Relax-and-lift: 4

Explored 1353 nodes (28641 simplex iterations) in 0.15 seconds (0.29 work units)
Thread count was 8 (of 8 available processors)

Solution count 10: 108428 108450 108452 ... 178302

Optimal solution found (tolerance 1.00e-04)
Best objective 1.084279314191e+05, best bound 1.084279314191e+05, gap 0.0000%

User-callback calls 3004, time in user-callback 0.00 sec

Gurobi 12.0.3 (mac64[arm]) logging started Tue Sep 23 13:34:03 2025

Set parameter LogFile to value "Logs/Facility Location Logs/L30/phase1/scenario_generation.log"
Set parameter LogToConsole to value 0

Gurobi 12.0.3 (mac64[arm]) logging started Tue Sep 23 13:34:03 2025

Set parameter LogFile to value "Logs/Facility Location Logs/L30/phase1/scenario_generation.log"
Gurobi Optimizer version 12.0.3 build v12.0.3rc0 (mac64[arm] - Darwin 24.6.0 24G222)

CPU model: Apple M3
Thread count: 8 physical cores, 8 logical processors, using up to 8 threads

Non-default parameters:
LogToConsole  0

Optimize a model with 75 rows, 1325 columns and 2575 nonzeros
Model fingerprint: 0x34075dfd
Variable types: 1300 continuous, 25 integer (25 binary)
Coefficient statistics:
  Matrix range     [1e+00, 2e+04]
  Objective range  [8e-03, 8e+03]
  Bounds range     [0e+00, 0e+00]
  RHS range        [1e+03, 2e+04]
Found heuristic solution: objective 5882800.0000
Presolve removed 0 rows and 1 columns
Presolve time: 0.00s
Presolved: 75 rows, 1324 columns, 2574 nonzeros
Variable types: 1300 continuous, 24 integer (24 binary)

Root relaxation: objective 1.240859e+05, 150 iterations, 0.00 seconds (0.00 work units)

    Nodes    |    Current Node    |     Objective Bounds      |     Work
 Expl Unexpl |  Obj  Depth IntInf | Incumbent    BestBd   Gap | It/Node Time

     0     0 124085.860    0   23 5882800.00 124085.860  97.9%     -    0s
H    0     0                    252757.85994 124085.860  50.9%     -    0s
H    0     0                    209093.10072 124085.860  40.7%     -    0s
H    0     0                    209058.93569 124085.860  40.6%     -    0s
H    0     0                    187755.85890 124308.348  33.8%     -    0s
H    0     0                    171892.50053 128556.624  25.2%     -    0s
H    0     0                    145759.35907 128556.624  11.8%     -    0s
     0     0 128556.624    0   11 145759.359 128556.624  11.8%     -    0s
H    0     0                    140318.65885 128596.748  8.35%     -    0s
H    0     0                    139468.04004 128596.748  7.79%     -    0s
     0     0 128596.748    0   11 139468.040 128596.748  7.79%     -    0s
H    0     0                    137594.35197 128596.748  6.54%     -    0s
H    0     0                    131622.89595 128596.748  2.30%     -    0s
H    0     0                    131047.48372 128596.748  1.87%     -    0s
     0     0 129161.586    0   11 131047.484 129161.586  1.44%     -    0s
     0     0 129233.222    0   12 131047.484 129233.222  1.38%     -    0s
H    0     0                    130942.76153 129382.156  1.19%     -    0s
     0     0 129382.156    0   10 130942.762 129382.156  1.19%     -    0s
H    0     0                    130805.93347 129406.617  1.07%     -    0s
     0     0 129406.617    0   10 130805.933 129406.617  1.07%     -    0s
     0     0 129406.617    0   10 130805.933 129406.617  1.07%     -    0s
     0     0 129509.895    0    9 130805.933 129509.895  0.99%     -    0s
H    0     0                    130766.49814 129510.174  0.96%     -    0s
     0     0 129512.110    0    8 130766.498 129512.110  0.96%     -    0s
     0     0 129537.252    0    7 130766.498 129537.252  0.94%     -    0s
     0     0 129543.478    0    7 130766.498 129543.478  0.94%     -    0s
     0     0 129562.675    0    8 130766.498 129562.675  0.92%     -    0s
     0     0 129565.971    0    8 130766.498 129565.971  0.92%     -    0s
     0     2 129566.086    0    8 130766.498 129566.086  0.92%     -    0s
*  739    89               4    130763.14043 130200.874  0.43%  22.7    0s

Cutting planes:
  Implied bound: 116
  MIR: 15
  Flow cover: 1
  Relax-and-lift: 4

Explored 911 nodes (21328 simplex iterations) in 0.13 seconds (0.26 work units)
Thread count was 8 (of 8 available processors)

Solution count 10: 130763 130766 130806 ... 209059

Optimal solution found (tolerance 1.00e-04)
Best objective 1.307631404327e+05, best bound 1.307631404327e+05, gap 0.0000%

User-callback calls 2137, time in user-callback 0.00 sec

Gurobi 12.0.3 (mac64[arm]) logging started Tue Sep 23 13:34:03 2025

Set parameter LogFile to value "Logs/Facility Location Logs/L30/phase1/scenario_generation.log"
Set parameter LogToConsole to value 0

Gurobi 12.0.3 (mac64[arm]) logging started Tue Sep 23 13:34:03 2025

Set parameter LogFile to value "Logs/Facility Location Logs/L30/phase1/scenario_generation.log"
Gurobi Optimizer version 12.0.3 build v12.0.3rc0 (mac64[arm] - Darwin 24.6.0 24G222)

CPU model: Apple M3
Thread count: 8 physical cores, 8 logical processors, using up to 8 threads

Non-default parameters:
LogToConsole  0

Optimize a model with 75 rows, 1325 columns and 2575 nonzeros
Model fingerprint: 0x899a6ddb
Variable types: 1300 continuous, 25 integer (25 binary)
Coefficient statistics:
  Matrix range     [1e+00, 2e+04]
  Objective range  [8e-03, 8e+03]
  Bounds range     [0e+00, 0e+00]
  RHS range        [1e+03, 1e+04]
Found heuristic solution: objective 6285650.0000
Presolve removed 0 rows and 1 columns
Presolve time: 0.00s
Presolved: 75 rows, 1324 columns, 2574 nonzeros
Variable types: 1300 continuous, 24 integer (24 binary)

Root relaxation: objective 1.079208e+05, 142 iterations, 0.00 seconds (0.00 work units)

    Nodes    |    Current Node    |     Objective Bounds      |     Work
 Expl Unexpl |  Obj  Depth IntInf | Incumbent    BestBd   Gap | It/Node Time

     0     0 107920.808    0   24 6285650.00 107920.808  98.3%     -    0s
H    0     0                    232564.30824 107920.808  53.6%     -    0s
H    0     0                    211075.53982 107920.808  48.9%     -    0s
H    0     0                    182287.76071 107920.808  40.8%     -    0s
H    0     0                    151914.76231 112473.352  26.0%     -    0s
H    0     0                    118226.83564 112473.352  4.87%     -    0s
     0     0 112473.352    0   11 118226.836 112473.352  4.87%     -    0s
H    0     0                    118207.12583 112495.967  4.83%     -    0s
     0     0 112495.967    0   10 118207.126 112495.967  4.83%     -    0s
     0     0 112982.908    0    8 118207.126 112982.908  4.42%     -    0s
     0     0 113040.110    0    7 118207.126 113040.110  4.37%     -    0s
H    0     0                    118067.54954 113215.464  4.11%     -    0s
     0     0 113215.464    0   11 118067.550 113215.464  4.11%     -    0s
     0     0 113217.165    0   12 118067.550 113217.165  4.11%     -    0s
H    0     0                    117854.19838 113217.165  3.93%     -    0s
     0     0 113315.764    0    9 117854.198 113315.764  3.85%     -    0s
H    0     0                    117593.89937 113315.830  3.64%     -    0s
     0     0 113316.269    0    7 117593.899 113316.269  3.64%     -    0s
     0     0 113326.087    0    2 117593.899 113326.087  3.63%     -    0s
     0     0 113329.255    0    2 117593.899 113329.255  3.63%     -    0s
     0     0 113343.954    0    4 117593.899 113343.954  3.61%     -    0s
     0     0 113343.954    0    4 117593.899 113343.954  3.61%     -    0s
H    0     0                    117403.07273 113343.973  3.46%     -    0s
H    0     2                    117345.67962 113343.973  3.41%     -    0s
     0     2 113343.973    0    4 117345.680 113343.973  3.41%     -    0s
H   26    64                    117317.62916 113372.718  3.36%  24.6    0s
H   56    64                    117314.54850 113372.718  3.36%  18.0    0s
H  277   246                    117270.47927 113372.718  3.32%  22.0    0s
H  283   246                    117268.70494 113372.718  3.32%  22.1    0s
H  308   246                    117256.06298 113372.718  3.31%  23.3    0s
H 1307   523                    117209.93235 113768.471  2.94%  25.4    0s

Cutting planes:
  Implied bound: 141
  MIR: 13
  Flow cover: 6
  Inf proof: 14
  Relax-and-lift: 7

Explored 5462 nodes (129894 simplex iterations) in 0.50 seconds (1.11 work units)
Thread count was 8 (of 8 available processors)

Solution count 7: 117210 118207 151915 ... 6.28565e+06

Optimal solution found (tolerance 1.00e-04)
Best objective 1.172099323521e+05, best bound 1.172099323521e+05, gap 0.0000%

User-callback calls 11315, time in user-callback 0.00 sec

Gurobi 12.0.3 (mac64[arm]) logging started Tue Sep 23 13:34:03 2025

Set parameter LogFile to value "Logs/Facility Location Logs/L30/phase1/scenario_generation.log"
Set parameter LogToConsole to value 0

Gurobi 12.0.3 (mac64[arm]) logging started Tue Sep 23 13:34:03 2025

Set parameter LogFile to value "Logs/Facility Location Logs/L30/phase1/scenario_generation.log"
Gurobi Optimizer version 12.0.3 build v12.0.3rc0 (mac64[arm] - Darwin 24.6.0 24G222)

CPU model: Apple M3
Thread count: 8 physical cores, 8 logical processors, using up to 8 threads

Non-default parameters:
LogToConsole  0

Optimize a model with 75 rows, 1325 columns and 2575 nonzeros
Model fingerprint: 0xeae89fed
Variable types: 1300 continuous, 25 integer (25 binary)
Coefficient statistics:
  Matrix range     [1e+00, 2e+04]
  Objective range  [8e-03, 8e+03]
  Bounds range     [0e+00, 0e+00]
  RHS range        [1e+03, 9e+03]
Found heuristic solution: objective 5444400.0000
Presolve removed 0 rows and 1 columns
Presolve time: 0.00s
Presolved: 75 rows, 1324 columns, 2574 nonzeros
Variable types: 1300 continuous, 24 integer (24 binary)

Root relaxation: objective 8.020070e+04, 132 iterations, 0.00 seconds (0.00 work units)

    Nodes    |    Current Node    |     Objective Bounds      |     Work
 Expl Unexpl |  Obj  Depth IntInf | Incumbent    BestBd   Gap | It/Node Time

     0     0 80200.6992    0   24 5444400.00 80200.6992  98.5%     -    0s
H    0     0                    213256.69922 80200.6992  62.4%     -    0s
H    0     0                    198509.82370 80200.6992  59.6%     -    0s
H    0     0                    191802.53512 80200.6992  58.2%     -    0s
H    0     0                    177411.26093 80200.6992  54.8%     -    0s
H    0     0                    168963.40218 80200.6992  52.5%     -    0s
H    0     0                    164608.44343 80496.8521  51.1%     -    0s
H    0     0                    133151.01274 85143.8450  36.1%     -    0s
H    0     0                    98447.985598 85143.8450  13.5%     -    0s
H    0     0                    91934.067462 85143.8450  7.39%     -    0s
     0     0 85143.8450    0   10 91934.0675 85143.8450  7.39%     -    0s
     0     0 85238.8689    0   10 91934.0675 85238.8689  7.28%     -    0s
     0     0 85736.4490    0   10 91934.0675 85736.4490  6.74%     -    0s
H    0     0                    91914.433482 85782.7021  6.67%     -    0s
H    0     0                    91891.109082 85782.7021  6.65%     -    0s
     0     0 85808.7139    0   10 91891.1091 85808.7139  6.62%     -    0s
H    0     0                    91606.607778 85808.7139  6.33%     -    0s
     0     0 85808.7139    0    9 91606.6078 85808.7139  6.33%     -    0s
     0     0 85971.7140    0   11 91606.6078 85971.7140  6.15%     -    0s
     0     0 85978.4065    0   11 91606.6078 85978.4065  6.14%     -    0s
     0     0 86105.6044    0    7 91606.6078 86105.6044  6.01%     -    0s
H    0     0                    91571.930083 86105.6044  5.97%     -    0s
     0     0 86126.1658    0    8 91571.9301 86126.1658  5.95%     -    0s
     0     0 86126.3630    0    8 91571.9301 86126.3630  5.95%     -    0s
     0     0 86149.3742    0    5 91571.9301 86149.3742  5.92%     -    0s
     0     0 86170.4481    0    7 91571.9301 86170.4481  5.90%     -    0s
     0     0 86170.7261    0    5 91571.9301 86170.7261  5.90%     -    0s
     0     0 86197.3190    0    8 91571.9301 86197.3190  5.87%     -    0s
H    0     0                    90911.915500 86200.3576  5.18%     -    0s
     0     0 86203.4426    0    8 90911.9155 86203.4426  5.18%     -    0s
     0     0 86205.6886    0    7 90911.9155 86205.6886  5.18%     -    0s
     0     0 86221.6320    0    8 90911.9155 86221.6320  5.16%     -    0s
     0     0 86221.6320    0    8 90911.9155 86221.6320  5.16%     -    0s
     0     2 86221.6320    0    8 90911.9155 86221.6320  5.16%     -    0s
* 2720   877              11    90904.893964 86707.1414  4.62%  26.1    0s
* 3476   850               6    90896.749166 86924.6261  4.37%  27.4    0s
* 3787   803               6    90880.835425 87059.6335  4.20%  28.0    0s

Cutting planes:
  Implied bound: 199
  MIR: 19
  Flow cover: 2
  Inf proof: 12
  Relax-and-lift: 6

Explored 5633 nodes (160816 simplex iterations) in 0.55 seconds (1.25 work units)
Thread count was 8 (of 8 available processors)

Solution count 10: 90880.8 90896.7 90904.9 ... 164608

Optimal solution found (tolerance 1.00e-04)
Best objective 9.088083542531e+04, best bound 9.088083542531e+04, gap 0.0000%

User-callback calls 11684, time in user-callback 0.00 sec

Gurobi 12.0.3 (mac64[arm]) logging started Tue Sep 23 13:34:04 2025

Set parameter LogFile to value "Logs/Facility Location Logs/L30/phase1/scenario_generation.log"
Set parameter LogToConsole to value 0

Gurobi 12.0.3 (mac64[arm]) logging started Tue Sep 23 13:34:04 2025

Set parameter LogFile to value "Logs/Facility Location Logs/L30/phase1/scenario_generation.log"
Gurobi Optimizer version 12.0.3 build v12.0.3rc0 (mac64[arm] - Darwin 24.6.0 24G222)

CPU model: Apple M3
Thread count: 8 physical cores, 8 logical processors, using up to 8 threads

Non-default parameters:
LogToConsole  0

Optimize a model with 75 rows, 1325 columns and 2575 nonzeros
Model fingerprint: 0x94d06822
Variable types: 1300 continuous, 25 integer (25 binary)
Coefficient statistics:
  Matrix range     [1e+00, 2e+04]
  Objective range  [8e-03, 8e+03]
  Bounds range     [0e+00, 0e+00]
  RHS range        [7e+02, 2e+04]
Found heuristic solution: objective 4645250.0000
Presolve removed 0 rows and 1 columns
Presolve time: 0.00s
Presolved: 75 rows, 1324 columns, 2574 nonzeros
Variable types: 1300 continuous, 24 integer (24 binary)

Root relaxation: objective 9.504240e+04, 151 iterations, 0.00 seconds (0.00 work units)

    Nodes    |    Current Node    |     Objective Bounds      |     Work
 Expl Unexpl |  Obj  Depth IntInf | Incumbent    BestBd   Gap | It/Node Time

     0     0 95042.3954    0   22 4645250.00 95042.3954  98.0%     -    0s
H    0     0                    228589.89542 95042.3954  58.4%     -    0s
H    0     0                    206302.46698 95042.3954  53.9%     -    0s
H    0     0                    164278.07288 95042.3954  42.1%     -    0s
H    0     0                    155702.88115 99357.9116  36.2%     -    0s
H    0     0                    119272.12416 99357.9116  16.7%     -    0s
     0     0 99357.9116    0    9 119272.124 99357.9116  16.7%     -    0s
H    0     0                    113517.40790 99471.2514  12.4%     -    0s
H    0     0                    108562.58704 99471.2514  8.37%     -    0s
     0     0 99471.2514    0    9 108562.587 99471.2514  8.37%     -    0s
H    0     0                    107677.63301 99471.2514  7.62%     -    0s
     0     0 99748.1436    0    7 107677.633 99748.1436  7.36%     -    0s
H    0     0                    107164.79054 99748.1436  6.92%     -    0s
H    0     0                    107153.85301 99748.1436  6.91%     -    0s
H    0     0                    106226.24577 99748.1436  6.10%     -    0s
     0     0 99748.1436    0    8 106226.246 99748.1436  6.10%     -    0s
     0     0 99873.4242    0    8 106226.246 99873.4242  5.98%     -    0s
H    0     0                    106205.90990 99935.3532  5.90%     -    0s
H    0     0                    105819.42141 99935.3532  5.56%     -    0s
     0     0 99935.3532    0    8 105819.421 99935.3532  5.56%     -    0s
     0     0 99951.7064    0    7 105819.421 99951.7064  5.55%     -    0s
     0     0 100083.277    0    4 105819.421 100083.277  5.42%     -    0s
H    0     0                    105808.55532 100092.491  5.40%     -    0s
     0     0 100092.491    0    5 105808.555 100092.491  5.40%     -    0s
     0     0 100138.431    0    1 105808.555 100138.431  5.36%     -    0s
     0     0 100140.130    0    2 105808.555 100140.130  5.36%     -    0s
     0     0 100140.130    0    2 105808.555 100140.130  5.36%     -    0s
     0     2 100140.152    0    2 105808.555 100140.152  5.36%     -    0s
H  460   286                    105524.47937 100291.754  4.96%  18.9    0s
*  856   378               5    105519.49499 100561.684  4.70%  21.3    0s
* 1465    51              15    105413.54813 102164.937  3.08%  30.1    0s
* 1494    51              14    105239.00338 103835.337  1.33%  30.1    0s

Cutting planes:
  Implied bound: 93
  MIR: 5
  Flow cover: 4
  Inf proof: 17
  Relax-and-lift: 8

Explored 1558 nodes (46303 simplex iterations) in 0.18 seconds (0.37 work units)
Thread count was 8 (of 8 available processors)

Solution count 10: 105239 105414 105519 ... 108563

Optimal solution found (tolerance 1.00e-04)
Best objective 1.052390033803e+05, best bound 1.052390033803e+05, gap 0.0000%

User-callback calls 3441, time in user-callback 0.00 sec

Gurobi 12.0.3 (mac64[arm]) logging started Tue Sep 23 13:34:04 2025

Set parameter LogFile to value "Logs/Facility Location Logs/L30/phase1/scenario_generation.log"
Set parameter LogToConsole to value 0

Gurobi 12.0.3 (mac64[arm]) logging started Tue Sep 23 13:34:04 2025

Set parameter LogFile to value "Logs/Facility Location Logs/L30/phase1/scenario_generation.log"
Gurobi Optimizer version 12.0.3 build v12.0.3rc0 (mac64[arm] - Darwin 24.6.0 24G222)

CPU model: Apple M3
Thread count: 8 physical cores, 8 logical processors, using up to 8 threads

Non-default parameters:
LogToConsole  0

Optimize a model with 75 rows, 1325 columns and 2575 nonzeros
Model fingerprint: 0x45debf1b
Variable types: 1300 continuous, 25 integer (25 binary)
Coefficient statistics:
  Matrix range     [1e+00, 2e+04]
  Objective range  [8e-03, 8e+03]
  Bounds range     [0e+00, 0e+00]
  RHS range        [1e+03, 1e+04]
Found heuristic solution: objective 5452450.0000
Presolve removed 0 rows and 1 columns
Presolve time: 0.00s
Presolved: 75 rows, 1324 columns, 2574 nonzeros
Variable types: 1300 continuous, 24 integer (24 binary)

Root relaxation: objective 9.571700e+04, 121 iterations, 0.00 seconds (0.00 work units)

    Nodes    |    Current Node    |     Objective Bounds      |     Work
 Expl Unexpl |  Obj  Depth IntInf | Incumbent    BestBd   Gap | It/Node Time

     0     0 95717.0049    0   24 5452450.00 95717.0049  98.2%     -    0s
H    0     0                    228692.50485 95717.0049  58.1%     -    0s
H    0     0                    213871.06822 95717.0049  55.2%     -    0s
H    0     0                    206404.01646 95717.0049  53.6%     -    0s
H    0     0                    184754.88419 96174.1517  47.9%     -    0s
H    0     0                    148103.52790 100444.158  32.2%     -    0s
H    0     0                    113055.19256 100444.158  11.2%     -    0s
     0     0 100444.158    0   12 113055.193 100444.158  11.2%     -    0s
H    0     0                    107129.69221 100463.420  6.22%     -    0s
H    0     0                    107108.47045 100463.420  6.20%     -    0s
     0     0 100463.420    0   12 107108.470 100463.420  6.20%     -    0s
     0     0 100973.421    0   11 107108.470 100973.421  5.73%     -    0s
     0     0 101014.219    0    9 107108.470 101014.219  5.69%     -    0s
H    0     0                    106967.59713 101014.219  5.57%     -    0s
     0     0 101189.243    0    9 106967.597 101189.243  5.40%     -    0s
H    0     0                    105770.39781 101203.823  4.32%     -    0s
     0     0 101204.303    0    8 105770.398 101204.303  4.32%     -    0s
     0     0 101205.080    0    8 105770.398 101205.080  4.32%     -    0s
     0     0 101308.285    0    8 105770.398 101308.285  4.22%     -    0s
H    0     0                    105765.27430 101311.591  4.21%     -    0s
     0     0 101315.881    0    7 105765.274 101315.881  4.21%     -    0s
     0     0 101316.580    0    6 105765.274 101316.580  4.21%     -    0s
     0     0 101350.865    0    4 105765.274 101350.865  4.17%     -    0s
     0     0 101354.874    0    4 105765.274 101354.874  4.17%     -    0s
     0     0 101355.007    0    4 105765.274 101355.007  4.17%     -    0s
     0     0 101358.119    0    4 105765.274 101358.119  4.17%     -    0s
     0     0 101358.119    0    4 105765.274 101358.119  4.17%     -    0s
     0     2 101358.119    0    4 105765.274 101358.119  4.17%     -    0s

Cutting planes:
  Implied bound: 187
  MIR: 9
  Inf proof: 17
  Relax-and-lift: 3

Explored 8804 nodes (216607 simplex iterations) in 0.73 seconds (1.75 work units)
Thread count was 8 (of 8 available processors)

Solution count 10: 105765 105770 106968 ... 228693

Optimal solution found (tolerance 1.00e-04)
Best objective 1.057652742962e+05, best bound 1.057652742962e+05, gap 0.0000%

User-callback calls 18053, time in user-callback 0.00 sec

Gurobi 12.0.3 (mac64[arm]) logging started Tue Sep 23 13:34:05 2025

Set parameter LogFile to value "Logs/Facility Location Logs/L30/phase1/scenario_generation.log"
Set parameter LogToConsole to value 0

Gurobi 12.0.3 (mac64[arm]) logging started Tue Sep 23 13:34:05 2025

Set parameter LogFile to value "Logs/Facility Location Logs/L30/phase1/scenario_generation.log"
Gurobi Optimizer version 12.0.3 build v12.0.3rc0 (mac64[arm] - Darwin 24.6.0 24G222)

CPU model: Apple M3
Thread count: 8 physical cores, 8 logical processors, using up to 8 threads

Non-default parameters:
LogToConsole  0

Optimize a model with 75 rows, 1325 columns and 2575 nonzeros
Model fingerprint: 0xc6042e5d
Variable types: 1300 continuous, 25 integer (25 binary)
Coefficient statistics:
  Matrix range     [1e+00, 2e+04]
  Objective range  [8e-03, 8e+03]
  Bounds range     [0e+00, 0e+00]
  RHS range        [9e+02, 2e+04]
Found heuristic solution: objective 5314450.0000
Presolve removed 0 rows and 1 columns
Presolve time: 0.00s
Presolved: 75 rows, 1324 columns, 2574 nonzeros
Variable types: 1300 continuous, 24 integer (24 binary)

Root relaxation: objective 1.032118e+05, 86 iterations, 0.00 seconds (0.00 work units)

    Nodes    |    Current Node    |     Objective Bounds      |     Work
 Expl Unexpl |  Obj  Depth IntInf | Incumbent    BestBd   Gap | It/Node Time

     0     0 103211.813    0   23 5314450.00 103211.813  98.1%     -    0s
H    0     0                    237567.31253 103211.813  56.6%     -    0s
H    0     0                    208107.07076 103211.813  50.4%     -    0s
H    0     0                    201564.84640 103211.813  48.8%     -    0s
H    0     0                    201277.72674 104036.547  48.3%     -    0s
H    0     0                    193942.49430 107985.920  44.3%     -    0s
H    0     0                    157048.96144 107985.920  31.2%     -    0s
H    0     0                    122643.69652 107985.920  12.0%     -    0s
     0     0 107985.920    0   11 122643.697 107985.920  12.0%     -    0s
H    0     0                    115322.64124 108025.076  6.33%     -    0s
     0     0 108025.076    0   11 115322.641 108025.076  6.33%     -    0s
     0     0 108423.692    0   10 115322.641 108423.692  5.98%     -    0s
H    0     0                    115322.21408 108431.729  5.97%     -    0s
     0     0 108431.729    0    9 115322.214 108431.729  5.97%     -    0s
     0     0 108669.383    0   13 115322.214 108669.383  5.77%     -    0s
     0     0 108691.848    0   10 115322.214 108691.848  5.75%     -    0s
     0     0 108823.626    0    8 115322.214 108823.626  5.64%     -    0s
     0     0 108829.215    0    6 115322.214 108829.215  5.63%     -    0s
     0     0 108882.218    0    6 115322.214 108882.218  5.58%     -    0s
     0     0 108882.316    0    6 115322.214 108882.316  5.58%     -    0s
     0     0 108892.318    0    7 115322.214 108892.318  5.58%     -    0s
     0     0 108893.880    0    7 115322.214 108893.880  5.57%     -    0s
H    0     0                    115222.58277 108893.880  5.49%     -    0s
     0     2 108893.899    0    7 115222.583 108893.899  5.49%     -    0s
*  549   319              18    114763.35686 108945.638  5.07%  20.7    0s
* 1606   653              14    114759.70336 109109.309  4.92%  20.9    0s
* 1878   676              12    114715.82526 109178.651  4.83%  21.5    0s
H 2626   607                    114602.69968 109519.297  4.44%  24.6    0s
* 3962    73              10    114591.51294 111896.168  2.35%  28.7    0s

Cutting planes:
  Implied bound: 191
  MIR: 12
  Flow cover: 5
  Inf proof: 16
  Relax-and-lift: 11

Explored 4119 nodes (117203 simplex iterations) in 0.38 seconds (0.90 work units)
Thread count was 8 (of 8 available processors)

Solution count 10: 114592 114603 114716 ... 193942

Optimal solution found (tolerance 1.00e-04)
Best objective 1.145915129389e+05, best bound 1.145915129389e+05, gap 0.0000%

User-callback calls 8607, time in user-callback 0.00 sec

Gurobi 12.0.3 (mac64[arm]) logging started Tue Sep 23 13:34:05 2025

Set parameter LogFile to value "Logs/Facility Location Logs/L30/phase1/scenario_generation.log"
Set parameter LogToConsole to value 0

Gurobi 12.0.3 (mac64[arm]) logging started Tue Sep 23 13:34:05 2025

Set parameter LogFile to value "Logs/Facility Location Logs/L30/phase1/scenario_generation.log"
Gurobi Optimizer version 12.0.3 build v12.0.3rc0 (mac64[arm] - Darwin 24.6.0 24G222)

CPU model: Apple M3
Thread count: 8 physical cores, 8 logical processors, using up to 8 threads

Non-default parameters:
LogToConsole  0

Optimize a model with 75 rows, 1325 columns and 2575 nonzeros
Model fingerprint: 0x844ba30d
Variable types: 1300 continuous, 25 integer (25 binary)
Coefficient statistics:
  Matrix range     [1e+00, 2e+04]
  Objective range  [8e-03, 8e+03]
  Bounds range     [0e+00, 0e+00]
  RHS range        [2e+02, 2e+04]
Found heuristic solution: objective 3611700.0000
Presolve removed 0 rows and 1 columns
Presolve time: 0.00s
Presolved: 75 rows, 1324 columns, 2574 nonzeros
Variable types: 1300 continuous, 24 integer (24 binary)

Root relaxation: objective 8.033999e+04, 150 iterations, 0.00 seconds (0.00 work units)

    Nodes    |    Current Node    |     Objective Bounds      |     Work
 Expl Unexpl |  Obj  Depth IntInf | Incumbent    BestBd   Gap | It/Node Time

     0     0 80339.9943    0   19 3611700.00 80339.9943  97.8%     -    0s
H    0     0                    201722.99426 80339.9943  60.2%     -    0s
H    0     0                    159160.39938 80339.9943  49.5%     -    0s
H    0     0                    124928.76672 80339.9943  35.7%     -    0s
H    0     0                    123478.78761 80339.9943  34.9%     -    0s
H    0     0                    113803.87848 85390.3173  25.0%     -    0s
     0     0 85390.3173    0    6 113803.878 85390.3173  25.0%     -    0s
H    0     0                    101059.15800 85643.2229  15.3%     -    0s
H    0     0                    93176.094543 85643.2229  8.08%     -    0s
     0     0 85643.2229    0    6 93176.0945 85643.2229  8.08%     -    0s
     0     0 85775.8117    0    8 93176.0945 85775.8117  7.94%     -    0s
     0     0 85890.9995    0    5 93176.0945 85890.9995  7.82%     -    0s
     0     0 85891.3897    0    5 93176.0945 85891.3897  7.82%     -    0s
H    0     0                    87625.032731 85891.3897  1.98%     -    0s
     0     0 85971.9208    0    1 87625.0327 85971.9208  1.89%     -    0s
H    0     0                    87354.920785 85971.9208  1.58%     -    0s
     0     0 85999.8023    0    1 87354.9208 85999.8023  1.55%     -    0s
H    0     0                    86845.006590 85999.8023  0.97%     -    0s
H    0     0                    86421.188108 85999.8023  0.49%     -    0s
     0     0 85999.8023    0    1 86421.1881 85999.8023  0.49%     -    0s
     0     0 85999.8023    0    4 86421.1881 85999.8023  0.49%     -    0s
     0     0 86421.1881    0    1 86421.1881 86421.1881  0.00%     -    0s

Cutting planes:
  Gomory: 1
  Implied bound: 16
  Flow cover: 1
  Relax-and-lift: 2

Explored 1 nodes (462 simplex iterations) in 0.02 seconds (0.03 work units)
Thread count was 8 (of 8 available processors)

Solution count 10: 86421.2 87625 93176.1 ... 159160

Optimal solution found (tolerance 1.00e-04)
Best objective 8.642118810825e+04, best bound 8.642118810825e+04, gap 0.0000%

User-callback calls 253, time in user-callback 0.00 sec

Gurobi 12.0.3 (mac64[arm]) logging started Tue Sep 23 13:34:05 2025

Set parameter LogFile to value "Logs/Facility Location Logs/L30/phase1/scenario_generation.log"
Set parameter LogToConsole to value 0

Gurobi 12.0.3 (mac64[arm]) logging started Tue Sep 23 13:34:05 2025

Set parameter LogFile to value "Logs/Facility Location Logs/L30/phase1/scenario_generation.log"
Gurobi Optimizer version 12.0.3 build v12.0.3rc0 (mac64[arm] - Darwin 24.6.0 24G222)

CPU model: Apple M3
Thread count: 8 physical cores, 8 logical processors, using up to 8 threads

Non-default parameters:
LogToConsole  0

Optimize a model with 75 rows, 1325 columns and 2575 nonzeros
Model fingerprint: 0x2857530b
Variable types: 1300 continuous, 25 integer (25 binary)
Coefficient statistics:
  Matrix range     [1e+00, 2e+04]
  Objective range  [8e-03, 8e+03]
  Bounds range     [0e+00, 0e+00]
  RHS range        [1e+03, 7e+03]
Found heuristic solution: objective 5766600.0000
Presolve removed 0 rows and 1 columns
Presolve time: 0.00s
Presolved: 75 rows, 1324 columns, 2574 nonzeros
Variable types: 1300 continuous, 24 integer (24 binary)

Root relaxation: objective 8.459833e+04, 94 iterations, 0.00 seconds (0.00 work units)

    Nodes    |    Current Node    |     Objective Bounds      |     Work
 Expl Unexpl |  Obj  Depth IntInf | Incumbent    BestBd   Gap | It/Node Time

     0     0 84598.3258    0   24 5766600.00 84598.3258  98.5%     -    0s
H    0     0                    214432.32583 84598.3258  60.5%     -    0s
H    0     0                    193235.23133 84598.3258  56.2%     -    0s
H    0     0                    133588.60986 84598.3258  36.7%     -    0s
H    0     0                    100069.83159 84598.3258  15.5%     -    0s
H    0     0                    95297.357327 89606.0532  5.97%     -    0s
     0     0 89606.0532    0   10 95297.3573 89606.0532  5.97%     -    0s
     0     0 89709.7071    0   10 95297.3573 89709.7071  5.86%     -    0s
H    0     0                    93253.062796 89709.7071  3.80%     -    0s
     0     0 90232.2382    0   11 93253.0628 90232.2382  3.24%     -    0s
     0     0 90279.6632    0   10 93253.0628 90279.6632  3.19%     -    0s
H    0     0                    93223.514872 90286.3107  3.15%     -    0s
     0     0 90286.3107    0   11 93223.5149 90286.3107  3.15%     -    0s
     0     0 90287.8545    0   11 93223.5149 90287.8545  3.15%     -    0s
H    0     0                    92874.329195 90398.5677  2.67%     -    0s
     0     0 90398.5677    0   10 92874.3292 90398.5677  2.67%     -    0s
H    0     0                    92870.217857 90406.1147  2.65%     -    0s
     0     0 90406.1147    0   10 92870.2179 90406.1147  2.65%     -    0s
     0     0 90406.2989    0    8 92870.2179 90406.2989  2.65%     -    0s
     0     0 90508.8740    0    8 92870.2179 90508.8740  2.54%     -    0s
H    0     0                    92577.195707 90519.4063  2.22%     -    0s
     0     0 90519.4063    0    6 92577.1957 90519.4063  2.22%     -    0s
     0     0 90549.2213    0    6 92577.1957 90549.2213  2.19%     -    0s
     0     0 90557.0344    0    8 92577.1957 90557.0344  2.18%     -    0s
     0     0 90557.8227    0    8 92577.1957 90557.8227  2.18%     -    0s
     0     0 90568.1071    0    8 92577.1957 90568.1071  2.17%     -    0s
     0     0 90568.9063    0    8 92577.1957 90568.9063  2.17%     -    0s
H    0     0                    92563.840884 90568.9314  2.16%     -    0s
     0     2 90568.9314    0    8 92563.8409 90568.9314  2.16%     -    0s

Cutting planes:
  Implied bound: 85
  MIR: 39
  Flow cover: 11
  Relax-and-lift: 11

Explored 18023 nodes (379321 simplex iterations) in 1.80 seconds (3.76 work units)
Thread count was 8 (of 8 available processors)

Solution count 10: 92563.8 92577.2 92870.2 ... 214432

Optimal solution found (tolerance 1.00e-04)
Best objective 9.256384088437e+04, best bound 9.256384088437e+04, gap 0.0000%

User-callback calls 36902, time in user-callback 0.00 sec

Gurobi 12.0.3 (mac64[arm]) logging started Tue Sep 23 13:34:07 2025

Set parameter LogFile to value "Logs/Facility Location Logs/L30/phase1/scenario_generation.log"
Set parameter LogToConsole to value 0

Gurobi 12.0.3 (mac64[arm]) logging started Tue Sep 23 13:34:07 2025

Set parameter LogFile to value "Logs/Facility Location Logs/L30/phase1/scenario_generation.log"
Gurobi Optimizer version 12.0.3 build v12.0.3rc0 (mac64[arm] - Darwin 24.6.0 24G222)

CPU model: Apple M3
Thread count: 8 physical cores, 8 logical processors, using up to 8 threads

Non-default parameters:
LogToConsole  0

Optimize a model with 75 rows, 1325 columns and 2575 nonzeros
Model fingerprint: 0x031ed757
Variable types: 1300 continuous, 25 integer (25 binary)
Coefficient statistics:
  Matrix range     [1e+00, 2e+04]
  Objective range  [8e-03, 8e+03]
  Bounds range     [0e+00, 0e+00]
  RHS range        [2e+03, 9e+03]
Found heuristic solution: objective 6661000.0000
Presolve removed 0 rows and 1 columns
Presolve time: 0.00s
Presolved: 75 rows, 1324 columns, 2574 nonzeros
Variable types: 1300 continuous, 24 integer (24 binary)

Root relaxation: objective 1.076238e+05, 109 iterations, 0.00 seconds (0.00 work units)

    Nodes    |    Current Node    |     Objective Bounds      |     Work
 Expl Unexpl |  Obj  Depth IntInf | Incumbent    BestBd   Gap | It/Node Time

     0     0 107623.779    0   24 6661000.00 107623.779  98.4%     -    0s
H    0     0                    228513.77908 107623.779  52.9%     -    0s
H    0     0                    213712.24268 107623.779  49.6%     -    0s
H    0     0                    206297.75660 107623.779  47.8%     -    0s
H    0     0                    184153.12323 107623.779  41.6%     -    0s
H    0     0                    148851.97514 107623.779  27.7%     -    0s
H    0     0                    115782.83273 112495.674  2.84%     -    0s
     0     0 112495.674    0    9 115782.833 112495.674  2.84%     -    0s
H    0     0                    115051.61471 112635.825  2.10%     -    0s
H    0     0                    115041.83848 112635.825  2.09%     -    0s
     0     0 112951.683    0    9 115041.838 112951.683  1.82%     -    0s
     0     0 112993.266    0    8 115041.838 112993.266  1.78%     -    0s
H    0     0                    114862.71933 112993.266  1.63%     -    0s
H    0     0                    114139.25616 112993.266  1.00%     -    0s
     0     0 113052.194    0    5 114139.256 113052.194  0.95%     -    0s
H    0     0                    113983.48650 113057.475  0.81%     -    0s
     0     0 113057.475    0    5 113983.486 113057.475  0.81%     -    0s
     0     0 113066.261    0    4 113983.486 113066.261  0.80%     -    0s
     0     0 113104.284    0    4 113983.486 113104.284  0.77%     -    0s
H    0     0                    113882.23039 113104.284  0.68%     -    0s
     0     0 113108.090    0    4 113882.230 113108.090  0.68%     -    0s
     0     0 113109.693    0    4 113882.230 113109.693  0.68%     -    0s
     0     0 113115.585    0    4 113882.230 113115.585  0.67%     -    0s
     0     0 113115.585    0    4 113882.230 113115.585  0.67%     -    0s
     0     2 113115.601    0    4 113882.230 113115.601  0.67%     -    0s
*  161   102               8    113865.47700 113258.000  0.53%  20.4    0s

Cutting planes:
  Implied bound: 87
  MIR: 10
  Flow cover: 5
  Relax-and-lift: 5

Explored 967 nodes (17769 simplex iterations) in 0.12 seconds (0.24 work units)
Thread count was 8 (of 8 available processors)

Solution count 10: 113865 113882 113983 ... 213712

Optimal solution found (tolerance 1.00e-04)
Best objective 1.138654769976e+05, best bound 1.138654769976e+05, gap 0.0000%

User-callback calls 2234, time in user-callback 0.00 sec

Gurobi 12.0.3 (mac64[arm]) logging started Tue Sep 23 13:34:07 2025

Set parameter LogFile to value "Logs/Facility Location Logs/L30/phase1/scenario_generation.log"
Set parameter LogToConsole to value 0

Gurobi 12.0.3 (mac64[arm]) logging started Tue Sep 23 13:34:07 2025

Set parameter LogFile to value "Logs/Facility Location Logs/L30/phase1/scenario_generation.log"
Gurobi Optimizer version 12.0.3 build v12.0.3rc0 (mac64[arm] - Darwin 24.6.0 24G222)

CPU model: Apple M3
Thread count: 8 physical cores, 8 logical processors, using up to 8 threads

Non-default parameters:
LogToConsole  0

Optimize a model with 75 rows, 1325 columns and 2575 nonzeros
Model fingerprint: 0x9bb67101
Variable types: 1300 continuous, 25 integer (25 binary)
Coefficient statistics:
  Matrix range     [1e+00, 2e+04]
  Objective range  [8e-03, 8e+03]
  Bounds range     [0e+00, 0e+00]
  RHS range        [1e+03, 2e+04]
Found heuristic solution: objective 5764050.0000
Presolve removed 0 rows and 1 columns
Presolve time: 0.00s
Presolved: 75 rows, 1324 columns, 2574 nonzeros
Variable types: 1300 continuous, 24 integer (24 binary)

Root relaxation: objective 1.186956e+05, 102 iterations, 0.00 seconds (0.00 work units)

    Nodes    |    Current Node    |     Objective Bounds      |     Work
 Expl Unexpl |  Obj  Depth IntInf | Incumbent    BestBd   Gap | It/Node Time

     0     0 118695.645    0   23 5764050.00 118695.645  97.9%     -    0s
H    0     0                    248555.14464 118695.645  52.2%     -    0s
H    0     0                    219348.09999 118695.645  45.9%     -    0s
H    0     0                    211886.24983 118695.645  44.0%     -    0s
H    0     0                    199005.69567 118963.270  40.2%     -    0s
H    0     0                    196996.84469 123318.842  37.4%     -    0s
H    0     0                    161681.95367 123318.842  23.7%     -    0s
H    0     0                    126796.70560 123318.842  2.74%     -    0s
     0     0 123318.842    0   11 126796.706 123318.842  2.74%     -    0s
H    0     0                    126639.46702 123392.297  2.56%     -    0s
     0     0 123392.297    0   11 126639.467 123392.297  2.56%     -    0s
     0     0 123720.068    0    8 126639.467 123720.068  2.31%     -    0s
     0     0 123794.370    0   11 126639.467 123794.370  2.25%     -    0s
H    0     0                    126568.90972 123794.370  2.19%     -    0s
H    0     0                    126095.07142 124003.700  1.66%     -    0s
     0     0 124003.700    0   13 126095.071 124003.700  1.66%     -    0s
     0     0 124024.436    0   12 126095.071 124024.436  1.64%     -    0s
     0     0 124026.843    0   13 126095.071 124026.843  1.64%     -    0s
     0     0 124120.904    0    5 126095.071 124120.904  1.57%     -    0s
     0     0 124129.067    0    6 126095.071 124129.067  1.56%     -    0s
     0     0 124129.392    0    6 126095.071 124129.392  1.56%     -    0s
     0     0 124136.253    0    7 126095.071 124136.253  1.55%     -    0s
     0     0 124136.642    0    7 126095.071 124136.642  1.55%     -    0s
     0     2 124136.645    0    7 126095.071 124136.645  1.55%     -    0s

Cutting planes:
  Implied bound: 132
  MIR: 6
  Flow cover: 2
  Relax-and-lift: 7

Explored 3867 nodes (80326 simplex iterations) in 0.29 seconds (0.65 work units)
Thread count was 8 (of 8 available processors)

Solution count 9: 126095 126639 161682 ... 5.76405e+06

Optimal solution found (tolerance 1.00e-04)
Best objective 1.260950714211e+05, best bound 1.260950714211e+05, gap 0.0000%

User-callback calls 8070, time in user-callback 0.00 sec

Gurobi 12.0.3 (mac64[arm]) logging started Tue Sep 23 13:34:07 2025

Set parameter LogFile to value "Logs/Facility Location Logs/L30/phase1/scenario_generation.log"
Set parameter LogToConsole to value 0

Gurobi 12.0.3 (mac64[arm]) logging started Tue Sep 23 13:34:07 2025

Set parameter LogFile to value "Logs/Facility Location Logs/L30/phase1/scenario_generation.log"
Gurobi Optimizer version 12.0.3 build v12.0.3rc0 (mac64[arm] - Darwin 24.6.0 24G222)

CPU model: Apple M3
Thread count: 8 physical cores, 8 logical processors, using up to 8 threads

Non-default parameters:
LogToConsole  0

Optimize a model with 75 rows, 1325 columns and 2575 nonzeros
Model fingerprint: 0x5847286c
Variable types: 1300 continuous, 25 integer (25 binary)
Coefficient statistics:
  Matrix range     [1e+00, 2e+04]
  Objective range  [8e-03, 8e+03]
  Bounds range     [0e+00, 0e+00]
  RHS range        [1e+03, 2e+04]
Found heuristic solution: objective 5996200.0000
Presolve removed 0 rows and 1 columns
Presolve time: 0.00s
Presolved: 75 rows, 1324 columns, 2574 nonzeros
Variable types: 1300 continuous, 24 integer (24 binary)

Root relaxation: objective 1.228404e+05, 149 iterations, 0.00 seconds (0.00 work units)

    Nodes    |    Current Node    |     Objective Bounds      |     Work
 Expl Unexpl |  Obj  Depth IntInf | Incumbent    BestBd   Gap | It/Node Time

     0     0 122840.406    0   23 5996200.00 122840.406  98.0%     -    0s
H    0     0                    250378.40568 122840.406  50.9%     -    0s
H    0     0                    228232.41054 122840.406  46.2%     -    0s
H    0     0                    228225.70878 122840.406  46.2%     -    0s
H    0     0                    228128.94967 122840.406  46.2%     -    0s
H    0     0                    205922.07446 122840.406  40.3%     -    0s
H    0     0                    170290.89952 122840.406  27.9%     -    0s
H    0     0                    136142.28569 127551.062  6.31%     -    0s
H    0     0                    130834.81080 127551.062  2.51%     -    0s
H    0     0                    130798.77259 127551.062  2.48%     -    0s
     0     0 127551.062    0   13 130798.773 127551.062  2.48%     -    0s
     0     0 127675.881    0   13 130798.773 127675.881  2.39%     -    0s
H    0     0                    129385.90078 127675.881  1.32%     -    0s
H    0     0                    129384.54070 127675.881  1.32%     -    0s
     0     0 128150.684    0   10 129384.541 128150.684  0.95%     -    0s
H    0     0                    128837.22028 128150.684  0.53%     -    0s
H    0     0                    128835.70821 128150.684  0.53%     -    0s
     0     0 128150.684    0   10 128835.708 128150.684  0.53%     -    0s
H    0     0                    128713.77821 128150.684  0.44%     -    0s
H    0     0                    128707.58027 128150.684  0.43%     -    0s
     0     0 128325.421    0   13 128707.580 128325.421  0.30%     -    0s
     0     0 128372.988    0   12 128707.580 128372.988  0.26%     -    0s
     0     0 128391.673    0    8 128707.580 128391.673  0.25%     -    0s
     0     0 128392.513    0   10 128707.580 128392.513  0.24%     -    0s
H    0     0                    128705.46772 128550.954  0.12%     -    0s
     0     0 128550.954    0    8 128705.468 128550.954  0.12%     -    0s
     0     0 128553.049    0    8 128705.468 128553.049  0.12%     -    0s
     0     0 128601.336    0   10 128705.468 128601.336  0.08%     -    0s
     0     0 128602.633    0    9 128705.468 128602.633  0.08%     -    0s
     0     0 128607.639    0    8 128705.468 128607.639  0.08%     -    0s
     0     0 128607.810    0    8 128705.468 128607.810  0.08%     -    0s
     0     0 128610.836    0    9 128705.468 128610.836  0.07%     -    0s
     0     0 128610.836    0    9 128705.468 128610.836  0.07%     -    0s
     0     0 128610.837    0   15 128705.468 128610.837  0.07%     -    0s
     0     0 128610.837    0   13 128705.468 128610.837  0.07%     -    0s
     0     0 128610.837    0   11 128705.468 128610.837  0.07%     -    0s
     0     0 128610.837    0   10 128705.468 128610.837  0.07%     -    0s
     0     0 128610.837    0   10 128705.468 128610.837  0.07%     -    0s
     0     0 128610.837    0    9 128705.468 128610.837  0.07%     -    0s
     0     0 128610.837    0    7 128705.468 128610.837  0.07%     -    0s
     0     0 128610.837    0    9 128705.468 128610.837  0.07%     -    0s
     0     0 128610.837    0    7 128705.468 128610.837  0.07%     -    0s
     0     0 128610.837    0    9 128705.468 128610.837  0.07%     -    0s
     0     0 128610.837    0    9 128705.468 128610.837  0.07%     -    0s
     0     0 128614.581    0    6 128705.468 128614.581  0.07%     -    0s
     0     0 128625.558    0    9 128705.468 128625.558  0.06%     -    0s
     0     0 128626.548    0    9 128705.468 128626.548  0.06%     -    0s
     0     0 128631.535    0    8 128705.468 128631.535  0.06%     -    0s
     0     0 128631.602    0    8 128705.468 128631.602  0.06%     -    0s
H    0     0                    128703.17500 128631.602  0.06%     -    0s
     0     2 128631.602    0    8 128703.175 128631.602  0.06%     -    0s
*   36     6               6    128701.01766 128675.960  0.02%  10.5    0s

Cutting planes:
  Implied bound: 66
  MIR: 5
  Flow cover: 5
  Relax-and-lift: 11

Explored 44 nodes (1433 simplex iterations) in 0.08 seconds (0.10 work units)
Thread count was 8 (of 8 available processors)

Solution count 10: 128701 128705 128708 ... 228129

Optimal solution found (tolerance 1.00e-04)
Best objective 1.287010176624e+05, best bound 1.287010176624e+05, gap 0.0000%

User-callback calls 471, time in user-callback 0.00 sec

Gurobi 12.0.3 (mac64[arm]) logging started Tue Sep 23 13:34:08 2025

Set parameter LogFile to value "Logs/Facility Location Logs/L30/phase1/scenario_generation.log"
Set parameter LogToConsole to value 0

Gurobi 12.0.3 (mac64[arm]) logging started Tue Sep 23 13:34:08 2025

Set parameter LogFile to value "Logs/Facility Location Logs/L30/phase1/scenario_generation.log"
Gurobi Optimizer version 12.0.3 build v12.0.3rc0 (mac64[arm] - Darwin 24.6.0 24G222)

CPU model: Apple M3
Thread count: 8 physical cores, 8 logical processors, using up to 8 threads

Non-default parameters:
LogToConsole  0

Optimize a model with 75 rows, 1325 columns and 2575 nonzeros
Model fingerprint: 0x3f0afb09
Variable types: 1300 continuous, 25 integer (25 binary)
Coefficient statistics:
  Matrix range     [1e+00, 2e+04]
  Objective range  [8e-03, 8e+03]
  Bounds range     [0e+00, 0e+00]
  RHS range        [1e+03, 7e+03]
Found heuristic solution: objective 5233300.0000
Presolve removed 0 rows and 1 columns
Presolve time: 0.00s
Presolved: 75 rows, 1324 columns, 2574 nonzeros
Variable types: 1300 continuous, 24 integer (24 binary)

Root relaxation: objective 7.437703e+04, 107 iterations, 0.00 seconds (0.00 work units)

    Nodes    |    Current Node    |     Objective Bounds      |     Work
 Expl Unexpl |  Obj  Depth IntInf | Incumbent    BestBd   Gap | It/Node Time

     0     0 74377.0258    0   24 5233300.00 74377.0258  98.6%     -    0s
H    0     0                    209544.02585 74377.0258  64.5%     -    0s
H    0     0                    187464.70517 74377.0258  60.3%     -    0s
H    0     0                    167781.71370 74377.0258  55.7%     -    0s
H    0     0                    165671.68612 74377.0258  55.1%     -    0s
H    0     0                    147171.22336 74826.4405  49.2%     -    0s
H    0     0                    129173.42797 79109.7356  38.8%     -    0s
H    0     0                    93979.850969 79109.7356  15.8%     -    0s
H    0     0                    80547.440746 79109.7356  1.78%     -    0s
     0     0 79109.7356    0   11 80547.4407 79109.7356  1.78%     -    0s
     0     0 79171.3124    0   11 80547.4407 79171.3124  1.71%     -    0s
     0     0 79652.8447    0    9 80547.4407 79652.8447  1.11%     -    0s
     0     0 79718.3805    0    9 80547.4407 79718.3805  1.03%     -    0s
     0     0 79852.4357    0   11 80547.4407 79852.4357  0.86%     -    0s
     0     0 79872.7357    0    9 80547.4407 79872.7357  0.84%     -    0s
     0     0 79985.6017    0    8 80547.4407 79985.6017  0.70%     -    0s
     0     0 79990.3175    0    8 80547.4407 79990.3175  0.69%     -    0s
     0     0 79991.4405    0    9 80547.4407 79991.4405  0.69%     -    0s
     0     0 80018.8084    0    4 80547.4407 80018.8084  0.66%     -    0s
     0     0 80027.8856    0    4 80547.4407 80027.8856  0.65%     -    0s
     0     0 80034.0835    0    6 80547.4407 80034.0835  0.64%     -    0s
     0     0 80034.0835    0    6 80547.4407 80034.0835  0.64%     -    0s
     0     2 80034.0835    0    6 80547.4407 80034.0835  0.64%     -    0s
*   20    16               4    80445.290704 80126.1114  0.40%  20.6    0s
H   31    29                    80400.665149 80176.7724  0.28%  18.3    0s
*   32    29               9    80372.079958 80176.7724  0.24%  20.2    0s
*  106     2               7    80351.790672 80274.5752  0.10%  19.0    0s

Cutting planes:
  Implied bound: 75
  MIR: 9
  Flow cover: 5
  Relax-and-lift: 11

Explored 128 nodes (2748 simplex iterations) in 0.10 seconds (0.08 work units)
Thread count was 8 (of 8 available processors)

Solution count 10: 80351.8 80372.1 80445.3 ... 187465

Optimal solution found (tolerance 1.00e-04)
Best objective 8.035179067181e+04, best bound 8.035179067181e+04, gap 0.0000%

User-callback calls 551, time in user-callback 0.00 sec

Gurobi 12.0.3 (mac64[arm]) logging started Tue Sep 23 13:34:08 2025

Set parameter LogFile to value "Logs/Facility Location Logs/L30/phase1/scenario_generation.log"
Set parameter LogToConsole to value 0

Gurobi 12.0.3 (mac64[arm]) logging started Tue Sep 23 13:34:08 2025

Set parameter LogFile to value "Logs/Facility Location Logs/L30/phase1/scenario_generation.log"
Gurobi Optimizer version 12.0.3 build v12.0.3rc0 (mac64[arm] - Darwin 24.6.0 24G222)

CPU model: Apple M3
Thread count: 8 physical cores, 8 logical processors, using up to 8 threads

Non-default parameters:
LogToConsole  0

Optimize a model with 75 rows, 1325 columns and 2575 nonzeros
Model fingerprint: 0x3e8ad728
Variable types: 1300 continuous, 25 integer (25 binary)
Coefficient statistics:
  Matrix range     [1e+00, 2e+04]
  Objective range  [8e-03, 8e+03]
  Bounds range     [0e+00, 0e+00]
  RHS range        [5e+02, 6e+03]
Found heuristic solution: objective 3710550.0000
Presolve removed 0 rows and 1 columns
Presolve time: 0.00s
Presolved: 75 rows, 1324 columns, 2574 nonzeros
Variable types: 1300 continuous, 24 integer (24 binary)

Root relaxation: objective 6.198774e+04, 136 iterations, 0.00 seconds (0.00 work units)

    Nodes    |    Current Node    |     Objective Bounds      |     Work
 Expl Unexpl |  Obj  Depth IntInf | Incumbent    BestBd   Gap | It/Node Time

     0     0 61987.7395    0   23 3710550.00 61987.7395  98.3%     -    0s
H    0     0                    204882.23948 61987.7395  69.7%     -    0s
H    0     0                    175223.65679 61987.7395  64.6%     -    0s
H    0     0                    153414.07285 61987.7395  59.6%     -    0s
H    0     0                    139915.23585 66987.7804  52.1%     -    0s
H    0     0                    132417.02145 66987.7804  49.4%     -    0s
H    0     0                    95783.114472 66987.7804  30.1%     -    0s
     0     0 66987.7804    0    7 95783.1145 66987.7804  30.1%     -    0s
     0     0 67011.7982    0    7 95783.1145 67011.7982  30.0%     -    0s
H    0     0                    90232.398487 67011.7982  25.7%     -    0s
H    0     0                    69734.391333 67011.7982  3.90%     -    0s
     0     0 67290.0747    0    8 69734.3913 67290.0747  3.51%     -    0s
H    0     0                    68805.268259 67318.5452  2.16%     -    0s
H    0     0                    68787.679153 67318.5452  2.14%     -    0s
     0     0 67406.5396    0    7 68787.6792 67406.5396  2.01%     -    0s
     0     0 67497.3901    0    8 68787.6792 67497.3901  1.88%     -    0s
H    0     0                    68687.294198 67497.3901  1.73%     -    0s
     0     0 67574.5676    0    7 68687.2942 67574.5676  1.62%     -    0s
H    0     0                    68002.616913 67579.2779  0.62%     -    0s
     0     0 67579.2779    0    6 68002.6169 67579.2779  0.62%     -    0s
     0     0 67695.5858    0    3 68002.6169 67695.5858  0.45%     -    0s
     0     0 67695.8215    0    5 68002.6169 67695.8215  0.45%     -    0s
     0     0 67697.1187    0    4 68002.6169 67697.1187  0.45%     -    0s
     0     0 67697.1187    0    4 68002.6169 67697.1187  0.45%     -    0s
     0     0 67697.1187    0    7 68002.6169 67697.1187  0.45%     -    0s
     0     0 67697.1187    0    7 68002.6169 67697.1187  0.45%     -    0s
     0     0 67697.1187    0    7 68002.6169 67697.1187  0.45%     -    0s
     0     0 67697.1187    0    9 68002.6169 67697.1187  0.45%     -    0s
     0     0 67697.1187    0    9 68002.6169 67697.1187  0.45%     -    0s
     0     0 67697.1187    0    5 68002.6169 67697.1187  0.45%     -    0s
     0     0 67782.6283    0    6 68002.6169 67782.6283  0.32%     -    0s
     0     0 68002.6169    0    6 68002.6169 68002.6169  0.00%     -    0s

Cutting planes:
  Implied bound: 59
  MIR: 1
  Flow cover: 1

Explored 1 nodes (718 simplex iterations) in 0.04 seconds (0.05 work units)
Thread count was 8 (of 8 available processors)

Solution count 10: 68002.6 68687.3 68787.7 ... 175224

Optimal solution found (tolerance 1.00e-04)
Best objective 6.800261691319e+04, best bound 6.800261691319e+04, gap 0.0000%

User-callback calls 300, time in user-callback 0.00 sec

Gurobi 12.0.3 (mac64[arm]) logging started Tue Sep 23 13:34:08 2025

Set parameter LogFile to value "Logs/Facility Location Logs/L30/phase1/scenario_generation.log"
Set parameter LogToConsole to value 0

Gurobi 12.0.3 (mac64[arm]) logging started Tue Sep 23 13:34:08 2025

Set parameter LogFile to value "Logs/Facility Location Logs/L30/phase1/scenario_generation.log"
Gurobi Optimizer version 12.0.3 build v12.0.3rc0 (mac64[arm] - Darwin 24.6.0 24G222)

CPU model: Apple M3
Thread count: 8 physical cores, 8 logical processors, using up to 8 threads

Non-default parameters:
LogToConsole  0

Optimize a model with 75 rows, 1325 columns and 2575 nonzeros
Model fingerprint: 0xfc748096
Variable types: 1300 continuous, 25 integer (25 binary)
Coefficient statistics:
  Matrix range     [1e+00, 2e+04]
  Objective range  [8e-03, 8e+03]
  Bounds range     [0e+00, 0e+00]
  RHS range        [1e+03, 2e+04]
Found heuristic solution: objective 7024150.0000
Presolve removed 0 rows and 1 columns
Presolve time: 0.00s
Presolved: 75 rows, 1324 columns, 2574 nonzeros
Variable types: 1300 continuous, 24 integer (24 binary)

Root relaxation: objective 1.346340e+05, 112 iterations, 0.00 seconds (0.00 work units)

    Nodes    |    Current Node    |     Objective Bounds      |     Work
 Expl Unexpl |  Obj  Depth IntInf | Incumbent    BestBd   Gap | It/Node Time

     0     0 134634.036    0   23 7024150.00 134634.036  98.1%     -    0s
H    0     0                    251892.53558 134634.036  46.6%     -    0s
H    0     0                    229870.85044 134634.036  41.4%     -    0s
H    0     0                    224270.50692 134634.036  40.0%     -    0s
H    0     0                    217004.40126 134634.036  38.0%     -    0s
H    0     0                    210272.68168 134959.406  35.8%     -    0s
H    0     0                    203483.13743 134959.406  33.7%     -    0s
H    0     0                    172582.81780 139597.891  19.1%     -    0s
     0     0 139597.891    0   14 172582.818 139597.891  19.1%     -    0s
H    0     0                    172137.92780 139678.770  18.9%     -    0s
H    0     0                    164873.00670 139678.770  15.3%     -    0s
     0     0 139678.770    0   12 164873.007 139678.770  15.3%     -    0s
     0     0 139678.770    0   12 164873.007 139678.770  15.3%     -    0s
H    0     0                    159404.08816 140037.790  12.1%     -    0s
H    0     0                    153267.28728 140037.790  8.63%     -    0s
H    0     0                    146622.14000 140037.790  4.49%     -    0s
     0     0 140037.790    0   12 146622.140 140037.790  4.49%     -    0s
H    0     0                    146583.65804 140092.446  4.43%     -    0s
H    0     0                    145242.16563 140092.446  3.55%     -    0s
     0     0 140132.132    0   12 145242.166 140132.132  3.52%     -    0s
     0     0 140132.132    0   12 145242.166 140132.132  3.52%     -    0s
     0     0 140303.838    0   15 145242.166 140303.838  3.40%     -    0s
     0     0 140320.927    0   14 145242.166 140320.927  3.39%     -    0s
     0     0 140325.003    0   14 145242.166 140325.003  3.39%     -    0s
     0     0 140327.279    0   12 145242.166 140327.279  3.38%     -    0s
H    0     0                    144903.31133 140327.279  3.16%     -    0s
H    0     0                    144385.02284 140444.529  2.73%     -    0s
     0     0 140444.529    0   11 144385.023 140444.529  2.73%     -    0s
     0     0 140457.918    0    5 144385.023 140457.918  2.72%     -    0s
     0     0 140458.784    0    5 144385.023 140458.784  2.72%     -    0s
     0     0 140478.237    0    9 144385.023 140478.237  2.71%     -    0s
     0     0 140478.263    0    9 144385.023 140478.263  2.71%     -    0s
     0     0 140494.810    0   10 144385.023 140494.810  2.69%     -    0s
     0     0 140494.810    0   10 144385.023 140494.810  2.69%     -    0s
     0     2 140494.821    0   10 144385.023 140494.821  2.69%     -    0s
*  280   230               8    144320.63338 140588.969  2.59%  24.9    0s
*  311   230              12    144224.52432 140588.969  2.52%  26.4    0s

Cutting planes:
  Implied bound: 168
  MIR: 19
  Flow cover: 1
  Inf proof: 17
  Relax-and-lift: 9

Explored 2667 nodes (82354 simplex iterations) in 0.35 seconds (0.83 work units)
Thread count was 8 (of 8 available processors)

Solution count 10: 144225 144321 144385 ... 172138

Optimal solution found (tolerance 1.00e-04)
Best objective 1.442245243200e+05, best bound 1.442245243200e+05, gap 0.0000%

User-callback calls 5740, time in user-callback 0.00 sec

Gurobi 12.0.3 (mac64[arm]) logging started Tue Sep 23 13:34:08 2025

Set parameter LogFile to value "Logs/Facility Location Logs/L30/phase1/scenario_generation.log"
Set parameter LogToConsole to value 0

Gurobi 12.0.3 (mac64[arm]) logging started Tue Sep 23 13:34:08 2025

Set parameter LogFile to value "Logs/Facility Location Logs/L30/phase1/scenario_generation.log"
Gurobi Optimizer version 12.0.3 build v12.0.3rc0 (mac64[arm] - Darwin 24.6.0 24G222)

CPU model: Apple M3
Thread count: 8 physical cores, 8 logical processors, using up to 8 threads

Non-default parameters:
LogToConsole  0

Optimize a model with 75 rows, 1325 columns and 2575 nonzeros
Model fingerprint: 0x5bb26ac5
Variable types: 1300 continuous, 25 integer (25 binary)
Coefficient statistics:
  Matrix range     [1e+00, 2e+04]
  Objective range  [8e-03, 8e+03]
  Bounds range     [0e+00, 0e+00]
  RHS range        [8e+02, 2e+04]
Found heuristic solution: objective 5110250.0000
Presolve removed 0 rows and 1 columns
Presolve time: 0.00s
Presolved: 75 rows, 1324 columns, 2574 nonzeros
Variable types: 1300 continuous, 24 integer (24 binary)

Root relaxation: objective 9.852934e+04, 134 iterations, 0.00 seconds (0.00 work units)

    Nodes    |    Current Node    |     Objective Bounds      |     Work
 Expl Unexpl |  Obj  Depth IntInf | Incumbent    BestBd   Gap | It/Node Time

     0     0 98529.3430    0   23 5110250.00 98529.3430  98.1%     -    0s
H    0     0                    234926.84296 98529.3430  58.1%     -    0s
H    0     0                    212774.93008 98529.3430  53.7%     -    0s
H    0     0                    205751.36702 98529.3430  52.1%     -    0s
H    0     0                    185327.40232 98529.3430  46.8%     -    0s
     0     0 103202.657    0   10 185327.402 103202.657  44.3%     -    0s
H    0     0                    164600.15738 103310.628  37.2%     -    0s
H    0     0                    153836.55147 103310.628  32.8%     -    0s
H    0     0                    119059.32840 103310.628  13.2%     -    0s
H    0     0                    115732.37012 103310.628  10.7%     -    0s
     0     0 103310.628    0   10 115732.370 103310.628  10.7%     -    0s
H    0     0                    113971.62573 103310.628  9.35%     -    0s
     0     0 103667.900    0   10 113971.626 103667.900  9.04%     -    0s
H    0     0                    106335.04257 103706.195  2.47%     -    0s
H    0     0                    105493.05343 103706.195  1.69%     -    0s
     0     0 103720.302    0   10 105493.053 103720.302  1.68%     -    0s
     0     0 103720.302    0    9 105493.053 103720.302  1.68%     -    0s
H    0     0                    105377.15536 103936.240  1.37%     -    0s
     0     0 103936.240    0    9 105377.155 103936.240  1.37%     -    0s
H    0     0                    105303.23083 103961.241  1.27%     -    0s
     0     0 103961.241    0    8 105303.231 103961.241  1.27%     -    0s
     0     0 104073.897    0    6 105303.231 104073.897  1.17%     -    0s
     0     0 104073.965    0    7 105303.231 104073.965  1.17%     -    0s
     0     0 104109.960    0    2 105303.231 104109.960  1.13%     -    0s
     0     0 104113.602    0    6 105303.231 104113.602  1.13%     -    0s
     0     0 104113.602    0    6 105303.231 104113.602  1.13%     -    0s
     0     2 104113.602    0    6 105303.231 104113.602  1.13%     -    0s

Cutting planes:
  Implied bound: 98
  MIR: 6
  Flow cover: 1
  Relax-and-lift: 5

Explored 322 nodes (7468 simplex iterations) in 0.07 seconds (0.12 work units)
Thread count was 8 (of 8 available processors)

Solution count 10: 105303 105377 105493 ... 205751

Optimal solution found (tolerance 1.00e-04)
Best objective 1.053032308292e+05, best bound 1.053032308292e+05, gap 0.0000%

User-callback calls 926, time in user-callback 0.00 sec

Gurobi 12.0.3 (mac64[arm]) logging started Tue Sep 23 13:34:08 2025

Set parameter LogFile to value "Logs/Facility Location Logs/L30/phase1/scenario_generation.log"
Set parameter LogToConsole to value 0

Gurobi 12.0.3 (mac64[arm]) logging started Tue Sep 23 13:34:08 2025

Set parameter LogFile to value "Logs/Facility Location Logs/L30/phase1/scenario_generation.log"
Gurobi Optimizer version 12.0.3 build v12.0.3rc0 (mac64[arm] - Darwin 24.6.0 24G222)

CPU model: Apple M3
Thread count: 8 physical cores, 8 logical processors, using up to 8 threads

Non-default parameters:
LogToConsole  0

Optimize a model with 75 rows, 1325 columns and 2575 nonzeros
Model fingerprint: 0x252c479f
Variable types: 1300 continuous, 25 integer (25 binary)
Coefficient statistics:
  Matrix range     [1e+00, 2e+04]
  Objective range  [8e-03, 8e+03]
  Bounds range     [0e+00, 0e+00]
  RHS range        [1e+03, 6e+03]
Found heuristic solution: objective 4945650.0000
Presolve removed 0 rows and 1 columns
Presolve time: 0.00s
Presolved: 75 rows, 1324 columns, 2574 nonzeros
Variable types: 1300 continuous, 24 integer (24 binary)

Root relaxation: objective 7.096110e+04, 94 iterations, 0.00 seconds (0.00 work units)

    Nodes    |    Current Node    |     Objective Bounds      |     Work
 Expl Unexpl |  Obj  Depth IntInf | Incumbent    BestBd   Gap | It/Node Time

     0     0 70961.1037    0   24 4945650.00 70961.1037  98.6%     -    0s
H    0     0                    209004.60365 70961.1037  66.0%     -    0s
H    0     0                    186893.78181 70961.1037  62.0%     -    0s
H    0     0                    174827.14590 70961.1037  59.4%     -    0s
H    0     0                    160682.97328 70961.1037  55.8%     -    0s
H    0     0                    153707.74947 75653.1640  50.8%     -    0s
     0     0 75653.1640    0   11 153707.749 75653.1640  50.8%     -    0s
H    0     0                    138696.66398 75762.1023  45.4%     -    0s
H    0     0                    128585.08257 75762.1023  41.1%     -    0s
H    0     0                    93181.010798 75762.1023  18.7%     -    0s
H    0     0                    79554.025971 75762.1023  4.77%     -    0s
     0     0 75762.1023    0   11 79554.0260 75762.1023  4.77%     -    0s
     0     0 76147.1929    0    9 79554.0260 76147.1929  4.28%     -    0s
     0     0 76180.2334    0    9 79554.0260 76180.2334  4.24%     -    0s
     0     0 76328.9764    0   10 79554.0260 76328.9764  4.05%     -    0s
     0     0 76346.7215    0    8 79554.0260 76346.7215  4.03%     -    0s
     0     0 76418.4329    0    4 79554.0260 76418.4329  3.94%     -    0s
H    0     0                    78833.655680 76418.4329  3.06%     -    0s
     0     0 76421.9038    0    4 78833.6557 76421.9038  3.06%     -    0s
     0     0 76428.6083    0    3 78833.6557 76428.6083  3.05%     -    0s
     0     0 76436.0040    0    1 78833.6557 76436.0040  3.04%     -    0s
     0     0 76436.2132    0    1 78833.6557 76436.2132  3.04%     -    0s
     0     0 76447.2040    0    5 78833.6557 76447.2040  3.03%     -    0s
     0     0 76447.2040    0    5 78833.6557 76447.2040  3.03%     -    0s
     0     2 76447.2040    0    5 78833.6557 76447.2040  3.03%     -    0s

Cutting planes:
  Implied bound: 149
  MIR: 7
  Flow cover: 2
  Inf proof: 1
  Relax-and-lift: 10

Explored 7603 nodes (158858 simplex iterations) in 0.59 seconds (1.32 work units)
Thread count was 8 (of 8 available processors)

Solution count 10: 78833.7 79554 93181 ... 209005

Optimal solution found (tolerance 1.00e-04)
Best objective 7.883365567969e+04, best bound 7.883365567969e+04, gap 0.0000%

User-callback calls 15622, time in user-callback 0.00 sec

Gurobi 12.0.3 (mac64[arm]) logging started Tue Sep 23 13:34:09 2025

Set parameter LogFile to value "Logs/Facility Location Logs/L30/phase1/scenario_generation.log"
Set parameter LogToConsole to value 0

Gurobi 12.0.3 (mac64[arm]) logging started Tue Sep 23 13:34:09 2025

Set parameter LogFile to value "Logs/Facility Location Logs/L30/phase1/scenario_generation.log"
Gurobi Optimizer version 12.0.3 build v12.0.3rc0 (mac64[arm] - Darwin 24.6.0 24G222)

CPU model: Apple M3
Thread count: 8 physical cores, 8 logical processors, using up to 8 threads

Non-default parameters:
LogToConsole  0

Optimize a model with 75 rows, 1325 columns and 2575 nonzeros
Model fingerprint: 0x8d6c8f6a
Variable types: 1300 continuous, 25 integer (25 binary)
Coefficient statistics:
  Matrix range     [1e+00, 2e+04]
  Objective range  [8e-03, 8e+03]
  Bounds range     [0e+00, 0e+00]
  RHS range        [1e+03, 2e+04]
Found heuristic solution: objective 5893700.0000
Presolve removed 0 rows and 1 columns
Presolve time: 0.00s
Presolved: 75 rows, 1324 columns, 2574 nonzeros
Variable types: 1300 continuous, 24 integer (24 binary)

Root relaxation: objective 1.249047e+05, 132 iterations, 0.00 seconds (0.00 work units)

    Nodes    |    Current Node    |     Objective Bounds      |     Work
 Expl Unexpl |  Obj  Depth IntInf | Incumbent    BestBd   Gap | It/Node Time

     0     0 124904.718    0   23 5893700.00 124904.718  97.9%     -    0s
H    0     0                    253467.71840 124904.718  50.7%     -    0s
H    0     0                    231665.45504 124904.718  46.1%     -    0s
H    0     0                    225003.76428 124904.718  44.5%     -    0s
H    0     0                    217581.52358 124904.718  42.6%     -    0s
H    0     0                    210119.28478 125155.360  40.4%     -    0s
H    0     0                    209602.01392 125155.360  40.3%     -    0s
H    0     0                    201751.82225 130105.556  35.5%     -    0s
H    0     0                    165161.58975 130105.556  21.2%     -    0s
H    0     0                    141564.95777 130105.556  8.09%     -    0s
H    0     0                    141546.73283 130105.556  8.08%     -    0s
     0     0 130105.556    0   12 141546.733 130105.556  8.08%     -    0s
H    0     0                    132773.27879 130188.430  1.95%     -    0s
H    0     0                    132710.77189 130188.430  1.90%     -    0s
     0     0 130720.494    0   10 132710.772 130720.494  1.50%     -    0s
H    0     0                    132222.96763 130753.650  1.11%     -    0s
     0     0 130753.650    0   11 132222.968 130753.650  1.11%     -    0s
H    0     0                    131964.99939 130753.650  0.92%     -    0s
     0     0 130966.782    0   12 131964.999 130966.782  0.76%     -    0s
     0     0 130989.516    0   11 131964.999 130989.516  0.74%     -    0s
     0     0 130989.738    0   12 131964.999 130989.738  0.74%     -    0s
     0     0 131137.880    0   10 131964.999 131137.880  0.63%     -    0s
     0     0 131139.597    0   10 131964.999 131139.597  0.63%     -    0s
     0     0 131161.070    0    8 131964.999 131161.070  0.61%     -    0s
     0     0 131161.215    0    8 131964.999 131161.215  0.61%     -    0s
     0     0 131172.528    0    8 131964.999 131172.528  0.60%     -    0s
     0     0 131172.528    0    8 131964.999 131172.528  0.60%     -    0s
     0     2 131172.547    0    8 131964.999 131172.547  0.60%     -    0s

Cutting planes:
  Implied bound: 110
  MIR: 10
  Flow cover: 2
  Relax-and-lift: 1

Explored 610 nodes (12522 simplex iterations) in 0.10 seconds (0.20 work units)
Thread count was 8 (of 8 available processors)

Solution count 10: 131965 132711 141547 ... 253468

Optimal solution found (tolerance 1.00e-04)
Best objective 1.319649993915e+05, best bound 1.319649993915e+05, gap 0.0000%

User-callback calls 1516, time in user-callback 0.00 sec

Gurobi 12.0.3 (mac64[arm]) logging started Tue Sep 23 13:34:09 2025

Set parameter LogFile to value "Logs/Facility Location Logs/L30/phase1/scenario_generation.log"
Set parameter LogToConsole to value 0

Gurobi 12.0.3 (mac64[arm]) logging started Tue Sep 23 13:34:09 2025

Set parameter LogFile to value "Logs/Facility Location Logs/L30/phase1/scenario_generation.log"
Gurobi Optimizer version 12.0.3 build v12.0.3rc0 (mac64[arm] - Darwin 24.6.0 24G222)

CPU model: Apple M3
Thread count: 8 physical cores, 8 logical processors, using up to 8 threads

Non-default parameters:
LogToConsole  0

Optimize a model with 75 rows, 1325 columns and 2575 nonzeros
Model fingerprint: 0x65ae515d
Variable types: 1300 continuous, 25 integer (25 binary)
Coefficient statistics:
  Matrix range     [1e+00, 2e+04]
  Objective range  [8e-03, 8e+03]
  Bounds range     [0e+00, 0e+00]
  RHS range        [1e+03, 1e+04]
Found heuristic solution: objective 5800600.0000
Presolve removed 0 rows and 1 columns
Presolve time: 0.00s
Presolved: 75 rows, 1324 columns, 2574 nonzeros
Variable types: 1300 continuous, 24 integer (24 binary)

Root relaxation: objective 1.045662e+05, 127 iterations, 0.00 seconds (0.00 work units)

    Nodes    |    Current Node    |     Objective Bounds      |     Work
 Expl Unexpl |  Obj  Depth IntInf | Incumbent    BestBd   Gap | It/Node Time

     0     0 104566.159    0   24 5800600.00 104566.159  98.2%     -    0s
H    0     0                    234060.15868 104566.159  55.3%     -    0s
H    0     0                    211926.35374 104566.159  50.7%     -    0s
H    0     0                    155868.14141 104566.159  32.9%     -    0s
H    0     0                    152043.24909 104566.159  31.2%     -    0s
H    0     0                    128290.83436 109202.502  14.9%     -    0s
H    0     0                    121514.38989 109202.502  10.1%     -    0s
     0     0 109202.502    0    9 121514.390 109202.502  10.1%     -    0s
H    0     0                    121359.60417 109303.557  9.93%     -    0s
     0     0 109686.159    0    9 121359.604 109686.159  9.62%     -    0s
H    0     0                    111440.22362 109712.046  1.55%     -    0s
     0     0 109716.937    0   10 111440.224 109716.937  1.55%     -    0s
     0     0 109859.471    0    7 111440.224 109859.471  1.42%     -    0s
     0     0 109869.266    0    6 111440.224 109869.266  1.41%     -    0s
     0     0 109944.949    0    6 111440.224 109944.949  1.34%     -    0s
H    0     0                    111423.75561 109948.226  1.32%     -    0s
     0     0 109948.226    0    4 111423.756 109948.226  1.32%     -    0s
     0     0 109961.609    0    2 111423.756 109961.609  1.31%     -    0s
     0     0 110083.045    0    2 111423.756 110083.045  1.20%     -    0s
     0     0 110083.045    0    3 111423.756 110083.045  1.20%     -    0s
     0     0 110083.045    0    3 111423.756 110083.045  1.20%     -    0s
     0     2 110083.045    0    3 111423.756 110083.045  1.20%     -    0s

Cutting planes:
  Implied bound: 101
  MIR: 11
  Flow cover: 2
  Relax-and-lift: 7

Explored 1280 nodes (27660 simplex iterations) in 0.17 seconds (0.32 work units)
Thread count was 8 (of 8 available processors)

Solution count 9: 111424 111440 121360 ... 5.8006e+06

Optimal solution found (tolerance 1.00e-04)
Best objective 1.114237556136e+05, best bound 1.114237556136e+05, gap 0.0000%

User-callback calls 2858, time in user-callback 0.00 sec

Gurobi 12.0.3 (mac64[arm]) logging started Tue Sep 23 13:34:09 2025

Set parameter LogFile to value "Logs/Facility Location Logs/L30/phase1/scenario_generation.log"
Set parameter LogToConsole to value 0

Gurobi 12.0.3 (mac64[arm]) logging started Tue Sep 23 13:34:09 2025

Set parameter LogFile to value "Logs/Facility Location Logs/L30/phase1/scenario_generation.log"
Gurobi Optimizer version 12.0.3 build v12.0.3rc0 (mac64[arm] - Darwin 24.6.0 24G222)

CPU model: Apple M3
Thread count: 8 physical cores, 8 logical processors, using up to 8 threads

Non-default parameters:
LogToConsole  0

Optimize a model with 75 rows, 1325 columns and 2575 nonzeros
Model fingerprint: 0x473a0e41
Variable types: 1300 continuous, 25 integer (25 binary)
Coefficient statistics:
  Matrix range     [1e+00, 2e+04]
  Objective range  [8e-03, 8e+03]
  Bounds range     [0e+00, 0e+00]
  RHS range        [7e+02, 6e+03]
Found heuristic solution: objective 4105600.0000
Presolve removed 0 rows and 1 columns
Presolve time: 0.00s
Presolved: 75 rows, 1324 columns, 2574 nonzeros
Variable types: 1300 continuous, 24 integer (24 binary)

Root relaxation: objective 6.445991e+04, 106 iterations, 0.00 seconds (0.00 work units)

    Nodes    |    Current Node    |     Objective Bounds      |     Work
 Expl Unexpl |  Obj  Depth IntInf | Incumbent    BestBd   Gap | It/Node Time

     0     0 64459.9088    0   23 4105600.00 64459.9088  98.4%     -    0s
H    0     0                    203403.90883 64459.9088  68.3%     -    0s
H    0     0                    167013.48787 64459.9088  61.4%     -    0s
H    0     0                    153069.14191 64459.9088  57.9%     -    0s
H    0     0                    147694.62611 64459.9088  56.4%     -    0s
H    0     0                    145625.82508 64567.1806  55.7%     -    0s
H    0     0                    138346.27392 64567.1806  53.3%     -    0s
     0     0 69396.2926    0   11 138346.274 69396.2926  49.8%     -    0s
H    0     0                    133340.29263 69410.3069  47.9%     -    0s
H    0     0                    129934.79890 69410.3069  46.6%     -    0s
H    0     0                    94278.720118 69410.3069  26.4%     -    0s
     0     0 69410.3069    0   11 94278.7201 69410.3069  26.4%     -    0s
     0     0 69903.0225    0    9 94278.7201 69903.0225  25.9%     -    0s
     0     0 69960.2922    0    9 94278.7201 69960.2922  25.8%     -    0s
H    0     0                    93683.939551 69960.2922  25.3%     -    0s
H    0     0                    86360.923966 69960.2922  19.0%     -    0s
H    0     0                    79334.743598 69960.2922  11.8%     -    0s
     0     0 70167.7680    0   13 79334.7436 70167.7680  11.6%     -    0s
     0     0 70183.6298    0   12 79334.7436 70183.6298  11.5%     -    0s
     0     0 70183.9510    0   12 79334.7436 70183.9510  11.5%     -    0s
H    0     0                    74456.210650 70339.9895  5.53%     -    0s
     0     0 70339.9895    0    8 74456.2106 70339.9895  5.53%     -    0s
H    0     0                    74418.222502 70343.6079  5.48%     -    0s
     0     0 70343.6079    0    9 74418.2225 70343.6079  5.48%     -    0s
     0     0 70409.5533    0    7 74418.2225 70409.5533  5.39%     -    0s
H    0     0                    73778.662818 70409.5533  4.57%     -    0s
     0     0 70409.6270    0    5 73778.6628 70409.6270  4.57%     -    0s
     0     0 70412.0603    0    6 73778.6628 70412.0603  4.56%     -    0s
     0     0 70416.5547    0    6 73778.6628 70416.5547  4.56%     -    0s
     0     0 70423.2160    0    6 73778.6628 70423.2160  4.55%     -    0s
     0     0 70423.2160    0    6 73778.6628 70423.2160  4.55%     -    0s
H    0     0                    73749.876942 70423.2160  4.51%     -    0s
     0     2 70423.2265    0    6 73749.8769 70423.2265  4.51%     -    0s

Cutting planes:
  Implied bound: 117
  MIR: 13
  Flow cover: 1
  Inf proof: 1
  Relax-and-lift: 4

Explored 3930 nodes (92495 simplex iterations) in 0.31 seconds (0.70 work units)
Thread count was 8 (of 8 available processors)

Solution count 10: 73749.9 73778.7 74418.2 ... 138346

Optimal solution found (tolerance 1.00e-04)
Best objective 7.374987694162e+04, best bound 7.374987694162e+04, gap 0.0000%

User-callback calls 8232, time in user-callback 0.00 sec

Gurobi 12.0.3 (mac64[arm]) logging started Tue Sep 23 13:34:09 2025

Set parameter LogFile to value "Logs/Facility Location Logs/L30/phase1/scenario_generation.log"
Set parameter LogToConsole to value 0

Gurobi 12.0.3 (mac64[arm]) logging started Tue Sep 23 13:34:09 2025

Set parameter LogFile to value "Logs/Facility Location Logs/L30/phase1/scenario_generation.log"
Gurobi Optimizer version 12.0.3 build v12.0.3rc0 (mac64[arm] - Darwin 24.6.0 24G222)

CPU model: Apple M3
Thread count: 8 physical cores, 8 logical processors, using up to 8 threads

Non-default parameters:
LogToConsole  0

Optimize a model with 75 rows, 1325 columns and 2575 nonzeros
Model fingerprint: 0x3a359e63
Variable types: 1300 continuous, 25 integer (25 binary)
Coefficient statistics:
  Matrix range     [1e+00, 2e+04]
  Objective range  [8e-03, 8e+03]
  Bounds range     [0e+00, 0e+00]
  RHS range        [1e+03, 8e+03]
Found heuristic solution: objective 4971000.0000
Presolve removed 0 rows and 1 columns
Presolve time: 0.00s
Presolved: 75 rows, 1324 columns, 2574 nonzeros
Variable types: 1300 continuous, 24 integer (24 binary)

Root relaxation: objective 8.230759e+04, 127 iterations, 0.00 seconds (0.00 work units)

    Nodes    |    Current Node    |     Objective Bounds      |     Work
 Expl Unexpl |  Obj  Depth IntInf | Incumbent    BestBd   Gap | It/Node Time

     0     0 82307.5878    0   24 4971000.00 82307.5878  98.3%     -    0s
H    0     0                    220097.58779 82307.5878  62.6%     -    0s
H    0     0                    198032.04256 82307.5878  58.4%     -    0s
H    0     0                    162120.62032 82307.5878  49.2%     -    0s
H    0     0                    139142.82243 87164.6668  37.4%     -    0s
H    0     0                    104714.01598 87164.6668  16.8%     -    0s
H    0     0                    91912.276122 87164.6668  5.17%     -    0s
     0     0 87164.6668    0   11 91912.2761 87164.6668  5.17%     -    0s
H    0     0                    91465.214962 87194.8061  4.67%     -    0s
     0     0 87194.8061    0   11 91465.2150 87194.8061  4.67%     -    0s
     0     0 87724.9565    0    9 91465.2150 87724.9565  4.09%     -    0s
H    0     0                    91285.166179 87759.3593  3.86%     -    0s
     0     0 87759.3593    0    9 91285.1662 87759.3593  3.86%     -    0s
H    0     0                    90655.816710 87759.3593  3.20%     -    0s
     0     0 88047.4115    0   10 90655.8167 88047.4115  2.88%     -    0s
     0     0 88073.6349    0    9 90655.8167 88073.6349  2.85%     -    0s
     0     0 88202.6778    0    8 90655.8167 88202.6778  2.71%     -    0s
     0     0 88206.0218    0    8 90655.8167 88206.0218  2.70%     -    0s
     0     0 88240.0118    0    3 90655.8167 88240.0118  2.66%     -    0s
H    0     0                    90558.079373 88240.0118  2.56%     -    0s
     0     0 88240.4026    0    4 90558.0794 88240.4026  2.56%     -    0s
     0     0 88245.7510    0    6 90558.0794 88245.7510  2.55%     -    0s
     0     0 88245.7510    0    6 90558.0794 88245.7510  2.55%     -    0s
     0     2 88245.7510    0    6 90558.0794 88245.7510  2.55%     -    0s

Cutting planes:
  Implied bound: 158
  MIR: 9
  Flow cover: 7
  Relax-and-lift: 11

Explored 4645 nodes (101660 simplex iterations) in 0.39 seconds (0.86 work units)
Thread count was 8 (of 8 available processors)

Solution count 10: 90558.1 90655.8 91465.2 ... 4.971e+06

Optimal solution found (tolerance 1.00e-04)
Best objective 9.055807937306e+04, best bound 9.055807937306e+04, gap 0.0000%

User-callback calls 9630, time in user-callback 0.00 sec

Gurobi 12.0.3 (mac64[arm]) logging started Tue Sep 23 13:34:10 2025

Set parameter LogFile to value "Logs/Facility Location Logs/L30/phase1/scenario_generation.log"
Set parameter LogToConsole to value 0

Gurobi 12.0.3 (mac64[arm]) logging started Tue Sep 23 13:34:10 2025

Set parameter LogFile to value "Logs/Facility Location Logs/L30/phase1/scenario_generation.log"
Gurobi Optimizer version 12.0.3 build v12.0.3rc0 (mac64[arm] - Darwin 24.6.0 24G222)

CPU model: Apple M3
Thread count: 8 physical cores, 8 logical processors, using up to 8 threads

Non-default parameters:
LogToConsole  0

Optimize a model with 75 rows, 1325 columns and 2575 nonzeros
Model fingerprint: 0x4fda3bd3
Variable types: 1300 continuous, 25 integer (25 binary)
Coefficient statistics:
  Matrix range     [1e+00, 2e+04]
  Objective range  [8e-03, 8e+03]
  Bounds range     [0e+00, 0e+00]
  RHS range        [9e+02, 1e+04]
Found heuristic solution: objective 5060800.0000
Presolve removed 0 rows and 1 columns
Presolve time: 0.00s
Presolved: 75 rows, 1324 columns, 2574 nonzeros
Variable types: 1300 continuous, 24 integer (24 binary)

Root relaxation: objective 9.275597e+04, 130 iterations, 0.00 seconds (0.00 work units)

    Nodes    |    Current Node    |     Objective Bounds      |     Work
 Expl Unexpl |  Obj  Depth IntInf | Incumbent    BestBd   Gap | It/Node Time

     0     0 92755.9733    0   24 5060800.00 92755.9733  98.2%     -    0s
H    0     0                    229647.97330 92755.9733  59.6%     -    0s
H    0     0                    214797.31402 92755.9733  56.8%     -    0s
H    0     0                    157278.93680 92755.9733  41.0%     -    0s
H    0     0                    129878.61229 93737.4680  27.8%     -    0s
H    0     0                    124567.12358 93737.4680  24.7%     -    0s
H    0     0                    115799.91391 97622.5877  15.7%     -    0s
H    0     0                    102404.34777 97622.5877  4.67%     -    0s
     0     0 97622.5877    0   12 102404.348 97622.5877  4.67%     -    0s
     0     0 97661.3623    0   12 102404.348 97661.3623  4.63%     -    0s
     0     0 98124.0738    0    9 102404.348 98124.0738  4.18%     -    0s
H    0     0                    102117.02650 98149.0171  3.89%     -    0s
H    0     0                    102105.57234 98149.0171  3.87%     -    0s
     0     0 98149.0171    0    9 102105.572 98149.0171  3.87%     -    0s
H    0     0                    100714.35343 98149.0171  2.55%     -    0s
     0     0 98357.9078    0    9 100714.353 98357.9078  2.34%     -    0s
H    0     0                    100403.65501 98391.8088  2.00%     -    0s
     0     0 98391.8088    0    8 100403.655 98391.8088  2.00%     -    0s
     0     0 98392.6428    0    8 100403.655 98392.6428  2.00%     -    0s
     0     0 98528.3922    0    6 100403.655 98528.3922  1.87%     -    0s
H    0     0                    100205.61915 98530.2200  1.67%     -    0s
     0     0 98569.9367    0    4 100205.619 98569.9367  1.63%     -    0s
H    0     0                    100203.54323 98569.9367  1.63%     -    0s
     0     0 98571.3012    0    5 100203.543 98571.3012  1.63%     -    0s
     0     0 98571.3131    0    5 100203.543 98571.3131  1.63%     -    0s
     0     2 98571.3131    0    5 100203.543 98571.3131  1.63%     -    0s

Cutting planes:
  Implied bound: 113
  MIR: 12
  Relax-and-lift: 3

Explored 1447 nodes (30876 simplex iterations) in 0.17 seconds (0.36 work units)
Thread count was 8 (of 8 available processors)

Solution count 10: 100204 100206 100404 ... 214797

Optimal solution found (tolerance 1.00e-04)
Best objective 1.002035432259e+05, best bound 1.002035432259e+05, gap 0.0000%

User-callback calls 3203, time in user-callback 0.00 sec

Gurobi 12.0.3 (mac64[arm]) logging started Tue Sep 23 13:34:10 2025

Set parameter LogFile to value "Logs/Facility Location Logs/L30/phase1/scenario_generation.log"
Set parameter LogToConsole to value 0

Gurobi 12.0.3 (mac64[arm]) logging started Tue Sep 23 13:34:10 2025

Set parameter LogFile to value "Logs/Facility Location Logs/L30/phase1/scenario_generation.log"
Gurobi Optimizer version 12.0.3 build v12.0.3rc0 (mac64[arm] - Darwin 24.6.0 24G222)

CPU model: Apple M3
Thread count: 8 physical cores, 8 logical processors, using up to 8 threads

Non-default parameters:
LogToConsole  0

Optimize a model with 75 rows, 1325 columns and 2575 nonzeros
Model fingerprint: 0x6c537f08
Variable types: 1300 continuous, 25 integer (25 binary)
Coefficient statistics:
  Matrix range     [1e+00, 2e+04]
  Objective range  [8e-03, 8e+03]
  Bounds range     [0e+00, 0e+00]
  RHS range        [4e+02, 8e+03]
Found heuristic solution: objective 3716350.0000
Presolve removed 0 rows and 1 columns
Presolve time: 0.00s
Presolved: 75 rows, 1324 columns, 2574 nonzeros
Variable types: 1300 continuous, 24 integer (24 binary)

Root relaxation: objective 6.669258e+04, 141 iterations, 0.00 seconds (0.00 work units)

    Nodes    |    Current Node    |     Objective Bounds      |     Work
 Expl Unexpl |  Obj  Depth IntInf | Incumbent    BestBd   Gap | It/Node Time

     0     0 66692.5818    0   23 3716350.00 66692.5818  98.2%     -    0s
H    0     0                    209529.08176 66692.5818  68.2%     -    0s
H    0     0                    172449.98075 66692.5818  61.3%     -    0s
H    0     0                    137208.38342 66692.5818  51.4%     -    0s
H    0     0                    131998.80195 66692.5818  49.5%     -    0s
     0     0 71776.7533    0    7 131998.802 71776.7533  45.6%     -    0s
H    0     0                    117113.25333 71873.9122  38.6%     -    0s
H    0     0                    99619.657082 71873.9122  27.9%     -    0s
     0     0 71873.9122    0    7 99619.6571 71873.9122  27.9%     -    0s
H    0     0                    94722.152632 71873.9122  24.1%     -    0s
H    0     0                    73954.425292 71873.9122  2.81%     -    0s
     0     0 72127.0092    0   10 73954.4253 72127.0092  2.47%     -    0s
     0     0 72240.7133    0    9 73954.4253 72240.7133  2.32%     -    0s
H    0     0                    72884.661809 72297.8762  0.81%     -    0s
H    0     0                    72774.768571 72297.8762  0.66%     -    0s
     0     0 72297.8762    0    8 72774.7686 72297.8762  0.66%     -    0s
     0     0 72429.2325    0    5 72774.7686 72429.2325  0.47%     -    0s
H    0     0                    72774.318742 72431.4280  0.47%     -    0s
     0     0 72456.0099    0    7 72774.3187 72456.0099  0.44%     -    0s
     0     0 72456.2109    0    7 72774.3187 72456.2109  0.44%     -    0s
     0     0 72774.3187    0    3 72774.3187 72774.3187  0.00%     -    0s

Cutting planes:
  Implied bound: 78
  MIR: 2
  Flow cover: 6
  Relax-and-lift: 3

Explored 1 nodes (387 simplex iterations) in 0.02 seconds (0.03 work units)
Thread count was 8 (of 8 available processors)

Solution count 10: 72774.3 72774.8 73954.4 ... 209529

Optimal solution found (tolerance 1.00e-04)
Best objective 7.277431874156e+04, best bound 7.277431874156e+04, gap 0.0000%

User-callback calls 241, time in user-callback 0.00 sec

Gurobi 12.0.3 (mac64[arm]) logging started Tue Sep 23 13:34:10 2025

Set parameter LogFile to value "Logs/Facility Location Logs/L30/phase1/scenario_generation.log"
Set parameter LogToConsole to value 0

Gurobi 12.0.3 (mac64[arm]) logging started Tue Sep 23 13:34:10 2025

Set parameter LogFile to value "Logs/Facility Location Logs/L30/phase1/scenario_generation.log"
Gurobi Optimizer version 12.0.3 build v12.0.3rc0 (mac64[arm] - Darwin 24.6.0 24G222)

CPU model: Apple M3
Thread count: 8 physical cores, 8 logical processors, using up to 8 threads

Non-default parameters:
LogToConsole  0

Optimize a model with 75 rows, 1325 columns and 2575 nonzeros
Model fingerprint: 0x3136574d
Variable types: 1300 continuous, 25 integer (25 binary)
Coefficient statistics:
  Matrix range     [1e+00, 2e+04]
  Objective range  [8e-03, 8e+03]
  Bounds range     [0e+00, 0e+00]
  RHS range        [1e+03, 1e+04]
Found heuristic solution: objective 6120900.0000
Presolve removed 0 rows and 1 columns
Presolve time: 0.00s
Presolved: 75 rows, 1324 columns, 2574 nonzeros
Variable types: 1300 continuous, 24 integer (24 binary)

Root relaxation: objective 9.896336e+04, 148 iterations, 0.00 seconds (0.00 work units)

    Nodes    |    Current Node    |     Objective Bounds      |     Work
 Expl Unexpl |  Obj  Depth IntInf | Incumbent    BestBd   Gap | It/Node Time

     0     0 98963.3632    0   24 6120900.00 98963.3632  98.4%     -    0s
H    0     0                    225254.36319 98963.3632  56.1%     -    0s
H    0     0                    210565.96426 98963.3632  53.0%     -    0s
H    0     0                    210508.69020 98963.3632  53.0%     -    0s
H    0     0                    203376.22347 99333.2511  51.2%     -    0s
H    0     0                    181373.50584 103897.744  42.7%     -    0s
H    0     0                    145967.94520 103897.744  28.8%     -    0s
H    0     0                    111924.85151 103897.744  7.17%     -    0s
     0     0 103897.744    0   12 111924.852 103897.744  7.17%     -    0s
     0     0 103938.443    0   12 111924.852 103938.443  7.14%     -    0s
     0     0 104384.554    0    9 111924.852 104384.554  6.74%     -    0s
H    0     0                    111674.23651 104447.213  6.47%     -    0s
H    0     0                    111531.88433 104447.213  6.35%     -    0s
     0     0 104447.213    0    8 111531.884 104447.213  6.35%     -    0s
     0     0 104601.007    0   10 111531.884 104601.007  6.21%     -    0s
H    0     0                    111079.16327 104606.610  5.83%     -    0s
     0     0 104606.610    0   10 111079.163 104606.610  5.83%     -    0s
     0     0 104696.376    0    8 111079.163 104696.376  5.75%     -    0s
H    0     0                    110968.23153 104700.010  5.65%     -    0s
     0     0 104700.010    0    7 110968.232 104700.010  5.65%     -    0s
H    0     0                    110382.59947 104706.212  5.14%     -    0s
     0     0 104706.212    0    4 110382.599 104706.212  5.14%     -    0s
     0     0 104706.757    0    2 110382.599 104706.757  5.14%     -    0s
     0     0 104709.659    0    7 110382.599 104709.659  5.14%     -    0s
     0     0 104709.659    0    7 110382.599 104709.659  5.14%     -    0s
     0     2 104709.673    0    7 110382.599 104709.673  5.14%     -    0s
*  550   341               9    110048.18882 104789.052  4.78%  22.1    0s
H  907   497                    110023.20276 104887.771  4.67%  22.5    0s

Cutting planes:
  Gomory: 1
  Implied bound: 92
  MIR: 21
  Flow cover: 2
  Inf proof: 19
  Relax-and-lift: 3

Explored 13605 nodes (282127 simplex iterations) in 1.25 seconds (2.80 work units)
Thread count was 8 (of 8 available processors)

Solution count 10: 110023 110048 110383 ... 225254

Optimal solution found (tolerance 1.00e-04)
Best objective 1.100232027645e+05, best bound 1.100232027645e+05, gap 0.0000%

User-callback calls 27862, time in user-callback 0.00 sec

============================================================
SUMMARY STATISTICS - PHASE 1: SCENARIO GENERATION (COMMON)
============================================================
Parameters:
  bernoulli_case: false
  nloc: 25
  ncust: 50
  nscen: 30

Results:
  total_scenarios: 30
  unique_solutions: 29
============================================================

Gurobi 12.0.3 (mac64[arm]) logging started Tue Sep 23 13:52:17 2025

Set parameter LogFile to value "Logs/Facility Location Logs/L30/phase1/scenario_generation.log"
Set parameter LogToConsole to value 0

Gurobi 12.0.3 (mac64[arm]) logging started Tue Sep 23 13:52:18 2025

Set parameter LogFile to value "Logs/Facility Location Logs/L30/phase1/scenario_generation.log"
Gurobi Optimizer version 12.0.3 build v12.0.3rc0 (mac64[arm] - Darwin 24.6.0 24G222)

CPU model: Apple M3
Thread count: 8 physical cores, 8 logical processors, using up to 8 threads

Non-default parameters:
LogToConsole  0

Optimize a model with 75 rows, 1325 columns and 2575 nonzeros
Model fingerprint: 0x2dfaf614
Variable types: 1300 continuous, 25 integer (25 binary)
Coefficient statistics:
  Matrix range     [1e+00, 2e+04]
  Objective range  [8e-03, 8e+03]
  Bounds range     [0e+00, 0e+00]
  RHS range        [7e+02, 2e+04]
Found heuristic solution: objective 4588000.0000
Presolve removed 0 rows and 1 columns
Presolve time: 0.00s
Presolved: 75 rows, 1324 columns, 2574 nonzeros
Variable types: 1300 continuous, 24 integer (24 binary)

Root relaxation: objective 9.036545e+04, 146 iterations, 0.00 seconds (0.00 work units)

    Nodes    |    Current Node    |     Objective Bounds      |     Work
 Expl Unexpl |  Obj  Depth IntInf | Incumbent    BestBd   Gap | It/Node Time

     0     0 90365.4496    0   22 4588000.00 90365.4496  98.0%     -    0s
H    0     0                    224485.44959 90365.4496  59.7%     -    0s
H    0     0                    202394.37709 90365.4496  55.4%     -    0s
H    0     0                    198188.67355 90365.4496  54.4%     -    0s
H    0     0                    150308.03289 90365.4496  39.9%     -    0s
     0     0 94887.2977    0   10 150308.033 94887.2977  36.9%     -    0s
H    0     0                    144724.05285 95020.5531  34.3%     -    0s
H    0     0                    115815.83021 95020.5531  18.0%     -    0s
H    0     0                    115615.65677 95020.5531  17.8%     -    0s
     0     0 95020.5531    0   10 115615.657 95020.5531  17.8%     -    0s
H    0     0                    109838.78971 95020.5531  13.5%     -    0s
     0     0 95323.8374    0    6 109838.790 95323.8374  13.2%     -    0s
H    0     0                    109639.47728 95323.8374  13.1%     -    0s
H    0     0                    102544.44524 95323.8374  7.04%     -    0s
H    0     0                    102472.97177 95323.8374  6.98%     -    0s
H    0     0                    102389.78661 95448.8676  6.78%     -    0s
     0     0 95448.8676    0    7 102389.787 95448.8676  6.78%     -    0s
     0     0 95466.6337    0    6 102389.787 95466.6337  6.76%     -    0s
     0     0 95472.4920    0    6 102389.787 95472.4920  6.76%     -    0s
H    0     0                    102328.99455 95472.4920  6.70%     -    0s
H    0     0                    102248.38753 95597.0174  6.51%     -    0s
H    0     0                    102152.02000 95597.0174  6.42%     -    0s
     0     0 95597.0174    0    4 102152.020 95597.0174  6.42%     -    0s
     0     0 95606.1602    0    4 102152.020 95606.1602  6.41%     -    0s
     0     0 95643.7840    0    1 102152.020 95643.7840  6.37%     -    0s
     0     0 95644.7416    0    2 102152.020 95644.7416  6.37%     -    0s
     0     0 95644.7416    0    2 102152.020 95644.7416  6.37%     -    0s
H    0     0                    101741.01504 95644.7416  5.99%     -    0s
H    0     0                    101722.98176 95644.7866  5.98%     -    0s
     0     2 95644.7866    0    2 101722.982 95644.7866  5.98%     -    0s
*  289   218              14    101712.84912 95795.6584  5.82%  19.9    0s
*  379   227              10    101499.97917 95801.8511  5.61%  21.5    0s
H 1027   367                    101402.72723 96349.5977  4.98%  21.6    0s
* 1044   367              10    101223.29030 96459.7187  4.71%  21.8    0s

Cutting planes:
  Implied bound: 98
  MIR: 6
  Flow cover: 8
  Inf proof: 18
  Relax-and-lift: 10

Explored 2877 nodes (62828 simplex iterations) in 0.23 seconds (0.54 work units)
Thread count was 8 (of 8 available processors)

Solution count 10: 101223 101403 101500 ... 109839

Optimal solution found (tolerance 1.00e-04)
Best objective 1.012232902958e+05, best bound 1.012232902958e+05, gap 0.0000%

User-callback calls 6093, time in user-callback 0.00 sec

Gurobi 12.0.3 (mac64[arm]) logging started Tue Sep 23 13:52:18 2025

Set parameter LogFile to value "Logs/Facility Location Logs/L30/phase1/scenario_generation.log"
Set parameter LogToConsole to value 0

Gurobi 12.0.3 (mac64[arm]) logging started Tue Sep 23 13:52:18 2025

Set parameter LogFile to value "Logs/Facility Location Logs/L30/phase1/scenario_generation.log"
Gurobi Optimizer version 12.0.3 build v12.0.3rc0 (mac64[arm] - Darwin 24.6.0 24G222)

CPU model: Apple M3
Thread count: 8 physical cores, 8 logical processors, using up to 8 threads

Non-default parameters:
LogToConsole  0

Optimize a model with 75 rows, 1325 columns and 2575 nonzeros
Model fingerprint: 0xc52d609e
Variable types: 1300 continuous, 25 integer (25 binary)
Coefficient statistics:
  Matrix range     [1e+00, 2e+04]
  Objective range  [8e-03, 8e+03]
  Bounds range     [0e+00, 0e+00]
  RHS range        [1e+03, 2e+04]
Found heuristic solution: objective 5937550.0000
Presolve removed 0 rows and 1 columns
Presolve time: 0.00s
Presolved: 75 rows, 1324 columns, 2574 nonzeros
Variable types: 1300 continuous, 24 integer (24 binary)

Root relaxation: objective 1.128812e+05, 116 iterations, 0.00 seconds (0.00 work units)

    Nodes    |    Current Node    |     Objective Bounds      |     Work
 Expl Unexpl |  Obj  Depth IntInf | Incumbent    BestBd   Gap | It/Node Time

     0     0 112881.207    0   23 5937550.00 112881.207  98.1%     -    0s
H    0     0                    241005.70655 112881.207  53.2%     -    0s
H    0     0                    211726.44827 112881.207  46.7%     -    0s
H    0     0                    201353.61216 112881.207  43.9%     -    0s
H    0     0                    165895.63691 112965.958  31.9%     -    0s
H    0     0                    162781.13187 117569.093  27.8%     -    0s
H    0     0                    127984.94026 117569.093  8.14%     -    0s
     0     0 117569.093    0   10 127984.940 117569.093  8.14%     -    0s
H    0     0                    121754.53049 117650.569  3.37%     -    0s
H    0     0                    121246.10775 117650.569  2.97%     -    0s
     0     0 117650.569    0   10 121246.108 117650.569  2.97%     -    0s
H    0     0                    121057.49932 117650.569  2.81%     -    0s
H    0     0                    120933.79702 118064.061  2.37%     -    0s
     0     0 118064.061    0    8 120933.797 118064.061  2.37%     -    0s
H    0     0                    119658.79473 118129.997  1.28%     -    0s
     0     0 118129.997    0    8 119658.795 118129.997  1.28%     -    0s
H    0     0                    119523.24053 118129.997  1.17%     -    0s
     0     0 118332.295    0   10 119523.241 118332.295  1.00%     -    0s
     0     0 118344.975    0   11 119523.241 118344.975  0.99%     -    0s
H    0     0                    119363.51134 118344.975  0.85%     -    0s
     0     0 118453.521    0    8 119363.511 118453.521  0.76%     -    0s
H    0     0                    119319.81355 118456.458  0.72%     -    0s
     0     0 118456.458    0    6 119319.814 118456.458  0.72%     -    0s
     0     0 118506.345    0    9 119319.814 118506.345  0.68%     -    0s
     0     0 118514.828    0    8 119319.814 118514.828  0.67%     -    0s
     0     0 118520.418    0    7 119319.814 118520.418  0.67%     -    0s
     0     0 118547.605    0    8 119319.814 118547.605  0.65%     -    0s
     0     0 118577.353    0    7 119319.814 118577.353  0.62%     -    0s
     0     0 118585.232    0    9 119319.814 118585.232  0.62%     -    0s
     0     0 118590.517    0    8 119319.814 118590.517  0.61%     -    0s
     0     0 118591.577    0    9 119319.814 118591.577  0.61%     -    0s
     0     0 118597.164    0    5 119319.814 118597.164  0.61%     -    0s
     0     0 118597.902    0    6 119319.814 118597.902  0.61%     -    0s
     0     0 118603.664    0    8 119319.814 118603.664  0.60%     -    0s
     0     0 118603.664    0    8 119319.814 118603.664  0.60%     -    0s
     0     2 118603.664    0    8 119319.814 118603.664  0.60%     -    0s
*   30    33               8    119318.11485 118695.358  0.52%  32.9    0s
*  329    69              10    119300.62379 118821.536  0.40%  23.6    0s

Cutting planes:
  Implied bound: 122
  MIR: 21
  Flow cover: 8
  Relax-and-lift: 2

Explored 537 nodes (13811 simplex iterations) in 0.11 seconds (0.22 work units)
Thread count was 8 (of 8 available processors)

Solution count 10: 119301 119318 119320 ... 162781

Optimal solution found (tolerance 1.00e-04)
Best objective 1.193006237903e+05, best bound 1.193006237903e+05, gap 0.0000%

User-callback calls 1408, time in user-callback 0.00 sec

Gurobi 12.0.3 (mac64[arm]) logging started Tue Sep 23 13:52:18 2025

Set parameter LogFile to value "Logs/Facility Location Logs/L30/phase1/scenario_generation.log"
Set parameter LogToConsole to value 0

Gurobi 12.0.3 (mac64[arm]) logging started Tue Sep 23 13:52:18 2025

Set parameter LogFile to value "Logs/Facility Location Logs/L30/phase1/scenario_generation.log"
Gurobi Optimizer version 12.0.3 build v12.0.3rc0 (mac64[arm] - Darwin 24.6.0 24G222)

CPU model: Apple M3
Thread count: 8 physical cores, 8 logical processors, using up to 8 threads

Non-default parameters:
LogToConsole  0

Optimize a model with 75 rows, 1325 columns and 2575 nonzeros
Model fingerprint: 0xb4cbf1b5
Variable types: 1300 continuous, 25 integer (25 binary)
Coefficient statistics:
  Matrix range     [1e+00, 2e+04]
  Objective range  [8e-03, 8e+03]
  Bounds range     [0e+00, 0e+00]
  RHS range        [1e+03, 1e+04]
Found heuristic solution: objective 5976000.0000
Presolve removed 0 rows and 1 columns
Presolve time: 0.00s
Presolved: 75 rows, 1324 columns, 2574 nonzeros
Variable types: 1300 continuous, 24 integer (24 binary)

Root relaxation: objective 1.097180e+05, 130 iterations, 0.00 seconds (0.00 work units)

    Nodes    |    Current Node    |     Objective Bounds      |     Work
 Expl Unexpl |  Obj  Depth IntInf | Incumbent    BestBd   Gap | It/Node Time

     0     0 109718.036    0   24 5976000.00 109718.036  98.2%     -    0s
H    0     0                    237458.03641 109718.036  53.8%     -    0s
H    0     0                    215384.23561 109718.036  49.1%     -    0s
H    0     0                    206943.66676 109718.036  47.0%     -    0s
H    0     0                    192758.66252 109718.036  43.1%     -    0s
H    0     0                    189240.45205 109718.036  42.0%     -    0s
H    0     0                    157620.40194 109718.036  30.4%     -    0s
H    0     0                    123508.79551 114251.028  7.50%     -    0s
H    0     0                    116711.71126 114251.028  2.11%     -    0s
     0     0 114251.028    0   11 116711.711 114251.028  2.11%     -    0s
     0     0 114335.767    0   11 116711.711 114335.767  2.04%     -    0s
H    0     0                    116082.42732 114335.767  1.50%     -    0s
H    0     0                    116067.81123 114335.767  1.49%     -    0s
     0     0 114712.144    0   11 116067.811 114712.144  1.17%     -    0s
H    0     0                    115617.45260 114746.762  0.75%     -    0s
H    0     0                    115525.53281 114746.762  0.67%     -    0s
     0     0 114746.762    0   10 115525.533 114746.762  0.67%     -    0s
H    0     0                    115523.33276 114746.762  0.67%     -    0s
H    0     0                    115418.14008 114904.436  0.45%     -    0s
H    0     0                    115414.17383 114904.436  0.44%     -    0s
     0     0 114904.436    0   11 115414.174 114904.436  0.44%     -    0s
     0     0 114908.460    0    9 115414.174 114908.460  0.44%     -    0s
     0     0 114993.259    0    7 115414.174 114993.259  0.36%     -    0s
     0     0 114996.110    0    7 115414.174 114996.110  0.36%     -    0s
     0     0 115028.236    0    4 115414.174 115028.236  0.33%     -    0s
     0     0 115032.074    0    5 115414.174 115032.074  0.33%     -    0s
     0     0 115032.074    0    5 115414.174 115032.074  0.33%     -    0s
     0     2 115032.074    0    5 115414.174 115032.074  0.33%     -    0s

Cutting planes:
  Implied bound: 88
  MIR: 6
  Relax-and-lift: 4

Explored 136 nodes (2997 simplex iterations) in 0.05 seconds (0.08 work units)
Thread count was 8 (of 8 available processors)

Solution count 10: 115414 115523 115617 ... 206944

Optimal solution found (tolerance 1.00e-04)
Best objective 1.154141738332e+05, best bound 1.154141738332e+05, gap 0.0000%

User-callback calls 546, time in user-callback 0.00 sec

Gurobi 12.0.3 (mac64[arm]) logging started Tue Sep 23 13:52:18 2025

Set parameter LogFile to value "Logs/Facility Location Logs/L30/phase1/scenario_generation.log"
Set parameter LogToConsole to value 0

Gurobi 12.0.3 (mac64[arm]) logging started Tue Sep 23 13:52:18 2025

Set parameter LogFile to value "Logs/Facility Location Logs/L30/phase1/scenario_generation.log"
Gurobi Optimizer version 12.0.3 build v12.0.3rc0 (mac64[arm] - Darwin 24.6.0 24G222)

CPU model: Apple M3
Thread count: 8 physical cores, 8 logical processors, using up to 8 threads

Non-default parameters:
LogToConsole  0

Optimize a model with 75 rows, 1325 columns and 2575 nonzeros
Model fingerprint: 0x1a68f8f3
Variable types: 1300 continuous, 25 integer (25 binary)
Coefficient statistics:
  Matrix range     [1e+00, 2e+04]
  Objective range  [8e-03, 8e+03]
  Bounds range     [0e+00, 0e+00]
  RHS range        [1e+03, 1e+04]
Found heuristic solution: objective 6273850.0000
Presolve removed 0 rows and 1 columns
Presolve time: 0.00s
Presolved: 75 rows, 1324 columns, 2574 nonzeros
Variable types: 1300 continuous, 24 integer (24 binary)

Root relaxation: objective 1.048731e+05, 125 iterations, 0.00 seconds (0.00 work units)

    Nodes    |    Current Node    |     Objective Bounds      |     Work
 Expl Unexpl |  Obj  Depth IntInf | Incumbent    BestBd   Gap | It/Node Time

     0     0 104873.060    0   24 6273850.00 104873.060  98.3%     -    0s
H    0     0                    229634.56037 104873.060  54.3%     -    0s
H    0     0                    215098.13066 104873.060  51.2%     -    0s
H    0     0                    194725.56934 104873.060  46.1%     -    0s
H    0     0                    193128.28963 104873.060  45.7%     -    0s
H    0     0                    188016.75805 104873.060  44.2%     -    0s
H    0     0                    185435.49313 109715.214  40.8%     -    0s
H    0     0                    149764.59501 109715.214  26.7%     -    0s
     0     0 109715.214    0    9 149764.595 109715.214  26.7%     -    0s
H    0     0                    115627.26686 109831.595  5.01%     -    0s
H    0     0                    115609.33377 109831.595  5.00%     -    0s
H    0     0                    115330.16465 109831.595  4.77%     -    0s
     0     0 109831.595    0    9 115330.165 109831.595  4.77%     -    0s
     0     0 110281.785    0    8 115330.165 110281.785  4.38%     -    0s
     0     0 110309.979    0    9 115330.165 110309.979  4.35%     -    0s
     0     0 110426.465    0   10 115330.165 110426.465  4.25%     -    0s
     0     0 110446.173    0   10 115330.165 110446.173  4.23%     -    0s
     0     0 110537.036    0    7 115330.165 110537.036  4.16%     -    0s
     0     0 110541.401    0    7 115330.165 110541.401  4.15%     -    0s
     0     0 110541.458    0    7 115330.165 110541.458  4.15%     -    0s
     0     0 110555.066    0    4 115330.165 110555.066  4.14%     -    0s
H    0     0                    114558.23126 110555.066  3.49%     -    0s
     0     0 110556.888    0    5 114558.231 110556.888  3.49%     -    0s
     0     0 110563.820    0    5 114558.231 110563.820  3.49%     -    0s
     0     0 110563.820    0    5 114558.231 110563.820  3.49%     -    0s
     0     2 110563.834    0    5 114558.231 110563.834  3.49%     -    0s
* 2917   984               9    114501.48205 111209.264  2.88%  25.0    0s
* 4150  1060               9    114451.26716 111419.039  2.65%  25.7    0s

Cutting planes:
  Implied bound: 162
  MIR: 12
  Flow cover: 4
  Inf proof: 17
  Relax-and-lift: 6

Explored 7767 nodes (202623 simplex iterations) in 0.62 seconds (1.60 work units)
Thread count was 8 (of 8 available processors)

Solution count 10: 114451 114501 114558 ... 194726

Optimal solution found (tolerance 1.00e-04)
Best objective 1.144512671580e+05, best bound 1.144512671580e+05, gap 0.0000%

User-callback calls 15961, time in user-callback 0.00 sec

Gurobi 12.0.3 (mac64[arm]) logging started Tue Sep 23 13:52:19 2025

Set parameter LogFile to value "Logs/Facility Location Logs/L30/phase1/scenario_generation.log"
Set parameter LogToConsole to value 0

Gurobi 12.0.3 (mac64[arm]) logging started Tue Sep 23 13:52:19 2025

Set parameter LogFile to value "Logs/Facility Location Logs/L30/phase1/scenario_generation.log"
Gurobi Optimizer version 12.0.3 build v12.0.3rc0 (mac64[arm] - Darwin 24.6.0 24G222)

CPU model: Apple M3
Thread count: 8 physical cores, 8 logical processors, using up to 8 threads

Non-default parameters:
LogToConsole  0

Optimize a model with 75 rows, 1325 columns and 2575 nonzeros
Model fingerprint: 0x8180e39e
Variable types: 1300 continuous, 25 integer (25 binary)
Coefficient statistics:
  Matrix range     [1e+00, 2e+04]
  Objective range  [8e-03, 8e+03]
  Bounds range     [0e+00, 0e+00]
  RHS range        [1e+03, 1e+04]
Found heuristic solution: objective 5158450.0000
Presolve removed 0 rows and 1 columns
Presolve time: 0.00s
Presolved: 75 rows, 1324 columns, 2574 nonzeros
Variable types: 1300 continuous, 24 integer (24 binary)

Root relaxation: objective 9.186285e+04, 136 iterations, 0.00 seconds (0.00 work units)

    Nodes    |    Current Node    |     Objective Bounds      |     Work
 Expl Unexpl |  Obj  Depth IntInf | Incumbent    BestBd   Gap | It/Node Time

     0     0 91862.8510    0   24 5158450.00 91862.8510  98.2%     -    0s
H    0     0                    227778.35103 91862.8510  59.7%     -    0s
H    0     0                    191156.63690 91862.8510  51.9%     -    0s
H    0     0                    155480.32829 91862.8510  40.9%     -    0s
H    0     0                    149347.09965 91862.8510  38.5%     -    0s
H    0     0                    143754.04204 91862.8510  36.1%     -    0s
H    0     0                    112651.39396 91862.8510  18.5%     -    0s
H    0     0                    99185.876438 91862.8510  7.38%     -    0s
     0     0 96642.5816    0   11 99185.8764 96642.5816  2.56%     -    0s
     0     0 96743.3057    0   11 99185.8764 96743.3057  2.46%     -    0s
     0     0 97103.2523    0    7 99185.8764 97103.2523  2.10%     -    0s
H    0     0                    98598.360154 97139.8362  1.48%     -    0s
     0     0 97139.8362    0    8 98598.3602 97139.8362  1.48%     -    0s
     0     0 97140.5678    0    8 98598.3602 97140.5678  1.48%     -    0s
H    0     0                    98424.789555 97140.5678  1.30%     -    0s
     0     0 97394.4128    0    9 98424.7896 97394.4128  1.05%     -    0s
     0     0 97418.5486    0    9 98424.7896 97418.5486  1.02%     -    0s
     0     0 97553.2342    0    8 98424.7896 97553.2342  0.89%     -    0s
     0     0 97561.4535    0    6 98424.7896 97561.4535  0.88%     -    0s
     0     0 97563.3187    0    6 98424.7896 97563.3187  0.88%     -    0s
     0     0 97613.0941    0    4 98424.7896 97613.0941  0.82%     -    0s
     0     0 97616.8048    0    4 98424.7896 97616.8048  0.82%     -    0s
     0     0 97625.5778    0   10 98424.7896 97625.5778  0.81%     -    0s
     0     0 97626.2229    0   10 98424.7896 97626.2229  0.81%     -    0s
     0     2 97626.2244    0   10 98424.7896 97626.2244  0.81%     -    0s

Cutting planes:
  Implied bound: 93
  MIR: 6
  Flow cover: 8
  Relax-and-lift: 11

Explored 464 nodes (10400 simplex iterations) in 0.09 seconds (0.17 work units)
Thread count was 8 (of 8 available processors)

Solution count 9: 98424.8 99185.9 112651 ... 5.15845e+06

Optimal solution found (tolerance 1.00e-04)
Best objective 9.842478955463e+04, best bound 9.842478955463e+04, gap 0.0000%

User-callback calls 1216, time in user-callback 0.00 sec

Gurobi 12.0.3 (mac64[arm]) logging started Tue Sep 23 13:52:19 2025

Set parameter LogFile to value "Logs/Facility Location Logs/L30/phase1/scenario_generation.log"
Set parameter LogToConsole to value 0

Gurobi 12.0.3 (mac64[arm]) logging started Tue Sep 23 13:52:19 2025

Set parameter LogFile to value "Logs/Facility Location Logs/L30/phase1/scenario_generation.log"
Gurobi Optimizer version 12.0.3 build v12.0.3rc0 (mac64[arm] - Darwin 24.6.0 24G222)

CPU model: Apple M3
Thread count: 8 physical cores, 8 logical processors, using up to 8 threads

Non-default parameters:
LogToConsole  0

Optimize a model with 75 rows, 1325 columns and 2575 nonzeros
Model fingerprint: 0xbb6a27c4
Variable types: 1300 continuous, 25 integer (25 binary)
Coefficient statistics:
  Matrix range     [1e+00, 2e+04]
  Objective range  [8e-03, 8e+03]
  Bounds range     [0e+00, 0e+00]
  RHS range        [1e+03, 2e+04]
Found heuristic solution: objective 5971100.0000
Presolve removed 0 rows and 1 columns
Presolve time: 0.00s
Presolved: 75 rows, 1324 columns, 2574 nonzeros
Variable types: 1300 continuous, 24 integer (24 binary)

Root relaxation: objective 1.097907e+05, 127 iterations, 0.00 seconds (0.00 work units)

    Nodes    |    Current Node    |     Objective Bounds      |     Work
 Expl Unexpl |  Obj  Depth IntInf | Incumbent    BestBd   Gap | It/Node Time

     0     0 109790.709    0   23 5971100.00 109790.709  98.2%     -    0s
H    0     0                    237579.70936 109790.709  53.8%     -    0s
H    0     0                    222871.17070 109790.709  50.7%     -    0s
H    0     0                    201901.60702 109790.709  45.6%     -    0s
H    0     0                    201887.30004 109790.709  45.6%     -    0s
H    0     0                    201596.54345 109790.709  45.5%     -    0s
H    0     0                    186162.91284 109790.709  41.0%     -    0s
H    0     0                    151367.97602 109790.709  27.5%     -    0s
H    0     0                    116750.75033 114613.726  1.83%     -    0s
H    0     0                    116584.04540 114613.726  1.69%     -    0s
     0     0 114613.726    0   12 116584.045 114613.726  1.69%     -    0s
     0     0 114820.011    0   12 116584.045 114820.011  1.51%     -    0s
     0     0 114820.011    0   12 116584.045 114820.011  1.51%     -    0s
     0     0 115300.563    0    9 116584.045 115300.563  1.10%     -    0s
H    0     0                    116420.57681 115325.288  0.94%     -    0s
     0     0 115325.288    0    9 116420.577 115325.288  0.94%     -    0s
H    0     0                    116378.79451 115325.288  0.91%     -    0s
     0     0 115475.816    0   10 116378.795 115475.816  0.78%     -    0s
H    0     0                    116230.01990 115499.716  0.63%     -    0s
     0     0 115499.716    0   10 116230.020 115499.716  0.63%     -    0s
     0     0 115499.716    0   10 116230.020 115499.716  0.63%     -    0s
     0     0 115587.694    0    9 116230.020 115587.694  0.55%     -    0s
     0     0 115597.880    0    8 116230.020 115597.880  0.54%     -    0s
H    0     0                    116213.93812 115598.686  0.53%     -    0s
     0     0 115598.686    0    9 116213.938 115598.686  0.53%     -    0s
     0     0 115608.574    0    4 116213.938 115608.574  0.52%     -    0s
     0     0 115631.550    0    4 116213.938 115631.550  0.50%     -    0s
     0     0 115631.551    0    4 116213.938 115631.551  0.50%     -    0s
H    0     0                    116203.39241 115631.551  0.49%     -    0s
     0     0 115637.395    0    5 116203.392 115637.395  0.49%     -    0s
     0     0 115637.395    0    5 116203.392 115637.395  0.49%     -    0s
H    0     0                    116167.83321 115637.395  0.46%     -    0s
     0     2 115637.395    0    5 116167.833 115637.395  0.46%     -    0s
H   76    36                    116110.23810 115842.821  0.23%  20.1    0s

Cutting planes:
  Implied bound: 95
  MIR: 10
  Flow cover: 1
  Relax-and-lift: 7

Explored 225 nodes (4570 simplex iterations) in 0.06 seconds (0.10 work units)
Thread count was 8 (of 8 available processors)

Solution count 10: 116110 116168 116203 ... 201597

Optimal solution found (tolerance 1.00e-04)
Best objective 1.161102381026e+05, best bound 1.161102381026e+05, gap 0.0000%

User-callback calls 749, time in user-callback 0.00 sec

Gurobi 12.0.3 (mac64[arm]) logging started Tue Sep 23 13:52:19 2025

Set parameter LogFile to value "Logs/Facility Location Logs/L30/phase1/scenario_generation.log"
Set parameter LogToConsole to value 0

Gurobi 12.0.3 (mac64[arm]) logging started Tue Sep 23 13:52:19 2025

Set parameter LogFile to value "Logs/Facility Location Logs/L30/phase1/scenario_generation.log"
Gurobi Optimizer version 12.0.3 build v12.0.3rc0 (mac64[arm] - Darwin 24.6.0 24G222)

CPU model: Apple M3
Thread count: 8 physical cores, 8 logical processors, using up to 8 threads

Non-default parameters:
LogToConsole  0

Optimize a model with 75 rows, 1325 columns and 2575 nonzeros
Model fingerprint: 0x31460c6a
Variable types: 1300 continuous, 25 integer (25 binary)
Coefficient statistics:
  Matrix range     [1e+00, 2e+04]
  Objective range  [8e-03, 8e+03]
  Bounds range     [0e+00, 0e+00]
  RHS range        [7e+02, 2e+04]
Found heuristic solution: objective 4915000.0000
Presolve removed 0 rows and 1 columns
Presolve time: 0.00s
Presolved: 75 rows, 1324 columns, 2574 nonzeros
Variable types: 1300 continuous, 24 integer (24 binary)

Root relaxation: objective 1.004631e+05, 156 iterations, 0.00 seconds (0.00 work units)

    Nodes    |    Current Node    |     Objective Bounds      |     Work
 Expl Unexpl |  Obj  Depth IntInf | Incumbent    BestBd   Gap | It/Node Time

     0     0 100463.116    0   22 4915000.00 100463.116  98.0%     -    0s
H    0     0                    231313.11620 100463.116  56.6%     -    0s
H    0     0                    223849.81107 100463.116  55.1%     -    0s
H    0     0                    216485.52931 100463.116  53.6%     -    0s
H    0     0                    178302.41804 100463.116  43.7%     -    0s
     0     0 104604.306    0   10 178302.418 104604.306  41.3%     -    0s
H    0     0                    167954.30580 104699.448  37.7%     -    0s
H    0     0                    158160.19677 104699.448  33.8%     -    0s
H    0     0                    122762.46451 104699.448  14.7%     -    0s
H    0     0                    119374.12414 104699.448  12.3%     -    0s
H    0     0                    113839.99899 104699.448  8.03%     -    0s
     0     0 104699.448    0   10 113839.999 104699.448  8.03%     -    0s
     0     0 104981.736    0    7 113839.999 104981.736  7.78%     -    0s
     0     0 105050.214    0    7 113839.999 105050.214  7.72%     -    0s
H    0     0                    109135.78128 105050.214  3.74%     -    0s
H    0     0                    108778.60446 105250.578  3.24%     -    0s
     0     0 105250.578    0   10 108778.604 105250.578  3.24%     -    0s
     0     0 105269.711    0   10 108778.604 105269.711  3.23%     -    0s
     0     0 105269.711    0   10 108778.604 105269.711  3.23%     -    0s
H    0     0                    108452.34873 105269.711  2.93%     -    0s
     0     0 105411.675    0    2 108452.349 105411.675  2.80%     -    0s
     0     0 105465.985    0    1 108452.349 105465.985  2.75%     -    0s
H    0     0                    108449.58940 105465.985  2.75%     -    0s
     0     0 105473.508    0    5 108449.589 105473.508  2.74%     -    0s
     0     0 105473.508    0    5 108449.589 105473.508  2.74%     -    0s
     0     2 105473.508    0    5 108449.589 105473.508  2.74%     -    0s
H  182   160                    108427.93142 105560.117  2.64%  17.4    0s

Cutting planes:
  Implied bound: 98
  MIR: 4
  Flow cover: 3
  Inf proof: 1
  Relax-and-lift: 4

Explored 1353 nodes (28641 simplex iterations) in 0.14 seconds (0.29 work units)
Thread count was 8 (of 8 available processors)

Solution count 10: 108428 108450 108452 ... 178302

Optimal solution found (tolerance 1.00e-04)
Best objective 1.084279314191e+05, best bound 1.084279314191e+05, gap 0.0000%

User-callback calls 3004, time in user-callback 0.00 sec

Gurobi 12.0.3 (mac64[arm]) logging started Tue Sep 23 13:52:19 2025

Set parameter LogFile to value "Logs/Facility Location Logs/L30/phase1/scenario_generation.log"
Set parameter LogToConsole to value 0

Gurobi 12.0.3 (mac64[arm]) logging started Tue Sep 23 13:52:19 2025

Set parameter LogFile to value "Logs/Facility Location Logs/L30/phase1/scenario_generation.log"
Gurobi Optimizer version 12.0.3 build v12.0.3rc0 (mac64[arm] - Darwin 24.6.0 24G222)

CPU model: Apple M3
Thread count: 8 physical cores, 8 logical processors, using up to 8 threads

Non-default parameters:
LogToConsole  0

Optimize a model with 75 rows, 1325 columns and 2575 nonzeros
Model fingerprint: 0x34075dfd
Variable types: 1300 continuous, 25 integer (25 binary)
Coefficient statistics:
  Matrix range     [1e+00, 2e+04]
  Objective range  [8e-03, 8e+03]
  Bounds range     [0e+00, 0e+00]
  RHS range        [1e+03, 2e+04]
Found heuristic solution: objective 5882800.0000
Presolve removed 0 rows and 1 columns
Presolve time: 0.00s
Presolved: 75 rows, 1324 columns, 2574 nonzeros
Variable types: 1300 continuous, 24 integer (24 binary)

Root relaxation: objective 1.240859e+05, 150 iterations, 0.00 seconds (0.00 work units)

    Nodes    |    Current Node    |     Objective Bounds      |     Work
 Expl Unexpl |  Obj  Depth IntInf | Incumbent    BestBd   Gap | It/Node Time

     0     0 124085.860    0   23 5882800.00 124085.860  97.9%     -    0s
H    0     0                    252757.85994 124085.860  50.9%     -    0s
H    0     0                    209093.10072 124085.860  40.7%     -    0s
H    0     0                    209058.93569 124085.860  40.6%     -    0s
H    0     0                    187755.85890 124308.348  33.8%     -    0s
H    0     0                    171892.50053 128556.624  25.2%     -    0s
H    0     0                    145759.35907 128556.624  11.8%     -    0s
     0     0 128556.624    0   11 145759.359 128556.624  11.8%     -    0s
H    0     0                    140318.65885 128596.748  8.35%     -    0s
H    0     0                    139468.04004 128596.748  7.79%     -    0s
     0     0 128596.748    0   11 139468.040 128596.748  7.79%     -    0s
H    0     0                    137594.35197 128596.748  6.54%     -    0s
H    0     0                    131622.89595 128596.748  2.30%     -    0s
H    0     0                    131047.48372 128596.748  1.87%     -    0s
     0     0 129161.586    0   11 131047.484 129161.586  1.44%     -    0s
     0     0 129233.222    0   12 131047.484 129233.222  1.38%     -    0s
H    0     0                    130942.76153 129382.156  1.19%     -    0s
     0     0 129382.156    0   10 130942.762 129382.156  1.19%     -    0s
H    0     0                    130805.93347 129406.617  1.07%     -    0s
     0     0 129406.617    0   10 130805.933 129406.617  1.07%     -    0s
     0     0 129406.617    0   10 130805.933 129406.617  1.07%     -    0s
     0     0 129509.895    0    9 130805.933 129509.895  0.99%     -    0s
H    0     0                    130766.49814 129510.174  0.96%     -    0s
     0     0 129512.110    0    8 130766.498 129512.110  0.96%     -    0s
     0     0 129537.252    0    7 130766.498 129537.252  0.94%     -    0s
     0     0 129543.478    0    7 130766.498 129543.478  0.94%     -    0s
     0     0 129562.675    0    8 130766.498 129562.675  0.92%     -    0s
     0     0 129565.971    0    8 130766.498 129565.971  0.92%     -    0s
     0     2 129566.086    0    8 130766.498 129566.086  0.92%     -    0s
*  739    89               4    130763.14043 130200.874  0.43%  22.7    0s

Cutting planes:
  Implied bound: 116
  MIR: 15
  Flow cover: 1
  Relax-and-lift: 4

Explored 911 nodes (21328 simplex iterations) in 0.12 seconds (0.26 work units)
Thread count was 8 (of 8 available processors)

Solution count 10: 130763 130766 130806 ... 209059

Optimal solution found (tolerance 1.00e-04)
Best objective 1.307631404327e+05, best bound 1.307631404327e+05, gap 0.0000%

User-callback calls 2134, time in user-callback 0.00 sec

Gurobi 12.0.3 (mac64[arm]) logging started Tue Sep 23 13:52:19 2025

Set parameter LogFile to value "Logs/Facility Location Logs/L30/phase1/scenario_generation.log"
Set parameter LogToConsole to value 0

Gurobi 12.0.3 (mac64[arm]) logging started Tue Sep 23 13:52:19 2025

Set parameter LogFile to value "Logs/Facility Location Logs/L30/phase1/scenario_generation.log"
Gurobi Optimizer version 12.0.3 build v12.0.3rc0 (mac64[arm] - Darwin 24.6.0 24G222)

CPU model: Apple M3
Thread count: 8 physical cores, 8 logical processors, using up to 8 threads

Non-default parameters:
LogToConsole  0

Optimize a model with 75 rows, 1325 columns and 2575 nonzeros
Model fingerprint: 0x899a6ddb
Variable types: 1300 continuous, 25 integer (25 binary)
Coefficient statistics:
  Matrix range     [1e+00, 2e+04]
  Objective range  [8e-03, 8e+03]
  Bounds range     [0e+00, 0e+00]
  RHS range        [1e+03, 1e+04]
Found heuristic solution: objective 6285650.0000
Presolve removed 0 rows and 1 columns
Presolve time: 0.00s
Presolved: 75 rows, 1324 columns, 2574 nonzeros
Variable types: 1300 continuous, 24 integer (24 binary)

Root relaxation: objective 1.079208e+05, 142 iterations, 0.00 seconds (0.00 work units)

    Nodes    |    Current Node    |     Objective Bounds      |     Work
 Expl Unexpl |  Obj  Depth IntInf | Incumbent    BestBd   Gap | It/Node Time

     0     0 107920.808    0   24 6285650.00 107920.808  98.3%     -    0s
H    0     0                    232564.30824 107920.808  53.6%     -    0s
H    0     0                    211075.53982 107920.808  48.9%     -    0s
H    0     0                    182287.76071 107920.808  40.8%     -    0s
H    0     0                    151914.76231 112473.352  26.0%     -    0s
H    0     0                    118226.83564 112473.352  4.87%     -    0s
     0     0 112473.352    0   11 118226.836 112473.352  4.87%     -    0s
H    0     0                    118207.12583 112495.967  4.83%     -    0s
     0     0 112495.967    0   10 118207.126 112495.967  4.83%     -    0s
     0     0 112982.908    0    8 118207.126 112982.908  4.42%     -    0s
     0     0 113040.110    0    7 118207.126 113040.110  4.37%     -    0s
H    0     0                    118067.54954 113215.464  4.11%     -    0s
     0     0 113215.464    0   11 118067.550 113215.464  4.11%     -    0s
     0     0 113217.165    0   12 118067.550 113217.165  4.11%     -    0s
H    0     0                    117854.19838 113217.165  3.93%     -    0s
     0     0 113315.764    0    9 117854.198 113315.764  3.85%     -    0s
H    0     0                    117593.89937 113315.830  3.64%     -    0s
     0     0 113316.269    0    7 117593.899 113316.269  3.64%     -    0s
     0     0 113326.087    0    2 117593.899 113326.087  3.63%     -    0s
     0     0 113329.255    0    2 117593.899 113329.255  3.63%     -    0s
     0     0 113343.954    0    4 117593.899 113343.954  3.61%     -    0s
     0     0 113343.954    0    4 117593.899 113343.954  3.61%     -    0s
H    0     0                    117403.07273 113343.973  3.46%     -    0s
H    0     2                    117345.67962 113343.973  3.41%     -    0s
     0     2 113343.973    0    4 117345.680 113343.973  3.41%     -    0s
H   26    64                    117317.62916 113372.718  3.36%  24.6    0s
H   56    64                    117314.54850 113372.718  3.36%  18.0    0s
H  277   246                    117270.47927 113372.718  3.32%  22.0    0s
H  283   246                    117268.70494 113372.718  3.32%  22.1    0s
H  308   246                    117256.06298 113372.718  3.31%  23.3    0s
H 1307   523                    117209.93235 113768.471  2.94%  25.4    0s

Cutting planes:
  Implied bound: 141
  MIR: 13
  Flow cover: 6
  Inf proof: 14
  Relax-and-lift: 7

Explored 5462 nodes (129894 simplex iterations) in 0.46 seconds (1.11 work units)
Thread count was 8 (of 8 available processors)

Solution count 7: 117210 118207 151915 ... 6.28565e+06

Optimal solution found (tolerance 1.00e-04)
Best objective 1.172099323521e+05, best bound 1.172099323521e+05, gap 0.0000%

User-callback calls 11308, time in user-callback 0.00 sec

Gurobi 12.0.3 (mac64[arm]) logging started Tue Sep 23 13:52:20 2025

Set parameter LogFile to value "Logs/Facility Location Logs/L30/phase1/scenario_generation.log"
Set parameter LogToConsole to value 0

Gurobi 12.0.3 (mac64[arm]) logging started Tue Sep 23 13:52:20 2025

Set parameter LogFile to value "Logs/Facility Location Logs/L30/phase1/scenario_generation.log"
Gurobi Optimizer version 12.0.3 build v12.0.3rc0 (mac64[arm] - Darwin 24.6.0 24G222)

CPU model: Apple M3
Thread count: 8 physical cores, 8 logical processors, using up to 8 threads

Non-default parameters:
LogToConsole  0

Optimize a model with 75 rows, 1325 columns and 2575 nonzeros
Model fingerprint: 0xeae89fed
Variable types: 1300 continuous, 25 integer (25 binary)
Coefficient statistics:
  Matrix range     [1e+00, 2e+04]
  Objective range  [8e-03, 8e+03]
  Bounds range     [0e+00, 0e+00]
  RHS range        [1e+03, 9e+03]
Found heuristic solution: objective 5444400.0000
Presolve removed 0 rows and 1 columns
Presolve time: 0.00s
Presolved: 75 rows, 1324 columns, 2574 nonzeros
Variable types: 1300 continuous, 24 integer (24 binary)

Root relaxation: objective 8.020070e+04, 132 iterations, 0.00 seconds (0.00 work units)

    Nodes    |    Current Node    |     Objective Bounds      |     Work
 Expl Unexpl |  Obj  Depth IntInf | Incumbent    BestBd   Gap | It/Node Time

     0     0 80200.6992    0   24 5444400.00 80200.6992  98.5%     -    0s
H    0     0                    213256.69922 80200.6992  62.4%     -    0s
H    0     0                    198509.82370 80200.6992  59.6%     -    0s
H    0     0                    191802.53512 80200.6992  58.2%     -    0s
H    0     0                    177411.26093 80200.6992  54.8%     -    0s
H    0     0                    168963.40218 80200.6992  52.5%     -    0s
H    0     0                    164608.44343 80496.8521  51.1%     -    0s
H    0     0                    133151.01274 85143.8450  36.1%     -    0s
H    0     0                    98447.985598 85143.8450  13.5%     -    0s
H    0     0                    91934.067462 85143.8450  7.39%     -    0s
     0     0 85143.8450    0   10 91934.0675 85143.8450  7.39%     -    0s
     0     0 85238.8689    0   10 91934.0675 85238.8689  7.28%     -    0s
     0     0 85736.4490    0   10 91934.0675 85736.4490  6.74%     -    0s
H    0     0                    91914.433482 85782.7021  6.67%     -    0s
H    0     0                    91891.109082 85782.7021  6.65%     -    0s
     0     0 85808.7139    0   10 91891.1091 85808.7139  6.62%     -    0s
H    0     0                    91606.607778 85808.7139  6.33%     -    0s
     0     0 85808.7139    0    9 91606.6078 85808.7139  6.33%     -    0s
     0     0 85971.7140    0   11 91606.6078 85971.7140  6.15%     -    0s
     0     0 85978.4065    0   11 91606.6078 85978.4065  6.14%     -    0s
     0     0 86105.6044    0    7 91606.6078 86105.6044  6.01%     -    0s
H    0     0                    91571.930083 86105.6044  5.97%     -    0s
     0     0 86126.1658    0    8 91571.9301 86126.1658  5.95%     -    0s
     0     0 86126.3630    0    8 91571.9301 86126.3630  5.95%     -    0s
     0     0 86149.3742    0    5 91571.9301 86149.3742  5.92%     -    0s
     0     0 86170.4481    0    7 91571.9301 86170.4481  5.90%     -    0s
     0     0 86170.7261    0    5 91571.9301 86170.7261  5.90%     -    0s
     0     0 86197.3190    0    8 91571.9301 86197.3190  5.87%     -    0s
H    0     0                    90911.915500 86200.3576  5.18%     -    0s
     0     0 86203.4426    0    8 90911.9155 86203.4426  5.18%     -    0s
     0     0 86205.6886    0    7 90911.9155 86205.6886  5.18%     -    0s
     0     0 86221.6320    0    8 90911.9155 86221.6320  5.16%     -    0s
     0     0 86221.6320    0    8 90911.9155 86221.6320  5.16%     -    0s
     0     2 86221.6320    0    8 90911.9155 86221.6320  5.16%     -    0s
* 2720   877              11    90904.893964 86707.1414  4.62%  26.1    0s
* 3476   850               6    90896.749166 86924.6261  4.37%  27.4    0s
* 3787   803               6    90880.835425 87059.6335  4.20%  28.0    0s

Cutting planes:
  Implied bound: 199
  MIR: 19
  Flow cover: 2
  Inf proof: 12
  Relax-and-lift: 6

Explored 5633 nodes (160816 simplex iterations) in 0.52 seconds (1.25 work units)
Thread count was 8 (of 8 available processors)

Solution count 10: 90880.8 90896.7 90904.9 ... 164608

Optimal solution found (tolerance 1.00e-04)
Best objective 9.088083542531e+04, best bound 9.088083542531e+04, gap 0.0000%

User-callback calls 11694, time in user-callback 0.00 sec

Gurobi 12.0.3 (mac64[arm]) logging started Tue Sep 23 13:52:20 2025

Set parameter LogFile to value "Logs/Facility Location Logs/L30/phase1/scenario_generation.log"
Set parameter LogToConsole to value 0

Gurobi 12.0.3 (mac64[arm]) logging started Tue Sep 23 13:52:20 2025

Set parameter LogFile to value "Logs/Facility Location Logs/L30/phase1/scenario_generation.log"
Gurobi Optimizer version 12.0.3 build v12.0.3rc0 (mac64[arm] - Darwin 24.6.0 24G222)

CPU model: Apple M3
Thread count: 8 physical cores, 8 logical processors, using up to 8 threads

Non-default parameters:
LogToConsole  0

Optimize a model with 75 rows, 1325 columns and 2575 nonzeros
Model fingerprint: 0x94d06822
Variable types: 1300 continuous, 25 integer (25 binary)
Coefficient statistics:
  Matrix range     [1e+00, 2e+04]
  Objective range  [8e-03, 8e+03]
  Bounds range     [0e+00, 0e+00]
  RHS range        [7e+02, 2e+04]
Found heuristic solution: objective 4645250.0000
Presolve removed 0 rows and 1 columns
Presolve time: 0.00s
Presolved: 75 rows, 1324 columns, 2574 nonzeros
Variable types: 1300 continuous, 24 integer (24 binary)

Root relaxation: objective 9.504240e+04, 151 iterations, 0.00 seconds (0.00 work units)

    Nodes    |    Current Node    |     Objective Bounds      |     Work
 Expl Unexpl |  Obj  Depth IntInf | Incumbent    BestBd   Gap | It/Node Time

     0     0 95042.3954    0   22 4645250.00 95042.3954  98.0%     -    0s
H    0     0                    228589.89542 95042.3954  58.4%     -    0s
H    0     0                    206302.46698 95042.3954  53.9%     -    0s
H    0     0                    164278.07288 95042.3954  42.1%     -    0s
H    0     0                    155702.88115 99357.9116  36.2%     -    0s
H    0     0                    119272.12416 99357.9116  16.7%     -    0s
     0     0 99357.9116    0    9 119272.124 99357.9116  16.7%     -    0s
H    0     0                    113517.40790 99471.2514  12.4%     -    0s
H    0     0                    108562.58704 99471.2514  8.37%     -    0s
     0     0 99471.2514    0    9 108562.587 99471.2514  8.37%     -    0s
H    0     0                    107677.63301 99471.2514  7.62%     -    0s
     0     0 99748.1436    0    7 107677.633 99748.1436  7.36%     -    0s
H    0     0                    107164.79054 99748.1436  6.92%     -    0s
H    0     0                    107153.85301 99748.1436  6.91%     -    0s
H    0     0                    106226.24577 99748.1436  6.10%     -    0s
     0     0 99748.1436    0    8 106226.246 99748.1436  6.10%     -    0s
     0     0 99873.4242    0    8 106226.246 99873.4242  5.98%     -    0s
H    0     0                    106205.90990 99935.3532  5.90%     -    0s
H    0     0                    105819.42141 99935.3532  5.56%     -    0s
     0     0 99935.3532    0    8 105819.421 99935.3532  5.56%     -    0s
     0     0 99951.7064    0    7 105819.421 99951.7064  5.55%     -    0s
     0     0 100083.277    0    4 105819.421 100083.277  5.42%     -    0s
H    0     0                    105808.55532 100092.491  5.40%     -    0s
     0     0 100092.491    0    5 105808.555 100092.491  5.40%     -    0s
     0     0 100138.431    0    1 105808.555 100138.431  5.36%     -    0s
     0     0 100140.130    0    2 105808.555 100140.130  5.36%     -    0s
     0     0 100140.130    0    2 105808.555 100140.130  5.36%     -    0s
     0     2 100140.152    0    2 105808.555 100140.152  5.36%     -    0s
H  460   286                    105524.47937 100291.754  4.96%  18.9    0s
*  856   378               5    105519.49499 100561.684  4.70%  21.3    0s
* 1465    51              15    105413.54813 102164.937  3.08%  30.1    0s
* 1494    51              14    105239.00338 103835.337  1.33%  30.1    0s

Cutting planes:
  Implied bound: 93
  MIR: 5
  Flow cover: 4
  Inf proof: 17
  Relax-and-lift: 8

Explored 1558 nodes (46303 simplex iterations) in 0.17 seconds (0.37 work units)
Thread count was 8 (of 8 available processors)

Solution count 10: 105239 105414 105519 ... 108563

Optimal solution found (tolerance 1.00e-04)
Best objective 1.052390033803e+05, best bound 1.052390033803e+05, gap 0.0000%

User-callback calls 3438, time in user-callback 0.00 sec

Gurobi 12.0.3 (mac64[arm]) logging started Tue Sep 23 13:52:20 2025

Set parameter LogFile to value "Logs/Facility Location Logs/L30/phase1/scenario_generation.log"
Set parameter LogToConsole to value 0

Gurobi 12.0.3 (mac64[arm]) logging started Tue Sep 23 13:52:20 2025

Set parameter LogFile to value "Logs/Facility Location Logs/L30/phase1/scenario_generation.log"
Gurobi Optimizer version 12.0.3 build v12.0.3rc0 (mac64[arm] - Darwin 24.6.0 24G222)

CPU model: Apple M3
Thread count: 8 physical cores, 8 logical processors, using up to 8 threads

Non-default parameters:
LogToConsole  0

Optimize a model with 75 rows, 1325 columns and 2575 nonzeros
Model fingerprint: 0x45debf1b
Variable types: 1300 continuous, 25 integer (25 binary)
Coefficient statistics:
  Matrix range     [1e+00, 2e+04]
  Objective range  [8e-03, 8e+03]
  Bounds range     [0e+00, 0e+00]
  RHS range        [1e+03, 1e+04]
Found heuristic solution: objective 5452450.0000
Presolve removed 0 rows and 1 columns
Presolve time: 0.00s
Presolved: 75 rows, 1324 columns, 2574 nonzeros
Variable types: 1300 continuous, 24 integer (24 binary)

Root relaxation: objective 9.571700e+04, 121 iterations, 0.00 seconds (0.00 work units)

    Nodes    |    Current Node    |     Objective Bounds      |     Work
 Expl Unexpl |  Obj  Depth IntInf | Incumbent    BestBd   Gap | It/Node Time

     0     0 95717.0049    0   24 5452450.00 95717.0049  98.2%     -    0s
H    0     0                    228692.50485 95717.0049  58.1%     -    0s
H    0     0                    213871.06822 95717.0049  55.2%     -    0s
H    0     0                    206404.01646 95717.0049  53.6%     -    0s
H    0     0                    184754.88419 96174.1517  47.9%     -    0s
H    0     0                    148103.52790 100444.158  32.2%     -    0s
H    0     0                    113055.19256 100444.158  11.2%     -    0s
     0     0 100444.158    0   12 113055.193 100444.158  11.2%     -    0s
H    0     0                    107129.69221 100463.420  6.22%     -    0s
H    0     0                    107108.47045 100463.420  6.20%     -    0s
     0     0 100463.420    0   12 107108.470 100463.420  6.20%     -    0s
     0     0 100973.421    0   11 107108.470 100973.421  5.73%     -    0s
     0     0 101014.219    0    9 107108.470 101014.219  5.69%     -    0s
H    0     0                    106967.59713 101014.219  5.57%     -    0s
     0     0 101189.243    0    9 106967.597 101189.243  5.40%     -    0s
H    0     0                    105770.39781 101203.823  4.32%     -    0s
     0     0 101204.303    0    8 105770.398 101204.303  4.32%     -    0s
     0     0 101205.080    0    8 105770.398 101205.080  4.32%     -    0s
     0     0 101308.285    0    8 105770.398 101308.285  4.22%     -    0s
H    0     0                    105765.27430 101311.591  4.21%     -    0s
     0     0 101315.881    0    7 105765.274 101315.881  4.21%     -    0s
     0     0 101316.580    0    6 105765.274 101316.580  4.21%     -    0s
     0     0 101350.865    0    4 105765.274 101350.865  4.17%     -    0s
     0     0 101354.874    0    4 105765.274 101354.874  4.17%     -    0s
     0     0 101355.007    0    4 105765.274 101355.007  4.17%     -    0s
     0     0 101358.119    0    4 105765.274 101358.119  4.17%     -    0s
     0     0 101358.119    0    4 105765.274 101358.119  4.17%     -    0s
     0     2 101358.119    0    4 105765.274 101358.119  4.17%     -    0s

Cutting planes:
  Implied bound: 187
  MIR: 9
  Inf proof: 17
  Relax-and-lift: 3

Explored 8804 nodes (216607 simplex iterations) in 0.68 seconds (1.75 work units)
Thread count was 8 (of 8 available processors)

Solution count 10: 105765 105770 106968 ... 228693

Optimal solution found (tolerance 1.00e-04)
Best objective 1.057652742962e+05, best bound 1.057652742962e+05, gap 0.0000%

User-callback calls 18046, time in user-callback 0.00 sec

Gurobi 12.0.3 (mac64[arm]) logging started Tue Sep 23 13:52:21 2025

Set parameter LogFile to value "Logs/Facility Location Logs/L30/phase1/scenario_generation.log"
Set parameter LogToConsole to value 0

Gurobi 12.0.3 (mac64[arm]) logging started Tue Sep 23 13:52:21 2025

Set parameter LogFile to value "Logs/Facility Location Logs/L30/phase1/scenario_generation.log"
Gurobi Optimizer version 12.0.3 build v12.0.3rc0 (mac64[arm] - Darwin 24.6.0 24G222)

CPU model: Apple M3
Thread count: 8 physical cores, 8 logical processors, using up to 8 threads

Non-default parameters:
LogToConsole  0

Optimize a model with 75 rows, 1325 columns and 2575 nonzeros
Model fingerprint: 0xc6042e5d
Variable types: 1300 continuous, 25 integer (25 binary)
Coefficient statistics:
  Matrix range     [1e+00, 2e+04]
  Objective range  [8e-03, 8e+03]
  Bounds range     [0e+00, 0e+00]
  RHS range        [9e+02, 2e+04]
Found heuristic solution: objective 5314450.0000
Presolve removed 0 rows and 1 columns
Presolve time: 0.00s
Presolved: 75 rows, 1324 columns, 2574 nonzeros
Variable types: 1300 continuous, 24 integer (24 binary)

Root relaxation: objective 1.032118e+05, 86 iterations, 0.00 seconds (0.00 work units)

    Nodes    |    Current Node    |     Objective Bounds      |     Work
 Expl Unexpl |  Obj  Depth IntInf | Incumbent    BestBd   Gap | It/Node Time

     0     0 103211.813    0   23 5314450.00 103211.813  98.1%     -    0s
H    0     0                    237567.31253 103211.813  56.6%     -    0s
H    0     0                    208107.07076 103211.813  50.4%     -    0s
H    0     0                    201564.84640 103211.813  48.8%     -    0s
H    0     0                    201277.72674 104036.547  48.3%     -    0s
H    0     0                    193942.49430 107985.920  44.3%     -    0s
H    0     0                    157048.96144 107985.920  31.2%     -    0s
H    0     0                    122643.69652 107985.920  12.0%     -    0s
     0     0 107985.920    0   11 122643.697 107985.920  12.0%     -    0s
H    0     0                    115322.64124 108025.076  6.33%     -    0s
     0     0 108025.076    0   11 115322.641 108025.076  6.33%     -    0s
     0     0 108423.692    0   10 115322.641 108423.692  5.98%     -    0s
H    0     0                    115322.21408 108431.729  5.97%     -    0s
     0     0 108431.729    0    9 115322.214 108431.729  5.97%     -    0s
     0     0 108669.383    0   13 115322.214 108669.383  5.77%     -    0s
     0     0 108691.848    0   10 115322.214 108691.848  5.75%     -    0s
     0     0 108823.626    0    8 115322.214 108823.626  5.64%     -    0s
     0     0 108829.215    0    6 115322.214 108829.215  5.63%     -    0s
     0     0 108882.218    0    6 115322.214 108882.218  5.58%     -    0s
     0     0 108882.316    0    6 115322.214 108882.316  5.58%     -    0s
     0     0 108892.318    0    7 115322.214 108892.318  5.58%     -    0s
     0     0 108893.880    0    7 115322.214 108893.880  5.57%     -    0s
H    0     0                    115222.58277 108893.880  5.49%     -    0s
     0     2 108893.899    0    7 115222.583 108893.899  5.49%     -    0s
*  549   319              18    114763.35686 108945.638  5.07%  20.7    0s
* 1606   653              14    114759.70336 109109.309  4.92%  20.9    0s
* 1878   676              12    114715.82526 109178.651  4.83%  21.5    0s
H 2626   607                    114602.69968 109519.297  4.44%  24.6    0s
* 3962    73              10    114591.51294 111896.168  2.35%  28.7    0s

Cutting planes:
  Implied bound: 191
  MIR: 12
  Flow cover: 5
  Inf proof: 16
  Relax-and-lift: 11

Explored 4119 nodes (117203 simplex iterations) in 0.36 seconds (0.90 work units)
Thread count was 8 (of 8 available processors)

Solution count 10: 114592 114603 114716 ... 193942

Optimal solution found (tolerance 1.00e-04)
Best objective 1.145915129389e+05, best bound 1.145915129389e+05, gap 0.0000%

User-callback calls 8593, time in user-callback 0.00 sec

Gurobi 12.0.3 (mac64[arm]) logging started Tue Sep 23 13:52:21 2025

Set parameter LogFile to value "Logs/Facility Location Logs/L30/phase1/scenario_generation.log"
Set parameter LogToConsole to value 0

Gurobi 12.0.3 (mac64[arm]) logging started Tue Sep 23 13:52:21 2025

Set parameter LogFile to value "Logs/Facility Location Logs/L30/phase1/scenario_generation.log"
Gurobi Optimizer version 12.0.3 build v12.0.3rc0 (mac64[arm] - Darwin 24.6.0 24G222)

CPU model: Apple M3
Thread count: 8 physical cores, 8 logical processors, using up to 8 threads

Non-default parameters:
LogToConsole  0

Optimize a model with 75 rows, 1325 columns and 2575 nonzeros
Model fingerprint: 0x844ba30d
Variable types: 1300 continuous, 25 integer (25 binary)
Coefficient statistics:
  Matrix range     [1e+00, 2e+04]
  Objective range  [8e-03, 8e+03]
  Bounds range     [0e+00, 0e+00]
  RHS range        [2e+02, 2e+04]
Found heuristic solution: objective 3611700.0000
Presolve removed 0 rows and 1 columns
Presolve time: 0.00s
Presolved: 75 rows, 1324 columns, 2574 nonzeros
Variable types: 1300 continuous, 24 integer (24 binary)

Root relaxation: objective 8.033999e+04, 150 iterations, 0.00 seconds (0.00 work units)

    Nodes    |    Current Node    |     Objective Bounds      |     Work
 Expl Unexpl |  Obj  Depth IntInf | Incumbent    BestBd   Gap | It/Node Time

     0     0 80339.9943    0   19 3611700.00 80339.9943  97.8%     -    0s
H    0     0                    201722.99426 80339.9943  60.2%     -    0s
H    0     0                    159160.39938 80339.9943  49.5%     -    0s
H    0     0                    124928.76672 80339.9943  35.7%     -    0s
H    0     0                    123478.78761 80339.9943  34.9%     -    0s
H    0     0                    113803.87848 85390.3173  25.0%     -    0s
     0     0 85390.3173    0    6 113803.878 85390.3173  25.0%     -    0s
H    0     0                    101059.15800 85643.2229  15.3%     -    0s
H    0     0                    93176.094543 85643.2229  8.08%     -    0s
     0     0 85643.2229    0    6 93176.0945 85643.2229  8.08%     -    0s
     0     0 85775.8117    0    8 93176.0945 85775.8117  7.94%     -    0s
     0     0 85890.9995    0    5 93176.0945 85890.9995  7.82%     -    0s
     0     0 85891.3897    0    5 93176.0945 85891.3897  7.82%     -    0s
H    0     0                    87625.032731 85891.3897  1.98%     -    0s
     0     0 85971.9208    0    1 87625.0327 85971.9208  1.89%     -    0s
H    0     0                    87354.920785 85971.9208  1.58%     -    0s
     0     0 85999.8023    0    1 87354.9208 85999.8023  1.55%     -    0s
H    0     0                    86845.006590 85999.8023  0.97%     -    0s
H    0     0                    86421.188108 85999.8023  0.49%     -    0s
     0     0 85999.8023    0    1 86421.1881 85999.8023  0.49%     -    0s
     0     0 85999.8023    0    4 86421.1881 85999.8023  0.49%     -    0s
     0     0 86421.1881    0    1 86421.1881 86421.1881  0.00%     -    0s

Cutting planes:
  Gomory: 1
  Implied bound: 16
  Flow cover: 1
  Relax-and-lift: 2

Explored 1 nodes (462 simplex iterations) in 0.02 seconds (0.03 work units)
Thread count was 8 (of 8 available processors)

Solution count 10: 86421.2 87625 93176.1 ... 159160

Optimal solution found (tolerance 1.00e-04)
Best objective 8.642118810825e+04, best bound 8.642118810825e+04, gap 0.0000%

User-callback calls 251, time in user-callback 0.00 sec

Gurobi 12.0.3 (mac64[arm]) logging started Tue Sep 23 13:52:21 2025

Set parameter LogFile to value "Logs/Facility Location Logs/L30/phase1/scenario_generation.log"
Set parameter LogToConsole to value 0

Gurobi 12.0.3 (mac64[arm]) logging started Tue Sep 23 13:52:21 2025

Set parameter LogFile to value "Logs/Facility Location Logs/L30/phase1/scenario_generation.log"
Gurobi Optimizer version 12.0.3 build v12.0.3rc0 (mac64[arm] - Darwin 24.6.0 24G222)

CPU model: Apple M3
Thread count: 8 physical cores, 8 logical processors, using up to 8 threads

Non-default parameters:
LogToConsole  0

Optimize a model with 75 rows, 1325 columns and 2575 nonzeros
Model fingerprint: 0x2857530b
Variable types: 1300 continuous, 25 integer (25 binary)
Coefficient statistics:
  Matrix range     [1e+00, 2e+04]
  Objective range  [8e-03, 8e+03]
  Bounds range     [0e+00, 0e+00]
  RHS range        [1e+03, 7e+03]
Found heuristic solution: objective 5766600.0000
Presolve removed 0 rows and 1 columns
Presolve time: 0.00s
Presolved: 75 rows, 1324 columns, 2574 nonzeros
Variable types: 1300 continuous, 24 integer (24 binary)

Root relaxation: objective 8.459833e+04, 94 iterations, 0.00 seconds (0.00 work units)

    Nodes    |    Current Node    |     Objective Bounds      |     Work
 Expl Unexpl |  Obj  Depth IntInf | Incumbent    BestBd   Gap | It/Node Time

     0     0 84598.3258    0   24 5766600.00 84598.3258  98.5%     -    0s
H    0     0                    214432.32583 84598.3258  60.5%     -    0s
H    0     0                    193235.23133 84598.3258  56.2%     -    0s
H    0     0                    133588.60986 84598.3258  36.7%     -    0s
H    0     0                    100069.83159 84598.3258  15.5%     -    0s
H    0     0                    95297.357327 89606.0532  5.97%     -    0s
     0     0 89606.0532    0   10 95297.3573 89606.0532  5.97%     -    0s
     0     0 89709.7071    0   10 95297.3573 89709.7071  5.86%     -    0s
H    0     0                    93253.062796 89709.7071  3.80%     -    0s
     0     0 90232.2382    0   11 93253.0628 90232.2382  3.24%     -    0s
     0     0 90279.6632    0   10 93253.0628 90279.6632  3.19%     -    0s
H    0     0                    93223.514872 90286.3107  3.15%     -    0s
     0     0 90286.3107    0   11 93223.5149 90286.3107  3.15%     -    0s
     0     0 90287.8545    0   11 93223.5149 90287.8545  3.15%     -    0s
H    0     0                    92874.329195 90398.5677  2.67%     -    0s
     0     0 90398.5677    0   10 92874.3292 90398.5677  2.67%     -    0s
H    0     0                    92870.217857 90406.1147  2.65%     -    0s
     0     0 90406.1147    0   10 92870.2179 90406.1147  2.65%     -    0s
     0     0 90406.2989    0    8 92870.2179 90406.2989  2.65%     -    0s
     0     0 90508.8740    0    8 92870.2179 90508.8740  2.54%     -    0s
H    0     0                    92577.195707 90519.4063  2.22%     -    0s
     0     0 90519.4063    0    6 92577.1957 90519.4063  2.22%     -    0s
     0     0 90549.2213    0    6 92577.1957 90549.2213  2.19%     -    0s
     0     0 90557.0344    0    8 92577.1957 90557.0344  2.18%     -    0s
     0     0 90557.8227    0    8 92577.1957 90557.8227  2.18%     -    0s
     0     0 90568.1071    0    8 92577.1957 90568.1071  2.17%     -    0s
     0     0 90568.9063    0    8 92577.1957 90568.9063  2.17%     -    0s
H    0     0                    92563.840884 90568.9314  2.16%     -    0s
     0     2 90568.9314    0    8 92563.8409 90568.9314  2.16%     -    0s

Cutting planes:
  Implied bound: 85
  MIR: 39
  Flow cover: 11
  Relax-and-lift: 11

Explored 18023 nodes (379321 simplex iterations) in 1.54 seconds (3.76 work units)
Thread count was 8 (of 8 available processors)

Solution count 10: 92563.8 92577.2 92870.2 ... 214432

Optimal solution found (tolerance 1.00e-04)
Best objective 9.256384088437e+04, best bound 9.256384088437e+04, gap 0.0000%

User-callback calls 36885, time in user-callback 0.00 sec

Gurobi 12.0.3 (mac64[arm]) logging started Tue Sep 23 13:52:23 2025

Set parameter LogFile to value "Logs/Facility Location Logs/L30/phase1/scenario_generation.log"
Set parameter LogToConsole to value 0

Gurobi 12.0.3 (mac64[arm]) logging started Tue Sep 23 13:52:23 2025

Set parameter LogFile to value "Logs/Facility Location Logs/L30/phase1/scenario_generation.log"
Gurobi Optimizer version 12.0.3 build v12.0.3rc0 (mac64[arm] - Darwin 24.6.0 24G222)

CPU model: Apple M3
Thread count: 8 physical cores, 8 logical processors, using up to 8 threads

Non-default parameters:
LogToConsole  0

Optimize a model with 75 rows, 1325 columns and 2575 nonzeros
Model fingerprint: 0x031ed757
Variable types: 1300 continuous, 25 integer (25 binary)
Coefficient statistics:
  Matrix range     [1e+00, 2e+04]
  Objective range  [8e-03, 8e+03]
  Bounds range     [0e+00, 0e+00]
  RHS range        [2e+03, 9e+03]
Found heuristic solution: objective 6661000.0000
Presolve removed 0 rows and 1 columns
Presolve time: 0.00s
Presolved: 75 rows, 1324 columns, 2574 nonzeros
Variable types: 1300 continuous, 24 integer (24 binary)

Root relaxation: objective 1.076238e+05, 109 iterations, 0.00 seconds (0.00 work units)

    Nodes    |    Current Node    |     Objective Bounds      |     Work
 Expl Unexpl |  Obj  Depth IntInf | Incumbent    BestBd   Gap | It/Node Time

     0     0 107623.779    0   24 6661000.00 107623.779  98.4%     -    0s
H    0     0                    228513.77908 107623.779  52.9%     -    0s
H    0     0                    213712.24268 107623.779  49.6%     -    0s
H    0     0                    206297.75660 107623.779  47.8%     -    0s
H    0     0                    184153.12323 107623.779  41.6%     -    0s
H    0     0                    148851.97514 107623.779  27.7%     -    0s
H    0     0                    115782.83273 112495.674  2.84%     -    0s
     0     0 112495.674    0    9 115782.833 112495.674  2.84%     -    0s
H    0     0                    115051.61471 112635.825  2.10%     -    0s
H    0     0                    115041.83848 112635.825  2.09%     -    0s
     0     0 112951.683    0    9 115041.838 112951.683  1.82%     -    0s
     0     0 112993.266    0    8 115041.838 112993.266  1.78%     -    0s
H    0     0                    114862.71933 112993.266  1.63%     -    0s
H    0     0                    114139.25616 112993.266  1.00%     -    0s
     0     0 113052.194    0    5 114139.256 113052.194  0.95%     -    0s
H    0     0                    113983.48650 113057.475  0.81%     -    0s
     0     0 113057.475    0    5 113983.486 113057.475  0.81%     -    0s
     0     0 113066.261    0    4 113983.486 113066.261  0.80%     -    0s
     0     0 113104.284    0    4 113983.486 113104.284  0.77%     -    0s
H    0     0                    113882.23039 113104.284  0.68%     -    0s
     0     0 113108.090    0    4 113882.230 113108.090  0.68%     -    0s
     0     0 113109.693    0    4 113882.230 113109.693  0.68%     -    0s
     0     0 113115.585    0    4 113882.230 113115.585  0.67%     -    0s
     0     0 113115.585    0    4 113882.230 113115.585  0.67%     -    0s
     0     2 113115.601    0    4 113882.230 113115.601  0.67%     -    0s
*  161   102               8    113865.47700 113258.000  0.53%  20.4    0s

Cutting planes:
  Implied bound: 87
  MIR: 10
  Flow cover: 5
  Relax-and-lift: 5

Explored 967 nodes (17769 simplex iterations) in 0.12 seconds (0.24 work units)
Thread count was 8 (of 8 available processors)

Solution count 10: 113865 113882 113983 ... 213712

Optimal solution found (tolerance 1.00e-04)
Best objective 1.138654769976e+05, best bound 1.138654769976e+05, gap 0.0000%

User-callback calls 2231, time in user-callback 0.00 sec

Gurobi 12.0.3 (mac64[arm]) logging started Tue Sep 23 13:52:23 2025

Set parameter LogFile to value "Logs/Facility Location Logs/L30/phase1/scenario_generation.log"
Set parameter LogToConsole to value 0

Gurobi 12.0.3 (mac64[arm]) logging started Tue Sep 23 13:52:23 2025

Set parameter LogFile to value "Logs/Facility Location Logs/L30/phase1/scenario_generation.log"
Gurobi Optimizer version 12.0.3 build v12.0.3rc0 (mac64[arm] - Darwin 24.6.0 24G222)

CPU model: Apple M3
Thread count: 8 physical cores, 8 logical processors, using up to 8 threads

Non-default parameters:
LogToConsole  0

Optimize a model with 75 rows, 1325 columns and 2575 nonzeros
Model fingerprint: 0x9bb67101
Variable types: 1300 continuous, 25 integer (25 binary)
Coefficient statistics:
  Matrix range     [1e+00, 2e+04]
  Objective range  [8e-03, 8e+03]
  Bounds range     [0e+00, 0e+00]
  RHS range        [1e+03, 2e+04]
Found heuristic solution: objective 5764050.0000
Presolve removed 0 rows and 1 columns
Presolve time: 0.00s
Presolved: 75 rows, 1324 columns, 2574 nonzeros
Variable types: 1300 continuous, 24 integer (24 binary)

Root relaxation: objective 1.186956e+05, 102 iterations, 0.00 seconds (0.00 work units)

    Nodes    |    Current Node    |     Objective Bounds      |     Work
 Expl Unexpl |  Obj  Depth IntInf | Incumbent    BestBd   Gap | It/Node Time

     0     0 118695.645    0   23 5764050.00 118695.645  97.9%     -    0s
H    0     0                    248555.14464 118695.645  52.2%     -    0s
H    0     0                    219348.09999 118695.645  45.9%     -    0s
H    0     0                    211886.24983 118695.645  44.0%     -    0s
H    0     0                    199005.69567 118963.270  40.2%     -    0s
H    0     0                    196996.84469 123318.842  37.4%     -    0s
H    0     0                    161681.95367 123318.842  23.7%     -    0s
H    0     0                    126796.70560 123318.842  2.74%     -    0s
     0     0 123318.842    0   11 126796.706 123318.842  2.74%     -    0s
H    0     0                    126639.46702 123392.297  2.56%     -    0s
     0     0 123392.297    0   11 126639.467 123392.297  2.56%     -    0s
     0     0 123720.068    0    8 126639.467 123720.068  2.31%     -    0s
     0     0 123794.370    0   11 126639.467 123794.370  2.25%     -    0s
H    0     0                    126568.90972 123794.370  2.19%     -    0s
H    0     0                    126095.07142 124003.700  1.66%     -    0s
     0     0 124003.700    0   13 126095.071 124003.700  1.66%     -    0s
     0     0 124024.436    0   12 126095.071 124024.436  1.64%     -    0s
     0     0 124026.843    0   13 126095.071 124026.843  1.64%     -    0s
     0     0 124120.904    0    5 126095.071 124120.904  1.57%     -    0s
     0     0 124129.067    0    6 126095.071 124129.067  1.56%     -    0s
     0     0 124129.392    0    6 126095.071 124129.392  1.56%     -    0s
     0     0 124136.253    0    7 126095.071 124136.253  1.55%     -    0s
     0     0 124136.642    0    7 126095.071 124136.642  1.55%     -    0s
     0     2 124136.645    0    7 126095.071 124136.645  1.55%     -    0s

Cutting planes:
  Implied bound: 132
  MIR: 6
  Flow cover: 2
  Relax-and-lift: 7

Explored 3867 nodes (80326 simplex iterations) in 0.27 seconds (0.65 work units)
Thread count was 8 (of 8 available processors)

Solution count 9: 126095 126639 161682 ... 5.76405e+06

Optimal solution found (tolerance 1.00e-04)
Best objective 1.260950714211e+05, best bound 1.260950714211e+05, gap 0.0000%

User-callback calls 8066, time in user-callback 0.00 sec

Gurobi 12.0.3 (mac64[arm]) logging started Tue Sep 23 13:52:23 2025

Set parameter LogFile to value "Logs/Facility Location Logs/L30/phase1/scenario_generation.log"
Set parameter LogToConsole to value 0

Gurobi 12.0.3 (mac64[arm]) logging started Tue Sep 23 13:52:23 2025

Set parameter LogFile to value "Logs/Facility Location Logs/L30/phase1/scenario_generation.log"
Gurobi Optimizer version 12.0.3 build v12.0.3rc0 (mac64[arm] - Darwin 24.6.0 24G222)

CPU model: Apple M3
Thread count: 8 physical cores, 8 logical processors, using up to 8 threads

Non-default parameters:
LogToConsole  0

Optimize a model with 75 rows, 1325 columns and 2575 nonzeros
Model fingerprint: 0x5847286c
Variable types: 1300 continuous, 25 integer (25 binary)
Coefficient statistics:
  Matrix range     [1e+00, 2e+04]
  Objective range  [8e-03, 8e+03]
  Bounds range     [0e+00, 0e+00]
  RHS range        [1e+03, 2e+04]
Found heuristic solution: objective 5996200.0000
Presolve removed 0 rows and 1 columns
Presolve time: 0.00s
Presolved: 75 rows, 1324 columns, 2574 nonzeros
Variable types: 1300 continuous, 24 integer (24 binary)

Root relaxation: objective 1.228404e+05, 149 iterations, 0.00 seconds (0.00 work units)

    Nodes    |    Current Node    |     Objective Bounds      |     Work
 Expl Unexpl |  Obj  Depth IntInf | Incumbent    BestBd   Gap | It/Node Time

     0     0 122840.406    0   23 5996200.00 122840.406  98.0%     -    0s
H    0     0                    250378.40568 122840.406  50.9%     -    0s
H    0     0                    228232.41054 122840.406  46.2%     -    0s
H    0     0                    228225.70878 122840.406  46.2%     -    0s
H    0     0                    228128.94967 122840.406  46.2%     -    0s
H    0     0                    205922.07446 122840.406  40.3%     -    0s
H    0     0                    170290.89952 122840.406  27.9%     -    0s
H    0     0                    136142.28569 127551.062  6.31%     -    0s
H    0     0                    130834.81080 127551.062  2.51%     -    0s
H    0     0                    130798.77259 127551.062  2.48%     -    0s
     0     0 127551.062    0   13 130798.773 127551.062  2.48%     -    0s
     0     0 127675.881    0   13 130798.773 127675.881  2.39%     -    0s
H    0     0                    129385.90078 127675.881  1.32%     -    0s
H    0     0                    129384.54070 127675.881  1.32%     -    0s
     0     0 128150.684    0   10 129384.541 128150.684  0.95%     -    0s
H    0     0                    128837.22028 128150.684  0.53%     -    0s
H    0     0                    128835.70821 128150.684  0.53%     -    0s
     0     0 128150.684    0   10 128835.708 128150.684  0.53%     -    0s
H    0     0                    128713.77821 128150.684  0.44%     -    0s
H    0     0                    128707.58027 128150.684  0.43%     -    0s
     0     0 128325.421    0   13 128707.580 128325.421  0.30%     -    0s
     0     0 128372.988    0   12 128707.580 128372.988  0.26%     -    0s
     0     0 128391.673    0    8 128707.580 128391.673  0.25%     -    0s
     0     0 128392.513    0   10 128707.580 128392.513  0.24%     -    0s
H    0     0                    128705.46772 128550.954  0.12%     -    0s
     0     0 128550.954    0    8 128705.468 128550.954  0.12%     -    0s
     0     0 128553.049    0    8 128705.468 128553.049  0.12%     -    0s
     0     0 128601.336    0   10 128705.468 128601.336  0.08%     -    0s
     0     0 128602.633    0    9 128705.468 128602.633  0.08%     -    0s
     0     0 128607.639    0    8 128705.468 128607.639  0.08%     -    0s
     0     0 128607.810    0    8 128705.468 128607.810  0.08%     -    0s
     0     0 128610.836    0    9 128705.468 128610.836  0.07%     -    0s
     0     0 128610.836    0    9 128705.468 128610.836  0.07%     -    0s
     0     0 128610.837    0   15 128705.468 128610.837  0.07%     -    0s
     0     0 128610.837    0   13 128705.468 128610.837  0.07%     -    0s
     0     0 128610.837    0   11 128705.468 128610.837  0.07%     -    0s
     0     0 128610.837    0   10 128705.468 128610.837  0.07%     -    0s
     0     0 128610.837    0   10 128705.468 128610.837  0.07%     -    0s
     0     0 128610.837    0    9 128705.468 128610.837  0.07%     -    0s
     0     0 128610.837    0    7 128705.468 128610.837  0.07%     -    0s
     0     0 128610.837    0    9 128705.468 128610.837  0.07%     -    0s
     0     0 128610.837    0    7 128705.468 128610.837  0.07%     -    0s
     0     0 128610.837    0    9 128705.468 128610.837  0.07%     -    0s
     0     0 128610.837    0    9 128705.468 128610.837  0.07%     -    0s
     0     0 128614.581    0    6 128705.468 128614.581  0.07%     -    0s
     0     0 128625.558    0    9 128705.468 128625.558  0.06%     -    0s
     0     0 128626.548    0    9 128705.468 128626.548  0.06%     -    0s
     0     0 128631.535    0    8 128705.468 128631.535  0.06%     -    0s
     0     0 128631.602    0    8 128705.468 128631.602  0.06%     -    0s
H    0     0                    128703.17500 128631.602  0.06%     -    0s
     0     2 128631.602    0    8 128703.175 128631.602  0.06%     -    0s
*   36     6               6    128701.01766 128675.960  0.02%  10.5    0s

Cutting planes:
  Implied bound: 66
  MIR: 5
  Flow cover: 5
  Relax-and-lift: 11

Explored 44 nodes (1433 simplex iterations) in 0.07 seconds (0.10 work units)
Thread count was 8 (of 8 available processors)

Solution count 10: 128701 128705 128708 ... 228129

Optimal solution found (tolerance 1.00e-04)
Best objective 1.287010176624e+05, best bound 1.287010176624e+05, gap 0.0000%

User-callback calls 470, time in user-callback 0.00 sec

Gurobi 12.0.3 (mac64[arm]) logging started Tue Sep 23 13:52:23 2025

Set parameter LogFile to value "Logs/Facility Location Logs/L30/phase1/scenario_generation.log"
Set parameter LogToConsole to value 0

Gurobi 12.0.3 (mac64[arm]) logging started Tue Sep 23 13:52:23 2025

Set parameter LogFile to value "Logs/Facility Location Logs/L30/phase1/scenario_generation.log"
Gurobi Optimizer version 12.0.3 build v12.0.3rc0 (mac64[arm] - Darwin 24.6.0 24G222)

CPU model: Apple M3
Thread count: 8 physical cores, 8 logical processors, using up to 8 threads

Non-default parameters:
LogToConsole  0

Optimize a model with 75 rows, 1325 columns and 2575 nonzeros
Model fingerprint: 0x3f0afb09
Variable types: 1300 continuous, 25 integer (25 binary)
Coefficient statistics:
  Matrix range     [1e+00, 2e+04]
  Objective range  [8e-03, 8e+03]
  Bounds range     [0e+00, 0e+00]
  RHS range        [1e+03, 7e+03]
Found heuristic solution: objective 5233300.0000
Presolve removed 0 rows and 1 columns
Presolve time: 0.00s
Presolved: 75 rows, 1324 columns, 2574 nonzeros
Variable types: 1300 continuous, 24 integer (24 binary)

Root relaxation: objective 7.437703e+04, 107 iterations, 0.00 seconds (0.00 work units)

    Nodes    |    Current Node    |     Objective Bounds      |     Work
 Expl Unexpl |  Obj  Depth IntInf | Incumbent    BestBd   Gap | It/Node Time

     0     0 74377.0258    0   24 5233300.00 74377.0258  98.6%     -    0s
H    0     0                    209544.02585 74377.0258  64.5%     -    0s
H    0     0                    187464.70517 74377.0258  60.3%     -    0s
H    0     0                    167781.71370 74377.0258  55.7%     -    0s
H    0     0                    165671.68612 74377.0258  55.1%     -    0s
H    0     0                    147171.22336 74826.4405  49.2%     -    0s
H    0     0                    129173.42797 79109.7356  38.8%     -    0s
H    0     0                    93979.850969 79109.7356  15.8%     -    0s
H    0     0                    80547.440746 79109.7356  1.78%     -    0s
     0     0 79109.7356    0   11 80547.4407 79109.7356  1.78%     -    0s
     0     0 79171.3124    0   11 80547.4407 79171.3124  1.71%     -    0s
     0     0 79652.8447    0    9 80547.4407 79652.8447  1.11%     -    0s
     0     0 79718.3805    0    9 80547.4407 79718.3805  1.03%     -    0s
     0     0 79852.4357    0   11 80547.4407 79852.4357  0.86%     -    0s
     0     0 79872.7357    0    9 80547.4407 79872.7357  0.84%     -    0s
     0     0 79985.6017    0    8 80547.4407 79985.6017  0.70%     -    0s
     0     0 79990.3175    0    8 80547.4407 79990.3175  0.69%     -    0s
     0     0 79991.4405    0    9 80547.4407 79991.4405  0.69%     -    0s
     0     0 80018.8084    0    4 80547.4407 80018.8084  0.66%     -    0s
     0     0 80027.8856    0    4 80547.4407 80027.8856  0.65%     -    0s
     0     0 80034.0835    0    6 80547.4407 80034.0835  0.64%     -    0s
     0     0 80034.0835    0    6 80547.4407 80034.0835  0.64%     -    0s
     0     2 80034.0835    0    6 80547.4407 80034.0835  0.64%     -    0s
*   20    16               4    80445.290704 80126.1114  0.40%  20.6    0s
H   31    29                    80400.665149 80176.7724  0.28%  18.3    0s
*   32    29               9    80372.079958 80176.7724  0.24%  20.2    0s
*  106     2               7    80351.790672 80274.5752  0.10%  19.0    0s

Cutting planes:
  Implied bound: 75
  MIR: 9
  Flow cover: 5
  Relax-and-lift: 11

Explored 128 nodes (2748 simplex iterations) in 0.05 seconds (0.08 work units)
Thread count was 8 (of 8 available processors)

Solution count 10: 80351.8 80372.1 80445.3 ... 187465

Optimal solution found (tolerance 1.00e-04)
Best objective 8.035179067181e+04, best bound 8.035179067181e+04, gap 0.0000%

User-callback calls 531, time in user-callback 0.00 sec

Gurobi 12.0.3 (mac64[arm]) logging started Tue Sep 23 13:52:23 2025

Set parameter LogFile to value "Logs/Facility Location Logs/L30/phase1/scenario_generation.log"
Set parameter LogToConsole to value 0

Gurobi 12.0.3 (mac64[arm]) logging started Tue Sep 23 13:52:23 2025

Set parameter LogFile to value "Logs/Facility Location Logs/L30/phase1/scenario_generation.log"
Gurobi Optimizer version 12.0.3 build v12.0.3rc0 (mac64[arm] - Darwin 24.6.0 24G222)

CPU model: Apple M3
Thread count: 8 physical cores, 8 logical processors, using up to 8 threads

Non-default parameters:
LogToConsole  0

Optimize a model with 75 rows, 1325 columns and 2575 nonzeros
Model fingerprint: 0x3e8ad728
Variable types: 1300 continuous, 25 integer (25 binary)
Coefficient statistics:
  Matrix range     [1e+00, 2e+04]
  Objective range  [8e-03, 8e+03]
  Bounds range     [0e+00, 0e+00]
  RHS range        [5e+02, 6e+03]
Found heuristic solution: objective 3710550.0000
Presolve removed 0 rows and 1 columns
Presolve time: 0.00s
Presolved: 75 rows, 1324 columns, 2574 nonzeros
Variable types: 1300 continuous, 24 integer (24 binary)

Root relaxation: objective 6.198774e+04, 136 iterations, 0.00 seconds (0.00 work units)

    Nodes    |    Current Node    |     Objective Bounds      |     Work
 Expl Unexpl |  Obj  Depth IntInf | Incumbent    BestBd   Gap | It/Node Time

     0     0 61987.7395    0   23 3710550.00 61987.7395  98.3%     -    0s
H    0     0                    204882.23948 61987.7395  69.7%     -    0s
H    0     0                    175223.65679 61987.7395  64.6%     -    0s
H    0     0                    153414.07285 61987.7395  59.6%     -    0s
H    0     0                    139915.23585 66987.7804  52.1%     -    0s
H    0     0                    132417.02145 66987.7804  49.4%     -    0s
H    0     0                    95783.114472 66987.7804  30.1%     -    0s
     0     0 66987.7804    0    7 95783.1145 66987.7804  30.1%     -    0s
     0     0 67011.7982    0    7 95783.1145 67011.7982  30.0%     -    0s
H    0     0                    90232.398487 67011.7982  25.7%     -    0s
H    0     0                    69734.391333 67011.7982  3.90%     -    0s
     0     0 67290.0747    0    8 69734.3913 67290.0747  3.51%     -    0s
H    0     0                    68805.268259 67318.5452  2.16%     -    0s
H    0     0                    68787.679153 67318.5452  2.14%     -    0s
     0     0 67406.5396    0    7 68787.6792 67406.5396  2.01%     -    0s
     0     0 67497.3901    0    8 68787.6792 67497.3901  1.88%     -    0s
H    0     0                    68687.294198 67497.3901  1.73%     -    0s
     0     0 67574.5676    0    7 68687.2942 67574.5676  1.62%     -    0s
H    0     0                    68002.616913 67579.2779  0.62%     -    0s
     0     0 67579.2779    0    6 68002.6169 67579.2779  0.62%     -    0s
     0     0 67695.5858    0    3 68002.6169 67695.5858  0.45%     -    0s
     0     0 67695.8215    0    5 68002.6169 67695.8215  0.45%     -    0s
     0     0 67697.1187    0    4 68002.6169 67697.1187  0.45%     -    0s
     0     0 67697.1187    0    4 68002.6169 67697.1187  0.45%     -    0s
     0     0 67697.1187    0    7 68002.6169 67697.1187  0.45%     -    0s
     0     0 67697.1187    0    7 68002.6169 67697.1187  0.45%     -    0s
     0     0 67697.1187    0    7 68002.6169 67697.1187  0.45%     -    0s
     0     0 67697.1187    0    9 68002.6169 67697.1187  0.45%     -    0s
     0     0 67697.1187    0    9 68002.6169 67697.1187  0.45%     -    0s
     0     0 67697.1187    0    5 68002.6169 67697.1187  0.45%     -    0s
     0     0 67782.6283    0    6 68002.6169 67782.6283  0.32%     -    0s
     0     0 68002.6169    0    6 68002.6169 68002.6169  0.00%     -    0s

Cutting planes:
  Implied bound: 59
  MIR: 1
  Flow cover: 1

Explored 1 nodes (718 simplex iterations) in 0.04 seconds (0.05 work units)
Thread count was 8 (of 8 available processors)

Solution count 10: 68002.6 68687.3 68787.7 ... 175224

Optimal solution found (tolerance 1.00e-04)
Best objective 6.800261691319e+04, best bound 6.800261691319e+04, gap 0.0000%

User-callback calls 297, time in user-callback 0.00 sec

Gurobi 12.0.3 (mac64[arm]) logging started Tue Sep 23 13:52:23 2025

Set parameter LogFile to value "Logs/Facility Location Logs/L30/phase1/scenario_generation.log"
Set parameter LogToConsole to value 0

Gurobi 12.0.3 (mac64[arm]) logging started Tue Sep 23 13:52:23 2025

Set parameter LogFile to value "Logs/Facility Location Logs/L30/phase1/scenario_generation.log"
Gurobi Optimizer version 12.0.3 build v12.0.3rc0 (mac64[arm] - Darwin 24.6.0 24G222)

CPU model: Apple M3
Thread count: 8 physical cores, 8 logical processors, using up to 8 threads

Non-default parameters:
LogToConsole  0

Optimize a model with 75 rows, 1325 columns and 2575 nonzeros
Model fingerprint: 0xfc748096
Variable types: 1300 continuous, 25 integer (25 binary)
Coefficient statistics:
  Matrix range     [1e+00, 2e+04]
  Objective range  [8e-03, 8e+03]
  Bounds range     [0e+00, 0e+00]
  RHS range        [1e+03, 2e+04]
Found heuristic solution: objective 7024150.0000
Presolve removed 0 rows and 1 columns
Presolve time: 0.00s
Presolved: 75 rows, 1324 columns, 2574 nonzeros
Variable types: 1300 continuous, 24 integer (24 binary)

Root relaxation: objective 1.346340e+05, 112 iterations, 0.00 seconds (0.00 work units)

    Nodes    |    Current Node    |     Objective Bounds      |     Work
 Expl Unexpl |  Obj  Depth IntInf | Incumbent    BestBd   Gap | It/Node Time

     0     0 134634.036    0   23 7024150.00 134634.036  98.1%     -    0s
H    0     0                    251892.53558 134634.036  46.6%     -    0s
H    0     0                    229870.85044 134634.036  41.4%     -    0s
H    0     0                    224270.50692 134634.036  40.0%     -    0s
H    0     0                    217004.40126 134634.036  38.0%     -    0s
H    0     0                    210272.68168 134959.406  35.8%     -    0s
H    0     0                    203483.13743 134959.406  33.7%     -    0s
H    0     0                    172582.81780 139597.891  19.1%     -    0s
     0     0 139597.891    0   14 172582.818 139597.891  19.1%     -    0s
H    0     0                    172137.92780 139678.770  18.9%     -    0s
H    0     0                    164873.00670 139678.770  15.3%     -    0s
     0     0 139678.770    0   12 164873.007 139678.770  15.3%     -    0s
     0     0 139678.770    0   12 164873.007 139678.770  15.3%     -    0s
H    0     0                    159404.08816 140037.790  12.1%     -    0s
H    0     0                    153267.28728 140037.790  8.63%     -    0s
H    0     0                    146622.14000 140037.790  4.49%     -    0s
     0     0 140037.790    0   12 146622.140 140037.790  4.49%     -    0s
H    0     0                    146583.65804 140092.446  4.43%     -    0s
H    0     0                    145242.16563 140092.446  3.55%     -    0s
     0     0 140132.132    0   12 145242.166 140132.132  3.52%     -    0s
     0     0 140132.132    0   12 145242.166 140132.132  3.52%     -    0s
     0     0 140303.838    0   15 145242.166 140303.838  3.40%     -    0s
     0     0 140320.927    0   14 145242.166 140320.927  3.39%     -    0s
     0     0 140325.003    0   14 145242.166 140325.003  3.39%     -    0s
     0     0 140327.279    0   12 145242.166 140327.279  3.38%     -    0s
H    0     0                    144903.31133 140327.279  3.16%     -    0s
H    0     0                    144385.02284 140444.529  2.73%     -    0s
     0     0 140444.529    0   11 144385.023 140444.529  2.73%     -    0s
     0     0 140457.918    0    5 144385.023 140457.918  2.72%     -    0s
     0     0 140458.784    0    5 144385.023 140458.784  2.72%     -    0s
     0     0 140478.237    0    9 144385.023 140478.237  2.71%     -    0s
     0     0 140478.263    0    9 144385.023 140478.263  2.71%     -    0s
     0     0 140494.810    0   10 144385.023 140494.810  2.69%     -    0s
     0     0 140494.810    0   10 144385.023 140494.810  2.69%     -    0s
     0     2 140494.821    0   10 144385.023 140494.821  2.69%     -    0s
*  280   230               8    144320.63338 140588.969  2.59%  24.9    0s
*  311   230              12    144224.52432 140588.969  2.52%  26.4    0s

Cutting planes:
  Implied bound: 168
  MIR: 19
  Flow cover: 1
  Inf proof: 17
  Relax-and-lift: 9

Explored 2667 nodes (82354 simplex iterations) in 0.34 seconds (0.83 work units)
Thread count was 8 (of 8 available processors)

Solution count 10: 144225 144321 144385 ... 172138

Optimal solution found (tolerance 1.00e-04)
Best objective 1.442245243200e+05, best bound 1.442245243200e+05, gap 0.0000%

User-callback calls 5733, time in user-callback 0.00 sec

Gurobi 12.0.3 (mac64[arm]) logging started Tue Sep 23 13:52:24 2025

Set parameter LogFile to value "Logs/Facility Location Logs/L30/phase1/scenario_generation.log"
Set parameter LogToConsole to value 0

Gurobi 12.0.3 (mac64[arm]) logging started Tue Sep 23 13:52:24 2025

Set parameter LogFile to value "Logs/Facility Location Logs/L30/phase1/scenario_generation.log"
Gurobi Optimizer version 12.0.3 build v12.0.3rc0 (mac64[arm] - Darwin 24.6.0 24G222)

CPU model: Apple M3
Thread count: 8 physical cores, 8 logical processors, using up to 8 threads

Non-default parameters:
LogToConsole  0

Optimize a model with 75 rows, 1325 columns and 2575 nonzeros
Model fingerprint: 0x5bb26ac5
Variable types: 1300 continuous, 25 integer (25 binary)
Coefficient statistics:
  Matrix range     [1e+00, 2e+04]
  Objective range  [8e-03, 8e+03]
  Bounds range     [0e+00, 0e+00]
  RHS range        [8e+02, 2e+04]
Found heuristic solution: objective 5110250.0000
Presolve removed 0 rows and 1 columns
Presolve time: 0.00s
Presolved: 75 rows, 1324 columns, 2574 nonzeros
Variable types: 1300 continuous, 24 integer (24 binary)

Root relaxation: objective 9.852934e+04, 134 iterations, 0.00 seconds (0.00 work units)

    Nodes    |    Current Node    |     Objective Bounds      |     Work
 Expl Unexpl |  Obj  Depth IntInf | Incumbent    BestBd   Gap | It/Node Time

     0     0 98529.3430    0   23 5110250.00 98529.3430  98.1%     -    0s
H    0     0                    234926.84296 98529.3430  58.1%     -    0s
H    0     0                    212774.93008 98529.3430  53.7%     -    0s
H    0     0                    205751.36702 98529.3430  52.1%     -    0s
H    0     0                    185327.40232 98529.3430  46.8%     -    0s
     0     0 103202.657    0   10 185327.402 103202.657  44.3%     -    0s
H    0     0                    164600.15738 103310.628  37.2%     -    0s
H    0     0                    153836.55147 103310.628  32.8%     -    0s
H    0     0                    119059.32840 103310.628  13.2%     -    0s
H    0     0                    115732.37012 103310.628  10.7%     -    0s
     0     0 103310.628    0   10 115732.370 103310.628  10.7%     -    0s
H    0     0                    113971.62573 103310.628  9.35%     -    0s
     0     0 103667.900    0   10 113971.626 103667.900  9.04%     -    0s
H    0     0                    106335.04257 103706.195  2.47%     -    0s
H    0     0                    105493.05343 103706.195  1.69%     -    0s
     0     0 103720.302    0   10 105493.053 103720.302  1.68%     -    0s
     0     0 103720.302    0    9 105493.053 103720.302  1.68%     -    0s
H    0     0                    105377.15536 103936.240  1.37%     -    0s
     0     0 103936.240    0    9 105377.155 103936.240  1.37%     -    0s
H    0     0                    105303.23083 103961.241  1.27%     -    0s
     0     0 103961.241    0    8 105303.231 103961.241  1.27%     -    0s
     0     0 104073.897    0    6 105303.231 104073.897  1.17%     -    0s
     0     0 104073.965    0    7 105303.231 104073.965  1.17%     -    0s
     0     0 104109.960    0    2 105303.231 104109.960  1.13%     -    0s
     0     0 104113.602    0    6 105303.231 104113.602  1.13%     -    0s
     0     0 104113.602    0    6 105303.231 104113.602  1.13%     -    0s
     0     2 104113.602    0    6 105303.231 104113.602  1.13%     -    0s

Cutting planes:
  Implied bound: 98
  MIR: 6
  Flow cover: 1
  Relax-and-lift: 5

Explored 322 nodes (7468 simplex iterations) in 0.07 seconds (0.12 work units)
Thread count was 8 (of 8 available processors)

Solution count 10: 105303 105377 105493 ... 205751

Optimal solution found (tolerance 1.00e-04)
Best objective 1.053032308292e+05, best bound 1.053032308292e+05, gap 0.0000%

User-callback calls 925, time in user-callback 0.00 sec

Gurobi 12.0.3 (mac64[arm]) logging started Tue Sep 23 13:52:24 2025

Set parameter LogFile to value "Logs/Facility Location Logs/L30/phase1/scenario_generation.log"
Set parameter LogToConsole to value 0

Gurobi 12.0.3 (mac64[arm]) logging started Tue Sep 23 13:52:24 2025

Set parameter LogFile to value "Logs/Facility Location Logs/L30/phase1/scenario_generation.log"
Gurobi Optimizer version 12.0.3 build v12.0.3rc0 (mac64[arm] - Darwin 24.6.0 24G222)

CPU model: Apple M3
Thread count: 8 physical cores, 8 logical processors, using up to 8 threads

Non-default parameters:
LogToConsole  0

Optimize a model with 75 rows, 1325 columns and 2575 nonzeros
Model fingerprint: 0x252c479f
Variable types: 1300 continuous, 25 integer (25 binary)
Coefficient statistics:
  Matrix range     [1e+00, 2e+04]
  Objective range  [8e-03, 8e+03]
  Bounds range     [0e+00, 0e+00]
  RHS range        [1e+03, 6e+03]
Found heuristic solution: objective 4945650.0000
Presolve removed 0 rows and 1 columns
Presolve time: 0.00s
Presolved: 75 rows, 1324 columns, 2574 nonzeros
Variable types: 1300 continuous, 24 integer (24 binary)

Root relaxation: objective 7.096110e+04, 94 iterations, 0.00 seconds (0.00 work units)

    Nodes    |    Current Node    |     Objective Bounds      |     Work
 Expl Unexpl |  Obj  Depth IntInf | Incumbent    BestBd   Gap | It/Node Time

     0     0 70961.1037    0   24 4945650.00 70961.1037  98.6%     -    0s
H    0     0                    209004.60365 70961.1037  66.0%     -    0s
H    0     0                    186893.78181 70961.1037  62.0%     -    0s
H    0     0                    174827.14590 70961.1037  59.4%     -    0s
H    0     0                    160682.97328 70961.1037  55.8%     -    0s
H    0     0                    153707.74947 75653.1640  50.8%     -    0s
     0     0 75653.1640    0   11 153707.749 75653.1640  50.8%     -    0s
H    0     0                    138696.66398 75762.1023  45.4%     -    0s
H    0     0                    128585.08257 75762.1023  41.1%     -    0s
H    0     0                    93181.010798 75762.1023  18.7%     -    0s
H    0     0                    79554.025971 75762.1023  4.77%     -    0s
     0     0 75762.1023    0   11 79554.0260 75762.1023  4.77%     -    0s
     0     0 76147.1929    0    9 79554.0260 76147.1929  4.28%     -    0s
     0     0 76180.2334    0    9 79554.0260 76180.2334  4.24%     -    0s
     0     0 76328.9764    0   10 79554.0260 76328.9764  4.05%     -    0s
     0     0 76346.7215    0    8 79554.0260 76346.7215  4.03%     -    0s
     0     0 76418.4329    0    4 79554.0260 76418.4329  3.94%     -    0s
H    0     0                    78833.655680 76418.4329  3.06%     -    0s
     0     0 76421.9038    0    4 78833.6557 76421.9038  3.06%     -    0s
     0     0 76428.6083    0    3 78833.6557 76428.6083  3.05%     -    0s
     0     0 76436.0040    0    1 78833.6557 76436.0040  3.04%     -    0s
     0     0 76436.2132    0    1 78833.6557 76436.2132  3.04%     -    0s
     0     0 76447.2040    0    5 78833.6557 76447.2040  3.03%     -    0s
     0     0 76447.2040    0    5 78833.6557 76447.2040  3.03%     -    0s
     0     2 76447.2040    0    5 78833.6557 76447.2040  3.03%     -    0s

Cutting planes:
  Implied bound: 149
  MIR: 7
  Flow cover: 2
  Inf proof: 1
  Relax-and-lift: 10

Explored 7603 nodes (158858 simplex iterations) in 0.57 seconds (1.32 work units)
Thread count was 8 (of 8 available processors)

Solution count 10: 78833.7 79554 93181 ... 209005

Optimal solution found (tolerance 1.00e-04)
Best objective 7.883365567969e+04, best bound 7.883365567969e+04, gap 0.0000%

User-callback calls 15621, time in user-callback 0.00 sec

Gurobi 12.0.3 (mac64[arm]) logging started Tue Sep 23 13:52:24 2025

Set parameter LogFile to value "Logs/Facility Location Logs/L30/phase1/scenario_generation.log"
Set parameter LogToConsole to value 0

Gurobi 12.0.3 (mac64[arm]) logging started Tue Sep 23 13:52:24 2025

Set parameter LogFile to value "Logs/Facility Location Logs/L30/phase1/scenario_generation.log"
Gurobi Optimizer version 12.0.3 build v12.0.3rc0 (mac64[arm] - Darwin 24.6.0 24G222)

CPU model: Apple M3
Thread count: 8 physical cores, 8 logical processors, using up to 8 threads

Non-default parameters:
LogToConsole  0

Optimize a model with 75 rows, 1325 columns and 2575 nonzeros
Model fingerprint: 0x8d6c8f6a
Variable types: 1300 continuous, 25 integer (25 binary)
Coefficient statistics:
  Matrix range     [1e+00, 2e+04]
  Objective range  [8e-03, 8e+03]
  Bounds range     [0e+00, 0e+00]
  RHS range        [1e+03, 2e+04]
Found heuristic solution: objective 5893700.0000
Presolve removed 0 rows and 1 columns
Presolve time: 0.00s
Presolved: 75 rows, 1324 columns, 2574 nonzeros
Variable types: 1300 continuous, 24 integer (24 binary)

Root relaxation: objective 1.249047e+05, 132 iterations, 0.00 seconds (0.00 work units)

    Nodes    |    Current Node    |     Objective Bounds      |     Work
 Expl Unexpl |  Obj  Depth IntInf | Incumbent    BestBd   Gap | It/Node Time

     0     0 124904.718    0   23 5893700.00 124904.718  97.9%     -    0s
H    0     0                    253467.71840 124904.718  50.7%     -    0s
H    0     0                    231665.45504 124904.718  46.1%     -    0s
H    0     0                    225003.76428 124904.718  44.5%     -    0s
H    0     0                    217581.52358 124904.718  42.6%     -    0s
H    0     0                    210119.28478 125155.360  40.4%     -    0s
H    0     0                    209602.01392 125155.360  40.3%     -    0s
H    0     0                    201751.82225 130105.556  35.5%     -    0s
H    0     0                    165161.58975 130105.556  21.2%     -    0s
H    0     0                    141564.95777 130105.556  8.09%     -    0s
H    0     0                    141546.73283 130105.556  8.08%     -    0s
     0     0 130105.556    0   12 141546.733 130105.556  8.08%     -    0s
H    0     0                    132773.27879 130188.430  1.95%     -    0s
H    0     0                    132710.77189 130188.430  1.90%     -    0s
     0     0 130720.494    0   10 132710.772 130720.494  1.50%     -    0s
H    0     0                    132222.96763 130753.650  1.11%     -    0s
     0     0 130753.650    0   11 132222.968 130753.650  1.11%     -    0s
H    0     0                    131964.99939 130753.650  0.92%     -    0s
     0     0 130966.782    0   12 131964.999 130966.782  0.76%     -    0s
     0     0 130989.516    0   11 131964.999 130989.516  0.74%     -    0s
     0     0 130989.738    0   12 131964.999 130989.738  0.74%     -    0s
     0     0 131137.880    0   10 131964.999 131137.880  0.63%     -    0s
     0     0 131139.597    0   10 131964.999 131139.597  0.63%     -    0s
     0     0 131161.070    0    8 131964.999 131161.070  0.61%     -    0s
     0     0 131161.215    0    8 131964.999 131161.215  0.61%     -    0s
     0     0 131172.528    0    8 131964.999 131172.528  0.60%     -    0s
     0     0 131172.528    0    8 131964.999 131172.528  0.60%     -    0s
     0     2 131172.547    0    8 131964.999 131172.547  0.60%     -    0s

Cutting planes:
  Implied bound: 110
  MIR: 10
  Flow cover: 2
  Relax-and-lift: 1

Explored 610 nodes (12522 simplex iterations) in 0.10 seconds (0.20 work units)
Thread count was 8 (of 8 available processors)

Solution count 10: 131965 132711 141547 ... 253468

Optimal solution found (tolerance 1.00e-04)
Best objective 1.319649993915e+05, best bound 1.319649993915e+05, gap 0.0000%

User-callback calls 1510, time in user-callback 0.00 sec

Gurobi 12.0.3 (mac64[arm]) logging started Tue Sep 23 13:52:25 2025

Set parameter LogFile to value "Logs/Facility Location Logs/L30/phase1/scenario_generation.log"
Set parameter LogToConsole to value 0

Gurobi 12.0.3 (mac64[arm]) logging started Tue Sep 23 13:52:25 2025

Set parameter LogFile to value "Logs/Facility Location Logs/L30/phase1/scenario_generation.log"
Gurobi Optimizer version 12.0.3 build v12.0.3rc0 (mac64[arm] - Darwin 24.6.0 24G222)

CPU model: Apple M3
Thread count: 8 physical cores, 8 logical processors, using up to 8 threads

Non-default parameters:
LogToConsole  0

Optimize a model with 75 rows, 1325 columns and 2575 nonzeros
Model fingerprint: 0x65ae515d
Variable types: 1300 continuous, 25 integer (25 binary)
Coefficient statistics:
  Matrix range     [1e+00, 2e+04]
  Objective range  [8e-03, 8e+03]
  Bounds range     [0e+00, 0e+00]
  RHS range        [1e+03, 1e+04]
Found heuristic solution: objective 5800600.0000
Presolve removed 0 rows and 1 columns
Presolve time: 0.00s
Presolved: 75 rows, 1324 columns, 2574 nonzeros
Variable types: 1300 continuous, 24 integer (24 binary)

Root relaxation: objective 1.045662e+05, 127 iterations, 0.00 seconds (0.00 work units)

    Nodes    |    Current Node    |     Objective Bounds      |     Work
 Expl Unexpl |  Obj  Depth IntInf | Incumbent    BestBd   Gap | It/Node Time

     0     0 104566.159    0   24 5800600.00 104566.159  98.2%     -    0s
H    0     0                    234060.15868 104566.159  55.3%     -    0s
H    0     0                    211926.35374 104566.159  50.7%     -    0s
H    0     0                    155868.14141 104566.159  32.9%     -    0s
H    0     0                    152043.24909 104566.159  31.2%     -    0s
H    0     0                    128290.83436 109202.502  14.9%     -    0s
H    0     0                    121514.38989 109202.502  10.1%     -    0s
     0     0 109202.502    0    9 121514.390 109202.502  10.1%     -    0s
H    0     0                    121359.60417 109303.557  9.93%     -    0s
     0     0 109686.159    0    9 121359.604 109686.159  9.62%     -    0s
H    0     0                    111440.22362 109712.046  1.55%     -    0s
     0     0 109716.937    0   10 111440.224 109716.937  1.55%     -    0s
     0     0 109859.471    0    7 111440.224 109859.471  1.42%     -    0s
     0     0 109869.266    0    6 111440.224 109869.266  1.41%     -    0s
     0     0 109944.949    0    6 111440.224 109944.949  1.34%     -    0s
H    0     0                    111423.75561 109948.226  1.32%     -    0s
     0     0 109948.226    0    4 111423.756 109948.226  1.32%     -    0s
     0     0 109961.609    0    2 111423.756 109961.609  1.31%     -    0s
     0     0 110083.045    0    2 111423.756 110083.045  1.20%     -    0s
     0     0 110083.045    0    3 111423.756 110083.045  1.20%     -    0s
     0     0 110083.045    0    3 111423.756 110083.045  1.20%     -    0s
     0     2 110083.045    0    3 111423.756 110083.045  1.20%     -    0s

Cutting planes:
  Implied bound: 101
  MIR: 11
  Flow cover: 2
  Relax-and-lift: 7

Explored 1280 nodes (27660 simplex iterations) in 0.15 seconds (0.32 work units)
Thread count was 8 (of 8 available processors)

Solution count 9: 111424 111440 121360 ... 5.8006e+06

Optimal solution found (tolerance 1.00e-04)
Best objective 1.114237556136e+05, best bound 1.114237556136e+05, gap 0.0000%

User-callback calls 2860, time in user-callback 0.00 sec

Gurobi 12.0.3 (mac64[arm]) logging started Tue Sep 23 13:52:25 2025

Set parameter LogFile to value "Logs/Facility Location Logs/L30/phase1/scenario_generation.log"
Set parameter LogToConsole to value 0

Gurobi 12.0.3 (mac64[arm]) logging started Tue Sep 23 13:52:25 2025

Set parameter LogFile to value "Logs/Facility Location Logs/L30/phase1/scenario_generation.log"
Gurobi Optimizer version 12.0.3 build v12.0.3rc0 (mac64[arm] - Darwin 24.6.0 24G222)

CPU model: Apple M3
Thread count: 8 physical cores, 8 logical processors, using up to 8 threads

Non-default parameters:
LogToConsole  0

Optimize a model with 75 rows, 1325 columns and 2575 nonzeros
Model fingerprint: 0x473a0e41
Variable types: 1300 continuous, 25 integer (25 binary)
Coefficient statistics:
  Matrix range     [1e+00, 2e+04]
  Objective range  [8e-03, 8e+03]
  Bounds range     [0e+00, 0e+00]
  RHS range        [7e+02, 6e+03]
Found heuristic solution: objective 4105600.0000
Presolve removed 0 rows and 1 columns
Presolve time: 0.00s
Presolved: 75 rows, 1324 columns, 2574 nonzeros
Variable types: 1300 continuous, 24 integer (24 binary)

Root relaxation: objective 6.445991e+04, 106 iterations, 0.00 seconds (0.00 work units)

    Nodes    |    Current Node    |     Objective Bounds      |     Work
 Expl Unexpl |  Obj  Depth IntInf | Incumbent    BestBd   Gap | It/Node Time

     0     0 64459.9088    0   23 4105600.00 64459.9088  98.4%     -    0s
H    0     0                    203403.90883 64459.9088  68.3%     -    0s
H    0     0                    167013.48787 64459.9088  61.4%     -    0s
H    0     0                    153069.14191 64459.9088  57.9%     -    0s
H    0     0                    147694.62611 64459.9088  56.4%     -    0s
H    0     0                    145625.82508 64567.1806  55.7%     -    0s
H    0     0                    138346.27392 64567.1806  53.3%     -    0s
     0     0 69396.2926    0   11 138346.274 69396.2926  49.8%     -    0s
H    0     0                    133340.29263 69410.3069  47.9%     -    0s
H    0     0                    129934.79890 69410.3069  46.6%     -    0s
H    0     0                    94278.720118 69410.3069  26.4%     -    0s
     0     0 69410.3069    0   11 94278.7201 69410.3069  26.4%     -    0s
     0     0 69903.0225    0    9 94278.7201 69903.0225  25.9%     -    0s
     0     0 69960.2922    0    9 94278.7201 69960.2922  25.8%     -    0s
H    0     0                    93683.939551 69960.2922  25.3%     -    0s
H    0     0                    86360.923966 69960.2922  19.0%     -    0s
H    0     0                    79334.743598 69960.2922  11.8%     -    0s
     0     0 70167.7680    0   13 79334.7436 70167.7680  11.6%     -    0s
     0     0 70183.6298    0   12 79334.7436 70183.6298  11.5%     -    0s
     0     0 70183.9510    0   12 79334.7436 70183.9510  11.5%     -    0s
H    0     0                    74456.210650 70339.9895  5.53%     -    0s
     0     0 70339.9895    0    8 74456.2106 70339.9895  5.53%     -    0s
H    0     0                    74418.222502 70343.6079  5.48%     -    0s
     0     0 70343.6079    0    9 74418.2225 70343.6079  5.48%     -    0s
     0     0 70409.5533    0    7 74418.2225 70409.5533  5.39%     -    0s
H    0     0                    73778.662818 70409.5533  4.57%     -    0s
     0     0 70409.6270    0    5 73778.6628 70409.6270  4.57%     -    0s
     0     0 70412.0603    0    6 73778.6628 70412.0603  4.56%     -    0s
     0     0 70416.5547    0    6 73778.6628 70416.5547  4.56%     -    0s
     0     0 70423.2160    0    6 73778.6628 70423.2160  4.55%     -    0s
     0     0 70423.2160    0    6 73778.6628 70423.2160  4.55%     -    0s
H    0     0                    73749.876942 70423.2160  4.51%     -    0s
     0     2 70423.2265    0    6 73749.8769 70423.2265  4.51%     -    0s

Cutting planes:
  Implied bound: 117
  MIR: 13
  Flow cover: 1
  Inf proof: 1
  Relax-and-lift: 4

Explored 3930 nodes (92495 simplex iterations) in 0.30 seconds (0.70 work units)
Thread count was 8 (of 8 available processors)

Solution count 10: 73749.9 73778.7 74418.2 ... 138346

Optimal solution found (tolerance 1.00e-04)
Best objective 7.374987694162e+04, best bound 7.374987694162e+04, gap 0.0000%

User-callback calls 8225, time in user-callback 0.00 sec

Gurobi 12.0.3 (mac64[arm]) logging started Tue Sep 23 13:52:25 2025

Set parameter LogFile to value "Logs/Facility Location Logs/L30/phase1/scenario_generation.log"
Set parameter LogToConsole to value 0

Gurobi 12.0.3 (mac64[arm]) logging started Tue Sep 23 13:52:25 2025

Set parameter LogFile to value "Logs/Facility Location Logs/L30/phase1/scenario_generation.log"
Gurobi Optimizer version 12.0.3 build v12.0.3rc0 (mac64[arm] - Darwin 24.6.0 24G222)

CPU model: Apple M3
Thread count: 8 physical cores, 8 logical processors, using up to 8 threads

Non-default parameters:
LogToConsole  0

Optimize a model with 75 rows, 1325 columns and 2575 nonzeros
Model fingerprint: 0x3a359e63
Variable types: 1300 continuous, 25 integer (25 binary)
Coefficient statistics:
  Matrix range     [1e+00, 2e+04]
  Objective range  [8e-03, 8e+03]
  Bounds range     [0e+00, 0e+00]
  RHS range        [1e+03, 8e+03]
Found heuristic solution: objective 4971000.0000
Presolve removed 0 rows and 1 columns
Presolve time: 0.00s
Presolved: 75 rows, 1324 columns, 2574 nonzeros
Variable types: 1300 continuous, 24 integer (24 binary)

Root relaxation: objective 8.230759e+04, 127 iterations, 0.00 seconds (0.00 work units)

    Nodes    |    Current Node    |     Objective Bounds      |     Work
 Expl Unexpl |  Obj  Depth IntInf | Incumbent    BestBd   Gap | It/Node Time

     0     0 82307.5878    0   24 4971000.00 82307.5878  98.3%     -    0s
H    0     0                    220097.58779 82307.5878  62.6%     -    0s
H    0     0                    198032.04256 82307.5878  58.4%     -    0s
H    0     0                    162120.62032 82307.5878  49.2%     -    0s
H    0     0                    139142.82243 87164.6668  37.4%     -    0s
H    0     0                    104714.01598 87164.6668  16.8%     -    0s
H    0     0                    91912.276122 87164.6668  5.17%     -    0s
     0     0 87164.6668    0   11 91912.2761 87164.6668  5.17%     -    0s
H    0     0                    91465.214962 87194.8061  4.67%     -    0s
     0     0 87194.8061    0   11 91465.2150 87194.8061  4.67%     -    0s
     0     0 87724.9565    0    9 91465.2150 87724.9565  4.09%     -    0s
H    0     0                    91285.166179 87759.3593  3.86%     -    0s
     0     0 87759.3593    0    9 91285.1662 87759.3593  3.86%     -    0s
H    0     0                    90655.816710 87759.3593  3.20%     -    0s
     0     0 88047.4115    0   10 90655.8167 88047.4115  2.88%     -    0s
     0     0 88073.6349    0    9 90655.8167 88073.6349  2.85%     -    0s
     0     0 88202.6778    0    8 90655.8167 88202.6778  2.71%     -    0s
     0     0 88206.0218    0    8 90655.8167 88206.0218  2.70%     -    0s
     0     0 88240.0118    0    3 90655.8167 88240.0118  2.66%     -    0s
H    0     0                    90558.079373 88240.0118  2.56%     -    0s
     0     0 88240.4026    0    4 90558.0794 88240.4026  2.56%     -    0s
     0     0 88245.7510    0    6 90558.0794 88245.7510  2.55%     -    0s
     0     0 88245.7510    0    6 90558.0794 88245.7510  2.55%     -    0s
     0     2 88245.7510    0    6 90558.0794 88245.7510  2.55%     -    0s

Cutting planes:
  Implied bound: 158
  MIR: 9
  Flow cover: 7
  Relax-and-lift: 11

Explored 4645 nodes (101660 simplex iterations) in 0.37 seconds (0.86 work units)
Thread count was 8 (of 8 available processors)

Solution count 10: 90558.1 90655.8 91465.2 ... 4.971e+06

Optimal solution found (tolerance 1.00e-04)
Best objective 9.055807937306e+04, best bound 9.055807937306e+04, gap 0.0000%

User-callback calls 9637, time in user-callback 0.00 sec

Gurobi 12.0.3 (mac64[arm]) logging started Tue Sep 23 13:52:25 2025

Set parameter LogFile to value "Logs/Facility Location Logs/L30/phase1/scenario_generation.log"
Set parameter LogToConsole to value 0

Gurobi 12.0.3 (mac64[arm]) logging started Tue Sep 23 13:52:25 2025

Set parameter LogFile to value "Logs/Facility Location Logs/L30/phase1/scenario_generation.log"
Gurobi Optimizer version 12.0.3 build v12.0.3rc0 (mac64[arm] - Darwin 24.6.0 24G222)

CPU model: Apple M3
Thread count: 8 physical cores, 8 logical processors, using up to 8 threads

Non-default parameters:
LogToConsole  0

Optimize a model with 75 rows, 1325 columns and 2575 nonzeros
Model fingerprint: 0x4fda3bd3
Variable types: 1300 continuous, 25 integer (25 binary)
Coefficient statistics:
  Matrix range     [1e+00, 2e+04]
  Objective range  [8e-03, 8e+03]
  Bounds range     [0e+00, 0e+00]
  RHS range        [9e+02, 1e+04]
Found heuristic solution: objective 5060800.0000
Presolve removed 0 rows and 1 columns
Presolve time: 0.00s
Presolved: 75 rows, 1324 columns, 2574 nonzeros
Variable types: 1300 continuous, 24 integer (24 binary)

Root relaxation: objective 9.275597e+04, 130 iterations, 0.00 seconds (0.00 work units)

    Nodes    |    Current Node    |     Objective Bounds      |     Work
 Expl Unexpl |  Obj  Depth IntInf | Incumbent    BestBd   Gap | It/Node Time

     0     0 92755.9733    0   24 5060800.00 92755.9733  98.2%     -    0s
H    0     0                    229647.97330 92755.9733  59.6%     -    0s
H    0     0                    214797.31402 92755.9733  56.8%     -    0s
H    0     0                    157278.93680 92755.9733  41.0%     -    0s
H    0     0                    129878.61229 93737.4680  27.8%     -    0s
H    0     0                    124567.12358 93737.4680  24.7%     -    0s
H    0     0                    115799.91391 97622.5877  15.7%     -    0s
H    0     0                    102404.34777 97622.5877  4.67%     -    0s
     0     0 97622.5877    0   12 102404.348 97622.5877  4.67%     -    0s
     0     0 97661.3623    0   12 102404.348 97661.3623  4.63%     -    0s
     0     0 98124.0738    0    9 102404.348 98124.0738  4.18%     -    0s
H    0     0                    102117.02650 98149.0171  3.89%     -    0s
H    0     0                    102105.57234 98149.0171  3.87%     -    0s
     0     0 98149.0171    0    9 102105.572 98149.0171  3.87%     -    0s
H    0     0                    100714.35343 98149.0171  2.55%     -    0s
     0     0 98357.9078    0    9 100714.353 98357.9078  2.34%     -    0s
H    0     0                    100403.65501 98391.8088  2.00%     -    0s
     0     0 98391.8088    0    8 100403.655 98391.8088  2.00%     -    0s
     0     0 98392.6428    0    8 100403.655 98392.6428  2.00%     -    0s
     0     0 98528.3922    0    6 100403.655 98528.3922  1.87%     -    0s
H    0     0                    100205.61915 98530.2200  1.67%     -    0s
     0     0 98569.9367    0    4 100205.619 98569.9367  1.63%     -    0s
H    0     0                    100203.54323 98569.9367  1.63%     -    0s
     0     0 98571.3012    0    5 100203.543 98571.3012  1.63%     -    0s
     0     0 98571.3131    0    5 100203.543 98571.3131  1.63%     -    0s
     0     2 98571.3131    0    5 100203.543 98571.3131  1.63%     -    0s

Cutting planes:
  Implied bound: 113
  MIR: 12
  Relax-and-lift: 3

Explored 1447 nodes (30876 simplex iterations) in 0.18 seconds (0.36 work units)
Thread count was 8 (of 8 available processors)

Solution count 10: 100204 100206 100404 ... 214797

Optimal solution found (tolerance 1.00e-04)
Best objective 1.002035432259e+05, best bound 1.002035432259e+05, gap 0.0000%

User-callback calls 3208, time in user-callback 0.00 sec

Gurobi 12.0.3 (mac64[arm]) logging started Tue Sep 23 13:52:26 2025

Set parameter LogFile to value "Logs/Facility Location Logs/L30/phase1/scenario_generation.log"
Set parameter LogToConsole to value 0

Gurobi 12.0.3 (mac64[arm]) logging started Tue Sep 23 13:52:26 2025

Set parameter LogFile to value "Logs/Facility Location Logs/L30/phase1/scenario_generation.log"
Gurobi Optimizer version 12.0.3 build v12.0.3rc0 (mac64[arm] - Darwin 24.6.0 24G222)

CPU model: Apple M3
Thread count: 8 physical cores, 8 logical processors, using up to 8 threads

Non-default parameters:
LogToConsole  0

Optimize a model with 75 rows, 1325 columns and 2575 nonzeros
Model fingerprint: 0x6c537f08
Variable types: 1300 continuous, 25 integer (25 binary)
Coefficient statistics:
  Matrix range     [1e+00, 2e+04]
  Objective range  [8e-03, 8e+03]
  Bounds range     [0e+00, 0e+00]
  RHS range        [4e+02, 8e+03]
Found heuristic solution: objective 3716350.0000
Presolve removed 0 rows and 1 columns
Presolve time: 0.00s
Presolved: 75 rows, 1324 columns, 2574 nonzeros
Variable types: 1300 continuous, 24 integer (24 binary)

Root relaxation: objective 6.669258e+04, 141 iterations, 0.00 seconds (0.00 work units)

    Nodes    |    Current Node    |     Objective Bounds      |     Work
 Expl Unexpl |  Obj  Depth IntInf | Incumbent    BestBd   Gap | It/Node Time

     0     0 66692.5818    0   23 3716350.00 66692.5818  98.2%     -    0s
H    0     0                    209529.08176 66692.5818  68.2%     -    0s
H    0     0                    172449.98075 66692.5818  61.3%     -    0s
H    0     0                    137208.38342 66692.5818  51.4%     -    0s
H    0     0                    131998.80195 66692.5818  49.5%     -    0s
     0     0 71776.7533    0    7 131998.802 71776.7533  45.6%     -    0s
H    0     0                    117113.25333 71873.9122  38.6%     -    0s
H    0     0                    99619.657082 71873.9122  27.9%     -    0s
     0     0 71873.9122    0    7 99619.6571 71873.9122  27.9%     -    0s
H    0     0                    94722.152632 71873.9122  24.1%     -    0s
H    0     0                    73954.425292 71873.9122  2.81%     -    0s
     0     0 72127.0092    0   10 73954.4253 72127.0092  2.47%     -    0s
     0     0 72240.7133    0    9 73954.4253 72240.7133  2.32%     -    0s
H    0     0                    72884.661809 72297.8762  0.81%     -    0s
H    0     0                    72774.768571 72297.8762  0.66%     -    0s
     0     0 72297.8762    0    8 72774.7686 72297.8762  0.66%     -    0s
     0     0 72429.2325    0    5 72774.7686 72429.2325  0.47%     -    0s
H    0     0                    72774.318742 72431.4280  0.47%     -    0s
     0     0 72456.0099    0    7 72774.3187 72456.0099  0.44%     -    0s
     0     0 72456.2109    0    7 72774.3187 72456.2109  0.44%     -    0s
     0     0 72774.3187    0    3 72774.3187 72774.3187  0.00%     -    0s

Cutting planes:
  Implied bound: 78
  MIR: 2
  Flow cover: 6
  Relax-and-lift: 3

Explored 1 nodes (387 simplex iterations) in 0.02 seconds (0.03 work units)
Thread count was 8 (of 8 available processors)

Solution count 10: 72774.3 72774.8 73954.4 ... 209529

Optimal solution found (tolerance 1.00e-04)
Best objective 7.277431874156e+04, best bound 7.277431874156e+04, gap 0.0000%

User-callback calls 240, time in user-callback 0.00 sec

Gurobi 12.0.3 (mac64[arm]) logging started Tue Sep 23 13:52:26 2025

Set parameter LogFile to value "Logs/Facility Location Logs/L30/phase1/scenario_generation.log"
Set parameter LogToConsole to value 0

Gurobi 12.0.3 (mac64[arm]) logging started Tue Sep 23 13:52:26 2025

Set parameter LogFile to value "Logs/Facility Location Logs/L30/phase1/scenario_generation.log"
Gurobi Optimizer version 12.0.3 build v12.0.3rc0 (mac64[arm] - Darwin 24.6.0 24G222)

CPU model: Apple M3
Thread count: 8 physical cores, 8 logical processors, using up to 8 threads

Non-default parameters:
LogToConsole  0

Optimize a model with 75 rows, 1325 columns and 2575 nonzeros
Model fingerprint: 0x3136574d
Variable types: 1300 continuous, 25 integer (25 binary)
Coefficient statistics:
  Matrix range     [1e+00, 2e+04]
  Objective range  [8e-03, 8e+03]
  Bounds range     [0e+00, 0e+00]
  RHS range        [1e+03, 1e+04]
Found heuristic solution: objective 6120900.0000
Presolve removed 0 rows and 1 columns
Presolve time: 0.00s
Presolved: 75 rows, 1324 columns, 2574 nonzeros
Variable types: 1300 continuous, 24 integer (24 binary)

Root relaxation: objective 9.896336e+04, 148 iterations, 0.00 seconds (0.00 work units)

    Nodes    |    Current Node    |     Objective Bounds      |     Work
 Expl Unexpl |  Obj  Depth IntInf | Incumbent    BestBd   Gap | It/Node Time

     0     0 98963.3632    0   24 6120900.00 98963.3632  98.4%     -    0s
H    0     0                    225254.36319 98963.3632  56.1%     -    0s
H    0     0                    210565.96426 98963.3632  53.0%     -    0s
H    0     0                    210508.69020 98963.3632  53.0%     -    0s
H    0     0                    203376.22347 99333.2511  51.2%     -    0s
H    0     0                    181373.50584 103897.744  42.7%     -    0s
H    0     0                    145967.94520 103897.744  28.8%     -    0s
H    0     0                    111924.85151 103897.744  7.17%     -    0s
     0     0 103897.744    0   12 111924.852 103897.744  7.17%     -    0s
     0     0 103938.443    0   12 111924.852 103938.443  7.14%     -    0s
     0     0 104384.554    0    9 111924.852 104384.554  6.74%     -    0s
H    0     0                    111674.23651 104447.213  6.47%     -    0s
H    0     0                    111531.88433 104447.213  6.35%     -    0s
     0     0 104447.213    0    8 111531.884 104447.213  6.35%     -    0s
     0     0 104601.007    0   10 111531.884 104601.007  6.21%     -    0s
H    0     0                    111079.16327 104606.610  5.83%     -    0s
     0     0 104606.610    0   10 111079.163 104606.610  5.83%     -    0s
     0     0 104696.376    0    8 111079.163 104696.376  5.75%     -    0s
H    0     0                    110968.23153 104700.010  5.65%     -    0s
     0     0 104700.010    0    7 110968.232 104700.010  5.65%     -    0s
H    0     0                    110382.59947 104706.212  5.14%     -    0s
     0     0 104706.212    0    4 110382.599 104706.212  5.14%     -    0s
     0     0 104706.757    0    2 110382.599 104706.757  5.14%     -    0s
     0     0 104709.659    0    7 110382.599 104709.659  5.14%     -    0s
     0     0 104709.659    0    7 110382.599 104709.659  5.14%     -    0s
     0     2 104709.673    0    7 110382.599 104709.673  5.14%     -    0s
*  550   341               9    110048.18882 104789.052  4.78%  22.1    0s
H  907   497                    110023.20276 104887.771  4.67%  22.5    0s

Cutting planes:
  Gomory: 1
  Implied bound: 92
  MIR: 21
  Flow cover: 2
  Inf proof: 19
  Relax-and-lift: 3

Explored 13605 nodes (282127 simplex iterations) in 1.30 seconds (2.80 work units)
Thread count was 8 (of 8 available processors)

Solution count 10: 110023 110048 110383 ... 225254

Optimal solution found (tolerance 1.00e-04)
Best objective 1.100232027645e+05, best bound 1.100232027645e+05, gap 0.0000%

User-callback calls 27856, time in user-callback 0.00 sec

============================================================
SUMMARY STATISTICS - PHASE 1: SCENARIO GENERATION (COMMON)
============================================================
Parameters:
  bernoulli_case: false
  nloc: 25
  ncust: 50
  nscen: 30

Results:
  total_scenarios: 30
  unique_solutions: 29
============================================================

Gurobi 12.0.3 (mac64[arm]) logging started Tue Sep 23 15:44:48 2025

Set parameter LogFile to value "Logs/Facility Location Logs/L30/phase1/scenario_generation.log"
Set parameter LogToConsole to value 0

Gurobi 12.0.3 (mac64[arm]) logging started Tue Sep 23 15:44:48 2025

Set parameter LogFile to value "Logs/Facility Location Logs/L30/phase1/scenario_generation.log"
Gurobi Optimizer version 12.0.3 build v12.0.3rc0 (mac64[arm] - Darwin 24.6.0 24G222)

CPU model: Apple M3
Thread count: 8 physical cores, 8 logical processors, using up to 8 threads

Non-default parameters:
LogToConsole  0

Optimize a model with 75 rows, 1325 columns and 2575 nonzeros
Model fingerprint: 0x5f0a6210
Variable types: 1300 continuous, 25 integer (25 binary)
Coefficient statistics:
  Matrix range     [1e+00, 2e+04]
  Objective range  [8e-03, 8e+03]
  Bounds range     [0e+00, 0e+00]
  RHS range        [1e+03, 2e+04]
Found heuristic solution: objective 6517500.0000
Presolve removed 0 rows and 1 columns
Presolve time: 0.00s
Presolved: 75 rows, 1324 columns, 2574 nonzeros
Variable types: 1300 continuous, 24 integer (24 binary)

Root relaxation: objective 1.199634e+05, 151 iterations, 0.00 seconds (0.00 work units)

    Nodes    |    Current Node    |     Objective Bounds      |     Work
 Expl Unexpl |  Obj  Depth IntInf | Incumbent    BestBd   Gap | It/Node Time

     0     0 119963.448    0   23 6517500.00 119963.448  98.2%     -    0s
H    0     0                    242288.44824 119963.448  50.5%     -    0s
H    0     0                    220284.20384 119963.448  45.5%     -    0s
H    0     0                    205930.66621 119963.448  41.7%     -    0s
H    0     0                    205742.45304 120523.991  41.4%     -    0s
H    0     0                    198623.12530 124597.520  37.3%     -    0s
H    0     0                    161802.39665 124597.520  23.0%     -    0s
H    0     0                    128065.36697 124597.520  2.71%     -    0s
     0     0 124597.520    0   11 128065.367 124597.520  2.71%     -    0s
H    0     0                    128038.59398 124671.983  2.63%     -    0s
H    0     0                    128005.25474 124671.983  2.60%     -    0s
     0     0 124671.983    0   11 128005.255 124671.983  2.60%     -    0s
     0     0 124671.983    0   11 128005.255 124671.983  2.60%     -    0s
H    0     0                    127539.29105 124671.983  2.25%     -    0s
     0     0 125035.136    0   11 127539.291 125035.136  1.96%     -    0s
     0     0 125109.399    0   10 127539.291 125109.399  1.91%     -    0s
     0     0 125255.922    0   13 127539.291 125255.922  1.79%     -    0s
H    0     0                    127331.48925 125266.892  1.62%     -    0s
     0     0 125266.892    0    9 127331.489 125266.892  1.62%     -    0s
     0     0 125269.050    0    9 127331.489 125269.050  1.62%     -    0s
     0     0 125336.298    0    8 127331.489 125336.298  1.57%     -    0s
H    0     0                    127269.80289 125336.298  1.52%     -    0s
     0     0 125350.000    0    9 127269.803 125350.000  1.51%     -    0s
     0     0 125367.823    0    9 127269.803 125367.823  1.49%     -    0s
     0     0 125367.823    0    9 127269.803 125367.823  1.49%     -    0s
     0     2 125367.823    0    9 127269.803 125367.823  1.49%     -    0s

Cutting planes:
  Implied bound: 178
  MIR: 10
  Flow cover: 5
  Relax-and-lift: 7

Explored 6718 nodes (153185 simplex iterations) in 0.59 seconds (1.30 work units)
Thread count was 8 (of 8 available processors)

Solution count 10: 127270 127331 127539 ... 220284

Optimal solution found (tolerance 1.00e-04)
Best objective 1.272698028947e+05, best bound 1.272698028947e+05, gap 0.0000%

User-callback calls 13831, time in user-callback 0.00 sec

Gurobi 12.0.3 (mac64[arm]) logging started Tue Sep 23 15:44:48 2025

Set parameter LogFile to value "Logs/Facility Location Logs/L30/phase1/scenario_generation.log"
Set parameter LogToConsole to value 0

Gurobi 12.0.3 (mac64[arm]) logging started Tue Sep 23 15:44:48 2025

Set parameter LogFile to value "Logs/Facility Location Logs/L30/phase1/scenario_generation.log"
Gurobi Optimizer version 12.0.3 build v12.0.3rc0 (mac64[arm] - Darwin 24.6.0 24G222)

CPU model: Apple M3
Thread count: 8 physical cores, 8 logical processors, using up to 8 threads

Non-default parameters:
LogToConsole  0

Optimize a model with 75 rows, 1325 columns and 2575 nonzeros
Model fingerprint: 0x4e5831bf
Variable types: 1300 continuous, 25 integer (25 binary)
Coefficient statistics:
  Matrix range     [1e+00, 2e+04]
  Objective range  [8e-03, 8e+03]
  Bounds range     [0e+00, 0e+00]
  RHS range        [1e+03, 2e+04]
Found heuristic solution: objective 6154200.0000
Presolve removed 0 rows and 1 columns
Presolve time: 0.00s
Presolved: 75 rows, 1324 columns, 2574 nonzeros
Variable types: 1300 continuous, 24 integer (24 binary)

Root relaxation: objective 1.172340e+05, 134 iterations, 0.00 seconds (0.00 work units)

    Nodes    |    Current Node    |     Objective Bounds      |     Work
 Expl Unexpl |  Obj  Depth IntInf | Incumbent    BestBd   Gap | It/Node Time

     0     0 117233.964    0   23 6154200.00 117233.964  98.1%     -    0s
H    0     0                    243191.96361 117233.964  51.8%     -    0s
H    0     0                    213714.72811 117233.964  45.1%     -    0s
H    0     0                    206356.07446 117233.964  43.2%     -    0s
H    0     0                    198965.39348 117233.964  41.1%     -    0s
H    0     0                    162797.82284 121960.580  25.1%     -    0s
H    0     0                    136773.77190 121960.580  10.8%     -    0s
     0     0 121960.580    0   11 136773.772 121960.580  10.8%     -    0s
     0     0 122035.288    0   11 136773.772 122035.288  10.8%     -    0s
H    0     0                    128722.82782 122035.288  5.20%     -    0s
     0     0 122433.986    0    9 128722.828 122433.986  4.89%     -    0s
     0     0 122479.901    0   10 128722.828 122479.901  4.85%     -    0s
     0     0 122658.925    0    9 128722.828 122658.925  4.71%     -    0s
     0     0 122676.576    0    9 128722.828 122676.576  4.70%     -    0s
     0     0 122676.576    0    9 128722.828 122676.576  4.70%     -    0s
     0     0 122765.745    0    9 128722.828 122765.745  4.63%     -    0s
     0     0 122784.164    0    9 128722.828 122784.164  4.61%     -    0s
     0     0 122795.148    0    7 128722.828 122795.148  4.60%     -    0s
     0     0 122795.435    0    7 128722.828 122795.435  4.60%     -    0s
     0     0 122835.835    0    8 128722.828 122835.835  4.57%     -    0s
H    0     0                    127772.84904 122835.835  3.86%     -    0s
     0     0 122835.867    0    8 127772.849 122835.867  3.86%     -    0s
     0     0 122863.713    0    9 127772.849 122863.713  3.84%     -    0s
     0     0 122866.273    0    9 127772.849 122866.273  3.84%     -    0s
     0     2 122866.273    0    9 127772.849 122866.273  3.84%     -    0s
H  733   429                    127766.73413 123226.040  3.55%  23.1    0s
H 2613   769                    127757.88911 123432.690  3.39%  27.2    0s

Cutting planes:
  Implied bound: 194
  MIR: 16
  Flow cover: 4
  Inf proof: 17
  Relax-and-lift: 6

Explored 6164 nodes (178999 simplex iterations) in 0.58 seconds (1.35 work units)
Thread count was 8 (of 8 available processors)

Solution count 10: 127758 127767 127773 ... 243192

Optimal solution found (tolerance 1.00e-04)
Best objective 1.277578891138e+05, best bound 1.277578891138e+05, gap 0.0000%

User-callback calls 12723, time in user-callback 0.00 sec

Gurobi 12.0.3 (mac64[arm]) logging started Tue Sep 23 15:44:49 2025

Set parameter LogFile to value "Logs/Facility Location Logs/L30/phase1/scenario_generation.log"
Set parameter LogToConsole to value 0

Gurobi 12.0.3 (mac64[arm]) logging started Tue Sep 23 15:44:49 2025

Set parameter LogFile to value "Logs/Facility Location Logs/L30/phase1/scenario_generation.log"
Gurobi Optimizer version 12.0.3 build v12.0.3rc0 (mac64[arm] - Darwin 24.6.0 24G222)

CPU model: Apple M3
Thread count: 8 physical cores, 8 logical processors, using up to 8 threads

Non-default parameters:
LogToConsole  0

Optimize a model with 75 rows, 1325 columns and 2575 nonzeros
Model fingerprint: 0xf9cc7495
Variable types: 1300 continuous, 25 integer (25 binary)
Coefficient statistics:
  Matrix range     [1e+00, 2e+04]
  Objective range  [8e-03, 8e+03]
  Bounds range     [0e+00, 0e+00]
  RHS range        [1e+03, 1e+04]
Found heuristic solution: objective 5953750.0000
Presolve removed 0 rows and 1 columns
Presolve time: 0.00s
Presolved: 75 rows, 1324 columns, 2574 nonzeros
Variable types: 1300 continuous, 24 integer (24 binary)

Root relaxation: objective 1.020136e+05, 140 iterations, 0.00 seconds (0.00 work units)

    Nodes    |    Current Node    |     Objective Bounds      |     Work
 Expl Unexpl |  Obj  Depth IntInf | Incumbent    BestBd   Gap | It/Node Time

     0     0 102013.629    0   24 5953750.00 102013.629  98.3%     -    0s
H    0     0                    229976.12932 102013.629  55.6%     -    0s
H    0     0                    207942.43032 102013.629  50.9%     -    0s
H    0     0                    201796.93831 102013.629  49.4%     -    0s
H    0     0                    194373.98849 102298.761  47.4%     -    0s
H    0     0                    185739.65357 106837.101  42.5%     -    0s
H    0     0                    149984.06108 106837.101  28.8%     -    0s
H    0     0                    115307.14903 106837.101  7.35%     -    0s
     0     0 106837.101    0   10 115307.149 106837.101  7.35%     -    0s
H    0     0                    108735.10436 106913.190  1.68%     -    0s
     0     0 106913.190    0   10 108735.104 106913.190  1.68%     -    0s
     0     0 107356.899    0   11 108735.104 107356.899  1.27%     -    0s
     0     0 107418.878    0    9 108735.104 107418.878  1.21%     -    0s
H    0     0                    108464.83816 107418.878  0.96%     -    0s
H    0     0                    108423.63389 107625.987  0.74%     -    0s
     0     0 107625.987    0   10 108423.634 107625.987  0.74%     -    0s
     0     0 107643.530    0    9 108423.634 107643.530  0.72%     -    0s
     0     0 107643.530    0    9 108423.634 107643.530  0.72%     -    0s
     0     0 107738.182    0    8 108423.634 107738.182  0.63%     -    0s
     0     0 107743.599    0    5 108423.634 107743.599  0.63%     -    0s
     0     0 107748.247    0    6 108423.634 107748.247  0.62%     -    0s
     0     0 107749.543    0    5 108423.634 107749.543  0.62%     -    0s
     0     0 107770.176    0    4 108423.634 107770.176  0.60%     -    0s
     0     0 107773.881    0    5 108423.634 107773.881  0.60%     -    0s
     0     0 107779.735    0    6 108423.634 107779.735  0.59%     -    0s
     0     0 107779.735    0    6 108423.634 107779.735  0.59%     -    0s
     0     2 107779.735    0    6 108423.634 107779.735  0.59%     -    0s
H   32    38                    108385.43309 107859.752  0.49%  20.3    0s
*   74    50               9    108376.77103 107859.752  0.48%  21.8    0s

Cutting planes:
  Implied bound: 98
  MIR: 13
  Flow cover: 3
  Relax-and-lift: 6

Explored 452 nodes (9643 simplex iterations) in 0.10 seconds (0.18 work units)
Thread count was 8 (of 8 available processors)

Solution count 10: 108377 108385 108424 ... 207942

Optimal solution found (tolerance 1.00e-04)
Best objective 1.083767710298e+05, best bound 1.083767710298e+05, gap 0.0000%

User-callback calls 1212, time in user-callback 0.00 sec

Gurobi 12.0.3 (mac64[arm]) logging started Tue Sep 23 15:44:49 2025

Set parameter LogFile to value "Logs/Facility Location Logs/L30/phase1/scenario_generation.log"
Set parameter LogToConsole to value 0

Gurobi 12.0.3 (mac64[arm]) logging started Tue Sep 23 15:44:49 2025

Set parameter LogFile to value "Logs/Facility Location Logs/L30/phase1/scenario_generation.log"
Gurobi Optimizer version 12.0.3 build v12.0.3rc0 (mac64[arm] - Darwin 24.6.0 24G222)

CPU model: Apple M3
Thread count: 8 physical cores, 8 logical processors, using up to 8 threads

Non-default parameters:
LogToConsole  0

Optimize a model with 75 rows, 1325 columns and 2575 nonzeros
Model fingerprint: 0xee30a183
Variable types: 1300 continuous, 25 integer (25 binary)
Coefficient statistics:
  Matrix range     [1e+00, 2e+04]
  Objective range  [8e-03, 8e+03]
  Bounds range     [0e+00, 0e+00]
  RHS range        [1e+03, 9e+03]
Found heuristic solution: objective 5749750.0000
Presolve removed 0 rows and 1 columns
Presolve time: 0.00s
Presolved: 75 rows, 1324 columns, 2574 nonzeros
Variable types: 1300 continuous, 24 integer (24 binary)

Root relaxation: objective 9.542092e+04, 151 iterations, 0.00 seconds (0.00 work units)

    Nodes    |    Current Node    |     Objective Bounds      |     Work
 Expl Unexpl |  Obj  Depth IntInf | Incumbent    BestBd   Gap | It/Node Time

     0     0 95420.9201    0   24 5749750.00 95420.9201  98.3%     -    0s
H    0     0                    225423.42011 95420.9201  57.7%     -    0s
H    0     0                    203320.23274 95420.9201  53.1%     -    0s
H    0     0                    196504.56238 95420.9201  51.4%     -    0s
H    0     0                    181560.03553 95420.9201  47.4%     -    0s
H    0     0                    145732.45873 100418.428  31.1%     -    0s
H    0     0                    110929.46522 100418.428  9.48%     -    0s
H    0     0                    105616.36482 100418.428  4.92%     -    0s
     0     0 100418.428    0   12 105616.365 100418.428  4.92%     -    0s
H    0     0                    104414.86489 100539.234  3.71%     -    0s
     0     0 100539.234    0   11 104414.865 100539.234  3.71%     -    0s
H    0     0                    104228.29169 100539.234  3.54%     -    0s
     0     0 100940.120    0    8 104228.292 100940.120  3.15%     -    0s
H    0     0                    104027.11971 100940.120  2.97%     -    0s
H    0     0                    103815.67613 100940.120  2.77%     -    0s
     0     0 100965.109    0    8 103815.676 100965.109  2.75%     -    0s
     0     0 100965.109    0    8 103815.676 100965.109  2.75%     -    0s
H    0     0                    103742.54907 100965.109  2.68%     -    0s
     0     0 101092.536    0    9 103742.549 101092.536  2.55%     -    0s
     0     0 101232.697    0    4 103742.549 101232.697  2.42%     -    0s
H    0     0                    103243.73538 101232.697  1.95%     -    0s
     0     0 101265.709    0    3 103243.735 101265.709  1.92%     -    0s
     0     0 101268.023    0    3 103243.735 101268.023  1.91%     -    0s
     0     0 101272.295    0    3 103243.735 101272.295  1.91%     -    0s
     0     0 101272.295    0    3 103243.735 101272.295  1.91%     -    0s
     0     2 101272.295    0    3 103243.735 101272.295  1.91%     -    0s

Cutting planes:
  Implied bound: 122
  MIR: 5
  Flow cover: 6
  Relax-and-lift: 11

Explored 5603 nodes (107595 simplex iterations) in 0.42 seconds (0.94 work units)
Thread count was 8 (of 8 available processors)

Solution count 10: 103244 103743 103816 ... 196505

Optimal solution found (tolerance 1.00e-04)
Best objective 1.032437353819e+05, best bound 1.032437353819e+05, gap 0.0000%

User-callback calls 11572, time in user-callback 0.00 sec

Gurobi 12.0.3 (mac64[arm]) logging started Tue Sep 23 15:44:49 2025

Set parameter LogFile to value "Logs/Facility Location Logs/L30/phase1/scenario_generation.log"
Set parameter LogToConsole to value 0

Gurobi 12.0.3 (mac64[arm]) logging started Tue Sep 23 15:44:49 2025

Set parameter LogFile to value "Logs/Facility Location Logs/L30/phase1/scenario_generation.log"
Gurobi Optimizer version 12.0.3 build v12.0.3rc0 (mac64[arm] - Darwin 24.6.0 24G222)

CPU model: Apple M3
Thread count: 8 physical cores, 8 logical processors, using up to 8 threads

Non-default parameters:
LogToConsole  0

Optimize a model with 75 rows, 1325 columns and 2575 nonzeros
Model fingerprint: 0x75ad9b92
Variable types: 1300 continuous, 25 integer (25 binary)
Coefficient statistics:
  Matrix range     [1e+00, 2e+04]
  Objective range  [8e-03, 8e+03]
  Bounds range     [0e+00, 0e+00]
  RHS range        [1e+03, 9e+03]
Found heuristic solution: objective 5771800.0000
Presolve removed 0 rows and 1 columns
Presolve time: 0.00s
Presolved: 75 rows, 1324 columns, 2574 nonzeros
Variable types: 1300 continuous, 24 integer (24 binary)

Root relaxation: objective 9.652172e+04, 92 iterations, 0.00 seconds (0.00 work units)

    Nodes    |    Current Node    |     Objective Bounds      |     Work
 Expl Unexpl |  Obj  Depth IntInf | Incumbent    BestBd   Gap | It/Node Time

     0     0 96521.7232    0   24 5771800.00 96521.7232  98.3%     -    0s
H    0     0                    226303.72321 96521.7232  57.3%     -    0s
H    0     0                    204709.54147 96521.7232  52.8%     -    0s
H    0     0                    191456.03527 96521.7232  49.6%     -    0s
H    0     0                    169451.01270 96521.7232  43.0%     -    0s
H    0     0                    146415.63292 101655.435  30.6%     -    0s
H    0     0                    112099.73785 101655.435  9.32%     -    0s
     0     0 101655.435    0   11 112099.738 101655.435  9.32%     -    0s
H    0     0                    105646.83295 101757.471  3.68%     -    0s
     0     0 101757.471    0   11 105646.833 101757.471  3.68%     -    0s
     0     0 102196.251    0   11 105646.833 102196.251  3.27%     -    0s
H    0     0                    104388.54733 102228.709  2.07%     -    0s
     0     0 102233.107    0   11 104388.547 102233.107  2.06%     -    0s
     0     0 102418.889    0   11 104388.547 102418.889  1.89%     -    0s
H    0     0                    104335.68887 102422.010  1.83%     -    0s
     0     0 102439.208    0   11 104335.689 102439.208  1.82%     -    0s
     0     0 102441.929    0   10 104335.689 102441.929  1.82%     -    0s
     0     0 102529.295    0    8 104335.689 102529.295  1.73%     -    0s
     0     0 102531.938    0    7 104335.689 102531.938  1.73%     -    0s
     0     0 102559.821    0    3 104335.689 102559.821  1.70%     -    0s
H    0     0                    104316.12839 102559.821  1.68%     -    0s
     0     0 102561.508    0    2 104316.128 102561.508  1.68%     -    0s
     0     0 102565.623    0    5 104316.128 102565.623  1.68%     -    0s
     0     0 102565.623    0    5 104316.128 102565.623  1.68%     -    0s
     0     2 102565.623    0    5 104316.128 102565.623  1.68%     -    0s

Cutting planes:
  Implied bound: 159
  MIR: 11
  Flow cover: 4
  Relax-and-lift: 4

Explored 8295 nodes (155630 simplex iterations) in 0.60 seconds (1.34 work units)
Thread count was 8 (of 8 available processors)

Solution count 10: 104316 104336 104389 ... 226304

Optimal solution found (tolerance 1.00e-04)
Best objective 1.043161283940e+05, best bound 1.043161283940e+05, gap 0.0000%

User-callback calls 17010, time in user-callback 0.00 sec

Gurobi 12.0.3 (mac64[arm]) logging started Tue Sep 23 15:44:50 2025

Set parameter LogFile to value "Logs/Facility Location Logs/L30/phase1/scenario_generation.log"
Set parameter LogToConsole to value 0

Gurobi 12.0.3 (mac64[arm]) logging started Tue Sep 23 15:44:50 2025

Set parameter LogFile to value "Logs/Facility Location Logs/L30/phase1/scenario_generation.log"
Gurobi Optimizer version 12.0.3 build v12.0.3rc0 (mac64[arm] - Darwin 24.6.0 24G222)

CPU model: Apple M3
Thread count: 8 physical cores, 8 logical processors, using up to 8 threads

Non-default parameters:
LogToConsole  0

Optimize a model with 75 rows, 1325 columns and 2575 nonzeros
Model fingerprint: 0xd50ad56f
Variable types: 1300 continuous, 25 integer (25 binary)
Coefficient statistics:
  Matrix range     [1e+00, 2e+04]
  Objective range  [8e-03, 8e+03]
  Bounds range     [0e+00, 0e+00]
  RHS range        [8e+02, 3e+04]
Found heuristic solution: objective 5583750.0000
Presolve removed 0 rows and 1 columns
Presolve time: 0.00s
Presolved: 75 rows, 1324 columns, 2574 nonzeros
Variable types: 1300 continuous, 24 integer (24 binary)

Root relaxation: objective 1.367093e+05, 157 iterations, 0.00 seconds (0.00 work units)

    Nodes    |    Current Node    |     Objective Bounds      |     Work
 Expl Unexpl |  Obj  Depth IntInf | Incumbent    BestBd   Gap | It/Node Time

     0     0 136709.316    0   22 5583750.00 136709.316  97.6%     -    0s
H    0     0                    268371.81571 136709.316  49.1%     -    0s
H    0     0                    218362.39628 136709.316  37.4%     -    0s
H    0     0                    211691.63352 136709.316  35.4%     -    0s
H    0     0                    210800.07026 136709.316  35.1%     -    0s
H    0     0                    188593.27185 140923.613  25.3%     -    0s
H    0     0                    153758.28986 140923.613  8.35%     -    0s
H    0     0                    147354.39036 140923.613  4.36%     -    0s
H    0     0                    146521.06280 140923.613  3.82%     -    0s
     0     0 140923.613    0   10 146521.063 140923.613  3.82%     -    0s
     0     0 141123.574    0   10 146521.063 141123.574  3.68%     -    0s
     0     0 141392.573    0    7 146521.063 141392.573  3.50%     -    0s
H    0     0                    145925.04331 141392.573  3.11%     -    0s
     0     0 141392.573    0    7 145925.043 141392.573  3.11%     -    0s
     0     0 141572.665    0    8 145925.043 141572.665  2.98%     -    0s
     0     0 141599.090    0    8 145925.043 141599.090  2.96%     -    0s
H    0     0                    145898.65712 141718.514  2.87%     -    0s
H    0     0                    145871.47725 141718.514  2.85%     -    0s
     0     0 141718.514    0    6 145871.477 141718.514  2.85%     -    0s
     0     0 141725.433    0    7 145871.477 141725.433  2.84%     -    0s
     0     0 141725.433    0    7 145871.477 141725.433  2.84%     -    0s
     0     0 141793.757    0    3 145871.477 141793.757  2.80%     -    0s
H    0     0                    145496.61722 141793.757  2.54%     -    0s
     0     0 141795.344    0    3 145496.617 141795.344  2.54%     -    0s
     0     0 141800.953    0    6 145496.617 141800.953  2.54%     -    0s
     0     0 141801.051    0    6 145496.617 141801.051  2.54%     -    0s
     0     2 141801.054    0    6 145496.617 141801.054  2.54%     -    0s
H  103   132                    145468.53361 141825.987  2.50%  15.7    0s
*  346   245              13    145467.05759 141913.792  2.44%  19.5    0s
*  990   415               6    145458.07828 142177.082  2.26%  20.9    0s

Cutting planes:
  Implied bound: 116
  MIR: 6
  Flow cover: 6
  Inf proof: 2
  Relax-and-lift: 7

Explored 3934 nodes (83920 simplex iterations) in 0.32 seconds (0.71 work units)
Thread count was 8 (of 8 available processors)

Solution count 10: 145458 145467 145497 ... 218362

Optimal solution found (tolerance 1.00e-04)
Best objective 1.454580782805e+05, best bound 1.454580782805e+05, gap 0.0000%

User-callback calls 8241, time in user-callback 0.00 sec

Gurobi 12.0.3 (mac64[arm]) logging started Tue Sep 23 15:44:50 2025

Set parameter LogFile to value "Logs/Facility Location Logs/L30/phase1/scenario_generation.log"
Set parameter LogToConsole to value 0

Gurobi 12.0.3 (mac64[arm]) logging started Tue Sep 23 15:44:50 2025

Set parameter LogFile to value "Logs/Facility Location Logs/L30/phase1/scenario_generation.log"
Gurobi Optimizer version 12.0.3 build v12.0.3rc0 (mac64[arm] - Darwin 24.6.0 24G222)

CPU model: Apple M3
Thread count: 8 physical cores, 8 logical processors, using up to 8 threads

Non-default parameters:
LogToConsole  0

Optimize a model with 75 rows, 1325 columns and 2575 nonzeros
Model fingerprint: 0xbf2608b0
Variable types: 1300 continuous, 25 integer (25 binary)
Coefficient statistics:
  Matrix range     [1e+00, 2e+04]
  Objective range  [8e-03, 8e+03]
  Bounds range     [0e+00, 0e+00]
  RHS range        [1e+03, 9e+03]
Found heuristic solution: objective 5471000.0000
Presolve removed 0 rows and 1 columns
Presolve time: 0.00s
Presolved: 75 rows, 1324 columns, 2574 nonzeros
Variable types: 1300 continuous, 24 integer (24 binary)

Root relaxation: objective 8.797780e+04, 134 iterations, 0.00 seconds (0.00 work units)

    Nodes    |    Current Node    |     Objective Bounds      |     Work
 Expl Unexpl |  Obj  Depth IntInf | Incumbent    BestBd   Gap | It/Node Time

     0     0 87977.8033    0   24 5471000.00 87977.8033  98.4%     -    0s
H    0     0                    220767.80329 87977.8033  60.1%     -    0s
H    0     0                    198705.72309 87977.8033  55.7%     -    0s
H    0     0                    183970.26219 87977.8033  52.2%     -    0s
H    0     0                    178560.70325 87977.8033  50.7%     -    0s
H    0     0                    141744.66837 87977.8033  37.9%     -    0s
H    0     0                    107786.96121 92749.0606  14.0%     -    0s
H    0     0                    100493.82904 92749.0606  7.71%     -    0s
     0     0 92749.0606    0   11 100493.829 92749.0606  7.71%     -    0s
     0     0 92839.7465    0   11 100493.829 92839.7465  7.62%     -    0s
     0     0 93348.1287    0    8 100493.829 93348.1287  7.11%     -    0s
H    0     0                    99768.346647 93402.4298  6.38%     -    0s
H    0     0                    99764.677649 93402.4298  6.38%     -    0s
H    0     0                    99150.911436 93402.4298  5.80%     -    0s
     0     0 93402.4298    0    9 99150.9114 93402.4298  5.80%     -    0s
     0     0 93583.8167    0    8 99150.9114 93583.8167  5.61%     -    0s
H    0     0                    97959.676588 93603.1508  4.45%     -    0s
     0     0 93603.1508    0    8 97959.6766 93603.1508  4.45%     -    0s
     0     0 93603.1508    0   10 97959.6766 93603.1508  4.45%     -    0s
     0     0 93719.2834    0    7 97959.6766 93719.2834  4.33%     -    0s
     0     0 93721.8430    0    7 97959.6766 93721.8430  4.33%     -    0s
     0     0 93784.5477    0    4 97959.6766 93784.5477  4.26%     -    0s
     0     0 93794.1593    0    4 97959.6766 93794.1593  4.25%     -    0s
     0     0 93794.9759    0    4 97959.6766 93794.9759  4.25%     -    0s
     0     0 93812.9046    0    1 97959.6766 93812.9046  4.23%     -    0s
     0     0 93813.8404    0    2 97959.6766 93813.8404  4.23%     -    0s
     0     0 93815.0277    0    2 97959.6766 93815.0277  4.23%     -    0s
     0     0 93815.0277    0    2 97959.6766 93815.0277  4.23%     -    0s
     0     2 93815.0277    0    2 97959.6766 93815.0277  4.23%     -    0s

Cutting planes:
  Implied bound: 184
  MIR: 23
  Flow cover: 4
  Inf proof: 10
  Relax-and-lift: 4

Explored 5930 nodes (142220 simplex iterations) in 0.51 seconds (1.13 work units)
Thread count was 8 (of 8 available processors)

Solution count 10: 97959.7 99150.9 99764.7 ... 220768

Optimal solution found (tolerance 1.00e-04)
Best objective 9.795967658850e+04, best bound 9.795967658850e+04, gap 0.0000%

User-callback calls 12244, time in user-callback 0.00 sec

Gurobi 12.0.3 (mac64[arm]) logging started Tue Sep 23 15:44:51 2025

Set parameter LogFile to value "Logs/Facility Location Logs/L30/phase1/scenario_generation.log"
Set parameter LogToConsole to value 0

Gurobi 12.0.3 (mac64[arm]) logging started Tue Sep 23 15:44:51 2025

Set parameter LogFile to value "Logs/Facility Location Logs/L30/phase1/scenario_generation.log"
Gurobi Optimizer version 12.0.3 build v12.0.3rc0 (mac64[arm] - Darwin 24.6.0 24G222)

CPU model: Apple M3
Thread count: 8 physical cores, 8 logical processors, using up to 8 threads

Non-default parameters:
LogToConsole  0

Optimize a model with 75 rows, 1325 columns and 2575 nonzeros
Model fingerprint: 0xba37a3d0
Variable types: 1300 continuous, 25 integer (25 binary)
Coefficient statistics:
  Matrix range     [1e+00, 2e+04]
  Objective range  [8e-03, 8e+03]
  Bounds range     [0e+00, 0e+00]
  RHS range        [1e+03, 9e+03]
Found heuristic solution: objective 6221950.0000
Presolve removed 0 rows and 1 columns
Presolve time: 0.00s
Presolved: 75 rows, 1324 columns, 2574 nonzeros
Variable types: 1300 continuous, 24 integer (24 binary)

Root relaxation: objective 1.005116e+05, 150 iterations, 0.00 seconds (0.00 work units)

    Nodes    |    Current Node    |     Objective Bounds      |     Work
 Expl Unexpl |  Obj  Depth IntInf | Incumbent    BestBd   Gap | It/Node Time

     0     0 100511.629    0   24 6221950.00 100511.629  98.4%     -    0s
H    0     0                    225792.12872 100511.629  55.5%     -    0s
H    0     0                    211005.44220 100511.629  52.4%     -    0s
H    0     0                    197405.64505 100511.629  49.1%     -    0s
H    0     0                    182730.15112 100511.629  45.0%     -    0s
H    0     0                    182661.85058 100511.629  45.0%     -    0s
H    0     0                    182114.47048 105314.146  42.2%     -    0s
H    0     0                    146498.69788 105314.146  28.1%     -    0s
H    0     0                    112392.87914 105314.146  6.30%     -    0s
     0     0 105314.146    0   10 112392.879 105314.146  6.30%     -    0s
H    0     0                    111021.23949 105412.985  5.05%     -    0s
     0     0 105412.985    0    9 111021.239 105412.985  5.05%     -    0s
     0     0 105798.862    0    9 111021.239 105798.862  4.70%     -    0s
H    0     0                    111019.46621 105850.491  4.66%     -    0s
     0     0 105850.491    0   11 111019.466 105850.491  4.66%     -    0s
     0     0 105850.811    0    9 111019.466 105850.811  4.66%     -    0s
     0     0 106037.829    0    9 111019.466 106037.829  4.49%     -    0s
     0     0 106041.890    0   10 111019.466 106041.890  4.48%     -    0s
     0     0 106043.554    0   10 111019.466 106043.554  4.48%     -    0s
     0     0 106149.357    0    7 111019.466 106149.357  4.39%     -    0s
     0     0 106155.930    0    5 111019.466 106155.930  4.38%     -    0s
     0     0 106160.203    0    3 111019.466 106160.203  4.38%     -    0s
     0     0 106180.245    0    5 111019.466 106180.245  4.36%     -    0s
H    0     0                    110601.09767 106180.245  4.00%     -    0s
     0     0 106184.855    0    7 110601.098 106184.855  3.99%     -    0s
     0     0 106189.349    0    5 110601.098 106189.349  3.99%     -    0s
     0     0 106189.349    0    5 110601.098 106189.349  3.99%     -    0s
     0     2 106189.359    0    5 110601.098 106189.359  3.99%     -    0s
* 2603   842               6    110568.94632 106644.267  3.55%  23.4    0s

Cutting planes:
  Implied bound: 143
  MIR: 11
  Flow cover: 6
  Inf proof: 16
  Relax-and-lift: 11

Explored 6210 nodes (152928 simplex iterations) in 0.52 seconds (1.18 work units)
Thread count was 8 (of 8 available processors)

Solution count 10: 110569 110601 111019 ... 211005

Optimal solution found (tolerance 1.00e-04)
Best objective 1.105689463183e+05, best bound 1.105689463183e+05, gap 0.0000%

User-callback calls 12806, time in user-callback 0.00 sec

Gurobi 12.0.3 (mac64[arm]) logging started Tue Sep 23 15:44:51 2025

Set parameter LogFile to value "Logs/Facility Location Logs/L30/phase1/scenario_generation.log"
Set parameter LogToConsole to value 0

Gurobi 12.0.3 (mac64[arm]) logging started Tue Sep 23 15:44:51 2025

Set parameter LogFile to value "Logs/Facility Location Logs/L30/phase1/scenario_generation.log"
Gurobi Optimizer version 12.0.3 build v12.0.3rc0 (mac64[arm] - Darwin 24.6.0 24G222)

CPU model: Apple M3
Thread count: 8 physical cores, 8 logical processors, using up to 8 threads

Non-default parameters:
LogToConsole  0

Optimize a model with 75 rows, 1325 columns and 2575 nonzeros
Model fingerprint: 0xff33869d
Variable types: 1300 continuous, 25 integer (25 binary)
Coefficient statistics:
  Matrix range     [1e+00, 2e+04]
  Objective range  [8e-03, 8e+03]
  Bounds range     [0e+00, 0e+00]
  RHS range        [8e+02, 2e+04]
Found heuristic solution: objective 4980500.0000
Presolve removed 0 rows and 1 columns
Presolve time: 0.00s
Presolved: 75 rows, 1324 columns, 2574 nonzeros
Variable types: 1300 continuous, 24 integer (24 binary)

Root relaxation: objective 9.724608e+04, 132 iterations, 0.00 seconds (0.00 work units)

    Nodes    |    Current Node    |     Objective Bounds      |     Work
 Expl Unexpl |  Obj  Depth IntInf | Incumbent    BestBd   Gap | It/Node Time

     0     0 97246.0789    0   23 4980500.00 97246.0789  98.0%     -    0s
H    0     0                    234941.07892 97246.0789  58.6%     -    0s
H    0     0                    205303.07919 97246.0789  52.6%     -    0s
H    0     0                    192759.94869 97246.0789  49.6%     -    0s
H    0     0                    192757.68015 97246.0789  49.6%     -    0s
H    0     0                    178059.84304 98143.9931  44.9%     -    0s
H    0     0                    163504.60338 98143.9931  40.0%     -    0s
H    0     0                    155674.26495 101576.898  34.8%     -    0s
H    0     0                    120469.60819 101576.898  15.7%     -    0s
H    0     0                    108396.44169 101576.898  6.29%     -    0s
H    0     0                    106642.45695 101576.898  4.75%     -    0s
     0     0 101576.898    0   10 106642.457 101576.898  4.75%     -    0s
     0     0 101634.075    0   11 106642.457 101634.075  4.70%     -    0s
     0     0 102002.433    0    6 106642.457 102002.433  4.35%     -    0s
H    0     0                    105177.97016 102008.149  3.01%     -    0s
H    0     0                    105153.89282 102008.149  2.99%     -    0s
     0     0 102008.149    0    7 105153.893 102008.149  2.99%     -    0s
     0     0 102275.872    0    9 105153.893 102275.872  2.74%     -    0s
H    0     0                    105109.49467 102288.103  2.68%     -    0s
     0     0 102288.103    0    9 105109.495 102288.103  2.68%     -    0s
H    0     0                    104851.29003 102439.486  2.30%     -    0s
     0     0 102439.486    0    7 104851.290 102439.486  2.30%     -    0s
     0     0 102440.590    0    7 104851.290 102440.590  2.30%     -    0s
     0     0 102485.015    0    4 104851.290 102485.015  2.26%     -    0s
     0     0 102485.810    0    4 104851.290 102485.810  2.26%     -    0s
     0     0 102485.810    0    4 104851.290 102485.810  2.26%     -    0s
H    0     0                    104796.39580 102485.810  2.20%     -    0s
     0     2 102485.820    0    4 104796.396 102485.820  2.20%     -    0s

Cutting planes:
  Implied bound: 109
  MIR: 3
  Flow cover: 2
  Relax-and-lift: 4

Explored 1363 nodes (28805 simplex iterations) in 0.17 seconds (0.33 work units)
Thread count was 8 (of 8 available processors)

Solution count 10: 104796 104851 105109 ... 192760

Optimal solution found (tolerance 1.00e-04)
Best objective 1.047963957981e+05, best bound 1.047963957981e+05, gap 0.0000%

User-callback calls 3048, time in user-callback 0.00 sec

Gurobi 12.0.3 (mac64[arm]) logging started Tue Sep 23 15:44:51 2025

Set parameter LogFile to value "Logs/Facility Location Logs/L30/phase1/scenario_generation.log"
Set parameter LogToConsole to value 0

Gurobi 12.0.3 (mac64[arm]) logging started Tue Sep 23 15:44:51 2025

Set parameter LogFile to value "Logs/Facility Location Logs/L30/phase1/scenario_generation.log"
Gurobi Optimizer version 12.0.3 build v12.0.3rc0 (mac64[arm] - Darwin 24.6.0 24G222)

CPU model: Apple M3
Thread count: 8 physical cores, 8 logical processors, using up to 8 threads

Non-default parameters:
LogToConsole  0

Optimize a model with 75 rows, 1325 columns and 2575 nonzeros
Model fingerprint: 0x952c4707
Variable types: 1300 continuous, 25 integer (25 binary)
Coefficient statistics:
  Matrix range     [1e+00, 2e+04]
  Objective range  [8e-03, 8e+03]
  Bounds range     [0e+00, 0e+00]
  RHS range        [1e+03, 1e+04]
Found heuristic solution: objective 5304850.0000
Presolve removed 0 rows and 1 columns
Presolve time: 0.00s
Presolved: 75 rows, 1324 columns, 2574 nonzeros
Variable types: 1300 continuous, 24 integer (24 binary)

Root relaxation: objective 9.075003e+04, 111 iterations, 0.00 seconds (0.00 work units)

    Nodes    |    Current Node    |     Objective Bounds      |     Work
 Expl Unexpl |  Obj  Depth IntInf | Incumbent    BestBd   Gap | It/Node Time

     0     0 90750.0328    0   24 5304850.00 90750.0328  98.3%     -    0s
H    0     0                    225201.53280 90750.0328  59.7%     -    0s
H    0     0                    202982.05667 90750.0328  55.3%     -    0s
H    0     0                    191833.16511 90750.0328  52.7%     -    0s
H    0     0                    185242.27966 90750.0328  51.0%     -    0s
H    0     0                    181492.02231 95592.4711  47.3%     -    0s
H    0     0                    145302.72866 95592.4711  34.2%     -    0s
H    0     0                    110588.57829 95592.4711  13.6%     -    0s
     0     0 95592.4711    0   10 110588.578 95592.4711  13.6%     -    0s
H    0     0                    102998.36245 95686.2267  7.10%     -    0s
     0     0 95686.2267    0   10 102998.362 95686.2267  7.10%     -    0s
     0     0 96099.3836    0    9 102998.362 96099.3836  6.70%     -    0s
H    0     0                    102991.80712 96099.3836  6.69%     -    0s
     0     0 96152.8435    0    8 102991.807 96152.8435  6.64%     -    0s
     0     0 96285.3320    0    9 102991.807 96285.3320  6.51%     -    0s
     0     0 96292.6836    0    9 102991.807 96292.6836  6.50%     -    0s
     0     0 96422.2487    0    8 102991.807 96422.2487  6.38%     -    0s
H    0     0                    102921.33054 96422.2487  6.31%     -    0s
     0     0 96442.2342    0    5 102921.331 96442.2342  6.30%     -    0s
     0     0 96445.1439    0    5 102921.331 96445.1439  6.29%     -    0s
     0     0 96472.2546    0    1 102921.331 96472.2546  6.27%     -    0s
     0     0 96472.4915    0    3 102921.331 96472.4915  6.27%     -    0s
     0     0 96472.4915    0    3 102921.331 96472.4915  6.27%     -    0s
H    0     0                    102874.78063 96472.4915  6.22%     -    0s
H    0     0                    102802.72465 96472.4915  6.16%     -    0s
     0     2 96472.5134    0    3 102802.725 96472.5134  6.16%     -    0s
H  103   136                    102785.85601 96478.4883  6.14%  11.2    0s
H  113   136                    102769.24197 96478.4883  6.12%  11.6    0s
H  399   301                    102768.90742 96496.7647  6.10%  20.9    0s
H  413   301                    102768.32349 96496.7647  6.10%  21.1    0s
*  944   487              17    102436.22890 96613.5348  5.68%  20.9    0s
H 1455   662                    102340.40330 96764.4442  5.45%  20.5    0s

Cutting planes:
  Implied bound: 195
  MIR: 7
  Flow cover: 10
  Inf proof: 8
  Relax-and-lift: 11

Explored 4976 nodes (114544 simplex iterations) in 0.40 seconds (0.89 work units)
Thread count was 8 (of 8 available processors)

Solution count 10: 102340 102436 102768 ... 191833

Optimal solution found (tolerance 1.00e-04)
Best objective 1.023404032974e+05, best bound 1.023404032974e+05, gap 0.0000%

User-callback calls 10341, time in user-callback 0.00 sec

Gurobi 12.0.3 (mac64[arm]) logging started Tue Sep 23 15:44:52 2025

Set parameter LogFile to value "Logs/Facility Location Logs/L30/phase1/scenario_generation.log"
Set parameter LogToConsole to value 0

Gurobi 12.0.3 (mac64[arm]) logging started Tue Sep 23 15:44:52 2025

Set parameter LogFile to value "Logs/Facility Location Logs/L30/phase1/scenario_generation.log"
Gurobi Optimizer version 12.0.3 build v12.0.3rc0 (mac64[arm] - Darwin 24.6.0 24G222)

CPU model: Apple M3
Thread count: 8 physical cores, 8 logical processors, using up to 8 threads

Non-default parameters:
LogToConsole  0

Optimize a model with 75 rows, 1325 columns and 2575 nonzeros
Model fingerprint: 0x4b6f787b
Variable types: 1300 continuous, 25 integer (25 binary)
Coefficient statistics:
  Matrix range     [1e+00, 2e+04]
  Objective range  [8e-03, 8e+03]
  Bounds range     [0e+00, 0e+00]
  RHS range        [1e+03, 1e+04]
Found heuristic solution: objective 6186250.0000
Presolve removed 0 rows and 1 columns
Presolve time: 0.00s
Presolved: 75 rows, 1324 columns, 2574 nonzeros
Variable types: 1300 continuous, 24 integer (24 binary)

Root relaxation: objective 1.079951e+05, 118 iterations, 0.00 seconds (0.00 work units)

    Nodes    |    Current Node    |     Objective Bounds      |     Work
 Expl Unexpl |  Obj  Depth IntInf | Incumbent    BestBd   Gap | It/Node Time

     0     0 107995.094    0   24 6186250.00 107995.094  98.3%     -    0s
H    0     0                    233632.59381 107995.094  53.8%     -    0s
H    0     0                    211548.95015 107995.094  49.0%     -    0s
H    0     0                    191563.21078 107995.094  43.6%     -    0s
H    0     0                    189411.23400 112790.407  40.5%     -    0s
H    0     0                    153269.74275 112790.407  26.4%     -    0s
H    0     0                    119502.93023 112790.407  5.62%     -    0s
     0     0 112790.407    0    9 119502.930 112790.407  5.62%     -    0s
H    0     0                    119492.72655 112824.214  5.58%     -    0s
H    0     0                    119486.09334 112824.214  5.58%     -    0s
     0     0 112824.214    0    9 119486.093 112824.214  5.58%     -    0s
     0     0 113278.245    0   10 119486.093 113278.245  5.20%     -    0s
     0     0 113324.537    0   10 119486.093 113324.537  5.16%     -    0s
H    0     0                    119472.13768 113330.785  5.14%     -    0s
H    0     0                    119128.56621 113330.785  4.87%     -    0s
     0     0 113330.785    0   10 119128.566 113330.785  4.87%     -    0s
     0     0 113497.675    0    9 119128.566 113497.675  4.73%     -    0s
H    0     0                    118450.29920 113515.620  4.17%     -    0s
     0     0 113515.620    0    9 118450.299 113515.620  4.17%     -    0s
     0     0 113614.784    0    6 118450.299 113614.784  4.08%     -    0s
H    0     0                    118352.77170 113614.784  4.00%     -    0s
     0     0 113618.080    0    3 118352.772 113618.080  4.00%     -    0s
     0     0 113635.089    0    4 118352.772 113635.089  3.99%     -    0s
     0     0 113647.706    0    4 118352.772 113647.706  3.98%     -    0s
     0     0 113657.923    0    6 118352.772 113657.923  3.97%     -    0s
     0     0 113657.923    0    6 118352.772 113657.923  3.97%     -    0s
     0     2 113657.940    0    6 118352.772 113657.940  3.97%     -    0s
*  718   365               6    118329.87888 114060.373  3.61%  24.1    0s
* 2534   214               9    118302.19138 116485.657  1.54%  25.3    0s

Cutting planes:
  Implied bound: 155
  MIR: 10
  Flow cover: 2
  Inf proof: 11
  Relax-and-lift: 6

Explored 2995 nodes (72837 simplex iterations) in 0.30 seconds (0.66 work units)
Thread count was 8 (of 8 available processors)

Solution count 10: 118302 118330 118353 ... 191563

Optimal solution found (tolerance 1.00e-04)
Best objective 1.183021913796e+05, best bound 1.183021913796e+05, gap 0.0000%

User-callback calls 6360, time in user-callback 0.00 sec

Gurobi 12.0.3 (mac64[arm]) logging started Tue Sep 23 15:44:52 2025

Set parameter LogFile to value "Logs/Facility Location Logs/L30/phase1/scenario_generation.log"
Set parameter LogToConsole to value 0

Gurobi 12.0.3 (mac64[arm]) logging started Tue Sep 23 15:44:52 2025

Set parameter LogFile to value "Logs/Facility Location Logs/L30/phase1/scenario_generation.log"
Gurobi Optimizer version 12.0.3 build v12.0.3rc0 (mac64[arm] - Darwin 24.6.0 24G222)

CPU model: Apple M3
Thread count: 8 physical cores, 8 logical processors, using up to 8 threads

Non-default parameters:
LogToConsole  0

Optimize a model with 75 rows, 1325 columns and 2575 nonzeros
Model fingerprint: 0x644e2af4
Variable types: 1300 continuous, 25 integer (25 binary)
Coefficient statistics:
  Matrix range     [1e+00, 2e+04]
  Objective range  [8e-03, 8e+03]
  Bounds range     [0e+00, 0e+00]
  RHS range        [1e+03, 2e+04]
Found heuristic solution: objective 5885150.0000
Presolve removed 0 rows and 1 columns
Presolve time: 0.00s
Presolved: 75 rows, 1324 columns, 2574 nonzeros
Variable types: 1300 continuous, 24 integer (24 binary)

Root relaxation: objective 1.128121e+05, 149 iterations, 0.00 seconds (0.00 work units)

    Nodes    |    Current Node    |     Objective Bounds      |     Work
 Expl Unexpl |  Obj  Depth IntInf | Incumbent    BestBd   Gap | It/Node Time

     0     0 112812.069    0   23 5885150.00 112812.069  98.1%     -    0s
H    0     0                    241460.56912 112812.069  53.3%     -    0s
H    0     0                    219412.78986 112812.069  48.6%     -    0s
H    0     0                    191099.86699 112812.069  41.0%     -    0s
H    0     0                    184779.21840 112812.069  38.9%     -    0s
H    0     0                    154777.24334 112812.069  27.1%     -    0s
H    0     0                    119907.71044 117501.824  2.01%     -    0s
H    0     0                    119819.68589 117501.824  1.93%     -    0s
     0     0 117501.824    0   11 119819.686 117501.824  1.93%     -    0s
     0     0 117568.174    0   11 119819.686 117568.174  1.88%     -    0s
     0     0 118012.478    0    7 119819.686 118012.478  1.51%     -    0s
     0     0 118054.207    0   10 119819.686 118054.207  1.47%     -    0s
     0     0 118242.198    0   10 119819.686 118242.198  1.32%     -    0s
     0     0 118252.417    0   10 119819.686 118252.417  1.31%     -    0s
H    0     0                    119805.09871 118252.417  1.30%     -    0s
     0     0 118376.285    0    9 119805.099 118376.285  1.19%     -    0s
H    0     0                    119685.04031 118376.345  1.09%     -    0s
     0     0 118384.394    0    9 119685.040 118384.394  1.09%     -    0s
     0     0 118386.036    0    9 119685.040 118386.036  1.09%     -    0s
     0     0 118436.497    0    7 119685.040 118436.497  1.04%     -    0s
     0     0 118439.715    0    7 119685.040 118439.715  1.04%     -    0s
     0     0 118452.172    0    8 119685.040 118452.172  1.03%     -    0s
     0     0 118452.172    0    8 119685.040 118452.172  1.03%     -    0s
     0     2 118452.172    0    8 119685.040 118452.172  1.03%     -    0s
H  308   184                    119646.61657 118651.322  0.83%  19.9    0s

Cutting planes:
  Implied bound: 118
  MIR: 11
  Flow cover: 3
  Relax-and-lift: 4

Explored 1395 nodes (30462 simplex iterations) in 0.16 seconds (0.32 work units)
Thread count was 8 (of 8 available processors)

Solution count 10: 119647 119685 119805 ... 5.88515e+06

Optimal solution found (tolerance 1.00e-04)
Best objective 1.196466165656e+05, best bound 1.196466165656e+05, gap 0.0000%

User-callback calls 3101, time in user-callback 0.00 sec

Gurobi 12.0.3 (mac64[arm]) logging started Tue Sep 23 15:44:52 2025

Set parameter LogFile to value "Logs/Facility Location Logs/L30/phase1/scenario_generation.log"
Set parameter LogToConsole to value 0

Gurobi 12.0.3 (mac64[arm]) logging started Tue Sep 23 15:44:52 2025

Set parameter LogFile to value "Logs/Facility Location Logs/L30/phase1/scenario_generation.log"
Gurobi Optimizer version 12.0.3 build v12.0.3rc0 (mac64[arm] - Darwin 24.6.0 24G222)

CPU model: Apple M3
Thread count: 8 physical cores, 8 logical processors, using up to 8 threads

Non-default parameters:
LogToConsole  0

Optimize a model with 75 rows, 1325 columns and 2575 nonzeros
Model fingerprint: 0x8591b000
Variable types: 1300 continuous, 25 integer (25 binary)
Coefficient statistics:
  Matrix range     [1e+00, 2e+04]
  Objective range  [8e-03, 8e+03]
  Bounds range     [0e+00, 0e+00]
  RHS range        [1e+03, 1e+04]
Found heuristic solution: objective 5708250.0000
Presolve removed 0 rows and 1 columns
Presolve time: 0.00s
Presolved: 75 rows, 1324 columns, 2574 nonzeros
Variable types: 1300 continuous, 24 integer (24 binary)

Root relaxation: objective 9.734735e+04, 109 iterations, 0.00 seconds (0.00 work units)

    Nodes    |    Current Node    |     Objective Bounds      |     Work
 Expl Unexpl |  Obj  Depth IntInf | Incumbent    BestBd   Gap | It/Node Time

     0     0 97347.3455    0   24 5708250.00 97347.3455  98.3%     -    0s
H    0     0                    227764.84555 97347.3455  57.3%     -    0s
H    0     0                    198317.19587 97347.3455  50.9%     -    0s
H    0     0                    141833.01732 97347.3455  31.4%     -    0s
H    0     0                    112765.35260 97347.3455  13.7%     -    0s
H    0     0                    106455.27244 97347.3455  8.56%     -    0s
     0     0 102287.495    0   11 106455.272 102287.495  3.92%     -    0s
     0     0 102407.344    0   11 106455.272 102407.344  3.80%     -    0s
     0     0 102849.187    0    8 106455.272 102849.187  3.39%     -    0s
H    0     0                    106219.88368 102868.074  3.16%     -    0s
     0     0 102868.074    0    8 106219.884 102868.074  3.16%     -    0s
H    0     0                    106141.68331 102869.030  3.08%     -    0s
     0     0 102869.030    0    9 106141.683 102869.030  3.08%     -    0s
H    0     0                    105953.19952 102869.030  2.91%     -    0s
     0     0 103044.444    0   10 105953.200 103044.444  2.75%     -    0s
     0     0 103064.801    0   10 105953.200 103064.801  2.73%     -    0s
     0     0 103064.801    0   10 105953.200 103064.801  2.73%     -    0s
H    0     0                    105490.55422 103064.801  2.30%     -    0s
     0     0 103152.922    0    8 105490.554 103152.922  2.22%     -    0s
H    0     0                    105450.17305 103153.119  2.18%     -    0s
     0     0 103155.873    0    6 105450.173 103155.873  2.18%     -    0s
     0     0 103169.891    0    4 105450.173 103169.891  2.16%     -    0s
     0     0 103170.164    0    4 105450.173 103170.164  2.16%     -    0s
     0     0 103183.806    0    1 105450.173 103183.806  2.15%     -    0s
     0     0 103186.913    0    5 105450.173 103186.913  2.15%     -    0s
     0     0 103187.642    0    3 105450.173 103187.642  2.15%     -    0s
     0     0 103187.642    0    3 105450.173 103187.642  2.15%     -    0s
     0     2 103187.642    0    3 105450.173 103187.642  2.15%     -    0s

Cutting planes:
  Gomory: 3
  Implied bound: 71
  MIR: 12
  Flow cover: 10
  Relax-and-lift: 12

Explored 16167 nodes (313586 simplex iterations) in 1.31 seconds (2.85 work units)
Thread count was 8 (of 8 available processors)

Solution count 10: 105450 105491 105953 ... 5.70825e+06

Optimal solution found (tolerance 1.00e-04)
Best objective 1.054501730533e+05, best bound 1.054501730533e+05, gap 0.0000%

User-callback calls 33116, time in user-callback 0.01 sec

Gurobi 12.0.3 (mac64[arm]) logging started Tue Sep 23 15:44:54 2025

Set parameter LogFile to value "Logs/Facility Location Logs/L30/phase1/scenario_generation.log"
Set parameter LogToConsole to value 0

Gurobi 12.0.3 (mac64[arm]) logging started Tue Sep 23 15:44:54 2025

Set parameter LogFile to value "Logs/Facility Location Logs/L30/phase1/scenario_generation.log"
Gurobi Optimizer version 12.0.3 build v12.0.3rc0 (mac64[arm] - Darwin 24.6.0 24G222)

CPU model: Apple M3
Thread count: 8 physical cores, 8 logical processors, using up to 8 threads

Non-default parameters:
LogToConsole  0

Optimize a model with 75 rows, 1325 columns and 2575 nonzeros
Model fingerprint: 0x97b8c774
Variable types: 1300 continuous, 25 integer (25 binary)
Coefficient statistics:
  Matrix range     [1e+00, 2e+04]
  Objective range  [8e-03, 8e+03]
  Bounds range     [0e+00, 0e+00]
  RHS range        [1e+03, 2e+04]
Found heuristic solution: objective 6502250.0000
Presolve removed 0 rows and 1 columns
Presolve time: 0.00s
Presolved: 75 rows, 1324 columns, 2574 nonzeros
Variable types: 1300 continuous, 24 integer (24 binary)

Root relaxation: objective 1.189907e+05, 142 iterations, 0.00 seconds (0.00 work units)

    Nodes    |    Current Node    |     Objective Bounds      |     Work
 Expl Unexpl |  Obj  Depth IntInf | Incumbent    BestBd   Gap | It/Node Time

     0     0 118990.750    0   23 6502250.00 118990.750  98.2%     -    0s
H    0     0                    241468.24953 118990.750  50.7%     -    0s
H    0     0                    219357.96011 118990.750  45.8%     -    0s
H    0     0                    205781.62029 118990.750  42.2%     -    0s
H    0     0                    198477.51325 118990.750  40.0%     -    0s
H    0     0                    197237.10041 123697.305  37.3%     -    0s
H    0     0                    162066.72564 123697.305  23.7%     -    0s
H    0     0                    127481.04874 123697.305  2.97%     -    0s
H    0     0                    127407.99913 123697.305  2.91%     -    0s
     0     0 123697.305    0   11 127407.999 123697.305  2.91%     -    0s
     0     0 123738.466    0   11 127407.999 123738.466  2.88%     -    0s
H    0     0                    127366.49185 123738.466  2.85%     -    0s
     0     0 124132.381    0   11 127366.492 124132.381  2.54%     -    0s
H    0     0                    127208.43866 124170.202  2.39%     -    0s
     0     0 124189.838    0   10 127208.439 124189.838  2.37%     -    0s
     0     0 124189.838    0   11 127208.439 124189.838  2.37%     -    0s
     0     0 124279.420    0   12 127208.439 124279.420  2.30%     -    0s
H    0     0                    126477.26879 124296.571  1.72%     -    0s
     0     0 124296.571    0   10 126477.269 124296.571  1.72%     -    0s
     0     0 124382.317    0    6 126477.269 124382.317  1.66%     -    0s
H    0     0                    126435.81578 124382.317  1.62%     -    0s
     0     0 124405.781    0    6 126435.816 124405.781  1.61%     -    0s
     0     0 124405.781    0    6 126435.816 124405.781  1.61%     -    0s
     0     2 124405.797    0    6 126435.816 124405.797  1.61%     -    0s

Cutting planes:
  Implied bound: 172
  MIR: 9
  Flow cover: 11
  Relax-and-lift: 8

Explored 7329 nodes (158582 simplex iterations) in 0.55 seconds (1.28 work units)
Thread count was 8 (of 8 available processors)

Solution count 10: 126436 126477 127366 ... 241468

Optimal solution found (tolerance 1.00e-04)
Best objective 1.264358157799e+05, best bound 1.264358157799e+05, gap 0.0000%

User-callback calls 15058, time in user-callback 0.00 sec

Gurobi 12.0.3 (mac64[arm]) logging started Tue Sep 23 15:44:54 2025

Set parameter LogFile to value "Logs/Facility Location Logs/L30/phase1/scenario_generation.log"
Set parameter LogToConsole to value 0

Gurobi 12.0.3 (mac64[arm]) logging started Tue Sep 23 15:44:54 2025

Set parameter LogFile to value "Logs/Facility Location Logs/L30/phase1/scenario_generation.log"
Gurobi Optimizer version 12.0.3 build v12.0.3rc0 (mac64[arm] - Darwin 24.6.0 24G222)

CPU model: Apple M3
Thread count: 8 physical cores, 8 logical processors, using up to 8 threads

Non-default parameters:
LogToConsole  0

Optimize a model with 75 rows, 1325 columns and 2575 nonzeros
Model fingerprint: 0x94cc7743
Variable types: 1300 continuous, 25 integer (25 binary)
Coefficient statistics:
  Matrix range     [1e+00, 2e+04]
  Objective range  [8e-03, 8e+03]
  Bounds range     [0e+00, 0e+00]
  RHS range        [3e+02, 1e+04]
Found heuristic solution: objective 3380750.0000
Presolve removed 0 rows and 1 columns
Presolve time: 0.00s
Presolved: 75 rows, 1324 columns, 2574 nonzeros
Variable types: 1300 continuous, 24 integer (24 binary)

Root relaxation: objective 6.773992e+04, 146 iterations, 0.00 seconds (0.00 work units)

    Nodes    |    Current Node    |     Objective Bounds      |     Work
 Expl Unexpl |  Obj  Depth IntInf | Incumbent    BestBd   Gap | It/Node Time

     0     0 67739.9224    0   21 3380750.00 67739.9224  98.0%     -    0s
H    0     0                    198932.42237 67739.9224  65.9%     -    0s
H    0     0                    161886.93290 67739.9224  58.2%     -    0s
H    0     0                    139009.13902 67739.9224  51.3%     -    0s
     0     0 72499.5036    0    8 139009.139 72499.5036  47.8%     -    0s
H    0     0                    121192.00355 72567.3642  40.1%     -    0s
H    0     0                    105440.97345 72567.3642  31.2%     -    0s
     0     0 72567.3642    0    8 105440.973 72567.3642  31.2%     -    0s
H    0     0                    105192.45600 72567.3642  31.0%     -    0s
     0     0 72837.4972    0    4 105192.456 72837.4972  30.8%     -    0s
H    0     0                    99029.997205 72866.6540  26.4%     -    0s
H    0     0                    98973.901696 72866.6540  26.4%     -    0s
H    0     0                    91882.567930 72866.6540  20.7%     -    0s
H    0     0                    84791.947753 72866.6540  14.1%     -    0s
H    0     0                    77652.479411 72866.6540  6.16%     -    0s
H    0     0                    75924.873901 73059.2216  3.77%     -    0s
     0     0 73059.2216    0    4 75924.8739 73059.2216  3.77%     -    0s
     0     0 73117.1311    0    5 75924.8739 73117.1311  3.70%     -    0s
     0     0 73264.9028    0    5 75924.8739 73264.9028  3.50%     -    0s
H    0     0                    75916.091536 73265.3290  3.49%     -    0s
     0     0 73311.1550    0    4 75916.0915 73311.1550  3.43%     -    0s
     0     0 73311.6933    0    5 75916.0915 73311.6933  3.43%     -    0s
H    0     0                    75806.179840 73393.4240  3.18%     -    0s
     0     0 73393.4240    0    2 75806.1798 73393.4240  3.18%     -    0s
     0     0 73393.5835    0    3 75806.1798 73393.5835  3.18%     -    0s
     0     0 73397.0326    0    4 75806.1798 73397.0326  3.18%     -    0s
     0     0 73415.8603    0    4 75806.1798 73415.8603  3.15%     -    0s
     0     2 73415.8603    0    4 75806.1798 73415.8603  3.15%     -    0s
H   10    12                    75737.030540 73419.6840  3.06%  36.5    0s

Cutting planes:
  Implied bound: 59
  MIR: 9
  Relax-and-lift: 3

Explored 248 nodes (5517 simplex iterations) in 0.06 seconds (0.10 work units)
Thread count was 8 (of 8 available processors)

Solution count 10: 75737 75806.2 77652.5 ... 121192

Optimal solution found (tolerance 1.00e-04)
Best objective 7.573703053969e+04, best bound 7.573703053969e+04, gap 0.0000%

User-callback calls 782, time in user-callback 0.00 sec

Gurobi 12.0.3 (mac64[arm]) logging started Tue Sep 23 15:44:54 2025

Set parameter LogFile to value "Logs/Facility Location Logs/L30/phase1/scenario_generation.log"
Set parameter LogToConsole to value 0

Gurobi 12.0.3 (mac64[arm]) logging started Tue Sep 23 15:44:54 2025

Set parameter LogFile to value "Logs/Facility Location Logs/L30/phase1/scenario_generation.log"
Gurobi Optimizer version 12.0.3 build v12.0.3rc0 (mac64[arm] - Darwin 24.6.0 24G222)

CPU model: Apple M3
Thread count: 8 physical cores, 8 logical processors, using up to 8 threads

Non-default parameters:
LogToConsole  0

Optimize a model with 75 rows, 1325 columns and 2575 nonzeros
Model fingerprint: 0x722c6535
Variable types: 1300 continuous, 25 integer (25 binary)
Coefficient statistics:
  Matrix range     [1e+00, 2e+04]
  Objective range  [8e-03, 8e+03]
  Bounds range     [0e+00, 0e+00]
  RHS range        [9e+02, 2e+04]
Found heuristic solution: objective 5175900.0000
Presolve removed 0 rows and 1 columns
Presolve time: 0.00s
Presolved: 75 rows, 1324 columns, 2574 nonzeros
Variable types: 1300 continuous, 24 integer (24 binary)

Root relaxation: objective 1.014168e+05, 145 iterations, 0.00 seconds (0.00 work units)

    Nodes    |    Current Node    |     Objective Bounds      |     Work
 Expl Unexpl |  Obj  Depth IntInf | Incumbent    BestBd   Gap | It/Node Time

     0     0 101416.819    0   23 5175900.00 101416.819  98.0%     -    0s
H    0     0                    237157.81899 101416.819  57.2%     -    0s
H    0     0                    215124.66396 101416.819  52.9%     -    0s
H    0     0                    136722.73180 101416.819  25.8%     -    0s
H    0     0                    130626.40036 101416.819  22.4%     -    0s
H    0     0                    129322.11082 101416.819  21.6%     -    0s
H    0     0                    121679.55745 101416.819  16.7%     -    0s
H    0     0                    108228.32363 101416.819  6.29%     -    0s
H    0     0                    107773.62361 101416.819  5.90%     -    0s
     0     0 105765.247    0   10 107773.624 105765.247  1.86%     -    0s
     0     0 105876.413    0   10 107773.624 105876.413  1.76%     -    0s
     0     0 106221.105    0    9 107773.624 106221.105  1.44%     -    0s
     0     0 106232.529    0    8 107773.624 106232.529  1.43%     -    0s
H    0     0                    107709.75196 106232.529  1.37%     -    0s
H    0     0                    107520.91819 106431.830  1.01%     -    0s
     0     0 106431.830    0   10 107520.918 106431.830  1.01%     -    0s
H    0     0                    107459.00938 106443.867  0.94%     -    0s
     0     0 106443.867    0    7 107459.009 106443.867  0.94%     -    0s
     0     0 106443.867    0    7 107459.009 106443.867  0.94%     -    0s
     0     0 106590.380    0    7 107459.009 106590.380  0.81%     -    0s
H    0     0                    107445.24690 106601.612  0.79%     -    0s
H    0     0                    107417.17843 106601.612  0.76%     -    0s
     0     0 106601.612    0    6 107417.178 106601.612  0.76%     -    0s
     0     0 106601.723    0    6 107417.178 106601.723  0.76%     -    0s
     0     0 106657.463    0    5 107417.178 106657.463  0.71%     -    0s
H    0     0                    107304.30556 106657.463  0.60%     -    0s
     0     0 106657.540    0    4 107304.306 106657.540  0.60%     -    0s
     0     0 106658.556    0    5 107304.306 106658.556  0.60%     -    0s
     0     0 106658.556    0    5 107304.306 106658.556  0.60%     -    0s
     0     2 106658.556    0    5 107304.306 106658.556  0.60%     -    0s

Cutting planes:
  Implied bound: 92
  MIR: 8
  Flow cover: 7
  Relax-and-lift: 5

Explored 132 nodes (3774 simplex iterations) in 0.05 seconds (0.09 work units)
Thread count was 8 (of 8 available processors)

Solution count 10: 107304 107417 107521 ... 5.1759e+06

Optimal solution found (tolerance 1.00e-04)
Best objective 1.073043055599e+05, best bound 1.073043055599e+05, gap 0.0000%

User-callback calls 548, time in user-callback 0.00 sec

Gurobi 12.0.3 (mac64[arm]) logging started Tue Sep 23 15:44:54 2025

Set parameter LogFile to value "Logs/Facility Location Logs/L30/phase1/scenario_generation.log"
Set parameter LogToConsole to value 0

Gurobi 12.0.3 (mac64[arm]) logging started Tue Sep 23 15:44:54 2025

Set parameter LogFile to value "Logs/Facility Location Logs/L30/phase1/scenario_generation.log"
Gurobi Optimizer version 12.0.3 build v12.0.3rc0 (mac64[arm] - Darwin 24.6.0 24G222)

CPU model: Apple M3
Thread count: 8 physical cores, 8 logical processors, using up to 8 threads

Non-default parameters:
LogToConsole  0

Optimize a model with 75 rows, 1325 columns and 2575 nonzeros
Model fingerprint: 0x2f69b802
Variable types: 1300 continuous, 25 integer (25 binary)
Coefficient statistics:
  Matrix range     [1e+00, 2e+04]
  Objective range  [8e-03, 8e+03]
  Bounds range     [0e+00, 0e+00]
  RHS range        [6e+02, 2e+04]
Found heuristic solution: objective 4765700.0000
Presolve removed 0 rows and 1 columns
Presolve time: 0.00s
Presolved: 75 rows, 1324 columns, 2574 nonzeros
Variable types: 1300 continuous, 24 integer (24 binary)

Root relaxation: objective 1.016722e+05, 143 iterations, 0.00 seconds (0.00 work units)

    Nodes    |    Current Node    |     Objective Bounds      |     Work
 Expl Unexpl |  Obj  Depth IntInf | Incumbent    BestBd   Gap | It/Node Time

     0     0 101672.229    0   22 4765700.00 101672.229  97.9%     -    0s
H    0     0                    234015.22933 101672.229  56.6%     -    0s
H    0     0                    211849.90110 101672.229  52.0%     -    0s
H    0     0                    180887.81644 101672.229  43.8%     -    0s
H    0     0                    173693.78199 101672.229  41.5%     -    0s
H    0     0                    160847.28506 106013.573  34.1%     -    0s
     0     0 106013.573    0   11 160847.285 106013.573  34.1%     -    0s
H    0     0                    125490.47106 106141.938  15.4%     -    0s
H    0     0                    119492.77150 106141.938  11.2%     -    0s
     0     0 106141.938    0   11 119492.772 106141.938  11.2%     -    0s
H    0     0                    113503.07413 106141.938  6.49%     -    0s
H    0     0                    112338.34917 106141.938  5.52%     -    0s
     0     0 106470.726    0    9 112338.349 106470.726  5.22%     -    0s
H    0     0                    111282.62980 106470.726  4.32%     -    0s
H    0     0                    111022.29901 106470.726  4.10%     -    0s
     0     0 106470.726    0    9 111022.299 106470.726  4.10%     -    0s
     0     0 106499.654    0    8 111022.299 106499.654  4.07%     -    0s
     0     0 106570.498    0    8 111022.299 106570.498  4.01%     -    0s
     0     0 106685.703    0    5 111022.299 106685.703  3.91%     -    0s
     0     0 106687.928    0    5 111022.299 106687.928  3.90%     -    0s
     0     0 106749.135    0    2 111022.299 106749.135  3.85%     -    0s
     0     0 106750.765    0    5 111022.299 106750.765  3.85%     -    0s
     0     0 106750.774    0    5 111022.299 106750.774  3.85%     -    0s
     0     2 106750.774    0    5 111022.299 106750.774  3.85%     -    0s

Cutting planes:
  Implied bound: 93
  MIR: 6
  Flow cover: 9
  Inf proof: 3
  Relax-and-lift: 7

Explored 1523 nodes (42991 simplex iterations) in 0.17 seconds (0.35 work units)
Thread count was 8 (of 8 available processors)

Solution count 10: 111022 111283 112338 ... 234015

Optimal solution found (tolerance 1.00e-04)
Best objective 1.110222990096e+05, best bound 1.110222990096e+05, gap 0.0000%

User-callback calls 3363, time in user-callback 0.00 sec

Gurobi 12.0.3 (mac64[arm]) logging started Tue Sep 23 15:44:54 2025

Set parameter LogFile to value "Logs/Facility Location Logs/L30/phase1/scenario_generation.log"
Set parameter LogToConsole to value 0

Gurobi 12.0.3 (mac64[arm]) logging started Tue Sep 23 15:44:54 2025

Set parameter LogFile to value "Logs/Facility Location Logs/L30/phase1/scenario_generation.log"
Gurobi Optimizer version 12.0.3 build v12.0.3rc0 (mac64[arm] - Darwin 24.6.0 24G222)

CPU model: Apple M3
Thread count: 8 physical cores, 8 logical processors, using up to 8 threads

Non-default parameters:
LogToConsole  0

Optimize a model with 75 rows, 1325 columns and 2575 nonzeros
Model fingerprint: 0xd38a59a1
Variable types: 1300 continuous, 25 integer (25 binary)
Coefficient statistics:
  Matrix range     [1e+00, 2e+04]
  Objective range  [8e-03, 8e+03]
  Bounds range     [0e+00, 0e+00]
  RHS range        [2e+03, 8e+03]
Found heuristic solution: objective 6381200.0000
Presolve removed 0 rows and 1 columns
Presolve time: 0.00s
Presolved: 75 rows, 1324 columns, 2574 nonzeros
Variable types: 1300 continuous, 24 integer (24 binary)

Root relaxation: objective 9.969202e+04, 111 iterations, 0.00 seconds (0.00 work units)

    Nodes    |    Current Node    |     Objective Bounds      |     Work
 Expl Unexpl |  Obj  Depth IntInf | Incumbent    BestBd   Gap | It/Node Time

     0     0 99692.0191    0   24 6381200.00 99692.0191  98.4%     -    0s
H    0     0                    223380.01909 99692.0191  55.4%     -    0s
H    0     0                    216073.07448 99692.0191  53.9%     -    0s
H    0     0                    208811.03428 99692.0191  52.3%     -    0s
H    0     0                    194245.89813 99692.0191  48.7%     -    0s
H    0     0                    179259.01354 99692.0191  44.4%     -    0s
H    0     0                    143366.42656 99692.0191  30.5%     -    0s
H    0     0                    117892.12875 104814.119  11.1%     -    0s
H    0     0                    117880.82288 104814.119  11.1%     -    0s
     0     0 104814.119    0   10 117880.823 104814.119  11.1%     -    0s
H    0     0                    109249.07463 104932.603  3.95%     -    0s
H    0     0                    109237.19783 104932.603  3.94%     -    0s
     0     0 104932.603    0    9 109237.198 104932.603  3.94%     -    0s
     0     0 105357.270    0    8 109237.198 105357.270  3.55%     -    0s
     0     0 105403.367    0   10 109237.198 105403.367  3.51%     -    0s
     0     0 105403.965    0    7 109237.198 105403.965  3.51%     -    0s
     0     0 105525.651    0    6 109237.198 105525.651  3.40%     -    0s
     0     0 105538.275    0    6 109237.198 105538.275  3.39%     -    0s
     0     0 105607.224    0    8 109237.198 105607.224  3.32%     -    0s
     0     0 105609.498    0    5 109237.198 105609.498  3.32%     -    0s
H    0     0                    109037.40557 105622.623  3.13%     -    0s
     0     0 105622.623    0    5 109037.406 105622.623  3.13%     -    0s
H    0     0                    108656.08525 105622.623  2.79%     -    0s
     0     0 105622.653    0    4 108656.085 105622.653  2.79%     -    0s
     0     0 105625.011    0    6 108656.085 105625.011  2.79%     -    0s
     0     0 105625.011    0    6 108656.085 105625.011  2.79%     -    0s
     0     2 105625.025    0    6 108656.085 105625.025  2.79%     -    0s
* 2708  1004               8    108593.56930 106299.666  2.11%  21.0    0s

Cutting planes:
  Implied bound: 80
  MIR: 30
  Flow cover: 6
  Inf proof: 2
  Relax-and-lift: 7

Explored 15031 nodes (281606 simplex iterations) in 1.47 seconds (2.92 work units)
Thread count was 8 (of 8 available processors)

Solution count 10: 108594 108656 109037 ... 216073

Optimal solution found (tolerance 1.00e-04)
Best objective 1.085935693024e+05, best bound 1.085935693024e+05, gap 0.0000%

User-callback calls 30751, time in user-callback 0.01 sec

Gurobi 12.0.3 (mac64[arm]) logging started Tue Sep 23 15:44:56 2025

Set parameter LogFile to value "Logs/Facility Location Logs/L30/phase1/scenario_generation.log"
Set parameter LogToConsole to value 0

Gurobi 12.0.3 (mac64[arm]) logging started Tue Sep 23 15:44:56 2025

Set parameter LogFile to value "Logs/Facility Location Logs/L30/phase1/scenario_generation.log"
Gurobi Optimizer version 12.0.3 build v12.0.3rc0 (mac64[arm] - Darwin 24.6.0 24G222)

CPU model: Apple M3
Thread count: 8 physical cores, 8 logical processors, using up to 8 threads

Non-default parameters:
LogToConsole  0

Optimize a model with 75 rows, 1325 columns and 2575 nonzeros
Model fingerprint: 0x137fb9bc
Variable types: 1300 continuous, 25 integer (25 binary)
Coefficient statistics:
  Matrix range     [1e+00, 2e+04]
  Objective range  [8e-03, 8e+03]
  Bounds range     [0e+00, 0e+00]
  RHS range        [1e+03, 2e+04]
Found heuristic solution: objective 6111200.0000
Presolve removed 0 rows and 1 columns
Presolve time: 0.00s
Presolved: 75 rows, 1324 columns, 2574 nonzeros
Variable types: 1300 continuous, 24 integer (24 binary)

Root relaxation: objective 1.122081e+05, 94 iterations, 0.00 seconds (0.00 work units)

    Nodes    |    Current Node    |     Objective Bounds      |     Work
 Expl Unexpl |  Obj  Depth IntInf | Incumbent    BestBd   Gap | It/Node Time

     0     0 112208.084    0   23 6111200.00 112208.084  98.2%     -    0s
H    0     0                    238596.08403 112208.084  53.0%     -    0s
H    0     0                    202363.37622 112208.084  44.6%     -    0s
H    0     0                    202315.13013 112208.084  44.5%     -    0s
H    0     0                    181920.87163 112548.544  38.1%     -    0s
H    0     0                    158616.76456 117074.858  26.2%     -    0s
     0     0 117074.858    0   11 158616.765 117074.858  26.2%     -    0s
H    0     0                    124640.77506 117160.879  6.00%     -    0s
     0     0 117160.879    0   10 124640.775 117160.879  6.00%     -    0s
H    0     0                    123890.54019 117160.879  5.43%     -    0s
     0     0 117574.901    0   11 123890.540 117574.901  5.10%     -    0s
     0     0 117610.676    0   10 123890.540 117610.676  5.07%     -    0s
H    0     0                    123889.14923 117610.676  5.07%     -    0s
     0     0 117819.101    0   14 123889.149 117819.101  4.90%     -    0s
     0     0 117824.758    0   12 123889.149 117824.758  4.90%     -    0s
     0     0 117824.758    0   13 123889.149 117824.758  4.90%     -    0s
     0     0 117938.274    0    7 123889.149 117938.274  4.80%     -    0s
H    0     0                    123471.72983 117940.720  4.48%     -    0s
     0     0 117940.720    0    6 123471.730 117940.720  4.48%     -    0s
     0     0 117962.978    0    6 123471.730 117962.978  4.46%     -    0s
     0     0 117963.552    0    6 123471.730 117963.552  4.46%     -    0s
     0     0 117968.219    0    8 123471.730 117968.219  4.46%     -    0s
     0     0 117968.230    0    8 123471.730 117968.230  4.46%     -    0s
H    0     0                    123431.65631 117968.238  4.43%     -    0s
     0     2 117968.238    0    8 123431.656 117968.238  4.43%     -    0s
H  108   138                    123409.89448 118052.946  4.34%  12.5    0s
H  113   138                    123394.08157 118052.946  4.33%  12.2    0s
H  123   138                    123393.51080 118052.946  4.33%  12.6    0s
H  138   138                    123375.73737 118052.946  4.31%  12.7    0s
H  575   374                    123360.77476 118158.767  4.22%  22.8    0s

Cutting planes:
  Implied bound: 192
  MIR: 15
  Flow cover: 4
  Inf proof: 13
  Relax-and-lift: 7

Explored 3636 nodes (99629 simplex iterations) in 0.35 seconds (0.79 work units)
Thread count was 8 (of 8 available processors)

Solution count 8: 123361 123889 124641 ... 6.1112e+06

Optimal solution found (tolerance 1.00e-04)
Best objective 1.233607747567e+05, best bound 1.233607747567e+05, gap 0.0000%

User-callback calls 7641, time in user-callback 0.00 sec

Gurobi 12.0.3 (mac64[arm]) logging started Tue Sep 23 15:44:56 2025

Set parameter LogFile to value "Logs/Facility Location Logs/L30/phase1/scenario_generation.log"
Set parameter LogToConsole to value 0

Gurobi 12.0.3 (mac64[arm]) logging started Tue Sep 23 15:44:56 2025

Set parameter LogFile to value "Logs/Facility Location Logs/L30/phase1/scenario_generation.log"
Gurobi Optimizer version 12.0.3 build v12.0.3rc0 (mac64[arm] - Darwin 24.6.0 24G222)

CPU model: Apple M3
Thread count: 8 physical cores, 8 logical processors, using up to 8 threads

Non-default parameters:
LogToConsole  0

Optimize a model with 75 rows, 1325 columns and 2575 nonzeros
Model fingerprint: 0xf05574d3
Variable types: 1300 continuous, 25 integer (25 binary)
Coefficient statistics:
  Matrix range     [1e+00, 2e+04]
  Objective range  [8e-03, 8e+03]
  Bounds range     [0e+00, 0e+00]
  RHS range        [1e+03, 6e+03]
Found heuristic solution: objective 5234500.0000
Presolve removed 0 rows and 1 columns
Presolve time: 0.00s
Presolved: 75 rows, 1324 columns, 2574 nonzeros
Variable types: 1300 continuous, 24 integer (24 binary)

Root relaxation: objective 7.486365e+04, 80 iterations, 0.00 seconds (0.00 work units)

    Nodes    |    Current Node    |     Objective Bounds      |     Work
 Expl Unexpl |  Obj  Depth IntInf | Incumbent    BestBd   Gap | It/Node Time

     0     0 74863.6542    0   24 5234500.00 74863.6542  98.6%     -    0s
H    0     0                    210018.65418 74863.6542  64.4%     -    0s
H    0     0                    187885.05327 74863.6542  60.2%     -    0s
H    0     0                    180520.55800 74863.6542  58.5%     -    0s
H    0     0                    175365.84966 74863.6542  57.3%     -    0s
H    0     0                    168240.65757 74863.6542  55.5%     -    0s
H    0     0                    167288.06862 74915.2952  55.2%     -    0s
H    0     0                    145392.56740 74915.2952  48.5%     -    0s
H    0     0                    129525.13963 79862.3921  38.3%     -    0s
H    0     0                    95262.544429 79862.3921  16.2%     -    0s
H    0     0                    81286.281244 79862.3921  1.75%     -    0s
     0     0 79862.3921    0   12 81286.2812 79862.3921  1.75%     -    0s
H    0     0                    81272.136623 79967.4686  1.61%     -    0s
     0     0 79967.4686    0   12 81272.1366 79967.4686  1.61%     -    0s
     0     0 80411.8882    0   10 81272.1366 80411.8882  1.06%     -    0s
     0     0 80469.5203    0   10 81272.1366 80469.5203  0.99%     -    0s
     0     0 80651.9441    0   11 81272.1366 80651.9441  0.76%     -    0s
     0     0 80659.2627    0   11 81272.1366 80659.2627  0.75%     -    0s
     0     0 80767.3928    0    8 81272.1366 80767.3928  0.62%     -    0s
     0     0 80781.2406    0    9 81272.1366 80781.2406  0.60%     -    0s
     0     0 80784.2239    0    7 81272.1366 80784.2239  0.60%     -    0s
     0     0 80803.3196    0    5 81272.1366 80803.3196  0.58%     -    0s
     0     0 80803.6417    0    6 81272.1366 80803.6417  0.58%     -    0s
     0     0 80806.2154    0    6 81272.1366 80806.2154  0.57%     -    0s
     0     0 80806.2154    0    6 81272.1366 80806.2154  0.57%     -    0s
     0     2 80806.2154    0    6 81272.1366 80806.2154  0.57%     -    0s
H   31    47                    81216.142418 80839.4443  0.46%  20.1    0s
H   37    47                    81214.488524 80839.4443  0.46%  19.8    0s
H   42    47                    81168.777902 80839.4443  0.41%  19.0    0s
H   42    47                    81147.147701 80839.4443  0.38%  19.0    0s

Cutting planes:
  Implied bound: 84
  MIR: 9
  Relax-and-lift: 4

Explored 152 nodes (2889 simplex iterations) in 0.05 seconds (0.09 work units)
Thread count was 8 (of 8 available processors)

Solution count 10: 81147.1 81214.5 81216.1 ... 175366

Optimal solution found (tolerance 1.00e-04)
Best objective 8.114714770125e+04, best bound 8.114714770125e+04, gap 0.0000%

User-callback calls 588, time in user-callback 0.00 sec

Gurobi 12.0.3 (mac64[arm]) logging started Tue Sep 23 15:44:56 2025

Set parameter LogFile to value "Logs/Facility Location Logs/L30/phase1/scenario_generation.log"
Set parameter LogToConsole to value 0

Gurobi 12.0.3 (mac64[arm]) logging started Tue Sep 23 15:44:56 2025

Set parameter LogFile to value "Logs/Facility Location Logs/L30/phase1/scenario_generation.log"
Gurobi Optimizer version 12.0.3 build v12.0.3rc0 (mac64[arm] - Darwin 24.6.0 24G222)

CPU model: Apple M3
Thread count: 8 physical cores, 8 logical processors, using up to 8 threads

Non-default parameters:
LogToConsole  0

Optimize a model with 75 rows, 1325 columns and 2575 nonzeros
Model fingerprint: 0x28930fcf
Variable types: 1300 continuous, 25 integer (25 binary)
Coefficient statistics:
  Matrix range     [1e+00, 2e+04]
  Objective range  [8e-03, 8e+03]
  Bounds range     [0e+00, 0e+00]
  RHS range        [2e+03, 2e+04]
Found heuristic solution: objective 7055750.0000
Presolve removed 0 rows and 1 columns
Presolve time: 0.00s
Presolved: 75 rows, 1324 columns, 2574 nonzeros
Variable types: 1300 continuous, 24 integer (24 binary)

Root relaxation: objective 1.247636e+05, 103 iterations, 0.00 seconds (0.00 work units)

    Nodes    |    Current Node    |     Objective Bounds      |     Work
 Expl Unexpl |  Obj  Depth IntInf | Incumbent    BestBd   Gap | It/Node Time

     0     0 124763.635    0   23 7055750.00 124763.635  98.2%     -    0s
H    0     0                    241706.13524 124763.635  48.4%     -    0s
H    0     0                    219910.79722 124763.635  43.3%     -    0s
H    0     0                    156649.54628 124763.635  20.4%     -    0s
H    0     0                    150382.66381 124763.635  17.0%     -    0s
     0     0 129812.886    0   10 150382.664 129812.886  13.7%     -    0s
H    0     0                    136380.23926 129917.028  4.74%     -    0s
H    0     0                    134913.82772 129917.028  3.70%     -    0s
     0     0 129917.028    0   10 134913.828 129917.028  3.70%     -    0s
     0     0 130360.173    0    9 134913.828 130360.173  3.38%     -    0s
     0     0 130371.312    0   10 134913.828 130371.312  3.37%     -    0s
     0     0 130514.221    0    9 134913.828 130514.221  3.26%     -    0s
     0     0 130529.852    0   12 134913.828 130529.852  3.25%     -    0s
     0     0 130538.708    0    7 134913.828 130538.708  3.24%     -    0s
     0     0 130541.463    0    7 134913.828 130541.463  3.24%     -    0s
     0     0 130585.478    0    9 134913.828 130585.478  3.21%     -    0s
     0     0 130614.937    0    8 134913.828 130614.937  3.19%     -    0s
     0     0 130614.944    0    8 134913.828 130614.944  3.19%     -    0s
H    0     0                    134366.40265 130614.944  2.79%     -    0s
     0     0 130653.802    0    7 134366.403 130653.802  2.76%     -    0s
     0     0 130653.961    0    7 134366.403 130653.961  2.76%     -    0s
     0     0 130659.311    0    8 134366.403 130659.311  2.76%     -    0s
     0     0 130659.311    0    8 134366.403 130659.311  2.76%     -    0s
     0     2 130659.320    0    8 134366.403 130659.320  2.76%     -    0s
*  478   333              15    134319.71859 130752.895  2.66%  26.8    0s
*  576   356              11    134316.71945 130768.338  2.64%  27.6    0s
H  737   393                    134312.47949 130768.338  2.64%  27.2    0s
*  929   484              10    134309.99703 130885.210  2.55%  26.8    0s
* 1073   532              14    134250.93129 130926.449  2.48%  26.6    0s
H 2027   831                    134228.42558 131045.128  2.37%  27.6    0s

Cutting planes:
  Implied bound: 197
  MIR: 27
  Flow cover: 8
  Inf proof: 18
  Relax-and-lift: 20

Explored 10929 nodes (319734 simplex iterations) in 1.13 seconds (2.68 work units)
Thread count was 8 (of 8 available processors)

Solution count 10: 134228 134251 134310 ... 150383

Optimal solution found (tolerance 1.00e-04)
Best objective 1.342284255752e+05, best bound 1.342284255752e+05, gap 0.0000%

User-callback calls 22405, time in user-callback 0.00 sec

Gurobi 12.0.3 (mac64[arm]) logging started Tue Sep 23 15:44:57 2025

Set parameter LogFile to value "Logs/Facility Location Logs/L30/phase1/scenario_generation.log"
Set parameter LogToConsole to value 0

Gurobi 12.0.3 (mac64[arm]) logging started Tue Sep 23 15:44:57 2025

Set parameter LogFile to value "Logs/Facility Location Logs/L30/phase1/scenario_generation.log"
Gurobi Optimizer version 12.0.3 build v12.0.3rc0 (mac64[arm] - Darwin 24.6.0 24G222)

CPU model: Apple M3
Thread count: 8 physical cores, 8 logical processors, using up to 8 threads

Non-default parameters:
LogToConsole  0

Optimize a model with 75 rows, 1325 columns and 2575 nonzeros
Model fingerprint: 0x01e50b0d
Variable types: 1300 continuous, 25 integer (25 binary)
Coefficient statistics:
  Matrix range     [1e+00, 2e+04]
  Objective range  [8e-03, 8e+03]
  Bounds range     [0e+00, 0e+00]
  RHS range        [1e+03, 1e+04]
Found heuristic solution: objective 5522950.0000
Presolve removed 0 rows and 1 columns
Presolve time: 0.00s
Presolved: 75 rows, 1324 columns, 2574 nonzeros
Variable types: 1300 continuous, 24 integer (24 binary)

Root relaxation: objective 9.965807e+04, 152 iterations, 0.00 seconds (0.00 work units)

    Nodes    |    Current Node    |     Objective Bounds      |     Work
 Expl Unexpl |  Obj  Depth IntInf | Incumbent    BestBd   Gap | It/Node Time

     0     0 99658.0725    0   24 5522950.00 99658.0725  98.2%     -    0s
H    0     0                    231928.57250 99658.0725  57.0%     -    0s
H    0     0                    202557.67035 99658.0725  50.8%     -    0s
H    0     0                    187904.61434 99658.0725  47.0%     -    0s
H    0     0                    186763.93968 99658.0725  46.6%     -    0s
H    0     0                    175593.47871 99920.4826  43.1%     -    0s
H    0     0                    152627.80155 104337.875  31.6%     -    0s
H    0     0                    126306.80788 104337.875  17.4%     -    0s
H    0     0                    119614.56038 104337.875  12.8%     -    0s
     0     0 104337.875    0    9 119614.560 104337.875  12.8%     -    0s
H    0     0                    116629.70714 104426.783  10.5%     -    0s
H    0     0                    110361.50974 104426.783  5.38%     -    0s
     0     0 104872.315    0    8 110361.510 104872.315  4.97%     -    0s
H    0     0                    109842.62217 104893.181  4.51%     -    0s
     0     0 104893.181    0    7 109842.622 104893.181  4.51%     -    0s
     0     0 105073.386    0    7 109842.622 105073.386  4.34%     -    0s
     0     0 105092.515    0    7 109842.622 105092.515  4.32%     -    0s
H    0     0                    109790.56041 105092.515  4.28%     -    0s
     0     0 105162.275    0    6 109790.560 105162.275  4.22%     -    0s
     0     0 105169.894    0    6 109790.560 105169.894  4.21%     -    0s
     0     0 105170.217    0    6 109790.560 105170.217  4.21%     -    0s
     0     0 105190.320    0    2 109790.560 105190.320  4.19%     -    0s
     0     0 105198.883    0    3 109790.560 105198.883  4.18%     -    0s
     0     0 105198.883    0    3 109790.560 105198.883  4.18%     -    0s
H    0     0                    108980.25377 105198.883  3.47%     -    0s
     0     2 105198.903    0    3 108980.254 105198.903  3.47%     -    0s
H  591   336                    108972.35330 105546.059  3.14%  22.8    0s
H  600   336                    108945.30563 105565.163  3.10%  22.9    0s

Cutting planes:
  Implied bound: 134
  MIR: 6
  Flow cover: 4
  Inf proof: 7
  Relax-and-lift: 4

Explored 4481 nodes (105341 simplex iterations) in 0.39 seconds (0.84 work units)
Thread count was 8 (of 8 available processors)

Solution count 10: 108945 108972 109843 ... 186764

Optimal solution found (tolerance 1.00e-04)
Best objective 1.089453056310e+05, best bound 1.089453056310e+05, gap 0.0000%

User-callback calls 9338, time in user-callback 0.00 sec

Gurobi 12.0.3 (mac64[arm]) logging started Tue Sep 23 15:44:58 2025

Set parameter LogFile to value "Logs/Facility Location Logs/L30/phase1/scenario_generation.log"
Set parameter LogToConsole to value 0

Gurobi 12.0.3 (mac64[arm]) logging started Tue Sep 23 15:44:58 2025

Set parameter LogFile to value "Logs/Facility Location Logs/L30/phase1/scenario_generation.log"
Gurobi Optimizer version 12.0.3 build v12.0.3rc0 (mac64[arm] - Darwin 24.6.0 24G222)

CPU model: Apple M3
Thread count: 8 physical cores, 8 logical processors, using up to 8 threads

Non-default parameters:
LogToConsole  0

Optimize a model with 75 rows, 1325 columns and 2575 nonzeros
Model fingerprint: 0x52e15234
Variable types: 1300 continuous, 25 integer (25 binary)
Coefficient statistics:
  Matrix range     [1e+00, 2e+04]
  Objective range  [8e-03, 8e+03]
  Bounds range     [0e+00, 0e+00]
  RHS range        [9e+02, 2e+04]
Found heuristic solution: objective 5377150.0000
Presolve removed 0 rows and 1 columns
Presolve time: 0.00s
Presolved: 75 rows, 1324 columns, 2574 nonzeros
Variable types: 1300 continuous, 24 integer (24 binary)

Root relaxation: objective 1.070369e+05, 137 iterations, 0.00 seconds (0.00 work units)

    Nodes    |    Current Node    |     Objective Bounds      |     Work
 Expl Unexpl |  Obj  Depth IntInf | Incumbent    BestBd   Gap | It/Node Time

     0     0 107036.923    0   23 5377150.00 107036.923  98.0%     -    0s
H    0     0                    240765.42259 107036.923  55.5%     -    0s
H    0     0                    225910.00814 107036.923  52.6%     -    0s
H    0     0                    208261.40649 107036.923  48.6%     -    0s
H    0     0                    194878.60047 107036.923  45.1%     -    0s
H    0     0                    159917.63337 111446.736  30.3%     -    0s
H    0     0                    125810.23478 111446.736  11.4%     -    0s
     0     0 111446.736    0   10 125810.235 111446.736  11.4%     -    0s
H    0     0                    122894.66725 111526.077  9.25%     -    0s
     0     0 111526.077    0    9 122894.667 111526.077  9.25%     -    0s
H    0     0                    122024.76397 111949.776  8.26%     -    0s
     0     0 112153.395    0    8 122024.764 112153.395  8.09%     -    0s
H    0     0                    118592.15364 112153.395  5.43%     -    0s
     0     0 112181.455    0    7 118592.154 112181.455  5.41%     -    0s
     0     0 112201.963    0    8 118592.154 112201.963  5.39%     -    0s
H    0     0                    118411.91821 112201.963  5.24%     -    0s
     0     0 112201.963    0    8 118411.918 112201.963  5.24%     -    0s
     0     0 112201.963    0    8 118411.918 112201.963  5.24%     -    0s
     0     0 112230.755    0    4 118411.918 112230.755  5.22%     -    0s
     0     0 112234.669    0    5 118411.918 112234.669  5.22%     -    0s
     0     0 112234.679    0    5 118411.918 112234.679  5.22%     -    0s
     0     0 112271.313    0    4 118411.918 112271.313  5.19%     -    0s
     0     0 112273.730    0    4 118411.918 112273.730  5.18%     -    0s
     0     0 112294.518    0    4 118411.918 112294.518  5.17%     -    0s
     0     0 112297.615    0    4 118411.918 112297.615  5.16%     -    0s
H    0     2                    118399.49176 112297.700  5.15%     -    0s
     0     2 112297.700    0    4 118399.492 112297.700  5.15%     -    0s
H  119   138                    118374.37371 112408.011  5.04%  13.1    0s
*  653   254               5    118340.52459 112475.686  4.96%  23.3    0s
*  656   254              13    118225.77521 112475.686  4.86%  23.4    0s
*  680   254               8    118201.80494 112475.686  4.84%  23.9    0s
*  696   254               6    118116.72343 112475.686  4.78%  24.4    0s
*  733   254              10    117880.74179 112958.501  4.18%  25.1    0s
*  743   277               6    117399.11069 112958.501  3.78%  25.3    0s
*  761   277               7    117323.95779 112958.501  3.72%  25.1    0s
*  919   297               6    117191.08424 113383.695  3.25%  24.4    0s
* 1252   410               5    117174.46296 113714.903  2.95%  23.2    0s

Cutting planes:
  Implied bound: 88
  MIR: 9
  Flow cover: 8
  Inf proof: 19
  Relax-and-lift: 13

Explored 2333 nodes (54406 simplex iterations) in 0.24 seconds (0.47 work units)
Thread count was 8 (of 8 available processors)

Solution count 10: 117174 117191 117324 ... 118374

Optimal solution found (tolerance 1.00e-04)
Best objective 1.171744629559e+05, best bound 1.171744629559e+05, gap 0.0000%

User-callback calls 5024, time in user-callback 0.00 sec

Gurobi 12.0.3 (mac64[arm]) logging started Tue Sep 23 15:44:58 2025

Set parameter LogFile to value "Logs/Facility Location Logs/L30/phase1/scenario_generation.log"
Set parameter LogToConsole to value 0

Gurobi 12.0.3 (mac64[arm]) logging started Tue Sep 23 15:44:58 2025

Set parameter LogFile to value "Logs/Facility Location Logs/L30/phase1/scenario_generation.log"
Gurobi Optimizer version 12.0.3 build v12.0.3rc0 (mac64[arm] - Darwin 24.6.0 24G222)

CPU model: Apple M3
Thread count: 8 physical cores, 8 logical processors, using up to 8 threads

Non-default parameters:
LogToConsole  0

Optimize a model with 75 rows, 1325 columns and 2575 nonzeros
Model fingerprint: 0xcf35caa4
Variable types: 1300 continuous, 25 integer (25 binary)
Coefficient statistics:
  Matrix range     [1e+00, 2e+04]
  Objective range  [8e-03, 8e+03]
  Bounds range     [0e+00, 0e+00]
  RHS range        [7e+02, 9e+03]
Found heuristic solution: objective 4633100.0000
Presolve removed 0 rows and 1 columns
Presolve time: 0.00s
Presolved: 75 rows, 1324 columns, 2574 nonzeros
Variable types: 1300 continuous, 24 integer (24 binary)

Root relaxation: objective 7.888816e+04, 188 iterations, 0.00 seconds (0.00 work units)

    Nodes    |    Current Node    |     Objective Bounds      |     Work
 Expl Unexpl |  Obj  Depth IntInf | Incumbent    BestBd   Gap | It/Node Time

     0     0 78888.1613    0   23 4633100.00 78888.1613  98.3%     -    0s
H    0     0                    212557.16127 78888.1613  62.9%     -    0s
H    0     0                    190434.57909 78888.1613  58.6%     -    0s
H    0     0                    176985.71184 78888.1613  55.4%     -    0s
H    0     0                    141560.18728 83610.2075  40.9%     -    0s
H    0     0                    106365.25899 83610.2075  21.4%     -    0s
     0     0 83610.2075    0   12 106365.259 83610.2075  21.4%     -    0s
H    0     0                    99073.428107 83714.1451  15.5%     -    0s
     0     0 83714.1451    0   11 99073.4281 83714.1451  15.5%     -    0s
H    0     0                    90302.565389 84083.5102  6.89%     -    0s
     0     0 84083.5102    0    8 90302.5654 84083.5102  6.89%     -    0s
     0     0 84093.0888    0   10 90302.5654 84093.0888  6.88%     -    0s
     0     0 84093.0888    0    9 90302.5654 84093.0888  6.88%     -    0s
     0     0 84335.3141    0    9 90302.5654 84335.3141  6.61%     -    0s
     0     0 84365.5363    0    7 90302.5654 84365.5363  6.57%     -    0s
     0     0 84483.5598    0    8 90302.5654 84483.5598  6.44%     -    0s
     0     0 84514.1719    0    5 90302.5654 84514.1719  6.41%     -    0s
     0     0 84517.3727    0    5 90302.5654 84517.3727  6.41%     -    0s
     0     0 84518.8012    0    5 90302.5654 84518.8012  6.40%     -    0s
     0     0 84571.1861    0    2 90302.5654 84571.1861  6.35%     -    0s
H    0     0                    89832.081857 84571.1861  5.86%     -    0s
     0     0 84576.9260    0    3 89832.0819 84576.9260  5.85%     -    0s
     0     0 84577.2477    0    4 89832.0819 84577.2477  5.85%     -    0s
     0     0 84586.7950    0    5 89832.0819 84586.7950  5.84%     -    0s
     0     0 84587.0152    0    5 89832.0819 84587.0152  5.84%     -    0s
     0     2 84587.0219    0    5 89832.0819 84587.0219  5.84%     -    0s
H  400   298                    89820.061657 84716.8299  5.68%  21.4    0s

Cutting planes:
  Implied bound: 160
  MIR: 9
  Inf proof: 16
  Relax-and-lift: 3

Explored 4212 nodes (116316 simplex iterations) in 0.42 seconds (0.92 work units)
Thread count was 8 (of 8 available processors)

Solution count 10: 89820.1 89832.1 90302.6 ... 4.6331e+06

Optimal solution found (tolerance 1.00e-04)
Best objective 8.982006165731e+04, best bound 8.982006165731e+04, gap 0.0000%

User-callback calls 8808, time in user-callback 0.00 sec

Gurobi 12.0.3 (mac64[arm]) logging started Tue Sep 23 15:44:58 2025

Set parameter LogFile to value "Logs/Facility Location Logs/L30/phase1/scenario_generation.log"
Set parameter LogToConsole to value 0

Gurobi 12.0.3 (mac64[arm]) logging started Tue Sep 23 15:44:58 2025

Set parameter LogFile to value "Logs/Facility Location Logs/L30/phase1/scenario_generation.log"
Gurobi Optimizer version 12.0.3 build v12.0.3rc0 (mac64[arm] - Darwin 24.6.0 24G222)

CPU model: Apple M3
Thread count: 8 physical cores, 8 logical processors, using up to 8 threads

Non-default parameters:
LogToConsole  0

Optimize a model with 75 rows, 1325 columns and 2575 nonzeros
Model fingerprint: 0x695aff31
Variable types: 1300 continuous, 25 integer (25 binary)
Coefficient statistics:
  Matrix range     [1e+00, 2e+04]
  Objective range  [8e-03, 8e+03]
  Bounds range     [0e+00, 0e+00]
  RHS range        [1e+03, 7e+03]
Found heuristic solution: objective 6379350.0000
Presolve removed 0 rows and 1 columns
Presolve time: 0.00s
Presolved: 75 rows, 1324 columns, 2574 nonzeros
Variable types: 1300 continuous, 24 integer (24 binary)

Root relaxation: objective 9.843230e+04, 101 iterations, 0.00 seconds (0.00 work units)

    Nodes    |    Current Node    |     Objective Bounds      |     Work
 Expl Unexpl |  Obj  Depth IntInf | Incumbent    BestBd   Gap | It/Node Time

     0     0 98432.2956    0   24 6379350.00 98432.2956  98.5%     -    0s
H    0     0                    222138.79565 98432.2956  55.7%     -    0s
H    0     0                    195123.94975 98432.2956  49.6%     -    0s
H    0     0                    180483.36390 98432.2956  45.5%     -    0s
H    0     0                    158711.08127 98432.2956  38.0%     -    0s
H    0     0                    142927.18185 98432.2956  31.1%     -    0s
H    0     0                    113926.72506 104005.325  8.71%     -    0s
H    0     0                    113911.43877 104005.325  8.70%     -    0s
     0     0 104005.325    0   11 113911.439 104005.325  8.70%     -    0s
H    0     0                    109628.94287 104131.360  5.01%     -    0s
H    0     0                    109081.25396 104131.360  4.54%     -    0s
     0     0 104131.360    0   11 109081.254 104131.360  4.54%     -    0s
     0     0 104493.808    0   10 109081.254 104493.808  4.21%     -    0s
H    0     0                    108621.42450 104551.604  3.75%     -    0s
H    0     0                    108594.96843 104551.604  3.72%     -    0s
     0     0 104551.604    0   10 108594.968 104551.604  3.72%     -    0s
     0     0 104552.358    0   10 108594.968 104552.358  3.72%     -    0s
     0     0 104648.015    0    9 108594.968 104648.015  3.63%     -    0s
H    0     0                    107926.61504 104669.327  3.02%     -    0s
     0     0 104669.327    0    8 107926.615 104669.327  3.02%     -    0s
     0     0 104675.244    0    8 107926.615 104675.244  3.01%     -    0s
     0     0 104675.912    0    9 107926.615 104675.912  3.01%     -    0s
     0     0 104739.779    0    5 107926.615 104739.779  2.95%     -    0s
H    0     0                    107839.49655 104739.779  2.87%     -    0s
     0     0 104740.761    0    2 107839.497 104740.761  2.87%     -    0s
     0     0 104755.085    0    5 107839.497 104755.085  2.86%     -    0s
     0     0 104755.114    0    5 107839.497 104755.114  2.86%     -    0s
     0     2 104755.114    0    5 107839.497 104755.114  2.86%     -    0s
H  185   186                    107790.74534 104841.951  2.74%  22.0    0s

Cutting planes:
  Gomory: 1
  Implied bound: 85
  MIR: 22
  Flow cover: 6
  Inf proof: 5
  Relax-and-lift: 9

Explored 17218 nodes (314495 simplex iterations) in 1.65 seconds (3.28 work units)
Thread count was 8 (of 8 available processors)

Solution count 10: 107791 107839 107927 ... 195124

Optimal solution found (tolerance 1.00e-04)
Best objective 1.077907453363e+05, best bound 1.077907453363e+05, gap 0.0000%

User-callback calls 35219, time in user-callback 0.00 sec

Gurobi 12.0.3 (mac64[arm]) logging started Tue Sep 23 15:45:00 2025

Set parameter LogFile to value "Logs/Facility Location Logs/L30/phase1/scenario_generation.log"
Set parameter LogToConsole to value 0

Gurobi 12.0.3 (mac64[arm]) logging started Tue Sep 23 15:45:00 2025

Set parameter LogFile to value "Logs/Facility Location Logs/L30/phase1/scenario_generation.log"
Gurobi Optimizer version 12.0.3 build v12.0.3rc0 (mac64[arm] - Darwin 24.6.0 24G222)

CPU model: Apple M3
Thread count: 8 physical cores, 8 logical processors, using up to 8 threads

Non-default parameters:
LogToConsole  0

Optimize a model with 75 rows, 1325 columns and 2575 nonzeros
Model fingerprint: 0x7aa90304
Variable types: 1300 continuous, 25 integer (25 binary)
Coefficient statistics:
  Matrix range     [1e+00, 2e+04]
  Objective range  [8e-03, 8e+03]
  Bounds range     [0e+00, 0e+00]
  RHS range        [2e+03, 1e+04]
Found heuristic solution: objective 6934550.0000
Presolve removed 0 rows and 1 columns
Presolve time: 0.00s
Presolved: 75 rows, 1324 columns, 2574 nonzeros
Variable types: 1300 continuous, 24 integer (24 binary)

Root relaxation: objective 1.207594e+05, 124 iterations, 0.00 seconds (0.00 work units)

    Nodes    |    Current Node    |     Objective Bounds      |     Work
 Expl Unexpl |  Obj  Depth IntInf | Incumbent    BestBd   Gap | It/Node Time

     0     0 120759.358    0   24 6934550.00 120759.358  98.3%     -    0s
H    0     0                    238913.85783 120759.358  49.5%     -    0s
H    0     0                    224129.90664 120759.358  46.1%     -    0s
H    0     0                    204048.81625 120759.358  40.8%     -    0s
H    0     0                    194776.98262 120759.358  38.0%     -    0s
H    0     0                    160085.71207 120759.358  24.6%     -    0s
     0     0 125820.259    0   10 160085.712 125820.259  21.4%     -    0s
H    0     0                    159664.09019 125861.240  21.2%     -    0s
H    0     0                    159123.11859 125861.240  20.9%     -    0s
     0     0 125861.240    0   10 159123.119 125861.240  20.9%     -    0s
H    0     0                    153159.33452 126286.588  17.5%     -    0s
H    0     0                    146517.58577 126286.588  13.8%     -    0s
     0     0 126294.010    0    8 146517.586 126294.010  13.8%     -    0s
H    0     0                    139272.65354 126330.669  9.29%     -    0s
H    0     0                    132839.57012 126330.669  4.90%     -    0s
H    0     0                    132764.93699 126330.669  4.85%     -    0s
     0     0 126330.669    0    9 132764.937 126330.669  4.85%     -    0s
H    0     0                    132264.76246 126332.040  4.49%     -    0s
     0     0 126332.040    0    9 132264.762 126332.040  4.49%     -    0s
     0     0 126466.079    0    9 132264.762 126466.079  4.38%     -    0s
     0     0 126471.611    0    7 132264.762 126471.611  4.38%     -    0s
     0     0 126539.626    0    8 132264.762 126539.626  4.33%     -    0s
H    0     0                    132239.29693 126539.626  4.31%     -    0s
     0     0 126555.274    0    7 132239.297 126555.274  4.30%     -    0s
     0     0 126555.292    0    7 132239.297 126555.292  4.30%     -    0s
     0     0 126563.989    0    6 132239.297 126563.989  4.29%     -    0s
H    0     0                    131376.86759 126563.989  3.66%     -    0s
     0     0 126565.090    0    8 131376.868 126565.090  3.66%     -    0s
     0     0 126565.090    0    8 131376.868 126565.090  3.66%     -    0s
     0     2 126565.100    0    8 131376.868 126565.100  3.66%     -    0s

Cutting planes:
  Implied bound: 223
  MIR: 16
  Flow cover: 4
  Inf proof: 24
  Relax-and-lift: 6

Explored 10545 nodes (276892 simplex iterations) in 0.97 seconds (2.27 work units)
Thread count was 8 (of 8 available processors)

Solution count 10: 131377 132239 132765 ... 194777

Optimal solution found (tolerance 1.00e-04)
Best objective 1.313768675893e+05, best bound 1.313768675893e+05, gap 0.0000%

User-callback calls 21551, time in user-callback 0.00 sec

Gurobi 12.0.3 (mac64[arm]) logging started Tue Sep 23 15:45:01 2025

Set parameter LogFile to value "Logs/Facility Location Logs/L30/phase1/scenario_generation.log"
Set parameter LogToConsole to value 0

Gurobi 12.0.3 (mac64[arm]) logging started Tue Sep 23 15:45:01 2025

Set parameter LogFile to value "Logs/Facility Location Logs/L30/phase1/scenario_generation.log"
Gurobi Optimizer version 12.0.3 build v12.0.3rc0 (mac64[arm] - Darwin 24.6.0 24G222)

CPU model: Apple M3
Thread count: 8 physical cores, 8 logical processors, using up to 8 threads

Non-default parameters:
LogToConsole  0

Optimize a model with 75 rows, 1325 columns and 2575 nonzeros
Model fingerprint: 0x38e99d38
Variable types: 1300 continuous, 25 integer (25 binary)
Coefficient statistics:
  Matrix range     [1e+00, 2e+04]
  Objective range  [8e-03, 8e+03]
  Bounds range     [0e+00, 0e+00]
  RHS range        [1e+03, 1e+04]
Found heuristic solution: objective 5102550.0000
Presolve removed 0 rows and 1 columns
Presolve time: 0.00s
Presolved: 75 rows, 1324 columns, 2574 nonzeros
Variable types: 1300 continuous, 24 integer (24 binary)

Root relaxation: objective 9.101494e+04, 126 iterations, 0.00 seconds (0.00 work units)

    Nodes    |    Current Node    |     Objective Bounds      |     Work
 Expl Unexpl |  Obj  Depth IntInf | Incumbent    BestBd   Gap | It/Node Time

     0     0 91014.9402    0   24 5102550.00 91014.9402  98.2%     -    0s
H    0     0                    227489.44020 91014.9402  60.0%     -    0s
H    0     0                    198397.75447 91014.9402  54.1%     -    0s
H    0     0                    184073.94704 91014.9402  50.6%     -    0s
H    0     0                    176892.16101 91014.9402  48.5%     -    0s
H    0     0                    146712.68768 95640.8051  34.8%     -    0s
H    0     0                    112122.65684 95640.8051  14.7%     -    0s
     0     0 95640.8051    0   12 112122.657 95640.8051  14.7%     -    0s
H    0     0                    106455.86316 95655.1542  10.1%     -    0s
H    0     0                    106426.96040 95655.1542  10.1%     -    0s
     0     0 95655.1542    0   12 106426.960 95655.1542  10.1%     -    0s
H    0     0                    106285.73821 95655.1542  10.0%     -    0s
H    0     0                    106254.70756 95655.1542  10.0%     -    0s
     0     0 96165.7584    0   11 106254.708 96165.7584  9.50%     -    0s
H    0     0                    104824.64873 96209.0123  8.22%     -    0s
H    0     0                    98228.365200 96209.0123  2.06%     -    0s
H    0     0                    98203.549588 96209.0123  2.03%     -    0s
     0     0 96209.0123    0   10 98203.5496 96209.0123  2.03%     -    0s
     0     0 96209.5805    0   10 98203.5496 96209.5805  2.03%     -    0s
H    0     0                    97929.032985 96209.5805  1.76%     -    0s
     0     0 96456.6598    0   10 97929.0330 96456.6598  1.50%     -    0s
     0     0 96495.7178    0   11 97929.0330 96495.7178  1.46%     -    0s
     0     0 96637.8197    0    8 97929.0330 96637.8197  1.32%     -    0s
     0     0 96644.1382    0    5 97929.0330 96644.1382  1.31%     -    0s
     0     0 96645.4518    0    5 97929.0330 96645.4518  1.31%     -    0s
     0     0 96677.4957    0    2 97929.0330 96677.4957  1.28%     -    0s
     0     0 96691.5535    0    9 97929.0330 96691.5535  1.26%     -    0s
     0     0 96691.5535    0    9 97929.0330 96691.5535  1.26%     -    0s
     0     2 96691.5535    0    9 97929.0330 96691.5535  1.26%     -    0s

Cutting planes:
  Implied bound: 112
  MIR: 6
  Relax-and-lift: 3

Explored 791 nodes (19608 simplex iterations) in 0.14 seconds (0.27 work units)
Thread count was 8 (of 8 available processors)

Solution count 10: 97929 98203.5 104825 ... 198398

Optimal solution found (tolerance 1.00e-04)
Best objective 9.792903298538e+04, best bound 9.792903298538e+04, gap 0.0000%

User-callback calls 1895, time in user-callback 0.00 sec

Gurobi 12.0.3 (mac64[arm]) logging started Tue Sep 23 15:45:01 2025

Set parameter LogFile to value "Logs/Facility Location Logs/L30/phase1/scenario_generation.log"
Set parameter LogToConsole to value 0

Gurobi 12.0.3 (mac64[arm]) logging started Tue Sep 23 15:45:01 2025

Set parameter LogFile to value "Logs/Facility Location Logs/L30/phase1/scenario_generation.log"
Gurobi Optimizer version 12.0.3 build v12.0.3rc0 (mac64[arm] - Darwin 24.6.0 24G222)

CPU model: Apple M3
Thread count: 8 physical cores, 8 logical processors, using up to 8 threads

Non-default parameters:
LogToConsole  0

Optimize a model with 75 rows, 1325 columns and 2575 nonzeros
Model fingerprint: 0x050e6863
Variable types: 1300 continuous, 25 integer (25 binary)
Coefficient statistics:
  Matrix range     [1e+00, 2e+04]
  Objective range  [8e-03, 8e+03]
  Bounds range     [0e+00, 0e+00]
  RHS range        [8e+02, 2e+04]
Found heuristic solution: objective 5120450.0000
Presolve removed 0 rows and 1 columns
Presolve time: 0.00s
Presolved: 75 rows, 1324 columns, 2574 nonzeros
Variable types: 1300 continuous, 24 integer (24 binary)

Root relaxation: objective 1.018219e+05, 120 iterations, 0.00 seconds (0.00 work units)

    Nodes    |    Current Node    |     Objective Bounds      |     Work
 Expl Unexpl |  Obj  Depth IntInf | Incumbent    BestBd   Gap | It/Node Time

     0     0 101821.881    0   23 5120450.00 101821.881  98.0%     -    0s
H    0     0                    238117.38096 101821.881  57.2%     -    0s
H    0     0                    201352.56992 101821.881  49.4%     -    0s
H    0     0                    172229.63087 101821.881  40.9%     -    0s
H    0     0                    165598.94489 101821.881  38.5%     -    0s
H    0     0                    160493.20159 102331.484  36.2%     -    0s
H    0     0                    159402.66214 102331.484  35.8%     -    0s
H    0     0                    123931.11708 106011.946  14.5%     -    0s
     0     0 106011.946    0   13 123931.117 106011.946  14.5%     -    0s
H    0     0                    122328.15985 106147.083  13.2%     -    0s
H    0     0                    108970.09603 106147.083  2.59%     -    0s
H    0     0                    108218.54518 106147.083  1.91%     -    0s
     0     0 106147.083    0   13 108218.545 106147.083  1.91%     -    0s
     0     0 106455.212    0    9 108218.545 106455.212  1.63%     -    0s
     0     0 106465.369    0   10 108218.545 106465.369  1.62%     -    0s
     0     0 106655.689    0    8 108218.545 106655.689  1.44%     -    0s
     0     0 106679.706    0    8 108218.545 106679.706  1.42%     -    0s
     0     0 106784.333    0    4 108218.545 106784.333  1.33%     -    0s
     0     0 106788.336    0    5 108218.545 106788.336  1.32%     -    0s
     0     0 106788.488    0    5 108218.545 106788.488  1.32%     -    0s
     0     0 106827.558    0    1 108218.545 106827.558  1.29%     -    0s
H    0     0                    108123.05780 106827.558  1.20%     -    0s
     0     0 106829.890    0    5 108123.058 106829.890  1.20%     -    0s
     0     0 106829.890    0    5 108123.058 106829.890  1.20%     -    0s
H    0     0                    107930.09874 106829.890  1.02%     -    0s
     0     2 106829.890    0    5 107930.099 106829.890  1.02%     -    0s

Cutting planes:
  Implied bound: 96
  MIR: 8
  Flow cover: 2
  Relax-and-lift: 4

Explored 207 nodes (5510 simplex iterations) in 0.06 seconds (0.10 work units)
Thread count was 8 (of 8 available processors)

Solution count 10: 107930 108219 122328 ... 5.12045e+06

Optimal solution found (tolerance 1.00e-04)
Best objective 1.079300987387e+05, best bound 1.079300987387e+05, gap 0.0000%

User-callback calls 691, time in user-callback 0.00 sec

Gurobi 12.0.3 (mac64[arm]) logging started Tue Sep 23 15:45:01 2025

Set parameter LogFile to value "Logs/Facility Location Logs/L30/phase1/scenario_generation.log"
Set parameter LogToConsole to value 0

Gurobi 12.0.3 (mac64[arm]) logging started Tue Sep 23 15:45:01 2025

Set parameter LogFile to value "Logs/Facility Location Logs/L30/phase1/scenario_generation.log"
Gurobi Optimizer version 12.0.3 build v12.0.3rc0 (mac64[arm] - Darwin 24.6.0 24G222)

CPU model: Apple M3
Thread count: 8 physical cores, 8 logical processors, using up to 8 threads

Non-default parameters:
LogToConsole  0

Optimize a model with 75 rows, 1325 columns and 2575 nonzeros
Model fingerprint: 0x08008e2e
Variable types: 1300 continuous, 25 integer (25 binary)
Coefficient statistics:
  Matrix range     [1e+00, 2e+04]
  Objective range  [8e-03, 8e+03]
  Bounds range     [0e+00, 0e+00]
  RHS range        [7e+02, 6e+03]
Found heuristic solution: objective 3898600.0000
Presolve removed 0 rows and 1 columns
Presolve time: 0.00s
Presolved: 75 rows, 1324 columns, 2574 nonzeros
Variable types: 1300 continuous, 24 integer (24 binary)

Root relaxation: objective 5.774432e+04, 132 iterations, 0.00 seconds (0.00 work units)

    Nodes    |    Current Node    |     Objective Bounds      |     Work
 Expl Unexpl |  Obj  Depth IntInf | Incumbent    BestBd   Gap | It/Node Time

     0     0 57744.3166    0   23 3898600.00 57744.3166  98.5%     -    0s
H    0     0                    198758.31664 57744.3166  70.9%     -    0s
H    0     0                    169357.00444 57744.3166  65.9%     -    0s
H    0     0                    140894.54107 57744.3166  59.0%     -    0s
H    0     0                    118150.79688 62776.2532  46.9%     -    0s
H    0     0                    89169.378461 62776.2532  29.6%     -    0s
     0     0 62776.2532    0    8 89169.3785 62776.2532  29.6%     -    0s
     0     0 62873.4976    0    8 89169.3785 62873.4976  29.5%     -    0s
H    0     0                    83011.459167 62873.4976  24.3%     -    0s
     0     0 63269.1971    0    8 83011.4592 63269.1971  23.8%     -    0s
H    0     0                    79019.632116 63269.1971  19.9%     -    0s
H    0     0                    71941.610981 63269.1971  12.1%     -    0s
H    0     0                    71447.050972 63269.1971  11.4%     -    0s
     0     0 63324.3531    0    7 71447.0510 63324.3531  11.4%     -    0s
H    0     0                    70481.533514 63366.6959  10.1%     -    0s
     0     0 63366.6959    0    9 70481.5335 63366.6959  10.1%     -    0s
H    0     0                    69837.909271 63387.9303  9.24%     -    0s
     0     0 63387.9303    0    9 69837.9093 63387.9303  9.24%     -    0s
H    0     0                    69373.548300 63505.6683  8.46%     -    0s
     0     0 63505.6683    0    6 69373.5483 63505.6683  8.46%     -    0s
H    0     0                    69339.318004 63508.8007  8.41%     -    0s
     0     0 63516.1614    0    6 69339.3180 63516.1614  8.40%     -    0s
     0     0 63567.9702    0    1 69339.3180 63567.9702  8.32%     -    0s
     0     0 63570.0287    0    4 69339.3180 63570.0287  8.32%     -    0s
     0     0 63570.0287    0    4 69339.3180 63570.0287  8.32%     -    0s
H    0     0                    69226.019580 63570.0524  8.17%     -    0s
H    0     2                    69219.101736 63570.0524  8.16%     -    0s
     0     2 63570.0524    0    4 69219.1017 63570.0524  8.16%     -    0s
H  188   149                    69011.232788 63637.0893  7.79%  17.1    0s
*  192   149              10    69001.852227 63637.0893  7.77%  17.6    0s
*  253   179              18    68847.322037 63685.3366  7.50%  21.1    0s
*  536   303               9    68799.158686 63841.4503  7.21%  21.9    0s

Cutting planes:
  Implied bound: 126
  MIR: 8
  Flow cover: 6
  Inf proof: 12
  Relax-and-lift: 8

Explored 2838 nodes (69671 simplex iterations) in 0.26 seconds (0.55 work units)
Thread count was 8 (of 8 available processors)

Solution count 10: 68799.2 68847.3 69001.9 ... 83011.5

Optimal solution found (tolerance 1.00e-04)
Best objective 6.879915868575e+04, best bound 6.879915868575e+04, gap 0.0000%

User-callback calls 6026, time in user-callback 0.00 sec

Gurobi 12.0.3 (mac64[arm]) logging started Tue Sep 23 15:45:02 2025

Set parameter LogFile to value "Logs/Facility Location Logs/L30/phase1/scenario_generation.log"
Set parameter LogToConsole to value 0

Gurobi 12.0.3 (mac64[arm]) logging started Tue Sep 23 15:45:02 2025

Set parameter LogFile to value "Logs/Facility Location Logs/L30/phase1/scenario_generation.log"
Gurobi Optimizer version 12.0.3 build v12.0.3rc0 (mac64[arm] - Darwin 24.6.0 24G222)

CPU model: Apple M3
Thread count: 8 physical cores, 8 logical processors, using up to 8 threads

Non-default parameters:
LogToConsole  0

Optimize a model with 75 rows, 1325 columns and 2575 nonzeros
Model fingerprint: 0xdd316f2c
Variable types: 1300 continuous, 25 integer (25 binary)
Coefficient statistics:
  Matrix range     [1e+00, 2e+04]
  Objective range  [8e-03, 8e+03]
  Bounds range     [0e+00, 0e+00]
  RHS range        [1e+03, 3e+04]
Found heuristic solution: objective 6433550.0000
Presolve removed 0 rows and 1 columns
Presolve time: 0.00s
Presolved: 75 rows, 1324 columns, 2574 nonzeros
Variable types: 1300 continuous, 24 integer (24 binary)

Root relaxation: objective 1.499036e+05, 107 iterations, 0.00 seconds (0.00 work units)

    Nodes    |    Current Node    |     Objective Bounds      |     Work
 Expl Unexpl |  Obj  Depth IntInf | Incumbent    BestBd   Gap | It/Node Time

     0     0 149903.587    0   22 6433550.00 149903.587  97.7%     -    0s
H    0     0                    273068.08731 149903.587  45.1%     -    0s
H    0     0                    228888.70627 149903.587  34.5%     -    0s
H    0     0                    228870.54927 150453.575  34.3%     -    0s
H    0     0                    224371.82547 150453.575  32.9%     -    0s
H    0     0                    192321.68920 154511.321  19.7%     -    0s
H    0     0                    158809.98207 154511.321  2.71%     -    0s
H    0     0                    158782.27166 154511.321  2.69%     -    0s
     0     0 154511.321    0   12 158782.272 154511.321  2.69%     -    0s
H    0     0                    158403.03998 154696.794  2.34%     -    0s
     0     0 154696.794    0   12 158403.040 154696.794  2.34%     -    0s
     0     0 155040.252    0    9 158403.040 155040.252  2.12%     -    0s
     0     0 155125.091    0    9 158403.040 155125.091  2.07%     -    0s
     0     0 155304.008    0    8 158403.040 155304.008  1.96%     -    0s
     0     0 155313.533    0    8 158403.040 155313.533  1.95%     -    0s
     0     0 155421.147    0    6 158403.040 155421.147  1.88%     -    0s
     0     0 155423.073    0    7 158403.040 155423.073  1.88%     -    0s
     0     0 155448.938    0    3 158403.040 155448.938  1.86%     -    0s
H    0     0                    157983.55063 155448.938  1.60%     -    0s
     0     0 155450.178    0    3 157983.551 155450.178  1.60%     -    0s
     0     0 155456.197    0    6 157983.551 155456.197  1.60%     -    0s
     0     0 155457.287    0    6 157983.551 155457.287  1.60%     -    0s
     0     2 155457.295    0    6 157983.551 155457.295  1.60%     -    0s

Cutting planes:
  Implied bound: 115
  MIR: 4
  Inf proof: 2
  Relax-and-lift: 3

Explored 2312 nodes (53167 simplex iterations) in 0.22 seconds (0.47 work units)
Thread count was 8 (of 8 available processors)

Solution count 8: 157984 158403 158782 ... 6.43355e+06

Optimal solution found (tolerance 1.00e-04)
Best objective 1.579835506297e+05, best bound 1.579835506297e+05, gap 0.0000%

User-callback calls 4951, time in user-callback 0.00 sec

============================================================
SUMMARY STATISTICS - PHASE 1: SCENARIO GENERATION (L30)
============================================================
Parameters:
  bernoulli_case: false
  nloc: 25
  ncust: 50
  nscen: 30

Results:
  total_scenarios: 30
  unique_solutions: 29
============================================================
